Glottocode,Family_ID,GPGLMM_Latent_Mean,GPGLMM_Latent_Variance
abad1241,aust1307,2.417994323151859,0.5318820226216765
abau1245,sepi1257,0.9660607399861124,0.6670175228900632
abkh1244,abkh1242,-0.2213451920897583,1.654032167961394
abua1245,nucl1708,2.8872337390534875,1.6867909357749316
abui1241,timo1261,2.953332925996694,2.428093241398136
abun1252,abun1252,2.4524077983588355,3.062191843274517
achi1257,aust1307,2.068635589793284,1.1838521229265702
acha1250,araw1281,-0.343199752091017,0.9978129689430366
ache1246,tupi1275,2.3091297431514053,1.998940649394068
ache1245,narr1279,2.044547265201615,1.813982045964674
achi1256,maya1287,3.1108717458350896,1.595952307505903
achu1248,jiva1245,-2.101313131592621,1.7755030148004058
acol1236,nilo1247,0.4626263681495534,0.8723772845994198
adan1251,timo1261,2.9394700434144854,2.404715807103999
adon1237,aust1307,3.573335651907739,1.065299111955361
adze1240,aust1307,2.370864649923542,0.4616774855331087
aeky1238,kamu1264,-0.8156595265338925,1.9985206487895315
afar1241,afro1255,-1.100150108850944,1.0190702321264302
aghe1239,atla1278,3.228102324481799,0.6516570076481951
aghu1255,nucl1709,0.4868946426623953,0.5464377061873291
agob1244,paho1240,-1.459726613992017,1.8228412922736723
agua1253,jiva1245,-1.994078972606232,1.8687818938913183
agus1235,aust1307,1.0258900870900711,0.588100447828948
agut1237,aust1307,1.2600231582613393,0.720110347175388
ahin1234,aust1307,0.7432851149478742,0.367506009304444
aika1237,aika1237,-0.9601072710176356,2.224063722439256
aime1238,bosa1245,-0.0934463960316772,1.3430715664692094
musa1266,nucl1709,-0.1149594837549135,0.3064774610953211
aito1238,taik1256,1.3005088526929762,1.6352749814892746
ayiw1239,aust1307,2.983053729877535,1.0455525886731891
ajab1235,atla1278,3.218882106773656,1.054053267058209
ajas1235,kres1240,1.8496550831820653,2.1228132167445724
ajie1238,aust1307,2.257303405124645,0.7676411827788368
west2635,maya1287,3.3833795077144124,1.5621980887643865
akha1245,sino1245,1.9821487281526644,0.6418883571772227
akoo1248,atla1278,3.341720964371022,0.7514897307084176
akun1241,tupi1275,2.8091950255398674,1.3198401134695308
alab1254,afro1255,-1.4594093124720566,0.6228724958760514
alab1237,musk1252,-2.020969851137188,2.188476019116168
alac1244,otom1299,2.6391076750947104,0.8339290621721176
alag1248,afro1255,0.9442312978979512,0.8210803869231693
alam1246,sepi1257,-0.3703851316742826,0.6876305686350177
aleu1260,eski1264,-2.6118963515138662,3.674048705335556
alor1247,aust1307,3.599486795174041,1.047680431362152
aluk1238,drav1251,-3.070698152422356,1.9568932149543992
amah1246,pano1259,-2.5298123438451503,1.1048929447860232
amam1246,kuni1270,0.1302860432212481,1.1493394458656514
amap1240,left1242,1.199760561992842,2.124665114763917
amar1272,aust1307,2.9556644206817047,0.5707060169536096
amas1236,nyim1244,-0.4318198656195943,2.034442724544569
ambu1247,nduu1242,-0.1392139194794807,0.9715729939435782
amdo1237,sino1245,-0.2896079183768053,0.8434521816616849
amha1245,afro1255,-2.257434597115759,0.888878907718393
amii1238,west2434,0.2903233500535843,1.1600191622505012
amis1246,aust1307,0.4061051192887023,0.4586231723872371
hoaa1235,kxaa1236,2.1067596464250564,3.2706060739896965
gily1242,nivk1234,-1.5223539150021803,3.0224987317290752
anei1239,aust1307,1.872237749759003,0.7898351594205462
anem1249,anem1249,2.0752002543894563,2.6577752299587045
anfi1235,gong1255,-0.4272509744110091,0.8443423940103134
anga1290,anga1289,-0.7108205737575256,1.405752906699293
anga1288,sino1245,-2.43670754442794,0.402870451868381
ango1257,chib1249,-1.2476627533476736,1.0992643410748242
wara1294,more1255,-0.87293295029283,1.0361780987310372
anuf1239,atla1278,3.270602793250329,1.076259288580549
anuu1241,sino1245,-0.2587208063539042,0.5420581687317743
anut1237,aust1307,2.869401710866214,1.145657718655162
aona1235,sino1245,-1.0332298024842572,0.4196103498945458
aoua1234,taik1256,4.006950548537838,2.098873551305296
apat1240,sino1245,-1.9547345872810815,0.4821675695575287
apin1244,nucl1710,0.2863899565288554,1.1702746937343749
apma1240,aust1307,2.405024775685193,0.4678685995170593
apma1241,kera1258,1.1618190344214754,1.8069480652895828
apur1254,araw1281,2.22274376330207,1.1966151274092829
arak1252,aust1307,2.327155422430349,0.478890331417837
aram1253,more1255,-0.6126888828472637,1.044050906026417
arao1248,pano1259,-1.8825085932363776,1.038871549770919
arap1274,algi1248,2.054142567145512,1.7988174091674285
araw1273,tupi1275,1.894415088352599,1.6683749085091115
arbo1245,afro1255,-0.7789253927117067,0.6168928917352705
arch1244,nakh1245,-2.469950209268892,1.404217118508571
aree1239,aust1307,2.2374108759993425,0.6183175908428753
area1240,aust1307,2.597066431812494,0.8070012827663238
argo1244,afro1255,-1.3198080524896745,0.862057578014964
arhu1242,chib1249,-1.7964859860385345,0.963837284623006
arig1246,atla1278,3.418114502729206,0.9046134388370248
arom1237,indo1319,-1.4100552371526485,0.9773858679900956
arop1243,aust1307,2.367079368475406,0.5160670673434709
arop1242,aust1307,3.0147230197534443,0.6183855709747288
aros1241,aust1307,2.8804665522718955,0.8970092609674518
arta1239,aust1307,0.4767013564788109,0.3783744351697402
asha1243,araw1281,1.951837239835756,0.9981287839932156
ashe1272,araw1281,1.8523382458780224,0.9943172137052834
asoa1238,cent2225,2.4146323446294518,1.0793960718049531
assi1247,siou1252,1.177936187523096,1.7087581143007675
asut1235,atla1278,2.970803510132758,0.8761639597720974
atam1240,aust1307,0.8798310145696057,0.509570857471318
atay1247,aust1307,1.0132255447400178,0.5619447694732296
athp1241,sino1245,-2.658261463955114,0.5614473472950632
aton1241,sino1245,-1.1595112365821287,0.5707083602816043
auuu1241,nucl1708,2.7994858541887258,1.6760841647293985
aulu1238,aust1307,2.3380175144758564,0.4123105858264804
auye1238,nucl1709,0.4551650339608682,0.6433785289617067
avac1239,tupi1275,0.8723116756784415,1.512938297384581
avat1244,atla1278,3.1560274906601085,1.0432049901881737
katb1237,aust1307,2.465370118261123,0.4127170979757375
awac1239,barb1265,-1.0166055218275127,1.3309496185796317
awad1244,aust1307,2.4934525584212435,0.4719628714176185
awad1243,indo1319,-2.8543347594192388,1.2101920611441912
awar1249,ramu1234,1.1794880080565235,2.1257482855075915
awar1248,nucl1709,-0.1257884464849781,0.3475809563364667
awet1244,tupi1275,1.2468293588089268,1.1676470839270845
awji1241,afro1255,1.146104468364353,1.3677678447781751
awtu1239,sepi1257,0.0863635137514661,0.6220230143800123
axam1237,aust1307,2.434203122412562,0.4208107311132272
axiy1235,sino1245,1.87173099299777,0.686939219022908
ayac1239,quec1387,-1.9114955252814028,1.769987149976993
azha1235,sino1245,1.918367597606411,0.7592653253556785
baba1264,atla1278,3.0189422866140685,0.6533204640847723
baba1266,atla1278,3.291275492457705,0.6600632233361612
baba1268,aust1307,3.447460358788525,0.8045057235239588
bada1257,drav1251,-4.20818967956286,1.9846400469297516
bafa1247,atla1278,3.327321407345248,0.8010343445647408
bafi1243,atla1278,3.3879074446518347,0.7621331338801918
bafu1246,atla1278,3.053530662973673,0.6494411514767213
baga1273,atla1278,4.094480170022808,1.7555258538846878
baga1272,atla1278,4.051788690439744,1.7878320970005248
bagi1246,cent2225,3.036897713127697,1.2034803732579604
bagv1239,nakh1245,-3.5185020575659136,1.3941415740409857
baha1259,afro1255,0.7695566680812023,1.2260055053896377
bahi1252,sino1245,-3.068112350199278,0.5983120080531092
bahn1262,aust1305,2.669428856622108,0.923320888487833
baim1244,sino1245,0.52602568826967,0.7386949004619154
baka1272,atla1278,3.893481538527605,1.1286097584943438
baka1274,cent2225,2.0734372322176804,0.9191941830017792
baki1244,aust1307,2.2588932419035253,0.4384213586366146
bala1316,aust1307,2.470537915211819,0.8672466885574845
bala1311,aust1307,1.1346653590663889,0.6216452264483303
bali1278,aust1307,3.028311793204969,1.4360852943997395
liki1240,atla1278,4.022839483285037,1.071881363211272
bamb1270,aust1307,2.6286988661302035,1.0330853593295757
bamb1269,mand1469,3.63742590947596,2.221057114824525
bamw1238,atla1278,3.823946975648184,1.057513054053457
band1344,atla1278,3.3325812687024348,1.1455629919195935
bang1363,bang1363,1.8782814512757304,2.7834485031966114
guar1293,araw1281,0.6453012342162487,0.7116634020909558
bani1255,araw1281,0.1131141668993236,0.7270840414414419
bann1247,aust1307,3.372217964145978,0.7608842546046208
bant1281,sino1245,-2.831464190628465,0.568461496584467
bant1288,aust1307,0.7094470711235576,0.542137327477942
bara1357,sino1245,-3.5557939306803075,0.7969995854128209
nucl1630,koia1260,-0.0790386655313456,0.8227843628264342
bare1279,afro1255,1.540867450650714,0.8684787103795495
bara1369,aust1307,1.9991145765868823,1.804360186897454
bara1361,atla1278,2.628527961196014,1.0531403341246517
bara1370,aust1307,2.289235963911482,0.7867994612022855
bard1255,nyul1248,-1.957969756381094,2.0644437744214965
bare1276,araw1281,0.6246733317375508,0.7227535277841817
barg1252,nucl1709,0.3115918245646509,0.3509706357452913
bari1286,aust1307,2.9566274537707127,0.568311076448861
baro1253,aust1307,2.841457952609734,0.7057122270783083
basa1282,atla1278,2.2472781406684947,0.8116061552383309
bash1264,turk1311,-3.6008730823240755,3.2936955432525536
basq1248,basq1248,0.0127315569415913,2.205112769634603
bata1293,aust1307,1.8100893095104,1.0188647392831005
bata1289,aust1307,1.882162559047862,0.9781258282914926
bats1242,nakh1245,-3.344605607403895,1.4573568099176324
baur1253,araw1281,2.674400783391197,1.0700320110137485
bauz1241,geel1240,-0.1876836352742319,1.9165434464661557
bawm1236,sino1245,-0.5269342874075841,0.458865230855924
bayb1234,aust1307,0.7702373740417624,0.6080315412539665
bebe1248,atla1278,3.730322680254194,0.9000724482734714
beel1236,afro1255,2.3445550836217817,0.5862527824162544
beem1239,atla1278,3.393404196375196,1.5031045247293535
beja1238,afro1255,-0.2436692021875405,1.0405914685242044
bekw1241,atla1278,3.330828985587073,0.716155322527694
bekw1242,atla1278,3.866854460868472,1.166618940335166
bela1254,indo1319,-1.903440000971284,1.4153809977232852
nyal1254,aust1307,2.504145257234768,0.959706806546028
belh1239,sino1245,-2.717773840346213,0.5571477953993051
beli1257,cent2225,2.05573931692878,0.9694850427874327
bell1243,sali1255,1.7238860650653374,1.5674267316687382
belu1239,atla1278,3.144282604841289,0.961697563551728
bemb1257,atla1278,2.372866807447777,1.186616573944443
bent1238,dogo1299,0.5764913132253895,1.0180309340695315
zagh1240,saha1256,-0.2887109526143318,1.5254433356242707
bert1248,bert1248,-1.0467610938293417,2.1821021262269245
bezh1248,nakh1245,-3.45790644172558,1.3788297291662142
bhoj1244,indo1319,-2.200594815983769,0.994632242506551
biak1248,aust1307,2.891902315869165,0.8856255468023226
bian1252,kuni1270,0.926759376265091,1.2345611912446763
biao1254,hmon1336,3.3176757582467866,2.225555631548195
biao1256,hmon1336,3.023411937139696,2.1956914903194704
biat1246,aust1307,2.618182916119643,1.1140037476985525
bier1244,aust1307,2.1469789913178907,0.4340592008273773
bign1238,aust1307,2.4293412769388056,0.4304302403660394
biha1246,aust1307,2.3931977206633905,0.9987105265705712
bila1255,atla1278,3.171403170558275,0.968998255918553
bilb1241,aust1307,2.3616983271145187,0.454946397048209
bili1260,afro1255,-1.5349026031466886,1.0040496153090173
bilu1245,bilu1245,1.5916438054904232,2.496788627571922
bimi1240,nucl1709,0.219633966090634,0.4217730695402713
bina1277,nucl1709,0.1128158296886996,0.4669124191043412
bine1240,east2503,-0.4396749795153087,1.1468196143656275
bini1246,atla1278,3.3819001943288587,0.954152579757184
gunw1252,gunw1250,-0.0709067843806325,1.065175956911253
birr1240,cent2225,2.506405673756056,1.176300731246382
bisu1244,sino1245,1.805515973978677,0.6542041376579419
bitt1240,aust1305,4.231183652890452,0.9750551382760602
biwa1243,yuat1252,-0.1775438376846814,1.8509927682406595
blab1237,aust1307,3.2161619718075736,0.7891370199869501
blan1242,aust1305,4.019298400650431,0.9877110746709103
bang1354,atla1278,3.88810605315165,1.2485545738823092
bodo1267,aust1305,-0.601524676881856,0.9237093065706166
bodo1269,sino1245,-2.358731210307865,0.5219431575034399
boka1249,sino1245,-0.8859510769118396,0.5571925507080415
bola1250,aust1307,3.1355064621910747,0.6482342846712088
chim1302,quec1387,-2.8766922743938177,1.889559518266835
bolo1262,atla1278,3.984125461005135,1.1154112502677336
boly1239,aust1305,4.103757065099738,1.1801749010412603
bomb1262,atla1278,3.833105514191338,1.054242532627617
bomk1234,atla1278,3.021976894018272,1.584863199724149
bona1250,mong1349,-2.185342383750458,1.7739770586383212
bond1247,atla1278,2.9248491158439984,0.9351789515361908
bong1289,aust1307,1.3654596801280203,0.6505663909356905
bong1284,atla1278,3.914245914870116,1.1954574758939476
bong1285,cent2225,2.1993244683555653,1.0914026930720286
bora1263,bora1262,-1.5565180777836722,2.464684632237488
bord1248,chib1249,-0.6983484833999205,0.8813108104730754
boro1277,gong1255,-1.0901868325955797,0.9986793751093036
boro1282,boro1281,1.48222995528104,2.5740928021358176
boto1242,aust1307,0.5638828550298314,0.5202094417796541
boun1243,atla1278,3.570304521658996,1.1700779929937086
boun1245,nucl1709,-0.3876927672767863,0.3548589378134217
bouy1240,taik1256,4.1992889479541535,2.069425025462955
brah1256,drav1251,-4.425595067255581,3.190984125962144
lave1249,aust1305,2.79408770057505,0.8606619573110095
bret1244,indo1319,2.026241033380274,1.4037541314578466
brib1243,chib1249,-0.7053108935648312,0.7077993807720651
bube1242,atla1278,3.452092758837183,0.9590355860535756
budu1248,nakh1245,-3.568485591055256,1.6256078846690922
budu1265,afro1255,2.122199574112725,0.768029439938509
budz1238,atla1278,3.5942918051886243,1.1371661609666806
buga1247,aust1305,4.165595766417736,1.152410854550892
buga1250,aust1307,2.582595992230581,0.4704251690137777
bugh1239,aust1307,3.127763684018074,0.7710345244618662
bugi1244,aust1307,2.9680258670869075,1.066492556972937
bugl1243,chib1249,-0.3445127233519561,0.8289928402454585
bujh1238,sino1245,-3.6372549807766,0.8292339482078699
buki1249,nucl1708,2.8719152201955978,1.6996260502397282
bull1247,atla1278,4.104796244360766,1.7224147308036883
bulo1242,aust1305,2.560757793609818,0.9639104318761768
bulu1251,atla1278,3.715387180009178,0.9827153841986044
bumt1240,sino1245,-1.5543073774395633,0.5753599065047315
buna1278,timo1261,2.9179907002047503,2.499317924660456
buna1276,aust1307,3.4246667829528614,0.7717157626615858
gahr1239,sino1245,-4.095961258871099,1.6826012703993405
buol1237,aust1307,0.1547008576899872,0.7745023714267116
bura1292,afro1255,2.485633403439538,0.595354068004287
bura1267,mani1293,1.9399143496683544,1.8815832373661736
bure1242,afro1255,2.361996167050012,0.6024096816183153
burj1242,afro1255,-2.1340440970377226,0.7676574724996943
nucl1310,sino1245,-1.091891976656997,0.6240563507473533
buru1303,aust1307,3.163543719238635,1.1212855040874663
buru1320,afro1255,2.0264355436308734,0.8936732544065844
buru1296,buru1296,-3.147787483029487,4.079354041255986
busa1253,mand1469,3.13784830282229,2.2942352179821137
bush1247,atla1278,3.6062854572683873,1.4461733977391296
buwa1243,afro1255,2.6044957936205133,0.545482241330447
bwai1242,aust1307,3.4027480531377234,0.6503975336528383
bwat1240,aust1307,2.291999637490375,0.8092525253283949
byan1241,sino1245,-4.04286251384602,1.4054744856922694
caac1237,aust1307,2.4395341032218973,0.8240572988230888
cabe1245,chib1249,-0.7119437527542226,0.7287970032135744
cahu1264,utoa1244,-1.8842665913893504,1.190247877360072
cakf1236,afro1255,1.914599609626602,0.6525679920279757
cald1236,quec1387,-2.7935100308593435,1.8209205522018248
caml1239,sino1245,-1.8503629745646504,0.5646346125698845
camp1261,indo1319,1.5372159633044769,1.1998092117932622
cams1241,cams1241,0.9467078560447956,2.1982596546098714
cane1242,nucl1710,-0.1187984799710689,1.2531384751417507
caom1238,taik1256,4.029127368547475,2.192575631076941
capa1241,pano1259,-2.9401387508557297,1.2102616486540736
caro1242,aust1307,0.8491443443562992,1.3852758747459548
cash1251,pano1259,-2.8176166158245786,1.3046473255915585
casi1235,aust1307,0.6479884205212654,0.4198348104442759
stan1289,indo1319,1.9556985464188004,1.4210806668226883
cavi1250,pano1259,-1.640427266024898,1.0313425307687831
cayu1262,cayu1262,2.286242220251078,2.9330267857749632
cebu1242,aust1307,0.8094308301288864,0.4716353096439203
cemu1238,aust1307,2.356790682460182,0.778248410171086
cent2127,eski1264,-1.556883266339416,2.958423149015939
cent2142,ayma1253,-1.134469159372654,1.7196324119367912
cent2292,aust1307,0.8377983333474064,0.3803555705523722
cent2084,aust1307,0.8299053610513101,0.4491135869098572
cent2314,aust1305,3.210059185054356,1.125879668344945
qaua1234,taik1256,3.976058480915736,2.0719457507470818
cent2050,saha1256,0.7662662772067511,1.2894649447602324
cent1989,aust1305,2.8485449010479327,1.037372499375758
mala1479,aust1307,1.964387377103744,1.0489314099746272
cent2322,ural1272,-2.931958998731544,2.3844293081695387
cent1992,aust1305,2.3481660811433778,0.9124437807579308
cent1990,aust1305,2.577117129873752,1.5933083950039215
cent2126,japo1237,-1.9754060902419788,1.5118144551437016
cent2140,miwo1274,-1.97553926585429,2.2278468660045494
cent2150,chib1249,-2.288046754208672,1.1162568140064622
mbal1255,atla1278,2.815103087496825,1.7251884468764676
chac1251,pano1259,-1.860170012036556,1.054321831398295
chad1249,afro1255,1.7095525881911788,0.914344127549498
chak1270,sino1245,-0.4673578651377651,0.5763710965466045
chak1271,atla1278,3.538211316216783,1.069346528634167
cham1315,zamu1243,2.180532008162096,3.0923302878116394
cham1309,nakh1245,-3.524709482751382,1.3973118562792717
cham1318,araw1281,1.438897257850086,1.0020843350720812
cham1312,aust1307,1.4380549584698177,1.3363346441073691
chan1313,sino1245,-1.9444593285750504,0.4256107577731454
char1269,gong1255,-1.2498808422760228,0.6989064496385815
chas1234,sino1245,1.1802638500038922,0.5026065458131113
chec1245,nakh1245,-3.6114873425777314,1.599622930312445
chek1238,aust1307,3.102489998756384,0.776375671622235
chen1255,drav1251,-4.198722093947568,2.0092335505629397
chep1245,sino1245,-3.483930772402525,0.7736834097930796
cher1273,iroq1247,1.7160420247397583,2.2042147892887245
chey1247,algi1248,1.2427399986920018,1.7052269425439182
chic1270,musk1252,-2.049700905420864,1.863184020702972
chig1238,atla1278,3.290888838897523,1.020022119482045
chil1280,atha1245,3.3119879839196384,2.336426060356452
chim1309,chib1249,-0.5900455658136897,0.9038024479733782
chim1312,atla1278,0.798349607719052,1.1395294529053848
chhi1245,sino1245,-2.734738837813513,0.567523262944623
chip1261,atha1245,2.046169241834768,2.6941595829375
chip1241,algi1248,2.103729317696422,2.213716430563752
choc1275,sino1245,-2.6232471595710827,0.5747817040527892
choc1276,musk1252,-2.121913291898162,1.8373784702284288
chon1284,aust1305,3.1792596875582797,1.1184659013903744
chot1239,sino1245,-1.357218227477292,0.3968545435662634
chra1242,aust1305,2.5600811796041776,1.0717215920984913
chuj1250,maya1287,3.36646976226043,1.5605182048901869
chuk1273,chuk1271,-1.997183696304515,3.873982028629511
chuu1238,aust1307,2.209597909797574,1.3490445027637072
chuv1255,turk1311,-4.118922694461582,3.0278590359114714
chuw1238,atla1278,3.0411067503790603,1.5376842139608744
cici1237,atla1278,3.3090920250443,1.0693295272989145
chin1286,chin1490,1.76074729992847,2.776192208533144
cent2087,aust1307,0.3981524671077866,0.5400785986091083
sout2912,aust1307,0.1694852750251809,0.6110096184795983
coat1243,otom1299,2.375896498001486,0.7650645068511945
coca1259,tupi1275,2.238655167097088,1.4432265562879678
coeu1236,sali1255,1.9844660487103096,1.4445002171507149
cofa1242,cofa1242,-0.8376041905526693,2.1427672597412943
cogu1240,chib1249,-1.8657904701828685,0.9826586472697958
colu1241,sali1255,2.152363188904068,1.383449126871497
coma1245,utoa1244,-0.4510198985459589,1.2419819533607708
como1259,sali1255,1.399584946809579,1.359715937964496
cong1236,atla1278,3.127413209872787,1.2914127979710734
copa1237,otom1299,2.6089786450911183,0.749833485427196
cors1241,indo1319,1.600467070225497,1.078428128418761
cosa1234,sino1245,1.980804273641628,0.6569969482319067
cree1270,musk1252,-2.093996534943546,1.889968471901388
crim1257,turk1311,-3.475595169454524,2.755464302736099
crow1244,siou1252,1.0631268429362262,1.6055404504784
cube1242,tuca1253,-0.966371178982578,1.13128498567493
culi1244,araw1282,1.969023775955538,2.214521789112489
curr1243,araw1281,0.7516082662415575,0.7427706635783364
cusc1236,quec1387,-1.744831313341777,1.7511321505185211
cypr1248,afro1255,1.4012199946916746,1.218981913356254
czec1258,indo1319,-0.694816028382729,1.0588195165978993
daas1238,afro1255,-1.6146667869543585,0.6833640524126849
dadi1250,tebe1251,-0.9863652748964098,2.041593561141646
dagb1246,atla1278,3.368595420620355,1.052051248416638
dagi1241,narr1279,2.111151684248409,1.8462325463556093
daur1238,mong1349,-3.1187571211094407,3.24453918275998
daka1243,aust1307,2.406706786344603,0.4211326995829747
damp1237,aust1307,1.535847107643891,0.7698540882667544
dana1252,aust1305,3.4999977955139707,1.0249255215164137
dand1238,drav1251,-3.9608050364722702,1.941433396713748
dani1285,indo1319,1.1058389945573808,1.2969770478778706
dara1250,indo1319,-2.676797542521901,1.0771367132481462
dard1243,daju1249,1.6565365357326387,2.601953656984147
dawr1236,gong1255,-1.6627598755703197,0.6944307170792507
daza1242,saha1256,0.2219691337715441,1.2052000573816972
defa1248,ijoi1239,-0.5832080823389322,2.1270541732445825
dege1246,atla1278,3.4018094372725067,0.9320615983491988
dera1245,sena1264,-0.6245603146686475,1.9330604121726616
dera1248,afro1255,2.383706597402809,0.6074991282177953
desa1247,tuca1253,-1.784859094574898,1.1198978968138569
dhao1237,aust1307,3.3880075135993377,1.2211725698183713
dhim1246,sino1245,-2.1182594365513374,0.5772754377093907
dibo1245,atla1278,3.968908496154091,1.1381507256820758
digo1243,atla1278,2.643478194023684,0.9877802902514824
dima1251,sino1245,-2.349645704826645,0.4429856364777578
dizi1235,dizo1235,-1.6228152010356265,1.8330823849765725
djam1256,pama1250,-3.1498894828988595,1.7399298436247117
djee1236,mani1293,1.054083296831953,1.822506498974392
djeo1235,nucl1710,0.9896961097929384,1.2248898914123698
dobe1238,aust1307,3.440401011888203,1.0357183694465153
dobu1241,aust1307,2.334458456000015,0.7030573593999687
domm1246,nucl1709,1.0270988120796647,0.3335704026857007
doma1260,indo1319,-2.9109097015811254,1.7689742779481217
dong1285,mong1349,-1.0214652120526782,1.700384471917045
doro1266,manu1261,0.92487120358497,2.043420856455998
drun1238,sino1245,0.6233113715844921,0.5163293324884304
chug1252,sino1245,-2.440528350796783,0.5720483949232618
dumb1241,aust1307,2.1390285465696697,0.8589280820042084
dumi1241,sino1245,-3.003902735285523,0.5868370223784094
duna1248,duna1248,1.6666234478721391,2.3540364908378084
dupa1235,aust1307,0.4590436185662082,0.4502790807760455
dusn1237,aust1307,3.4586859209820333,0.852423968457769
dutc1256,indo1319,1.832490888682012,1.2565460747286483
dyul1238,mand1469,3.613592639821967,1.977475589899312
dzao1238,hmon1336,3.190964779796565,2.2060223708282463
dzon1239,sino1245,-1.4554353489341612,0.5943852862988894
east2443,aust1307,2.278731688764425,0.4965896873433806
tang1336,sino1245,-1.3218812334264691,0.4037974339361483
nucl1235,indo1319,-0.8824816567692548,1.0648155917977036
east2379,pama1250,-4.718809454782661,2.374765775687049
sout2896,aust1307,3.6550047548638935,1.061995043350369
east2555,tupi1275,3.6968904298923593,1.9817941349918309
east2332,aust1305,3.347090881430966,1.029697589520277
east2563,aust1307,2.3851708932057694,1.0908414655542265
east2690,afro1255,1.6732673968083065,1.2528229199011849
east2556,otom1299,2.9015942999595983,1.173967391520046
east1236,aust1305,2.878870220327604,0.9444489826349648
east2342,sino1245,1.5982971210267274,0.688140394017454
east2328,ural1272,-4.174503158714475,2.19803265900791
east2773,sino1245,-3.25174072871116,0.6410969070985599
panj1256,indo1319,-3.183778584285046,1.6053130192197669
east2485,aust1307,2.174388072472832,0.717740431299335
east2694,aust1307,0.3717429082801488,0.4811729199291914
east2447,aust1307,2.296166084505536,1.7885213557863011
east2516,nucl1709,-0.3955640438808386,0.3857907710173158
huaa1248,tuuu1241,2.0778896761724863,3.344874471914233
wall1257,aust1307,2.131619912313272,1.622164257657608
egaa1242,atla1278,3.741110547592088,1.535950126482474
egyp1253,afro1255,1.6027689668169949,1.3317812113365657
eipo1242,nucl1709,0.6047520869405519,0.4443292861298555
ekar1243,nucl1709,0.7128320867300796,0.6473637329061361
elem1253,atla1278,3.3292866462093618,0.8734601986036807
elip1238,atla1278,3.589756850839449,0.8063389195594546
emae1237,aust1307,2.221077916272925,0.4947823270270639
emai1241,atla1278,3.3981014804769503,0.9152153148266766
embe1260,choc1280,-2.3246967214063186,1.781258073431161
embe1262,choc1280,-2.756110653476104,1.880776103535899
stan1293,indo1319,1.8659099958199172,1.380475094713164
enuu1235,sino1245,1.7181151553613518,0.6108140305184051
epen1239,choc1280,-2.5319798649119862,1.902937830699816
ersu1241,sino1245,0.7238829826625154,0.5940378262586101
erzy1239,ural1272,-3.016599095335721,2.161161676249576
esan1238,atla1278,3.3757803491065235,0.9002433360249213
esee1248,pano1259,-2.006217404251195,1.0689598225414194
esim1238,atla1278,3.2163915820797757,0.6569618360447746
esto1258,ural1272,-3.4900803076647926,1.9119899515749277
eton1253,atla1278,3.5390625802648024,0.845550840969814
even1260,tung1282,-2.8390442158563007,3.761744139071423
even1259,tung1282,-2.247996845996488,3.175056929162217
fala1243,sino1245,-0.7449669094609167,0.481829988675031
fare1241,atla1278,3.365172087966686,1.0689062758043644
faro1244,indo1319,-0.1611496794427328,1.5475270051756045
fasu1242,fasu1242,-1.0441905123599886,2.074948873698274
fiji1243,aust1307,2.657283992032049,1.7847631499283878
fili1244,aust1307,0.6684713013044408,0.5126026882030414
filo1235,toto1251,3.218151177844336,2.5507571598882466
finn1318,ural1272,-3.137699651903664,2.042046341542455
fipa1238,atla1278,2.942180882241504,1.0879147564225369
fonn1241,atla1278,3.219941212363193,1.0504371932837628
fore1265,ural1272,-2.364338174120784,2.3564868353687807
fran1266,mixe1284,0.8392774326431599,1.5191661918178418
stan1290,indo1319,2.061386696864948,1.329265700637067
fuln1247,fuln1247,0.5864678056380405,2.435306629917359
furr1244,fura1235,-0.3977810595295324,2.073015718683097
furu1242,cent2225,2.9955008626245965,1.3647162952207026
futu1245,aust1307,2.092145377590988,0.7794256840317715
fuyu1242,fuyu1242,1.6951182288504736,2.377771424129346
gaaa1244,atla1278,3.2243422916530227,1.241900093255483
gaam1241,east2386,0.9357521918764616,2.1629242145814374
gaan1243,afro1255,2.5230063876204887,0.5860490266967648
gade1242,atla1278,3.4304354778518182,0.817659057428763
gaga1249,turk1311,-4.066744069690393,2.7816369707378588
gala1264,afro1255,2.281504132080764,0.5924134194792003
gali1262,cari1283,0.2391021451607063,1.0285221586642983
gali1258,indo1319,2.05678618222097,1.6367298706307167
galo1242,sino1245,-0.8581525395069355,0.4840716659428139
gamo1243,gong1255,-1.81879654423849,0.689879087383285
gand1255,atla1278,2.8266969613649957,0.8786602528851102
gang1267,tang1340,-1.9264086615862808,2.127190082790812
gang1266,sino1245,-1.449929367086085,0.3879143085927854
gant1244,nucl1709,-0.0073017878424003,0.320873011218076
gapa1238,aust1307,2.184008789703601,0.612356036032244
boht1238,afro1255,-0.7682250844696543,1.0123940103392108
gari1256,araw1281,1.0129498423730898,1.2005458421690367
garo1247,sino1245,-2.2564229074092905,0.5996807594749463
gara1269,garr1260,-1.5549151302113478,2.6600146149135613
gayo1244,aust1307,2.1388710421184585,1.1186079254010437
geba1237,sino1245,1.3747107264016,0.6915439900693539
gebe1237,aust1307,3.226180202571125,1.0460799397009026
geda1237,aust1307,1.331668332782475,0.433461656004706
gela1263,aust1307,2.9966241701328595,0.75957662373966
nucl1302,kart1248,-1.9366631519075503,2.239817249687671
geru1240,afro1255,2.3149241529533837,0.635789000697172
ghad1239,afro1255,1.217206065394398,1.4431011174144102
ghan1242,aust1307,3.493374658398864,0.7934604328579358
ghar1239,aust1307,3.025855248287412,0.7777997146011764
gheg1238,indo1319,-1.6227276359847398,0.9800092515686424
ghom1257,afro1255,2.160821875473344,1.809527796199195
gida1247,afro1255,2.455483319393498,0.6080698696139626
giiw1236,afro1255,2.357924669876688,0.5932585673071618
gilb1244,aust1307,2.941299607949688,2.2273552897301023
gira1247,nucl1709,0.0197921675173006,0.3101138029720376
gizr1240,east2503,-0.6213389429324935,1.1556616908772188
glav1244,afro1255,2.61604556056415,0.5556015205315381
ghod1238,nakh1245,-3.5897845789900837,1.4292427812199806
goem1240,afro1255,1.9625707493409636,0.6489194721288936
gofa1235,gong1255,-1.741109279077048,0.6841527818107682
gogo1265,suki1244,0.7737953381802897,2.005171707847237
gola1255,atla1278,4.105448444625383,1.678665931348398
goli1247,nucl1709,-0.2699354470015642,0.3333226153849722
goon1238,buna1274,-0.9082928361981828,2.2999842267471067
pare1266,aust1305,-0.0276851683027862,0.8006582333192647
gras1249,koia1260,-0.2442091145076219,0.8159439849850969
guah1255,guah1252,-1.622210677912538,2.6325609425824457
guam1248,barb1265,-0.5363167570726849,1.3971722026207676
guat1253,guat1253,1.9002481797239692,2.8501805115284933
gube1234,atla1278,3.840263289873645,2.0312993658107263
gude1246,afro1255,2.578573037895865,0.5658695040828476
guer1243,otom1299,2.5519444410538337,0.7839040311944583
guhu1244,nucl1709,-0.0021392701373449,0.4539820966146539
gulf1241,afro1255,0.7133277728192742,0.9888566286751654
guma1254,aust1307,3.462993733392348,0.697481771348416
guny1241,pama1250,-3.02949443555781,2.644692187998058
gura1251,indo1319,0.1472281512440248,1.0563755160895312
guro1248,mand1469,3.74746583284098,2.100532169949747
guru1261,sino1245,-3.119091097988393,0.6090610363893738
guru1271,afro1255,2.3266064252006307,0.5779414291328671
gusi1247,atla1278,2.5217735672976644,0.7930286965656537
kwam1249,koma1264,-0.0036534024727912,1.3325922232709049
gwen1239,atla1278,2.8663757883228467,0.8511788007998504
gyel1242,atla1278,3.5738838206236148,1.0731736858033472
haaa1252,atla1278,3.0330732582812705,1.1056449842931375
hadi1240,afro1255,-1.3057845309606262,0.6328786562953388
hadz1240,hadz1240,2.01737799478361,2.7883578600551147
haka1240,sino1245,-0.9210709409470068,0.4621705272070127
hakk1236,sino1245,0.7555712231861925,1.0266495080583802
hala1252,aust1305,2.7844335041606727,0.869834618843548
halh1238,mong1349,-2.9271338336184143,2.6306837892760484
hali1244,aust1307,3.268046372497105,0.7955339420567142
halk1245,sali1255,2.020527486169476,1.2840803860009826
hame1242,sout2845,-1.5193769557158423,2.3640970320667245
hang1263,nduu1242,1.135324021546754,0.9738814247835323
hani1248,sino1245,1.932321047087686,0.6926861677103702
hano1246,aust1307,2.4170297351747285,0.4983408743347706
haro1237,aust1307,2.3797355427586075,1.038222427950951
haru1245,piaw1238,0.1293969946277051,1.3266362215131196
hass1238,afro1255,2.4111885135928555,2.0271815503117345
hata1243,hata1242,2.5248813429693944,3.041591564255694
remo1247,aust1307,0.5961740097739457,0.5025673191205531
nige1253,atla1278,3.634858551037357,0.8661013318725601
hawa1245,aust1307,2.3214213180965646,2.910870600745463
hdii1240,afro1255,2.6478655583169384,0.5349582650171172
hehe1240,atla1278,3.0732751503732367,0.949506931447008
heil1246,waka1280,0.377555708949428,1.6329741731552954
here1253,atla1278,3.0834360786142447,1.5856959544230929
hida1246,siou1252,0.3337162579057954,1.640518180912835
high1276,mixe1284,1.4956511744747538,1.4779623283425396
high1278,utoa1244,2.09926448615088,0.8913275151072169
karb1241,sino1245,-0.9777268146051842,0.4424128309094772
hind1269,indo1319,-3.083586519178784,1.561907877979773
hinu1240,nakh1245,-3.487167836757733,1.4026548732177844
hixk1239,cari1283,1.6599424618130376,1.1022524055587315
hooo1248,aust1305,0.2979440599010188,0.7403344492688912
hoav1238,aust1307,3.428769364155635,0.7921728882520487
ainu1240,ainu1252,0.7316580334302575,2.520835676256665
holo1240,atla1278,3.272606009406416,1.235441647454827
hone1235,atla1278,3.42499457126086,0.7490918800135349
honi1244,sino1245,1.6247895901720124,0.6136856164469107
hopi1249,utoa1244,-0.5506960853639101,0.9701279139889624
huuu1240,aust1305,4.137067529493832,0.9394653039541484
hual1241,quec1387,-2.1119502889832997,1.7435921520193354
huam1247,jiva1245,-2.157920499944734,1.7613172764222584
huar1255,utoa1244,0.6005206180972341,0.7847575378813456
huas1242,maya1287,4.115188475431793,2.282435877319937
huba1236,afro1255,2.5942971104314974,0.5592985182094257
huic1243,utoa1244,0.1125737543280366,0.9586862616401124
hula1239,aust1307,1.1679511732306755,0.555206111614309
hula1244,afro1255,0.3356654981710825,0.984288833262326
huli1244,nucl1709,-0.2925670537924141,0.4275789574556654
humb1243,song1307,2.230090136535801,1.9279517615414337
hung1275,aust1305,3.7758224146791246,1.1049512642332535
hung1274,ural1272,-4.373823362463126,2.2891748962122023
hunz1247,nakh1245,-3.466093705583696,1.3787204983930144
hupd1244,nada1235,-1.2257332178522962,2.276185117981345
wyan1247,iroq1247,3.0602442467254667,2.087663312117659
iaai1238,aust1307,2.2362134123903235,0.726848431457312
iama1237,aust1307,3.4420956053285328,0.6769193438023287
iatm1242,nduu1242,0.4757873049201657,0.939466270792094
ibal1244,aust1307,0.5921091122639344,0.3811618015982132
iban1264,aust1307,2.5148796866241327,0.9900881006753028
iban1267,aust1307,0.7541146752083552,0.4206507537638666
ibat1238,aust1307,0.7716464432862857,0.5617386936941848
ibib1240,atla1278,3.2527338238929784,0.819333286358038
icel1247,indo1319,-0.551338448386863,1.8338699563196543
idaa1241,aust1307,1.4727712409532256,0.6289638287632471
idii1243,paho1240,-1.5801778932397303,1.817228520270433
idom1241,atla1278,3.393843941755894,0.7890583603159893
idum1241,sino1245,-1.3010088174775158,0.6352666946188705
idun1242,aust1307,3.3952810749104776,0.6438725521310475
nucl1417,atla1278,3.3221633145605978,0.8919747010309207
igna1246,araw1281,2.826910322951956,1.0970012862197596
ikkk1242,kuli1252,-0.1060919555986211,1.389748002597246
iliu1237,aust1307,3.6604529625163513,1.0963699631027426
ilok1237,aust1307,0.4348573216948313,0.3898122117187199
ilon1239,aust1307,0.6559475521135589,0.3759947706403395
imba1240,quec1387,-2.6667884428255517,1.845504697670984
imon1245,bord1247,1.1774274784901435,2.126790532395062
ingr1248,ural1272,-3.554144135570616,1.997773453726822
ingu1240,nakh1245,-3.5024480891355045,1.5806907462830369
alba1269,aust1307,0.2075686436743668,0.526010394841836
iqui1243,zapa1251,0.752675039723182,1.7795347450074868
iraq1241,afro1255,0.9376608928951474,0.8178527535738951
iris1253,indo1319,1.507542241713152,1.53422661539509
irul1243,drav1251,-3.974293156704897,2.11975057040293
kris1246,skoo1245,2.0186231543970097,2.5770245411023938
isco1239,pano1259,-2.8509610704965755,1.2042419876678103
isin1239,aust1307,0.7091650430970025,0.3632528610064085
isir1237,kwer1242,-1.141444894762233,1.6752208059401852
isna1241,aust1307,0.9541472347752626,0.4652437448503921
isth1240,utoa1244,1.840139074097184,0.975916750070386
isth1241,utoa1244,1.8366188751393309,0.9876033978993544
ital1282,indo1319,0.7617465594984821,0.98883983974602
ivat1242,aust1307,0.3236169650401824,0.6122666144551072
iton1250,iton1250,2.209491533222324,2.894287388998064
itza1241,maya1287,2.982259200188377,1.6965716983530277
iumi1238,hmon1336,3.777114099353744,2.3146444968014777
iwal1237,aust1307,2.474818854788947,0.4738749439928416
iwam1256,sepi1257,0.2496900803753318,0.6218558392039979
iyoo1238,nucl1709,-0.1297929300122389,0.3267345722423354
jahh1242,aust1305,2.0614387618854515,0.9387028591891956
jalk1242,mand1469,3.671953395336607,1.9876854168536973
jamb1236,aust1307,2.086544803243197,1.3907598798568612
djam1255,mirn1241,-0.8593257023995414,1.8831677695239115
jams1239,dogo1299,0.8347120603780904,0.9996930931017918
nucl1643,japo1237,-1.8542457948102329,2.279900171754761
japh1234,sino1245,-0.5151551283622268,0.548942911701424
jaqa1244,ayma1253,-1.8235858636184343,2.0426472307611823
jara1266,aust1307,2.5268853095206816,0.9965937461002968
jehh1245,aust1305,2.7559317338734712,0.8970513518332712
jeha1242,aust1305,2.1320009970945115,0.9997453529008916
jenn1240,drav1251,-3.099211163071037,1.961334765896657
jeru1240,sino1245,-1.9242532271367527,0.5984163860271883
jina1244,afro1255,2.4208907171161385,0.6244325603567358
jjuu1238,atla1278,2.3032320291639774,0.8298164430028425
juan1238,aust1305,-0.278993493531649,0.7905903379797383
juku1254,atla1278,2.9922069603400625,0.6646139695272542
jurm1239,cent2225,2.0186350069768086,0.9489734477610856
kaba1281,cent2225,3.012462508281382,1.3052506408663591
kaba1278,abkh1242,-0.8240163679519189,1.657868962275313
kach1284,gong1255,-2.121373893628156,0.774359981747601
kada1242,drav1251,-4.160601963188416,1.999041987055537
cent2100,aust1307,1.6110364200107394,0.5605502222848617
kado1242,sino1245,1.8312783043798848,0.6207839328781528
kafa1242,gong1255,0.0513960374075663,0.6924771179227927
kaga1256,aust1307,1.219156699503321,0.7109819835538023
kagu1239,atla1278,3.1609004396856824,0.9187956321068356
kaik1246,sino1245,-3.844395455390268,1.0604175516587997
kair1263,aust1307,2.969550033645378,0.6308849396665668
kaki1249,kaki1249,-0.3103677863579079,1.881051043535696
cacu1241,kaku1242,-2.1003707593067555,2.757632540725788
kala1399,eski1264,-2.743229235331501,4.087186099517794
kala1377,pama1250,-3.4671361672153225,1.8248070526127904
kala1384,atla1278,3.3773816500538985,1.490903253056362
kali1308,sali1255,2.002214361981,1.649828597843909
kalu1248,bosa1245,-0.0490128731588526,1.336753579743303
kamm1249,atla1278,3.3468910124972786,0.7145418125748133
kama1370,nucl1709,-0.040822029227005,0.3387157104231288
kama1367,nucl1708,2.611126604517045,1.7364241411046688
kamb1316,afro1255,-1.3912980595948126,0.6077800934205477
kamb1297,atla1278,2.10383021489774,0.8299504801393311
kamb1299,aust1307,3.2113619499713346,1.2514056767096315
kamo1255,nucl1709,0.7325443891368036,0.6775291491794055
kana1286,aust1307,0.8888088300348376,0.4467200368431152
kana1288,daga1274,2.663916870388484,2.174883847978858
kani1286,nucl1709,0.858583267213979,0.3482086573727621
kank1243,aust1307,0.6443287587934938,0.3884454653820466
nucl1305,drav1251,-4.3675879598755,2.061326784321656
bidy1244,atla1278,3.973099394862236,1.9370823437751028
kaon1241,atla1278,3.15027019623897,1.3112997514472813
kaqc1270,maya1287,3.259746245212292,1.6407404927816351
kara1482,cent2225,1.9946617044941937,1.225720344016299
kara1500,nucl1710,0.0157389263204582,0.9923610021348724
kara1487,aust1307,0.5972518502199633,0.3564706550970973
kara1486,aust1307,2.837842752911235,0.7403130433529785
kare1338,atla1278,3.723783356994778,0.9501209241315838
kare1335,ural1272,-3.2850247686267395,2.193048022021204
kari1311,tupi1275,3.157715622781047,1.571401269802715
kark1258,pauw1244,-0.624330567731436,1.9245137676948785
karn1252,aust1307,2.6877865722201943,0.5196888361078198
karo1304,karo1304,0.7208440869966292,2.253194224425963
kash1277,indo1319,-1.9591344193604328,1.5935004990584742
kask1239,atha1245,3.2079825604857857,2.993791024311736
newa1246,sino1245,-3.4267076940000587,0.7188235160208425
kats1235,sino1245,1.701535253865838,0.6154317498500568
kaur1271,kaur1274,1.1954127978678102,2.149377005699863
kava1241,aust1307,1.0664568983898983,0.5990756401541342
kaya1315,sino1245,1.497773657996968,0.6661969242560835
kaya1319,tang1340,-2.9934914241468578,2.1313979826903324
keap1239,aust1307,1.2278863084214109,0.5719309417202911
kera1248,atla1278,3.9320451021958713,1.9733689294320147
kele1255,atla1278,3.620150337339768,1.1752590991857037
kele1258,aust1307,2.9187097470054257,0.8020491388621442
kele1259,aust1307,0.7562874402853392,0.3568753068564607
keme1240,atla1278,3.195472599077448,0.653312755842796
keng1240,cent2225,2.264089971451602,1.2589980075921998
kenu1236,nubi1251,-1.38565680761791,2.7009058597957063
keoo1238,aust1307,3.446079377505184,1.1418488532301652
kera1255,afro1255,2.3740813205884903,0.6621131358939394
kesa1244,nucl1709,0.9129124721403876,0.3174719617081667
kett1243,yeni1252,0.6389260933479851,2.46525376514896
kgal1244,atla1278,3.3181835992281807,1.7440644158851146
khak1248,turk1311,-2.727904302854938,3.0419809844004666
khal1275,sino1245,-2.725520520345925,0.5751224861191471
kham1282,sino1245,-1.559920848443762,1.0689760807511712
khan1278,atla1278,3.3227060405924416,0.8589038061173078
khan1274,aust1305,4.168572748999496,1.0766123677979982
khar1288,sino1245,-1.4852442590920385,0.3839081708354142
khas1269,aust1305,1.316924088397997,0.7161407385311467
khez1235,sino1245,-1.258284677146527,0.3926500010480858
khin1240,nakh1245,-3.538274192573661,1.5869961266955466
khmu1256,aust1305,4.120260886786864,1.0103477488833883
guan1266,sino1245,-0.7618697589370585,0.5605246875142225
khum1248,sino1245,-0.9195409195566714,0.4575371391498084
khva1239,nakh1245,-3.480197182068255,1.3894170834024004
kich1262,maya1287,3.2712582736842704,1.6212296492697806
kiku1240,atla1278,1.8840562006160768,0.7678600748497946
kile1243,tung1282,-3.0693909025823305,2.752247874837144
kili1267,aust1307,3.4912556056008714,0.7338246519105205
kimm1246,atla1278,3.627605209403108,0.8896117018416447
kima1246,kolo1268,2.509496924748173,1.9785521833320123
kima1244,aust1307,1.3276458063536971,0.5706345639240133
kimm1245,hmon1336,3.738318043823661,2.292307287210184
kina1250,aust1307,0.8861315548903561,0.5881695939285709
kinn1249,sino1245,-4.03576103517276,1.6276714831093892
kiow1266,kiow1265,-0.7543607098616759,2.2888359783574925
kips1239,nilo1247,0.3037908431095774,0.8073150505356708
kelo1247,timo1261,2.9360252761899144,2.4012292474347987
miju1243,sino1245,-0.7972877302382003,0.5508657796645915
kobo1249,nucl1709,0.0060508119297008,0.3378929786976954
koda1255,drav1251,-4.284035343361916,2.037786056155615
koho1244,aust1305,2.5349790985489,1.0047485127480478
koir1240,sino1245,-1.3724767918343184,0.3856248765198042
koit1244,koia1260,-0.504447789057751,0.8465349350064351
koka1244,pama1250,-4.480251856138075,3.0083534879468825
koko1269,aust1307,3.186479864070009,0.7891076416893572
kola1285,aust1307,3.42021446132723,0.9674762676291032
kolb1240,atla1278,3.4678386962959524,0.8025900653595404
kolc1235,atla1278,3.8035495734831626,0.9801758787727924
kolp1236,kolp1236,2.205880286730248,2.7874636039835163
kolu1245,aust1307,3.402364410334244,0.6625803212765007
komb1274,nucl1709,1.802850529755528,0.5075413577783943
komc1235,atla1278,3.259099829259421,0.6450421016445738
komi1269,ural1272,-2.680430925186024,2.234163300606067
komi1268,ural1272,-2.5225016685611723,2.352985996144824
komo1260,atla1278,3.42332798877785,1.158158622232417
kona1242,east2433,-0.8096228646013328,1.9867282297657016
konk1267,indo1319,-2.8844401006063056,1.6906025558328892
kons1243,afro1255,-1.0795366675574556,0.6206888051902961
kony1248,sino1245,-0.741843813954355,0.4296657246179425
konz1239,atla1278,2.9182216720345355,0.9401383256048595
koor1239,gong1255,-2.074349598144083,0.7814466084219713
kora1294,nucl1709,0.730460244510828,0.595795662922928
kore1280,kore1284,-1.8266498965408535,3.230956803615962
kork1243,aust1305,-1.6637462278606088,1.400570445412475
koro1298,atla1278,2.9580187699873126,1.070157109206639
koro1313,sout2948,-0.890502269313727,1.564584602372296
koro1312,nucl1709,0.6819621201045186,0.4692161039146922
korr1238,drav1251,-4.353730460131983,2.1380230573700043
kosa1249,nucl1709,0.3318240179151682,0.4638986181722266
kosr1238,aust1307,2.6399716675470315,1.6672600898193275
kota1263,drav1251,-4.177158667435137,1.9634590876592029
koti1238,atla1278,2.899748032039556,1.4967832128840008
guan1269,tuca1253,-0.8683242960040073,1.0913078229947963
kova1243,nucl1709,0.1197179485764595,0.4889174511825347
kove1237,aust1307,3.1721268177074182,0.6214300576323071
koya1251,drav1251,-4.025314798133244,1.9470624322924603
koyr1242,song1307,2.4561543223621163,2.1293209168691973
koyr1240,song1307,2.534004318195699,2.093175045210112
kren1239,nucl1710,0.4531721406712359,1.3293303941693069
gbay1288,kres1240,1.8184800729020023,2.125249704737082
ngeq1245,aust1305,2.679529700403505,0.8957444408199606
kron1241,kadu1256,1.5901652482351998,2.4750502766870124
kryt1240,nakh1245,-3.551883226990359,1.5982183055642931
puoc1238,aust1305,4.096210603127716,1.100360742389765
kuan1248,aust1307,3.1161729947730383,0.677903777686307
kuan1247,atla1278,2.8723739588586854,1.6863918142544645
kuii1252,drav1251,-3.377665246028948,1.8246017314795664
kuik1246,cari1283,0.1858177290692222,1.190584928431706
kuku1280,pama1250,-4.027114546052487,1.923309180082149
kuku1273,pama1250,-3.911340575930297,2.1140792137169067
kulo1237,aust1307,0.8788592026055724,0.464853989878331
fait1240,nucl1709,1.0455423619143278,0.3121924032614913
kulu1253,sino1245,-2.6836880602354416,0.5673816380112555
kuma1280,nucl1709,1.026778260092765,0.3266849030086707
kumb1268,pama1250,-3.862238567096559,2.966558190451696
kumz1235,indo1319,0.2236410677326575,1.4329407635452496
kuna1268,kuna1268,-0.1264208980661829,2.0328664846174966
kunb1251,gunw1250,1.0824760664081157,1.1063010668898745
kuni1267,kuni1270,1.2545384025143718,1.1659489699513603
kunj1245,pama1250,-4.1030775797066825,2.0867321472710225
kuot1243,kuot1243,-0.0250774246071994,1.9462657216497807
kurr1243,pama1250,-2.884923731330721,2.0865092052595795
kurt1248,sino1245,-1.5344878215657056,0.5628698673739176
kusa1251,aust1307,3.4410762290255525,0.7882099223088357
kusu1250,kusu1250,-3.12596249875435,3.580311733585018
kute1249,kute1249,2.058507620896659,3.0507082682476403
kute1248,atla1278,3.148889545425008,0.6636214589891454
kuvi1243,drav1251,-3.29106449459088,1.83949187994215
kuyy1240,aust1305,3.0970496973908315,0.9762914772656296
kwai1243,aust1307,2.8755858005663963,0.7988094170253959
kwam1252,aust1307,2.238109175175313,0.6751808378447741
kwar1239,aust1307,2.930578379157097,0.791985873703263
kweg1241,surm1244,-0.0999901801898091,0.9366754180693864
nucl1595,kwer1242,-1.3018390188822395,1.6688319188407466
kwin1241,worr1236,2.2533797358247782,2.09596315504116
kwom1262,sepi1257,-0.1358226162052923,0.5860267584712231
nucl1593,kwom1263,2.03493257129697,2.5381040064542875
kxoe1243,khoe1240,0.3448924180670208,1.6097405136006877
kyer1238,sino1245,-3.474033143115008,0.7585807120173405
cori1240,atla1278,3.419060412603869,0.8128335481157309
labu1248,aust1307,2.4855501526875985,0.4496391258155068
labu1249,aust1307,1.292869919237455,0.593759934277351
lach1248,taik1256,4.329257140359723,2.0300599411449163
lagw1237,afro1255,2.390725403695184,0.6399821926327061
zaye1235,sino1245,1.3091985961351496,0.6499344152577269
lahu1253,sino1245,1.904748894506009,0.6314201391983847
lakk1252,nakh1245,-3.59172444056038,1.4386659616462474
lala1268,aust1307,1.304817918778269,0.5274806268432339
lala1264,atla1278,2.707096293349769,1.2480789425807366
lama1277,aust1307,3.5983319622393504,1.0697926079641409
lama1288,afro1255,2.64231124517879,0.5392163734261697
lamb1269,indo1319,-2.7187592731965657,1.5576595655970538
lamb1273,aust1307,3.1932144682822248,1.2808517300335094
lamb1272,atla1278,2.7193159837397034,1.034895380094336
lame1260,aust1307,2.163088042537224,0.4330280609483186
hela1238,sino1245,-3.37423619573223,0.7067481629188563
lamk1238,sino1245,-1.1794491488995789,0.4145178657437842
lamo1244,aust1307,3.1213622668404404,0.6002948403350841
land1256,atla1278,4.068790542523649,1.7560431740169546
lang1324,nilo1247,0.6101105687212931,0.8593691051361452
laoo1244,taik1256,4.054198495318142,2.1283439021107604
lara1258,lara1258,1.6313483822985293,2.4609260989025232
lard1243,tang1340,-1.7789577544164294,2.081187959398891
lash1243,sino1245,1.094700930328628,0.5019004223982284
teke1275,atla1278,3.77012025009476,1.3513865162064302
latv1249,indo1319,-1.7136016245711736,1.4261094068724596
lave1248,aust1305,2.9033975681306248,0.9012648796529216
lavu1241,lavu1241,2.198677622675457,2.862032434983992
lazz1240,kart1248,-1.7705675755809525,2.2921314558617105
lega1249,atla1278,3.408764373547784,1.2608749123354368
lele1276,afro1255,2.337045693653849,0.778903092644244
lele1267,aust1307,2.335729577845385,0.5178525029288839
lele1270,aust1307,2.975601849504034,0.7996017002042626
lemb1266,nucl1709,-0.1929751278987009,0.3811398038049933
leme1238,aust1307,2.7169552210794814,0.6867611024062548
bela1260,aust1307,1.869153614160892,0.6715575364754391
lena1238,aust1307,2.195432079017458,0.6565463563857481
lend1245,cent2225,1.0933589879085224,0.853759896144382
leng1259,aust1307,2.815146646161202,0.7757812986492834
lepc1244,sino1245,-1.1188251350810274,0.5615709219927734
leti1246,aust1307,3.6400207623575183,1.1376489656328763
lewo1242,aust1307,2.247913522650792,0.471358484113086
lewo1244,aust1307,3.4628980788154,1.0753338146993157
lezg1247,nakh1245,-3.574044064479624,1.5474420286540314
lian1251,sino1245,-1.3614154766918007,0.4040695179287485
libi1244,atla1278,4.024925769002713,1.0631694308849229
liby1240,afro1255,1.001086649962383,1.2405968840029011
lihi1237,aust1307,2.5686537750547243,0.7570058101200869
liji1238,atla1278,3.3332789691336564,0.7558698491513223
lika1243,atla1278,3.0578128997339395,1.0019685994766985
lill1248,sali1255,2.0096815036883435,1.3678155903647742
limb1266,sino1245,-2.6166679951920333,0.5752084448388075
nucl1327,limi1242,0.8822279383712722,2.100805821207663
limo1248,aust1307,0.6838137859772637,0.392809427007057
lipo1242,sino1245,1.7073514415117588,0.5576216184874969
lish1245,afro1255,0.4112895783217342,0.9262987969117836
lisu1250,sino1245,1.1821157650443332,0.4922274577591361
lith1251,indo1319,-2.860177142347218,1.4363236909071588
lito1235,atla1278,3.915322260138836,1.059937271137949
livv1243,ural1272,-3.4565600050386607,1.996914075327643
loba1239,atla1278,4.021404787417098,1.0706587665029712
logo1259,cent2225,1.9553350732603985,0.8415578169517541
balo1261,atla1278,3.973809383499213,1.1115110519850635
loka1252,atla1278,3.416931948934754,0.7853253184753513
araw1276,araw1281,1.4590488497172729,1.2186783833812775
lolo1259,sino1245,1.6787599562221889,0.5578165945173232
loma1260,mand1469,2.836972951510823,2.019066120249093
lomb1257,indo1319,1.5024221179205317,1.0220270781347818
acha1249,sino1245,0.7613937288433789,0.5275838744393608
long1395,aust1307,2.838557719269993,0.8040668755608502
loni1238,aust1307,3.0468068216890574,0.8068957903148828
lote1237,aust1307,3.347992654841772,0.6852163233466566
loth1237,sino1245,-2.312466741579049,0.4219335825575712
louu1245,aust1307,3.045874479502885,0.7736943208387297
vano1237,aust1307,2.841623742315221,0.9164080501470816
lowl1260,tequ1244,2.432111853317981,3.1101627264026703
lowl1265,utoa1244,-0.3127621884221044,0.8070780294288706
lozi1239,atla1278,2.1228906729462715,1.1965677390616287
luan1263,aust1307,3.64675500200231,1.1399855991738743
onto1237,aust1307,3.0766396883198994,1.0764656832191388
lubu1243,aust1307,0.7510885701976555,0.3831908686306935
luch1239,atla1278,3.3276322647417267,1.3361171658035165
ludi1246,ural1272,-3.41397767557197,2.192160958937269
lugb1240,cent2225,1.7147505379430892,0.8407866334759575
lugu1238,atla1278,3.073666514958964,0.9535509818093696
lule1254,ural1272,-2.4781688834037485,2.009596113239356
lumb1249,atla1278,3.494679220325812,1.6083477127952523
lumu1239,narr1279,1.9872846629067111,1.8464308551739717
lund1266,atla1278,3.038856178973117,1.384384886469265
lund1271,aust1307,2.0127389500381243,0.6789943036610211
luok1236,nilo1247,0.9272393065005596,0.8691336705185329
luse1252,atla1278,2.8537609630534666,1.1470267756870358
lusi1240,aust1307,3.0779930925620205,0.5959655219208138
luva1239,atla1278,3.303353086950814,1.3548499766288489
luya1241,atla1278,3.221631006404212,1.2897803665862266
maan1238,aust1307,2.641625305302848,1.206278094468237
maas1239,atla1278,3.617588667864844,1.078295781726311
maba1270,atla1278,3.699475033734372,1.1004446707096118
maba1277,maba1274,1.031020368179092,2.0159830911396317
mace1250,indo1319,-1.5523860696849885,0.9935418297595326
mach1267,araw1281,2.000680100844736,1.0439803778639334
maco1239,sali1297,-2.2436266556712576,2.998595885056626
macu1260,tuca1253,-1.3734769882754865,1.1725280428717362
mada1285,aust1307,2.825272954831469,0.7025072354230124
madi1260,cent2225,1.635245579304795,0.9159324500260322
jama1261,araw1282,1.30224255505888,2.1271162110023223
madn1237,east2374,-1.2783805520676808,2.2602479137981115
nucl1460,aust1307,2.917834475117421,1.4513987079904354
mafe1237,aust1307,2.318009862254356,0.477713998638869
maga1260,indo1319,-1.8118883982767688,1.0086475894539042
magd1235,otom1299,2.683503051356403,0.7239264536643102
magu1243,aust1307,0.9878600527918152,0.4767180334741354
maia1254,nucl1709,0.3917690330979789,0.3622426878632048
maia1253,nucl1709,0.3486105462928783,0.3520135962987289
mail1248,mail1249,2.099143498998401,2.700888693593586
nucl1594,mair1253,2.444840855484654,2.9955581659584354
mais1250,aust1307,1.7621875594973355,0.5252638719700933
mait1250,indo1319,-1.664638622171876,0.9323985980286258
maja1242,surm1244,0.3300302899763793,0.9602362239008624
maka1304,atla1278,3.735954089199065,0.9594460931972256
makc1235,taik1256,4.120961676417125,2.119064808548261
makh1264,atla1278,3.066696740610949,1.369936101761135
makh1266,atla1278,3.031871404760244,1.3301446202710825
mako1251,atla1278,2.9087775266114746,1.2031574997278316
makw1236,atla1278,2.866172477536076,1.221976041168289
mala1463,drav1251,-3.915149769946888,2.345531945911816
mala1534,aust1307,0.8479948156636627,0.430693132533035
mala1464,drav1251,-4.000824407075008,2.236551476537341
mala1522,chib1249,-1.7994296439236663,1.0101544652267629
male1284,gong1255,-0.5876151801113122,0.6855440258510992
male1297,chib1249,0.5908331446843397,0.8247645413128453
male1289,aust1307,2.8782666617980355,0.5573767750389447
malg1251,afro1255,2.552635350795577,0.6087180586227827
mali1284,bain1263,2.2470843310915614,2.8121408014852705
mali1285,otom1299,2.6571101882277213,0.841958920148099
malt1254,afro1255,0.3027819473936816,1.2132152931927491
malu1245,aust1307,2.350220442207722,0.4378224789730893
mamm1241,maya1287,3.3102079400169355,1.6182441553061135
sauk1252,nucl1709,-0.1886237087740074,0.3603711624481569
mamb1306,aust1307,3.616946218927231,1.098545917698759
mamb1294,atla1278,3.585475812665322,0.7737010204262864
mamb1296,atla1278,2.8200426598939847,1.0977897181442486
mamv1243,cent2225,1.338155753351249,0.8755276985266711
mana1295,aust1307,2.90020163391704,0.5338784967381436
mana1298,nduu1242,-0.4922461401165915,0.920613503428248
mana1288,sino1245,-2.6061273523630226,0.9200307499235444
payn1244,nucl1709,0.0625773740173032,0.3241634231904333
mand1440,aust1307,2.7242377830348223,0.7540262340386406
mand1415,sino1245,0.4482652344209304,1.527399664734954
mand1436,mand1469,3.785443172116317,2.7201628832185545
mang1378,aust1305,4.2224099753494535,0.9875918165170194
rapa1245,aust1307,2.7488308816686664,2.785269182540093
mang1401,aust1307,2.7634095107649608,2.861315507207939
mang1381,mang1423,-2.1902752676182686,2.0807533753584835
mang1394,cent2225,2.337454435153107,1.029688382216424
mang1404,aust1307,1.317197698508985,0.4439541406801535
mang1405,aust1307,3.350309084207156,1.1779105879517928
mang1403,aust1307,3.318720857825189,0.6784560485365674
tong1308,aust1305,2.4779437953739456,1.1188631992764115
manm1238,aust1305,4.203323868807377,0.9457217424735322
mann1248,mand1469,3.938345779298832,2.1281882405151737
mans1262,aust1307,1.349408211630279,0.6547549832338033
manu1258,aust1307,3.520868145373965,1.0800025744365351
maon1241,taik1256,4.035191629576414,2.1364275904525414
maor1246,aust1307,2.1123229710283216,2.563276524131471
mapo1242,aust1307,2.47326021122757,0.4412286721141605
mapu1245,arau1255,2.161571379826805,3.745188537040873
mara1382,sino1245,-0.6956024831913573,0.489689411047868
mara1399,aust1307,2.385704568917772,0.42378890899609
mara1379,sino1245,-2.4371515534036923,0.4022639314015785
mara1404,aust1307,0.9034980096481232,0.4554171307728358
mara1386,west2434,1.2482997115566337,1.1749535188647116
mara1396,tama1329,-1.4222333888981604,1.844389579793205
mara1378,indo1319,-1.7291221756280288,1.4331054362530704
marg1265,afro1255,2.619579691351291,0.5633234795850175
mari1414,drav1251,-4.3389830726726615,2.0848561738294684
mari1440,coch1271,-0.7741206935453105,2.203521615702618
mari1428,aust1307,1.2129442372636832,0.4298353530102057
nucl1622,anim1240,1.0315008021637948,2.160260269887484
mari1416,sino1245,-2.4600305532709528,0.4134778669996404
mari1424,west2434,-0.0616994633246384,1.160722187529467
moro1289,moro1289,-0.8792473370292067,2.090545987660668
maro1244,aust1307,3.4272267299410397,0.7970104276738788
mara1385,mang1423,-1.28763033046694,2.0331269274792074
mars1254,aust1307,2.594807396376519,2.1591531799328214
mart1255,pama1250,-2.7383996313798087,2.1243008373839194
maru1249,sino1245,1.5779580159287478,0.5553241405266522
maru1252,pano1259,-2.9038784561922446,1.1638652248189505
masa1322,afro1255,2.3287369092694474,0.6881231422616452
masb1238,aust1307,0.6063700277430916,0.5162811740460338
mask1242,aust1307,2.3652380283938803,0.4197589620841553
matb1237,aust1307,3.57513363819993,1.0344079151095684
kemb1249,aust1307,2.6517587296017457,1.136954414231243
mati1250,aust1307,0.8851418437587246,0.4721959249574334
mato1252,aust1307,2.413091276811983,0.4632366995885686
mats1244,pano1259,-2.9551716359071056,1.2428274904930596
matu1261,aust1307,1.5994182160970327,0.4558983351539591
matu1259,atla1278,2.910736416064617,1.089864137550057
mauw1238,nucl1709,0.5236915079873333,0.363117062770609
maun1240,iwai1246,0.976527813129864,2.1640542375254395
maxa1247,nucl1710,-0.0057707454099548,1.2882714531826966
maya1285,misu1242,0.3081052359554842,1.207935135606915
maib1239,mayb1237,2.5329406399440826,3.072793301408677
mayo1264,utoa1244,-0.6804301585662086,0.9002537557955979
mayo1261,atla1278,2.9365468005018927,1.004437158780136
maza1304,afro1255,2.56144605788543,0.5673624308833984
mbaa1245,atla1278,3.374360015141522,1.1383214391203629
mban1263,atla1278,3.6873072122898622,1.079685920502241
mbar1260,afro1255,2.318534439283465,0.6694041334179248
mbay1241,cent2225,3.0707449380480423,1.2550067244710092
mboc1235,atla1278,3.3202265494050347,0.7278478327540947
mbol1247,atla1278,3.67960773399916,1.2248573772560922
mbug1242,atla1278,3.2003543569824187,0.8151612709001377
mbul1263,aust1307,2.7315471218094944,0.5301068320771574
meen1242,surm1244,0.1978240244828881,0.8860125638656458
mehe1243,sepi1257,0.3226205360880984,0.594091703033981
saki1248,tupi1275,2.0347576825791585,1.3236934574921977
meke1243,aust1307,2.434948676408827,0.5178806188707608
mele1250,aust1307,2.063088769676249,0.5367428895503412
melp1238,nucl1709,0.7190062209256807,0.3337170236715971
mend1268,sepi1257,0.2936521746337431,0.6087536587223878
mend1266,mand1469,2.8411766020440856,2.153163888029633
meng1267,aust1307,3.3349527068145384,0.6848475853521494
meny1245,anga1289,-1.9769561184996025,1.4798207644317642
mere1242,aust1307,2.453751485809456,0.5277685334577953
meri1244,east2503,-0.6771661999632638,1.236535136366962
meru1245,atla1278,1.7322607258524123,0.8318734968432704
meta1238,atla1278,3.225656470621698,0.6784723664774486
meya1236,east1459,2.6226485962994186,2.6523389671089124
mezo1235,otom1299,2.8471864724624987,0.8261365596838228
mezq1235,otom1299,2.748953268475215,1.1613457341148852
mian1256,nucl1709,0.5122843158286948,0.4326034974841901
mich1245,utoa1244,1.4854337860336129,1.1930934578776071
midd1357,pama1250,-3.830537217173936,2.9241410526376663
midd1327,aust1307,2.3702750604129643,0.4670593570825065
mika1239,musk1252,-2.1023326085935112,2.104838926814532
mikm1235,algi1248,-0.372273109883324,2.113962198633846
mila1245,sino1245,-1.7247778992701432,0.5389034200788902
mina1276,afro1255,2.59670239371065,0.5531990728323191
mina1268,aust1307,1.6974397684645846,1.1960351422532574
mini1256,huit1251,-1.2981446113118933,1.7758754407515838
mini1251,aust1307,3.0934200461414942,0.6729314079876687
minn1241,sino1245,0.1689354215317099,0.9388696092789974
miri1266,jarr1235,0.3647971318013731,2.034486314316845
misi1243,aust1307,3.4590624413008304,0.9660302081322484
misk1235,misu1242,0.0807847364951453,1.2626447482981549
mixt1426,otom1299,2.444063062374952,0.8220856445563047
miya1266,afro1255,2.309064741585507,0.6680862962334686
miya1259,japo1237,-1.7928350272863782,1.3961819332526346
lush1249,sino1245,-0.8370331084075778,0.4830063236662205
mlab1235,aust1305,3.7949864637341046,1.0522614374637955
moba1244,atla1278,3.340982991018557,1.0838089820708143
moch1257,maya1287,3.466885807732047,1.5976242932317657
moco1246,guai1249,2.4079556297114277,3.152604288824803
mode1248,indo1319,-0.9416032449362336,1.1723485956545767
hebr1245,afro1255,1.7433671686802663,1.18012704037395
moii1235,west1493,2.4663782073108136,3.08483604989844
moke1242,aust1307,2.758361890037137,1.3286587851454748
moki1238,aust1307,2.436989712461444,1.4693165964980857
mokl1243,aust1307,2.633144435558453,1.247362705889449
mokp1239,atla1278,3.289780326116356,0.8332373997601623
moks1248,ural1272,-3.110414931886891,2.2136486137300224
fass1245,baib1250,0.0481618496962444,1.8628644291733905
mong1338,atla1278,3.844032965434204,1.2957639214189598
mono1273,aust1307,3.387308280329985,0.7858892046653638
mono1270,atla1278,3.70155255191966,1.0905271013569156
mono1275,utoa1244,-1.9121754167291731,1.0986307594700762
nucl1458,monu1249,1.112861032827595,2.092958841937845
monz1249,atla1278,3.9499025357779134,1.0698736806338829
mopa1243,maya1287,2.751298941436323,1.698425882037732
more1259,utoa1244,2.090653217225176,0.9235703401709294
morm1235,aust1307,2.855583491394281,0.7437956338430141
moro1285,heib1242,0.4250809745156644,1.3719314690582998
moro1287,aust1307,2.998159119094147,1.0381729801403743
mort1237,aust1307,2.043634960797468,1.2790018112101895
mose1249,mose1249,2.2328055271723706,2.970343420661933
temb1272,atla1278,3.739482853950972,1.0944245893986508
motu1246,aust1307,2.310759616767228,0.5448294093786608
mouk1239,aust1307,3.086967464150604,0.5891412178555626
moun1252,koia1260,-0.4223175334741309,0.8183681906550717
movi1243,movi1243,2.327280323805204,2.961458719403776
tang1347,aust1307,2.365091928158852,0.4913574690461653
moyo1238,sino1245,-1.3123293696344265,0.409271167973702
mpad1242,afro1255,2.3128651339832578,0.712362394889368
mpii1239,sino1245,1.2521616802599298,0.8269364915912485
mpur1239,mpur1239,2.4094932123953905,3.012036231967146
mual1241,aust1307,2.669311845780918,1.1351667547019124
mudu1242,aust1307,3.0837374104436046,0.6592251674483407
mudu1239,drav1251,-4.15747421886913,2.012903566779464
mull1237,nort1547,-1.161306535569174,2.20148142887882
nucl1240,atla1278,3.441438597735977,0.744441324183331
muna1247,aust1307,3.2901557705748936,1.0426022074745005
munc1235,sino1245,0.4453178311612916,0.6637001430419618
mund1328,atla1278,3.130786333780124,0.6378624477147152
mund1325,atla1278,3.4941525184607847,0.7875718421875613
mund1320,aust1305,1.1481878566999135,0.7909965297061756
mund1330,tupi1275,1.1273710642395107,1.3833002168517412
abar1238,atla1278,3.131796596218313,0.6380509631772577
murl1244,surm1244,0.2682974767840752,0.9283773366588264
murr1258,sout2772,1.2128681698196049,2.265986824916566
muru1274,huit1251,-1.3062788228437063,1.7864452100365833
muru1266,pama1250,-4.14297121547266,2.81102118198035
musg1254,afro1255,2.413634677623113,0.6242092836867341
muso1238,aust1307,2.4847648323752645,0.4462055668299918
mwag1236,afro1255,2.143523870029798,0.6682591132978963
mwan1250,mand1469,3.662337428247441,2.0666138398535594
mwan1247,atla1278,2.881708541706012,1.3495626217059176
mwer1248,atla1278,2.9134240419983706,1.1277013579767088
motl1237,aust1307,2.662663650259047,0.7170145232980749
naba1256,nucl1709,0.0659033253955376,0.379384861967293
sout2857,aust1307,2.2818079280550543,0.4282918195663994
naka1262,aust1307,3.313197172069489,0.6794404470567699
nalc1240,nucl1709,0.5952604013900843,0.4482789139519481
nali1244,aust1307,2.8076522773075565,0.7220695595553064
nama1268,aust1307,2.4199193174759936,0.4962725235217373
litz1237,aust1307,2.389663632761115,0.4190575939848493
namb1293,more1255,-0.954378192886059,1.0315510015411444
nami1256,sepi1257,1.1715249465111564,0.6143427415372296
nana1257,tung1282,-3.1617855122870315,2.6021041984599504
nand1266,nilo1247,-0.1457959583142708,0.733159648971152
nang1262,aust1307,2.960714990399105,1.0044512534417107
yong1270,sino1245,1.242047518104232,0.5350598711955801
nati1244,aust1307,2.4412706528979062,0.4258248278813035
naue1237,aust1307,3.606993183989319,1.1092807292939346
naur1243,aust1307,2.9192778944179563,1.8226103580266064
nava1243,atha1245,1.9676506103076876,1.937947107714927
nawu1242,atla1278,3.1088301734464783,1.0369577804606092
naxi1245,sino1245,1.224544589738994,0.5240952072966643
ncan1245,atla1278,3.020771165262983,0.6390328170817225
ndam1239,atla1278,2.942947756342788,0.9786986555739884
nden1248,atla1278,2.9040639811439592,1.055840326610742
ndog1248,atla1278,2.7454147259172705,1.1323588071659607
ndom1245,kolo1268,1.5869065705094632,1.945815994014996
ndun1249,atla1278,3.6872733924011487,1.1060788704694122
nege1240,aust1307,1.7953464757001614,0.9465575236669485
negi1245,tung1282,-3.342880503374694,2.6317364406539507
neha1247,aust1307,3.1408517288604085,0.8185637778132584
kuma1276,aust1307,2.427134781097199,0.8642711829649272
nenn1238,more1255,-0.935868522626008,1.032131282823178
nend1239,nucl1709,-0.1629868863963582,0.3184065493897456
neng1238,aust1307,2.1495499778113096,0.859248666183559
nucl1706,afro1255,0.2546182003369677,1.0069247542341229
nepa1254,indo1319,-2.5571889675472965,1.0378920854201032
nese1235,aust1307,2.223015837899053,0.436018688161889
vinm1237,aust1307,2.3605702476128845,0.4162583566246365
ling1265,aust1307,2.3677022543037403,0.4120755589066274
nezp1238,saha1239,-0.1389559417959672,1.648797112802966
ngaa1240,pama1250,-4.387152802179718,2.5659125120519004
ngab1239,chib1249,-0.6303403788210736,0.7477085233070326
ngal1292,gunw1250,-1.1654515805986911,1.1843070295093243
ngam1268,cent2225,3.0611005948943464,1.226080494984675
ngan1291,ural1272,-2.383425749895798,2.5078432674841897
ngan1295,gunw1250,0.307294135367514,1.1046338332010333
ngar1235,pama1250,-3.462385868757153,1.6893543080138214
ngar1284,worr1236,0.6639989930898936,1.8986108613337285
ngba1285,atla1278,3.874640654469617,1.064487131407125
ngge1241,nucl1709,0.0163927936210921,0.5109450073297754
ngit1239,cent2225,2.46501255539467,0.9547359298834008
nhan1238,pama1250,-4.079470624024457,2.960749257255948
nhen1239,tupi1275,1.6349452241986313,1.3197286369841184
nias1242,aust1307,1.2347993063651217,1.1257310853614868
niha1238,niha1238,-3.2614829332516466,3.914846880267069
nila1242,atla1278,3.3782710607392654,0.8781350386097735
nucl1633,nimb1257,1.1567586303671638,2.156631912402826
labo1244,aust1307,2.4891692375648966,0.4235571386671921
nisg1240,tsim1258,2.00973931253392,3.193348143525963
niua1240,aust1307,2.316808860680011,1.6351325594124215
niue1239,aust1307,2.4312487578211086,1.936531542037458
niva1238,mata1289,2.386555545241613,3.392143970501976
njan1240,atla1278,3.3401463610608566,0.7146503348201554
nkon1248,atla1278,2.9384927045303555,1.021178681612259
noct1238,sino1245,-0.3964579638995257,0.4527673008529902
noku1237,aust1307,2.504125681264347,0.6117767369317182
noma1260,atla1278,3.5235764008716552,0.7914891734602056
noma1263,araw1281,1.9120069364679435,0.985890302311109
noon1242,atla1278,3.828973223259333,2.087866059879053
noon1243,atla1278,3.0235801388577994,0.6425490309525523
nopa1235,otom1299,2.165643532785341,0.7522503047336624
nort2839,aust1307,2.4066351208494634,0.4353481492959759
nort2697,turk1311,-2.936088703964847,2.119114581704008
darg1241,nakh1245,-3.679666670474957,1.5020586704000092
nort2930,kiwa1251,2.0261453569606127,1.8678704793338208
nort2972,choc1280,-2.0959293351667734,1.7629224247079556
nort2702,drav1251,-3.969336788558298,1.9340987151534303
gumu1244,gumu1250,-1.4112925011025594,2.386791374129242
nort2938,haid1248,1.565101089464897,2.178025099211819
sing1264,sino1245,-0.5111210306593686,0.4555634240218529
nort2877,aust1307,0.8921969991233543,0.381620229010883
nort2684,aust1305,3.2316931028091607,1.0327670100665092
lush1252,sali1255,1.9843353521151696,1.3102165349952637
nort2774,atla1278,3.4726243720894656,1.0926006673148994
nort2954,utoa1244,-0.4727913030522976,1.0422594675925367
nort2957,utoa1244,2.178839784250956,0.8639695102646705
nort2723,sino1245,1.0440352477904766,0.5440736043126071
nort2747,hmon1336,3.4860233812402903,2.314517684366976
nort2722,sino1245,0.3470561515666569,0.6037599795854884
nort2885,aust1307,0.5721729055311326,0.499177396944737
tosk1239,indo1319,-1.3588265448749528,0.9578960773904672
nort2732,sino1245,1.4339255608711945,1.1753344423977443
nort2690,turk1311,-3.973565346608948,3.2869956139127816
yoku1256,yoku1255,-1.8081946428173843,2.8122324606603364
nort2745,yuka1259,-1.4136915553722678,3.205696275828861
nort3047,afro1255,2.5552817946062816,0.5641522709716256
nort3139,afro1255,1.723341854747443,1.1067471966897342
nort2845,aust1307,2.664138877295105,2.8285236749355773
nort2671,ural1272,-2.7751160947132703,2.1581317844453496
nort2942,atha1245,3.3307598535117764,3.1218716006346723
nort2847,aust1307,2.202269937692822,0.6540680710486946
nort2699,drav1251,-4.590972674684787,2.165118637883681
nort2961,algi1248,2.258818060112528,2.4261392180338346
nort2775,atla1278,3.757142160082079,1.0063101751398174
nort2951,maid1262,-1.4847070869388554,2.5674715984927543
yaki1237,saha1239,0.3786378116412016,1.6694415266809868
nots1237,aust1307,2.7813554339586752,0.710110505909574
nsen1242,atla1278,3.044325710645241,1.3819278806458597
nuer1246,nilo1247,0.5164238684002174,0.9877033517984336
nugu1242,atla1278,3.5718315966491323,0.7873615576685422
nukn1238,nucl1709,0.931539624998578,0.3775938424579959
nuku1260,aust1307,1.7114610813794076,1.240549546747994
nung1282,sino1245,-0.1436757810687893,0.4755365257697121
nupe1254,atla1278,3.3672515380771486,0.9809743600311388
nusu1239,sino1245,1.1630547943794567,0.4902630731630228
nuuc1236,waka1280,0.5813368845651053,1.6488209631994932
nyah1250,aust1305,3.559342827198354,1.1168319271810423
nyak1260,atla1278,2.8151182558299177,1.0222340999390402
nyam1285,afro1255,2.220464422506696,0.6299446121046959
nyan1307,atla1278,3.2001176578610933,0.9617928575028944
nyat1246,atla1278,3.3837995323318792,0.8692131024721439
nyaw1247,pama1250,-3.9475873428236414,2.324154853802664
nyis1236,sino1245,-2.152918407070169,0.4909828459294356
nyor1246,atla1278,2.9120165035427963,0.8887034071848152
nzad1234,atla1278,3.5703533547262065,1.4257283990440062
nzak1246,atla1278,3.691589149942813,0.9412472244237744
obok1239,lake1255,-0.171498430918097,1.904453165669901
obom1235,aust1307,1.0495518491569311,0.4777655333792081
occi1239,indo1319,1.8894519397626677,1.1769822282939622
oriy1255,indo1319,-1.517775018665021,1.1090418907687347
ofay1240,nucl1710,1.5236704801928496,1.434265088568086
kalm1243,mong1349,-3.816365310323488,2.9294070824013527
okan1243,sali1255,2.235454844791766,1.3907928016104787
okin1246,japo1237,-2.0029874409668103,1.5244796115586094
okoe1238,atla1278,3.420709055128303,0.8839008482893229
oksa1245,nucl1709,0.0860671861776271,0.4202341011881971
oloo1241,nucl1708,2.9088067520532093,1.6802851659209193
olut1240,mixe1284,1.402542563843609,1.4591535745505837
omie1241,koia1260,-0.2348565332248438,0.8500740403400542
onge1236,jara1244,0.9803799080137292,2.4540147548693687
bira1253,bira1253,-0.4105988025330279,1.9442142734534595
onon1246,iroq1247,1.873591542314133,1.9962955440667385
orma1241,afro1255,-0.659234394566496,0.8941560020437063
oroc1248,tung1282,-3.2629167197234894,2.531188949051564
orok1265,tung1282,-3.1040419509540134,2.814082827950537
orok1269,nucl1709,0.0782813522833383,0.5027922080462117
orok1266,atla1278,3.2369582417435803,0.7698033192793217
orok1267,nucl1580,1.2452440887135077,1.6693069017623126
orow1242,aust1307,2.202704455240561,0.7953293120074552
orya1242,toro1256,1.1032994817831576,2.130040919914757
osam1235,atla1278,3.772957523508192,1.2844736045945275
otor1240,heib1242,0.2958602170946725,1.3727793278153149
otta1242,algi1248,2.501970334264624,2.2352083077731244
paaa1242,afro1255,2.2633015587127896,0.7097330362008192
paas1238,atla1278,3.52011263166322,1.061640268138989
paco1243,aust1305,2.984179929755417,0.9676849580326454
pagi1243,atla1278,3.55660394820248,1.105948867786367
pagu1249,nort2923,2.637025157270969,1.66590436928524
pahn1237,hmon1336,3.725272607779557,2.301609295538025
pait1244,sino1245,-1.386534896024684,0.40270869726967
paiw1248,aust1307,0.7594252343445674,0.5027572363063202
pala1344,aust1307,2.118294709950195,1.3226741537457
pali1279,araw1281,0.3965886619945898,1.358197018718922
balu1257,aust1307,3.03939728367666,0.7653696292056473
pamo1252,aust1307,2.246772953431684,0.9015338483047044
pana1307,nucl1710,-0.3226320638400154,0.9736101852840342
enap1235,cari1283,-0.3302538930016988,1.200081522780903
pang1290,aust1307,0.8100540436779549,0.4446994161382926
pang1291,aust1307,1.174855312554659,0.6509755388375993
pang1287,atla1278,2.896396673420406,1.0462087755483722
pano1254,pano1259,-1.6099803942454378,1.085272194387966
pany1241,pama1250,-3.001027681098311,2.103074258865388
papa1238,toto1251,3.100999659187355,2.5945078188944537
papa1265,aust1307,3.3258973114124206,0.76873024894154
pare1272,araw1281,0.5166622052825222,1.0095475436405523
pate1247,aust1307,2.488281719931256,0.4511558819528982
patp1243,aust1307,2.912096009571107,0.7126888585996607
patt1248,sino1245,-4.102763064473009,1.7451427707079723
paul1238,aust1307,3.415857460591312,1.0918728877248558
paun1241,araw1281,2.618640278790264,1.1125367060709994
pawa1255,pawa1255,1.4748861781878695,2.254873435883072
pawn1254,cadd1255,1.3121472760920103,2.628911839031834
pech1241,chib1249,-1.1635355568349448,1.1835801645250603
peer1241,atla1278,3.441895682232244,0.7656803857674364
pela1242,sino1245,0.8970663258474031,0.5218806188997496
pemo1248,cari1283,-0.506827463422318,1.061625941899366
pend1242,aust1307,1.5815112851454254,0.8068286883453428
peng1244,drav1251,-3.3673033955500244,1.831395217543468
peri1253,mong1349,-2.3362708276044986,2.404236945935329
phak1238,taik1256,2.1110927899519885,1.7495406511377958
phom1236,sino1245,-1.8177151821889623,0.4358320247110514
phon1246,aust1305,3.978756570402983,1.1086789596813826
pila1245,guai1249,2.5364205989388884,2.9823910241745075
pima1248,utoa1244,-0.794773440451004,0.8152275423803808
pina1252,piaw1238,-0.1540611364826818,1.3292663992478235
ping1243,aust1307,2.464071514925513,1.5037499996241095
pint1250,pama1250,-4.402828798856109,2.348699150504864
pipi1250,utoa1244,0.7723014435468193,1.218652995306357
pite1240,ural1272,-2.436067486969129,1.9506553065336651
plat1254,aust1307,1.2192219422338426,1.503135716554496
pnar1238,aust1305,1.3024818074089348,0.7179076083432143
pohn1238,aust1307,2.276518491494853,1.4461032235407565
poli1260,indo1319,-1.317047086100736,1.205400175922641
popt1235,maya1287,3.35550495829998,1.5530121983421363
port1285,aust1307,2.2827657687453904,0.4208662627173734
port1283,indo1319,2.097653890116395,1.7321718130953538
phai1238,aust1305,3.891067266765797,1.0411028715022823
pras1239,indo1319,-2.8050322839869666,1.856468130958589
psik1239,afro1255,1.5188667677346743,0.5293278813590439
puka1242,aust1307,2.01321845040464,1.9201879224127945
pula1263,atla1278,3.9831985722799184,1.7960041208934792
pula1262,atla1278,4.062815144804644,1.6972498296933978
pulu1242,aust1307,2.301029568309532,1.3336562765793136
puma1239,sino1245,-2.8704147282333823,0.5747797616512038
pura1257,pura1257,0.8206027961934609,1.9970054199854923
pure1242,tara1323,-0.326569232927672,2.104603465009057
puri1258,sino1245,-4.024615945118916,1.8142568059380668
puyu1239,aust1307,0.5668599454202286,0.4598151901221285
qanj1241,maya1287,3.291676758167331,1.555145316836423
qawa1238,kawe1237,1.1800077229523294,2.8291532834741213
qima1242,afro1255,-1.6821204007326649,0.878399147027686
quer1236,otom1299,2.6311573276611733,1.1993560759759978
quio1240,otom1299,2.757765370759805,0.7828236346362818
rabh1238,sino1245,-2.2937118792616475,0.5557797382327108
rade1240,aust1307,2.448148377108774,0.9995242353929346
raji1240,sino1245,-4.001196010254752,1.214712180444927
rama1270,chib1249,-0.6971448723840176,0.7995269504580493
rapa1244,aust1307,2.6825886660706946,3.134713214933651
rapo1238,nort2933,2.678865936467972,2.27659831977593
rata1244,aust1307,1.48429353257757,0.9236748312141518
raut1239,sino1245,-2.911088691903252,1.269734345337156
rawa1267,nucl1709,0.0415885048848745,0.3268850128982974
reja1241,aust1307,2.292579948356368,0.8737938338247186
remb1250,aust1307,3.4287955226035085,1.1426149157869157
rend1243,afro1255,-1.4738302245070074,0.7610438817910552
reng1252,aust1305,2.755772896829065,0.8780936668660644
rere1240,aust1307,2.37012684466228,0.4108356719319435
resi1247,araw1281,0.8079758236246899,0.8788364250178802
reye1240,pano1259,-0.2497250004766751,1.065416799096485
rian1263,kolo1268,2.5607487714671384,1.981800304747104
rikb1245,nucl1710,-0.5874001938753043,1.1483750235017194
rita1239,pama1250,-2.499726309413,1.651488965890291
beka1241,aust1307,2.574207086316126,1.1529806913121696
roma1326,indo1319,1.357828610191076,1.018131453470784
romb1245,aust1307,0.3833299336613904,0.5220556439386108
ronn1241,afro1255,2.108463563151118,0.6645738906355501
rong1266,sino1245,-2.501524877000329,0.4077494743523058
rong1264,sino1245,-4.087973201297165,1.5231554459530043
roto1249,nort2933,1.6361213727951012,2.214007268592213
rotu1241,aust1307,2.7277697007139725,1.7830710135294243
rovi1238,aust1307,3.480618170983024,0.7859393093345091
ruch1235,aust1305,3.605066787851951,1.0381787428585785
ruka1240,aust1307,0.6696625152460045,0.4591418799129778
ruma1248,aust1305,2.9256165680302715,0.9894757706222936
rung1258,maba1274,2.360028136542629,2.2135808977701448
rung1259,aust1307,1.4048129510646348,0.5912431737127246
russ1264,mong1349,-3.021054267838352,2.8095486415115216
russ1263,indo1319,-2.3393888615729974,2.2287143275092878
rutu1240,nakh1245,-3.536174851731779,1.471629747284834
saaa1241,aust1307,2.4162430545162734,0.4630777513602417
saaa1240,aust1307,2.843957647785007,0.8555984521145135
saam1283,atla1278,2.398603877779826,0.832670163292847
saar1237,aust1307,0.9039842518260018,0.4679954394766454
saba1268,namb1299,-1.682194374282377,1.8329026516042093
sais1237,aust1307,0.9876626408231276,0.5678394041561097
yaku1245,turk1311,-3.357398697413116,3.7645598649995
saki1247,aust1307,0.73255844255586,0.5198315420040878
tsis1238,atla1278,3.3494319407724555,1.035253240100694
salt1242,nucl1709,1.0783648610339491,0.3424065671077354
samb1311,atla1278,3.5043929586495794,0.729196446776661
samb1305,atla1278,3.296855678721877,0.7265700009541796
samo1305,aust1307,2.1273443690083678,1.5902195011667244
sana1295,afro1255,0.0825781212371645,1.2784827385794468
sanb1241,otom1299,2.36009370372893,0.7796237626468301
sanb1242,chib1249,-0.4583671428165136,0.878710911822397
sand1278,huav1256,2.4281161708400165,3.0892263522603702
sang1331,atla1278,2.9996029614975077,1.2908533120060923
sang1321,sino1245,-2.2468495377631488,0.4210006334914533
sang1330,atla1278,2.69284987278787,0.9656914982448228
sani1269,sino1245,1.9113452269106,0.6898911504400589
sanm1301,otom1299,2.927752405430135,0.9087912604369484
sanm1289,quec1387,-2.458835520179969,1.8349689518668624
sanm1295,otom1299,2.584582066891007,0.7219077348583571
sant1410,aust1305,0.2881630780662678,0.747753132834422
sant1451,otom1299,2.447176030986699,0.856829088625938
sant1436,otom1299,2.523812919869387,0.75305073722628
sanu1240,yano1268,-1.4208455301849372,2.184025733266158
sapo1253,aust1307,3.322603061639179,0.775867445601067
sapu1248,aust1305,2.8247421705027063,0.8746765964056156
sara1321,cent2225,2.5143278913249736,1.2581441114675354
sars1236,atha1245,2.5148351868108136,2.2678108000493182
sasa1249,aust1307,3.04605582051646,1.40411476406579
sata1237,aust1307,2.3422696863959085,1.3420197562826797
saur1249,drav1251,-2.9466824747447906,1.988907628166097
savo1255,savo1255,-0.527551221124603,2.0342127116266884
saya1246,afro1255,1.1437675878875528,0.589273721010704
seda1262,aust1305,2.7824884687744933,0.8911363475039629
seim1238,aust1307,3.1236709899484287,0.9023278950962546
seke1241,aust1307,2.185044838614115,0.4629918272049274
sela1259,aust1307,3.603885275840728,1.1719573327871782
sela1260,aust1307,3.2496394509694086,1.104372751601752
sele1249,atla1278,3.058447821812165,1.0165172926851582
sele1250,nucl1709,0.1319753219178338,0.400241363320263
selk1253,ural1272,-2.2107052082131595,2.2226249477007407
sema1266,aust1305,1.8412375578684124,0.911111712168312
sema1265,aust1305,1.9370064637744544,0.9556433278881862
seme1247,aust1305,1.7875151889549397,0.987312527941187
sene1264,iroq1247,1.9930731934328456,1.9031212180286656
seng1281,aust1307,3.2271975723071806,0.6384053240346717
nucl1632,sent1261,1.1902836663652043,2.168868104500973
sout1528,indo1319,-1.3971174816619172,1.03971955639323
seri1257,seri1257,1.3544453314678644,2.580878402389014
sgaw1245,sino1245,1.4341326739265563,0.8283720886990844
shab1252,shab1252,-1.8071144877644023,2.541669258527455
sham1280,atla1278,2.9295939716580635,0.9079050014449468
shan1283,pano1259,-2.833469387604184,1.1319960991117304
shaw1249,algi1248,2.417424283600963,2.2033944018325755
shee1238,hmon1336,2.600621583590601,2.2278516211658133
shek1245,dizo1235,-1.4494982419306623,1.829339337305731
biao1253,taik1256,3.382742651719373,2.2511657749442024
shil1265,nilo1247,0.7134629290793881,1.03244793334148
ship1254,pano1259,-2.931263924690988,1.224101448860024
shix1238,sino1245,0.8104109957155196,0.5361024173953144
shol1240,drav1251,-4.24162253150773,1.971105190619596
shon1251,atla1278,3.219235929149268,1.413168684022993
shor1247,turk1311,-2.8352752795098364,3.039718519318261
shos1248,utoa1244,-1.505517880079255,1.187745171801723
shua1257,jiva1245,-2.122502042725104,1.7751374562909907
shwe1236,aust1305,3.106902119732514,0.9788039207583976
siam1242,siam1242,2.4558234665277707,3.1999347358111114
siar1238,aust1307,3.1635016154128643,0.7306387393148128
siaw1243,amto1249,-0.6243040958841224,1.924567498025528
sich1238,sino1245,1.174144709632651,0.603158785831452
sici1248,indo1319,0.5008217982625285,1.064287795227388
sici1249,atla1278,3.755623917191419,1.1596770525356224
sida1246,afro1255,-1.350596889323456,0.6577350171625778
siee1239,aust1307,2.149381652623805,0.6343750218444368
sier1250,otom1299,2.707343530895345,0.7717632584498961
sier1248,utoa1244,2.132529766772116,0.9289321203771728
sika1261,aust1307,2.940355628913729,1.0238588442780978
siks1238,algi1248,2.748295230325139,2.0904292988407587
simb1256,aust1307,3.4971921057822466,0.8082137670023624
sina1266,aust1307,1.4092680579188577,0.5307997583959683
sini1242,mand1469,2.866073997516174,2.1729862095620813
sioo1240,aust1307,2.5488108451917,0.4809263886353623
siri1274,tuca1253,-1.7877996073889617,1.1294755236457863
siro1249,nucl1709,0.133434056266759,0.332128483120206
sile1255,nucl1709,0.0192337762520989,0.3190762563705203
sisi1250,aust1307,3.4611139867296608,0.8032039394147956
situ1238,sino1245,-0.4496118567903017,0.5346357497543028
siwa1245,sout2948,-0.8669144353474005,1.5602969832136253
siwi1239,afro1255,1.3574939057107147,1.374104834491395
siwu1238,atla1278,3.06134703165561,1.013651513275862
siyi1240,sino1245,-1.3220700890628168,0.4152804666518257
skol1241,ural1272,-3.0453276818218207,2.3875667124005053
slov1268,indo1319,-0.519374265096891,0.9735475358514752
sooo1254,aust1305,3.4072552753343515,1.016590242736016
sobe1238,aust1307,2.6345136574277195,0.7431253693909579
soch1239,otom1299,2.7773755189169,0.813938019790422
soga1242,atla1278,2.585209608693841,0.8477129230296621
soma1255,afro1255,-2.090341693969175,1.3616319225201703
soni1259,mand1469,3.8386612930150497,2.4364185028534378
sons1242,aust1307,2.441031385824208,1.2453097236320438
sooo1256,kuli1252,0.0771676314642505,1.3944555525365976
sora1254,aust1305,0.0590517492716536,0.802217725954538
mani1235,east1459,2.5971806977751752,2.636793816203082
koon1244,atla1278,3.3869342609617,1.5831059220675998
sout2859,aust1307,2.3788003743146704,0.4494476802290297
sout2976,utoa1244,0.7970191029456063,0.9724268529176197
sout2856,aust1307,2.117419613276203,0.5315767346978859
sout2954,japo1237,-1.994243172651032,1.620377051783306
sout2996,ayma1253,-1.4185868508421635,1.7906024696636216
raro1241,aust1307,2.674586657225253,2.437444596751874
sout2741,taik1256,3.9551652115811264,2.178150003231514
sout2715,sino1245,-3.5752137231080843,0.7921033803128701
sout2826,krua1234,2.535157086095545,3.667495759756108
sout2956,haid1248,1.5380055804071635,2.1649542112694773
kach1280,sino1245,0.217656008575907,0.5109710427321694
sout2949,kiwa1251,0.9721439552589228,1.8065265357472784
sout2994,namb1299,-0.5601994908782607,1.742977812767176
sout2649,indo1319,-2.445706347351934,1.9218891958091
sout2729,sino1245,1.230880195070669,0.5113424455874629
sout2728,sino1245,0.423776887691648,0.6089621027687926
sout2918,aust1307,1.54926363455392,0.6686388858452759
sout2985,miwo1274,-1.891568238351084,2.226360062486788
sout2807,atla1278,3.1888172991064656,2.214890015194744
khan1277,sino1245,-1.2568495722812476,0.3967838116185662
sout2679,ural1272,-3.576739830433192,1.9430922712455576
sout2782,atla1278,3.77334477807875,0.7799525576973201
sout2895,aust1307,3.5615007314350637,1.0909138498858244
sout2674,ural1272,-2.988798703090008,2.2347497095009814
sout2959,atha1245,3.412593127096997,2.947448628868716
para1301,aust1305,3.7618973882808704,1.0076570025793927
sout3261,nakh1245,-3.611695092898481,1.4977506806784169
sout2869,aust1307,2.1782086794445408,0.6681234870330144
stan1318,afro1255,0.4558432961326024,1.1063417566258753
indo1316,aust1307,2.60262712244028,1.6363720565384163
stan1306,aust1307,1.8418848465492577,0.9315112871244082
horp1239,sino1245,-0.7366565184780242,0.5584880907258647
suab1238,sout3418,1.6678385949412475,2.579412868811999
suba1238,atla1278,2.7427386951246704,0.8235123515436324
sude1239,aust1307,3.3942547745132297,1.0697365439546047
suen1241,nucl1709,0.1620933423247231,0.44168371505459
suku1272,afro1255,2.6415606653391794,0.5408005747459175
sulk1246,sulk1246,2.254933175838276,2.8077166860577325
sumi1235,sino1245,-2.236815445300716,0.4178726650862199
mari1426,aust1307,2.106439584654274,0.5572308121584229
sunw1242,sino1245,-3.213294028223566,0.6204801387464496
supy1237,atla1278,3.75720802925048,1.2349579721497346
surg1248,ural1272,-1.3437967899092262,1.9301897785641149
surs1246,aust1307,2.966646328771515,0.7216961911222555
swah1253,atla1278,3.085341965428618,1.0149607468103454
swed1254,indo1319,-0.1069671468626843,1.3336774180599544
taba1263,nort2923,1.5124772012076804,1.6447024138366402
tabo1241,tabo1241,0.7614783448324455,1.999720349088192
tafi1243,atla1278,3.164714922563878,1.051869327156969
taga1272,aust1307,0.9264893677402688,0.505476358180732
taga1273,aust1307,1.803264259036211,0.6349772876981099
taga1270,aust1307,0.3128347686517981,0.5205238005175898
tagi1241,sino1245,-2.0550836789627778,0.5219754927954625
tago1246,rash1249,0.6972000100118348,2.086732876007371
tagw1240,atla1278,3.8240894197413793,1.2732778454071898
taha1241,afro1255,0.3271420471677448,1.2229637466938517
tahi1242,aust1307,2.6840364133617007,2.5854501615975947
taia1239,taia1239,-0.0524516961302219,1.8550778669524863
tain1253,anga1289,-1.8754510023356348,1.4532632784963964
taji1246,aust1307,1.7060741755832942,0.7908203276877961
taki1248,aust1307,2.821362678503508,0.4857238933735939
taku1257,aust1307,3.273581104718264,0.9805558926069198
binu1244,aust1307,0.9930885078183505,0.4774266656894443
tali1259,aust1307,2.9841660402112957,0.8010532639109291
tama1331,tama1329,-1.438557192749081,1.855591407620884
malo1243,aust1307,2.2239007415546177,0.4596758101967504
tama1365,afro1255,1.5588518390922017,1.0005015798192574
tamb1254,aust1307,1.6426225743543266,0.5758712777260646
tami1290,aust1307,2.6810449017165605,0.5045809948161448
tami1289,drav1251,-3.905197809010456,2.1695881101691654
tane1237,aust1307,2.8679241038572023,0.907703299372125
tang1377,sino1245,-0.6952512868751114,0.5623701330130544
tara1313,sino1245,-1.4936582900122546,0.3950327691594566
tari1256,araw1281,-0.8076268039054512,0.7571452097229407
tari1263,afro1255,2.219944261936252,1.785930476167202
tata1258,otom1299,2.3845253859537245,0.7407757969557842
tata1257,aust1307,1.617117468805938,0.6136774947626336
tata1255,turk1311,-4.056845992171737,3.0491321721387106
taul1251,taul1250,2.054423124888753,2.6971726541112595
taus1253,taus1253,1.2051825791290014,2.2852148363777465
taus1251,aust1307,1.3673440801135774,0.6353704850850272
tauy1241,nucl1709,0.8945083319128612,0.3137249665987633
tawa1275,aust1307,3.384741751069477,0.7526048600858486
tawa1286,afro1255,1.6026847554177963,1.1034713865142871
diga1241,sino1245,-1.0003974311029995,0.5518531586480382
taya1257,afro1255,0.692505273744247,1.0835753881657206
tbol1240,aust1307,1.0593724785474317,0.5737870653735655
tean1237,aust1307,2.896746578357483,0.9127765882476772
teda1241,saha1256,-0.095819913175521,1.2845791831815925
tedi1235,sino1245,-1.2462688852654162,0.4256026790624245
tehu1242,chon1288,1.1666306791001877,2.7671435848909933
tekt1235,maya1287,3.4195772515575524,1.591421851831317
tele1256,nucl1709,0.4050316543553159,0.4249514632662894
telu1262,drav1251,-4.322954709418556,2.011047654754526
temi1246,aust1305,1.8008070042065127,0.9276821268738784
temo1245,otom1299,2.745772958578191,1.1043083512398475
temp1235,aust1307,1.556398246091522,0.5817134664413697
teng1272,aust1307,2.8936084858319853,1.4962482911043624
tene1248,dogo1299,-0.0884957318352713,0.994945692890143
tenn1246,surm1244,0.5903344668083361,1.0747108020772045
teop1238,aust1307,3.294143514398776,0.7709309922590766
tera1251,afro1255,2.437770983179295,0.6358941428644087
tere1279,araw1281,2.2924024939622027,1.4296028345960448
teri1250,chib1249,0.5842688085521351,0.7197125669559412
term1237,aust1307,3.355756043707557,1.206038055516256
tern1247,nort2923,2.676275721763312,1.7010137399493672
tete1251,utoa1244,2.1135290504155084,0.903059035732106
tezo1238,otom1299,2.750636516723375,0.7777142110860575
thad1238,sino1245,-1.4336739772391165,0.4049653921434633
thai1261,taik1256,3.673847345652751,2.2519799509168985
thak1245,sino1245,-3.789370028936066,0.9804920248910394
than1259,sino1245,-3.445657131238516,0.8069303777422707
thao1240,aust1307,0.7988581542288558,0.4695445728546232
aheu1239,aust1305,3.6618046912122257,1.067142386233618
thay1249,pama1250,-4.06752926306406,1.956727175353242
thul1246,sino1245,-2.7894691828532894,0.5910800607161901
tibe1274,atla1278,2.204398213134529,0.7264443860498471
tibe1272,sino1245,-2.712769632112875,0.7002138031088982
ticu1245,ticu1244,1.2869051088750243,2.396312522448927
tido1248,nort2923,2.9514620649844296,1.7784296792597738
tief1242,atla1278,3.785307728278616,1.0991643122400951
tief1244,atla1278,3.7672714663274633,1.0933504205243771
tien1242,atla1278,3.66498446680176,1.382578409515359
tiga1245,aust1307,2.91572146903719,0.7599601151769697
tigo1236,atla1278,3.2048356481565734,0.6716088107315477
tika1246,atla1278,3.480553975963478,0.7389024919701015
tiko1237,aust1307,2.779339709265615,0.9677233662783796
tilu1238,sino1245,-3.0137127222040934,0.5905517450135243
timn1235,atla1278,4.127525800079132,1.6632293475046325
timu1262,aust1307,1.715202215667614,0.592904947424989
tina1248,aust1307,0.8462444327025538,0.4937022107301185
maee1241,aust1307,2.272783968581584,0.4271651235520473
tiri1258,aust1307,1.9848083399082803,0.8004755981105767
tiru1241,aust1307,0.584720779366896,0.4951913390488567
tita1241,aust1307,2.983912737844443,0.7837309799922005
tivv1240,atla1278,3.2465812530578884,0.6929927543300431
tiwi1244,tiwi1244,1.781834731172553,2.5926294459825545
toab1237,aust1307,2.987774913138093,0.8098809067117365
toar1246,nucl1580,1.2135582839442636,1.6572210227986606
toba1268,leng1261,2.2440373407131142,3.158451509708077
tobe1252,nort2923,2.7802481197065814,1.7045181505632705
toda1252,drav1251,-4.227415350278027,1.967445481660092
toho1245,utoa1244,-0.057794681398135,0.9010300325740666
tojo1241,maya1287,3.380329666536912,1.58623047587193
toke1240,aust1307,1.1124774985937438,1.6150167335358532
toll1241,jica1245,-1.302900588390124,2.4164115039054286
toma1245,mand1469,2.8274907445681543,1.9946552124328027
tomm1242,dogo1299,-0.4008063044585269,1.0181255069159931
tond1249,song1307,2.531814312082805,1.902770731456787
tong1325,aust1307,2.4454447867123097,2.082902630352496
tong1318,atla1278,3.256426876025833,1.3254146905133997
toor1238,atla1278,3.075383488802633,0.9095902623038992
tora1259,aust1307,3.1055583851399566,0.7591203929064587
tote1238,atla1278,3.331068551521142,1.2285388309611678
toto1302,sino1245,-1.219724219721848,0.5674513453162717
touo1238,touo1238,2.373774743870538,2.961119828986321
trin1274,araw1281,2.897464377632393,1.1169308694900737
trio1238,cari1283,1.157289607174793,1.0265366617765077
trum1247,trum1247,-1.209768347748272,2.3388202450317106
colo1256,barb1265,-0.0899331135635893,1.3756667576926225
tsat1238,aust1307,3.029800930094469,1.3599331362876343
dido1241,nakh1245,-3.4502625956840625,1.392393529188701
tsha1245,sino1245,-1.4051759816759053,0.5597735095132634
tsix1234,khoe1240,0.0942520287372866,1.5872616465799254
tsog1243,atla1278,3.4403335532146806,1.4709085661007162
tson1249,atla1278,3.1765458661593478,1.7821011759073515
tsou1248,aust1307,0.7616655487947948,0.4572785324219186
tswa1255,atla1278,3.155773371376693,1.7614265498315067
tswa1253,atla1278,3.357476245158014,1.6319152884521395
tuba1278,utoa1244,-0.984405589774338,1.0643652418839693
tuge1241,nilo1247,-0.2027679235060667,0.7472743778087567
tuka1248,aust1307,3.340497029132815,1.0660157273735429
tuki1240,atla1278,3.550720930948168,0.8122621576888456
tula1252,atla1278,3.401085479871381,0.751118409414798
tulu1258,drav1251,-4.386460298419396,2.12617533920017
tuml1238,aust1307,3.042704037880298,0.6175539532787875
nene1249,ural1272,-2.1162560255013507,2.179362108663338
tung1290,aust1307,2.8476898448247048,0.8061492921671345
tunn1238,afro1255,-0.5312550973609421,1.014040648025639
turk1308,nilo1247,-0.8704316570663783,0.8916129230534944
turk1303,turk1311,-2.84558571770518,2.3814452335082086
nucl1301,turk1311,-2.6808952842402096,2.537948023127031
turk1304,turk1311,-3.612194261375383,3.0556930601327137
tusc1257,iroq1247,2.0519670316275853,1.9722497996823671
tutu1241,aust1307,2.385902269834698,0.4617575170673689
tuva1244,aust1307,2.7229003530352487,2.131312669421976
tuvi1240,turk1311,-2.870322970267618,3.028446350335468
tuwa1243,aust1307,0.7917225333404052,0.3443385773322287
tuwu1238,atla1278,3.009017590731804,1.0216539486016547
uuuu1243,aust1305,4.16499866425371,0.9597386402204576
ubir1237,aust1307,3.172442896030332,0.5916231669713916
udii1243,nakh1245,-3.4584676209436784,1.5743773251124562
udih1248,tung1282,-3.119528685262871,2.610636455852953
uduk1239,koma1264,-0.0225462229302427,1.3299854746858344
ughe1237,aust1307,3.610694626895055,0.7879903113548075
ugon1239,sino1245,1.228584068351017,1.063033047272599
ukra1253,indo1319,-1.6847015558418366,1.5810664585140852
ulch1241,tung1282,-3.335969253179204,2.567848021227568
ulit1238,aust1307,2.1456773665984645,1.390435351711818
ulwa1239,misu1242,0.4252818364901972,1.2886800268389722
yaul1241,kera1258,2.213111085289202,1.8460903666346
uman1240,daga1274,1.5178827449732548,2.090510935897866
umbu1257,atla1278,2.0480078119537533,1.7186520554517548
umbu1258,nucl1709,-0.4035756994392339,0.3635307752134684
umes1235,ural1272,-3.6003644978314333,1.9786350443092957
unaa1239,nucl1709,0.6379952670643018,0.4460723571283269
unea1237,aust1307,3.049663932248968,0.6332090772196377
unua1237,aust1307,2.420273876509261,0.4128028070038496
uppe1275,toto1251,3.1802289771821246,2.562727696820738
urak1238,aust1307,2.527554794331423,1.195760012729699
urar1246,urar1246,1.3081248600184543,2.343805513514834
urav1235,aust1307,2.2297629187593166,0.6320040253123995
urim1252,nucl1708,2.951888368861775,1.652400155429512
urip1239,aust1307,2.313454386029929,0.4229172281176252
urni1239,giim1238,1.2176328540644183,2.251105945043744
usan1239,nucl1709,0.2725745794512909,0.3304900236194488
utes1238,utoa1244,-1.4171560461548696,1.2584309716619932
pile1238,aust1307,3.030725185976149,1.0470865624294747
veps1250,ural1272,-3.4218622840225623,2.2301066688417706
vera1241,aust1307,2.6903133091261524,0.666361361440158
viem1243,atla1278,2.515436804900069,1.0609072500316374
viet1252,aust1305,3.9323500208520312,1.2064167324671704
voti1245,ural1272,-3.556173220094984,1.9465668073121432
vunj1238,atla1278,2.8249613607188517,0.8487967680136013
vure1239,aust1307,2.6435168453922606,0.6688122430220957
vwan1235,atla1278,2.55756675035182,0.971174108490505
wadj1254,wadj1254,-0.3674673960415383,1.9500303243709995
waga1260,pama1250,-3.522270201282584,2.08441252126259
wage1238,wage1238,-1.334941834856005,2.298004770030774
waig1244,aust1307,3.250120007754448,1.0190058703638147
waim1251,aust1307,2.406631157766214,0.5415951484768904
waim1252,aust1307,3.620198726898572,1.0950383760429805
waim1253,cari1283,0.6846662585426236,1.0879567548507616
waiw1244,cari1283,1.5732862597504904,1.0235756746151168
waja1259,atla1278,3.4614502887234546,0.7553589019788305
wala1266,aust1307,2.9359822265542923,0.784464953283627
wamb1258,mirn1241,-2.141704379802845,2.368404419569773
wamb1259,nucl1709,0.617666572182732,0.4625909309313645
wamb1257,sino1245,-2.984995770390874,0.5907227238542436
wand1278,afro1255,2.6034654899311334,0.5641759426224873
wand1267,aust1307,3.5226248716223103,0.8706864074961409
wanm1242,pama1250,-2.973434084691295,2.133051614246443
saka1289,aust1307,2.3586110822957127,0.5379161668980927
waor1240,waor1240,1.0560336549533664,2.225830624366038
wapi1253,araw1281,1.4699411796183868,1.166437270143886
wara1303,wara1303,1.1001044555543205,2.461918151174805
wara1300,aust1307,0.4332343621417746,0.6229957832632005
ward1246,yang1287,-0.8976941462797617,2.1508398083694136
ware1253,aust1307,2.601803587886267,0.782872286579078
wari1268,chap1271,2.1170383180541084,2.9034920395841928
warj1242,aust1305,1.2318152659783936,0.7514978067196889
warl1254,pama1250,-4.18865298351947,2.0810391899973446
warl1256,pama1250,-4.824790820165533,2.32624719078839
waro1242,aust1307,2.778637409230333,0.757454093036765
waru1265,pama1250,-4.4558698508621575,2.12861992946603
wash1253,wash1253,0.303570800361946,2.044975020571971
wask1241,nucl1709,0.4510689492535552,0.4031509056200022
waur1244,araw1281,0.49774925606659,0.9605167951326496
wawa1246,atla1278,3.383963527450937,0.734316989232334
waya1269,cari1283,-0.2876424816075207,1.034064517115704
wayu1241,sino1245,-3.114769984307264,0.61952781521292
weda1241,aust1307,3.319506663892948,0.6869101458604936
wels1247,indo1319,1.8683083114618089,1.3702817479094032
west2564,aust1307,2.0976467005328296,0.7380646437412715
west2560,aust1307,1.650058798134011,0.5916149465790284
west2548,aust1307,3.737427757714699,1.164358389026539
west2615,atha1245,2.047912987557448,1.9333493238549488
west2441,pama1250,-4.451446628691135,2.420896626473281
west2397,aust1305,3.371141590098464,1.0088853568417449
west2555,aust1307,0.9680842438776,0.4603177586112847
west2618,eski1264,-1.1125042316321254,2.5894702113387837
west2650,aust1307,2.792106961092412,1.20473376734145
west2594,nucl1709,0.027309738182678,0.556095523247568
west2369,indo1319,-1.3876722412094815,1.4111875804156124
west2519,aust1307,2.53639582557192,1.7059574052166395
west2354,indo1319,1.7016324754135952,1.2516696369598588
west2644,otom1299,2.3349277234936463,0.7347074742727013
west2624,utoa1244,1.9653734281843176,0.9819105937239794
west2466,atla1278,3.770789082023406,1.118875262229191
west2632,kere1287,1.1567528062869163,2.4095768594745
west2396,aust1305,3.882650584901591,1.0140007803092512
west2418,sino1245,-3.765322274013567,0.9723020691925086
west2392,ural1272,-3.0619291538780247,2.156107792981407
west2763,afro1255,1.7793992973272608,1.129870339833051
west2386,indo1319,-3.187156746241091,1.617124410659926
west2557,aust1307,0.8635541598603064,0.5759358808223176
west2415,sino1245,-3.4312227588488904,0.762554628393735
west2430,hmon1336,3.349341979542452,2.3591816446437104
west2599,nucl1709,-0.2485404017281806,0.3970093409076343
west2600,nort2923,2.9055076461984077,1.716142216997925
saka1291,aust1307,0.8184013349317288,1.374441348149248
west2516,aust1307,2.1781706280477957,0.7183902612168946
whit1269,aust1307,2.1915672506975503,0.6624047978872607
wikm1247,pama1250,-3.925255454970942,1.923629859188651
wiru1244,wiru1244,-1.065072233425827,2.067903934321066
babi1235,atha1245,3.253601263190096,2.4302275725575857
woii1237,aust1307,3.0397242614529385,0.8414242167561667
wola1253,afro1255,-1.3509580255673974,0.6958838468314301
wola1242,gong1255,-2.060366369995588,0.7456547319886191
wole1240,aust1307,2.394827098064519,1.378278534545955
woli1241,aust1307,3.275719156177709,1.0499475231826194
nucl1347,atla1278,3.841506640740545,1.9677737926161336
wotu1240,aust1307,2.5421600788115017,0.9473250581359718
woun1238,choc1280,-1.78439658937872,1.8106579448130224
wuch1236,sino1245,0.2469941340701024,1.2092440962140625
wudi1238,sino1245,1.4451593364337647,0.6115949478516729
wusa1235,sino1245,1.5802233521309512,0.6131443372914323
wutu1241,sino1245,0.1117301484146452,0.8372518575730883
wuvu1239,aust1307,3.123740146286274,0.8141162072415913
xamt1239,afro1255,-2.045936526579768,0.8854670379833287
xara1244,aust1307,2.1459940737861887,0.786995262701117
xava1240,nucl1710,0.3324720139792184,0.9936493389145492
xish1235,sino1245,1.6729963015948863,0.5750652649514727
xokl1240,nucl1710,-0.5164422494393028,1.5725502026085216
yaak1241,afro1255,0.4800804279299014,0.7312713295720155
yabe1254,aust1307,2.709638742239664,0.5047542540972021
yaey1239,japo1237,-1.4739748186312005,1.313392359779484
yaga1260,nucl1709,1.0269077298210014,0.3459960196253329
yagu1244,peba1241,-0.7371078266416854,2.09843649114238
yaka1272,atla1278,3.8926298055134914,1.098453063056434
yaka1277,aust1307,0.8036476278176741,0.5979256435856302
yaka1269,atla1278,3.436918242399252,1.5564611321673691
yakk1236,sino1245,-2.637021105302129,0.5821290462778101
yako1252,atla1278,3.355704863261492,1.1100555281359237
yale1246,yale1246,1.1229779873564305,2.092124901700989
yama1264,yama1264,-0.4948850743594905,2.474228681044501
yami1254,aust1307,0.2551780375604164,0.5330462989607962
yami1256,pano1259,-2.53865938931226,1.0925999765537178
yamp1242,sino1245,-2.976799661528819,0.601476113462458
yane1238,araw1281,1.797601988987071,1.0139791679803265
yano1261,yano1268,-2.141911289130714,2.259159421458513
yaoo1241,atla1278,2.900589501623854,1.2987023491539134
yaou1238,mand1469,3.6440083527795175,2.1529509124445863
yape1248,aust1307,2.165260822298092,1.3908624346979035
yaqu1251,utoa1244,-1.0841930620089446,0.9007515659044004
yare1248,yare1250,1.161508053017667,2.149383001303007
yatz1235,otom1299,2.653821515793998,0.7943975556255634
yaum1237,nucl1709,-0.1957286074299155,0.3629430902652899
yawa1260,pano1259,-2.6266407933296296,1.0946162598152362
yawu1244,nyul1248,-1.1362441886649806,2.0277027664158407
yecu1235,toto1251,3.11032577917206,2.598651018197325
yele1255,yele1255,1.5390675360982176,2.590611485612821
yems1235,gong1255,-1.8780115235101495,0.8031078769097082
yapu1240,nucl1708,2.894613077243875,1.671189541771172
yess1239,sepi1257,0.1250764586846929,0.5917227055161298
yeyi1239,atla1278,3.1120947892299857,1.252564992307815
yidi1250,pama1250,-3.872282438635722,2.1900782255472926
yima1243,lowe1423,0.8942743776014183,2.0053556522215583
yinc1238,aust1305,3.7837382915077016,1.0104788631445274
yind1247,pama1250,-2.821089199014459,2.084979818201305
yine1238,araw1281,2.00444987077549,0.9739223115944612
yoga1237,aust1307,0.6686986206793328,0.3886515190992377
yona1241,japo1237,-1.6241551231529958,1.3290269031237705
yong1276,taik1256,4.075787619421543,2.2097080483352283
yong1280,nucl1709,0.050699217300729,0.5035773955570244
yora1241,pano1259,-2.2979664937013,1.1406746517503985
youl1235,sino1245,0.8511404643314854,0.5979837459670749
youn1235,hmon1336,3.400584812083481,2.2385839317921885
yuca1254,maya1287,2.7609514885162887,1.9771794660497068
yuch1247,yuch1247,1.5717082004755474,2.8688661775772166
yukp1241,cari1283,-0.6488675220414853,1.340309119727617
yulp1239,pama1250,-3.780375084610431,1.9850355772470645
yulu1243,cent2225,1.739119815621423,1.1607897278819888
yuqu1240,tupi1275,2.6126140448833923,1.5980092153347805
yura1255,yura1255,2.383031807566526,3.115588308727081
gami1243,pama1250,-4.060164123034268,2.919939915204401
zaba1237,aust1307,3.278251736325284,0.8188666614937148
zaca1242,otom1299,2.30774266270719,0.7586638793288767
zaca1241,utoa1244,2.1772861410918947,0.8761532426325402
zaiw1241,sino1245,0.845440156838896,0.542301868951399
zamb1245,atla1278,4.033231289195999,1.0946963578663509
zani1235,otom1299,2.459143707866002,0.7102762550749215
zapa1253,zapa1251,1.77467083804048,1.9330057442148505
zarm1239,song1307,2.705386735826527,2.2870328826599597
zays1235,gong1255,-1.907427126553692,0.7125279639286379
zeme1240,sino1245,-2.483230134805797,0.4020679806121592
zenz1235,otom1299,2.2066418548173803,0.7103392396759354
zhab1238,sino1245,0.5609053350260641,0.5974922974489871
nort2795,atla1278,3.341237256517014,1.435382642542602
zoog1238,otom1299,2.650390244654638,0.781025412280556
zulg1242,afro1255,2.593978405219749,0.5526230035406474
zuni1245,zuni1245,-1.456616882097269,2.545025636832868
