Glottocode,Family_ID,GPGLMM_Latent_Mean,GPGLMM_Latent_Variance
abad1241,aust1307,-4.3561864001463135,1.9324047523230377
abau1245,sepi1257,-5.775180045847764,10.605661963300165
abee1242,atla1278,-4.655656109870652,3.399442334292317
abkh1244,abkh1242,-4.78615621812115,14.228580209905717
abua1245,nucl1708,-5.884712980818435,9.823498274812792
abui1241,timo1261,-5.615070303004069,12.52405341741806
abun1252,abun1252,-5.567029855426362,14.224386146312526
achi1257,aust1307,-0.944253102770495,1.4085452833501648
acha1250,araw1281,-1.2779124493846523,1.816450358636061
ache1246,tupi1275,-3.684335592853628,7.1852658155993225
ache1245,narr1279,-4.534304512626222,10.157434538632586
achi1256,maya1287,1.8912559216917435,1.3218656018243564
achu1248,jiva1245,-3.593760741081768,5.948293216384812
achu1247,pala1350,1.0527743454605738,3.9014845150295656
acol1236,nilo1247,-0.597888613967414,1.2631975337694286
adan1251,timo1261,-5.594070915284789,12.50925988516714
adon1237,aust1307,-2.8818718944794592,1.2474845075127377
adze1240,aust1307,-4.487568241143336,1.6875708610072735
aeky1238,kamu1264,-5.784918521291379,14.11318556477903
afad1236,afro1255,-2.937745925993695,0.9203632763075548
afar1241,afro1255,-3.930785789710082,3.427017036051666
aghe1239,atla1278,-5.233090877789364,1.426787966114745
aghu1255,nucl1709,-6.3448805413929925,9.039663339357986
agob1244,paho1240,-6.012510576049783,14.040182452130908
agua1253,jiva1245,-3.4061235683430886,6.12990495982568
agus1235,aust1307,2.326470996096384,1.1470596864289888
agut1237,aust1307,1.9817896135608035,1.3827442066399414
ahin1234,aust1307,2.806316830597818,0.8139870773152893
aika1237,aika1237,-3.3117807106707,9.751577798564568
aime1238,bosa1245,-6.037714907477357,14.261707930173811
musa1266,nucl1709,-7.234116247198369,8.533106555644707
aito1238,taik1256,-4.736681453156858,11.146464559613593
ayiw1239,aust1307,-2.060245245913705,1.2948539816889877
ajab1235,atla1278,-4.34721546722856,2.2670183427056827
ajas1235,kres1240,-4.774837138780893,12.466649104496454
ajie1238,aust1307,0.8937825615680142,0.6464767375704668
west2635,maya1287,2.54867490610926,1.206848478819694
akei1237,aust1307,-3.9746903827080025,1.0287699136193424
akha1245,sino1245,-8.676664625986854,7.324370566589252
akoo1248,atla1278,-4.680093962809837,1.5118408991327783
akun1241,tupi1275,-4.733091215917147,5.764872644666809
alab1254,afro1255,-4.033311326532287,2.050825823581164
alab1237,musk1252,-3.403542037669465,6.440053779388009
alac1244,otom1299,1.964870353334181,1.004267403300673
alag1248,afro1255,-3.054131052060824,2.482690965464613
alam1246,sepi1257,-6.209673780615551,10.660890104847155
aleu1260,eski1264,-3.670128607189548,15.316103188588656
alor1247,aust1307,-3.089299117840928,1.411682940322308
aluk1238,drav1251,-5.876679678295195,10.117159720843604
alya1239,pama1250,0.0603030619299014,1.1980522629418573
amah1246,pano1259,-2.766289691925909,1.8831128666269592
amam1246,kuni1270,-6.823931841660196,13.727230925297915
amap1240,left1242,-5.515414459062201,13.659328777046582
amar1272,aust1307,-4.561092209177479,1.5376245776279944
amas1236,nyim1244,-4.887849873834215,13.580079329157767
ambu1247,nduu1242,-5.732963627136709,12.27416061343162
amdo1237,sino1245,-7.796893974066757,10.397875121490628
amha1245,afro1255,-4.001446652319574,2.8377224613247023
amii1238,west2434,-5.237559098678588,11.04943973765603
amis1246,aust1307,1.3144799663398965,0.6588642491189916
hoaa1235,kxaa1236,-4.899589352451869,17.245912033424105
amri1238,sino1245,-6.707615613562686,6.378226527168266
gily1242,nivk1234,-5.665610280768851,24.38162224359411
anei1239,aust1307,-1.6604587339167771,1.118848088755669
anem1249,anem1249,-6.025254441655052,13.936927254170612
anfi1235,gong1255,-5.501428007236747,9.16535932694336
anga1290,anga1289,-6.784796747598357,14.030367969538531
anga1288,sino1245,-6.888096416942631,6.401975497667223
ango1257,chib1249,-5.239027239951321,5.548628001658329
wara1294,more1255,-5.861426531855814,13.074722252499598
anta1255,aust1307,-1.3963353875183424,2.9291027119659674
anuf1239,atla1278,-4.532310158670759,2.37687628064171
anuu1241,sino1245,-6.921362490604237,7.288635055030838
anut1237,aust1307,-3.523557753171725,2.081984794834156
aona1235,sino1245,-7.074483363449058,6.599861761257884
aoua1234,taik1256,-6.907865153830292,12.118856520542138
apat1240,sino1245,-7.051160794039831,6.740523702312331
apin1244,nucl1710,-5.802270675728325,9.781317155058405
apma1240,aust1307,-3.4386079805590573,0.9646981982978672
apma1241,kera1258,-5.275097878249031,13.100826022986084
apur1254,araw1281,-1.3926459190780434,1.846469389933958
arak1252,aust1307,-3.290362985365519,0.9580934924732248
aram1253,more1255,-5.872451966140519,13.056856515513276
arao1248,pano1259,-2.424344093548546,1.850586986946368
arap1274,algi1248,-2.056369974073165,2.960941617978761
araw1273,tupi1275,-6.275290569266225,8.74275605073791
arbo1245,afro1255,-2.570994608608152,1.6012852134683584
arch1244,nakh1245,-5.992607912202384,9.481624935610128
aree1239,aust1307,-3.982947441121565,1.6577519856143113
area1240,aust1307,-1.7509587739559147,0.6636234943004524
argo1244,afro1255,-4.058423894230076,2.818727468988797
arhu1242,chib1249,-4.7697539543711365,5.105494472393573
arig1246,atla1278,-3.2472558383452386,1.5940762938200097
arom1237,indo1319,-3.7395183108963375,4.521015527918209
arop1243,aust1307,-4.535473870856235,1.6329735816516262
arop1242,aust1307,-2.8965473464980547,1.70880378429446
aros1241,aust1307,-1.667752313180698,0.861697971992399
arta1239,aust1307,3.001080878538784,0.8642817028292313
asha1243,araw1281,-0.093761821934716,0.9775766598633168
ashe1272,araw1281,1.2427281306424964,1.0471738671640909
asoa1238,cent2225,-5.782877500044728,8.671399269265038
assi1247,siou1252,-4.411077742279383,8.183685466144922
asur1254,aust1305,-3.794832976270667,3.3135778063428063
asut1235,atla1278,-5.88884741093174,3.1579610694985973
atam1240,aust1307,2.4331588307701795,0.9519086300202416
atay1247,aust1307,0.9091016956389836,0.7714680644842673
athp1241,sino1245,-7.2782434245222305,7.318657765768734
aton1241,sino1245,-6.722103868850207,6.505785901635662
auuu1241,nucl1708,-4.852729264594102,9.77072328712805
aulu1238,aust1307,-3.367233230596136,0.8211420033417909
auye1238,nucl1709,-6.618147671740088,9.177987561485551
avac1239,tupi1275,-5.794451574020892,9.002725580494214
avat1244,atla1278,-4.487000652763104,2.357363545857311
katb1237,aust1307,-4.230632162606664,0.8206546988839847
awac1239,barb1265,-3.3727579502596856,6.525147633378481
awad1244,aust1307,-4.465591064424714,1.6600530582709752
awad1243,indo1319,-6.692101894203214,8.153147866108483
awar1249,ramu1234,-6.314113885025591,14.104168529808677
awar1248,nucl1709,-7.539235426510137,8.614455068690134
awet1244,tupi1275,-5.946680967130803,6.691336220159272
awji1241,afro1255,0.3469285218715727,1.9294705132317205
awtu1239,sepi1257,-5.557597903890034,10.456395139427356
axam1237,aust1307,-3.3387544202027204,0.8276285575807094
axiy1235,sino1245,-8.467609958086378,7.828405518585171
ayac1239,quec1387,-3.266240231872508,5.386871198031798
azha1235,sino1245,-8.521399001690753,7.772452038028675
baba1264,atla1278,-4.353287541768332,1.4670095206455755
baba1266,atla1278,-4.394704702149165,1.4514240454687553
baba1268,aust1307,-0.6831366709704159,0.7777398262345798
bada1257,drav1251,-5.778213050390889,10.156424146243268
bafa1247,atla1278,-4.459392767756903,1.562774326807201
bafi1243,atla1278,-4.305443712496593,1.708275352201568
bafu1246,atla1278,-4.317419970461798,1.4295798854187751
baga1273,atla1278,-2.703807167964711,1.816328329648513
baga1272,atla1278,-3.4384308951343168,1.7510971471351553
bagi1246,cent2225,-4.451974872492001,7.139431441008526
bagv1239,nakh1245,-5.928499115254818,9.35103888618042
baha1259,afro1255,-2.637514570360735,3.640218997176234
bahi1252,sino1245,-7.385393518759818,7.6031920529844115
bahn1262,aust1305,-3.945847726607457,2.43485824613002
baim1244,sino1245,-7.820600810688044,10.160854087722484
baka1272,atla1278,-4.9651071828931785,2.821800908211401
baka1274,cent2225,-5.453380673826945,7.915414996321516
baki1244,aust1307,-3.32322665005606,0.9050802381125322
bala1316,aust1307,1.5045434305563958,0.8852605372106268
bala1311,aust1307,2.111855684287648,1.2172337310948222
bala1315,aust1307,-1.1200192467855627,1.3064004348926517
bali1278,aust1307,-2.4101678413411003,2.001650843271193
liki1240,atla1278,-5.985197843328851,3.545402429012782
bamb1270,aust1307,-1.3313901562661767,1.160944342686392
bamb1269,mand1469,-4.342198832917692,6.089500309403093
bamb1262,maoo1243,-5.2482548024735625,12.736119522518138
bamu1253,atla1278,-4.309005922182961,1.5755427170098244
bamw1238,atla1278,-5.917895216342951,3.5136827855821906
band1344,atla1278,-6.190601388975609,3.598654875082147
band1340,atla1278,-2.475286855040003,1.7036607005373696
bang1363,bang1363,-2.89929254183996,8.60491768865846
bang1369,sino1245,-7.086304012370043,6.97477906320195
guar1293,araw1281,-1.053211169716691,0.9627473308467812
bani1255,araw1281,-0.6645151666057454,0.9927081421072472
bann1247,aust1307,-2.377905231031771,0.960868846631854
bant1281,sino1245,-7.317613829935437,7.413977655603304
bant1288,aust1307,3.571466090021296,1.4201293014949954
bara1357,sino1245,-7.513808132837928,8.23008621871378
nucl1630,koia1260,-6.708763049382887,13.53887725626818
bare1279,afro1255,-2.971290422933701,1.9344207636362825
bara1369,aust1307,0.7529279142864747,2.2823437006408938
bara1361,atla1278,-6.230999443946895,3.6742448629320847
bara1370,aust1307,-2.018617147974397,1.098172520876247
bard1255,nyul1248,-4.690887894128805,12.013694549014772
bare1276,araw1281,-1.0747866860758015,0.9781280890165648
barg1252,nucl1709,-7.327656521574834,8.601724675865015
bari1286,aust1307,-4.560818573628632,1.5391299903902649
baro1253,aust1307,-2.98701700348039,1.340706371698403
basa1282,atla1278,-3.76866976409126,1.5745343538742134
bash1264,turk1311,-6.738411378381633,17.732886183188768
basq1248,basq1248,-2.6904664871610677,8.597765622733618
bata1293,aust1307,-0.8130035191846927,1.1674683266357846
bata1289,aust1307,-0.766932365063826,1.219241014053793
bats1242,nakh1245,-5.822955549965272,9.356944767764103
baur1253,araw1281,0.5736251237656065,1.151378257379278
bauz1241,geel1240,-5.691855122233571,14.083790982442451
bawm1236,sino1245,-6.8184824125024015,6.967043267118754
bayb1234,aust1307,2.126278988874127,1.3375962835257411
bebe1248,atla1278,-4.934086245440319,2.137953956265676
beem1239,atla1278,-5.953480614865795,4.596857390695746
beja1238,afro1255,-3.0988842919989845,3.258646134028936
bekw1241,atla1278,-4.020756114291456,1.433962812944216
bekw1242,atla1278,-5.15884396996059,3.058411453614795
bela1256,nilo1247,-1.4848654062467483,2.146252283118315
bela1254,indo1319,-5.493108952328935,7.533900343433146
nyal1254,aust1307,1.2536790000023048,1.155447314253692
belh1239,sino1245,-7.288683700159002,7.348263424860661
beli1257,cent2225,-5.460552443504356,7.815908552717772
bell1243,sali1255,3.014034426461489,3.587454521353564
belu1239,atla1278,-5.887513499776827,3.58477999985972
bemb1257,atla1278,-6.069405916720451,5.055116115851121
benc1235,gong1255,-5.57155172787315,8.876158715853919
bent1238,dogo1299,-3.524135077979581,5.9378392372097295
zagh1240,saha1256,-4.294065797852093,9.416526537935423
bert1248,bert1248,-4.4301730606371885,12.671146934861213
bezh1248,nakh1245,-5.901085236032484,9.290165117427662
bhoj1244,indo1319,-6.545961400919696,7.478868128046244
biaf1240,atla1278,-1.8446195744524951,1.5538597735984467
biak1248,aust1307,-3.352757379128517,2.077013932999151
bian1252,kuni1270,-6.913905581393417,13.676607223184815
biao1254,hmon1336,-5.963129580529367,12.704546819894588
biao1256,hmon1336,-5.405754429706294,12.34457317867792
biat1246,aust1307,-3.169692698385881,2.1278606748204822
bier1244,aust1307,-4.214006434529498,0.901140868132714
bign1238,aust1307,-3.296482869006473,0.850778831265842
biha1246,aust1307,-3.803610048084757,2.5595192346968645
bila1255,atla1278,-6.006589049474054,3.625545046538633
bilb1241,aust1307,-4.33019268465023,1.6976239273328986
bili1260,afro1255,-3.4444898350763604,3.1328388327777787
bilu1245,bilu1245,-3.071959404810103,8.711056824604682
bimi1240,nucl1709,-6.425203955287719,8.645966394187752
bina1277,nucl1709,-7.484353378533546,8.991986581395437
bine1240,east2503,-6.080493949528435,13.728596655536506
bini1246,atla1278,-3.333204956572794,1.6624329798437856
gunw1252,gunw1250,-1.86924724113585,1.927860141387768
birr1240,cent2225,-6.595647950286747,8.48624750192117
bisu1244,sino1245,-8.545848588689541,7.336627343998629
bitt1240,aust1305,-4.207478935732724,2.478260164021677
biwa1243,yuat1252,-6.035151654968184,13.95467300320854
blab1237,aust1307,0.2591280901210337,0.6006793234576406
blan1242,aust1305,-3.931942592090226,2.412412947948539
bang1354,atla1278,-5.655441315683999,3.884522222197688
bodo1272,atla1278,-6.282672218518177,3.545014220049936
bodo1267,aust1305,-3.598922979131465,3.334573485462656
bodo1269,sino1245,-6.69284562526704,6.335526680796534
boka1249,sino1245,-7.25323459005741,7.319278272783251
bola1250,aust1307,-3.47702249447092,1.4694067242050437
bolg1251,atla1278,-6.801072505252259,3.10582255324357
chim1302,quec1387,-4.196366047019017,5.860652673252062
bolo1262,atla1278,-5.852385966220518,3.629167447675016
boly1239,aust1305,-3.847141618830526,3.5654510819586847
bomb1262,atla1278,-5.97142105258956,3.4447947272149264
bomk1234,atla1278,-4.073167896714416,2.404006431592805
bona1250,mong1349,-6.393813432929953,16.925131924802685
bond1247,atla1278,-5.933773666483298,3.456456456538561
bond1245,aust1305,-3.633395221593483,2.9958086369925496
bong1289,aust1307,0.5416633406446243,0.8631517566201836
bong1284,atla1278,-5.546994006508796,3.558780355619604
bong1285,cent2225,-5.622042565950607,7.878275116892198
bora1263,bora1262,-3.2579538985893666,9.399784141904362
bora1271,afro1255,-2.1748792041220346,1.7887820579573344
bord1248,chib1249,-5.100973653316792,5.246855173340833
bori1243,sino1245,-7.194790881233123,6.966137988754781
boro1277,gong1255,-5.771494229980016,9.622292458716345
boro1282,boro1281,-3.2085727463736613,9.649347801371889
boto1242,aust1307,2.896343322413389,1.1992347741327194
boun1243,atla1278,-4.568291946136984,2.5646256673909136
boun1245,nucl1709,-6.965403619156,8.58581736526277
bouy1240,taik1256,-6.233879505613758,11.623734351719222
brah1256,drav1251,-6.759956506973685,14.408710297491169
lave1249,aust1305,-4.288044116953807,2.236145073487464
bret1244,indo1319,-0.017357993103455,1.7500943177270043
brib1243,chib1249,-4.173211080388189,4.427860772244841
bube1242,atla1278,-2.6458013639991256,1.7567968882874112
budu1248,nakh1245,-6.041581810546512,9.8911622252174
budu1265,afro1255,-2.102187676096235,1.1937202250427532
budz1238,atla1278,-6.2180330541162325,3.894640806680286
buga1247,aust1305,-3.949859147335693,3.283994456711625
buga1250,aust1307,-4.606362467595098,1.615583342089835
bugh1239,aust1307,-0.506241500142941,0.5684556526990718
bugi1244,aust1307,-1.2357817760494063,1.05656432961284
bugl1243,chib1249,-4.495073716037821,4.878902855159382
buhu1237,aust1307,-3.7685389940372422,1.8223905645960627
bujh1238,sino1245,-7.539117432450112,8.28053372834087
buki1249,nucl1708,-5.973903858904688,9.865782955721995
buku1249,atla1278,-4.424963698610438,2.5002106557233787
bull1247,atla1278,-3.0347683129456278,2.244203639450049
bulo1242,aust1305,-4.242734949385373,2.542093463712021
bulu1251,atla1278,-4.374635990751158,2.1724478563094607
bumt1240,sino1245,-7.004322000804338,6.958618240500613
buna1276,aust1307,-3.566055156455366,1.685361993550373
gahr1239,sino1245,-7.794735882471633,11.23137570083678
bund1253,indo1319,-6.733790589178186,8.300710071818443
bura1292,afro1255,-1.6450714624068707,0.7586022915904067
bura1267,mani1293,-4.209818070298976,10.654462577945424
bure1242,afro1255,-2.1610560969007286,0.8359961533803926
burj1242,afro1255,-3.581143229214172,2.02497056281878
nucl1310,sino1245,-7.119834756439968,7.479114282232771
burm1264,burm1264,-5.741819989862963,14.115595382237316
buru1303,aust1307,-3.047834916242808,1.8609763053380988
buru1320,afro1255,-3.1019537815262685,2.6603827295413964
buru1296,buru1296,-6.288777343478177,20.74302547939796
busa1253,mand1469,-4.988796238400013,6.398135263949328
bush1247,atla1278,-5.929214152489847,4.917752032685186
buwa1243,afro1255,-2.3894879910833384,0.5574230131596067
bwai1242,aust1307,-3.9313795883802274,1.6089198085663412
bwat1240,aust1307,0.5416508596156713,0.7240701997245793
byan1241,sino1245,-7.721333034511076,9.934201069569724
caac1237,aust1307,1.530196972121642,0.8146223138364093
cabe1245,chib1249,-3.2137383687624164,4.356863377034927
cahu1264,utoa1244,-3.779291006824383,3.5899197879552247
cakf1236,afro1255,-1.6247984340631367,0.939451820416906
cald1236,quec1387,-4.263690114009714,5.635720780186631
caml1239,sino1245,-7.352668894511737,7.523614755247621
camp1261,indo1319,-3.806976548421623,4.218808224200444
cane1242,nucl1710,-5.849287582091527,10.39538869251568
caom1238,taik1256,-5.604601551459743,11.977196560644655
capa1241,pano1259,-3.114713254754205,2.191705923171071
carn1240,aust1305,0.1463598894234001,1.6269375142732656
caro1242,aust1307,-1.3941140019910203,2.258690548554398
cash1251,pano1259,-2.542997512285202,2.176907150310143
casi1235,aust1307,3.130911243397244,0.9736962491829928
stan1289,indo1319,-3.070893519176204,3.583619011862126
cavi1250,pano1259,-2.1045597438532435,1.759760473371358
cayu1262,cayu1262,1.603538487908172,4.728371397903032
cebu1242,aust1307,1.8541398246420528,0.9786345619361184
cemu1238,aust1307,1.3636466633631654,0.7329935356814303
cent2127,eski1264,-3.6719279799480486,14.11230273990408
cent2142,ayma1253,-2.3726996815751003,4.948148477377799
cent2004,sino1245,-8.100815612583643,7.587563047727471
cent2292,aust1307,2.1328246506414645,0.7215483652886974
cent2084,aust1307,2.5749074047969254,0.9533464948202806
cent2314,aust1305,-4.078127786872872,2.698650670091567
qaua1234,taik1256,-7.000607371963978,11.92412948057249
cent2050,saha1256,-3.712988576245946,7.457183226395401
cent1989,aust1305,-4.325985990726594,2.6177903463590297
mala1479,aust1307,-4.1201614373855175,2.480155630996947
cent2322,ural1272,-7.06856412960661,19.422293720517104
cent1992,aust1305,-4.203760317581783,2.42540092058276
cent1990,aust1305,0.1050634415615787,1.5939859437969943
cent2126,japo1237,-4.240668344282211,7.923396580110676
cent2140,miwo1274,-3.461443701894752,8.05137721116536
cent2131,utoa1244,-1.9150570860191087,1.4348063009053649
cent2150,chib1249,-5.207512141146317,5.535752134815468
mbal1255,atla1278,-6.3396891025881015,7.529172113610485
chac1251,pano1259,-2.4754733823290915,1.8672056727483124
chad1249,afro1255,-1.8469243780686524,1.6166063384841325
chak1270,sino1245,-6.865158392325,7.343731385988988
chak1271,atla1278,-4.580042654946775,2.343825334334369
cham1315,zamu1243,-2.392196180185246,6.916831280530403
cham1309,nakh1245,-5.940121940185588,9.373300236324468
cham1312,aust1307,-0.0220877347734953,1.759658071278707
chan1313,sino1245,-7.212293799242815,6.734903450821477
char1269,gong1255,-5.691451401863278,8.782735358705239
chas1234,sino1245,-7.963815839763734,7.417024369250697
chec1245,nakh1245,-5.925345369402072,9.82288204614558
chek1238,aust1307,-0.6373863233480566,0.5893785956299809
chen1255,drav1251,-6.223153217613785,10.033042082019236
chep1245,sino1245,-7.508176474548557,8.095192980233321
cher1273,iroq1247,-2.947024984983711,6.45309059872217
chey1247,algi1248,-1.9155091738276224,2.8979459306870154
chic1270,musk1252,-3.3284155871928767,5.451203744073695
chig1238,atla1278,-5.907481436997156,3.649866829203688
chil1280,atha1245,-3.5413234032559173,6.315809568754389
chim1309,chib1249,-4.015601417685986,5.076760362685135
chhi1245,sino1245,-7.296253314309622,7.359677398257503
chip1261,atha1245,-4.527004180729692,10.60585039051601
chip1241,algi1248,0.4639165203749713,2.282316992609495
chir1283,sino1245,-7.018278564833565,6.4826114597661615
choc1275,sino1245,-6.973341660026266,6.840743948800835
choc1276,musk1252,-3.3707248886227528,5.314661898426422
chon1284,aust1305,-4.114492316974705,2.6821487911196726
chot1239,sino1245,-6.954240974883046,6.499493198582186
chra1242,aust1305,-4.103522643686397,2.7996999195411973
chuj1250,maya1287,2.496714169653738,1.2331764359425108
chuk1273,chuk1271,-5.64599837620254,35.925417596595224
chuu1238,aust1307,-3.657033940216633,3.194450794190118
chuv1255,turk1311,-6.434001680572086,16.351867449407678
chuw1238,atla1278,-5.400256991651752,5.151869420360256
cici1237,atla1278,-4.054386194156906,2.220165119475169
chin1286,chin1490,-2.8422726222432293,8.542829406444014
cent2087,aust1307,3.64196943131243,1.4566571031760844
sout2912,aust1307,2.66967560902193,1.5960948359788176
coat1243,otom1299,3.2414382732805764,1.1463237272415938
coca1259,tupi1275,-4.385553029941375,6.072463026319497
coeu1236,sali1255,1.3785649613997362,1.7825417628382212
cofa1242,cofa1242,-2.8556933753043867,8.278963180021535
cogu1240,chib1249,-4.736438042482742,5.157455080620323
inga1252,quec1387,-4.234238251066074,5.560796385093525
colu1241,sali1255,1.2347981892867677,1.5739709889028433
coma1245,utoa1244,-2.863419798848573,3.5310202213728275
como1259,sali1255,2.993716506035004,2.868325717868956
cong1236,atla1278,-6.107269345437385,4.86895740902834
copa1237,otom1299,2.4807327358385924,0.897819161741424
cors1241,indo1319,-4.038895714537185,3.943827220104183
cosa1234,sino1245,-8.717234266302118,7.331397812832748
cota1241,aust1307,1.3403583834504933,0.9063068816903836
cree1270,musk1252,-3.338251584528432,5.43573287047812
crim1257,turk1311,-4.908679961125133,11.707875918834064
crow1244,siou1252,-4.74719046825423,7.508126786841373
cube1242,tuca1253,-2.5299031927456155,1.8439795315276652
culi1244,araw1282,-3.2677437500846103,7.987609846509841
curr1243,araw1281,-0.6886374012151673,1.0898374635757904
cusc1236,quec1387,-3.3678919904786944,5.436962236282113
cypr1248,afro1255,-0.5498419496257627,1.6593512850155747
czec1258,indo1319,-4.855083799038866,5.331817264410475
daai1236,sino1245,-7.085180195039243,7.503389447592355
daas1238,afro1255,-2.973593624297468,1.6813697455837655
dadi1250,tebe1251,-6.458647030002853,14.276904684345482
dagb1246,atla1278,-4.562709877525759,2.3456934724142826
dagi1241,narr1279,-4.528925995514514,10.206968007767898
daur1238,mong1349,-5.720191541699677,20.41306573000017
daha1245,afro1255,-2.926113903993968,2.636764311731426
daka1243,aust1307,-4.347550233819533,0.8700724630532335
damp1237,aust1307,-0.9726695191352848,1.1024138107993906
dana1252,aust1305,-3.3548983745740246,2.523233230969751
dand1238,drav1251,-6.495447123095763,9.93473376892561
dani1285,indo1319,-4.327348310763293,5.312214952301716
dara1250,indo1319,-6.618627028171339,7.922376467849517
darm1243,sino1245,-7.722698913111197,9.943792990191398
dawr1236,gong1255,-5.8041954966549785,8.827933939928343
daza1242,saha1256,-4.271784038832084,8.155158642410669
defa1248,ijoi1239,-2.96821684778242,8.853746142143592
dege1246,atla1278,-2.947586486660696,1.5978634570857793
dehu1237,aust1307,0.5756087280299971,0.7710672440616122
dera1245,sena1264,-5.465042631804424,13.681641290118066
dera1248,afro1255,-2.66986930096634,0.8615392223579761
desa1247,tuca1253,-2.605747375194217,1.694783007684194
dhao1237,aust1307,-1.633127090853738,1.3569606399541811
dhar1247,pama1250,-0.0970589940058004,1.507547459374976
dhim1246,sino1245,-7.144235191338748,7.101208224107765
dibo1245,atla1278,-5.680109500242026,3.4782620976267395
dier1241,pama1250,-3.0860172346632004,2.9851715192440764
digo1243,atla1278,-5.887637719642078,3.523795211727787
dima1251,sino1245,-6.673964693539068,6.278536114741812
diri1252,atla1278,-5.725308804850349,6.584025436130887
djam1256,pama1250,-2.1098776658037592,1.840365848437969
djee1236,mani1293,-4.4845548655697485,10.697798208118911
djeo1235,nucl1710,-3.252350617923152,6.261650602988354
djin1253,pama1250,-1.8608107231332356,1.6945687492904111
dobu1241,aust1307,-3.68876910944512,1.6161485391919257
domm1246,nucl1709,-7.183173237712003,8.57254677375387
doma1260,indo1319,-6.918715611015042,11.226914968565836
dong1285,mong1349,-6.37398926628501,16.94593207941493
doro1266,manu1261,-6.641136493384517,14.377979182698953
drun1238,sino1245,-7.835091468819549,7.825900513368467
chug1252,sino1245,-6.953851303829147,6.747958054193688
dumb1241,aust1307,0.417673212317907,0.8370117222946902
dumi1241,sino1245,-7.357520948971901,7.5535130585342785
dupa1235,aust1307,2.8221459974986027,1.0002519102346383
dusn1237,aust1307,-2.763845106491845,1.946245117518416
dutc1256,indo1319,-3.5491102296969657,3.669540795241801
dyir1250,pama1250,-3.3998065224673275,2.508038489017025
dyul1238,mand1469,-4.878293954448786,5.704367022092185
dzao1238,hmon1336,-5.7173500015373975,12.508941106210642
dzon1239,sino1245,-7.069572040669165,7.076326597242883
east2443,aust1307,-3.5294854032159906,1.0198916050509297
tang1336,sino1245,-6.8820122613118695,6.460020044288527
nucl1235,indo1319,-5.511158099095816,5.9468224526472255
east2379,pama1250,-1.5310357328941937,1.5850225266909064
sout2896,aust1307,-2.9817937905815053,1.3036584025787334
east2555,tupi1275,-3.3366609653222823,5.9997144069958495
east2332,aust1305,-4.314550156564869,2.4811577260281013
east2563,aust1307,-3.615888585305568,2.6864919906110885
east2690,afro1255,0.4193144197094947,1.5280198378994498
east2556,otom1299,1.235647923055379,1.2844910921707964
east1236,aust1305,-4.104038019558515,2.401826365440826
east2342,sino1245,-8.215524162295376,7.452989230117751
east2328,ural1272,-6.653378328349028,14.807817840598574
east2773,sino1245,-7.422817130626889,7.753468659823525
panj1256,indo1319,-6.836542548798056,9.76245074564646
east2485,aust1307,-1.5906424842560485,0.915104220669818
fina1242,aust1307,1.5471412984674875,0.6909605013780151
east2447,aust1307,0.5035707141670049,2.071144801433846
east2516,nucl1709,-6.961966101243643,8.658721921533626
huaa1248,tuuu1241,-4.805823817412788,17.735663481774537
wall1257,aust1307,1.4507657502466027,2.080996311922007
egyp1253,afro1255,0.800156394633281,1.7713505185331542
eipo1242,nucl1709,-6.274656692354034,8.811675677014534
ekar1243,nucl1709,-6.591488603476252,9.219864150982758
elem1253,atla1278,-3.0491136287019787,1.472729369106105
elip1238,atla1278,-4.271296628654771,1.771312722427396
elna1235,utoa1244,-0.4856714438486675,1.2177339177943765
emae1237,aust1307,-3.1520460426982924,0.9725405234118654
emai1241,atla1278,-2.9998253854676795,1.5749241552836253
embe1260,choc1280,-3.692693642210171,5.9578179756846765
embe1262,choc1280,-3.82196544858602,6.103216777212822
stan1293,indo1319,-2.1464295436721925,2.4703607626447592
enuu1235,sino1245,-8.625681556201668,7.400030913697762
epen1239,choc1280,-3.729923015060818,6.187821916829847
ersu1241,sino1245,-8.021310702033674,8.74063298705289
erzy1239,ural1272,-6.427748460124832,13.624401485624858
esan1238,atla1278,-2.870384107825065,1.5292021908642257
esee1248,pano1259,-2.615265237625042,1.9234870216624955
esim1238,atla1278,-4.318711763298086,1.4191710703848628
esto1258,ural1272,-5.834057525327703,12.122597635439844
eton1253,atla1278,-4.2319793119946985,1.8647255904422335
even1260,tung1282,-6.284883750370812,26.49983676772941
even1259,tung1282,-6.692354402571818,25.081801936085892
ewee1241,atla1278,-4.405810336991539,2.4262922174433186
fala1243,sino1245,-6.544156919886412,6.509657759889549
fare1241,atla1278,-4.44905976397224,2.3505051455334467
faro1244,indo1319,-3.319515789362448,5.715445872481411
fasu1242,fasu1242,-6.153925454464631,14.25870285793532
fiji1243,aust1307,-0.1372047258163826,1.6418147865751251
fili1244,aust1307,3.6040180060525424,1.373470531056313
filo1235,toto1251,2.1619959570215497,3.1789469226746263
finn1318,ural1272,-5.949922119127576,13.358426676998562
fipa1238,atla1278,-6.147034914680638,4.354500574156049
foii1241,east2499,-6.220201918172085,14.250493065865172
fonn1241,atla1278,-3.4822747872588566,2.253615785085458
fore1265,ural1272,-7.186190194172362,25.09846857965583
fran1266,mixe1284,1.197679922172464,1.9474210685938689
stan1290,indo1319,-2.0025371870768245,2.5996596839003985
fuln1247,fuln1247,-4.169974657757702,16.35212686570749
furr1244,fura1235,-5.182820970261723,14.584736491467453
furu1242,cent2225,-5.548331401274582,8.71447293385259
futu1245,aust1307,-2.84222379056803,1.2210423281218965
fuyu1242,fuyu1242,-6.773246988726008,14.34835114973933
gaaa1244,atla1278,-4.453287920958562,2.8258416485683853
gaam1241,east2386,-5.202399438179707,13.84151026576599
gaan1243,afro1255,-1.398148575266208,0.7053317991002643
gada1258,aust1307,2.5637912623537327,0.7361510098650399
gade1242,atla1278,-4.084176838512991,1.6348859725985676
gaga1249,turk1311,-4.818094061999336,11.88426657632509
gala1264,afro1255,-2.148590634391396,0.8051657619900965
gale1259,nort2923,-4.547278489094632,9.168056321302515
gali1262,cari1283,-3.412925265727201,3.513284478544321
gali1258,indo1319,-2.5707639297736318,3.342665640727205
galo1242,sino1245,-7.273225199563443,7.138167498025524
gamo1243,gong1255,-5.771421314632908,8.77939574655764
gand1255,atla1278,-5.455746726972925,3.0245132528736463
gang1267,tang1340,-4.027101426318259,9.15235550113853
gang1266,sino1245,-6.930967855339265,6.465966331015935
gant1244,nucl1709,-7.136625264085236,8.530544065328058
gapa1238,aust1307,-4.005451538284753,1.6845063304026129
boht1238,afro1255,-2.8809817379731646,3.9300164570587697
gari1256,araw1281,2.410857448855718,2.656323552689372
garo1247,sino1245,-6.748202005154878,6.563342736371737
gara1269,garr1260,0.8512304066728835,3.654904943836982
gata1239,aust1305,-3.615969531335423,3.2451505935004263
gayo1244,aust1307,-1.2090362674379422,1.3954482840130709
geba1237,sino1245,-7.848150175130655,7.610039862457427
gebe1237,aust1307,-2.727281890052399,1.9703780493674257
geda1237,aust1307,-4.326515690518917,1.6951558174385326
gela1263,aust1307,0.2437129881104436,0.5418564856044554
nucl1302,kart1248,-5.0771023364462575,13.62569351135646
geru1240,afro1255,-2.117154068791602,0.8670282495713622
gese1240,aust1307,-3.6320928173484464,2.0683749325219623
ghad1239,afro1255,0.9860342609099896,2.285805406730219
ghan1242,aust1307,-0.0536767082435036,0.6991786508756519
ghar1239,aust1307,0.508174329392939,0.6127692044064474
gheg1238,indo1319,-4.760236117712664,4.7621652229422295
ghom1257,afro1255,0.0028650284758571,1.814451725376827
gida1247,afro1255,-2.0508333342181286,0.8044951063063763
giiw1236,afro1255,-2.162745065315419,0.8204204878659453
gilb1244,aust1307,-2.6516659043998483,4.120981935917484
gira1247,nucl1709,-7.296082085521494,8.53849642233321
gizr1240,east2503,-6.04363335600088,13.745828997290984
glav1244,afro1255,-1.085781343939309,0.5401902789810009
ghod1238,nakh1245,-5.964163584026808,9.486563801391654
goem1240,afro1255,-1.7941106786145538,1.001959018752146
gofa1235,gong1255,-5.771951169157001,8.78206539475535
gogo1265,suki1244,-6.0794940242287066,14.43076584056412
gola1255,atla1278,-3.5039156080922345,3.02561138313466
goon1238,buna1274,-4.440830457848888,13.46241536748957
pare1266,aust1305,-3.61313060780725,2.982454328995928
gras1249,koia1260,-6.707923975829601,13.563396352766318
guah1255,guah1252,-2.7406755349703427,8.00505572145019
guam1248,barb1265,-3.411541253463454,6.659146172683663
guat1253,guat1253,1.3847099939967018,4.395598692468468
gube1234,atla1278,-3.3130941838586305,2.034510783918876
gude1246,afro1255,-1.606472798592491,0.6363971402164026
guer1243,otom1299,2.51325920945848,1.0033849599522142
guhu1244,nucl1709,-7.527874119144439,8.897984148170693
guiq1238,sino1245,-7.948551337705274,9.089375801331514
gulf1241,afro1255,-2.124148987886186,2.3680257278048917
guma1254,aust1307,-3.802737202009016,1.6033595661071018
guny1241,pama1250,-3.1694727173825465,3.1774308385898564
gura1251,indo1319,-4.133660566086088,5.461844615631435
guri1248,guri1248,-5.483786097777911,13.581439229974803
guro1248,mand1469,-4.984937042779631,6.163795511252204
guru1261,sino1245,-7.397086358583099,7.648314009858709
guru1271,afro1255,-2.0901509968710625,0.8195105056003769
gusi1247,atla1278,-4.993021458585081,2.470555711893056
gugu1255,pama1250,-2.8953416480511,2.3602954498925754
kwam1249,koma1264,-4.4740953609672856,11.066356661023065
gwen1239,atla1278,-5.691526430874178,3.057115331418089
gyel1242,atla1278,-3.71215161711718,2.20838728734823
haaa1252,atla1278,-5.978029834646702,3.87692602859741
hadi1240,afro1255,-4.006306525669354,2.030525633659664
hadz1240,hadz1240,-5.178122084012653,13.908824301972842
haka1240,sino1245,-6.749457999066305,6.817300221938083
hakk1236,sino1245,-6.0476414832342495,8.09282545387876
hala1252,aust1305,-4.206300124434214,2.24742892948197
halh1238,mong1349,-6.315518143442057,20.59752045311707
hali1244,aust1307,-2.8968031007609087,1.1201932705473183
halk1245,sali1255,2.583915984788491,2.1384045105026104
hame1242,sout2845,-4.073851015924414,11.493279453849524
hang1263,nduu1242,-5.69083310470117,12.266194987774568
hani1248,sino1245,-8.673602201458724,7.515130797460372
hano1246,aust1307,-3.5517852669104397,1.0303756430595996
haro1237,aust1307,-3.541085945686704,2.6050420513632844
haru1245,piaw1238,-6.303756229754109,13.74620293453556
hass1238,afro1255,1.042312792232031,2.425560722235815
hata1243,hata1242,-5.913633800760046,13.067764182807494
remo1247,aust1307,2.5074455278532715,1.2026561557926383
haus1257,afro1255,-1.920647464937555,1.1521084987654433
nige1253,atla1278,-4.833498491671008,2.050353297116644
hava1248,coch1271,-3.092850646120012,8.153959598516977
hawa1245,aust1307,3.188276399507818,9.596462086690892
sabu1255,aust1307,-1.215295291760568,1.2723793515369977
hdii1240,afro1255,-0.8884996972479149,0.4920974990169213
hehe1240,atla1278,-6.046673731357921,3.783266935425445
here1253,atla1278,-5.577086373124826,7.043432216135116
hida1246,siou1252,-3.99921038898718,7.727946605858563
high1276,mixe1284,0.4053757031340113,1.566539265295063
karb1241,sino1245,-6.697710637393557,6.297144645556131
hind1269,indo1319,-6.746527591095202,8.692623684757734
hinu1240,nakh1245,-5.899713011639442,9.353860443144782
hixk1239,cari1283,-3.3834506746258604,3.364753610282037
hlai1239,taik1256,-6.756598132194821,11.460779415999523
hooo1248,aust1305,-3.546295266121813,2.894882585191297
hoav1238,aust1307,1.2987930361101343,0.607485226563071
ainu1240,ainu1252,-5.256765250050588,22.07743354236959
holo1240,atla1278,-6.094297225967691,4.48906199942877
hone1235,atla1278,-4.930019628024664,1.7815716832100603
honi1244,sino1245,-8.599379231422752,7.434104027597826
hopi1249,utoa1244,-4.063144918295402,3.342129460289456
hote1245,aust1307,-4.5515744823447655,1.6623214841892064
hozo1236,maoo1243,-5.1973726467593,12.672735148943502
hrus1242,hrus1242,-5.406300107719396,15.33454113791636
huuu1240,aust1305,-4.087340332902259,2.448504643460055
hual1241,quec1387,-3.537997028177221,5.21262815261835
huam1247,jiva1245,-3.502579572507766,5.845441826055222
huar1255,utoa1244,-2.339686098421882,1.470200517754435
huas1242,maya1287,-1.22390424554983,2.201123903094554
huba1236,afro1255,-1.5690539129265124,0.6259376231461289
huic1243,utoa1244,-0.9520637912730758,1.286323772706865
hula1239,aust1307,-4.210423717505721,1.996043643623309
hula1244,afro1255,-1.3465477492392788,1.9584793368621547
huli1244,nucl1709,-6.686877524572218,8.6723653704544
humb1243,song1307,-3.642251077212092,5.992626317768753
hung1275,aust1305,-4.3063174392012735,2.642889442383975
hung1274,ural1272,-5.116983426925195,11.787677672165458
hunz1247,nakh1245,-5.908851218731684,9.29655322921306
hupd1244,nada1235,-0.9642497996011908,2.4645084056831337
wyan1247,iroq1247,-3.351474741252735,6.242658117174301
hyam1245,atla1278,-4.496438585575791,1.7256224563730171
iaai1238,aust1307,0.0118690666935479,0.6928645503932245
iatm1242,nduu1242,-5.937243391715311,12.341418796948432
ibal1244,aust1307,2.661033623928064,0.833133688512234
iban1264,aust1307,-2.712827269098118,1.7081531015774942
iban1267,aust1307,2.721733647453319,0.8765055965595252
ibat1238,aust1307,2.3327884839576294,1.1731564652660325
ibib1240,atla1278,-3.24469454471826,1.4292262699754446
icel1247,indo1319,-2.9760530462168733,7.456396698774569
idaa1241,aust1307,0.7242545721567994,0.8288309120097068
idii1243,paho1240,-5.964785457820657,14.018522436830608
idom1241,atla1278,-3.81254397848086,1.484349246281596
idum1241,sino1245,-7.486431671846432,7.856407998073394
idun1242,aust1307,-3.969955890661488,1.6075486305573037
nucl1417,atla1278,-3.023262488254084,1.5094414542186882
igna1246,araw1281,0.8244789960840491,1.09171524295148
ikkk1242,kuli1252,0.9567908686435218,2.7894753933847483
ilaa1246,atla1278,-5.8924364765042805,5.7006684041260485
iliu1237,aust1307,-3.2992761525424927,1.5776997823356569
ilok1237,aust1307,3.02987489059536,0.9123802341631092
ilon1239,aust1307,2.9957533548729165,0.8468337978964655
imba1240,quec1387,-4.263768309169755,5.706106306174249
imon1245,bord1247,-5.493184905178831,13.66211255020356
ingr1248,ural1272,-6.017689161136683,12.50369635671926
ingu1240,nakh1245,-5.852139115696623,9.70059643557721
alba1269,aust1307,2.774007135930678,1.4046077934201406
iqui1243,zapa1251,-3.346032298724738,7.429035661129419
iraq1241,afro1255,-2.993014472140048,2.4520123269713707
irar1238,aust1307,-3.649450747853309,2.017590990848348
iris1253,indo1319,-1.241202624425628,2.360500317681968
irul1243,drav1251,-5.782782002178434,10.122433744652454
kris1246,skoo1245,-4.569251075476292,12.65702176566218
isco1239,pano1259,-2.935445730068483,2.04482658107996
isin1239,aust1307,2.880051074845732,0.8029375274289379
isir1237,kwer1242,-5.706893849667972,13.549225647772415
isna1241,aust1307,2.2502605618933105,0.9563761956139416
isth1240,utoa1244,-1.1932242769938557,1.301342002629852
isth1241,utoa1244,-0.3877994262630961,1.295769018971484
ital1282,indo1319,-3.597448506346629,4.064924091460597
ivat1242,aust1307,1.792756999973505,1.1684504479838864
iton1250,iton1250,1.2198695978501335,4.036462743191606
itza1241,maya1287,2.102119037730339,1.5913520363417175
iumi1238,hmon1336,-7.424146631897907,12.767098145325347
iwal1237,aust1307,-4.550406710849009,1.6749330848884227
iwam1256,sepi1257,-5.819088063001786,10.551137189905944
iyoo1238,nucl1709,-6.560480902816942,8.583211953460022
jahh1242,aust1305,-3.4689103628396056,2.4713286947705058
jalk1242,mand1469,-4.846084441698517,5.717059175262577
jamb1236,aust1307,-2.3094516162347416,2.5781710522410464
djam1255,mirn1241,-5.26646821239758,9.706609107002592
jams1239,dogo1299,-3.479398035739896,5.880332730198887
nucl1643,japo1237,-5.547247187480041,12.590905262548034
japh1234,sino1245,-7.876522794164732,9.647381941371831
jaqa1244,ayma1253,-3.0844519766888108,5.705381935588562
jara1266,aust1307,-3.874647479234393,2.606303337878799
jede1239,aust1305,-3.5648155157240806,2.325594342846955
jehh1245,aust1305,-4.1175933747245965,2.319786069837932
jeha1242,aust1305,-3.5634526235692823,2.3187991936126195
jeru1240,sino1245,-7.393262424514887,7.606308872440849
jiba1237,atla1278,-4.851222028265332,1.7796426439607131
jina1244,afro1255,-2.190802091345556,0.8423094429016516
djin1251,mirn1241,-4.083329964893579,9.226487843165245
jjuu1238,atla1278,-4.469686693574853,1.7862293294821825
juan1238,aust1305,-3.608846936001258,2.978498445895596
juku1254,atla1278,-4.558214754281027,1.499928454811581
jurm1239,cent2225,-5.410630081830287,7.81378645314372
kaba1281,cent2225,-5.143461613413829,7.813053094048243
kaba1278,abkh1242,-5.161334473222462,14.275577942798378
kach1284,gong1255,-5.8296906938193285,8.982511678820188
kada1242,drav1251,-5.851671111306619,10.18551225207294
kado1242,sino1245,-8.552803839546659,7.254455276600581
kafa1242,gong1255,-5.658181368617917,8.880075214699204
kaga1256,aust1307,2.031196515630724,1.370453902478772
kagu1239,atla1278,-6.017542442381916,3.4825668510855934
kaik1246,sino1245,-7.6239668720401,8.915900488094621
kair1263,aust1307,-3.3786503417349407,1.7423501069964402
kaki1249,kaki1249,-6.68578701308239,14.35873181538996
cacu1241,kaku1242,-2.8944595785375364,8.187029366447632
kala1399,eski1264,-3.772370392635167,16.019373556869027
kala1388,aust1307,1.4594703409176015,0.8623968973922871
kala1377,pama1250,-3.9905548144912113,2.885240929803757
kara1499,west2604,-5.192828665466538,13.814287870202476
kala1384,atla1278,-5.609084310278834,6.23096888223499
kali1308,sali1255,1.3050824524941145,2.1882463177049374
kamm1249,atla1278,-4.829125961128454,1.696205696357964
kama1370,nucl1709,-7.4226246356693935,8.592287622790792
kama1367,nucl1708,-6.246039940637997,10.043031065446243
kamb1316,afro1255,-3.140853272974053,1.992425140093431
kamb1297,atla1278,-5.39699045708544,2.837054168382835
kamb1299,aust1307,-1.7572342689000535,1.4011232906083393
kamo1255,nucl1709,-6.597134755732773,9.267965582826465
kana1286,aust1307,0.8834462339492548,0.5803253790526384
kani1286,nucl1709,-7.385584261829665,8.60780953473241
kank1243,aust1307,2.3875547250459475,0.7907977255183454
nucl1305,drav1251,-6.123640610858166,10.284662336398142
bidy1244,atla1278,-2.3070113141076574,1.7963892463815654
kaqc1270,maya1287,1.554251925984675,1.3247600421759955
kara1482,cent2225,-5.566558016069801,8.461516181778876
kara1476,pama1250,-1.4994415521984967,1.59205680513368
kara1500,nucl1710,-4.741752689804598,8.066789494052443
kara1487,aust1307,2.6909352222360186,0.7568132642928873
kara1486,aust1307,-3.128633303741302,1.4703345137879609
kare1338,atla1278,-5.492171284238842,2.456550723734054
kare1335,ural1272,-6.18758094132963,14.10309121014447
kari1306,atla1278,-6.2843847046408845,3.634112721275088
kari1311,tupi1275,-4.441363670473123,6.141515174353586
kark1258,pauw1244,-5.461379114111621,13.658139494119368
karn1252,aust1307,-4.600667771365059,1.577902480445189
karo1304,karo1304,-2.7549860147627814,8.408928192082143
kash1277,indo1319,-6.89000729062273,10.731627938821788
kask1239,atha1245,-3.796955855803969,8.29316404639981
newa1246,sino1245,-7.478306550911755,7.964299503123797
kats1235,sino1245,-8.46379216804752,7.685561436090012
kana1291,katu1274,-2.6956540638800446,7.871710756411176
kava1241,aust1307,0.9771939636498024,0.896361551568603
kaya1315,sino1245,-7.971152077795271,7.57292617046555
kaya1319,tang1340,-4.1477203415251065,9.10889006013646
keap1239,aust1307,-4.173864466742568,1.9998396139344408
kera1248,atla1278,-2.510242192456997,1.766512733870158
keig1242,kadu1256,0.5532029938391831,3.362892233718753
kele1255,atla1278,-6.209926161611217,4.131055365692177
kele1258,aust1307,-4.218751594413535,1.8959736700741276
kele1259,aust1307,2.6149263032017567,0.7277137373072122
keme1240,atla1278,-4.621495701690129,1.4798072245616254
keng1240,cent2225,-5.295326986084498,7.855510373100799
kens1248,aust1305,-3.439607975315208,2.304409874406545
kenu1236,nubi1251,-3.740578774692192,11.612915639701129
keoo1238,aust1307,-1.853572210014046,1.1656686555027562
kera1255,afro1255,-2.4762453926308075,1.050830332639208
kesa1244,nucl1709,-7.35977603035429,8.553424046980737
kett1243,yeni1252,-6.461827963367799,29.09251584972388
kgal1244,atla1278,-5.430895311972029,7.465418141890737
khak1248,turk1311,-6.730472105358158,20.17318097604792
khal1275,sino1245,-7.282876994257531,7.394907320378564
kham1282,sino1245,-7.444660811532088,8.858642999923447
khan1278,atla1278,-3.0757142513884554,1.4587803103645598
khan1274,aust1305,-4.196408058733067,2.7552020615102606
khas1269,aust1305,-1.813986432729764,1.7368242671175125
khez1235,sino1245,-7.007393176699432,6.481897039083691
khin1240,nakh1245,-6.015032991740165,9.77287019062301
khmu1256,aust1305,-4.21895366504958,2.475155573064584
guan1266,sino1245,-7.894717153333959,9.419360509952284
khum1248,sino1245,-6.777742962456815,6.815736006739726
khva1239,nakh1245,-5.908704501548728,9.314233790038813
kich1262,maya1287,2.4579114574676817,1.3364763502889616
kiku1240,atla1278,-4.804834101343434,2.459411021946053
kile1243,tung1282,-5.681587528440831,17.1074593284753
kimm1246,atla1278,-6.456214198066602,2.208330625887868
kima1246,kolo1268,-5.503207658485099,12.969275502187855
kima1244,aust1307,-0.1584248637345804,0.6591710861967357
kimm1245,hmon1336,-7.257637433869611,12.759988000698058
kina1250,aust1307,3.448313598215204,1.4651833057399983
kinn1249,sino1245,-7.779988447846504,10.92302559118869
kiow1266,kiow1265,-2.573544589788628,7.833863588790706
kips1239,nilo1247,0.2851610936841817,1.0614626037195336
kelo1247,timo1261,-5.589818542834097,12.507588020572967
miju1243,sino1245,-7.63699573787971,7.712265023336641
kobo1249,nucl1709,-7.000441029802259,8.53739166557419
koda1255,drav1251,-6.006470199398184,10.279418917899008
koho1244,aust1305,-4.0091672165856,2.6419241882468896
koir1240,sino1245,-6.966181557863287,6.432804292434128
koit1244,koia1260,-6.720788626836484,13.578477118442535
koka1244,pama1250,-3.0326691836497086,3.318422875670393
koko1269,aust1307,-0.2715416745119117,0.6155381668712181
kola1285,aust1307,-3.492126640394376,2.388877214982884
kolb1240,atla1278,-5.913809861635976,1.9838376837279557
kolc1235,atla1278,-4.72697491332863,2.308692596555929
kolp1236,kolp1236,-5.47266829306641,13.556969007425678
kolu1245,aust1307,-3.890595514509728,1.6028045241491924
komb1274,nucl1709,-6.310879290813785,8.935661084575699
komc1235,atla1278,-4.41109649423968,1.4390050839848954
komi1270,sino1245,-6.171887998215534,6.503286080930806
komi1269,ural1272,-6.906534203314479,17.324491404015447
komi1268,ural1272,-6.924384445084302,18.690964837389785
komo1260,atla1278,-6.132745111370496,4.117900215060118
kona1242,east2433,-5.810262421332725,14.045328056160455
konk1267,indo1319,-6.434560093754069,9.09741306893065
kons1243,afro1255,-2.841910228532167,1.7230129057879395
kony1248,sino1245,-7.249809618020366,6.811650178870849
konz1239,atla1278,-5.880347515227885,3.5113793102203914
koon1245,atla1278,-4.936920089183171,2.5439646874544195
koor1239,gong1255,-5.73514811252182,8.96063986496344
kora1294,nucl1709,-7.251074904720093,9.093746732322645
kore1280,kore1284,-4.793337312671287,18.01040551527514
kore1283,tuca1253,-1.2227008960096604,1.9164660680280436
kork1243,aust1305,-3.921723842537524,5.278031359671402
koro1298,atla1278,-3.820097777101997,2.237513803452174
koro1313,sout2948,-4.453654538140986,12.05622500980779
koro1312,nucl1709,-6.312543201388207,8.87741749545961
korr1238,drav1251,-6.086406757617089,10.491479885003088
kosa1249,nucl1709,-6.326060265277897,8.873423724096313
kosr1238,aust1307,-2.94858434661266,3.633966245310276
kota1263,drav1251,-5.83958505579265,10.081349851412623
koti1238,atla1278,-5.289963917298068,4.800756365820689
guan1269,tuca1253,-2.536386953293071,1.7448242988757414
kova1243,nucl1709,-7.6318244286505905,8.802966788666524
kove1237,aust1307,-4.441838307787153,1.4932954173515751
koya1251,drav1251,-6.370684940722024,9.909273640433
koyr1242,song1307,-3.579748369030138,6.490973990925596
koyr1240,song1307,-3.5634305640213646,6.299020572141558
kren1239,nucl1710,-5.111606835382965,11.022523426072866
gbay1288,kres1240,-4.801772219116638,12.537554108603672
ngeq1245,aust1305,-4.2800421570865455,2.278677625975305
kryt1240,nakh1245,-6.02599418210472,9.821141420000444
puoc1238,aust1305,-4.237659115638148,2.7120841958270603
kuan1248,aust1307,-3.843288950074349,1.3486584166463589
kuan1247,atla1278,-5.497330013662327,7.411839242672357
kuii1252,drav1251,-6.477591135907913,9.839598588839875
kuik1246,cari1283,-3.3881779109132046,4.064133058591466
kuku1280,pama1250,-2.4891020624869187,1.964540738046395
kuku1273,pama1250,-3.6960715576821577,2.4137155925300675
kulo1237,aust1307,-0.1752417811162874,0.5860868512325084
fait1240,nucl1709,-7.287379457365734,8.53562036387585
kulu1253,sino1245,-7.258731131616374,7.329789132316861
kuma1280,nucl1709,-6.336725439288384,8.554744222614033
kumb1268,pama1250,-2.553519999701766,3.5403108081076056
kumz1235,indo1319,-5.243474394412055,8.303700932996392
kuna1268,kuna1268,-5.024379855540001,14.306852591295623
kunb1251,gunw1250,-1.8955149380641896,1.9670182717003115
kuni1267,kuni1270,-6.855797147702432,13.752914704125716
kunj1245,pama1250,-3.260405328293593,2.26206739008677
kuot1243,kuot1243,0.1966474011316625,3.1611140405296823
kurr1243,pama1250,-0.0651081538497186,1.0278989139271744
kurt1248,sino1245,-6.980221079926002,6.894434833687527
kusa1251,aust1307,1.2058729084281987,0.6106904778024784
kusu1250,kusu1250,-6.073955830840454,17.53682517683758
kute1249,kute1249,1.0799601765016011,3.945454174609466
kute1248,atla1278,-4.523095698334333,1.4710560674924693
kuvi1243,drav1251,-6.391464148662914,9.840918937170043
kuyy1240,aust1305,-4.381345294541021,2.405200986951513
kwai1243,aust1307,-0.8905114384688106,0.5996368722501444
kwam1252,aust1307,-1.9104527016474864,0.9029225059287712
kwar1239,aust1307,-0.8552163628959502,0.5706875313034061
kwaz1243,kwaz1243,-3.2564528071310863,9.624927533623904
kweg1241,surm1244,-0.2211238033294611,1.3362468834143897
nucl1595,kwer1242,-5.744931515606028,13.527852255409115
kwin1241,worr1236,-5.141362453414031,12.7960296141799
kwom1262,sepi1257,-5.851861171100737,10.48147914610884
nucl1593,kwom1263,-5.405178782681185,13.541970412821968
kxoe1243,khoe1240,-5.278379138083093,14.95990038499967
kyer1238,sino1245,-7.487686935178713,8.10854488190192
cori1240,atla1278,-4.527407979474325,1.714710716285282
laal1242,laal1242,-4.43296178256577,12.699990554104346
labu1248,aust1307,-4.5673369831671575,1.6284434982071474
labu1249,aust1307,0.0442967095447675,0.7167994959186785
lach1248,taik1256,-6.564089256604899,11.39765095724414
lafo1243,tege1244,-5.153027505810861,13.49725374767904
lagw1237,afro1255,-2.215150478505051,0.8843299164651341
zaye1235,sino1245,-7.885634310917371,7.439333918368774
lahu1253,sino1245,-8.577468365017957,7.289223214756575
lahu1252,sino1245,-8.677825231111052,7.327169641543662
laiy1246,aust1307,-1.499775762328805,1.041290568982177
lakk1252,nakh1245,-6.002338485578431,9.510966769074926
lala1268,aust1307,-4.354937677312915,1.9514050597981765
lama1277,aust1307,-2.8731472353563983,1.2107760937084038
lama1288,afro1255,-0.8975242488452038,0.4982349402888388
lamb1269,indo1319,-6.269072450837708,8.568440398780169
lamb1272,atla1278,-6.006754932942097,4.383333252878771
lame1260,aust1307,-4.241803045720562,0.9014203909591174
hela1238,sino1245,-7.463461015224878,7.947616238181808
lamk1238,sino1245,-6.971349809044796,6.543043342198956
lamo1244,aust1307,-4.488405923272188,1.5155394699067273
land1256,atla1278,-2.4993974490197437,1.654148136960714
lang1320,atla1278,-5.934114390022381,2.9216898889184364
lang1324,nilo1247,-0.464891638586173,1.1941013745749558
laoo1244,taik1256,-6.820157636613165,11.502008601268711
lara1258,lara1258,-4.275515961989609,12.377141395021113
lard1243,tang1340,-4.169581916850607,9.14674179551919
lash1243,sino1245,-7.944399757943039,7.384937784160741
teke1275,atla1278,-5.173023912487202,3.905454348592144
latv1249,indo1319,-5.5979232440276885,8.125833449496781
lave1248,aust1305,-4.3656893540482775,2.2639678024868743
lavu1241,lavu1241,-3.0409063859370984,8.645490383519146
lazz1240,kart1248,-4.699919410898072,13.648865528111472
lega1250,atla1278,-6.080142147514347,4.237081897305586
lele1276,afro1255,-3.588363352638051,1.5175725770888988
lele1267,aust1307,-2.778487610681465,0.97337396883961
lele1270,aust1307,-4.220715685577227,1.903277818829963
lemb1266,nucl1709,-6.800391210218766,8.548692449375267
leme1238,aust1307,-3.208103723289571,1.2662970721578262
bela1260,aust1307,-1.1025634826104789,0.8079698996467215
lena1238,aust1307,-2.0202415136204515,0.8784326470291859
lend1245,cent2225,-6.190972321945521,8.038561006347123
leng1259,aust1307,-0.6960893579490066,0.5634752057421082
lepc1244,sino1245,-7.150337125578112,7.157024201577116
leti1246,aust1307,-2.670508010838364,1.7019058043290585
lewo1242,aust1307,-4.186642633229084,0.9486169717775256
lewo1244,aust1307,-2.86176145158036,1.2122772238507622
lezg1247,nakh1245,-6.027370398063425,9.71410987372181
lian1251,sino1245,-6.747622310694954,6.322012587094562
libi1244,atla1278,-5.976920260621196,3.4996946122970627
liby1240,afro1255,-1.008652849424311,2.09703316877669
lihi1237,aust1307,-3.7667297645936624,1.4599847576167804
liji1238,atla1278,-4.294658231114608,1.544127840346789
lika1243,atla1278,-6.104846102037185,3.698673926603519
lill1248,sali1255,2.450180929295315,2.2830643643683857
limb1266,sino1245,-7.237235180411984,7.304266293969448
nucl1327,limi1242,-4.098547493611451,11.944120068592497
limo1248,aust1307,2.333079361354895,0.7809154008995733
lipo1242,sino1245,-8.34206397760325,7.652869651708968
lish1245,afro1255,-2.8963448067753226,2.864041051249401
lisu1250,sino1245,-7.948041956887888,7.61765512777238
lith1251,indo1319,-5.519321931452732,7.673442734666466
lito1235,atla1278,-6.010246366912463,3.478417652046545
livv1243,ural1272,-6.054060048924535,12.826891402978603
loba1239,atla1278,-5.827260524259054,3.4378040825152
logo1259,cent2225,-6.3090934925890725,8.012388730939122
balo1261,atla1278,-5.853100399397946,3.5746550950620133
loka1252,atla1278,-3.508346178330904,1.4239481634603663
araw1276,araw1281,-2.6182630883355063,3.2854841271588526
lolo1259,sino1245,-8.318310646436867,7.701626631165354
loma1260,mand1469,-4.760603026423297,6.069615942590005
lomb1257,indo1319,-4.209610996810502,3.921157883457752
chiq1248,chiq1253,-2.7988838543235164,8.151264062570817
acha1249,sino1245,-7.883652035784417,7.0079620654348815
long1395,aust1307,-0.2021994552282127,0.62180565720017
loni1238,aust1307,-4.220950269399671,1.903241604756289
lote1237,aust1307,-4.115918488899961,1.4805402529409122
loth1237,sino1245,-6.971010459399111,6.479912883070327
louu1245,aust1307,-4.252121742079428,1.8461594142656992
vano1237,aust1307,-2.517722305497462,1.249182351195742
lowl1260,tequ1244,2.0946315361076047,6.024852143964736
lowl1265,utoa1244,-2.0178462343139087,1.3579957516215586
lozi1239,atla1278,-5.812200707637049,5.952753701334359
luan1263,aust1307,-3.490355825915264,1.7733853934209378
onto1237,aust1307,-2.005336420275581,1.5321361063753756
lubu1243,aust1307,2.073466803793891,0.7282017457113028
luch1239,atla1278,-5.869954642853336,5.94967104974765
ludi1246,ural1272,-6.226821296389684,13.66284899450116
lugb1240,cent2225,-6.139880179752174,7.888785098708965
lugu1238,atla1278,-5.981667870682609,3.6634697821863824
lule1254,ural1272,-5.551305904599543,13.90525715516732
lumb1249,atla1278,-4.494494185309082,4.45247765785777
lumu1239,narr1279,-4.536931527742039,10.15159757056584
lund1266,atla1278,-5.963145988281819,5.628094903246293
lund1271,aust1307,-1.173753994143092,0.8113600182540921
luok1236,nilo1247,-0.4153248644939991,1.2334167323342626
luse1252,atla1278,-5.842551909380194,3.757230051693412
lusi1240,aust1307,-4.515591959542958,1.5103387964577024
luva1239,atla1278,-5.8812039431899406,5.914315469366258
luya1241,atla1278,-5.8827326661892565,5.963222773808653
maan1238,aust1307,-2.420060010285499,1.9958102142528844
maas1239,atla1278,-3.596025856239245,2.1929330767294744
maba1270,atla1278,-6.139795902203402,3.7446510706467535
maba1277,maba1274,-4.383363346503111,12.6908827895777
mace1250,indo1319,-4.696826398791359,4.706603755472159
mach1267,araw1281,0.0946348689768012,1.1490985965694875
maco1239,sali1297,-2.7727491496585723,7.999750282161315
macu1260,tuca1253,-1.8267169731228965,1.7094654885793688
mada1285,aust1307,-3.009023177992261,1.3392862269194836
madi1260,cent2225,-5.904447322349373,7.650984217679806
jama1261,araw1282,-3.5634339527039134,8.15460106531242
madn1237,east2374,-4.083654347699299,11.997767647703071
nucl1460,aust1307,-2.6937765724591136,2.240759798143827
mafe1237,aust1307,-3.383765321148731,0.9516248065260128
maga1260,indo1319,-6.459033817903874,7.161699224202835
maga1263,aust1307,2.977224809394145,1.1507999988096032
magd1235,otom1299,2.684132299640756,0.8780607142136745
magu1243,aust1307,1.2345878560602768,0.8181838699688058
maia1254,nucl1709,-7.1078750715965615,8.604576475713984
maia1253,nucl1709,-7.154382176148779,8.607021493908249
mail1248,mail1249,-6.24099235716619,14.295002865038173
nucl1594,mair1253,-6.026181326066631,14.322068873970636
mais1250,aust1307,-4.269121227087316,1.7759811063812665
mait1250,indo1319,-6.432465586250043,7.241730679196522
maja1242,surm1244,0.2018459499944187,1.3217558746655271
maka1304,atla1278,-4.832957171118923,2.2800853187654866
maka1311,aust1307,-1.1064747753271549,1.0422936905115563
makc1235,taik1256,-6.830896067664616,11.802036781970614
makh1264,atla1278,-5.552476249911577,4.809565221787352
makh1266,atla1278,-5.621913390888092,4.721770396208882
mako1251,atla1278,-5.7359326064330505,4.533823309159445
maku1277,aust1307,-3.5182017094340856,1.6858685127942294
makw1236,atla1278,-5.744555983577434,4.526911034313329
mala1463,drav1251,-5.60589043021305,10.853104322099624
mala1534,aust1307,2.4931597855083902,0.8447625665177014
mala1464,drav1251,-5.711298175733486,10.63457167041409
mala1522,chib1249,-4.713084876855378,5.151007386038515
male1284,gong1255,-5.679665319493072,8.750785939779803
male1297,chib1249,-3.7180214563955167,4.495113692112412
male1289,aust1307,-4.576305922969894,1.5526578914640083
malg1251,afro1255,-1.5469286678600502,0.7389161974393943
mali1284,bain1263,-6.1785806142493165,13.89908476567777
mali1285,otom1299,1.8367778711345448,1.0223809374350594
malt1254,afro1255,-1.2929632051472302,2.680369868795893
malu1245,aust1307,-3.308103260999963,0.8603244109117298
mamm1241,maya1287,2.548068587368971,1.3515925802478534
sauk1252,nucl1709,-7.591694151617096,8.649514940441847
mama1275,aust1307,2.135444770436414,1.2497010390735426
mamb1306,aust1307,-3.240617010687996,1.648694959813497
mamb1294,atla1278,-4.969453570721078,1.7942931386891985
mamb1296,atla1278,-6.146404683993363,4.536389002155232
mamv1243,cent2225,-6.2867147212436265,8.24777510845783
mana1295,aust1307,-3.9988774561870666,1.7686365133825035
mana1298,nduu1242,-5.772184777061817,12.30575503790304
mana1288,sino1245,-7.576937382575251,8.591062550615291
payn1244,nucl1709,-7.097933932546134,8.54605519668111
mand1440,aust1307,-2.995877933697272,1.4565577180168248
mand1415,sino1245,-7.053361290998772,13.218666775492991
mand1436,mand1469,-3.525877686684273,5.769568344652825
mang1378,aust1305,-4.21213341160709,2.512066969416594
rapa1245,aust1307,4.716525790331887,10.823395469678516
mang1401,aust1307,3.942018337556887,10.333262022502296
penr1237,aust1307,4.418577137731286,7.369754825207764
mang1381,mang1423,-4.214863901359063,9.819360770983607
mang1394,cent2225,-6.646102409722564,8.564886980719521
mang1404,aust1307,-4.538477718339918,1.6690404967012569
mang1405,aust1307,-1.8818201309205067,1.2380621257265858
mang1403,aust1307,-4.1890373158601175,1.478102670405093
moni1237,otom1299,2.344094286107155,3.086853074566889
tong1308,aust1305,-3.244792670004581,2.342609787231765
manm1238,aust1305,-4.079500578151847,2.452746191984261
mann1248,mand1469,-4.873178830609438,6.298076250859324
mans1262,aust1307,1.2782737853542163,1.0890268638447085
mans1260,hata1242,-4.925930036193603,13.07968961050726
manu1258,aust1307,-3.48060927380488,1.9126659731606708
maon1241,taik1256,-5.950279446467962,11.705006653076197
maor1246,aust1307,1.5587882856418562,4.51668435738074
mapo1242,aust1307,-4.553119059580896,1.6457378281504873
mapu1245,arau1255,-2.961655794600215,10.690518142657538
mara1382,sino1245,-6.869863398009782,7.079336173942707
mara1399,aust1307,-3.352276355216209,0.8334025136065719
mara1379,sino1245,-6.96479154770406,6.442931792547881
mara1404,aust1307,2.632710049191801,0.9358621329130016
mara1386,west2434,-5.119113300300828,11.022549729989962
mara1378,indo1319,-6.391502316302946,8.504479720995661
marg1265,afro1255,-1.3918390911327083,0.6313756651988456
mari1414,drav1251,-6.603951447290543,10.28893616849021
mari1440,coch1271,-3.775091949513,8.422059650000236
mari1428,aust1307,-4.296103343704072,1.7213157091183715
nucl1622,anim1240,-5.555334904030232,14.332221011875916
mari1416,sino1245,-6.905032453198391,6.488885467102762
mari1424,west2434,-4.283599321113402,10.996245951569309
maro1244,aust1307,1.290688679797282,0.663528545093854
mara1385,mang1423,-3.7394913029314,9.745429002518648
mars1254,aust1307,-2.751847843638739,4.815376120265611
mart1255,pama1250,0.0518205187751634,1.2235549914326214
maru1249,sino1245,-8.230052774023518,7.398871348705896
maru1252,pano1259,-3.34294444780852,2.2306597856030947
masa1322,afro1255,-2.5708764417676866,1.116773143007748
masb1238,aust1307,2.69448056617236,1.3761865276363636
mask1242,aust1307,-3.357041994919535,0.8380963654072104
matb1237,aust1307,-3.3371328401338665,1.9596608672569715
kemb1249,aust1307,-3.1753965232741197,2.1255471228574265
mati1250,aust1307,2.548695692765324,0.8846930735066394
mato1252,aust1307,-4.550182722069376,1.6205524945434178
mats1244,pano1259,-3.35115276806281,2.361137011906692
matu1261,aust1307,-4.298541459710119,1.6982385105629731
matu1259,atla1278,-5.9590953973115495,4.185735307774749
maun1240,iwai1246,-4.68422923428272,12.933868226243987
maxa1247,nucl1710,-5.23266819547332,11.001004280373792
maya1285,misu1242,-2.7306353661583613,4.643293784700632
maib1239,mayb1237,-5.767823934276679,14.292819416818917
mayo1264,utoa1244,-1.9628746119431957,1.6767087630425834
mayo1261,atla1278,-6.133945575495413,3.6203649797028983
maza1304,afro1255,-1.775921319146522,0.6444920960767035
mbaa1245,atla1278,-7.103080983979757,4.029883498043304
mban1263,atla1278,-6.069840279072648,3.44570220085636
mbar1260,afro1255,-2.512814546264525,1.0297447747882131
mbay1241,cent2225,-5.002002099669059,7.543410463604147
mboc1235,atla1278,-4.865358577450586,1.5082167803890345
mbol1247,atla1278,-6.180290844617752,4.2581044837448445
mbug1242,atla1278,-5.771161944098933,2.8341358068800844
mbul1263,aust1307,-4.59044677659932,1.5736588974833694
meen1242,surm1244,-0.3462575587396168,1.1973019147720692
mehe1243,sepi1257,-5.643323303852538,10.439270665508571
saki1248,tupi1275,-4.399432970698136,5.558456986716152
meke1243,aust1307,-4.425035167108147,1.8696054432480336
mele1250,aust1307,-3.6209800979999422,0.98757747548062
melo1242,gong1255,-5.731617398104371,8.76268504124154
melp1238,nucl1709,-7.013897658050274,8.55486108830334
mend1268,sepi1257,-5.758938853200949,10.459366606168444
mend1266,mand1469,-4.6376810013168495,6.176091273554391
meng1267,aust1307,-4.005249960229859,1.4445953652521553
meny1245,anga1289,-6.892628980848757,14.061089036269864
mere1242,aust1307,-4.06032135908875,1.0393303953365916
meri1244,east2503,-6.207648449234135,13.772373382517388
meru1245,atla1278,-5.050840183488307,2.569290471611268
meta1238,atla1278,-4.162079988122323,1.434268509849261
meya1236,east1459,-5.795680110002763,13.77114894941323
mezo1235,otom1299,2.2438750982691,0.9790266542018315
mezq1235,otom1299,-0.2563655191825549,1.1062319042041509
mian1256,nucl1709,-6.260471744576924,8.621893123953356
midd1327,aust1307,-4.502402506925771,1.7047443691853204
mido1240,nubi1251,-4.966301165282328,11.834088955489548
miga1249,afro1255,-2.927578718790772,2.2943635111093528
mika1239,musk1252,-3.294571166096629,6.081542750231151
mikm1235,algi1248,-1.939412768274916,5.07801491781882
mila1245,sino1245,-7.385379016233694,7.4282097766097905
mina1276,afro1255,-1.7014172559520615,0.5941078999914993
mina1268,aust1307,-1.6164883806095345,1.9016522632862944
mini1256,huit1251,-2.837313630303542,6.774141938830979
mini1251,aust1307,-3.8876563736135767,1.3529549520523716
minn1241,sino1245,-4.5647919516933575,7.396806999735617
misi1243,aust1307,-2.743931923402401,1.7455496156395751
misk1235,misu1242,-2.6978394132743198,4.789958470103343
mixt1426,otom1299,3.4117199636046776,1.259865986789677
miya1266,afro1255,-2.1131985603324983,0.9347540531243084
miya1259,japo1237,-3.970370703235307,7.201103672056576
lush1249,sino1245,-6.756791558398101,6.91725212012706
mlab1235,aust1305,-5.022056971331258,2.594471841599173
moba1244,atla1278,-4.455087694362357,2.394038756708653
moch1257,maya1287,2.5690728538958867,1.3104779014647931
moco1246,guai1249,-3.037889133534726,7.18323099955667
mode1248,indo1319,-3.436213548281136,4.727050778480376
hebr1245,afro1255,-0.0578534420224405,1.3549039552792692
moha1258,iroq1247,-3.7200915467857487,7.024661245147641
moii1235,west1493,-5.682685710953997,14.25649813031525
moke1242,aust1307,-2.657412850170494,2.877048708269058
moki1238,aust1307,-3.957167018640298,3.7294500447874697
mokl1243,aust1307,-3.2375928038025967,2.487814983782513
mokp1239,atla1278,-3.342665606364158,1.581345566087478
moks1248,ural1272,-6.328199435028823,13.553502385143986
molo1266,afro1255,-1.7575453358583628,0.5878367200058392
nucl1452,momb1255,-5.39178103433753,14.248764728654663
fass1245,baib1250,-5.315824511102468,13.45879283173143
mong1338,atla1278,-5.94218812848441,4.294104073652065
mono1273,aust1307,-1.5508172749248683,0.9218021729655136
mono1270,atla1278,-6.104091703493499,3.477946862091855
mono1275,utoa1244,-3.752953498595848,3.400908448274265
nucl1458,monu1249,-6.370322944041959,14.119029284492171
monz1249,atla1278,-5.8919982136399325,3.358311837024928
mopa1243,maya1287,2.0351881112663515,1.63806991335737
morm1235,aust1307,-3.577649629514354,2.032267241134704
moro1285,heib1242,-4.509483046647257,10.18336537849376
mort1237,aust1307,-2.9416696286206454,3.1056434344984467
mose1249,mose1249,-2.21883630669592,6.309103954128702
temb1272,atla1278,-6.095152229022056,3.692477991274856
motu1246,aust1307,-4.268946950086832,1.9796333475669885
mouk1239,aust1307,-4.51467020133939,1.51279460219736
moun1252,koia1260,-6.807408515560278,13.519633686322322
movi1243,movi1243,1.633344966728628,4.785112231719069
tang1347,aust1307,-3.251654699278689,0.9653910827361044
moyo1238,sino1245,-6.105174847517525,6.498956005415636
mpad1242,afro1255,-2.06657896234839,1.0220821155239292
mpii1239,sino1245,-8.517073975340024,7.769477888737256
mpot1240,atla1278,-5.9378045149458325,4.572795455956111
mpur1239,mpur1239,-5.586143888093735,14.211873856993137
mual1241,aust1307,-3.121798814584202,2.1209570659609938
mudu1242,aust1307,-4.435636654237479,1.5345851371777997
mudu1239,drav1251,-5.862190372252101,10.217542420350751
mull1237,nort1547,-5.009761628828484,13.516073305442362
nucl1240,atla1278,-5.745927287410479,1.7950967816868229
muna1247,aust1307,-1.1845174252590498,1.04948437310739
munc1235,sino1245,-7.217634523870215,7.604718464438164
mund1328,atla1278,-4.457245891105869,1.4400514544871186
mund1325,atla1278,-5.087550327453177,1.8315216922908637
mund1320,aust1305,-3.660911269873581,3.020079598207147
mund1326,atla1278,-5.849673564436327,3.26533161237532
mund1330,tupi1275,-5.65859768185317,7.324948641583688
abar1238,atla1278,-4.440601713289932,1.4352520467912484
murl1244,surm1244,0.5069307350717063,1.256888335054228
murr1258,sout2772,-4.099799293335919,12.17443223024867
muru1274,huit1251,-3.5499588389147294,6.940144633835743
muru1266,pama1250,-3.2487086796258318,3.284373291049846
musg1254,afro1255,-2.330676820861832,0.8669104348442147
muso1238,aust1307,-4.571613556275231,1.617740093080485
muss1246,aust1307,-4.162358112979517,2.049314178063
muyu1244,aust1307,-2.8776488476026443,1.5955989136278248
mwag1236,afro1255,-1.765189290822856,0.9438686351474104
mwan1250,mand1469,-4.981255537623156,6.034434724965635
mwan1247,atla1278,-5.648584683668257,4.692142822895477
mwer1248,atla1278,-5.922234388110531,4.348954048535887
motl1237,aust1307,-3.2425735909509816,1.3115501892696244
naba1256,nucl1709,-7.612880991396278,8.675068650384887
nade1244,nada1235,0.1436099187806534,2.362252677643852
sout2857,aust1307,-4.098502232755752,0.8524271986103713
naka1262,aust1307,-3.2745576406771137,1.4432286818661169
nali1244,aust1307,-3.06605067368615,1.4132813922555414
nama1268,aust1307,-4.113585023531908,1.0090106315902432
litz1237,aust1307,-4.250648517031538,0.8308030639937272
nama1264,khoe1240,-4.88221768049611,16.96790348627188
namb1293,more1255,-5.941023585262348,13.053289760525873
nami1256,sepi1257,-5.718507674750562,10.486989137989994
namu1246,sino1245,-8.062591779169834,8.500280860430706
nana1257,tung1282,-5.72095538853951,17.119461798995843
nand1266,nilo1247,0.7178063652460898,0.9103438267928964
nang1262,aust1307,-1.766708450845429,1.145245522582158
nara1262,nara1262,-4.907891463788479,14.25098342603104
yong1270,sino1245,-8.075711684950665,8.146920772327789
naru1238,pama1250,-3.1281372473507374,4.8450759499288125
nati1244,aust1307,-3.252099971880408,0.8344365402564193
natu1246,aust1307,-1.708952727951374,1.1514959242430791
naue1237,aust1307,-3.4403102671764123,1.6652077276008157
naur1243,aust1307,-2.551817097253348,3.282303512182537
nava1243,atha1245,-4.974847240304458,8.084285124320047
nawu1242,atla1278,-4.550438490523387,2.3368871174926085
naxi1245,sino1245,-8.027428910449087,7.933822370198001
ncan1245,atla1278,-4.511328759127044,1.470174117821898
ndam1239,atla1278,-5.999282711683489,3.948365103221789
nden1248,atla1278,-5.977437203756806,4.010793636336871
ndog1248,atla1278,-6.191085432961187,3.3554609317613853
ndom1245,kolo1268,-5.480706473571269,12.977451079247956
ndun1249,atla1278,-7.069325576295944,3.795572736830636
nege1240,aust1307,-3.154141295886384,2.1747131574382053
negi1245,tung1282,-5.902496548020721,18.610408595769243
neha1247,aust1307,-3.233593430071477,1.3451899703973709
kuma1276,aust1307,0.719597840609778,0.8607751401260231
nenn1238,more1255,-5.971364136039984,13.036818872080914
nend1239,nucl1709,-7.09627455627678,8.538658363189626
neng1238,aust1307,0.3779010323909668,0.9685420258385592
nucl1706,afro1255,-2.533187720379501,2.7922607134393047
nepa1254,indo1319,-6.570383067113555,7.823373303212662
nese1235,aust1307,-3.32321670487688,0.8595396309149521
vinm1237,aust1307,-3.335732967243352,0.8213318377766115
ling1265,aust1307,-3.376229414959768,0.8153553082646994
nezp1238,saha1239,-3.144463253154861,7.379476234617527
ngaa1240,pama1250,-2.311983429632801,2.6848904037143058
ngab1239,chib1249,-4.314785790182137,4.630718010608959
ngal1292,gunw1250,-1.217407478522245,1.9435862711234648
ngam1268,cent2225,-4.8844022986448055,7.430367512750124
ngan1291,ural1272,-7.176484360087098,26.04525472320657
ngan1295,gunw1250,-0.8361964738060226,1.7673803947522655
ngar1235,pama1250,-2.6872702259787604,2.3655951341795003
ngar1284,worr1236,-4.731879460090646,12.923296564837456
ngas1240,afro1255,-1.6068759834322135,0.8487905016192059
ngba1284,atla1278,-5.856995764790136,3.269449649408884
ngba1285,atla1278,-5.993288669434189,3.428036920866049
ngge1241,nucl1709,-6.327496116339617,8.969309276788152
ngit1239,cent2225,-6.269463234302437,8.27984971796019
ngom1268,atla1278,-6.082509372117376,3.734007094868417
nhan1238,pama1250,-1.3867488048970524,2.067115103765872
nhen1239,tupi1275,-4.235762856595798,5.484667690023073
nias1242,aust1307,-0.164013667385432,1.3962699433991477
niha1238,niha1238,-5.991773343025907,17.64112948668874
nila1242,atla1278,-5.901553968824978,3.104636884979584
nucl1633,nimb1257,-5.518344897857718,13.883375910427816
nina1238,yano1268,-4.017024718390086,7.279369885673006
labo1244,aust1307,-3.247254351536503,0.8362435246953197
nisg1240,tsim1258,1.60762395714577,5.109460992601896
niua1240,aust1307,1.6794686723784218,2.177106101475715
niue1239,aust1307,2.8587041849143597,4.1347142671207
niva1238,mata1289,1.3711337054108417,4.449099468174978
njan1240,atla1278,-4.7122237632813695,1.6999817501234418
nkon1248,atla1278,-4.511077068227522,2.3166470087732165
noct1238,sino1245,-7.339483744806188,6.997420666612712
noku1237,aust1307,-3.0052428884360776,1.1760597290481627
noma1263,araw1281,0.2916962792221658,0.9569029320189486
noon1242,atla1278,-2.441485914687415,2.2939368522176977
noon1243,atla1278,-4.496705006526445,1.4734574575201975
nopa1235,otom1299,3.234916233754716,1.1277182355717343
nort2839,aust1307,-3.5014593345077305,0.9055751004808456
nort2697,turk1311,-5.786472934085696,11.2689201857702
darg1241,nakh1245,-6.051377652094686,9.697568488401402
nort2930,kiwa1251,-6.515149893631786,13.971788751880226
nort2836,aust1307,-3.720844572976141,0.9898025677363904
nort2724,sino1245,-8.03569390422631,7.740018556042244
nort2972,choc1280,-3.661614302410537,5.95242221058767
nort2702,drav1251,-6.428026967175274,9.894291886508428
gumu1244,gumu1250,-5.341136484121041,13.19980394125396
nort2938,haid1248,-2.870301770726017,6.549538726346341
sing1264,sino1245,-7.386045175685236,7.078916733045446
nort2877,aust1307,2.2831323486803283,0.7577918835867052
nort2684,aust1305,-4.370763100185413,2.518165041488274
lush1252,sali1255,2.573801623585992,2.2343212314595604
nort2774,atla1278,-6.228824568201486,3.731540616005745
nort2954,utoa1244,-3.4869686381679936,3.364988398630672
nort2957,utoa1244,-1.5255167336611235,1.2735963296352253
nort2723,sino1245,-8.03513394927687,8.438002167499533
nort2747,hmon1336,-6.551716144298963,13.249428979771425
nort2722,sino1245,-7.865637547775821,9.796536583753138
nort2994,aust1307,-3.595327785171473,2.594369829871752
nort2885,aust1307,2.9586364482970327,1.141114059930743
nort2959,utoa1244,-1.071884713593945,1.3685318299428388
tosk1239,indo1319,-4.649403353636213,4.531411581173799
nort2732,sino1245,-7.496374803574621,9.482276426614064
nort2690,turk1311,-6.865429604912599,17.082517572659867
yoku1256,yoku1255,-3.2481696965787115,10.0775649861704
nort2745,yuka1259,-5.798834702517093,34.135494652145965
nort3047,afro1255,-1.7663552853280846,0.6012669939202624
nort3139,afro1255,0.6245095583245712,1.26815219230825
nort2845,aust1307,3.881039016075184,9.46309249705658
nort2671,ural1272,-5.828987422663502,14.536336694568064
nort2942,atha1245,-4.067346133015663,8.948787298033267
nort2847,aust1307,-2.0855135193392487,0.8815102779714152
nort2699,drav1251,-6.642497345361871,10.577005744020411
nort2961,algi1248,-0.9282760360548904,2.623979136633892
nort2775,atla1278,-5.471196088428996,2.604969210892776
nort2951,maid1262,-2.966236332934869,8.962147918754482
yaki1237,saha1239,-3.1191205415524297,7.4812612808078995
nots1237,aust1307,-3.8723056080880336,1.3793522937989875
nsen1242,atla1278,-5.843021843233973,5.428080039461975
nuer1246,nilo1247,-1.041637934864819,1.583819106788951
nukn1238,nucl1709,-7.595785125599621,8.67051076191953
nuku1260,aust1307,-3.9459763244977473,3.181323857177276
nung1282,sino1245,-7.898800703145543,7.673417046704401
nupe1254,atla1278,-3.814226601253119,1.9378256147078476
nusu1239,sino1245,-7.95150053952314,7.567524964160384
nuuc1236,waka1280,1.682373077664212,5.178079790827255
nyah1249,aust1305,-4.346923581014059,2.243513841694565
nyah1250,aust1305,-4.100292002505541,2.729393055951448
nyak1260,atla1278,-6.01069278466938,4.3572861492692
nyam1285,afro1255,-2.040453402844327,0.9796433331703582
nyan1307,atla1278,-5.808296322958317,3.458982616040643
nyat1246,atla1278,-5.967208834828962,3.155461485366402
nyaw1247,pama1250,-3.296997310061959,2.8327886536645366
nyis1236,sino1245,-7.06375266163754,6.762360828427774
nyor1246,atla1278,-5.627876052420572,3.165175389906082
nyun1247,pama1250,-2.3542443315571933,3.7052340525922176
nzad1234,atla1278,-5.900967555113238,4.790200281248431
nzak1246,atla1278,-5.584657081770588,2.4568140004186603
nzak1247,atla1278,-7.164815116886297,3.755145614275335
obok1239,lake1255,-4.929844122655951,13.398410017301856
obom1235,aust1307,2.372893323017908,0.8436430129513184
occi1239,indo1319,-3.806900179868101,3.71636830901862
ocot1244,otom1299,3.133468478358423,0.9961553224847391
oriy1255,indo1319,-6.381529840536791,6.955345823910847
ofay1240,nucl1710,-3.482022598069658,6.967937067560953
kalm1243,mong1349,-5.595087697154627,16.176098158510754
okan1243,sali1255,0.7252722462199199,1.5781300675848513
okin1246,japo1237,-4.468354876777591,8.339064546369812
okoe1238,atla1278,-4.176488223305759,1.561252625132326
oksa1245,nucl1709,-6.41753754599978,8.614620928052219
okuu1243,atla1278,-4.457909197124171,1.46317287115518
oloo1241,nucl1708,-4.751216543185644,9.762575499669197
olut1240,mixe1284,0.3234310588996867,1.5461931814762977
omah1247,siou1252,-2.260667559419153,5.972776858363616
omie1241,koia1260,-6.761284773937497,13.509542815255983
onge1236,jara1244,-3.764011591864372,11.899002398572378
bira1253,bira1253,-5.026517020948733,13.018093634120106
orma1241,afro1255,-2.8205439064253985,2.3920374658146244
oroc1248,tung1282,-5.806014006531092,17.67085706681489
orok1265,tung1282,-5.7676226573149325,18.636977556769835
orok1269,nucl1709,-7.402655705958066,9.04308442166787
orok1266,atla1278,-3.5613207680587147,1.4724396661288068
orok1267,nucl1580,-5.775848400279981,13.82849366989241
orow1242,aust1307,1.291227657104967,0.6969589480451646
orya1242,toro1256,-5.555186927892191,13.925020106393404
osam1235,atla1278,-4.897784274513081,3.364727162851338
otor1240,heib1242,-4.527867078267973,10.182593825525302
otta1242,algi1248,0.8672777266499812,2.2171695868771337
owaa1237,aust1307,-1.208391032292198,1.1132075208337395
paaa1242,afro1255,-2.051122118031677,1.0024787346313673
paam1238,aust1307,-3.4143435395134887,0.9102482425775378
paas1238,atla1278,-4.549048830463869,2.320078762350022
paco1243,aust1305,-4.190023398206567,2.422547356898818
paez1247,paez1247,-2.830108231463638,8.264493211534898
pagi1243,atla1278,-6.202657362459827,3.7770362194696494
pagu1249,nort2923,-4.927793754547801,8.95813729904323
pahn1237,hmon1336,-7.257659893271853,12.747472991030122
pait1244,sino1245,-6.780253115207589,6.48518222521966
paiw1248,aust1307,0.6296251228693444,0.7377852636317215
pala1344,aust1307,0.7243557857665062,1.6700689956134482
pali1279,araw1281,-2.978465311696039,4.525348353070285
balu1257,aust1307,-3.426043253453579,1.810240147230715
pamb1243,atla1278,-7.133586993248816,3.665216957442468
pamo1252,aust1307,-0.3864535277297625,0.9770657589967442
pana1307,nucl1710,-5.622214207988707,7.672406515989365
enap1235,cari1283,-0.6778107665097237,2.0288310282944195
pang1290,aust1307,2.7739556321732133,1.0083971151457831
pang1291,aust1307,2.0267065269929114,1.1738776330479084
pang1287,atla1278,-5.9616575421641445,4.332435691023633
pano1254,pano1259,-3.2884911682598186,2.1745106279553426
pany1241,pama1250,-0.7378761935564166,1.2435914829148231
papa1238,toto1251,3.0964848828139298,3.300485073886776
papa1265,aust1307,-2.4684952003050777,0.9588711448339352
para1302,sino1245,-7.3469897045692125,6.735811989775499
pare1272,araw1281,-1.7301692636187478,2.0304765001034184
pate1247,aust1307,-4.535378256518538,1.669074809969402
patp1243,aust1307,-3.809665596945139,1.3573079170702016
patt1248,sino1245,-7.810051010603409,11.63430697090446
paul1238,aust1307,-3.4276998806732077,1.8881014473383004
paun1241,araw1281,-0.0082696335504435,1.195635351288885
pawa1255,pawa1255,-6.524548379283679,14.263467388955789
pawn1254,cadd1255,1.3091180572900307,4.391781598703048
pech1241,chib1249,-3.214992595439552,4.9016828482611885
peer1241,atla1278,-5.770146133878479,1.8755707569837057
pela1242,sino1245,-7.978076564723651,7.021893296005132
pemo1248,cari1283,-2.572695974647997,2.6123566334047155
pend1242,aust1307,-1.1376730713804433,0.9654952038232948
peng1244,drav1251,-6.486714596934201,9.85927338784562
peri1253,mong1349,-6.093295076672295,18.74782219035434
phak1238,taik1256,-5.445448212551223,11.996446405773725
phom1236,sino1245,-7.167346150017142,6.701465340068424
pila1245,guai1249,-2.748537736533606,6.490307515143556
pima1248,utoa1244,-1.757380474286495,1.5817951865630988
pina1252,piaw1238,-6.250880962712712,13.75206249290862
ping1243,aust1307,-3.937141957285687,3.697258192060545
pipi1250,utoa1244,0.0544639572756318,1.8061469371404115
pite1240,ural1272,-5.510681731590422,13.614944576483367
plat1254,aust1307,0.3593041215074946,1.843927387496791
pnar1238,aust1305,-1.686203013238285,1.752752801060467
pohn1238,aust1307,-3.881724010550433,3.7312462539272673
poko1263,nilo1247,0.7011722385996881,1.0118224073276991
poli1260,indo1319,-5.14001551687385,6.255128328593415
popt1235,maya1287,2.511032704847927,1.1956190585620163
port1285,aust1307,-3.354023417158751,0.8319650246466637
port1283,indo1319,-2.8713020213576708,3.762402507540529
phai1238,aust1305,-4.166283431079285,2.538523289561212
pras1239,indo1319,-6.871767851143993,11.083719500391211
psik1239,afro1255,-1.337220123973032,0.5374813299811336
puin1248,puin1248,1.0729269869962104,3.839745133330581
puka1242,aust1307,3.12459475098014,4.907962412033527
pula1263,atla1278,-2.508258171260409,1.9678262376500013
pula1262,atla1278,-2.707712423732345,1.9047166704194467
pulu1242,aust1307,-3.416848954351987,2.900592425451535
puma1239,sino1245,-7.335825629622388,7.453021859779625
pura1257,pura1257,-6.518717084606042,14.349339054608052
pure1242,tara1323,-2.386071846731871,7.0141458604067
puri1258,sino1245,-7.832734277355041,12.165999527625845
puyu1239,aust1307,0.5542548792656317,0.627628923306915
qawa1238,kawe1237,-3.232315965391759,12.700433619094454
qima1242,afro1255,-2.986359865672948,2.652187006708701
quer1236,otom1299,-0.2297624164878251,1.1823117675401278
quio1240,otom1299,2.8344297248513604,1.0115881211837916
rabh1238,sino1245,-6.715414447643303,6.403954484263082
rade1240,aust1307,-3.7673491455278745,2.542431636301501
raji1240,sino1245,-6.800582884153296,9.31257436880712
rama1270,chib1249,-3.852268963861954,4.4152139869032965
rapa1244,aust1307,3.2483599611603453,10.22827435321156
rapo1238,nort2933,-0.6994656853542227,2.0646696024034554
rata1244,aust1307,-1.6594129899133612,1.605028101152172
raut1239,sino1245,-7.694976292225112,9.523067695489743
reja1241,aust1307,-2.2983509223941896,1.351625341949628
reng1252,aust1305,-4.09479842426149,2.3145585653768563
rere1240,aust1307,-3.407109607731313,0.8145650875263328
resi1247,araw1281,-1.670157874732639,1.6722756152353924
reye1240,pano1259,-1.5008955805713948,1.865450292204912
rian1263,kolo1268,-5.581092321489857,12.95188132954182
rikb1245,nucl1710,-4.96299227442927,7.412532123967978
rita1239,pama1250,-1.1539180033661345,1.6053460955493648
beka1241,aust1307,-3.1970499067173224,2.262818139519794
roma1326,indo1319,-4.300202983162167,4.015787575853864
romb1245,aust1307,2.76355365079056,1.3629379416180285
ronn1241,afro1255,-2.6117438204377588,0.9518366314840848
rong1266,sino1245,-6.8179224829922624,6.361839976351419
rong1264,sino1245,-7.72583639464724,10.389000617647568
roto1249,nort2933,-0.7249333329075287,2.063047497978189
rotu1241,aust1307,-1.6226597427268188,2.1637981248267266
rovi1238,aust1307,0.4154521879881003,0.6103155625511789
ruch1235,aust1305,-3.62280058543705,2.388639728579846
ruka1240,aust1307,0.5372738459664181,0.6246826322696251
ruma1248,aust1305,-3.338273203634692,2.529774056727732
rung1258,maba1274,-5.582606376228165,12.857652818791294
rung1259,aust1307,0.4856576009342239,0.6977081583213192
russ1264,mong1349,-6.360787523232453,21.491408836220373
russ1263,indo1319,-6.648454812540445,13.399608768138052
rutu1240,nakh1245,-5.98557193451544,9.529539090604231
saaa1241,aust1307,-4.360174650270254,0.9649591673870646
saaa1240,aust1307,-1.0862423520805553,0.742185229670568
saam1283,atla1278,-5.701608993360575,2.656302522241276
saar1237,aust1307,1.0479689546537942,0.6120514255697884
saba1268,namb1299,-3.5874988896154902,8.35179607664459
sais1237,aust1307,-0.2562222674654086,0.8050957171222848
yaku1245,turk1311,-6.440614362215598,24.21752841736746
saki1247,aust1307,0.2118404182933031,0.699264062729398
tsis1238,atla1278,-3.914850699037452,2.1223594396269903
samb1311,atla1278,-5.746434976642673,1.7856828703137495
samb1305,atla1278,-5.76129037344373,1.7925512319108066
samo1305,aust1307,3.25231421653488,3.2024779204463982
sana1295,afro1255,-3.187184322008851,4.288146760867335
sanb1241,otom1299,3.3400118124690694,1.1911713911092647
sanb1242,chib1249,-4.902911858708643,5.233151644409787
sand1278,huav1256,2.4909004942883657,7.160896718777877
sang1331,atla1278,-6.923208546588786,5.267304655928925
sang1321,sino1245,-7.098709696219508,6.5690045398281
sang1330,atla1278,-6.07605140830771,4.07609688197438
sani1269,sino1245,-8.496760647902557,7.78445727764624
sanm1301,otom1299,1.9652793267714184,1.0813559649256916
sanm1289,quec1387,-4.040587856178096,5.69877972428182
sanm1295,otom1299,1.8855128075161711,0.8645511572677549
sant1410,aust1305,-3.48487317241076,2.923546647322283
sant1451,otom1299,3.440179282162071,1.3571667471059925
sant1436,otom1299,2.6981359244057748,0.9726074970181317
sanu1240,yano1268,-3.5378865993335142,7.030105438255362
sapo1253,aust1307,-1.8529100518790476,0.9821211399736428
sapu1248,aust1305,-4.298361118756616,2.249567047695848
sara1321,cent2225,-5.402027173327988,8.015361175583308
sars1236,atha1245,-4.3174595572902135,6.993049766308729
sasa1249,aust1307,-2.2423276912493746,1.8956061775750328
sata1237,aust1307,-3.019483437896747,2.585926158630897
saur1249,drav1251,-6.32835287017099,10.656750184984432
savo1255,savo1255,-3.240468749044012,9.165166521615262
saya1246,afro1255,-2.807709661447105,0.8471533439415282
seda1262,aust1305,-4.062463483839172,2.3397121486292747
seim1238,aust1307,-2.7146547796427063,1.9518030091802103
seke1241,aust1307,-4.422702131557006,0.9684679377288036
sekp1241,atla1278,-4.495043529233342,2.291957518128129
sela1259,aust1307,-3.37446689579713,2.32409274411242
sela1260,aust1307,-1.490866571734979,1.00750866523056
sele1249,atla1278,-4.511547016888201,2.3024227525069563
sele1250,nucl1709,-7.624150540711334,8.707165237079707
selk1253,ural1272,-7.211572546774823,21.70750577327108
sema1266,aust1305,-3.3340394090170635,2.3269967991412277
sema1265,aust1305,-3.690454774539794,2.5637956327795166
seme1247,aust1305,-3.5595909029248523,2.728860624179632
seng1281,aust1307,-4.389732861719024,1.5306998193294843
nucl1632,sent1261,-5.449385047790644,13.79143489918482
sout1528,indo1319,-4.847291874473102,4.856149599366233
seri1257,seri1257,-2.836896903639017,8.753760544232094
sgaw1245,sino1245,-7.931851509241277,7.919385392656991
shab1252,shab1252,-4.868488589016813,12.992352949767806
sham1280,atla1278,-5.912258253600792,3.352911431966106
shan1283,pano1259,-3.0741938808696605,2.0122697517391543
shaw1249,algi1248,0.9603645457386052,2.3860175665961094
shee1238,hmon1336,-4.887899592117428,12.097271495124346
shek1245,dizo1235,-4.906073335740604,13.022915836945115
biao1253,taik1256,-5.520561534808314,11.644756500665636
shil1265,nilo1247,-1.2052466215004936,1.7683026199487983
ship1254,pano1259,-2.993054367997519,2.154878753488333
shix1238,sino1245,-8.000527479630378,8.232311127939141
shol1240,drav1251,-5.908270698737905,10.048978514652475
shon1251,atla1278,-5.785198389352332,5.67940932997432
shor1247,turk1311,-6.996281194938797,20.77263841612087
shos1248,utoa1244,-3.753959525083906,3.685839283888299
shua1257,jiva1245,-3.513739639083469,5.889288218574819
shwe1236,aust1305,-3.4539022464491085,2.5390537570069824
siam1242,siam1242,-3.3275884878434137,10.092035198593225
siar1238,aust1307,-3.6256435635961455,1.3632940292118292
siaw1243,amto1249,-5.489991409946569,13.65369961789601
sich1238,sino1245,-8.099075564432182,8.425661187507473
sici1248,indo1319,-4.225666501075349,4.162324269289897
sici1249,atla1278,-4.431093086320693,2.342294825728388
sida1246,afro1255,-3.98709416948926,2.057088471036991
siee1239,aust1307,-2.338094800393531,0.9518010334050756
sier1250,otom1299,2.9386890953748663,0.9909724581840464
sika1261,aust1307,-2.445287086470731,1.337461486147859
siks1238,algi1248,-1.3339385737605016,2.726585966212284
simb1256,aust1307,0.9076451391583804,0.7323854147861937
sina1266,aust1307,-4.241794648513832,1.9405615383186472
sini1242,mand1469,-4.347583070257301,6.218632534437646
sioo1240,aust1307,-4.588203263554044,1.597528882846191
sion1247,tuca1253,-1.5362913960013986,2.008005161528516
siri1274,tuca1253,-2.7145461529727384,1.6883479766343896
sile1255,nucl1709,-7.211762529446668,8.552597915269999
situ1238,sino1245,-7.898024143686349,9.507335302711269
siwi1239,afro1255,-0.5764773312812919,1.8904330916812453
siwu1238,atla1278,-4.4372068877931525,2.296803400573353
siyi1240,sino1245,-6.823097341124267,6.547649536269304
skol1241,ural1272,-6.181174456135913,15.348007333975914
slov1268,indo1319,-4.745144380556997,4.684541309893092
sooo1254,aust1305,-4.391313292573774,2.4480192110067804
sobe1238,aust1307,-3.273398986928901,2.119043774209331
soch1239,otom1299,2.7044775536299417,1.053733952390047
soga1242,atla1278,-5.077512397818995,2.7899281721789464
soma1255,afro1255,-3.183017733608909,4.00633951433808
soni1259,mand1469,-3.8818967435492815,5.871364209243268
sons1242,aust1307,-1.1550315982753108,1.7531598926493928
sooo1256,kuli1252,2.0169213952855705,2.9929803868604665
sora1254,aust1305,-3.596314210157615,2.979999963227641
mani1235,east1459,-5.871898209352768,13.71941941723641
koon1244,atla1278,-5.171221730728123,5.080653836193392
sout2859,aust1307,-3.471526930399203,0.910375619119506
sout2976,utoa1244,0.2919505163088081,1.241420391370312
sout2856,aust1307,-2.7747815792943564,0.9854583656458402
sout2954,japo1237,-4.606895130042732,8.774600813442902
sout2996,ayma1253,-3.225358182383889,5.393671201807109
sout2730,sino1245,-8.225643413068783,7.558812080320408
raro1241,aust1307,3.605655832667991,6.90522422997779
sout2741,taik1256,-6.546139584738805,11.905635143449246
sout2715,sino1245,-7.520784878754139,8.205850038386728
sout2826,krua1234,-3.4670797903700907,11.55958147239734
sout3236,gumu1250,-5.293046853746146,12.990483422130666
sout2956,haid1248,-2.8408063682657034,6.509454353651449
kach1280,sino1245,-7.755986195022544,7.077724251048153
sout2949,kiwa1251,-6.119054190447962,14.22349868294532
sout2994,namb1299,-3.4943657842388443,8.354440525194633
sout2649,indo1319,-6.68613897445012,10.304106510086584
sout2729,sino1245,-8.053921152673682,8.11540340709918
sout2728,sino1245,-7.894909277820757,9.575333384127193
sout2918,aust1307,1.1149937530120253,1.0058585507928657
sout2985,miwo1274,-3.417001964441482,8.055142523345367
sout2807,atla1278,-5.088756583858561,8.048548611458997
khan1277,sino1245,-6.992553081182189,6.474006861007908
sout2797,atla1278,-4.426974880758047,2.234362527703013
sout2679,ural1272,-5.859772973050417,12.09878521187828
sout2782,atla1278,-4.868538918685878,1.7960953202118048
sout2674,ural1272,-5.126645849487504,13.2314299693153
sout2959,atha1245,-4.2959710384380365,8.718449009442494
para1301,aust1305,-3.8192928581798897,2.5003856297067983
sout3261,nakh1245,-6.033094168627496,9.64086262419886
sout2869,aust1307,-1.9757606883515464,0.8872277643329198
stan1318,afro1255,-0.3395117298089856,1.866556629381222
indo1316,aust1307,-2.628561936032507,2.9166713447785924
stan1306,aust1307,-2.99510075691203,2.078835435337041
horp1239,sino1245,-7.91130763083547,9.24179942365545
suab1238,sout3418,-5.967353559855759,14.383471892920042
suba1238,atla1278,-5.233110529958361,2.6170459954050216
sude1239,aust1307,-2.271314563612328,1.9006740476867487
suku1272,afro1255,-1.8712276912050172,0.5193624599327791
sulk1246,sulk1246,-6.318483366519519,13.977957250026648
sumi1235,sino1245,-7.057287361922777,6.546129996692841
mari1426,aust1307,-4.375855162515654,1.1514679068398408
sunw1242,sino1245,-7.403803444074484,7.685010974101857
supy1237,atla1278,-4.3247495664271405,2.478871972256613
surg1248,ural1272,-7.188672844187147,21.19852699678148
surs1246,aust1307,-3.730420306260468,1.3777625046278956
suru1262,tupi1275,-4.792115798607018,6.07860340671229
swah1253,atla1278,-6.00401309711349,3.982446081874969
swed1254,indo1319,-5.215364109054086,8.021450833106869
taba1263,nort2923,-4.791053119197027,8.980633553961042
tabo1241,tabo1241,-6.166529810671884,14.439559411266783
tafi1243,atla1278,-4.482616414063209,2.3767324067437983
taga1272,aust1307,2.3318045331586736,0.8435084673443072
taga1273,aust1307,-0.6409219804432409,0.7696790181952622
taga1270,aust1307,2.656024064269252,1.2918535170143173
tagb1258,aust1307,2.0658501841717127,1.4401483476160737
tagi1241,sino1245,-7.211019702406757,7.079524827618528
tago1246,rash1249,-4.372627843213615,11.03784837566944
tagw1240,atla1278,-4.642407929508741,2.685621645210276
taha1241,afro1255,0.9314273219480612,2.041428100553404
tahi1242,aust1307,3.95597010028476,8.198587759477746
taia1239,taia1239,-6.1874490877789246,14.048683392832032
taji1246,aust1307,-1.090484050847368,0.9453852692587787
taki1248,aust1307,-4.314581323236517,1.7016832832355675
taku1257,aust1307,-2.3497579557573824,1.4745206654866223
binu1244,aust1307,2.595634092383027,0.9361096763211378
tali1259,aust1307,0.1743337366778758,0.6334116554642719
tama1331,tama1329,-4.882476698221977,14.321989358312692
malo1243,aust1307,-4.2064903428132485,0.9188006141202294
tama1365,afro1255,0.0770453708578715,1.666699468823836
tamb1254,aust1307,0.2162739339928103,0.6085726140021137
tami1289,drav1251,-5.641341561184539,10.330234508466988
tane1237,aust1307,-2.5894949081713152,1.2726606643409042
tang1377,sino1245,-7.383736427752101,7.56064248941415
tang1373,sino1245,-6.886471491826046,11.085453511320551
tani1257,tuca1253,-2.6442268609613406,1.8912853280926212
lowe1412,aust1307,1.469026846592906,0.70334247930262
tara1313,sino1245,-6.952423162439725,6.481923117747698
tari1256,araw1281,-1.530321378129066,1.2275601251252084
tari1263,afro1255,0.5277641340675183,1.8155378391339383
tata1258,otom1299,3.0494451870920383,1.0543915033041174
tata1257,aust1307,-0.0812121108312959,0.6898447727275823
tata1255,turk1311,-6.522110780964983,16.789094380690088
taul1251,taul1250,-6.242717214316231,13.901760216500634
taus1253,taus1253,1.0419597102751976,3.815659652813295
taus1251,aust1307,0.977309483375195,0.8741881893314485
tauy1241,nucl1709,-7.311597353604935,8.5443165842115
tawa1275,aust1307,-3.6742039967533766,1.7379328683395698
tawa1286,afro1255,-0.9381221401260608,1.7088094303371406
diga1241,sino1245,-7.6152891215304415,7.6916344731230595
taya1257,afro1255,0.2036550799535144,1.6524801585918567
tbol1240,aust1307,2.068138644120069,0.971058113817449
tean1237,aust1307,-2.562779568725455,1.2541895950076452
teda1241,saha1256,-3.699749917680111,8.230988209211588
tedi1235,sino1245,-6.795739308564203,6.595801596285696
tega1236,rash1249,-4.40013397794617,11.02013450712542
tehu1242,chon1288,-3.3646444786287577,12.971315292127272
tekt1235,maya1287,2.572729773582308,1.2890543982527305
tele1256,nucl1709,-6.33908692957109,8.634054792123024
telu1262,drav1251,-6.3091109673448855,10.108009595837473
temi1246,aust1305,-3.446527753906646,2.2737856692921525
temp1235,aust1307,0.6954834491701929,0.6559576797186821
teng1272,aust1307,-2.6682758312404244,2.2747175772481825
tene1248,dogo1299,-3.610052548585743,5.970560525001872
tenn1246,surm1244,0.5754517997711046,1.6073840775458592
teop1238,aust1307,-1.773020305583107,0.9517734089332208
tera1251,afro1255,-1.722393989787235,0.8718133523895375
tere1279,araw1281,0.897707292025653,2.0643324413600084
teri1250,chib1249,-4.205845184604151,4.515591969031462
term1237,aust1307,-2.6312349221900333,1.4685755422206768
tern1247,nort2923,-5.023911342668267,8.996215097862361
tete1251,utoa1244,-1.5393404969244875,1.5233785294099818
teun1241,aust1307,-3.6087869090585225,1.99829052206934
tezo1238,otom1299,2.3247528302472995,0.9083699203026612
thad1238,sino1245,-6.808085351318322,6.48312901907282
thai1261,taik1256,-6.345985981907645,11.826706559297604
thak1245,sino1245,-7.598297645938601,8.723335955813624
than1259,sino1245,-7.478228729928723,8.187476673098047
thao1240,aust1307,-0.2491094391378676,0.6131346337393353
thar1283,atla1278,-6.065773867074052,2.7028969276215946
aheu1239,aust1305,-4.294965589691219,2.539338359087864
thay1249,pama1250,-2.422318831143328,1.9643611386234452
thul1246,sino1245,-7.27972439751319,7.418646878201471
tibe1274,atla1278,-4.489153826332161,1.6879295497321465
tibe1272,sino1245,-7.123327245353769,7.31160326488525
ticu1245,ticu1244,-3.2818437228407435,9.639057969222437
tido1248,nort2923,-5.381831010260271,9.099211531311768
tief1242,atla1278,-4.478942866780932,2.2318923891316302
tief1244,atla1278,-4.4632836505306095,2.218401629065937
tien1242,atla1278,-5.479859827721126,4.331109678721077
tiga1245,aust1307,-4.072673234837394,1.5462948504765706
tigo1236,atla1278,-4.550652236359329,1.5434664247260912
tika1246,atla1278,-4.680888178751212,1.7356293961684202
tiko1237,aust1307,-2.9585715588753514,1.6875481407324315
tilu1238,sino1245,-7.375061623714165,7.562566552329969
timn1235,atla1278,-4.094820530301464,2.375944521740351
timu1262,aust1307,-0.0963853504894851,0.6474255694456303
tina1248,aust1307,2.773456396708867,1.1573190667342743
tira1254,heib1242,-4.567325338776084,10.172783945765062
maee1241,aust1307,-3.3527696118025734,0.8473796095283603
tiri1258,aust1307,0.2155321966559813,0.6943862110477852
tiru1241,aust1307,2.291615492494727,0.9013222498334414
tita1241,aust1307,-4.202746570033277,1.8902785299186604
tivv1240,atla1278,-4.197367060071279,1.4356009135054677
tiwi1244,tiwi1244,-5.215748982076773,13.788883615002447
toab1237,aust1307,-0.7250697432266842,0.6351222734318753
toar1246,nucl1580,-6.78758149726737,13.789013671305185
toba1268,leng1261,1.3416346968619917,4.326177749243428
tobe1252,nort2923,-4.993118251894021,8.989949961138038
toda1252,drav1251,-5.869291114857065,10.08682916435285
toho1245,utoa1244,-3.641511947807728,2.904342595172181
tojo1241,maya1287,2.411536682551085,1.3390396361620986
toke1240,aust1307,3.135126573968223,4.189536211331358
toll1241,jica1245,-1.735287961635581,5.113320081735779
toma1245,mand1469,-4.771810616299675,6.014308312934432
tomm1242,dogo1299,-3.626240480997559,5.974850142132127
tond1249,song1307,-3.622978958792346,5.910243732679774
tong1325,aust1307,2.9170489927367385,4.430254892969444
tong1318,atla1278,-5.81174887181326,5.796535852016319
toor1238,atla1278,-5.763280861480856,3.339438780119565
tora1259,aust1307,-2.234385619409227,0.9513935531433048
tote1238,atla1278,-5.839493367511488,5.922845145429491
toto1302,sino1245,-7.072925382209023,7.0095337659382295
touo1238,touo1238,-2.743312063678253,7.739413730205328
trin1274,araw1281,0.6252946667518993,1.11388297136763
trio1238,cari1283,-3.712694458182456,3.689289283749588
trum1247,trum1247,-4.184451675811644,12.524357300935122
colo1256,barb1265,-3.313543322233348,6.777760567884698
tsam1247,afro1255,-2.756992758828207,1.61328173138277
tsat1238,aust1307,-4.038358984678608,3.568338994894873
dido1241,nakh1245,-5.887095227207324,9.309310725145338
tsha1245,sino1245,-6.933542676750601,6.752835160433449
tsix1234,khoe1240,-5.21326631366094,14.887056136561952
tsog1243,atla1278,-4.346781283774504,3.776895700156629
tson1249,atla1278,-5.195159124175611,6.411417719418225
tsou1248,aust1307,1.118138493238523,0.5927867376857279
tswa1255,atla1278,-5.196680937437457,6.271629048945542
tswa1253,atla1278,-5.453102172226202,6.997851721083762
tuba1278,utoa1244,-3.029693587733368,3.343663427134132
tuca1252,tuca1253,-2.6582074660593977,1.6578295602652702
tuge1241,nilo1247,0.6671494328617866,0.9712799425771408
tugu1245,aust1307,-3.4841659380331502,1.6391485879737928
tuka1248,aust1307,-1.5787771908498796,1.23208312951634
tuki1240,atla1278,-4.462731662691678,1.8217753059592208
tula1252,atla1278,-4.828892735393201,1.812806278503146
tulu1258,drav1251,-6.092889896265747,10.467624925943468
tuml1238,aust1307,-2.6776634749808284,1.6856812142152506
nene1249,ural1272,-7.164749497291874,22.252342205017257
tune1261,atla1278,-4.122097856555205,1.6398398538457857
tung1290,aust1307,-4.185725196693937,1.7136633164398347
tunn1238,afro1255,-3.905411560402255,3.674632885708704
turk1308,nilo1247,-0.6429446226278386,1.3150645041118878
turk1303,turk1311,-5.706522619639241,11.711024582299416
nucl1301,turk1311,-4.074308683067207,10.348729253100444
turk1304,turk1311,-6.4981930853027805,14.790184221722484
tusc1257,iroq1247,-2.932035196563264,5.817471496204945
tutu1241,aust1307,-3.393450758489198,0.9166596128864056
tuva1244,aust1307,-0.149604294034455,2.244143849635293
tuvi1240,turk1311,-6.946555695609112,20.603503485392864
tuwa1243,aust1307,2.6826097414903574,0.7333758263985004
tuwu1238,atla1278,-4.503241403721928,2.303006267138599
uuuu1243,aust1305,-4.100591010356582,2.659591491779352
ubir1237,aust1307,-4.116618808583693,1.734990929492497
udii1243,nakh1245,-5.961707463704904,9.674237568429234
udih1248,tung1282,-5.626208629381402,16.888238148396596
uduk1239,koma1264,-4.4415087155053845,11.032774685545604
ughe1237,aust1307,1.2805409647239463,0.6729652819182803
ugon1239,sino1245,-8.219614073855336,8.040034971224088
ukaa1243,atla1278,-3.302322419085072,1.5803052410545888
ukra1253,indo1319,-5.373876623079427,7.524247033918783
ulch1241,tung1282,-5.864187961505632,18.38571265683818
ulit1238,aust1307,-0.3490509288746812,1.5118344347112185
ulwa1239,misu1242,-2.96577970260237,4.990472344981541
yaul1241,kera1258,-6.133956387940357,13.109284669036429
umaa1242,aust1307,-1.4174058214862533,1.0200297548644102
uman1240,daga1274,-6.379435468419223,14.241207236705122
umbu1257,atla1278,-5.335364954332278,6.898045789902923
umbu1258,nucl1709,-6.941738159832983,8.601995525594248
umes1235,ural1272,-5.524884641559947,13.106873033643495
unaa1239,nucl1709,-6.248798868027507,8.81661823037797
unea1237,aust1307,-3.618642861393945,1.5333088911082768
unua1237,aust1307,-3.361404883030501,0.8166168854180995
uppe1427,aust1307,0.5340024804914387,0.6709515156503727
uppe1275,toto1251,2.909056410750943,3.286745563724537
urak1238,aust1307,-2.691314636470256,2.341850124869026
urar1246,urar1246,-2.892979589251499,8.395444524190424
urav1235,aust1307,-2.3911926973930804,0.9681456125823332
urim1252,nucl1708,-4.856144496268066,9.761272896663954
urip1239,aust1307,-3.377918542493917,0.8373213994663757
urni1239,giim1238,-4.301054600301585,12.289025185014111
usan1239,nucl1709,-7.255333985029713,8.574176794110798
utes1238,utoa1244,-4.1231343189331255,3.9887984449636775
kagf1238,atla1278,-3.981234034907403,2.328532713966979
pile1238,aust1307,-2.8978569311847555,1.3316053657678708
veps1250,ural1272,-6.221150610522441,13.54387239213743
vera1241,aust1307,-3.1858505736510985,1.2462360210642345
viem1243,atla1278,-3.574926458175823,2.196478553804212
viet1252,aust1305,-4.953956013748082,3.014617955800801
voti1245,ural1272,-6.014596852360031,12.35645055062325
vunj1238,atla1278,-5.646252309840061,3.008538689698952
vure1239,aust1307,-4.0712104554039446,1.2461234748996048
vwan1235,atla1278,-6.94555291493741,4.186934274610394
wadj1254,wadj1254,-5.024740966803529,13.530846233772706
waga1260,pama1250,-0.5798756285077622,1.2631309259859336
wage1238,wage1238,-4.567794857629892,12.84734511641777
waig1244,aust1307,-3.018437049750092,2.036977267986672
waim1251,aust1307,-4.371663178390536,1.940014208109588
waim1252,aust1307,-3.419755010762859,1.618760812227265
waim1253,cari1283,-3.070200840148052,3.3103901885284017
waiw1244,cari1283,-3.309276251431473,3.027611880101816
waja1259,atla1278,-4.778117310904876,1.814821874792472
waja1257,pama1250,-0.9300212141836052,1.86413050520234
waka1274,pama1250,-2.747728602615465,3.315450663472717
wala1266,aust1307,-0.754212068704958,0.5480734350748406
wamb1258,mirn1241,-3.5459543360886108,9.067025273172206
wamb1257,sino1245,-7.371971317438806,7.546946523258683
wann1242,mand1469,-4.984915878330131,6.036618916350136
wand1278,afro1255,-1.365979607344889,0.5822403596127828
wand1267,aust1307,-3.598055823660576,1.9675116137961768
wanm1242,pama1250,-0.5916190861290906,1.5964530363328606
saka1289,aust1307,-3.29846894189764,1.052739529719858
waor1240,waor1240,-2.884463606772664,8.355083096329594
wapi1253,araw1281,-2.426360123362292,2.6263435163689195
wara1303,wara1303,-3.638595768378959,11.652120610565376
wara1300,aust1307,2.351513700742647,1.4709180554771135
ward1246,yang1287,-4.173587617057983,12.259584827874887
ware1255,araw1281,-0.9574143760343854,1.1030100198053958
ware1253,aust1307,-3.363341064417221,2.0853537985762927
wari1268,chap1271,1.3610588752503956,4.319128148184788
warj1242,aust1305,-2.009369796783367,1.870146298878666
warl1254,pama1250,-2.3582410112263736,2.1698419025995435
warl1256,pama1250,-0.9678481447947354,1.5409396637454194
waro1242,aust1307,-3.504486324211768,2.030755558726085
waru1265,pama1250,-1.770806930966502,1.6102223721537143
wash1253,wash1253,-3.1944364417714044,9.662758733960288
wask1241,nucl1709,-7.34091440681348,8.678072559836849
waur1244,araw1281,-2.382655734286256,2.483466747520424
wawa1246,atla1278,-5.670199074972549,1.7729742609903385
waya1269,cari1283,-3.775542018082681,4.05617873688027
wayu1241,sino1245,-7.407478774979655,7.665958915451654
wayu1243,araw1281,0.8478302993609299,2.1755059205902114
wels1247,indo1319,-0.1023705763070763,1.6945703517654351
nort2864,aust1307,-3.4034088666590576,1.883930889486905
weri1253,kuni1270,-6.90037243963892,13.710645289109848
west2564,aust1307,-1.8642618832671556,0.9784233529119462
west2560,aust1307,0.3866552475946294,0.649701867877539
west2548,aust1307,-3.601860339876248,1.9111575349818537
west2615,atha1245,-4.796812163128671,8.050613761459957
west2441,pama1250,-1.7498275784065127,1.828701968073105
west2397,aust1305,-4.4096565844258135,2.4353954294066824
west2555,aust1307,2.516185816137127,0.8620994396453483
west2618,eski1264,-3.937621358382299,13.694525152487316
west2650,aust1307,-4.011104543486758,3.1708462436098586
west2594,nucl1709,-6.488163668993023,9.054681317367596
west2369,indo1319,-5.138337848822853,7.290296689612418
west2519,aust1307,-0.743387647311947,1.5888848587338202
west2354,indo1319,-3.745964936312701,4.065673647535704
west2644,otom1299,3.146121864755326,1.0591388582767962
west2466,atla1278,-4.499425212000928,2.272338644765327
west2632,kere1287,-2.738261991075455,8.331031127326938
west2396,aust1305,-3.855832822260184,2.476577450657544
west2418,sino1245,-7.596423412017309,8.638970300035297
west2392,ural1272,-6.585077584239878,14.55502470255243
west2763,afro1255,-0.1209229443429324,1.283543807137761
west2386,indo1319,-6.836727013857974,9.811675590031951
west2557,aust1307,2.8425351300716075,1.2596128130785047
west2415,sino1245,-7.505630813053775,8.125935245917375
sanj1284,otom1299,3.046007520591389,0.9972750626560298
west2430,hmon1336,-6.247744196828322,13.623492683385209
west2599,nucl1709,-6.909311941128298,8.670458735966093
west2600,nort2923,-5.222128485598592,9.017285083866582
saka1291,aust1307,-0.5557588355638421,1.8472723404441207
west2516,aust1307,0.7446825178492853,0.7332979253569221
whit1269,aust1307,-2.907513761318492,0.8827832785049878
wikm1247,pama1250,-2.6141352557647712,1.977876939204393
wiru1244,wiru1244,-6.362607111787705,14.236929561990408
babi1235,atha1245,-3.371197292697884,6.294301649376209
woii1237,aust1307,-3.488071704351197,1.9945602746940665
wola1253,afro1255,-4.040450319498085,2.226294301280106
wola1242,gong1255,-5.809223496033328,8.916829717123079
wole1240,aust1307,-1.704681681451114,2.118234955903929
woli1241,aust1307,-1.9176593206406944,1.079200244063614
nucl1347,atla1278,-3.1275710573198974,2.2074812828757477
wotu1240,aust1307,-0.9275530070751712,0.9939367330033092
woun1238,choc1280,-3.527086500904589,6.236044886026562
wuch1236,sino1245,-5.918833477505309,9.203139706154516
wudi1238,sino1245,-8.36742798237851,7.851615763074506
wusa1235,sino1245,-8.333419303586417,7.894570866633941
wutu1241,sino1245,-7.793619349175142,10.77397123486881
wuvu1239,aust1307,-2.3377867777009813,1.809356068419575
xamt1239,afro1255,-3.935993701203868,2.790190005659312
xara1244,aust1307,-0.0726691106810402,0.6715382827522092
xava1240,nucl1710,-5.127369981400225,7.242682813219503
xhos1239,atla1278,-4.934126776517272,8.959609416625398
xish1235,sino1245,-8.33304688088322,7.512934273857425
xokl1240,nucl1710,-4.101671791525176,9.416486870327333
yaak1241,afro1255,-1.944718214843056,1.673801259452148
yabe1254,aust1307,-4.587835537257183,1.6167526183354963
yaey1239,japo1237,-3.931311522303161,6.856620433227064
yaga1260,nucl1709,-7.34210531274865,8.601820920192054
yagu1244,peba1241,0.931690674355148,3.672413896635234
yaka1272,atla1278,-5.76713271303936,3.184052529336981
yaka1277,aust1307,2.3466524091858743,1.2040836382651747
yaka1269,atla1278,-6.366949722093766,5.195146398275725
yakk1236,sino1245,-7.242353492554592,7.321759252813436
yako1252,atla1278,-6.250616880818552,3.731896506352044
yale1246,yale1246,-4.622090464169065,12.668952401823049
yama1264,yama1264,-3.478426363801075,14.77983843522891
yami1254,aust1307,1.2437200183472037,0.8627392757633032
yami1256,pano1259,-2.954737702116061,1.9798036757805024
yamp1242,sino1245,-7.338852995555959,7.545097294043643
yane1238,araw1281,0.3972562150242198,1.1519889800956378
yank1247,pama1250,-2.8760813878949647,2.4376812777431525
yano1262,yano1268,-4.125603133483509,7.270076754705698
yano1261,yano1268,-3.687289599625748,7.047335161759193
yaoo1241,atla1278,-5.832093577945499,4.934281637526752
yaou1238,mand1469,-5.011541784393527,6.313105171389964
yape1248,aust1307,0.3583893412743828,1.5026512219686623
yaqu1251,utoa1244,-3.216526809623159,2.415473688325349
yare1248,yare1250,-6.569366274467697,14.329657035299547
yasa1242,atla1278,-3.890902993046512,2.39210687368427
yatz1235,otom1299,3.0327130011374264,1.0725334540828015
yaum1237,nucl1709,-6.716875575416217,8.653022940444814
nucl1454,yawa1259,-5.010527056506274,13.496348966926549
yawa1261,araw1281,-2.568289150931031,2.579242853473332
yawu1244,nyul1248,-4.493746927801611,11.870719860519287
yecu1235,toto1251,2.408055654426859,3.3511903118478727
maqu1238,cari1283,-1.95341669429591,2.187256109209485
yele1255,yele1255,-4.370536164337352,12.614208461496588
yems1235,gong1255,-5.883674864131775,9.09069623774397
yapu1240,nucl1708,-5.7134798256586325,9.75932525184342
yess1239,sepi1257,-5.804875990335242,10.48232155420179
yidi1250,pama1250,-3.545635334985396,2.55591373866325
yima1243,lowe1423,-5.987586203655104,13.950447516868806
yinc1238,aust1305,-3.590777451625148,2.491926814280376
yind1247,pama1250,-0.1956903122390545,1.0336324696820751
yine1238,araw1281,-0.3887222152783436,0.9898405280074484
yoga1237,aust1307,2.9160007011538243,0.8394408508397078
yona1241,japo1237,-3.992931308751998,6.786646201570108
yong1276,taik1256,-6.017933221800504,11.547880820905815
yong1280,nucl1709,-6.427492204870958,8.910730771386952
yora1241,pano1259,-2.5032398071507465,1.9127865622644575
youl1235,sino1245,-8.650933831070262,7.266784655286131
youn1235,hmon1336,-6.155415150057671,12.8372931912467
yuca1254,maya1287,1.8133166620752084,2.184197611056092
yuch1247,yuch1247,-2.276846116074594,6.944684399163563
yuec1235,sino1245,-6.7354827514455184,8.389786781054639
yukp1241,cari1283,-1.40763099813666,2.645121385953104
yulp1239,pama1250,-1.376470083266411,1.563122409780405
yulu1243,cent2225,-5.762318402444865,8.388045125787855
yuqu1240,tupi1275,-3.662442310258221,5.4188385634692935
yura1255,yura1255,-2.538627317063239,7.2514316203980655
gami1243,pama1250,-2.1935362695766765,3.104342826622471
zaba1237,aust1307,0.6878399612523269,0.7169434049560266
zaca1242,otom1299,3.1958778965777643,1.1324873746090418
zaca1241,utoa1244,-1.4899623634305756,1.2759931048510111
zaiw1241,sino1245,-8.070895551560898,7.085552127186915
zakh1243,sino1245,-7.633702124017189,7.598594336640943
zamb1245,atla1278,-5.791282731512532,3.539217986718569
zand1248,atla1278,-7.153311549140932,3.57555896570112
zani1235,otom1299,3.036373103012747,0.9427244576438768
zapa1253,zapa1251,-3.14937750959692,7.388906272861675
zarm1239,song1307,-4.43911733185519,7.045026454609044
zays1235,gong1255,-5.7009105174344405,8.797965714644207
zeme1240,sino1245,-6.794754704216963,6.340467353523749
zenz1235,otom1299,3.0162661433141453,0.9716434211343312
zhab1238,sino1245,-7.906888342367644,9.041956824295085
zigu1244,atla1278,-6.80441026037996,3.5419955378104504
nort2795,atla1278,-5.644305762241468,6.083983744290336
zinz1238,atla1278,-5.766541607741526,3.343776000703315
zoog1238,otom1299,3.018450843538951,1.0525589943093934
zulg1242,afro1255,-1.5428154408261667,0.5405614193412873
zulu1248,atla1278,-4.952933146459421,7.942576826972186
zuni1245,zuni1245,-3.392622299137448,10.488546299259482
