Glottocode,Family_ID,GPGLMM_Latent_Mean,GPGLMM_Latent_Variance
abad1241,aust1307,-4.085736314375841,0.8398606762629734
abee1242,atla1278,-4.229270695428325,1.5881162447907693
abkh1244,abkh1242,-2.1216722114111963,2.1518969054665016
abua1245,nucl1708,-3.019200540161681,1.7459492495069542
abun1252,abun1252,-2.776375779657068,2.66877571007022
achi1257,aust1307,-2.331758575404752,1.7471674383931353
acha1250,araw1281,-0.6477199487430831,0.9925031887940738
ache1245,narr1279,-3.0595051862009592,2.109058851957428
achi1256,maya1287,0.4601790471874092,0.6290197159323014
achu1248,jiva1245,-3.136905287733039,1.6969277378819123
acol1236,nilo1247,-2.073622284765359,1.244265120712171
adan1251,timo1261,-3.676778483783093,3.188695720659079
adon1237,aust1307,-4.947849049843656,1.3442927335456891
adze1240,aust1307,-3.558394910558131,0.6583819772361945
afad1236,afro1255,-2.3970084355093526,0.7354498884572145
afar1241,afro1255,0.6670835461034492,1.0772691863645054
aghe1239,atla1278,-2.8117188675623,0.5321792642581009
aghu1255,nucl1709,-3.099672750021388,1.042635408974811
agob1244,paho1240,-2.8072158570256773,2.2042947119031497
agua1253,jiva1245,-3.4648905600737674,1.9763000513793871
agut1237,aust1307,-1.3651173119016755,0.7255446955284777
aika1237,aika1237,-1.378064289307943,2.056366364261211
aime1238,bosa1245,-2.433767999355528,2.1858722163830686
musa1266,nucl1709,-2.621799398503963,0.5722769595864783
ayiw1239,aust1307,-4.0798222924969085,1.1628189748494613
ajab1235,atla1278,-3.508084493878997,1.1382681253629547
ajas1235,kres1240,0.3454195632716339,1.2723762152573102
ajie1238,aust1307,-1.5300741978834482,0.6568941541119768
ajyi1238,araw1281,-0.3169122465625799,0.7767792618048137
west2635,maya1287,0.8034325615521434,0.5033474058074745
akei1237,aust1307,-3.2005803783343776,0.6817801635643015
akha1245,sino1245,-3.403362094931731,0.9356562250729388
akoo1248,atla1278,-2.260417520002589,0.549751548325748
akun1241,tupi1275,-2.325756026399131,1.6075852729750748
alab1254,afro1255,1.281639693946666,0.639288129295732
alab1237,musk1252,-3.207211096198506,2.7735970323596364
alac1244,otom1299,-3.0215547029584164,0.9028817950487557
alag1248,afro1255,-3.049161247238483,1.1133453241472129
aleu1260,eski1264,-1.9515316221950605,4.112702405553083
alor1247,aust1307,-4.934469704820955,1.3618918257051007
aluk1238,drav1251,2.8681809026744167,0.9885528646587955
alya1239,pama1250,-3.8967018237549,2.0066485191496923
amah1246,pano1259,-4.008921595018954,1.7359608113485798
amam1246,kuni1270,-3.0402565470431955,1.850930541263966
amap1240,left1242,-2.871791215539571,2.310580977519052
amar1272,aust1307,-3.7352054585504817,0.7397991159505644
amar1274,hara1260,0.7645986379787693,1.829310775695068
amas1236,nyim1244,-3.0280852358915684,2.718257569050931
amdo1237,sino1245,-2.157254979654561,1.112584204474551
amii1238,west2434,-3.911319034725752,2.824978275794309
amis1246,aust1307,0.0832128835115936,0.5789982909295421
hoaa1235,kxaa1236,-2.6531711584186777,3.00736693656933
amri1238,sino1245,-2.2990983115739883,0.578763855849969
gily1242,nivk1234,1.3582413895374996,2.818629547463331
anei1239,aust1307,-3.4502046579422947,1.002044406841624
anfi1235,gong1255,-0.887405482914871,0.8414258767210425
anga1290,anga1289,-2.444596178162413,2.169904715265828
anga1288,sino1245,-2.503967848235616,0.5145797843849245
ango1257,chib1249,-4.280616583843961,1.9683062108146645
wara1294,more1255,0.2449986869538205,1.320796353715851
anta1255,aust1307,-0.9356456254952584,1.785535908111033
anua1242,nilo1247,-2.025829926098975,1.222976030381412
anuf1239,atla1278,-3.552307883089867,1.2378943377681857
anuu1241,sino1245,-2.597209069367304,0.8737442840819005
anut1237,aust1307,-3.704053768477469,1.3638591137062113
aoua1234,taik1256,-1.8712308266837037,1.6556072944463365
apat1240,sino1245,-2.420576277835199,0.5521579302814796
apma1240,aust1307,-2.7961616671662464,0.6284153059355475
apma1241,kera1258,-2.676052008730041,1.995606808489753
arak1252,aust1307,-3.194258508459828,0.654530959294509
arao1248,pano1259,-3.6558973243942607,1.5798552225058229
arap1274,algi1248,1.8161817161985117,1.574439828919357
arbo1245,afro1255,-1.856514860391528,0.6917026088980105
arch1244,nakh1245,3.1940558312319767,1.1885185470589992
aree1239,aust1307,-4.106341605443757,0.946482657625193
area1240,aust1307,-2.274111799551515,0.6921092065521215
argo1244,afro1255,1.0313583480830384,0.8845926113653775
arhu1242,chib1249,-4.260460769541094,1.832829612474912
arig1246,atla1278,-0.444757521162695,0.7434645618978841
arom1237,indo1319,-0.5839610456402765,0.8429808602074962
arop1243,aust1307,-3.6169899676930974,0.7000830560653055
arop1242,aust1307,-4.020680622621487,0.8210204834144257
aros1241,aust1307,-2.1360005667911466,0.7847812705199919
arta1239,aust1307,0.4002125883755387,0.3986938707803116
ashe1272,araw1281,-0.5835032410786242,0.7667026822692806
asoa1238,cent2225,-1.5143557413045792,0.8308767757203563
assi1247,siou1252,-2.4243484617954563,2.5020955986363127
asur1254,aust1305,2.123647736403404,0.9567420877984611
asut1235,atla1278,-3.073817361171499,0.9234637414465404
atam1240,aust1307,-1.587375486100734,0.6484436766460941
atay1247,aust1307,-0.0340522681666362,0.6487118763300401
athp1241,sino1245,1.7232323322462657,0.4691182929803119
aton1241,sino1245,-1.7607245001525398,0.6209269263266606
auuu1241,nucl1708,-2.9485469581485493,1.7386541595100793
aulu1238,aust1307,-3.202243395955195,0.580681699790432
auye1238,nucl1709,-3.3185112637750107,1.281314719136744
avac1239,tupi1275,-2.989368109089263,2.619445027901608
avat1244,atla1278,-3.6494876920988033,1.1803430514828266
katb1237,aust1307,-3.191739718502029,0.5863241447153076
avok1242,cent2225,-1.35474570045714,0.7304106072654966
awac1239,barb1265,0.1711147331250564,1.1648094028316072
awad1244,aust1307,-3.605814046378748,0.6755882699099391
awad1243,indo1319,3.161890123816764,1.1481429690405998
awap1236,nucl1709,-0.0529644437909652,0.5699836460269765
awar1249,ramu1234,-2.630324802073988,2.2452425640556983
awar1248,nucl1709,-2.6333983427253664,0.6085917202763795
awet1244,tupi1275,-2.7946314497808853,1.7337133495105164
awji1241,afro1255,-2.3275321784548115,1.948152523692716
awtu1239,sepi1257,-2.4080105987301725,1.3609850911089536
axam1237,aust1307,-3.191083450084494,0.5896793351380545
axiy1235,sino1245,-3.056786291739852,0.8853134650435663
ayac1239,quec1387,1.4784196452673348,1.2673539707683172
azha1235,sino1245,-3.301976774225773,0.9259693815779704
baba1264,atla1278,-2.734688208014328,0.5078882279477082
baba1266,atla1278,-2.690335707301533,0.5115878003659198
baba1268,aust1307,-2.121018396228363,0.7097263168291708
bada1257,drav1251,2.864546657612511,1.0179393330849713
bafa1247,atla1278,-2.431068567809273,0.5815664952565243
bafi1243,atla1278,-1.8866913633401767,0.5424573794112284
bafu1246,atla1278,-2.6836226290174707,0.5234715713407585
baga1273,atla1278,-4.941334971871089,2.328316611894298
baga1272,atla1278,-4.926467741605992,2.3721342449529903
bagi1246,cent2225,-3.0605702296827606,1.0947455424339196
bagv1239,nakh1245,3.1913371410121174,1.1610325051030328
bahn1262,aust1305,-2.246738279803786,1.087269416351642
baim1244,sino1245,-2.408822974560414,1.0329247226616545
baka1272,atla1278,-1.169452114946561,0.7827965938016117
baka1274,cent2225,-1.4998017196559097,0.7515402622036973
baki1244,aust1307,-3.189076439610436,0.6213887954917112
bala1316,aust1307,-1.462069941413264,0.7660927079940292
bala1311,aust1307,-1.2539702798324055,0.7881577469030363
bala1315,aust1307,-1.652634283962601,0.9774779392004688
bali1278,aust1307,-2.881484459976812,1.6963484521683778
liki1240,atla1278,-2.0088892256104685,0.5719731633980825
bamb1270,aust1307,-4.035064068875912,1.1472082841471885
bamb1269,mand1469,-4.766437557258849,2.8794096876630624
bamb1262,maoo1243,1.900717905144245,1.4436247918890492
bamu1253,atla1278,-2.461149060085091,0.523023186522602
bamw1238,atla1278,-1.8958345956806064,0.5316993086475303
band1344,atla1278,-0.4739831124905711,0.6577207613985934
bang1363,bang1363,-4.24462068485014,3.58061374651826
bang1369,sino1245,-2.228052241569768,0.6242349845497568
bank1256,atla1278,-2.354447033717764,0.5905660185395334
bant1281,sino1245,1.8488090081026705,0.4492167758310241
bant1288,aust1307,0.07625565611525,0.5601930611635897
bara1357,sino1245,1.482495665484206,0.4896589193551275
nucl1630,koia1260,-3.087117819633721,1.9078838457311555
bare1279,afro1255,0.1579631489077634,0.7956754104177701
bara1369,aust1307,-1.6985984598583674,1.981802307962832
bara1361,atla1278,-0.4752194491396242,0.5576803751136961
bara1370,aust1307,-2.571775148919636,1.0746876654230322
bara1380,tuca1253,-2.0514672111230903,0.7376065031002836
bare1276,araw1281,-1.2649298564542502,0.969859185463794
barg1252,nucl1709,-2.7407040323479746,0.6502818489651201
bari1286,aust1307,-3.725916372416493,0.7424403412055236
baro1253,aust1307,-1.705411840302033,0.6174728403699223
basa1282,atla1278,-2.963716259586379,0.7679741636524966
bash1264,turk1311,3.7458650453447335,3.159340803889201
basq1248,basq1248,-2.754217169208541,3.3106104421897227
bata1289,aust1307,-5.237527020790535,1.8401855563494327
bata1285,atla1278,-2.4617547203351364,0.931907552924624
bats1242,nakh1245,3.036284542487996,1.239526583221548
baur1253,araw1281,-0.4468709285611095,0.917465614394029
bawm1236,sino1245,-2.6649369544158006,0.7670051968052505
bayb1234,aust1307,0.25997944744036,0.6578646543277369
bebe1248,atla1278,-1.6092245737358724,0.6144727973763473
beja1238,afro1255,-1.3141387498727617,1.244578228160102
bekw1241,atla1278,-2.7251807138022976,0.621984973113058
bela1256,nilo1247,-1.040240877498383,1.2512969856906926
bela1254,indo1319,1.5578812070216048,1.2378550545926317
belh1239,sino1245,1.664891299877874,0.4544736993565603
beli1257,cent2225,-1.9388204303437715,0.8716933166763532
bell1243,sali1255,0.3469385543758629,1.3639768097545115
belu1239,atla1278,-1.7518235067950156,0.6659746578103238
bemb1257,atla1278,-3.3235950871013067,1.3322916130564524
benc1235,gong1255,-1.1502407334366709,0.7082514723655402
beng1282,atla1278,-2.48091434218904,0.9709145811408186
bent1238,dogo1299,-4.246299966165157,3.189509386467302
zagh1240,saha1256,-4.008599668519515,3.1727255783527024
bert1248,bert1248,-2.2840777250055115,2.265840864359236
bezh1248,nakh1245,3.128134613763613,1.1529483486209546
bhoj1244,indo1319,2.915230137492032,1.0645122533912923
biaf1240,atla1278,-5.002020839883514,2.448074153144536
bian1252,kuni1270,-3.0230973293080488,1.854894931766034
biao1254,hmon1336,-1.2941147776496762,1.032109018801905
biao1256,hmon1336,-1.1695891812592425,1.0386160723232152
bier1244,aust1307,-3.180516090076704,0.6175220902246252
bign1238,aust1307,-3.208550705203363,0.602732165503447
biha1246,aust1307,-2.4437528262599084,1.152776809468835
bila1255,atla1278,-1.8044950731735885,0.6712120749082127
bilb1241,aust1307,-3.6324424299404,0.6830260278673546
bili1260,afro1255,-0.8521242870543931,1.0679360251418082
bimi1240,nucl1709,-2.8939237455162905,0.7768733336212872
bina1277,nucl1709,-3.0273061640219288,0.927833577927646
bini1246,atla1278,-2.8523302757629825,0.8269797376187009
gunw1252,gunw1250,-3.5944472769575397,2.7221299944515165
bisu1244,sino1245,-3.31305686134573,0.9863264772880004
bitt1240,aust1305,-4.565326061376611,1.0957405185060924
biwa1243,yuat1252,-0.7276491511237723,1.6378493711784747
blab1237,aust1307,-2.037793250823403,0.6490289155397821
bang1354,atla1278,-2.67251110793696,0.931000338632999
bodo1272,atla1278,-1.156078956534449,0.6837199314585529
bodo1267,aust1305,2.1095111239939857,1.0078152603196573
bodo1269,sino1245,-2.3823017309731505,0.5844463730729679
boka1249,sino1245,-2.03674490702011,0.6416403509267976
bola1250,aust1307,-3.925921861892361,0.778731288914436
bolg1251,atla1278,-2.3648583452380008,0.947293340146982
chim1302,quec1387,1.768178974255476,1.165900610762736
bolo1262,atla1278,-2.45014247871618,0.6690138112654518
boly1239,aust1305,-2.1490547819671044,1.1535908208738634
bomb1262,atla1278,-1.749791538243929,0.5353085392129326
bomk1234,atla1278,-4.876545457069171,2.092182718964719
bona1250,mong1349,-1.2788081911749165,1.501515249446335
bond1247,atla1278,-3.003670270994681,0.9385557223769272
bond1245,aust1305,-0.4712114963841651,0.8244979193211961
bong1289,aust1307,-2.0056681063892112,0.8500494538380554
bong1284,atla1278,-2.26573747665391,0.8344082775554567
bong1285,cent2225,-1.7931905260638528,0.9416082557876724
bora1263,bora1262,-2.7389281437845616,2.438064402964525
bora1271,afro1255,-2.6584016258306638,1.0453402161023666
bord1248,chib1249,-4.165871744625192,2.058000465168596
bori1243,sino1245,-2.240040055912389,0.542457404212362
boro1277,gong1255,-1.377052394127944,0.9794996496727686
boro1282,boro1281,-3.8196832149606257,3.1026480547253845
boto1242,aust1307,0.4787858138146719,0.4985910637064279
boun1245,nucl1709,-2.520024326407644,0.6131170217127053
brah1256,drav1251,0.5027115183044333,1.669413401898141
lave1249,aust1305,-4.720326982223435,1.12412652279881
bret1244,indo1319,-1.611472745975237,1.3565181847245027
brib1243,chib1249,-4.052544411315584,2.065299585960004
budu1248,nakh1245,2.9575063349823885,1.3191488471703805
budu1265,afro1255,-2.815804301874047,0.9048714784856138
budz1238,atla1278,-1.4104105865808874,0.6578965454367944
buga1247,aust1305,-4.515116766751971,1.151241630813045
buga1250,aust1307,-3.738986710531093,0.6667242372188609
bugi1244,aust1307,-2.0064394151435065,1.084787460842375
bugl1243,chib1249,-4.102054137611857,2.1774931563395743
buhu1237,aust1307,-4.223641177429647,1.0631259052700557
bujh1238,sino1245,1.9254322476902777,0.5289708740013612
buku1249,atla1278,-2.953608034333985,0.898865749124016
bull1247,atla1278,-4.907432528772757,2.2683623116646343
bulo1242,aust1305,-4.88430177947656,1.2528250627343782
bumt1240,sino1245,-1.8992285492257108,0.6454021390249718
buna1276,aust1307,-4.321130565340834,1.0484073802606266
gahr1239,sino1245,-0.611899903775551,0.916116621518804
bund1253,indo1319,3.5169039860990265,1.5234166189840757
buol1237,aust1307,-3.878720949299188,1.022553508279865
bura1292,afro1255,-2.5534166208655718,0.6605846320150048
bure1242,afro1255,-2.763909486519907,0.780495224385179
burj1242,afro1255,0.7997000393686089,0.7703896984496623
nucl1310,sino1245,-2.922748486090647,0.967281467863864
buru1320,afro1255,-2.9490095933213545,1.1269739100118903
buru1296,buru1296,2.2184620380077,2.719581571188208
busa1253,mand1469,-3.537631684539271,2.476177045261561
bush1247,atla1278,-3.2952933453096045,1.3227728615650527
buwa1243,afro1255,-2.480039781148763,0.578040449364515
bwai1242,aust1307,-4.236681807683056,0.9470865963886056
bwat1240,aust1307,-1.596347628946607,0.6941638206654686
byan1241,sino1245,2.389836842876183,0.8936963901218666
caac1237,aust1307,-1.2545404158893665,0.7148512254446251
cabe1245,chib1249,-4.043853878545433,2.041682474068476
cahu1264,utoa1244,0.7228837904958754,1.1659898609652206
cakf1236,afro1255,-2.9155241513790853,0.8290224116577241
cald1236,quec1387,1.7627306593396006,1.0725854280299645
camp1261,indo1319,-2.3374072496581837,1.4998145689436644
cams1241,cams1241,-0.8344777782627302,1.7677302881903003
cane1242,nucl1710,-4.619503704904826,3.5524780243354237
caom1238,taik1256,-1.5084030010616205,1.5822804149626162
capa1241,pano1259,-4.198672518649774,1.8327979244914203
carn1240,aust1305,-0.6575869117419777,1.2838298155780778
caro1242,aust1307,-1.3535925217003673,1.5497431915130695
cash1251,pano1259,-4.393345124205156,1.8092405063739907
casi1235,aust1307,0.8094605306527285,0.4298164232915855
stan1289,indo1319,-2.421768551766156,1.665747546011314
cavi1250,pano1259,-1.5026522196120289,1.395421457830257
cayu1262,cayu1262,0.4004814462099624,1.6789446258916705
cemu1238,aust1307,-3.77666476716331,0.7051369154468912
cent2127,eski1264,-3.988483556183642,5.314552312327425
cent2142,ayma1253,0.7155513691237021,1.319914793034826
cent2004,sino1245,-1.90557321743396,0.6455568300364725
cent2292,aust1307,-1.648904921804681,0.3821396984764345
cent2084,aust1307,0.3849333845241651,0.4601718097215226
cent2314,aust1305,-4.9527809139496455,1.504138962228419
cent2050,saha1256,-2.8571486133876123,2.289901496959942
cent1989,aust1305,-4.97953606402656,1.3769089471137024
cent2058,aust1307,-3.1103604825491744,0.7191253693741562
mala1479,aust1307,-5.499116542676834,1.818184762732548
cent2322,ural1272,2.40541004588514,2.385114124109553
cent1992,aust1305,-4.741216155335404,1.1763780402330486
cent1990,aust1305,-1.148597108681471,1.3205601957003736
cent2126,japo1237,2.6854863862635105,1.3486121906149702
cent2090,aust1307,-1.3820463000979697,0.7548683121158515
cent2131,utoa1244,0.2906096437978787,0.7735537737773228
cent2150,chib1249,-4.284736248532701,1.9725409401715268
chac1251,pano1259,-3.939190604370377,1.5817541353721485
chad1249,afro1255,-3.195368627249292,1.211992662869247
chak1270,sino1245,-2.625917418662239,0.9093686702401635
chak1271,atla1278,-3.659004501824738,1.2743661466753355
chal1275,afro1255,-1.0660434999469244,0.9828576988960842
cham1315,zamu1243,-3.681734924430147,3.0158420079049666
cham1309,nakh1245,3.1936406004634144,1.1847195015946197
cham1312,aust1307,-1.5152623697261474,1.3986176810575692
chan1313,sino1245,-2.6129216723564257,0.5314348560602209
chas1234,sino1245,-2.312134898789127,0.6384089801708281
chec1245,nakh1245,3.263041130284972,1.355383950758382
chek1238,aust1307,-1.8679794050176977,0.641941901589135
chen1255,drav1251,3.293669188612549,1.3644323557591935
chep1245,sino1245,1.926882037982728,0.5063438776784999
cher1273,iroq1247,-0.1079609553910559,1.611291759209184
chey1247,algi1248,1.8354722820697047,1.5586224891280347
chic1270,musk1252,-2.8259626952450088,2.4550410852280846
chil1280,atha1245,-3.338615850731181,2.116578058683869
chim1309,chib1249,-4.264174560861328,1.925853998998063
chhi1245,sino1245,1.747015737547442,0.4598846503137341
chip1261,atha1245,-3.5317745350980867,3.276772052993349
chip1241,algi1248,1.1940528420621752,1.540929151443562
chir1283,sino1245,-2.350450735916372,0.5101652022079772
choc1276,musk1252,-2.91027401362159,2.482186041276516
chon1284,aust1305,-4.946915049521008,1.4971921710616476
chot1239,sino1245,-2.727988198844664,0.5626337543853364
chra1242,aust1305,-2.6185803593257617,1.3126322807760769
chuj1250,maya1287,0.9070187080050152,0.5141284052938424
chuk1273,chuk1271,-0.7993460402128029,2.780657241857216
chuu1238,aust1307,-1.9380671157221636,1.364228267980832
chuv1255,turk1311,4.125338135250003,2.774776918608893
chuw1238,atla1278,-2.4278116120368565,1.3724421837108496
cici1237,atla1278,-3.259712738999301,1.1192785365040878
cent2087,aust1307,0.4529340029314113,0.5782154454607351
sout2912,aust1307,0.2808307160322736,0.6510616927866586
coat1243,otom1299,-2.568603559248025,0.7995593898295628
coca1259,tupi1275,-1.9257999680948696,1.5811261744429237
cofa1242,cofa1242,-0.7489779736307384,1.7412795945370512
cogu1240,chib1249,-4.23223634775743,1.9162900752589136
inga1252,quec1387,1.5430415270393958,1.11280061019405
colu1241,sali1255,1.7214035045987144,1.387543470563914
coma1245,utoa1244,0.4925341393447906,1.271310540941923
como1259,sali1255,1.135281786115136,1.2822505598435834
cong1236,atla1278,-3.4183145316599948,1.3485760124701385
copa1237,otom1299,-2.8746147356048635,0.8026488355168491
cors1241,indo1319,-2.1183184650347986,1.272637582949458
cosa1234,sino1245,-3.2170268322220603,0.9092758406649332
cree1270,musk1252,-2.802502347408268,2.5992236961770514
crim1257,turk1311,2.3796707722992414,2.039972506657905
cros1244,atla1278,-2.69829305107507,0.6285062268096571
crow1244,siou1252,-2.4306568918027933,2.305571404857184
cube1242,tuca1253,-2.68836548168586,0.8256262978197784
culi1244,araw1282,-3.0326283863650123,2.7155978673703203
cusc1236,quec1387,1.8810249841941045,1.3072516757211607
czec1258,indo1319,-0.1532632971820897,1.0414670185873334
daai1236,sino1245,-2.768582010526825,0.9597674104437256
daas1238,afro1255,-2.0464924699843383,0.7739397237604226
dadi1250,tebe1251,-0.6509552979514965,1.6220758944947038
dagb1246,atla1278,-3.620447710464516,1.2164930621025176
dagi1241,narr1279,-2.9659517851177104,2.125941299264567
daur1238,mong1349,3.653250702236788,3.546730592421646
daka1243,aust1307,-3.087193233404382,0.5946118532744009
damp1237,aust1307,-1.6695034817589909,0.9761647067775776
dana1252,aust1305,-4.271744545310787,1.2589393887311369
dand1238,drav1251,3.5717508800303515,1.3658841210526669
dani1285,indo1319,1.2144365720487875,1.3250875865637737
dara1250,indo1319,2.82929103056508,1.0111350572229814
darm1243,sino1245,2.3604837815569386,0.8931538759826427
daww1239,nada1235,-2.1244209599108537,1.7450318326305698
dawr1236,gong1255,1.758997815325916,0.6416909618773676
daza1242,saha1256,-3.577164846211025,2.81820791112471
dege1246,atla1278,-2.6075396122607915,0.7382164594577887
dehu1237,aust1307,-0.8977241850813307,0.673302135158953
dera1248,afro1255,-2.2937051012042766,0.6650345213223563
desa1247,tuca1253,-0.3772475868488368,0.6576770639229359
dhao1237,aust1307,-5.065887390703402,1.559338417317055
dhar1247,pama1250,-4.041537958198401,2.3622570178109514
dhim1246,sino1245,1.4263062381174525,0.5281582450447537
dhuw1249,pama1250,-3.5909295337429725,1.840225275619136
dier1241,pama1250,-4.187232907821909,1.9873969105550904
digo1243,atla1278,-2.8871437766621963,1.012824413979735
dima1251,sino1245,-2.665750963349601,0.5544093799495649
dime1235,sout2845,-0.3530295519916709,1.5018668105237527
diri1252,atla1278,-3.5684489616359585,1.5454790814283168
djee1236,mani1293,-3.659024869976345,3.0330590968319218
djeo1235,nucl1710,-3.5169119894124594,2.072827214872917
djin1253,pama1250,-3.646201779166839,1.808449975041592
dobe1238,aust1307,-4.394862700401184,1.3159171983090117
dobu1241,aust1307,-4.28481199046347,0.984352317989628
domm1246,nucl1709,-2.463133124651841,0.5802548420116107
doma1260,indo1319,2.4126561411982594,1.548136749020319
dong1285,mong1349,1.3146942856074657,1.4793468481357852
doro1266,manu1261,-2.894521254291464,2.4501549079856124
drun1238,sino1245,-2.308929339831058,0.694509839938191
dual1243,atla1278,-2.327736025963376,0.6209749108877514
chug1252,sino1245,-2.286605807194433,0.6162186059413415
dumb1241,aust1307,-1.407046135065795,0.7485397851783642
dumi1241,sino1245,1.495602074923423,0.4482339817144893
dupa1235,aust1307,0.5889750116625467,0.4686804440075836
duru1236,drav1251,3.533392678662432,1.3494475083935162
dusn1237,aust1307,-1.7298292888035491,0.982544236069959
dutc1256,indo1319,0.554458461023055,1.0676784037170624
dyir1250,pama1250,-3.555624513104929,1.883415769230249
dyul1238,mand1469,-4.446239004127748,2.505561997738424
dzao1238,hmon1336,-1.281537537521627,1.0192788072358514
dzon1239,sino1245,-1.614605286048576,0.5991968268401777
east2443,aust1307,-2.9688569932059155,0.6527949853201811
tang1336,sino1245,-2.7864529028337417,0.535187177086307
nucl1235,indo1319,1.0327826947878145,1.120323288195383
east2379,pama1250,-3.9677606328509536,2.069542716036903
sout2896,aust1307,-4.96552467626685,1.3619945806621336
east2555,tupi1275,-2.372019557250284,1.9828766409838776
east2332,aust1305,-2.629022164852339,1.1787054862316415
east2690,afro1255,-1.952598939020892,1.720990871238194
east2556,otom1299,-2.6611902615165715,1.0796099518181954
east1236,aust1305,-4.698929314961936,1.1575153680051553
east2342,sino1245,-3.2114473293203627,1.0861019500878717
east2782,atla1278,-3.2163579930172643,1.4138754959868631
east2328,ural1272,3.115511440650631,2.091792406952668
east2773,sino1245,-0.4292805389082348,0.4359733628440505
panj1256,indo1319,2.574906770844852,1.3513511791687869
east2485,aust1307,-2.6985212017331417,1.0108049688029077
fina1242,aust1307,0.6404818702862511,0.3596496351787444
east2694,aust1307,-0.4052167725398948,0.6309333080352957
east2516,nucl1709,-2.199819721853596,0.6450460670859943
huaa1248,tuuu1241,-2.7652421926447,3.1865385091227267
wall1257,aust1307,-5.369129469424321,4.845792636346268
egaa1242,atla1278,-1.8941073804181288,1.574776374385399
egyp1253,afro1255,-4.234045345673714,1.9929119777536133
eipo1242,nucl1709,-3.2871471755049937,1.000240313518007
ekar1243,nucl1709,-3.3015753331351965,1.2997718578028676
elem1253,atla1278,-0.1507238811642614,0.6011066193137342
elna1235,utoa1244,-0.9383143192060136,0.8920645055976317
emae1237,aust1307,-3.2476223067637773,0.6687535530607658
emai1241,atla1278,-2.873200936126232,0.7837649090756216
embe1260,choc1280,-3.490129037737101,2.4161341689024667
embe1262,choc1280,-3.2886586685786146,2.292328436859213
stan1293,indo1319,0.1692251938542108,1.1317497408830643
enuu1235,sino1245,-2.9325369461694377,0.8453509915288944
epen1239,choc1280,-3.1695161117785373,2.301472359137139
ersu1241,sino1245,-2.7626668122936064,0.8294206202698611
erzy1239,ural1272,2.952005159407118,2.052432177105823
esan1238,atla1278,-2.7879597164005565,0.759006346323674
esee1247,koia1260,-2.964174004880314,1.9050805014807457
esee1248,pano1259,-3.802380980847932,1.646511021223045
esim1238,atla1278,-2.8497786285175075,0.5445538547434232
esto1258,ural1272,2.580083696632815,1.423259819877421
eton1253,atla1278,-1.7527942033921968,0.5824199453120542
even1260,tung1282,2.8415441558138697,4.385752128342182
even1259,tung1282,2.712305282128422,3.716026301691282
ewee1241,atla1278,-3.641907188340328,1.2031939759898744
fala1243,sino1245,-2.6603608128208096,0.6816170518068771
fare1241,atla1278,-3.6485492947729137,1.2879733888268907
faro1244,indo1319,1.1971481128076915,1.854697898368924
fasu1242,fasu1242,-2.366374098831482,2.141561154889557
fefe1239,atla1278,-2.286385538404008,0.5352919937994063
fiji1243,aust1307,-1.839042399390419,1.8093922575302168
fili1244,aust1307,0.0576447661295402,0.5253055278435514
finn1318,ural1272,2.6415965437951074,1.7449362653549274
fipa1238,atla1278,-3.2697304721422347,1.1664862975559096
foii1241,east2499,-0.6862406303776565,1.6337705008042267
fonn1241,atla1278,-3.507653907298537,1.1353300291222803
fore1265,ural1272,2.7664807068087565,2.800923134813349
fran1266,mixe1284,-1.3839467340568492,1.375767938298882
stan1290,indo1319,-1.260244367285856,1.2215956964504209
fuln1247,fuln1247,-4.100168888876585,5.174359547848798
furr1244,fura1235,-2.859453524516325,2.7489067196202903
furu1242,cent2225,-0.5802786395388444,0.850741054679439
futu1245,aust1307,-3.474848078940616,1.0209907311761866
fuyu1242,fuyu1242,-2.8552064355608757,2.371009382423942
gaaa1244,atla1278,-3.691373773652012,1.3597489576395685
gaam1241,east2386,-2.66961219239668,2.468804875609253
gaan1243,afro1255,-2.399336837889912,0.6292490600717429
gade1242,atla1278,-3.077925944023084,0.7830749776145352
gaga1249,turk1311,1.9548009278363327,1.928753156555647
gale1259,nort2923,-2.772975854672576,1.9882364911807693
gali1262,cari1283,0.3817369308653759,1.0717350658324625
gali1258,indo1319,-2.3047079993562827,1.911720853005216
galo1242,sino1245,0.0871971038829236,0.5367038662251922
gamo1243,gong1255,1.715849595640924,0.6383486952437476
gand1255,atla1278,-2.5349229063006327,0.8062718672512119
gang1266,sino1245,-2.849246825026826,0.5505660073362222
gant1244,nucl1709,-2.5912811901842634,0.5861885187513067
gapa1238,aust1307,-4.196466680370287,0.9498511615344728
garo1247,sino1245,-1.4858889454968245,0.6284258605300508
gata1239,aust1305,2.010836244457098,0.9572930713590572
gayo1244,aust1307,-2.7136257263167503,1.7109027449005332
geba1237,sino1245,-3.388729678238599,1.1213384546815144
gebe1237,aust1307,-3.943518737475217,1.1710383827374526
geda1237,aust1307,-3.642151289716425,0.6898572482043761
gela1263,aust1307,-2.17636346459327,0.6273195039543484
nucl1302,kart1248,1.7580153428144358,1.790413091652578
gese1240,aust1307,-4.383502494508269,1.2633380857698642
ghad1239,afro1255,-2.812212006924562,2.278521500310071
ghan1242,aust1307,-2.175891476993145,0.7019575858084721
ghar1239,aust1307,-2.1937468165482708,0.6516898644581453
gheg1238,indo1319,-0.3601096060633261,0.8048118246248155
ghom1257,afro1255,-3.1554558623439712,2.550307776543236
gida1247,afro1255,-2.3880486274297703,0.6186337290145172
gilb1244,aust1307,-1.6025218436525557,2.1718864735361105
gira1247,nucl1709,-2.602171855534537,0.5841436071201773
giry1241,atla1278,-2.930126793962061,1.1065357493952188
glav1244,afro1255,-2.614290400872851,0.6071205127848973
gobu1238,atla1278,-0.0818052142177054,0.5557064345716203
ghod1238,nakh1245,3.2526058530820894,1.2028596572628008
goem1240,afro1255,-2.912387446907718,0.8088767307154416
gofa1235,gong1255,1.7470290939889397,0.618594102534793
gogo1265,suki1244,-2.599114853784184,2.285304025174975
gola1255,atla1278,-4.776516221295122,2.097711092949585
pare1266,aust1305,2.01524735712177,0.8586199451220082
guah1255,guah1252,0.4078671180081947,1.409575327772865
guam1248,barb1265,0.3021465214497127,1.2523270133746154
guat1253,guat1253,-1.7140652495162714,2.3101016610308225
gube1234,atla1278,-5.006851221551925,2.684862850176024
gude1246,afro1255,-2.182315996037244,0.5894124897096429
guer1243,otom1299,-2.9609132298600462,0.8578399002085444
guhu1244,nucl1709,-2.8308877515355277,0.8439142575982777
guiq1238,sino1245,-2.7690978177317644,0.8484105456478339
gulf1241,afro1255,-3.858938920760661,1.5750771432757311
guma1254,aust1307,-4.262403046995464,0.9483386121616162
gura1251,indo1319,-0.6209296061097709,1.051602057118024
guro1248,mand1469,-4.566578836535756,2.610578814206387
guru1261,sino1245,-0.4149158420706786,0.4252525772306228
guru1271,afro1255,-2.828368929775417,0.7713891085927296
gusi1247,atla1278,-3.144372597620085,0.9097868773415048
gugu1255,pama1250,-3.360686971949784,1.8314548301853435
kwam1249,koma1264,-2.3551438690915187,1.916047953412705
gwen1239,atla1278,-3.003179913854057,0.9204892028670376
gyel1242,atla1278,-2.218159298669473,0.7814624447172562
haaa1252,atla1278,-3.035235585235041,1.076934068587792
hadi1240,afro1255,1.2210028313072097,0.6323173137422966
hadz1240,hadz1240,-2.949329666816684,2.696338039642437
haka1240,sino1245,-2.7746945036911166,0.7307773665814841
hala1252,aust1305,-4.744245073684961,1.100502435586872
halh1238,mong1349,2.850228798740471,2.745222101338344
hali1244,aust1307,-1.86193764216446,0.6882836786594897
halk1245,sali1255,1.453302945439689,1.2083216905277867
hame1242,sout2845,-2.759410945965156,1.6135702603054458
hang1263,nduu1242,0.3552755182310383,1.012880155063966
hani1248,sino1245,-3.2086375621647094,0.9045745621933534
hano1246,aust1307,-3.0066972280274804,0.6617370527004462
haru1245,piaw1238,-1.2913269934464706,1.406179804870411
hass1238,afro1255,-4.9170402440924885,2.9239414471438216
haus1257,afro1255,-2.8460358754378348,0.959397732415713
nige1253,atla1278,-2.8922512457038105,0.8668320231447666
hawa1245,aust1307,-2.889782286328614,4.317513711495113
hdii1240,afro1255,-2.5898615964161347,0.5944519896539866
hehe1240,atla1278,-2.5873542972437367,0.9128147188986836
here1253,atla1278,-3.2648046705322105,1.635290823955673
hida1246,siou1252,-2.821836942385616,2.662640676750285
high1276,mixe1284,0.9232355313723036,1.228366765182246
hind1269,indo1319,3.343372853179392,1.6182160414031266
hixk1239,cari1283,-0.4210552515796797,1.057762901358143
hooo1248,aust1305,1.242667654492589,0.842849919200896
hoav1238,aust1307,-2.159751252506335,0.649603766894085
ainu1240,ainu1252,2.990900234813428,4.18338163385308
holo1240,atla1278,-3.3343574797184963,1.2322656040838602
hone1235,atla1278,-2.9053866826618053,0.7268880606944412
honi1244,sino1245,-2.709388183511269,0.8271747427886567
hopi1249,utoa1244,0.9589462359916772,1.0431649183507758
hote1245,aust1307,-3.608916550122743,0.6582060080947318
hozo1236,maoo1243,-0.3031745959658449,1.4044355385472451
hrus1242,hrus1242,-2.362004399024109,2.3913038129440443
huuu1240,aust1305,-4.30304094107949,1.103199794857491
hual1241,quec1387,0.6210053175550554,0.9775122272950912
huam1247,jiva1245,-3.3221297606376394,1.8083158014116136
huar1255,utoa1244,0.1448800186751682,0.7301225874241668
huas1242,maya1287,-0.6228500010279034,1.1814229582217832
huba1236,afro1255,-2.475379326574012,0.6064316617795704
huic1243,utoa1244,-3.24822788356218,0.9567446549956342
hula1239,aust1307,-4.151260573435369,0.9474932690907742
hula1244,afro1255,-1.8101808704489828,1.3775518960632889
huli1244,nucl1709,-2.64873607687689,0.7180630585127341
humb1243,song1307,-4.210362437690513,3.1481618894015044
hung1275,aust1305,-4.769123465480855,1.212829406403408
hung1274,ural1272,0.8637863267473009,1.5219783885718954
hunz1247,nakh1245,3.127923155358155,1.151035166292374
hupd1244,nada1235,-1.7877762649195397,1.66044605577937
wyan1247,iroq1247,-1.7322932655296035,1.5495622596482583
hyam1245,atla1278,-3.1205400798972214,0.8172522340561175
iaai1238,aust1307,-0.991907069450652,0.6149511148483793
iatm1242,nduu1242,0.2817084267552117,1.0150402940636338
ibal1244,aust1307,0.6899670647954059,0.4135621211923546
iban1264,aust1307,-2.8657425187584566,1.3516089957848472
iban1267,aust1307,0.7632242963638969,0.4131287240847268
ibat1238,aust1307,0.0089757307521602,0.5676356210920481
ibib1240,atla1278,-2.2743206269789304,0.6316220472708167
icel1247,indo1319,1.1046520655513106,2.2831898922403555
idii1243,paho1240,-2.757945463806033,2.1701103687406595
idum1241,sino1245,-1.6362852981506864,0.7332305131013115
idun1242,aust1307,-4.2428379126668725,0.928980550892974
nucl1417,atla1278,-2.532039491509083,0.6740473318322167
ikkk1242,kuli1252,-2.4729633495356733,2.1185935589114164
iliu1237,aust1307,-4.928972907167267,1.404074344414341
ilon1239,aust1307,0.7096670752064971,0.3830062454667349
imba1240,quec1387,1.6493536295736373,1.1181330669729477
ingr1248,ural1272,2.287269998923837,1.4142276798536075
ingu1240,nakh1245,3.15065442163679,1.3396443554312976
alba1269,aust1307,0.3011825293023229,0.5357061050009531
iqui1243,zapa1251,-0.3761831803903106,1.3875066522103978
iraq1241,afro1255,-3.018325504788696,1.121709747815511
irar1238,aust1307,-4.203897527714826,1.0450487299675633
iray1237,aust1307,-0.3601326701247015,0.6170559530341624
iris1253,indo1319,-0.8699553253175127,1.4275865922315862
irul1243,drav1251,2.911504590210841,1.3626799025652652
isco1239,pano1259,-4.274129506874946,1.809870355711376
isin1239,aust1307,0.6390791961403954,0.379303773374902
isir1237,kwer1242,-3.122515068933126,2.469584538249745
isna1241,aust1307,0.4560419235995669,0.47549842437809
isth1240,utoa1244,0.946534142914268,0.8747434567016281
ital1282,indo1319,-1.4560050520120669,1.120879583379789
ivat1242,aust1307,-0.2191745666099191,0.6637237193375398
iton1250,iton1250,-1.1544689658915517,1.8749371810571829
itza1241,maya1287,0.4621538342141913,0.7397187560752343
iumi1238,hmon1336,-2.21439793788927,1.5413969980206472
iwal1237,aust1307,-3.8148106384724167,0.6837641729128565
iwam1256,sepi1257,-2.2375434448499982,1.341837667217212
iyoo1238,nucl1709,-2.3914688924928447,0.592688656846617
jahh1242,aust1305,-3.038039025737059,1.5092408217361424
jalk1242,mand1469,-4.526968257286334,2.5252302430805957
jamb1236,aust1307,-5.407653417320748,2.215466146389974
djam1255,mirn1241,-3.695085589665001,2.9737970186429523
jams1239,dogo1299,-4.143791273801184,3.117910268130053
nucl1643,japo1237,3.664961121946538,2.882396450141857
japh1234,sino1245,-2.6594363397379874,0.8828865580083916
jaqa1244,ayma1253,-0.3423396910289594,1.4555167752814775
jara1266,aust1307,-2.098229486452305,1.1334555917978246
jaru1254,pama1250,-3.8146108457508814,1.8864487991872172
java1254,aust1307,-5.268244747109707,2.108964146590875
jede1239,aust1305,-2.845145722510316,1.4053336911184573
jeha1242,aust1305,-2.9108702101150445,1.4038941364549675
jiba1237,atla1278,-2.8262110032359127,0.6713419778554881
jina1244,afro1255,-2.492261745764861,0.6709419447976481
jjuu1238,atla1278,-3.108136634923202,0.8465249582676941
juan1238,aust1305,1.904038162856109,0.9005175106957148
juku1254,atla1278,-2.8675776789588148,0.5754900686176665
jurm1239,cent2225,-1.9041494373007084,0.8467690578329083
kaba1281,cent2225,-1.773688414300856,0.9576870489283484
kaba1278,abkh1242,-1.628426515332951,2.006959309607635
kada1242,drav1251,2.870115612610832,1.015378376295481
cent2100,aust1307,-2.133927748085807,0.7911392413855447
kado1242,sino1245,-3.3174825560093435,0.9321605962945414
kafa1242,gong1255,1.2308499554253285,0.7034351675050088
kaga1256,aust1307,-1.366497108606728,0.7099690753410597
kagu1239,atla1278,-2.83955910712458,0.8964287182021762
kaik1246,sino1245,-0.1063921525986693,0.6125131392869871
kaki1249,kaki1249,-2.615864454201935,2.258262183819116
kala1399,eski1264,-2.952029714361864,5.208169899909599
kala1388,aust1307,0.3090012302445291,0.6048486914697531
kara1499,west2604,-3.041644865220657,2.768828023389374
kala1384,atla1278,-3.2715418197205914,1.4543321832858034
kamm1249,atla1278,-3.019064805997341,0.6255166176651361
kama1370,nucl1709,0.1668561436201365,0.5368690939850698
kamb1316,afro1255,1.1954034591324256,0.5993699311163141
kamb1297,atla1278,-3.118956298528542,1.036862223224726
kamb1299,aust1307,-2.800420081227048,1.4546137841418565
kamu1260,kamu1264,-2.5581543734050483,2.2390267350639883
kana1286,aust1307,-0.2327813492259526,0.6042127199728675
kani1286,nucl1709,-2.124109353387561,0.5448542473866205
nucl1305,drav1251,2.9726790701499173,1.2227328497186143
bidy1244,atla1278,-4.980126776324941,2.578129159557649
kaon1241,atla1278,-3.667870522591637,1.4252637461714937
kapi1249,aust1307,-3.973449091723987,1.3327604516275935
kaqc1270,maya1287,0.7297324645784338,0.6327896510554041
kara1482,cent2225,-2.59311061220204,1.2162385809623846
kara1476,pama1250,-3.4100840447667644,1.735699238241474
kara1500,nucl1710,-4.511151423160652,2.564380942196932
kara1487,aust1307,0.6569266600581709,0.3849475734698622
kara1486,aust1307,-3.901383648300064,0.7524482287961796
kare1338,atla1278,-1.1394904167253463,0.6278450150987602
kare1335,ural1272,2.517470394018757,1.7912654507622232
kari1306,atla1278,-0.9314257573777338,0.6340224151917724
kari1311,tupi1275,-2.014497265751994,1.693897357530675
kark1258,pauw1244,-3.032166504965458,2.398213345465725
karn1252,aust1307,-3.617118710175668,0.6998158692503447
kash1277,indo1319,2.367062340037529,1.402703630137804
kask1239,atha1245,-4.043725269066969,3.2297122810147982
newa1246,sino1245,1.744961780991956,0.4662193735382427
kats1235,sino1245,-2.850040472612919,0.8111565762149802
kana1291,katu1274,-1.279372892195204,2.091465982336577
kaur1271,kaur1274,-3.146450684042797,2.5152211925663206
kava1241,aust1307,0.139443130252149,0.675086141463157
kaya1315,sino1245,-3.372646170563722,1.1294285124117789
keap1239,aust1307,-4.096790822649895,0.968728875925355
keda1252,aust1307,-4.936791104002868,1.3514331901476302
kera1248,atla1278,-5.003468148285888,2.637272733178021
keig1242,kadu1256,-2.8861129617738377,2.6071245285567635
kele1255,atla1278,-1.9588789524137544,0.8057377900763205
kele1258,aust1307,-3.5011849907681447,0.9209252788598512
kele1259,aust1307,0.7356928431336811,0.3747348828013823
keme1240,atla1278,-2.916703252784905,0.536040158380727
keng1240,cent2225,-2.99516844696759,1.205458530684738
kens1248,aust1305,-5.228051003950148,1.44056423450942
kenu1236,nubi1251,-4.081485006098225,3.807431427718238
keoo1238,aust1307,-4.950589521984814,1.3671388464707546
kera1255,afro1255,-2.34654438177207,0.6643846199878256
keri1250,aust1307,-5.432579547060068,2.1935668425754447
kesa1244,nucl1709,-2.488585187452788,0.5745949415678258
kett1243,yeni1252,2.27812045884453,3.5402050177675664
kgal1244,atla1278,-2.8155103627400404,1.613548034116385
khak1248,turk1311,4.198812131835073,3.5131181165133345
khal1275,sino1245,1.452251019274684,0.4615673939671492
kham1282,sino1245,-1.7744922290174354,1.1402027654956577
khan1278,atla1278,-0.1491588075218808,0.5904929658289095
khan1274,aust1305,-2.309304133476368,1.0694842319132445
khar1288,sino1245,-2.6821101564080863,0.5204326456498691
khar1287,aust1305,2.0208065420694155,0.9198164324318991
khas1269,aust1305,-1.2725776515755085,0.8025303407157942
khez1235,sino1245,-2.545093324568004,0.5110973060585771
khin1240,nakh1245,2.936161168809317,1.275733623065899
khmu1256,aust1305,-4.6937606471997455,1.1594381764131318
guan1266,sino1245,-2.680978814227639,0.8587383302026375
khum1248,sino1245,-2.881398424169856,0.7202489242153227
khva1239,nakh1245,3.1586476126867167,1.1558368513064234
kich1262,maya1287,0.7279735664431914,0.6164848922763557
kiku1240,atla1278,-3.087895547771996,0.990119906337509
kile1243,tung1282,3.8579477976154033,3.339920058157368
kili1267,aust1307,-1.9768840010508395,0.8914453060020708
kimm1246,atla1278,-2.2938466322202964,0.7412955867976834
kima1246,kolo1268,-3.2361470569614315,2.3444804847399627
kimm1245,hmon1336,-2.26219326575932,1.2750213393853116
kina1250,aust1307,-0.5976907637794097,0.6276649955932925
kinn1249,sino1245,1.927613418863238,0.9522083297847476
kiow1266,kiow1265,-1.127042747524873,2.170920069470749
kips1239,nilo1247,-3.003785415355459,1.4292269702474334
miju1243,sino1245,-2.22580259794498,0.6856485607433092
koda1255,drav1251,2.8518647350950768,1.1265966224020287
koho1244,aust1305,-2.4814747599031746,1.2169391693829077
koir1240,sino1245,-2.6726062456199378,0.5193985995548154
koit1244,koia1260,-3.235022135806544,1.9256089049036724
koka1244,pama1250,-4.263742405612559,2.21338567696524
koko1269,aust1307,-2.10618309761332,0.6464504014234294
kola1285,aust1307,-4.325787577249745,1.2561376318805708
kolb1240,atla1278,-2.5476091774216583,0.6564854286786677
kolc1235,atla1278,-1.2769903072790518,0.6416910785774466
kolu1245,aust1307,-4.24260661624562,0.9467460919963706
komb1274,nucl1709,-3.341458704622751,1.0251899970922
komc1235,atla1278,-2.786694259231937,0.5097787272008567
komi1270,sino1245,-2.826172724320169,0.5598246239537552
komi1269,ural1272,3.0121966237013726,2.3668068726065794
komi1268,ural1272,2.874774815308161,2.570672332972856
komo1260,atla1278,-2.3944130987191343,0.9092610862278532
kona1242,east2433,-2.701384583635074,2.265134593283558
konk1267,indo1319,3.210360016572436,2.0025907395408518
kons1243,afro1255,-1.5588104871346051,0.6524443573501237
kony1248,sino1245,-0.3389485728059706,0.5036534899607972
konz1239,atla1278,-2.0320100010302795,0.7385207479425437
koor1239,gong1255,-0.7089008369663947,0.6890963484682429
kore1280,kore1284,1.262940285738173,2.587671133148429
kore1283,tuca1253,-1.7597695841478385,1.0386215233920095
kork1243,aust1305,2.1046690147882154,1.4853248176896692
koro1298,atla1278,-4.1889219705013625,1.5868618769823053
korr1238,drav1251,2.9113822326884056,1.2473877203414423
kosa1249,nucl1709,-3.271593184532064,1.048951608562044
kosr1238,aust1307,-2.429954420399252,1.906379986152697
kota1263,drav1251,2.84677343226243,0.9884847202995362
koti1238,atla1278,-1.9900766582721807,1.3077776374922552
guan1269,tuca1253,-0.5928149641879454,0.7016061040941421
kova1243,nucl1709,-2.334522418537045,0.8281539062949443
kove1237,aust1307,-3.8775635206142582,0.7686063252541553
koya1251,drav1251,3.480601611212819,1.371866085127679
koyr1242,song1307,-4.307500862916353,3.364956139293157
koyr1240,song1307,-4.508396619480005,3.353097191626646
koys1242,afro1255,-1.280266929737118,0.9755181031848368
kren1239,nucl1710,-4.555258170292382,4.017067483024061
gbay1288,kres1240,0.3145843404526645,1.270856414710825
kryt1240,nakh1245,2.951640820428868,1.2913538470357908
puoc1238,aust1305,-4.833878553489553,1.1207460696179838
kuan1248,aust1307,-1.6236628278230372,0.6070210499283633
kuan1247,atla1278,-3.3973624895680654,2.009510492241628
kuii1252,drav1251,3.396883527478467,1.3249098463504645
kuik1246,cari1283,-0.516516825802711,1.2796922310744447
kuku1280,pama1250,-3.3525143990144244,1.8137823203818304
kuku1273,pama1250,-3.602123614439003,1.8410627884424589
fait1240,nucl1709,-2.5264384269228213,0.5697428263470368
kuma1280,nucl1709,-2.5172985529883314,0.5710169831758218
kumb1268,pama1250,-1.0146461719009028,1.61692113555433
kumz1235,indo1319,-0.5303493860777555,1.588603929182575
kuna1268,kuna1268,-2.916299015256373,2.77229752302007
kunb1251,gunw1250,-3.689098880112988,2.728936272690661
kuni1267,kuni1270,-3.0345620494712917,1.8840306065884729
kuot1243,kuot1243,-0.8932290985405822,1.8077942421847384
kusa1251,aust1307,-2.166036026518809,0.6531468834383265
kusu1250,kusu1250,0.902425595407629,1.8539065109723565
kute1248,atla1278,-2.93068986275756,0.574738770418957
kuvi1243,drav1251,3.344155568002508,1.3385294990048262
kuyy1240,aust1305,-4.82245524923987,1.2794707538077903
kwai1243,aust1307,-2.260585284336329,0.6679305690284991
kwam1252,aust1307,-3.458917122494056,0.8924516689239121
kwar1239,aust1307,-2.239823598592104,0.655956763447886
kwaz1243,kwaz1243,-1.3209655798344415,2.0426461162413228
kweg1241,surm1244,-2.5506374865627155,1.6309761630205315
nucl1595,kwer1242,-3.1437758868857237,2.4530890126857976
kwin1241,worr1236,-3.834170164826797,3.159871196111025
kwom1262,sepi1257,0.346824217424367,1.2232706987407926
nucl1593,kwom1263,-2.890543662128535,2.350026632873081
kxoe1243,khoe1240,-0.0912166609365623,1.374161848921493
kyer1238,sino1245,-0.8089920976736882,0.4770263784831439
cori1240,atla1278,-3.116360713060131,0.8120881517387923
laal1242,laal1242,-2.1373887946840324,2.251504399842044
labe1239,aust1307,-1.492287526577093,0.6247512070432588
labu1248,aust1307,-3.7394547468525072,0.6597353336549743
labu1249,aust1307,-2.141207082535531,0.8060823178268954
lach1248,taik1256,-2.281204899048994,1.6474729563088104
lagw1237,afro1255,-2.570268470468365,0.6891532276234011
zaye1235,sino1245,-3.312066336466552,1.073350574823248
lahu1252,sino1245,-3.4421826893833414,0.9358006246384836
laiy1246,aust1307,-2.281733416294216,1.1678115514838492
lakk1252,nakh1245,3.169840910354073,1.1799470556416916
lala1268,aust1307,-3.985999130297122,0.8450048003460919
lala1264,atla1278,-3.243715793869294,1.3615836652483262
lama1277,aust1307,-4.923915253346915,1.3423449727158934
lama1288,afro1255,-2.615026609430154,0.5975807300776488
lamb1272,atla1278,-2.9569582528317166,1.0680601894475226
lame1260,aust1307,-3.166084245411976,0.6159618433592993
hela1238,sino1245,-0.7579428351503412,0.4528816185179334
lamo1244,aust1307,-3.8613704347193822,0.7623750404124126
land1256,atla1278,-4.970222031950174,2.3337939940351733
lang1320,atla1278,-3.170127664802314,0.8745486710108059
lang1324,nilo1247,-2.2097224779547555,1.2841049127320936
lash1243,sino1245,-2.3611631771664374,0.6426077182576133
teke1275,atla1278,-2.6064959729418486,1.111728128192734
latv1249,indo1319,0.0041078498677342,1.1657252115106234
lauu1247,aust1307,-2.242644951770764,0.6810317584387455
lave1248,aust1305,-4.818205213580349,1.1696926041322433
lavu1241,lavu1241,-3.266668075073944,2.5501679417037284
lazz1240,kart1248,1.3719718266692364,1.8241917071893103
lega1250,atla1278,-3.0443251575234367,1.1023747506266588
lega1249,atla1278,-3.107587869473225,1.164257558786515
lele1276,afro1255,-2.0832788596036598,0.7320301512848673
lele1267,aust1307,-3.1353174711371854,0.6883780531884769
lele1270,aust1307,-3.3988227433724947,0.9215844618925582
lemb1266,nucl1709,-2.69236445375419,0.6491773157161536
leme1238,aust1307,-3.4453745520346013,0.8715331029440172
lena1238,aust1307,-3.4246487281943923,0.8656584156608336
lend1245,cent2225,-1.7242197799351016,0.7835973757721897
leng1259,aust1307,-4.583963771385779,0.670326691328345
lepc1244,sino1245,-1.1815822311745532,0.5225175304657004
lese1243,cent2225,-2.027188579709276,0.8152037219258839
leti1246,aust1307,-4.887025261589185,1.46474457759056
lewo1242,aust1307,-3.2076185971787297,0.6408450847178067
lewo1244,aust1307,-4.9596106767266,1.3565636342035434
lezg1247,nakh1245,3.039946327780033,1.259030731407889
libi1244,atla1278,-2.050311370618285,0.54709862563044
liby1240,afro1255,-4.307494075025542,2.1328686256189524
lihi1237,aust1307,-1.649815353625432,0.6684697718098578
liji1238,atla1278,-3.0530863936712658,0.7328538030548168
lika1243,atla1278,-1.337069103588172,0.6256297247610885
lill1248,sali1255,1.3994021635701437,1.2691844535303751
limb1266,sino1245,1.2467375952727613,0.4764660322927163
nucl1327,limi1242,-3.739166514428885,3.054470386355137
limo1248,aust1307,0.7074648666238075,0.3944752462830578
lipo1242,sino1245,-2.5308830071252686,0.7197966618144891
lish1245,afro1255,-1.3472304561051287,0.9567890162140484
lisu1250,sino1245,-2.239327544321028,0.6221487973070072
lith1251,indo1319,1.9195528666454549,1.217499396436926
lito1235,atla1278,-1.4480655794570725,0.5215196279869527
livv1243,ural1272,1.882026249383641,1.4056214943262084
loba1239,atla1278,-1.911233112913873,0.5693676807298704
logo1259,cent2225,-1.5203423081084764,0.7310111704503175
balo1261,atla1278,-2.3173572264554325,0.6732261236437882
loka1252,atla1278,-2.6329650800376814,0.6285208331717023
araw1276,araw1281,0.1913628111118603,1.193098516117301
lolo1259,sino1245,-2.4961274700591694,0.7150766235551718
loma1260,mand1469,-4.9648379017905455,2.784143798904263
lomb1257,indo1319,-1.45739365277626,1.0509902363618586
chiq1248,chiq1253,-1.512716854503301,2.1527326311157893
acha1249,sino1245,-2.8875973408637607,0.7403432063496425
long1395,aust1307,-2.271725488595326,0.6856029799498371
loni1238,aust1307,-3.510149850491872,0.9186524338130456
lonw1238,aust1307,-3.157166139868244,0.5912113717031975
lote1237,aust1307,-4.029238145551969,0.7924614289397809
loth1237,sino1245,-2.5648838240512912,0.511594794398075
louu1245,aust1307,-3.2912716268482405,0.8966517472109086
vano1237,aust1307,-3.92125017204848,1.0729058804856333
lowl1260,tequ1244,0.5383463964436979,1.744982004182675
lowl1265,utoa1244,0.0321564034006347,0.7298000340245405
lozi1239,atla1278,-3.5302818147693302,1.3081532566405434
luan1263,aust1307,-4.887401211066121,1.46705724842235
onto1237,aust1307,-4.261285112911818,1.0771655769371842
lubu1243,aust1307,0.450156887896358,0.38479766311983
luch1239,atla1278,-3.6860258420661696,1.3561691111357694
ludi1246,ural1272,2.675932948808108,1.7559564306671025
lugb1240,cent2225,-1.7975597459866064,0.7811755493522448
lugu1238,atla1278,-2.392964083249457,0.9043836344390872
lule1254,ural1272,3.006665592093712,2.141354972261772
lumb1249,atla1278,-2.8508857114150103,1.4799937574783248
lumu1239,narr1279,-2.756384648853439,2.128559845329339
lund1266,atla1278,-3.675979597667239,1.4856276726172073
lund1271,aust1307,-2.5041641734332734,0.960035982310086
luok1236,nilo1247,-3.0512367746057776,1.4607513537325332
luse1252,atla1278,-2.519135814969424,0.7716023315188583
lusi1240,aust1307,-3.8096182474410103,0.7551700896048752
luva1239,atla1278,-3.695628659155755,1.394717194884322
luya1241,atla1278,-1.2435850709214489,1.2082789107390308
maan1238,aust1307,-4.70077917289936,1.5257179525654
maas1239,atla1278,-4.114698802316228,1.3929728779354305
maba1270,atla1278,-1.6171097210611,0.5885795390936543
maba1277,maba1274,-3.7429101468586494,2.13676420712362
maca1259,guah1252,0.638990018766801,1.4280683047406066
mace1250,indo1319,-0.0914704841212319,0.8257627359080857
maco1239,sali1297,-3.9671834048616126,2.9120262503127634
macu1260,tuca1253,-0.0452765625001179,0.6805422895482973
macu1259,cari1283,-2.6336555001030897,1.2131338756054042
mada1285,aust1307,-1.6340185349393206,0.6342743303121985
madi1260,cent2225,-2.217946979744921,0.8805834095315328
madn1237,east2374,-3.829044436020083,3.0536544764300637
mafe1237,aust1307,-3.192565085365257,0.6474096613507996
maga1260,indo1319,3.079070990833099,1.1382841710367169
magd1235,otom1299,-2.8184234722007773,0.7534846515120792
maia1254,nucl1709,-2.7471517941111374,0.6491658925839392
maia1253,nucl1709,-0.4425231985943098,0.6165974334067243
mail1248,mail1249,-3.032720241159521,2.6436154998298766
mais1250,aust1307,-4.020602845687629,0.8547325764364508
mait1250,indo1319,2.6709498016065614,1.0161108635199918
maja1242,surm1244,-2.471486913285659,1.6381248799217802
maka1304,atla1278,-1.3702210470609677,0.6244891898051232
makc1235,taik1256,-4.191203091810716,1.6699997857629478
makh1264,atla1278,-2.3145926275778,1.1907949731915055
makh1266,atla1278,-2.266945506287984,1.1493623558666863
mako1251,atla1278,-2.4165341739020176,1.0621430568367352
maku1277,aust1307,-4.939597700375363,1.4660015382319918
makw1236,atla1278,-2.3719940348813315,1.0878794800219185
mala1463,drav1251,2.687140960173686,1.4290254802139497
mala1534,aust1307,0.415001961153435,0.415650582259758
mala1464,drav1251,2.757625182684724,1.2865974909354634
mala1522,chib1249,-1.8922519166709992,1.8272236763615703
male1284,gong1255,1.56512286565655,0.6607517461638848
male1297,chib1249,-1.678827821830867,1.8719266742460432
male1289,aust1307,-3.743267612539485,0.7069154753642666
malg1251,afro1255,-2.676435912338885,0.6951477622141651
mali1285,otom1299,-3.040876517830663,0.9067639247735952
malt1254,afro1255,-2.4351923117763565,1.8313753480111807
malu1245,aust1307,-3.191822164798889,0.608353996906482
mamm1241,maya1287,0.6051417383191602,0.5723619215786631
sauk1252,nucl1709,-2.4915130012296918,0.6616901925906991
mama1275,aust1307,0.2649060894242492,0.6780973199352127
mamb1306,aust1307,-4.909636137213661,1.4662458556154014
mamb1294,atla1278,-2.5497509183834235,0.6669839370163944
mamb1296,atla1278,-3.267242174011168,1.1885238193230991
mamv1243,cent2225,-1.5826258030045404,0.7411009342086752
mana1295,aust1307,-3.744708456838921,0.7362968972789634
mana1298,nduu1242,0.2143061343594685,1.0011827141380705
mana1288,sino1245,-0.526972003372693,0.5369819694586013
payn1244,nucl1709,-2.645473678468778,0.5998795877708414
mand1440,aust1307,-3.678099336860824,0.7292821514624599
mand1415,sino1245,2.23661591134192,2.204190150145417
mand1436,mand1469,-5.2161797120028,3.4842500054247623
mang1378,aust1305,-4.5425190712348655,1.096202536256662
rapa1245,aust1307,-3.1045637148125533,4.197244837362901
mang1401,aust1307,-5.315842699361252,4.732338326758411
penr1237,aust1307,-3.348965218265533,3.890835776169673
mang1381,mang1423,-3.642182643659469,3.0590872775341484
mang1394,cent2225,-1.3789356993637691,0.7835946295571983
mang1404,aust1307,-3.595490634792156,0.6483105263727982
mang1405,aust1307,-2.6975593639788418,1.329831239829821
mang1403,aust1307,-4.007711165972614,0.7891596225908701
moni1237,otom1299,-2.350392579106962,1.8008446023776514
tong1308,aust1305,-2.702777819922883,1.442009532950344
manm1238,aust1305,-4.287429257637671,1.1075866615593295
mann1248,mand1469,-4.834346446802305,2.8001945615244344
manu1258,aust1307,-4.347786873664251,1.2522709385014927
maor1246,aust1307,-4.31770634440378,4.169918566756391
mapo1242,aust1307,-3.5945314095324044,0.6420374925092993
mapu1245,arau1255,0.7671808422702158,2.609604223932555
mara1382,sino1245,-2.8002798876590638,0.8044585506696809
mara1399,aust1307,-3.253092144017007,0.5911409667593972
mara1379,sino1245,-2.599497992805063,0.5156622656535017
mara1386,west2434,-3.774927445936013,2.816597157863783
mara1396,tama1329,-1.6393772219920089,1.8246351278535744
mara1378,indo1319,3.561890439222833,1.813060641205861
marg1265,afro1255,-2.4809130928207934,0.627389358058478
mari1414,drav1251,3.5915057069840826,1.4756432260196428
mari1440,coch1271,-2.2671764167306216,2.609184239574243
mari1428,aust1307,-3.614960843534486,0.6841234679212151
nucl1622,anim1240,0.4890867790085262,1.7346614159860705
mari1416,sino1245,-0.7062940118163843,0.5434227749839877
mari1424,west2434,-3.9099106214830073,2.817897859805421
maro1244,aust1307,-2.0801005041544265,0.6493993439342454
mars1254,aust1307,-3.1775033642343966,2.628656994398267
mart1255,pama1250,-1.900665384434717,1.7312034415228403
maru1249,sino1245,-2.370090174298168,0.7062240696932225
masa1322,afro1255,-2.3509794906092982,0.6778648122601254
masb1238,aust1307,0.2141212234289968,0.5567384777593656
mask1242,aust1307,-3.07929838916236,0.5873384015871501
matb1237,aust1307,-4.198264044896564,1.193601602987668
kemb1249,aust1307,-5.421594476247352,1.6726745117555497
mati1250,aust1307,-1.6712905330466687,0.6184936462643691
mato1252,aust1307,-1.347926627323098,0.6309797369254326
matu1261,aust1307,-3.680773826961977,0.6985409397702673
matu1259,atla1278,-2.530461026816787,0.9985041393380936
maun1240,iwai1246,-1.6578245171184038,2.320019269988828
maxa1247,nucl1710,-4.589387816281912,3.998832500811917
maya1285,misu1242,-3.1094064805139467,2.547097691316875
maib1239,mayb1237,-2.723884015817582,2.615297726359816
mayo1264,utoa1244,0.3118267224631177,0.8460038367757488
mayo1261,atla1278,-0.8412160953139134,0.5936314462773353
maza1304,afro1255,-2.349437003990289,0.5888925396350295
mbaa1245,atla1278,-1.756514133718129,0.7671025955131912
mban1263,atla1278,-0.4276959022123763,0.5213711179364626
mbar1260,afro1255,-2.439214617995531,0.6953893292518876
mbay1241,cent2225,-2.10534965646832,0.9360537273419264
mboc1235,atla1278,-2.2283839447913683,0.5339947331098358
mbol1247,atla1278,-2.261094597007996,0.8973243369313888
mbug1242,atla1278,-3.2443133450185875,0.899218930065639
mbul1263,aust1307,-3.623484180460266,0.7097986246875427
mbya1239,tupi1275,-2.793417559495848,2.721300632846474
meen1242,surm1244,-2.570588775014797,1.5927332012221689
mehe1243,sepi1257,-2.3011486358117965,1.3054976826677676
meke1243,aust1307,-3.9086396172879536,0.7721263559789993
mele1250,aust1307,-3.3906149841207838,0.6996847178275329
melo1242,gong1255,-0.8124145261569637,0.6254479388826706
melp1238,nucl1709,-2.5416322474598894,0.594111156234364
mend1266,mand1469,-2.680100284581308,2.817321654773531
mere1242,aust1307,-2.992597986053004,0.6915431701236043
meta1238,atla1278,-2.687465651048422,0.5355844365815763
mezo1235,otom1299,-2.728844505532594,0.8119704416829725
mezq1235,otom1299,-2.684858953655377,1.132741127995252
mich1245,utoa1244,-3.1910350788242807,1.372522805746642
midd1327,aust1307,-3.5458852612829803,0.6659176065206012
mids1243,atla1278,-0.7556261500063193,0.6420519301221113
mikm1235,algi1248,1.813151205015619,2.333544453052665
mila1245,sino1245,-1.7861709984293812,0.6158059095585546
mina1276,afro1255,-2.472878283558344,0.5840231584189883
mina1268,aust1307,-3.032322632904069,2.067260752761838
mini1256,huit1251,0.9888312836003104,1.4169808907237664
mini1251,aust1307,-1.6960294209644706,0.6167589777201243
minn1241,sino1245,1.1034665808532462,1.1249463858146465
miri1266,jarr1235,-1.626879874012159,2.414840402417159
misi1243,aust1307,-4.424176264223217,1.1701001433667138
misk1235,misu1242,-2.9644876677998715,2.619701679634092
mixt1426,otom1299,-2.36464237235058,0.8197753848600255
miya1266,afro1255,-2.7900541798883607,0.8549258315177353
miya1259,japo1237,0.6652948462704673,1.1905805519236354
lush1249,sino1245,-2.7045134300397047,0.7644448871193843
mlab1235,aust1305,-4.814888689087501,1.2859576371807888
moba1244,atla1278,-3.403583314195528,1.2736419617600996
moch1257,maya1287,0.8778445927292,0.5665793694203902
moco1246,guai1249,-1.5931925530758864,2.6235409455444083
mode1248,indo1319,-0.1801521979901132,1.1198919169711576
hebr1245,afro1255,-4.229383068978852,1.7335037596173484
moha1258,iroq1247,-3.6388325486186295,1.859273701028969
moii1235,west1493,-2.83613238559756,2.7135756217471165
moke1242,aust1307,-4.712000424954516,1.83856498804471
moki1238,aust1307,-3.300912024072478,1.8230115059228709
mokl1243,aust1307,-4.678657496751315,1.7733942605537525
mokp1239,atla1278,-2.4254209449668083,0.6141853987288801
moks1248,ural1272,2.8439291167046226,2.074504601419777
nucl1452,momb1255,-3.0686274870884773,2.647833043823009
fass1245,baib1250,-2.932429207623669,2.382438230829866
mong1338,atla1278,-2.820091428700369,1.0127440252685256
mono1273,aust1307,-2.0647210662657187,0.7335756499684711
mono1270,atla1278,-0.2285989325853052,0.520201428098634
mono1275,utoa1244,1.6627055335688876,1.214956632082436
mont1268,algi1248,-0.315117285514213,1.7843004843256116
monz1249,atla1278,-1.0907035186142,0.5132393276116911
mopa1243,maya1287,0.6379461793794381,0.7839135901342091
morm1235,aust1307,-4.209954885726421,1.0702674635385376
moro1285,heib1242,-3.020871479990756,2.1805949528059383
moro1287,aust1307,-4.379436656483213,1.086409642969163
mort1237,aust1307,-1.853888195752424,1.324445224941467
mose1249,mose1249,0.7288053201300015,1.7859342092857595
temb1272,atla1278,-1.7737646136767988,0.5896018629196753
motu1246,aust1307,-4.091931680290172,0.8997087130576311
mouk1239,aust1307,-3.8252914433182905,0.7545818025960189
moun1252,koia1260,-3.195096250712217,1.876636732330152
movi1243,movi1243,-0.9856251993626894,1.8029515206138544
moyo1238,sino1245,-2.9724259825676604,0.5628937796864957
mpad1242,afro1255,-2.7053392744639333,0.8114172236048631
mpii1239,sino1245,-3.609243554430496,1.2902069636300624
mpot1240,atla1278,-2.558885630359144,1.084090648099382
mpur1239,mpur1239,-2.846538393475157,2.6631129592415217
mual1241,aust1307,-5.375363543031567,1.6430792651002823
mudu1242,aust1307,-3.79285000635932,0.7824343737728849
mudu1239,drav1251,2.869102198572909,1.0348556547153835
mull1237,nort1547,-3.809743982543086,3.0646014260140664
nucl1240,atla1278,-2.880632178782548,0.6460331560908994
munc1235,sino1245,-2.860963698040302,1.0280236279927264
mund1328,atla1278,-2.740300184376512,0.5227435090051955
mund1325,atla1278,-2.5657465690462,0.6885072730926058
mund1320,aust1305,1.6046285280360442,0.8761940831730728
mund1326,atla1278,-1.201163410400681,0.6974396485577916
mund1330,tupi1275,-2.5702775480892197,1.9907679371778235
abar1238,atla1278,-2.737837415308492,0.522814458353956
murl1244,surm1244,-2.627154777753622,1.6707717325954023
muru1274,huit1251,1.08942952626623,1.422518573338068
muso1238,aust1307,-3.718447838107924,0.6551917991909217
muth1236,drav1251,2.8297204774633595,1.1318680984671143
muyu1244,aust1307,-4.398938703324488,1.01903897656197
mwag1236,afro1255,-2.968392766415209,0.8368438906317133
mwan1250,mand1469,-4.470292330963552,2.5642740036827307
mwan1247,atla1278,-2.190240015673259,1.1830175455530585
mwer1248,atla1278,-2.504017289136599,1.019864949433769
motl1237,aust1307,-3.4232863749476072,0.8924324975740578
nade1244,nada1235,-2.0326855613856267,1.900731774177551
sout2857,aust1307,-3.2244659999630336,0.6001829889800678
naka1262,aust1307,-4.001125925660616,0.7761754421637477
nalc1240,nucl1709,-3.274753394197204,1.0177931213068172
nali1244,aust1307,-3.88773884788539,0.7265939627975975
nalo1235,aust1307,-1.7778521951294437,1.0448698162936625
nama1268,aust1307,-3.213048174035877,0.6818814268975784
litz1237,aust1307,-3.182681587200465,0.5890446575227806
nama1264,khoe1240,0.7750748882887784,1.895722154954214
namb1293,more1255,-2.1448559733934007,1.4000768320397343
namu1246,sino1245,-2.718222151447917,0.7876612414088031
nana1257,tung1282,3.869992212190797,3.2245229312960104
nand1266,nilo1247,-2.846035245389791,1.3678344363959516
nang1262,aust1307,-3.9946874874277087,1.079952802865539
nant1250,araw1281,0.376714114374991,0.9117736400341993
naro1251,aust1307,-2.606625163861996,1.0679727705409672
yong1270,sino1245,-2.4795756755919696,0.7163200660258626
naru1238,pama1250,-1.956465199974452,2.159601816186928
nati1243,atla1278,-4.356101680711785,1.4647757271773765
naue1237,aust1307,-4.9518318737640055,1.455899781855841
naur1243,aust1307,-3.6357331147443017,2.027042966254061
nava1243,atha1245,-3.747635861062099,2.2582365504580797
nawu1242,atla1278,-3.6648572853113546,1.1901291755990968
naxi1245,sino1245,-2.211758393487066,0.6676692631711463
ndam1251,afro1255,-2.068377372171175,0.7990345145911224
ndam1239,atla1278,-2.6045864164669967,0.9317195133953248
nden1248,atla1278,-2.564923876974365,0.9851907625844848
ndob1238,atla1278,-2.1433737271812605,0.6065074585132209
ndog1248,atla1278,-1.5962740326155596,0.8467138886964642
ndom1245,kolo1268,-3.279924531276745,2.372673587341163
ndun1249,atla1278,-1.3398021374922784,0.5932088302914433
negi1245,tung1282,3.8123444184813016,3.085366590942749
neha1247,aust1307,-1.7968080987920656,0.7111074642137787
kuma1276,aust1307,-1.396973202502875,0.7569638832795125
nenn1238,more1255,-2.101821513825908,1.326593276916724
nend1239,nucl1709,-2.6459363244758727,0.5939009914094697
neng1238,aust1307,-0.7387257021161799,0.7590004679364384
nucl1706,afro1255,-1.4897057836717336,1.3812780388928578
nepa1254,indo1319,2.420090720092824,0.9748452715871858
nese1235,aust1307,-3.186003880563865,0.6079347657175642
vinm1237,aust1307,-3.194297365280566,0.588523504687263
ling1265,aust1307,-3.1239340655502943,0.5800263338219374
nezp1238,saha1239,0.6778953123112073,1.5845854303987386
ngaa1240,pama1250,-3.963882935025628,2.3665623188862464
ngab1239,chib1249,-4.084214557127672,2.125734662234086
ngal1292,gunw1250,-3.82498855444336,2.809096098205605
ngam1268,cent2225,-2.325722758261663,0.9202465789353472
ngan1291,ural1272,2.518863750623482,2.937165136623938
ngar1235,pama1250,-3.771576112666515,1.760484087256728
ngar1284,worr1236,-3.674844819682065,3.187902360020872
ngar1283,mirn1241,-3.6622956995744,3.272422222875999
ngas1240,afro1255,-2.908273730964633,0.8010951342418151
ngba1284,atla1278,-0.6414516724766872,0.5577860381207724
ngba1285,atla1278,-1.1739039260604744,0.5107542429160166
ngit1239,cent2225,-1.819792747670776,0.8258798211956844
ngom1268,atla1278,-2.111830322240872,0.6245154264754156
nhen1239,tupi1275,-2.957261601959392,1.731579538033419
niha1238,niha1238,3.2269573869379027,3.2220457040164625
nila1242,atla1278,-3.279166423819004,0.9438195633969846
nucl1633,nimb1257,-3.0832176699059404,2.5505941583180363
nina1238,yano1268,-3.743909590711067,3.106276689116592
labo1244,aust1307,-3.2361430326460736,0.5946582626605554
nisg1240,tsim1258,0.600036190145401,2.1361223282583737
niua1240,aust1307,-5.431240109424646,4.818852283850935
niue1239,aust1307,-5.529866248423163,4.546179895487719
niva1238,mata1289,-1.537874845401492,2.373597313038828
njan1240,atla1278,-2.6553311056016247,0.5294145611818184
nkon1248,atla1278,-3.6827178279250337,1.1682277317333574
noct1238,sino1245,-0.240849026309447,0.5140022151828809
noku1237,aust1307,-3.271223509200577,0.76826889916632
noma1260,atla1278,-2.115597691779232,0.5536201560059002
noon1242,atla1278,-4.9021258671921135,2.7360977612190487
noon1243,atla1278,-2.803182512326853,0.5210533203817569
nopa1235,otom1299,-2.722210936581944,0.804119023262702
nort2839,aust1307,-3.056966805440916,0.6053909529762134
nort2697,turk1311,2.929309708081657,1.737808878583034
darg1241,nakh1245,3.2389265562453406,1.244221130763747
nort2930,kiwa1251,-2.400627242557165,2.163249551768746
nort2836,aust1307,-3.311325378400625,0.703862244516718
nort2724,sino1245,-1.8045433627091267,0.6307855932882322
nort2972,choc1280,-3.4398575921946475,2.430735539115324
nort2702,drav1251,3.5220325123866907,1.3670096345033924
gumu1244,gumu1250,-0.6771610512463268,1.6283764059023556
nort2938,haid1248,-2.906969271649048,3.106606728140057
sing1264,sino1245,-2.450054136138729,0.5669785464517716
nort2877,aust1307,0.6202303838702701,0.3889202707530561
nort2684,aust1305,-4.941595593472735,1.3619449496747844
nort2774,atla1278,-0.6721302037196848,0.5239597418076656
nort2954,utoa1244,1.747404049618788,1.3533744007404227
nort2957,utoa1244,0.053450942583608,0.6540845148586136
nort2723,sino1245,-2.645490403070188,0.764783892224635
nort2747,hmon1336,-1.7140829824384924,1.2404344304380386
nort2722,sino1245,-2.4628657586691984,0.919424379608242
nort2994,aust1307,-2.2467055345476945,1.192265194640707
tosk1239,indo1319,-0.7878587649767431,0.847399823724051
nort2732,sino1245,-2.3971670688734017,1.368746654157845
nort2690,turk1311,3.2623071162690573,2.8316048587589737
yoku1256,yoku1255,1.215488731391832,2.232750189330837
nort2745,yuka1259,1.574441706013883,3.318871691822089
nort3047,afro1255,-2.53088542324881,0.5975644557180164
nort2980,quec1387,0.7804167834495006,1.0012081264372013
nort3139,afro1255,-3.803421744643171,1.5767992785542049
nort2845,aust1307,-3.139670047991337,4.103314176118802
nort2671,ural1272,2.839356525498122,2.217482526861601
nort2942,atha1245,-3.945561284416268,3.4092305742376405
nort2847,aust1307,-3.4261078266964646,0.8667111200945303
nort2699,drav1251,3.517464912844355,1.5273418187487593
nort2961,algi1248,0.660657640465653,1.371605012466608
nort2775,atla1278,-0.8971188003277035,0.6655636995213614
yaki1237,saha1239,0.1553298523887514,1.58633788226524
nots1237,aust1307,-3.899919059556813,0.6942747516962351
nsen1242,atla1278,-3.299034591804448,1.4278740950134106
nuer1246,nilo1247,-2.1480537199003784,1.301291656457714
nukn1238,nucl1709,-2.692918832039584,0.688742982920644
nuku1260,aust1307,-1.7573146844298393,1.3125571722809246
nung1282,sino1245,-2.2459411103935523,0.6503974556373393
nupe1254,atla1278,-3.2042991186876817,0.9504569472833272
nusu1239,sino1245,-2.2492517622027672,0.6213481012906517
nyah1249,aust1305,-4.68973041327317,1.1497883960479136
nyah1250,aust1305,-4.880665926647807,1.4284790065398578
nyak1260,atla1278,-2.813658661957569,1.0326279184003422
nyal1250,atla1278,-1.6078737659914522,0.673520247831549
nyam1285,afro1255,-2.7473233280315554,0.749090818721708
nyan1301,pama1250,-3.66082934026522,1.7975456016461004
nyan1307,atla1278,-2.491106727059747,0.8311189164267114
nyat1246,atla1278,-3.2298929819156186,0.9300893818581164
nyis1236,sino1245,-2.3865875446365967,0.5580350720754712
nyor1246,atla1278,-2.2036698782997566,0.7480468803605751
nzad1234,atla1278,-3.192792017806596,1.2660924245734817
nzak1246,atla1278,-1.4110688337096036,0.6355567460711438
nzak1247,atla1278,-0.4758314171320386,0.5952191410933079
obok1239,lake1255,-3.1402568075879795,2.65152670765279
occi1239,indo1319,-1.819802481673448,1.243001554008086
ocot1244,otom1299,-2.5646680114829525,0.7419315520627592
oriy1255,indo1319,1.2810555242595214,1.1789235149319053
ofay1240,nucl1710,-2.0274068102045315,2.34653276285533
kalm1243,mong1349,2.378768428160374,2.399964242056642
okan1243,sali1255,1.6616130996791956,1.3227689345341505
okin1246,japo1237,0.8097650968836536,1.2402554116164106
okoe1238,atla1278,-2.880251014356713,0.7632872014305363
oksa1245,nucl1709,-0.6235012509165941,0.7210335261456597
okuu1243,atla1278,-2.762781539896684,0.5210754328355183
oloo1241,nucl1708,-3.085717316142377,1.7599751324539294
olut1240,mixe1284,0.903727954245634,1.216994594365132
omah1247,siou1252,-3.311169528546116,2.866331261354921
omie1241,koia1260,-3.1903731215979234,1.8774941071983111
bira1253,bira1253,-0.351098917865889,1.6229721657139864
onon1246,iroq1247,-1.574947616438004,1.559118316118088
orma1241,afro1255,-2.806970612067077,1.2024445502060157
oroc1248,tung1282,3.860436026433594,3.1073725228556466
oroh1237,aust1307,-4.617826829437357,0.769714242255132
orok1265,tung1282,3.559979279730501,3.372107749143404
orok1269,nucl1709,-3.020896494743476,0.9722553709710322
orok1266,atla1278,-2.4794526904103917,0.5780929660023144
orok1267,nucl1580,-2.757969833478285,2.076565663659105
orow1242,aust1307,-1.5794555685034002,0.6755832083495488
otor1240,heib1242,-3.019314683092788,2.2032073711333657
otta1242,algi1248,-0.2876753852595124,1.3324487783140793
owaa1237,aust1307,-4.464996906941476,0.9464225033611156
paaa1242,afro1255,-2.5702485402491004,0.8965588515363905
darl1243,pama1250,-1.7306105632981506,1.8015952921156284
paam1238,aust1307,-3.1253007184869643,0.6186409895897977
paas1238,atla1278,-3.495613248604114,1.265397700710264
paco1243,aust1305,-2.470891100893094,1.1410175991651077
pagi1243,atla1278,-1.1103174908916222,0.5709541954711632
pagu1249,nort2923,-2.9856849491354684,1.9066632419200404
pahn1237,hmon1336,-2.148894277282087,1.275384797541478
pala1344,aust1307,-0.0069468382854365,1.0539820557197368
pali1279,araw1281,-0.9494118816738548,1.5606406094687042
balu1257,aust1307,-3.474737851423824,0.885991446747453
pamb1243,atla1278,-0.3945168451226539,0.5628160011270147
pamo1252,aust1307,-1.4592080264435878,0.9137135431412292
pamp1243,aust1307,0.5146363240923157,0.5228445500438497
pana1305,utoa1244,1.4577707629350654,1.1439463800946328
pana1307,nucl1710,-2.112869737940008,2.1435139904714404
enap1235,cari1283,-3.0166476115975804,1.453309709139429
pang1290,aust1307,0.5208799579674237,0.4672397994523454
pang1287,atla1278,-2.3334086633835094,0.9888139608911652
pano1254,pano1259,-4.197499966405244,1.8507215436045072
pany1241,pama1250,-1.8181993342740728,1.7285343576534489
papa1238,toto1251,0.2078482523818501,1.0608222506318112
papa1265,aust1307,-4.202368404343984,0.7226477865058714
para1302,sino1245,-2.68151385010557,0.5476493309221677
pare1272,araw1281,-1.0999271733433835,1.1502473134519358
pate1247,aust1307,-3.714045196397089,0.6637041982548704
patp1243,aust1307,-1.694432834322042,0.6139617698814135
patt1248,sino1245,1.4691638624345105,0.9966201430468268
paul1238,aust1307,-4.270225051122894,1.2636478294030915
pawa1255,pawa1255,-2.226667612205681,2.086941058128202
pawn1254,cadd1255,-1.2422101558545466,2.276407072709757
pech1241,chib1249,-3.632778849450772,2.1749320302492965
peer1241,atla1278,-2.611088558342676,0.616194091881864
pela1242,sino1245,-2.8201068578367514,0.7550102019881733
pemo1248,cari1283,-2.796085537255738,1.2738591447451162
pend1242,aust1307,-3.9390477709816247,1.0330720717625903
peng1244,drav1251,3.391854598701973,1.3436745984300955
peri1253,mong1349,2.651154601369316,2.528739941625316
phon1246,aust1305,-2.500970842461053,1.1320906532585795
piap1246,araw1281,-1.0967157739520503,0.9371007199968222
pich1237,araw1281,-0.5670959673931895,0.7457304018462345
pila1245,guai1249,-3.988865661064251,2.617120831479098
pima1248,utoa1244,0.5657021296016036,0.7560182114529592
pina1252,piaw1238,-1.1217678174390897,1.3973821423484978
ping1243,aust1307,-3.1305264755741096,1.8383457527609348
pipi1250,utoa1244,0.943645474449696,1.2337586715069202
pite1240,ural1272,2.996784156270498,2.076776855438077
plai1258,algi1248,0.1830518795725679,1.417987315516191
pnar1238,aust1305,-1.3637373465725633,0.814334216222095
pohn1238,aust1307,-3.551688509002135,1.775672473209016
poko1263,nilo1247,-2.702651423328685,1.3457252731891094
poli1260,indo1319,0.3289406298325066,1.118212260516274
popt1235,maya1287,0.7649067051152227,0.4987553007371659
port1285,aust1307,-3.195041596758767,0.5891019561981832
port1283,indo1319,-2.313183246138691,2.072733004239087
phai1238,aust1305,-4.773800414786956,1.2534777523999336
psik1239,afro1255,-2.562691739935894,0.5802247096226907
puka1242,aust1307,-3.2690286666783086,3.988652377572597
pula1263,atla1278,-5.0353382025882425,2.3667495335431896
pula1262,atla1278,-4.986200518166286,2.242543153156525
pulu1242,aust1307,-2.0017981841783703,1.3093865092834065
puma1239,sino1245,1.81861527700593,0.448942908523307
pume1238,pume1238,-1.6508981416209534,2.281368749460293
pura1257,pura1257,-2.2522053494206045,2.1189770520927462
pure1242,tara1323,-1.7032663930068488,2.320216766840141
puri1258,sino1245,-0.3519003523838422,1.0552516300458743
qanj1241,maya1287,0.8156330617480738,0.5423179933945192
qawa1238,kawe1237,-2.8252940341135013,4.837011410164607
qima1242,afro1255,-2.407521132856373,0.96812055201947
quer1236,otom1299,-2.863641278792883,1.1958914613521507
quey1238,sino1245,-2.6403208151388293,0.8334789785336518
quio1240,otom1299,-2.4945457220484104,0.7451079317587821
rabh1238,sino1245,-2.078896762373645,0.5967334880020019
rade1240,aust1307,-2.3446211329663087,1.1326719712379294
raji1240,sino1245,2.5600622234078005,0.8258865746166197
rama1270,chib1249,-4.040198861136726,1.922810951883462
rapa1244,aust1307,-4.671949536706041,5.262518850957299
rapo1238,nort2933,0.7705853796571163,1.3603040840030092
rata1244,aust1307,-1.4611361507989145,0.986690678482076
raut1239,sino1245,2.6589946356370864,0.8564537884166921
remb1250,aust1307,-5.019829649209308,1.3235330651001025
reng1252,aust1305,-2.2240601479658557,1.0548792521802923
renn1242,aust1307,-2.2116174135019326,0.938572202685017
reye1240,pano1259,-1.3237344102585245,1.4172744103425412
rian1263,kolo1268,-3.120829731669537,2.316230443114621
rikb1245,nucl1710,-4.12852484305884,2.3187006171240387
beka1241,aust1307,-3.1646685647440536,1.6673832048129889
roma1326,indo1319,-1.2380434313760635,1.0414728593107698
romb1245,aust1307,-0.1343065828312082,0.5296764171368427
ronn1241,afro1255,-2.950427692294782,0.82986574991775
rong1266,sino1245,-2.777492120346598,0.5260991439813836
rong1264,sino1245,2.290941634364033,0.9512611576699612
roto1249,nort2933,0.760284808859272,1.366325195984495
rotu1241,aust1307,-4.056763793178225,2.190448373872292
rovi1238,aust1307,-2.1665084457845047,0.6520983462879322
ruch1235,aust1305,-4.431831445610544,1.2225717183252227
ruka1240,aust1307,-0.0557958117222896,0.6054614506984972
ruma1248,aust1305,-3.981050018030264,1.1666537480965449
rung1258,maba1274,-0.4613599093644612,1.719900984181402
russ1264,mong1349,2.9123354244837936,2.959255141570825
russ1263,indo1319,2.7453621588446144,2.508934345539997
rutu1240,nakh1245,3.0626050740986823,1.2036213918623844
saaa1241,aust1307,-2.826657605755747,0.6245033925270214
saaa1240,aust1307,-2.2683086036162736,0.7435134425750176
saam1283,atla1278,-2.9314427409995822,0.8761759943691203
saar1237,aust1307,-2.5697951706257567,0.6458287878864581
saga1262,atla1278,-2.936044544442606,0.981389136399624
sais1237,aust1307,-0.2374223042292725,0.6795316904484432
yaku1245,turk1311,4.589246940183829,4.357676195682731
tsis1238,atla1278,-3.220801058307683,1.0590899609138855
samb1311,atla1278,-0.5616018259936111,0.5704917742704794
samb1305,atla1278,-2.997529124800653,0.5949672843444702
samo1305,aust1307,-5.567986560679007,4.517772973760952
wara1292,atla1278,-4.383346913760698,1.4856955817975122
sana1295,afro1255,-2.4822277764487053,1.8574771333724136
sanb1242,chib1249,-4.156312648083225,2.127022439823164
sand1273,sand1273,-2.975716104227511,2.710994862076981
sand1278,huav1256,0.7741249788084117,1.7825078342567355
sang1331,atla1278,-3.5865135030759943,1.420170918665332
sang1321,sino1245,-2.606436579625328,0.5178374649516222
sang1330,atla1278,-2.9680655459792638,0.9880441043689504
sani1269,sino1245,-3.18091053424408,0.8950297641260248
sanm1301,otom1299,-2.6647900377681686,0.8752158601252695
sanm1289,quec1387,1.1420444119081472,1.182741212318688
sanm1295,otom1299,-2.857579079060278,0.7574658172653574
sant1410,aust1305,0.8963887739236078,0.8067132737046094
sant1451,otom1299,-2.280100174985141,0.8515355531077908
sant1436,otom1299,-2.9185926880709863,0.8242798531707907
sapo1253,aust1307,-1.852869757893009,0.6762639388910712
sapu1248,aust1305,-4.671652492997732,1.1376675840629735
sara1321,cent2225,-2.2706315018422627,1.0551233481386904
sara1327,aust1307,0.1911235987412185,0.6983703119350988
sars1236,atha1245,-0.6446863013244888,1.713026437985108
sasa1249,aust1307,-2.8251274781885867,1.6070371525360985
sata1237,aust1307,-1.9369237452294288,1.284813000372215
saur1249,drav1251,2.2258754508394563,1.4252392848154622
savo1255,savo1255,0.158621045149514,1.6646654424178342
saya1246,afro1255,-2.760338561332364,0.7870704793491488
seda1262,aust1305,-2.245217957732017,1.0677968811864424
seim1238,aust1307,-1.6400929896381022,0.9269963332155412
seke1241,aust1307,-2.823924381922628,0.6243861617938382
sekp1241,atla1278,-3.640933754502265,1.1568588060145828
sela1259,aust1307,-4.842714444241435,1.4792775855573224
sela1260,aust1307,-4.6743303497998845,1.1805332955332588
sele1249,atla1278,-3.658324418150472,1.1625197502582445
selk1253,ural1272,2.282368177736221,2.371432027553864
sema1265,aust1305,-2.955301013553015,1.501733207025982
seme1247,aust1305,-2.965800576780795,1.6176036475751
sene1264,iroq1247,-1.7680575069720486,1.4799237370437606
nucl1632,sent1261,-3.0432172069007755,2.523585483459777
sout1528,indo1319,0.1046841634864107,0.9168697328333276
seri1257,seri1257,-2.5004889431921384,2.8571502833911198
seve1240,algi1248,0.2701312912914935,1.437429538488539
sgaw1245,sino1245,-3.4192832953894463,1.310861998189294
shab1252,shab1252,1.1084247273271752,1.786149075085902
sham1280,atla1278,-3.071378775623922,0.9248127827223502
shan1283,pano1259,-4.244987611248853,1.7971314509366785
shaw1249,algi1248,0.113129357358782,1.3708711656586037
shee1238,hmon1336,-0.9818018480592788,1.159770976944154
shek1245,dizo1235,-2.046266110578198,2.0914464168793216
sher1257,sino1245,-2.386219669798741,0.5879450724500987
biao1253,taik1256,-1.2084745513844957,1.5396600822280035
shil1265,nilo1247,-2.5226592147068607,1.389467681333472
ship1254,pano1259,-4.2287824136101175,1.828537037859605
shix1238,sino1245,-2.5238157047845977,0.7241487816134162
shol1240,drav1251,2.6079570070682383,1.0311235815416149
shon1251,atla1278,-3.3975519392477587,1.4573349739381358
shor1247,turk1311,3.5338499225180757,3.424324092289967
shos1248,utoa1244,1.6806426827470389,1.2943985283478403
shua1257,jiva1245,-0.9721423317916068,1.6640591527895277
shwe1236,aust1305,-3.873872701450975,1.1575898997163223
siam1242,siam1242,-4.092157965461277,3.35504228474852
siaw1243,amto1249,-2.914671161137848,2.341428813415076
sich1238,sino1245,-2.6629568168949795,0.8016019151931104
sici1248,indo1319,-1.959981471154346,1.4217897090870144
sici1249,atla1278,-4.469600046834286,1.4964222312725326
sida1246,afro1255,1.183849526884435,0.6371595724589074
siee1239,aust1307,-3.3232962327402737,0.8352189974026878
sier1250,otom1299,-2.513317691726818,0.7349131162760436
sier1248,utoa1244,0.2016244404486247,0.7456651972232411
sika1261,aust1307,-4.3428743625579385,1.0019786085857767
siks1238,algi1248,2.39430581859438,1.5913011836256414
siku1242,aust1307,-4.83292417687514,1.9926368272900667
simb1256,aust1307,-2.117142363476768,0.7102592319936427
sina1266,aust1307,-4.072503143374132,0.9135449687474306
sini1242,mand1469,-4.231579889404241,2.7550524469507485
sioo1240,aust1307,-3.66766322293686,0.6728847320347597
sion1247,tuca1253,0.7222746686050088,1.0159115519957576
siri1274,tuca1253,-0.1849893571102118,0.6488920592801417
sile1255,nucl1709,-2.672046805589099,0.6012674709096544
situ1238,sino1245,-2.734438609142215,0.8704543812209646
siwi1239,afro1255,-2.1320242578594337,1.880556815390566
siyi1240,sino1245,-2.8860577593743657,0.6189869524090099
skol1241,ural1272,2.65159176481592,2.2006889585818605
slov1268,indo1319,-0.1541979408941712,0.9742189448051484
sooo1254,aust1305,-4.8181858227669725,1.2213668771252753
sobe1238,aust1307,-4.235001276168742,1.0778070421659525
soch1239,otom1299,-2.4622943022276718,0.7702621026035041
soga1242,atla1278,-2.8534050609573764,0.857296700378952
soni1259,mand1469,-5.152070582942429,3.1604461089530997
sons1242,aust1307,-0.5987461708112625,1.0385700104246656
sooo1256,kuli1252,-2.655052999404233,2.153928307564112
sora1254,aust1305,1.9132275462105877,0.8735658416716543
mani1235,east1459,-2.728176162599984,2.588316472902748
koon1244,atla1278,-3.21436653359424,1.5036959806434291
sout2859,aust1307,-3.0707203017402733,0.6138391969360839
sout1549,drav1251,3.521829946240948,1.502200283318266
sout2976,utoa1244,-0.9816311122310456,0.9050485586158432
sout2856,aust1307,-3.322813111545813,0.7131047770865688
sout2954,japo1237,0.968328739592434,1.3359222836847104
sout2996,ayma1253,0.8397993742039715,1.3729303488844922
sout2730,sino1245,-2.021278406032706,0.6788196295512847
raro1241,aust1307,-3.304471957871587,4.001034534035279
sout2826,krua1234,-4.274470091026489,3.918560126719897
sout3236,gumu1250,-2.742391854085061,1.6664259345175134
sout2956,haid1248,-2.9036716224758403,3.0999672270610343
kach1280,sino1245,-2.6822340491149994,0.6971609469004116
sout2994,namb1299,-3.626660774516456,2.8641051044843504
sout2649,indo1319,1.166626381560364,1.508845561686777
sout2729,sino1245,-2.5001800187791434,0.7002937367824922
sout2728,sino1245,-2.5630969854687304,0.9184946567563356
sout2918,aust1307,-1.8551511095941229,0.8689209038873908
sout2807,atla1278,-1.5620665881167477,1.6030502009891956
khan1277,sino1245,-2.415251654866531,0.5075079714683586
sout2797,atla1278,-4.300970068092372,1.4252976084618334
sout2679,ural1272,2.4528480287341523,1.3985471827136422
sout2782,atla1278,-2.4226912052965712,0.6723715121897094
sout2895,aust1307,-4.364025234699221,1.2652964241282811
sout2674,ural1272,2.595875826285853,2.208513395347514
sout2959,atha1245,-3.4917791488365904,2.9891202275483577
para1301,aust1305,-4.081192868542304,1.1678111928096175
sout3261,nakh1245,3.1553890799023465,1.220667800565856
sout2869,aust1307,-3.4321392034382496,0.8814776084513536
stan1318,afro1255,-4.200682282331505,1.848229830794783
indo1316,aust1307,-3.147241180858171,2.0733174786876045
stan1306,aust1307,-3.1324592300305434,1.6668695421692965
horp1239,sino1245,-2.7072822020057385,0.8410801313500338
suba1238,atla1278,-3.113625241922335,0.9049464114865398
sude1239,aust1307,-4.470006898981268,1.2643881051314043
suku1259,atla1278,-3.3408996336644536,1.4139827029387346
suku1261,atla1278,-3.223359765787831,0.9922425442001676
sumi1235,sino1245,-2.5767480709016777,0.5141551216378719
sund1252,aust1307,-3.156676774399132,2.2309565163498237
mari1426,aust1307,-3.160974244283,0.7222743497905233
sunw1242,sino1245,1.9341450147843364,0.4396523476107354
supy1237,atla1278,-4.566301174465293,1.5977607688707192
surg1248,ural1272,1.032776086541948,1.8887517673686665
surs1246,aust1307,-1.6872403886293863,0.6236918058003518
susu1250,mand1469,-5.131192196877606,3.160677922988988
swah1253,atla1278,-2.520325679898595,0.9382898238588044
swed1254,indo1319,2.1001537077073684,1.683841416954932
taba1263,nort2923,-2.964515445699323,1.91236537054974
tabo1241,tabo1241,0.7406185617276815,1.6960514703704268
tafi1243,atla1278,-3.64995763008156,1.1871296657163448
taga1272,aust1307,0.2543410725384649,0.6066418402332907
tagi1241,sino1245,-1.9895218584238563,0.5682168565533186
tago1246,rash1249,-3.090391190743928,2.4428962341304
tagw1240,atla1278,-4.359182765078856,1.4886008602353655
taha1241,afro1255,-4.536848745143887,2.3143868495866267
tahi1242,aust1307,-3.3304366058758985,3.851886903407044
taia1239,taia1239,-2.568633682920028,2.218211385783456
taji1246,aust1307,-3.899651802155176,1.0061975721755465
taku1257,aust1307,-4.216624394622561,0.970564929038014
tali1259,aust1307,-2.1211849934290807,0.6641008564174911
tama1331,tama1329,-1.7007557613256077,1.8467385688752431
malo1243,aust1307,-3.157215528016145,0.6310369153467832
tama1365,afro1255,-4.0936701163218245,1.739715915924564
tami1290,aust1307,-1.522804117415058,0.6543306534467828
tami1289,drav1251,2.75670029730763,1.2881274976131405
tane1237,aust1307,-3.885397540512764,1.0771407747921762
tang1377,sino1245,-1.8818032688469368,0.660048820411002
tang1373,sino1245,0.70301678466243,1.060242092144544
tani1257,tuca1253,0.227076203747107,0.745689461384397
lowe1412,aust1307,0.6219323724733445,0.3847673864861978
tara1313,sino1245,-2.993492630004321,0.5576890317328846
tari1256,araw1281,-3.155562897641293,0.9806827701673492
tari1263,afro1255,-3.218680328186656,2.512288947585742
tata1258,otom1299,-2.828465492221711,0.8126435491111357
tata1257,aust1307,-2.429260180243511,0.8776181082623955
tata1255,turk1311,4.134174520386045,2.832133739828131
taul1251,taul1250,-2.844465679514617,2.417637949941417
taus1253,taus1253,-0.8615048025511345,1.790418833102997
taus1251,aust1307,-1.9792731089366784,0.8462304087176173
tawa1286,afro1255,-3.640429940208179,1.5958946392125162
diga1241,sino1245,-2.247389199114876,0.6804799098803906
taya1257,afro1255,-3.790986451051364,1.7921437492196182
tean1237,aust1307,-3.8734373904929846,1.0740872755184254
teda1241,saha1256,-3.893616183151215,3.1379062127491943
tedi1235,sino1245,-2.9472034976356194,0.6493765334116031
tega1236,rash1249,-3.064800333135068,2.434246941681769
tekt1235,maya1287,0.7849240915178402,0.5332077593437248
telu1262,drav1251,3.3386561029960724,1.3799414796324465
temi1246,aust1305,-3.094313988020456,1.41679826648806
temp1235,aust1307,-1.9091051280279967,0.8156217902097245
tene1248,dogo1299,-4.210103005001701,3.140802585838842
tenn1246,surm1244,-2.5711354184418584,1.792338683321602
teop1238,aust1307,-1.857176343759165,0.6808593849514315
tera1251,afro1255,-2.56576096827416,0.7272065341334191
tere1279,araw1281,-0.5552940530657077,1.2626627992706512
teri1250,chib1249,-4.055177632156851,2.101730786273266
term1237,aust1307,-5.055762237676915,1.5541564729666728
tern1247,nort2923,-3.171205095495269,1.935521514453869
tete1251,utoa1244,-0.3152961412248867,0.7621547368850559
teun1241,aust1307,-4.762787449642959,1.444352508180775
tezo1238,otom1299,-2.861177597633392,0.809263609231996
thad1238,sino1245,-2.952853756238882,0.5996068708757409
thak1245,sino1245,-0.4407661539518659,0.5634093083918383
than1259,sino1245,1.6202184676444027,0.5550991177633104
aheu1239,aust1305,-4.970652419038503,1.247488045137267
thul1246,sino1245,1.3804143579565102,0.4624972882495086
tibe1274,atla1278,-2.0478994558501213,0.5341007649477287
tibe1272,sino1245,-1.7570186832388923,0.6961468572003531
tief1242,atla1278,-4.229467247983108,1.408639486892378
tief1244,atla1278,-4.219990223498697,1.409110915177355
tien1242,atla1278,-2.943388577635809,1.1662957822458058
tiga1245,aust1307,-3.850641622714594,0.779621147598367
tigo1236,atla1278,-2.89021214253408,0.5594862621958985
tika1246,atla1278,-2.454949130979889,0.5502157509905121
tiko1237,aust1307,-3.534336482099079,1.1644741465303996
tilu1238,sino1245,1.7143723294456985,0.4261837813279339
tima1241,katl1246,-2.944926567173509,2.675002886949242
timn1235,atla1278,-4.869160771507534,2.179567913490229
timu1262,aust1307,-2.4198532112688658,0.8634582278311562
tina1248,aust1307,0.4974279095433398,0.4863101601024269
tira1254,heib1242,-3.04622753118721,2.1827860799852745
maee1241,aust1307,-3.1403741167215227,0.5955225861844973
tiri1258,aust1307,-1.547633478382313,0.6873872384741277
tita1241,aust1307,-3.542466815745599,0.9071596350263668
tivv1240,atla1278,-2.90110404131712,0.6023363205225163
toab1237,aust1307,-2.1924740309525377,0.6733231210097017
toar1246,nucl1580,-2.766574160246289,2.0892307043223965
toba1268,leng1261,-1.6439273864898645,2.3310819421228848
tobe1252,nort2923,-3.00351697350858,1.9246175160446857
toda1252,drav1251,0.5530177350325736,0.9419026852584702
toho1245,utoa1244,-0.9715603213082358,0.9739601791488202
tojo1241,maya1287,0.9178145053324922,0.5682390611686277
toke1240,aust1307,-5.346578696506621,4.56445038592557
toll1241,jica1245,-2.6586343706976026,2.744782516864536
toma1245,mand1469,-4.940481117735893,2.751697899446115
tomb1244,aust1307,-2.072417790101862,0.7916986479923853
tomm1242,dogo1299,-4.278112309600819,3.2019113247969155
tond1249,song1307,-4.314349008907484,3.175225170749364
tong1325,aust1307,-5.409961173269102,4.973579817058184
tong1318,atla1278,-3.49807460987746,1.4000632501856805
toor1238,atla1278,-2.1566729131266515,0.7292058057728763
tote1238,atla1278,-3.562369602883481,1.2946020457319491
toto1302,sino1245,1.2084047555208977,0.5536841908442174
touo1238,touo1238,0.1348279461326218,1.6742974475335242
trin1274,araw1281,0.1886717484378307,0.9039747970937126
trio1238,cari1283,0.0327373820221128,0.9972492463547162
trum1247,trum1247,-1.729150827539511,2.2800090282442538
colo1256,barb1265,0.5319139608267249,1.2657466277426028
tsam1247,afro1255,-1.7313636193450936,0.6513341085589488
tsat1238,aust1307,-2.173119334697284,1.333890430820765
dido1241,nakh1245,3.1332962953328267,1.1713076375439853
tsha1245,sino1245,-2.317097691048897,0.6210856665266302
tsix1234,khoe1240,-0.2693568550605343,1.3741337300976877
tsog1243,atla1278,-2.6785390427393376,1.2642483424205322
tson1249,atla1278,-0.5545298079654741,1.3042370316659788
tswa1255,atla1278,-2.87184069958958,1.37443179924822
tswa1253,atla1278,-2.8648937063775515,1.504134614192003
tuca1252,tuca1253,-0.4941711464090435,0.6495157739290853
tugu1245,aust1307,-4.870582003307788,1.4218883545920873
tuka1248,aust1307,-2.2714661618635192,1.1116616975920597
tuki1240,atla1278,-1.9662603741981408,0.5649148487668043
tula1252,atla1278,-2.7428228546952838,0.6948754387395875
tulu1258,drav1251,2.9095149264836424,1.2303079636431615
tumu1242,atla1278,-3.434940239607002,1.2813817136849035
nene1249,ural1272,1.85587997824364,2.181561891482197
tung1290,aust1307,-1.498916958847975,0.801574638001215
tunn1238,afro1255,-0.0400844819120163,1.288381292041266
turk1308,nilo1247,-2.2297739339842657,1.2561535173700555
turk1303,turk1311,1.2140433616766164,1.698010145483833
nucl1301,turk1311,1.561710876394942,1.8889326568004157
turk1304,turk1311,2.3767330459747837,2.37189168567812
tusc1257,iroq1247,-1.8539720133120243,1.5414519800632125
tutu1241,aust1307,-3.1352415181752566,0.632862282446462
tuvi1240,turk1311,3.736941935922392,3.5047249102909355
tuwa1243,aust1307,0.7355071707388605,0.3572159617551573
tuwu1238,atla1278,-3.646357412555569,1.170978621262842
uuuu1243,aust1305,-4.179374638439996,1.0827916593751672
ubir1237,aust1307,-4.127961767320135,0.9194203266429568
udii1243,nakh1245,2.8583928250038007,1.2801045468292953
udih1248,tung1282,3.837898557637984,3.234155669682964
uduk1239,koma1264,-2.286955555072129,1.9079479699966653
ughe1237,aust1307,-4.403189979616149,0.6632568354858348
ugon1239,sino1245,-3.626673958172601,1.6293380248538467
ukra1253,indo1319,0.6323222227166112,1.3519939908603709
ulch1241,tung1282,3.806911702222899,3.026271060188707
ulit1238,aust1307,-0.8593774049666151,1.1107626466819909
ulwa1239,misu1242,-3.22264747870076,2.6263471991371192
yaul1241,kera1258,-2.7143746030692344,1.9820527277424655
umaa1242,aust1307,-3.506988053248145,1.027375519485128
umbu1257,atla1278,-3.622331299414893,2.1089411492239387
umbu1258,nucl1709,-2.5207688276738263,0.6290673404468805
umes1235,ural1272,2.8263510040722366,1.949485728343994
unua1237,aust1307,-3.20688123355976,0.5804376439654142
uppe1275,toto1251,0.1110807038919641,1.0598079480954512
urak1238,aust1307,-4.6148824077808746,1.7277556957774456
urar1246,urar1246,-0.9094759389183752,1.823154648614297
urav1235,aust1307,-3.2727052537993706,0.8176152535167738
urim1252,nucl1708,-2.8438274748714973,1.7121667553607771
urip1239,aust1307,-3.235422522839565,0.5914177309176161
urni1239,giim1238,-3.677168109696572,3.020045834388431
utes1238,utoa1244,0.5849987573141366,1.204875484994238
kagf1238,atla1278,-3.4707825199529543,1.225558196164421
pile1238,aust1307,-4.085181703122505,1.1615678301258328
veps1250,ural1272,2.4066266336565905,1.7767421715698877
vera1241,aust1307,-3.4182004693582297,0.8498730003816268
viem1243,atla1278,-4.01879704681239,1.3842040063437355
viet1252,aust1305,-2.4436962545875707,1.172039113761162
voti1245,ural1272,2.3208194961549635,1.3733159474686198
vunj1238,atla1278,-3.0238292607498978,0.9295514186389102
vure1239,aust1307,-3.371092750188455,0.8473503683010888
vwan1235,atla1278,-2.868317226948017,0.9803984363046112
waig1244,aust1307,-3.9385063408875634,1.1507992099511224
waim1251,aust1307,-3.94357558833948,0.8239058535339048
waim1252,aust1307,-4.946173200863385,1.4377962725859348
waim1253,cari1283,-0.0527862101364862,1.07349748207674
waja1259,atla1278,-2.6910321898204046,0.6959477362964259
waja1257,pama1250,-4.101353139314174,2.7751352793248536
waka1274,pama1250,-3.092370425469148,1.857784356748461
wala1266,aust1307,-2.2490153969379376,0.6477373219611415
wamb1257,sino1245,1.7935068659843787,0.4492957607665655
wann1242,mand1469,-4.454719787974227,2.5602114035976467
wand1278,afro1255,-2.6176082403315264,0.6279610834232514
wand1267,aust1307,-1.4615269651195035,0.9646055578595673
saka1289,aust1307,-3.162729292799729,0.7053643205157485
wara1303,wara1303,-3.058394335594466,3.178557701336417
ward1246,yang1287,-0.0776559839999239,1.8746925302839197
ware1255,araw1281,-1.2235888375173098,0.93447921412511
ware1253,aust1307,-4.2896759370112925,1.0944232045782707
wari1268,chap1271,0.3938163306618667,1.7589896889353067
warj1242,aust1305,-1.1492268436799866,0.8058262054017238
waro1242,aust1307,-4.025111088595582,1.0761622574446248
warr1255,pama1250,-3.522967965835897,1.953277152834386
waru1265,pama1250,-3.923863189504435,1.9873445228504651
wawa1246,atla1278,-0.3282596552082311,0.5361768757901899
waya1269,cari1283,-0.3656719785819148,1.0745322979995686
wayu1241,sino1245,1.870100061563861,0.4497807537291791
wayu1243,araw1281,-0.1521558411593411,1.2398298147630094
wels1247,indo1319,-0.8747329172249609,1.1854038259625428
nort2864,aust1307,-4.261618963450459,1.2553228626748352
weri1253,kuni1270,-2.85350139651195,1.8555707979697396
west2560,aust1307,-2.20653316762651,0.8283952746566294
west2548,aust1307,-4.790011672854774,1.4439014934750576
west2615,atha1245,-3.5992217694719733,2.25041354387895
west2397,aust1305,-4.964327455587479,1.2478181994771766
west2555,aust1307,0.5014009335023504,0.5741872466255877
west2650,aust1307,-4.998036475743463,1.609923201505424
west2594,nucl1709,-3.3410169330914967,1.1810358357310973
west2778,utoa1244,-1.0351557386832642,0.9144650499486008
west2369,indo1319,-0.5589354094033455,1.3502974334500388
west2519,aust1307,-1.902102024204859,1.7330949771457511
west2354,indo1319,0.942365073578802,1.095600395678379
west2644,otom1299,-2.790512634671515,0.7880404901374218
west2624,utoa1244,-0.3018553486977096,0.7673655427451997
west2466,atla1278,-4.334043863093143,1.4212137438257653
west2632,kere1287,-2.703591849245433,2.8235382191106497
west2396,aust1305,-4.560562315700073,1.247025538382294
west2418,sino1245,2.287767556820792,0.6004359218285185
west2392,ural1272,3.0544012200521475,2.0665807078987246
west2763,afro1255,-1.6539894871610037,1.4944805105403427
west2386,indo1319,2.5408746551131665,1.3652212550117977
west2557,aust1307,-0.978332502882186,0.6979447240754295
west2415,sino1245,-0.6325057419303146,0.4682417008916228
sanj1284,otom1299,-2.5079458809723434,0.7400605559591007
west2600,nort2923,-3.1526766111214237,1.9553197474225508
saka1291,aust1307,-1.1796006799977867,1.6330230797564154
west2516,aust1307,-3.527324129748576,0.681800830636341
whit1269,aust1307,-3.452194988441275,0.8788766948113782
wikm1247,pama1250,-3.335633785807845,1.8109142840118464
wiru1244,wiru1244,-2.3132456972073063,2.1030468480578435
babi1235,atha1245,-1.5844704401311065,1.983814199645015
woii1237,aust1307,-4.0803894187428655,1.0660874773329052
wola1253,afro1255,1.2493110806200454,0.7023690980872761
wola1242,gong1255,-0.3361985730302477,0.664147507611708
wole1240,aust1307,-1.6746053098293996,1.2606179918027127
woli1241,aust1307,-2.232777690649432,1.088509452674575
nucl1347,atla1278,-2.744893635101142,2.511212965246431
wood1236,algi1248,1.566031125715595,1.9637978131829588
wotu1240,aust1307,-1.2472424158547757,0.9350624199122411
woun1238,choc1280,-3.483296752316533,2.5662003154070714
wuch1236,sino1245,1.6964825621566175,1.540953965181342
wudi1238,sino1245,-2.807777891253688,0.8034067608384188
wusa1235,sino1245,-2.7033595653240017,0.7937687183774056
wutu1241,sino1245,-2.0547941206446434,1.0504216286344032
wuvu1239,aust1307,-1.5939351941069966,0.8775610647332606
xamt1239,afro1255,0.4660948480784863,0.8696192950363004
xara1244,aust1307,-1.501772747263269,0.6720672848663947
xava1240,nucl1710,-4.457024195053952,2.3262555379060705
xhos1239,atla1278,-1.8380700521244655,1.8767826885236767
xish1235,sino1245,-2.4661103165760645,0.7240778419829645
xokl1240,nucl1710,-4.40404817780826,3.502544401162086
yaak1241,afro1255,-2.7039861809181405,1.0353842160460849
yaey1239,japo1237,0.4817174559569173,1.183474282774711
yagu1244,peba1241,-1.0796801589993703,1.888038046899469
yaka1272,atla1278,-1.1372786432124486,0.6318373051381716
yaka1277,aust1307,-3.386753102285548,0.7960519881772683
yaka1269,atla1278,-3.340050752705216,1.4481925870950327
yakk1236,sino1245,1.3433750774855064,0.4825337202429018
yako1252,atla1278,-0.5694261943034893,0.5387935615919837
yale1246,yale1246,-2.9185536794531752,2.3364555403898493
yami1254,aust1307,-0.3197716145494853,0.6295121256628722
yami1256,pano1259,-3.990553777373459,1.756839658576867
yand1253,pama1250,-1.8070721714756248,1.731989954706625
yane1238,araw1281,-0.6078504850556068,0.7782818793027095
yank1247,pama1250,-4.068576368202411,2.2175051395066925
yaoo1241,atla1278,-2.7870065260673176,1.2376161057605497
yaou1238,mand1469,-4.480881579285031,2.611501008899233
yape1248,aust1307,-0.2189386952054253,1.070722294509559
yaqu1251,utoa1244,1.017269071290117,0.9092559301234148
yare1248,yare1250,-1.1236036269366756,1.8695942684830904
yasa1242,atla1278,-2.1572626133560573,0.8159936735026356
yatz1235,otom1299,-2.368134690979684,0.7638133630959825
yaum1237,nucl1709,-2.723317021162202,0.6581141002254212
nucl1454,yawa1259,-2.841991737487753,2.6317553929792945
yawa1261,araw1281,-1.0459894204870763,1.134338149476597
yawa1260,pano1259,-4.118731220487458,1.796749995532414
yawu1244,nyul1248,-1.4986391710856604,2.4814906299691133
yecu1235,toto1251,0.0967482394278942,1.0766366563489962
maqu1238,cari1283,-0.9002149102628363,1.173594951339111
yele1255,yele1255,-3.1044497592777858,2.909985879258449
yems1235,gong1255,1.8615159187733996,0.7521612533981568
yapu1240,nucl1708,-2.9496553879350427,1.7160499298945275
yidi1250,pama1250,-3.487262764667164,1.8831591360697943
yinc1238,aust1305,-4.500057375235651,1.2654940576503853
yind1247,pama1250,-1.9059039302410288,1.6925814206777456
yoga1237,aust1307,0.4890764859530654,0.3922203907239137
yong1280,nucl1709,-2.9503989176178878,0.923801041910104
yora1241,pano1259,-3.8308652287565352,1.7086937826862778
youl1235,sino1245,-3.1912973791499883,0.8854372881756944
youn1235,hmon1336,-1.1388655790687456,1.0467491529568689
yuca1254,maya1287,0.7209588332314034,1.0376678536033015
yuch1247,yuch1247,-0.7651330582514815,2.094040958537174
yucu1253,araw1281,0.0993468861422086,0.8835478501619143
yuec1235,sino1245,-0.0015713406396,1.034119041671949
yukp1241,cari1283,-0.3552991861114755,1.334484036657399
yulp1239,pama1250,-3.2439441434735725,1.745915173012822
yulu1243,cent2225,-1.912183519731657,1.0546555732211471
yuqu1240,tupi1275,-4.3353161897092285,1.7601001953820197
yura1255,yura1255,-1.1031323160004936,1.93589071408714
gami1243,pama1250,-0.5739600951037832,1.4723635199707117
zaba1237,aust1307,-2.095091575338307,0.6841342522803364
zaca1242,otom1299,-2.7552445869149658,0.8270661670477564
zaca1241,utoa1244,0.0148653776110221,0.6549914617742285
zaiw1241,sino1245,-2.771574411439956,0.7656418527659143
zakh1243,sino1245,-2.307503316181438,0.6602125580286362
zamb1245,atla1278,-2.226590744712297,0.6265371713023455
zand1248,atla1278,-0.4963800992988014,0.6081247789594038
zani1235,otom1299,-2.769815150178853,0.7552742882535961
zapa1253,zapa1251,0.2788637782344296,1.3845130434877726
zarm1239,song1307,-3.642456265791913,2.9989497595227173
zays1235,gong1255,1.5630472025267408,0.6376275631394517
zeme1240,sino1245,-2.717232937945201,0.5239047481777224
zenz1235,otom1299,-2.80787189736908,0.7785914015527657
zhab1238,sino1245,-2.612601633395882,0.8503158827117536
zigu1244,atla1278,-2.8072688953118656,0.944262979276651
zinz1238,atla1278,-3.107799652903225,0.9899463549222816
zoog1238,otom1299,-2.419142173244281,0.7449229952311498
zulg1242,afro1255,-2.5595876232052754,0.5877051747825472
zuni1245,zuni1245,-0.7996335666420427,1.972551257423172
