Glottocode,Family_ID,GPGLMM_Latent_Mean,GPGLMM_Latent_Variance
abee1242,atla1278,-10.48598159036348,139.33712356394918
aben1249,aust1307,-13.84607375518346,138.65926652776778
abkh1244,abkh1242,-3.794307295207055,36.178089890380335
abua1245,nucl1708,3.734136432151072,34.585433440839125
abun1252,abun1252,-13.321854566361733,163.29958644979084
achi1257,aust1307,-13.841973474833676,138.6554158630347
ache1245,narr1279,-13.081628952509575,163.2355323677001
achi1256,maya1287,-3.476453975523602,28.0750337226865
achu1248,jiva1245,-13.351326285003466,163.32166017019338
achu1247,pala1350,-13.652758333372676,163.31022224565658
acol1236,nilo1247,-14.563027348675067,155.53806014705611
adan1251,timo1261,-13.339372796590627,163.30107659328928
adny1235,pama1250,-14.898654929902472,155.7309407980794
adon1237,aust1307,-13.83728509987053,138.65939892849875
adze1240,aust1307,-13.837287105090155,138.65939750908132
aeky1238,kamu1264,-13.336460259335611,163.30000260247562
afar1241,afro1255,-5.923683050504151,102.48774722336978
aghe1239,atla1278,-10.465081594262095,139.27430792372917
aghu1255,nucl1709,-14.179076178481866,153.58957157102708
agob1244,paho1240,-13.336332624986149,163.30002087203073
agua1253,jiva1245,-13.345232864691718,163.32164478151628
agut1237,aust1307,-13.83729158606832,138.6593943952466
ahin1234,aust1307,-13.852828152201027,138.65911384224148
aika1237,aika1237,-13.345109248902292,163.3249720801443
aime1238,bosa1245,-13.340605664571571,163.3009046826133
musa1266,nucl1709,-14.17479246508335,153.58611072094604
ayiw1239,aust1307,-13.98634556177243,138.313978740422
ajab1235,atla1278,-10.481613877185271,139.32249903812854
ajas1235,kres1240,-13.081959342404453,163.23876391468872
ajie1238,aust1307,-13.837687801091988,138.6590545046408
west2635,maya1287,3.812756420999788,36.10336417678072
akei1237,aust1307,-13.836483977787909,138.65881195583026
akha1245,sino1245,-14.863006535584494,155.6742482403172
akoo1248,atla1278,-10.485899908604496,139.33694623444927
akun1241,tupi1275,-13.34548515663939,163.314957810563
alab1254,afro1255,-5.929179496922061,102.63562199204046
alab1237,musk1252,-13.653415421366637,163.30689274992733
alag1248,afro1255,-5.928096104436651,102.61037868971738
aleu1260,eski1264,-13.653388562028104,163.30770773436652
alor1247,aust1307,-13.836883792914843,138.65931971246053
aluk1238,drav1251,-13.497360148693382,163.2846458621065
amah1246,pano1259,-13.345765783826495,163.30716835748487
amam1246,kuni1270,-13.33642217754332,163.297414201844
amap1240,left1242,-13.336354400255637,163.30093535070986
amar1272,aust1307,-13.837328187891766,138.65739934705573
amar1274,hara1260,-13.345109518535804,163.3249716130481
amas1236,nyim1244,-13.07718651302962,163.24017525368296
amdo1237,sino1245,-14.860140146942909,155.6773328107784
amha1245,afro1255,2.739694626603198,15.604774494379823
amii1238,west2434,3.691585945292764,33.495647630574865
amis1246,aust1307,-13.83729676596466,138.659395651107
hoaa1235,kxaa1236,-13.066109963826722,163.23763889779576
gily1242,nivk1234,-13.496296841972171,163.31359207080342
anei1239,aust1307,-3.7387280526239866,33.44242666515342
anfi1235,gong1255,-10.944409654726885,153.01992105070445
anga1290,anga1289,-13.336291909378662,163.3011385711797
anga1288,sino1245,-14.867661778077292,155.67735833887943
wara1294,more1255,-13.33629012087716,163.298861835359
anta1255,aust1307,-3.6779399777825543,32.06657198152905
anua1242,nilo1247,-14.562634944083056,155.53789508934295
anuf1239,atla1278,-10.487050317690157,139.3376958770854
anuu1241,sino1245,-14.867695066505489,155.67736075448263
anut1237,aust1307,-3.738729443449407,33.442460255242906
aona1235,sino1245,-14.867695957188555,155.67735916095424
aoua1234,taik1256,-13.496438411086013,163.30975171446875
apat1240,sino1245,-14.865285497955478,155.67689309230047
apin1244,nucl1710,-3.620587686302425,31.60240693935569
apma1240,aust1307,-13.837373881623469,138.6539967570131
apma1241,kera1258,-13.341082031712228,163.2984349105496
apur1254,araw1281,-11.900873196924875,155.4553658728669
arak1252,aust1307,-13.835828960430034,138.65738479027758
arao1248,pano1259,-13.345766108841168,163.30715115014402
arap1274,algi1248,-13.01559894299035,159.870711539775
araw1273,tupi1275,-13.345478365125464,163.31495891203855
arbo1245,afro1255,-5.932597559232537,102.73489839682335
arch1244,nakh1245,-13.496967394745573,163.29543302300894
aree1239,aust1307,-13.930152760865228,138.4978269416578
area1240,aust1307,-13.839195045851223,138.6578282586983
argo1244,afro1255,2.740231589044905,15.61135619550717
arhu1242,chib1249,-13.892026240254852,160.2245654208804
arig1246,atla1278,-10.491924215835413,139.340409518992
arom1237,indo1319,6.214600655721806,113.33096270079122
arop1243,aust1307,-13.837287355981362,138.65939705289625
arop1242,aust1307,-13.837287008510112,138.65939646703978
aros1241,aust1307,-13.837318338891208,138.65937251643368
arta1239,aust1307,3.746698323090972,33.58059825856293
ashe1272,araw1281,-11.90087541043863,155.455314383908
asoa1238,cent2225,-14.174600629222516,157.42634567790495
assi1247,siou1252,-14.20654379365241,159.97954749373312
asur1254,aust1305,-12.401816499675014,157.2664689334169
asut1235,atla1278,-10.487084066189338,139.3381347592656
atam1240,aust1307,-13.82496911400862,138.65890817422363
athp1241,sino1245,-14.862977213014355,155.67737257306132
atii1237,aust1307,-13.83542210040601,138.6589781723387
aton1241,sino1245,-14.86056152117272,155.6773237194097
auuu1241,nucl1708,-12.746737986965485,159.90293135262309
aulu1238,aust1307,-14.041666418855092,138.13879093163067
auye1238,nucl1709,-3.823337714957116,36.53521188710094
avac1239,tupi1275,-13.345478365125464,163.31495891203855
avat1244,atla1278,4.531226344971792,55.96663176706282
katb1237,aust1307,-3.739493811986112,33.46074453294656
avok1242,cent2225,-14.168593267554872,157.42601726597115
awac1239,barb1265,-13.345191583693218,163.3227456343681
awad1244,aust1307,-13.832560624572627,138.65894595152415
awad1243,indo1319,-7.420633474897593,134.51905247228893
awap1236,nucl1709,-14.174355362198664,153.5897999525079
awar1249,ramu1234,-13.336295543907127,163.3011221532424
awar1248,nucl1709,-14.178999900236684,153.58874828169627
awet1244,tupi1275,-13.345482209570386,163.31494560548094
awtu1239,sepi1257,-10.882829258231087,158.86751248869618
axam1237,aust1307,-3.740611339292908,33.48761327872339
axiy1235,sino1245,-14.860567763502496,155.67734008822237
ayac1239,quec1387,-13.345396790179333,163.3171624597653
azha1235,sino1245,-14.86771541466069,155.67735922003607
baba1264,atla1278,4.460802606093289,54.15758860466039
baba1266,atla1278,4.426975384745211,53.13904693211998
baba1268,aust1307,-13.837285050179135,138.65939912686855
bada1257,drav1251,-13.49735961810056,163.28467302140496
bafa1247,atla1278,2.275568093394517,10.913150591784104
bafi1243,atla1278,-10.487852665170784,139.3353115084926
bafu1246,atla1278,4.425669233112195,53.0981730989094
baga1273,atla1278,4.4219603645492205,52.98246933249618
baga1272,atla1278,-10.484672804717478,139.3313014258132
bagi1246,cent2225,-14.11718638884869,157.4178995331138
bagv1239,nakh1245,-13.496979002881783,163.29475788790873
baha1259,afro1255,-6.248232705928935,111.39791814375836
bahi1252,sino1245,-14.862976809078315,155.67739572742886
bahn1262,aust1305,-12.401822208510938,157.26646813319846
baim1244,sino1245,-14.862984260966968,155.67754612564005
baka1272,atla1278,-10.4917870016603,139.34045150392143
baka1274,cent2225,-14.17513988565376,157.42617042969266
baki1244,aust1307,2.000006046405259,8.904835777137663
bala1311,aust1307,-13.841209468011852,138.65928604709495
bala1315,aust1307,-13.81783210319164,138.65865555982484
bali1278,aust1307,-13.83729664651714,138.65939632576126
liki1240,atla1278,-10.463636878370474,139.32495410025564
bamb1270,aust1307,-13.837296575195186,138.65939633890014
bamb1269,mand1469,-14.891414332563189,154.0001240162622
bamb1262,maoo1243,-12.50668299731543,159.83798340185183
bamu1253,atla1278,4.422853214273615,53.010393403354
bamw1238,atla1278,-10.487091193879747,139.33809144370332
band1344,atla1278,-10.487083245020337,139.33813468417193
bang1363,bang1363,-13.077186032453074,163.24017530440764
bang1369,sino1245,-14.862984844093816,155.67754612171098
bant1281,sino1245,-14.867319988441071,155.67733359866128
bant1288,aust1307,-13.813750657616088,138.6538730805431
bara1357,sino1245,-14.862988859206444,155.67754070388025
bare1279,afro1255,-5.928085171211618,102.61008713853508
bara1369,aust1307,-13.57853406969562,139.96185254265754
bara1370,aust1307,-13.83741816767776,138.65937591792607
bari1286,aust1307,-13.837328140710715,138.6573995616098
baro1253,aust1307,-13.8464600808716,138.65122693436518
bash1264,turk1311,-13.496628850738986,163.30100655940805
basq1248,basq1248,-13.49346449669762,163.31329266875153
bata1289,aust1307,-13.837296545795295,138.65939646559136
bata1285,atla1278,-10.487091245135415,139.33809155794265
bats1242,nakh1245,-13.496967129243282,163.2954406987681
baur1253,araw1281,-11.900873196763149,155.45536587301766
bawm1236,sino1245,-14.862973155002049,155.67754672067207
bayb1234,aust1307,-3.740859177560015,33.49401341629513
bebe1248,atla1278,-10.487088922179638,139.33810370925954
beem1239,atla1278,-10.487083908550424,139.33813490768793
beja1238,afro1255,7.773250331210725,133.0159034898938
bekw1241,atla1278,-10.4917868870165,139.34044984609486
bela1254,indo1319,-7.424996717183955,134.56577381673793
nyal1254,aust1307,-13.837296883041608,138.65939548317235
belh1239,sino1245,-14.860574437992849,155.67690857874774
beli1257,cent2225,-14.174600634642584,157.4263454532462
bell1243,sali1255,3.648791019514578,32.01411372405872
belu1239,atla1278,-10.48711329552702,139.33795406674034
bemb1257,atla1278,-10.48708872331344,139.33810364638808
bena1262,atla1278,-10.487089880621006,139.33810403552403
benc1235,gong1255,-10.93341315079206,153.0246119313403
beng1282,atla1278,-10.487091245135414,139.33809155794265
bent1238,dogo1299,3.790205501104073,36.064770605585736
zagh1240,saha1256,-13.077347091649369,163.2358343994965
bert1248,bert1248,-13.092367988653578,163.24026811851368
bezh1248,nakh1245,-13.496988749058367,163.29409252628682
bhoj1244,indo1319,-7.420744482535701,134.51844546299378
biaf1240,atla1278,-10.487620881596047,139.3383304915493
bian1252,kuni1270,-13.33641691630346,163.29777266379
biao1254,hmon1336,-13.49661436853878,163.30498770482802
biao1256,hmon1336,-13.496614648041287,163.3049729089984
biat1246,aust1307,-13.834879366620797,138.65916946830242
bier1244,aust1307,-9.054010371484017,112.61242367756552
bign1238,aust1307,-13.845534988117526,138.65167797494036
biha1246,aust1307,-13.994855024271589,140.0422744938469
bila1255,atla1278,-10.484705703709992,139.33117374845622
bili1260,afro1255,-5.928084872164309,102.61007888853642
bimi1240,nucl1709,3.425461703375934,27.06318783947839
bina1277,nucl1709,-14.174483723304183,153.58977991175482
bini1246,atla1278,-10.490679672651394,139.3398826033785
gunw1252,gunw1250,-13.55094391912751,163.35154374566366
birr1240,cent2225,-14.174606151640068,157.4263499253793
bisu1244,sino1245,-14.862978240500343,155.67754737051322
bitt1240,aust1305,-12.398001807875064,157.26576477643678
biwa1243,yuat1252,-13.334443551604425,163.30062947302133
blab1237,aust1307,-3.743306599080497,33.55222445238206
blan1242,aust1305,-12.410591972917477,157.26708769660965
bang1354,atla1278,-10.487088925348758,139.33810370082313
bobo1255,aust1307,-13.81783210319164,138.6586555598249
bodo1267,aust1305,-12.401817807776968,157.26646528582154
bodo1269,sino1245,-14.860566767251129,155.67733949825976
boka1249,sino1245,-14.86337653418817,155.67719068269747
bola1250,aust1307,-13.837281459003384,138.65939832313953
bolg1251,atla1278,-10.491419415246945,139.34024043878264
chim1302,quec1387,-13.345396790179333,163.31716245976526
bolo1262,atla1278,4.421959505925363,52.98243996237564
boly1239,aust1305,-12.396665131081765,157.26573992013408
bomk1234,atla1278,-10.487083061453212,139.33813458636646
bona1250,mong1349,-13.49650898988164,163.3078395513947
bond1247,atla1278,-10.487090253455642,139.3380992776977
bond1245,aust1305,-12.401829353786384,157.26599587787456
bong1289,aust1307,-13.83689099106063,138.65932502031478
bong1284,atla1278,-10.491782885511938,139.34044944274564
bong1285,cent2225,-14.174473930094674,157.42641826780465
bora1263,bora1262,-13.345109193333812,163.32497216464276
bori1243,sino1245,-14.862972782488214,155.67754844963798
boro1277,gong1255,-3.1706725636546778,22.17336225349834
boro1282,boro1281,-13.34510919333373,163.3249721646429
boto1242,aust1307,-13.835072445745451,138.65900483478492
boun1243,atla1278,-10.487089575131773,139.33810393448488
boun1245,nucl1709,-14.171904352190912,153.5894300968741
brah1256,drav1251,-13.49735495792262,163.28494266403385
lave1249,aust1305,-12.401816373531195,157.2664689459374
bret1244,indo1319,-7.420744482536371,134.5184454629904
brib1243,chib1249,-14.200102508213016,160.0238852287526
bube1242,atla1278,-3.101009021277078,20.679474987152645
bubi1250,atla1278,4.422887415916271,53.01145280961048
budu1248,nakh1245,-13.496973006181868,163.29509585401485
budz1238,atla1278,-10.487621712569425,139.33833080769782
buga1247,aust1305,-12.40181649981835,157.2664689332634
buga1250,aust1307,-13.837582494844431,138.65915879106018
bugh1239,aust1307,-13.837333873345989,138.65936484591106
bugi1244,aust1307,-13.837296774010513,138.6593956137569
bugl1243,chib1249,-14.214331097200256,160.02392435885483
bujh1238,sino1245,-14.863524327838828,155.67751232628166
buka1257,aust1307,-13.834879407621925,138.65916932532838
buku1249,atla1278,-10.487083203914867,139.3381346704738
bull1247,atla1278,2.27556824761089,10.913151892541066
bulo1242,aust1305,-12.382893386475049,157.2642848206885
bulu1251,atla1278,-10.487088921362494,139.3381037136999
bumt1240,sino1245,-14.862972982289753,155.67754837465677
buna1276,aust1307,-13.831327757749785,138.6549182116282
gahr1239,sino1245,-14.862972781608946,155.67754848253654
bund1253,indo1319,-7.42063208932955,134.51903781386434
buol1237,aust1307,-13.840037997037811,138.65486833997224
bura1292,afro1255,-5.928523637160468,102.62034739685777
bure1242,afro1255,2.7331010363093906,15.514461741059677
burj1242,afro1255,2.740231589012572,15.61135619507712
nucl1310,sino1245,-14.867700316012204,155.67733410359597
burm1264,burm1264,-13.336291627289848,163.3011386531863
buru1320,afro1255,-5.928043980448379,102.6089413576399
buru1296,buru1296,-13.496296841970798,163.31359207080544
busa1253,mand1469,-14.887804748161132,154.03606217804472
bush1247,atla1278,-10.487084161415869,139.33813499351467
buwa1243,afro1255,-2.516686023250816,13.121562915483253
bwai1242,aust1307,-13.89671256817728,138.57587119412435
bwat1240,aust1307,-3.738720226182525,33.44223625041383
byan1241,sino1245,-14.863522946061986,155.67731191607
caac1237,aust1307,3.4900350980672576,27.83098717873472
cabe1245,chib1249,-14.20010250821275,160.02388522876487
cahu1264,utoa1244,-16.08238438403078,150.48821914079565
cakf1236,afro1255,-5.9282994259533,102.61513732212848
cald1236,quec1387,-13.34539679022126,163.31716245755584
caml1239,sino1245,-14.86257082604866,155.67720395550762
camp1261,indo1319,6.214919419640283,113.33537740476967
cams1241,cams1241,-13.345109193334244,163.32497216464213
cane1242,nucl1710,-13.335968469334604,157.17589759780023
caom1238,taik1256,-13.496438269349168,163.30975173819584
capa1241,pano1259,-13.345766619147955,163.3071682209156
carn1240,aust1305,-12.40182191153837,157.26646830949966
caro1242,aust1307,-13.837285040655006,138.65939913449114
cash1251,pano1259,-13.345765783822683,163.30716835771187
casi1235,aust1307,-3.736818653145432,33.39601426684902
stan1289,indo1319,6.214600812010787,113.33096669760964
cavi1250,pano1259,-13.345766619040678,163.3071682228002
cayu1262,cayu1262,-13.340356878471209,163.32305562430685
cemu1238,aust1307,3.4912396361557785,27.85623989651461
cent2127,eski1264,-13.652848582166914,163.30777096149797
cent2142,ayma1253,-13.345191612984488,163.3227275873603
cent2004,sino1245,-14.86769398270988,155.6773617285769
cent2292,aust1307,-3.7482132687636303,33.66970297060561
cent2084,aust1307,-13.831202908500504,138.6548811372649
cent2314,aust1305,-12.401818526236736,157.26639896531586
cent2050,saha1256,-13.077355124331248,163.23583273298226
cent1989,aust1305,-12.401410962058126,157.2662316654435
mala1479,aust1307,-13.997315322396291,140.04250231722676
cent2322,ural1272,-14.862462776937374,155.69507837434762
cent1992,aust1305,-12.40236146305554,157.26649043288563
cent1990,aust1305,-12.401816413792444,157.26646894226394
cent2126,japo1237,-13.496520120602396,163.30784619943185
cent2140,miwo1274,-13.65278880105286,163.309380562301
cent2090,aust1307,-13.835420618128271,138.659100888751
cent2131,utoa1244,-16.08479100697992,150.46329686675875
cent2150,chib1249,-13.892025804753732,160.22458581099175
mbal1255,atla1278,4.42196036451499,52.98246934671026
chac1251,pano1259,-13.34061347720852,163.30674069765382
chad1249,afro1255,-5.92671549770777,102.57024989714908
chak1270,sino1245,-14.862973618513973,155.67754756645803
chak1271,atla1278,-10.474808247337547,139.33113323745357
chal1275,afro1255,7.381627322348573,130.32369082666108
cham1315,zamu1243,3.733159771041527,34.56152134341542
cham1309,nakh1245,-13.49697461786266,163.29500604668291
cham1312,aust1307,-13.844438560358263,138.65920171428678
chan1313,sino1245,-14.86056240846614,155.67732028987894
chac1249,barb1265,-13.345583865914714,163.32268230996075
char1269,gong1255,-10.936243045774752,153.05784040394187
chas1234,sino1245,-14.862984777697458,155.67752076704494
chec1245,nakh1245,-13.496967196475962,163.2954261938925
chek1238,aust1307,-13.852448042999036,138.6449006194917
chen1255,drav1251,-13.497354771720836,163.2849426950302
chep1245,sino1245,-14.863079425520333,155.67749023130463
cher1273,iroq1247,-13.015416982031068,159.87669025863315
chey1247,algi1248,-13.01559894299035,159.870711539775
chic1270,musk1252,-13.6539578843121,163.30681798435256
chil1280,atha1245,-13.65302967599804,163.3028657722055
chim1309,chib1249,-13.892025804755924,160.22458581088966
chim1312,atla1278,-10.488274115685984,139.33851921540804
chhi1245,sino1245,-14.84381049286976,155.67676312593994
chip1261,atha1245,-13.653030181026002,163.30285307401795
chip1241,algi1248,-13.01613909358394,159.8706409746381
chir1283,sino1245,-14.86297946381531,155.6775078970725
choc1275,sino1245,-14.862978451990058,155.6775472978729
choc1276,musk1252,-13.6539578843121,163.30681798435256
chon1284,aust1305,-12.401818399401671,157.26639897842296
chot1239,sino1245,-14.860580727978167,155.67660787860368
chra1242,aust1305,-12.406519417563,157.26671152385137
chuj1250,maya1287,-12.48875439811144,151.3223965277542
chuk1273,chuk1271,-13.49630290865878,163.31359097498944
chuu1238,aust1307,-13.83292789947232,138.65911698880473
chuv1255,turk1311,-13.49676055993202,163.30118784150352
chuw1238,atla1278,-10.487089605458303,139.33810394454622
cici1237,atla1278,4.418639271966016,52.874668109403146
chin1286,chin1490,-13.652758094276168,163.31022264150445
cent2087,aust1307,-13.846041908184125,138.65931093115057
coat1243,otom1299,-15.37858260747078,149.7148994134203
coca1259,tupi1275,-13.345478690220878,163.31494169535424
coeu1236,sali1255,-13.104731571887262,151.99615535005887
cofa1242,cofa1242,-13.34498338523805,163.32494258327577
cogu1240,chib1249,-13.879703923457564,160.2240267184589
colu1241,sali1255,-13.104732313524323,151.99614275433095
como1259,sali1255,3.648790753498413,32.01410732004919
cong1236,atla1278,-10.48668495149576,139.3378214947426
copa1237,otom1299,3.210594285955914,22.780462373936476
cors1241,indo1319,6.214919419640283,113.33537740476972
cosa1234,sino1245,-14.862980082164992,155.67754703608574
cota1241,aust1307,-13.84201379535171,138.65536807728122
cree1270,musk1252,-13.653418452338409,163.3068925179474
crim1257,turk1311,-13.496349058901297,163.30093966281524
cros1244,atla1278,-10.487094580997644,139.33807166239694
crow1244,siou1252,-14.197511222982628,160.030480865918
cube1242,tuca1253,-13.345232655230744,163.32161418789912
culi1244,araw1282,-13.34515140266308,163.3238410361331
cusc1236,quec1387,-13.345396790179333,163.3171624597653
cypr1248,afro1255,-6.247921830149081,111.39244198161808
czec1258,indo1319,-7.42063208932955,134.5190378138643
daai1236,sino1245,-14.860561687985422,155.6773169444309
daas1238,afro1255,-5.928089437757483,102.61020472564036
dadi1250,tebe1251,-13.336291325697466,163.301138733419
dagb1246,atla1278,-10.485219908513931,139.33152160300364
daur1238,mong1349,-13.496508548805814,163.3078545930749
daka1243,aust1307,-13.83862143542464,138.65503686200032
damp1237,aust1307,-13.837205498681362,138.65938030423973
dana1252,aust1305,-12.401816194353296,157.26646895139982
dand1238,drav1251,-13.497354630232326,163.28494269924772
dani1285,indo1319,6.214596044635381,113.33084478010085
dara1250,indo1319,-7.420744488518661,134.51844552172963
darm1243,sino1245,-14.87166224060702,155.67704129366192
dawr1236,gong1255,-10.936246913781693,153.05771147421925
daza1242,saha1256,-13.07726192495869,163.2357620140529
dege1246,atla1278,-10.4917904706152,139.3404490839468
dehu1237,aust1307,-13.83728607320191,138.65939857412343
dera1248,afro1255,-5.928094479622765,102.61032678658806
desa1247,tuca1253,-13.345229901824815,163.32161250846232
dhao1237,aust1307,-13.83731427262429,138.6593756199653
dhim1246,sino1245,-14.862972782363505,155.6775484542639
dhuw1249,pama1250,-14.903463483884249,155.730653859027
dibo1245,atla1278,-10.48708879430719,139.33810367027883
digo1243,atla1278,-10.502210154257336,139.34594298575198
dima1251,sino1245,-14.862972785000752,155.67754835304632
diri1252,atla1278,-10.491932771980844,139.34049592905242
djee1236,mani1293,-13.546199480480311,163.35341986407383
djeo1235,nucl1710,-13.330671773963005,157.222703816503
dobe1238,aust1307,-13.837285111942682,138.65939912132913
dobu1241,aust1307,-3.73872852046227,33.44243779642247
domm1246,nucl1709,-14.16954004466496,153.5892507069474
dong1285,mong1349,-13.496509285197837,163.30783872916302
doro1266,manu1261,-13.340927620305406,163.30096528692616
drun1238,sino1245,-14.862973632315397,155.67754830378402
dual1243,atla1278,-10.486991816374656,139.33772191455608
chug1252,sino1245,-14.862973006004546,155.67754567925897
dumb1241,aust1307,-3.738726961202449,33.44240026306525
dumi1241,sino1245,-14.862976330562327,155.6773979175555
dupa1235,aust1307,-13.837257855073112,138.65499172675433
duru1236,drav1251,-13.497354631169308,163.28494265184486
dusn1237,aust1307,-3.738726667989716,33.4423932236497
dutc1256,indo1319,6.214591588535703,113.33073082274656
dyul1238,mand1469,-4.012722417965478,41.89142832004417
dzao1238,hmon1336,-13.496614368538468,163.30498770484456
dzon1239,sino1245,-14.862976399003132,155.67754774477538
east2443,aust1307,-3.738792583029957,33.443975077193016
tang1336,sino1245,-14.867705433673066,155.6773462761242
nucl1235,indo1319,-7.420642934601678,134.51915261487892
sout2896,aust1307,-13.837285421517793,138.65939888093905
east2555,tupi1275,-13.345478365125464,163.31495891203855
east2332,aust1305,-12.407908034113689,157.26685597986472
east2690,afro1255,-6.247921315656881,111.3924298177823
east2556,otom1299,-4.1741167427312025,46.36680727400112
east1236,aust1305,-12.401816174837116,157.26646896477322
east2342,sino1245,-14.860566785812225,155.67733948294827
east2782,atla1278,-10.484680450202433,139.33132268250282
east2328,ural1272,-14.866069650852769,155.6556832781514
east2773,sino1245,-14.863094854578945,155.6774654464792
panj1256,indo1319,-7.420680220447928,134.51878887143818
east2485,aust1307,-13.836890991148922,138.65932502001067
fina1242,aust1307,-3.74838915586522,33.673947362116536
east2694,aust1307,3.492957717671947,27.89205935171242
east2447,aust1307,-3.738726661780361,33.442393074655826
east2516,nucl1709,-14.178703174922113,153.5530200356658
huaa1248,tuuu1241,-13.077185862080638,163.24017534700792
wall1257,aust1307,-3.738728207583681,33.44243037124784
egaa1242,atla1278,-10.49174884061764,139.34039760607988
egyp1253,afro1255,-5.92671549770779,102.5702498971476
eipo1242,nucl1709,-14.174355553112294,153.58980285015716
ekar1243,nucl1709,-3.823340437914261,36.53528487808228
elip1238,atla1278,-10.487178568631164,139.33739038834975
elna1235,utoa1244,-16.08599368553273,150.48762593000774
emae1237,aust1307,-3.739433531236184,33.45947211497531
emai1241,atla1278,-3.1010089651079364,20.6794740726653
embe1260,choc1280,-13.345273693895932,163.32050098250943
embe1262,choc1280,-13.345274529184609,163.32050084768667
stan1293,indo1319,-7.420632089329551,134.51903781386423
enuu1235,sino1245,-14.867700740424851,155.67735427952883
epen1239,choc1280,-13.345274529184609,163.32050084768667
ersu1241,sino1245,-14.85815380380569,155.6771406915292
erzy1239,ural1272,-14.86246236983983,155.6950784528188
esan1238,atla1278,-3.1001052518039525,20.66491753724293
esee1248,pano1259,-13.345765783839552,163.30716835679638
esim1238,atla1278,4.422176525417297,52.98921790430333
esto1258,ural1272,-14.862451042572898,155.69508067108706
eton1253,atla1278,-10.48708650756496,139.33811695952608
even1260,tung1282,-13.498985773759996,163.30584255343737
even1259,tung1282,-13.496580156388372,163.30591615904189
ewee1241,atla1278,-3.101007099900808,20.679443409976614
fala1243,sino1245,-14.837530826484908,155.6768569312811
fare1241,atla1278,4.42175236792164,52.97577138515835
faro1244,indo1319,6.2146005338176,113.33095958179844
fasu1242,fasu1242,-13.340919170601278,163.2996811289745
fefe1239,atla1278,-10.487110327891203,139.33796595056708
fiji1243,aust1307,-13.834882701096545,138.65917016215417
fili1244,aust1307,-13.894435297657628,138.58027356662478
finn1318,ural1272,-14.856476705812968,155.6947904882541
fonn1241,atla1278,-10.4816138767984,139.32249903829234
fore1265,ural1272,-14.866069579870624,155.65568334351556
stan1290,indo1319,6.210891606759222,113.2364550235374
fuln1247,fuln1247,-13.3451093921282,163.32497213274695
furr1244,fura1235,-13.077186697268669,163.2401752101297
furu1242,cent2225,-3.823375518193226,36.79299820778263
futu1245,aust1307,-13.837285422372837,138.65939899229815
fuyu1242,fuyu1242,-13.336291599509552,163.30113869726057
gaaa1244,atla1278,-10.487083412268396,139.33813474086963
gaan1243,afro1255,-5.926362771612623,102.56199881787612
gade1242,atla1278,-10.487088903808957,139.33810370766474
gaga1249,turk1311,-13.511941588675011,163.30166917414957
gala1264,afro1255,-5.92820343670703,102.6085288099636
gale1259,nort2923,-13.336498069534713,163.29553950713213
gali1262,cari1283,-13.325007858214546,163.3033654146274
gali1258,indo1319,6.21460047686069,113.33095809179196
galo1242,sino1245,-14.86922188965901,155.67716050683015
gamo1243,gong1255,-10.935713935945545,153.0563761712014
gand1255,atla1278,-10.48708924653038,139.33810382430116
gang1266,sino1245,-14.862990858201716,155.6772394965929
gant1244,nucl1709,-14.174370421939557,153.58966877664923
gapa1238,aust1307,-3.738731175215652,33.44250003327721
boht1238,afro1255,-6.247921504798005,111.39243428951248
garo1247,sino1245,-14.860561720833438,155.6773236810022
gayo1244,aust1307,-13.83729677401088,138.65939561375563
geba1237,sino1245,-14.860566768792944,155.6773394446967
gela1263,aust1307,-13.834262020022653,138.6591378125935
nucl1302,kart1248,-13.496332132678123,163.3126354819472
ghad1239,afro1255,-5.92808905048007,102.61019404428312
ghan1242,aust1307,-13.837285051392954,138.6593991237538
ghar1239,aust1307,-13.836408943161915,138.6593549172763
gheg1238,indo1319,2.55297017146714,13.54634375100366
ghom1257,afro1255,-5.928089290183635,102.61020066473397
gida1247,afro1255,-2.5164830012996577,13.119669549833134
giiw1236,afro1255,-5.371458870778259,84.77694129017247
gilb1244,aust1307,-13.837296774010497,138.65939561375694
gira1247,nucl1709,-14.174592818158755,153.58780875436014
glav1244,afro1255,-5.928548212182067,102.6009980275481
gobu1238,atla1278,-10.487084326956902,139.3381345407211
ghod1238,nakh1245,-13.49696735546476,163.29541778273267
goem1240,afro1255,-2.5164092302321177,13.118923359541128
gofa1235,gong1255,-10.936258101823134,153.0573332016569
gogo1265,suki1244,-13.336487200778231,163.30108511479273
gola1255,atla1278,-10.486678907760044,139.33785234188235
pare1266,aust1305,-12.4105801497504,157.26661147025726
guah1255,guah1252,-13.34510919333373,163.3249721646429
gube1234,atla1278,-10.484671743524952,139.33129866126643
gude1246,afro1255,-5.928851941451732,102.62804853752957
guer1243,otom1299,-15.378809522657296,149.71367141144373
guhu1244,nucl1709,-14.1501689546331,153.58902381988463
guiq1238,sino1245,-14.844040935391885,155.6771102459516
gulf1241,afro1255,-6.248232705928935,111.39791814375832
guma1254,aust1307,-13.847211497882451,138.65835112441198
guny1241,pama1250,-14.898654840036505,155.73094340103262
gura1251,indo1319,-7.420744622293183,134.51844695951638
guro1248,mand1469,-14.88780480560191,154.03605977153794
guru1261,sino1245,-14.862983558197088,155.67722298239326
guru1271,afro1255,-5.928723960341877,102.62497483887488
gusi1247,atla1278,-10.487089433533187,139.3381038808396
kwam1249,koma1264,-13.076618132616602,163.23847305204808
gwen1239,atla1278,-10.484680726684068,139.3313225486454
gyel1242,atla1278,-10.461732150771084,139.32376939604498
haaa1252,atla1278,-10.487210195132327,139.33814669768546
hadi1240,afro1255,-5.928948523980903,102.62948765127672
hadz1240,hadz1240,-13.081423750956086,163.24019241972107
haka1240,sino1245,-14.86971160723824,155.67731317100225
hakk1236,sino1245,-14.86297304998996,155.6775484295161
halh1238,mong1349,-13.496508828338571,163.30783979402253
hali1244,aust1307,3.4953630564279563,27.94267904000762
halk1245,sali1255,-3.569915003114622,30.161713858558613
hame1242,sout2845,-13.077489006130596,163.240086132405
hang1263,nduu1242,2.244585268206299,10.780567679874338
hani1248,sino1245,-14.86298451768391,155.6775435137105
haro1237,aust1307,-14.0016674999761,140.0433310939221
haru1245,piaw1238,-13.33633467677888,163.29990199153596
hass1238,afro1255,-5.928084891946199,102.610079425528
remo1247,aust1307,-13.8372859185651,138.65939897791085
haus1257,afro1255,7.773255821266154,133.01594321943534
nige1253,atla1278,4.421962462533943,52.98254183163824
hawa1245,aust1307,-3.738726661780448,33.442393074654944
sabu1255,aust1307,-13.837285040656004,138.65939913448852
hehe1240,atla1278,-10.487089880881014,139.33810403674963
heil1246,waka1280,-13.652758067543104,163.3102226355617
here1253,atla1278,-10.487204349248683,139.33817760334202
hida1246,siou1252,-14.197511222982628,160.030480865918
high1278,utoa1244,-16.08294158278036,150.48248871229242
hind1269,indo1319,-7.420637510039082,134.5190951940259
hixk1239,cari1283,-13.345438662085344,163.31602730101238
hooo1248,aust1305,-12.401822038977672,157.26646835603742
hoav1238,aust1307,-3.761598572179407,33.99249087389512
ainu1240,ainu1252,-13.501017350504878,163.31353920457298
holo1240,atla1278,-10.487741511737193,139.3383732112572
hone1235,atla1278,-10.495802205489229,139.33523928775247
honi1244,sino1245,-14.862984660519004,155.67753821159795
hopi1249,utoa1244,-4.424175979539344,54.62001920245913
hote1245,aust1307,-13.83730735313638,138.65935565493044
hozo1236,maoo1243,3.791294798372342,36.09429441003952
hrus1242,hrus1242,-13.496297282310923,163.31359186570091
huuu1240,aust1305,-12.4019341063711,157.25837140363078
hual1241,quec1387,-13.345396790179835,163.31716245976455
huam1247,jiva1245,-13.345237697582595,163.32164397890864
huar1255,utoa1244,-16.087105607479856,150.4880027523853
huas1242,maya1287,-12.649855356380492,151.69619172253522
huba1236,afro1255,-5.928812052823719,102.62709547235924
huic1243,utoa1244,-16.0859538114586,150.4880359953786
hula1239,aust1307,-13.846036353999592,138.65931108989645
hula1244,afro1255,-6.247921671727792,111.3924384842154
huli1244,nucl1709,-14.1670052859412,153.58929862039895
humb1243,song1307,-13.693541746667078,159.8956110420428
hung1275,aust1305,-12.401816499675018,157.2664689334168
hung1274,ural1272,-4.013405870105268,42.057987073068986
hunz1247,nakh1245,-13.496983772244484,163.294387273541
hupd1244,nada1235,-13.340364402171236,163.32305765636906
wyan1247,iroq1247,-13.01036656694169,159.82380959314492
hyam1245,atla1278,-10.487479667175093,139.33828873172166
iaai1238,aust1307,-3.7387269134101166,33.44239888665771
iama1237,aust1307,-13.841485653698127,138.6559132366066
iatm1242,nduu1242,-10.88045156586535,158.8751320050657
ibal1244,aust1307,-13.837358136942584,138.6593376181163
iban1264,aust1307,-13.83246697794286,138.6589478968775
iban1267,aust1307,-13.842025666342176,138.65537248691746
ibat1238,aust1307,-13.835193649347008,138.6591833538923
ibib1240,atla1278,-10.487090641787889,139.33813322125158
icel1247,indo1319,6.214600812010757,113.33096669761235
idii1243,paho1240,-13.341053331943966,163.29986321132188
idom1241,atla1278,-10.48761834019623,139.33832951194466
idum1241,sino1245,-14.86351299063108,155.67751722292593
idun1242,aust1307,-3.738143001382821,33.42825891947115
nucl1417,atla1278,-10.524954301087227,139.32163452200933
ikkk1242,kuli1252,-13.086777427086243,163.23891955971484
ilaa1246,atla1278,-10.487088865398135,139.3381036942972
iliu1237,aust1307,-13.837285251375912,138.6593990852205
ilon1239,aust1307,2.0475681729559856,9.217988033403316
imba1240,quec1387,-13.3453964651044,163.31717967708644
ingr1248,ural1272,-14.86299654405908,155.69504842625656
ingu1240,nakh1245,-13.496967196476003,163.29542619389036
alba1269,aust1307,-13.846041908820968,138.65931093063767
iran1262,aust1307,-13.835420550281,138.65910112525498
iraq1241,afro1255,2.7402315387347453,15.611355554743568
irar1238,aust1307,-3.738138613939298,33.42815435177681
iray1237,aust1307,-13.83729077987285,138.6593980860227
iris1253,indo1319,6.214600812010757,113.33096669761235
irul1243,drav1251,-13.497354629856655,163.28494271912098
isco1239,pano1259,-13.34576578391192,163.3071683529797
isin1239,aust1307,-13.833660854792846,138.65734249852068
isir1237,kwer1242,-13.33625242064942,163.29997316376415
isna1241,aust1307,-13.832725236102185,138.65884296913066
isth1240,utoa1244,-16.07637668857758,150.48796743407323
isth1241,utoa1244,-16.082384236479268,150.48821944127997
ital1282,indo1319,6.214919419640283,113.3353774047696
ivat1242,aust1307,-13.832852465867427,138.65896665646704
iton1250,iton1250,-13.345109392130182,163.3249721327447
itza1241,maya1287,-12.65063989620702,151.6961053060951
iumi1238,hmon1336,-13.496614373772015,163.30498769936838
iwai1244,iwai1246,-13.541871372780058,163.35216146506806
iwal1237,aust1307,-13.83728957980601,138.65937962733497
iwam1256,sepi1257,-10.891600650499688,158.87139061235345
iyoo1238,nucl1709,-14.183111157091105,153.5896874052583
jahh1242,aust1305,-12.40182216533637,157.26646833852897
jalk1242,mand1469,-14.892520468872467,154.03560405248962
jamb1236,aust1307,-13.846040386229456,138.65931036102427
djam1255,mirn1241,-13.546266594390625,163.35159470809333
jams1239,dogo1299,-12.509734740270693,159.88243526655393
nucl1643,japo1237,-13.496519646436363,163.3078609540596
japh1234,sino1245,-14.862978619525247,155.67754715413693
jaqa1244,ayma1253,-13.345191517734348,163.32274477690362
jara1266,aust1307,-13.994855024162812,140.04227449436488
java1254,aust1307,-13.841963237731347,138.65541825596654
jede1239,aust1305,-12.401828002401716,157.26646370288967
jeha1242,aust1305,-12.40181677628279,157.2664657580625
jenn1240,drav1251,-13.497357156965888,163.28480557173245
jeru1240,sino1245,-14.862889592552982,155.67747407611463
jiba1237,atla1278,-3.1010098627831044,20.679487726399884
jina1244,afro1255,7.851173635346353,133.5021505890025
djin1251,mirn1241,-13.54627848865576,163.35159270507805
jita1239,atla1278,-3.1001039544723192,20.664898204294246
juan1238,aust1305,-12.401816873516772,157.26646888600135
jurm1239,cent2225,-14.174600634642584,157.42634545324617
kaba1281,cent2225,-14.17419502464124,157.42627334323905
kaba1278,abkh1242,-14.06120360552421,160.00963895859118
kaby1243,afro1255,-5.928089098631911,102.61019537712365
kach1284,gong1255,4.26441644840682,49.67288657857999
kada1242,drav1251,-13.497359789676638,163.28465564072755
cent2100,aust1307,-13.837297024329496,138.65939603785597
kado1242,sino1245,-14.86351836399169,155.67751306554092
kafa1242,gong1255,-10.93678133884561,153.0579018911434
kaga1256,aust1307,-13.846066035486894,138.6593080285254
kagu1239,atla1278,-10.486997863269773,139.33806835494178
kaik1246,sino1245,-14.86785585397056,155.67737361922372
kaki1249,kaki1249,-13.351471606695734,163.30151968942454
cacu1241,kaku1242,-13.345113434373758,163.32496031597833
kala1399,eski1264,-13.653376753017175,163.30769599646547
kala1388,aust1307,-13.724540145427472,138.6277971482379
kala1384,atla1278,-10.49068248520019,139.3398531602105
kali1308,sali1255,-13.104732313524323,151.99614275433095
kamm1249,atla1278,-10.491787037841226,139.3404515097774
kamb1316,afro1255,-5.933232965292927,102.744979087427
kamb1297,atla1278,-10.487089246511085,139.33810382440305
kamb1299,aust1307,-3.7387266668836703,33.4423931979031
kamu1260,kamu1264,-13.341058715782903,163.29986442651048
kana1286,aust1307,-13.837287943044991,138.65938753680837
kani1286,nucl1709,-14.179613557729438,153.58949766425326
kank1243,aust1307,-13.849343139979778,138.65324305806735
nucl1305,drav1251,-13.4973546298566,163.28494271912734
bidy1244,atla1278,-10.484681484566638,139.3313230380202
kaon1241,atla1278,-10.49179208715691,139.3404205117471
kapi1249,aust1307,-3.739872438205159,33.46988540984705
kara1482,cent2225,-14.174600412202686,157.4263516929196
kara1500,nucl1710,-13.3252583978155,157.17525384526718
kara1487,aust1307,-13.886566048396846,138.5950627721307
kara1486,aust1307,-13.848119273445986,138.64959477465626
kare1338,atla1278,-10.462981570319126,139.32461666990378
kare1335,ural1272,-14.862456710955309,155.6950795613119
kari1306,atla1278,-10.491786727218914,139.34045141271767
kari1311,tupi1275,-13.349058586157035,163.314914053085
karn1252,aust1307,-13.837291176570565,138.65935023825833
karo1304,karo1304,-13.652758094276168,163.31022264150445
kash1277,indo1319,-7.420632089329549,134.51903781386434
kask1239,atha1245,-13.65302967599804,163.3028657722055
newa1246,sino1245,-14.862975402943668,155.67754712016574
kats1235,sino1245,-14.862984188344862,155.67754357790542
kana1291,katu1274,-13.345109518535804,163.3249716130481
kava1241,aust1307,-13.837296575494092,138.6593963378595
kaya1315,sino1245,-14.860567804499109,155.67733854447877
keap1239,aust1307,-13.837286112670355,138.65939811034082
keda1252,aust1307,-13.837291758264504,138.65939719042322
kera1248,atla1278,4.421959935481779,52.98245551874146
keig1242,kadu1256,-13.081821715496869,163.24017615124748
kele1255,atla1278,-10.487083076224696,139.33813462711706
kele1258,aust1307,-13.842290916780838,138.65508008959725
kele1259,aust1307,-14.263387779725049,136.53353153450684
keme1240,atla1278,-10.486754476789727,139.31987418599155
keng1240,cent2225,-14.174600580640064,157.42634550218196
kens1248,aust1305,-12.401816246559331,157.26646887890564
kenu1236,nubi1251,-3.705118605977311,33.836091782587005
keoo1238,aust1307,-13.837297141184663,138.6593962093243
kera1255,afro1255,7.773265353079534,133.01593607307427
keri1250,aust1307,-13.837413427156084,138.65937734699494
kesa1244,nucl1709,-14.174361040023822,153.58980159464727
kett1243,yeni1252,-13.501023073447673,163.31353817011697
kgal1244,atla1278,-10.487089236984431,139.33810382116303
khak1248,turk1311,-13.496755782653084,163.30118775222468
khal1275,sino1245,-14.862977886087968,155.6775046508274
kham1282,sino1245,-14.84061043032728,155.6769521386442
khan1278,atla1278,-3.101012550163771,20.67952822522679
khan1274,aust1305,-12.401818930751418,157.26646868301373
khar1288,sino1245,-14.862980028830505,155.67748390169592
khar1287,aust1305,-12.401816779247424,157.26646857849175
khas1269,aust1305,-12.398266678055723,157.22938134163246
khez1235,sino1245,-14.862982986333888,155.67688471224636
khin1240,nakh1245,-13.49697853760035,163.29475465350998
khmu1256,aust1305,-12.401816174790888,157.26646896689198
guan1266,sino1245,-14.862984521289894,155.67754349203292
khum1248,sino1245,-14.862979874039787,155.6775005595304
khva1239,nakh1245,-13.496982363480772,163.2945791702194
kich1262,maya1287,-12.655947034815007,151.66127996063847
kiku1240,atla1278,-10.48708924620916,139.33810382422783
kile1243,tung1282,-13.49658015641447,163.3059161590375
kili1267,aust1307,-13.837285043193791,138.65939913224196
kimm1246,atla1278,-10.491418571385651,139.34023995994926
kima1246,kolo1268,-13.336374365502202,163.29889678229603
kimm1245,hmon1336,-13.496616095072556,163.30491353301724
kina1250,aust1307,2.0320463947471428,9.1190123828859
kinn1249,sino1245,-14.862893166091226,155.67753921607505
kiow1266,kiow1265,-13.648020145168257,163.30987440233088
kips1239,nilo1247,-14.562229295116795,155.537828417449
miju1243,sino1245,-14.862980407604322,155.67749947228322
koda1255,drav1251,-13.497354350562478,163.2849574926732
koho1244,aust1305,-12.401816499889154,157.26646893339395
koir1240,sino1245,-14.86056403243338,155.6772190888347
koit1244,koia1260,-13.340688328024871,163.29864888165025
koka1244,pama1250,-14.898654840048229,155.7309434010306
koko1269,aust1307,-3.7433089575643033,33.55228155647109
kola1285,aust1307,-13.83728504065591,138.659399134488
kolc1235,atla1278,4.421545525619171,52.96911113045948
komb1274,nucl1709,-14.169625721461642,153.5893653725535
komc1235,atla1278,-10.43693148667309,139.1675483460093
komi1270,sino1245,-14.86767936948487,155.67735345112925
komi1269,ural1272,-14.86245692415202,155.69507946322264
komi1268,ural1272,-14.863117625269094,155.6949834538732
komo1260,atla1278,-10.4870830762246,139.33813462711757
kona1242,east2433,-13.32716728662469,163.2986751634318
konk1267,indo1319,-7.421135967245976,134.52441457070367
kons1243,afro1255,2.7402590636981703,15.611691286065422
kony1248,sino1245,-14.858153985303195,155.67713873182225
konz1239,atla1278,-10.48721019518269,139.33814669741935
koor1239,gong1255,-10.939693560550788,153.05881581285712
kore1280,kore1284,-13.496296841970798,163.31359207080544
koro1298,atla1278,4.423860996779775,53.04354045392729
koro1313,sout2948,3.736396379175476,34.644554909225576
korr1238,drav1251,-13.497366542590129,163.28421690307775
kosa1249,nucl1709,-14.174355553110678,153.58980285015747
kosr1238,aust1307,-13.837285181480157,138.65939910910376
kota1263,drav1251,-13.497371715245356,163.28386670889307
koti1238,atla1278,-10.487089605458303,139.33810394454622
guan1269,tuca1253,-13.345235564860625,163.32161989290762
kove1237,aust1307,-13.837262055370962,138.65939317670336
koya1251,drav1251,-13.497354631594597,163.28494262746491
koyr1242,song1307,-13.693541746667876,159.89561104204296
koyr1240,song1307,-13.693542043443252,159.895621524766
koys1242,afro1255,-2.5570894634670105,13.546701678293289
gbay1288,kres1240,-13.081959342404453,163.23876391468872
ngeq1245,aust1305,-12.397074035985968,157.2657181441275
kryt1240,nakh1245,-13.496983434097,163.29446216718097
puoc1238,aust1305,-12.40181649979074,157.26646893302657
kuan1248,aust1307,-13.837308034304868,138.659152984718
kuan1247,atla1278,-10.484675840009071,139.33130943560104
kuii1252,drav1251,-13.497363777150118,163.28462289627498
kuik1246,cari1283,-13.345442226909574,163.31601404017422
kuku1280,pama1250,-14.898657658767725,155.73083802764614
kuku1273,pama1250,-14.907407053714696,155.73076195808744
kulo1237,aust1307,-13.837308822597493,138.65901131159524
kulu1253,sino1245,-14.86731933765761,155.67735877057206
kuma1280,nucl1709,-14.16941892208313,153.58940913141714
kumb1268,pama1250,-4.022739356826936,42.33895514510661
kumz1235,indo1319,-7.420744482520672,134.51844546305486
kuna1268,kuna1268,-13.081906417273322,163.24022651146527
kunb1251,gunw1250,-13.555045757236634,163.35165538396848
kuni1267,kuni1270,-13.336419078519778,163.297617253848
kunj1245,pama1250,-14.898655159766577,155.73094333858467
kuot1243,kuot1243,-13.355371012692103,163.29901272875165
kurr1243,pama1250,-14.893835835559592,155.73054285590746
kusa1251,aust1307,-3.7620450521117927,34.00227167014373
kusu1250,kusu1250,-13.49629684587241,163.31359206900717
kute1249,kute1249,-13.65275829308436,163.31022260735176
kute1248,atla1278,-10.487058085102596,139.33805355201076
kuvi1243,drav1251,-13.49735657905753,163.28495153245996
kuyy1240,aust1305,-12.397487570334787,157.26571899354724
kwai1243,aust1307,-3.7425036212739946,33.53304266869736
kwam1252,aust1307,-13.837316388096486,138.6588049608462
kwar1239,aust1307,-14.289762599978836,136.33222830638456
kwaz1243,kwaz1243,-13.345110308032304,163.32497198588527
kweg1241,surm1244,-13.054184008805862,163.23270635600963
nucl1595,kwer1242,-13.336333148157273,163.30001168874378
kwin1241,worr1236,-13.546266833695066,163.35159466196637
kwom1262,sepi1257,-10.841517558078724,158.840174546909
nucl1593,kwom1263,-13.321216699480711,163.3001736928089
kxoe1243,khoe1240,3.9090577804824456,39.17367680396437
kyer1238,sino1245,-14.86297355735736,155.67754763099296
laal1242,laal1242,2.261827404880636,10.921925589056713
labe1239,aust1307,-13.842011541206178,138.65537276609814
labu1248,aust1307,-13.868360405250243,138.62457785112065
labu1249,aust1307,-13.83729154390334,138.65939794537402
lach1248,taik1256,-13.49643878799125,163.30975107353842
lagw1237,afro1255,2.7402915348639585,15.612028051962454
zaye1235,sino1245,-14.867699677638557,155.6773604496715
lahu1253,sino1245,-14.863518432837449,155.67751034160275
lahu1252,sino1245,-14.863012407965911,155.67424706705185
laiy1246,aust1307,-13.834882748640917,138.65916999609357
lakk1252,nakh1245,-13.496967553061753,163.29541782595552
lala1268,aust1307,-13.83729113835033,138.6593977610792
lala1264,atla1278,-10.48708872331344,139.3381036463881
lama1277,aust1307,-13.837286968862983,138.659388847473
lamb1269,indo1319,-7.420632089329552,134.5190378138643
lamb1273,aust1307,-13.83728537029247,138.6593990710016
lame1260,aust1307,-3.37286351809029,25.40341653490077
hela1238,sino1245,-14.871162790894765,155.67737578284957
lamk1238,sino1245,-14.860568316768306,155.677311249037
lamo1244,aust1307,-13.837214540577264,138.65937854874272
land1256,atla1278,4.421962490961096,52.98254271134161
lang1320,atla1278,-10.4887563419208,139.3381996964854
lang1324,nilo1247,-3.928870582039084,39.58664927006913
lash1243,sino1245,-14.862973369693604,155.6775256728726
teke1275,atla1278,-10.48708307622453,139.33813462711754
latv1249,indo1319,-7.420744482536371,134.51844546299034
lauu1247,aust1307,-13.8391490027508,138.65786897985674
lave1248,aust1305,-12.397334644916466,157.26580674792868
lavu1241,lavu1241,3.7340291825020286,34.58303625164481
lazz1240,kart1248,-13.49633213267811,163.31263548194724
lega1250,atla1278,-10.490682414505166,139.3398531364395
lega1249,atla1278,-10.490682414505166,139.3398531364395
lele1267,aust1307,-14.1173186127941,137.63835983005652
lele1270,aust1307,-13.963819265794193,138.39507960511094
lemb1266,nucl1709,-14.174276211939969,153.58978346821772
leme1238,aust1307,-13.329826477758044,138.40580531642826
lena1238,aust1307,-13.837300387183529,138.65923703909567
lend1245,cent2225,-14.174600625831651,157.4263458363575
leng1259,aust1307,-13.83728540008436,138.65939725862728
lepc1244,sino1245,-14.86297313751596,155.67754570819685
lese1243,cent2225,-14.170597173024875,157.42582447321433
leti1246,aust1307,-13.818117008558758,138.65881319160366
lewo1242,aust1307,-13.563130510933036,138.52833343129672
lewo1244,aust1307,-13.840366820433426,138.6592569126855
lezg1247,nakh1245,-13.496967251809236,163.29542327565864
lian1251,sino1245,-14.8629791303576,155.6775265774308
libi1244,atla1278,-10.484694044535363,139.33125149949836
liby1240,afro1255,-5.932563046520304,102.7340408387063
lihi1237,aust1307,-13.837295102516665,138.65939082536056
liji1238,atla1278,-10.487479667422395,139.33828873179328
lill1248,sali1255,-3.5710258699264528,30.188765936129755
limb1266,sino1245,-14.862571573031378,155.67715819964087
nucl1327,limi1242,3.69112027220719,33.48405189845633
lipo1242,sino1245,-14.862973210207706,155.6775446261144
lish1245,afro1255,-6.244386228774029,111.30869418433812
lisu1250,sino1245,-14.86056794763715,155.67731333317622
lith1251,indo1319,-7.420744482536371,134.51844546299037
lito1235,atla1278,-10.488611669326326,139.33802831606937
livv1243,ural1272,-14.862457546378444,155.69507869978372
logo1259,cent2225,-14.17460069162852,157.42635163623785
balo1261,atla1278,-10.486383225596583,139.3361308315314
loka1252,atla1278,-10.487094581044994,139.33807166214805
araw1276,araw1281,3.955905443312629,40.36376080330764
lolo1259,sino1245,-14.871730861016545,155.6773620590715
loma1260,mand1469,-14.89139701481028,154.00009682994292
lomb1257,indo1319,6.214600593251033,113.3309609994989
chiq1248,chiq1253,3.733159813466103,34.56152244728932
acha1249,sino1245,-14.863376879930874,155.67717739291456
loni1238,aust1307,-3.73872787916656,33.442420017981135
lonw1238,aust1307,-13.838001459758248,138.65564126654712
lote1237,aust1307,-13.8372858986288,138.6593957080855
loth1237,sino1245,-14.862984237828606,155.67754176489987
lotu1250,aust1307,-13.838155893793353,138.65825664814977
louu1245,aust1307,-13.839430962828436,138.65761614101265
vano1237,aust1307,-13.84165033752272,138.6588714243576
lowl1260,tequ1244,-13.65275838080366,163.31022258834406
lowl1265,utoa1244,-4.424175854080359,54.62001485659718
lozi1239,atla1278,-10.487088652282347,139.33810362227013
luan1263,aust1307,-13.837825898053994,138.65932959793795
onto1237,aust1307,-3.738726661780471,33.44239307465472
lubu1243,aust1307,-13.840133263966246,138.65705561117443
luch1239,atla1278,-10.48708888948978,139.33810354191075
ludi1246,ural1272,-14.86717830964662,155.6948928674059
lugb1240,cent2225,-14.1685932628816,157.4260174574623
lugu1238,atla1278,4.420150761668189,52.924301542454856
lule1254,ural1272,-14.862462521893503,155.69507569351833
lumu1239,narr1279,-13.08162895250969,163.23553236769993
lund1271,aust1307,-13.842011320627826,138.65537292871187
luok1236,nilo1247,-14.56303139050588,155.53805931320468
luse1252,atla1278,4.421962745255576,52.98255075585303
lusi1240,aust1307,-13.837288813982225,138.6593729614382
luva1239,atla1278,-10.48708888948948,139.33810354191232
luya1241,atla1278,-10.487621209841407,139.33833059882164
maan1238,aust1307,-13.837296774010513,138.65939561375694
maas1239,atla1278,4.422211357077735,52.99032493543572
maba1270,atla1278,4.421962535393827,52.98254414842336
maba1277,maba1274,-3.8241748002483194,36.81244705619133
mace1250,indo1319,6.214600063093312,113.3309472342349
maco1239,sali1297,-13.34510919333373,163.3249721646429
macu1260,tuca1253,-13.345232329988068,163.32163141653456
mada1285,aust1307,-3.738723705082475,33.44232081612955
madi1260,cent2225,-14.174600340932786,157.4263517070301
jama1261,araw1282,-13.345151403349137,163.32384103541128
madn1237,east2374,-13.546210357914449,163.35341759474795
maga1260,indo1319,-7.42063208932955,134.51903781386426
magd1235,otom1299,-15.3789809634609,149.7139219319114
magu1243,aust1307,3.489466303650328,27.81910825251461
maia1254,nucl1709,-14.174409338008225,153.58944977953195
mail1248,mail1249,-13.336297845532505,163.30113772956113
mais1250,aust1307,-13.837285273845438,138.65939907922066
mait1250,indo1319,-7.420632155133005,134.5190384884104
maja1242,surm1244,-13.040891332298813,163.22830016287216
maka1304,atla1278,-10.485748049992308,139.3316960995122
makc1235,taik1256,-13.496438269349154,163.30975173819587
makh1264,atla1278,-10.487089474283598,139.33810389971617
makh1266,atla1278,-10.487089474283598,139.33810389971617
mako1251,atla1278,-10.487083076222609,139.3381346271169
mala1463,drav1251,-13.49735462985752,163.28494271907346
mala1534,aust1307,3.491241379318548,27.85627697911042
mala1464,drav1251,-13.497354350569688,163.28495749229324
mala1522,chib1249,-13.892026098565086,160.22457204547683
male1297,chib1249,-3.826787910162727,37.06011860095964
male1289,aust1307,-13.837286178917436,138.65939456838353
malg1251,afro1255,-5.928087089156046,102.61013360804972
malt1254,afro1255,-6.227205350163948,110.89623737395584
malu1245,aust1307,-13.837798511650108,138.6537881780361
sauk1252,nucl1709,-14.180910264437577,153.589384514765
mama1275,aust1307,-13.837296575195474,138.6593963388999
mamb1306,aust1307,-3.738726867839984,33.44239805180729
mamb1294,atla1278,-10.517734879320685,139.34620489405788
mamb1296,atla1278,-10.48708879437465,139.3381036703477
mamv1243,cent2225,-14.174600673743509,157.42635164683728
mana1298,nduu1242,-10.841524062899463,158.73041317441732
mana1288,sino1245,-14.862978528185764,155.67754450142024
payn1244,nucl1709,-14.17514082740492,153.57929252024832
mand1423,atla1278,-10.487619062311014,139.33832855439482
mand1440,aust1307,3.4912411692565573,27.856272303984383
mand1415,sino1245,-14.867320568093056,155.67737840291733
mand1436,mand1469,-14.887811047878712,154.03606032106697
mang1378,aust1305,-12.39936511792794,157.26590831433754
rapa1245,aust1307,-13.818116974706406,138.6588136052676
mang1401,aust1307,-13.837290708549697,138.65939809916188
penr1237,aust1307,-13.837285040655004,138.6593991344911
mang1381,mang1423,-13.546205260559258,163.35341893777897
mang1394,cent2225,-14.17460062928904,157.42634567789784
mang1404,aust1307,-13.837334149783224,138.6589792507466
mang1405,aust1307,-13.83253868142324,138.65911038221788
mang1403,aust1307,-13.813739496664509,138.65387323403203
tong1308,aust1305,-12.40181628198568,157.26646895586182
manm1238,aust1305,-12.401933837278625,157.25837350706163
mann1248,mand1469,-14.888344432496933,154.03589413727877
mans1262,aust1307,-13.837296937916523,138.6593954953921
mans1260,hata1242,-13.34092761745949,163.30096528812933
maor1246,aust1307,-3.738728088361015,33.44242748761238
mapo1242,aust1307,-13.838204117682722,138.65856734854538
mapu1245,arau1255,-13.34510919333373,163.3249721646429
mara1382,sino1245,-14.862978470542982,155.67754660155887
mara1399,aust1307,-13.848273605531642,138.6472082547698
mara1379,sino1245,-14.862986918850254,155.67743519646314
mara1404,aust1307,-13.829935142849743,138.6588773131644
mara1386,west2434,-12.78976228698075,158.33305113602975
mara1396,tama1329,-13.092364864323184,163.24026836693938
mara1378,indo1319,-7.420632089329552,134.51903781386426
marg1253,pama1250,-14.89264741695359,155.7306562966851
marg1265,afro1255,-5.928086115884237,102.61010876002196
mari1440,coch1271,-13.653150390573948,163.31017244151752
mari1428,aust1307,-13.832584470111266,138.65894259469368
nucl1622,anim1240,-13.34102328974846,163.30098446981933
mari1416,sino1245,-14.8677079499601,155.67724287094762
mari1424,west2434,-12.91989230613438,159.9172555320713
maro1244,aust1307,-3.741402432964256,33.50626318998192
mars1254,aust1307,3.4912437793068363,27.85632740240493
mart1255,pama1250,-14.898654861112568,155.7309433967676
maru1249,sino1245,-14.871724654650365,155.677367728478
maru1252,pano1259,-13.345765783822578,163.30716835769158
masa1322,afro1255,7.767277898668601,132.97088130348524
masb1238,aust1307,-3.7387287533545313,33.44244282125007
matb1237,aust1307,-13.837285040655004,138.65939913449114
kemb1249,aust1307,-13.837296945513083,138.65939609368098
mati1250,aust1307,-13.841977153932978,138.65534278921172
mato1252,aust1307,-3.73872849748112,33.442436151787206
mats1244,pano1259,-13.345765783822578,163.30716835769158
matu1261,aust1307,-13.837295470738647,138.65939912658703
matu1259,atla1278,4.420148520490601,52.9242245301659
maun1240,iwai1246,-13.5529695842573,163.3524919893347
maxa1247,nucl1710,-13.330671773961113,157.2227038165052
maya1285,misu1242,-13.652818692537894,163.30857456130408
maib1239,mayb1237,-13.336206874353644,163.30111696931428
mayo1261,atla1278,-10.481638000142151,139.3348490216027
maza1304,afro1255,-5.929601735593566,102.64646954669088
mbaa1245,atla1278,-10.463630474205049,139.32498189799668
mban1263,atla1278,-10.486679303717308,139.3378524738573
mbar1260,afro1255,-5.9280993341924,102.61041971472444
mbay1241,cent2225,-3.823375448627349,36.79299670671108
mboc1235,atla1278,-10.48711625710363,139.33792514642727
mbug1242,atla1278,-10.487086846975169,139.33810267935243
mbul1263,aust1307,-13.837290630978847,138.65935029440527
mbya1239,tupi1275,-13.345484867817136,163.3149578658129
meen1242,surm1244,-13.05418412709846,163.23270625772923
mehe1243,sepi1257,2.2449459622135546,10.78344819411339
meke1243,aust1307,-13.850747381580469,138.65529134758512
mele1250,aust1307,-3.738735672285417,33.442590974737726
melo1242,gong1255,-10.936253726495234,153.05748359724348
melp1238,nucl1709,-14.178992582955894,153.58955096240203
mend1266,mand1469,-14.887804863584382,154.03606214157705
mere1242,aust1307,3.491257230542929,27.85660713985351
meru1245,atla1278,-10.487089065343367,139.33810355593667
mesc1238,atha1245,-13.65302967599804,163.3028657722055
meta1238,atla1278,4.422241126242925,52.99125652413776
mezo1235,otom1299,-4.174293159168654,46.372282623321226
mezq1235,otom1299,-4.175305647396829,46.40099593567956
mich1245,utoa1244,-16.084790869184896,150.46329900684623
midd1327,aust1307,-13.837288442690197,138.6593942827495
mids1243,atla1278,-10.487089119485177,139.3381037810448
mika1239,musk1252,-13.653946223255362,163.30683149656485
mikm1235,algi1248,-13.015513693323957,159.87069032596878
mila1245,sino1245,-4.01355820419942,42.06098373429639
mina1276,afro1255,-5.964684820462189,103.59280051567868
mina1268,aust1307,-13.813099307498094,138.65419764990202
mini1256,huit1251,-13.345150567444676,163.3238411690077
mini1251,aust1307,-13.832566552175004,138.65879319504913
minn1241,sino1245,-14.867320568093056,155.67737840291733
miri1266,jarr1235,-13.52674799325788,163.35249459194196
misi1243,aust1307,-13.841913625422354,138.6591747668494
misk1235,misu1242,-13.652818453448596,163.3085872190021
mixt1426,otom1299,-15.379659631539823,149.7148437770766
miya1266,afro1255,2.7402320445969206,15.6113613496089
miya1259,japo1237,-13.500865724470083,163.30779732656725
lush1249,sino1245,-14.861646907434572,155.67727921989515
mlab1235,aust1305,-12.39941167968122,157.26604169057566
moba1244,atla1278,-10.48708385725562,139.33813488274785
moch1257,maya1287,-12.648863933449537,151.6891835166412
moco1246,guai1249,-13.345150846875054,163.323841124592
mode1248,indo1319,6.214600700574212,113.33096384782488
hebr1245,afro1255,-6.241597473530208,111.23531780876948
moha1258,iroq1247,3.669317441126658,32.93331515631965
moii1235,west1493,-13.3362916330937,163.30113870723974
moke1242,aust1307,-13.992370332589791,140.04221984407232
moki1238,aust1307,-3.738726661780643,33.44239307465364
mokl1243,aust1307,-13.997321117870992,140.04250064499445
mokp1239,atla1278,-10.485694298670882,139.33675559226623
moks1248,ural1272,-4.013405891074156,42.05798769011007
molo1266,afro1255,-5.948775073407335,103.0146017151931
nucl1452,momb1255,-13.336419552498414,163.30111908471815
fass1245,baib1250,-13.33629155431209,163.30113864468288
mong1338,atla1278,-10.487083076224602,139.33813462711754
mono1270,atla1278,-10.487089238626794,139.3381033092468
mono1275,utoa1244,-16.084790800617153,150.4632990186561
nucl1458,monu1249,-13.331478162845729,163.30055173168412
monz1249,atla1278,-3.1017266736575486,20.691029494780334
more1259,utoa1244,-16.092019353592292,150.38634833623456
morm1235,aust1307,-13.83729085787635,138.659399135809
moro1287,aust1307,-13.83729103359741,138.659398039245
mort1237,aust1307,-13.837285040655006,138.65939913449114
mose1249,mose1249,-13.345110353796183,163.32497147911323
temb1272,atla1278,-10.487068085346277,139.33809305988274
motu1246,aust1307,-13.837285297152189,138.65939905682103
mouk1239,aust1307,-13.837289150317613,138.65936924691349
moun1252,koia1260,-13.336358350952723,163.29688598233017
movi1243,movi1243,3.733159813370257,34.56152244476718
tang1347,aust1307,-13.825573195260436,138.6531777493881
moyo1238,sino1245,-14.86352177541328,155.67737259988738
mpad1242,afro1255,7.773255193837054,133.0159404899378
mpii1239,sino1245,-14.850649743149628,155.677330495261
mpot1240,atla1278,-10.487083468523018,139.33813475903338
mpur1239,mpur1239,-13.33630324027685,163.3011367823668
mual1241,aust1307,-13.832345858718927,138.65910329164984
mudu1242,aust1307,-13.837285368779032,138.65939903636897
mudu1239,drav1251,-13.497359928478188,163.2846481092046
mull1237,nort1547,-13.554948002915108,163.35347190906927
nucl1240,atla1278,-10.482674964898363,139.3351062996602
munc1235,sino1245,-14.862984260898717,155.67754089133834
mund1328,atla1278,4.6099939710196525,57.233498826516055
mund1325,atla1278,-3.101208942625128,20.68269412441603
mund1320,aust1305,-12.401816499675014,157.26646893341692
abar1238,atla1278,4.610158730327874,57.238400408706525
murl1244,surm1244,-13.077405590374807,163.23424442110516
muru1274,huit1251,-13.345150567444591,163.3238411690078
muru1266,pama1250,-14.901061337856651,155.7307884754943
musg1254,afro1255,-5.928100965523802,102.61046250018936
muso1238,aust1307,-3.738727646300272,33.44241640152029
muth1236,drav1251,-13.497354629903755,163.28494271656083
mwag1236,afro1255,-5.932710806071167,102.71283472734416
mwan1250,mand1469,-14.888347604933752,154.03577189287887
mwan1247,atla1278,-10.487942228547908,139.33847728893494
mwer1248,atla1278,-10.487088850708757,139.33810368987437
motl1237,aust1307,-13.833032524858565,138.65829039312234
sout2857,aust1307,-13.868885759169062,138.62635880574763
nali1244,aust1307,-3.7388575750207056,33.44555639570905
nama1268,aust1307,-13.859666714760175,138.63701574482673
litz1237,aust1307,-13.938986584173836,138.47228971083155
namb1293,more1255,-13.330921542902225,163.29784775207696
namu1246,sino1245,-14.862984318986848,155.67754615530623
nana1257,tung1282,-13.481503459637684,163.30418879405343
nand1266,nilo1247,-14.566647106954978,155.49700509974505
nara1262,nara1262,-13.081862871087298,163.24022421494254
naro1251,aust1307,-13.852472906097496,138.65942024367655
yong1270,sino1245,-14.862984283775877,155.67754027279543
naru1238,pama1250,-14.898654929902472,155.7309407980794
nati1244,aust1307,-13.901420684653791,138.5835481145299
natu1246,aust1307,-13.83728648097618,138.65939797513073
naue1237,aust1307,-13.837296452318638,138.65939703483895
naur1243,aust1307,2.0320471950877224,9.119017638069522
nava1243,atha1245,-13.653029675998518,163.30286577220537
nawu1242,atla1278,-10.49180230985862,139.3404211042379
naxi1245,sino1245,-14.862984196208515,155.67754357559227
ncan1245,atla1278,-10.460293597857698,139.30345498345082
ndam1239,atla1278,-10.4870832888358,139.3381346805208
nden1248,atla1278,-10.489382385323058,139.33364704360335
ndog1248,atla1278,-10.48762140959592,139.3383306667349
ndom1245,kolo1268,-13.341932461034196,163.29891328041032
ndun1249,atla1278,-10.463630394173986,139.32498167618684
nege1240,aust1307,-13.997315254162457,140.04250240358135
negi1245,tung1282,-13.496580156388372,163.30591615904189
neha1247,aust1307,3.4912437850675637,27.856327522276302
kuma1276,aust1307,2.032094317059821,9.119323881657436
nenn1238,more1255,-13.33205143266312,163.29803557468878
nend1239,nucl1709,-14.175655757997156,153.57843858879758
neng1238,aust1307,-13.813750656868184,138.65387308311276
nucl1706,afro1255,-6.2479215345673085,111.39243499306292
nepa1254,indo1319,-7.420644202570666,134.51881346556345
nese1235,aust1307,-13.84645406610008,138.65370388990894
vinm1237,aust1307,-14.461775690515127,134.2024756304712
ling1265,aust1307,-14.454551118548274,134.30619475228158
nezp1238,saha1239,-13.652703043929575,163.30937307329577
ngaa1240,pama1250,-14.89865481898798,155.73094340513984
ngab1239,chib1249,-14.214331097200526,160.02392435884238
ngal1292,gunw1250,-13.550580776807818,163.3514674982877
ngam1268,cent2225,-14.174279123580869,157.42540212637843
ngan1291,ural1272,-14.862462658839506,155.69507809675932
ngar1235,pama1250,-14.898654840065657,155.73094340101102
ngar1284,worr1236,-13.546266793406229,163.3515946687766
ngar1283,mirn1241,-13.546267246213851,163.35159459790015
ngas1240,afro1255,-5.930381751903597,102.67351360743142
ngba1284,atla1278,-10.500490764601157,139.3375354954373
ngba1285,atla1278,-3.101017333180726,20.67960706425913
ngit1239,cent2225,-14.174600627207946,157.4263458362255
wang1291,pama1250,-4.024128592312206,42.38043954906088
ngom1268,atla1278,-10.487088868857684,139.33810367283667
nhan1238,pama1250,-14.89865481898798,155.73094340513984
nhen1239,tupi1275,-13.345478690220878,163.31494169535424
niha1238,niha1238,-13.496296841970798,163.31359207080544
nila1242,atla1278,-10.487089048075651,139.3381037545377
nucl1633,nimb1257,-13.336292258696492,163.3011384386903
labo1244,aust1307,-13.923877197677498,138.52422490795377
nisg1240,tsim1258,-13.65275836023955,163.31022259582326
niua1240,aust1307,-13.837285040655006,138.6593991344911
niva1238,mata1289,3.733159744064638,34.56152061884586
njan1240,atla1278,-10.496753477319622,139.33489099798635
nkon1248,atla1278,-10.282296226699014,137.99141883431156
noct1238,sino1245,-14.844041077888596,155.67710484922955
noku1237,aust1307,3.4912573655716552,27.85661008547652
noma1260,atla1278,-10.481166077154098,139.33439268527644
noon1242,atla1278,4.421962450326862,52.98254143793525
noon1243,atla1278,-10.407748084678564,139.05648977494323
nopa1235,otom1299,-15.378580690362863,149.71498073057558
nort2839,aust1307,-13.837477323502036,138.65907981266434
nort2697,turk1311,-13.496761453046398,163.30118679088432
darg1241,nakh1245,-13.4969672076862,163.29542560080006
nort2930,kiwa1251,-13.33641956800837,163.30111906210124
nort2836,aust1307,-13.95665205189444,138.4187585758071
nort2724,sino1245,-14.86297278163073,155.67754848172032
nort2972,choc1280,-13.345273693895932,163.32050098250943
nort2702,drav1251,-13.500964434109726,163.2837705866535
gumu1244,gumu1250,-13.077240912383491,163.23870560613886
nort2938,haid1248,-13.653333856951752,163.30934113600392
sing1264,sino1245,-14.8629785950915,155.6775418773858
nort2877,aust1307,-13.996006868324548,138.3118742108634
nort2684,aust1305,-12.401816499888426,157.26646893339404
lush1252,sali1255,3.6475224063190255,31.98179945477608
nort2774,atla1278,-10.487089479306992,139.3381035217385
nort2954,utoa1244,-4.424175854079032,54.62001485656582
nort2723,sino1245,-14.862984535540228,155.67754083584651
nort2747,hmon1336,-13.496614648041652,163.30497290896074
nort2722,sino1245,-14.863517891680871,155.67751511603458
nort2885,aust1307,-13.830279032587567,138.6541508018451
nort2959,utoa1244,-16.082384315249623,150.48821915446064
tosk1239,indo1319,6.226146763920727,113.60793835361852
nort2732,sino1245,-14.862888218440762,155.6775375001936
nort2690,turk1311,-13.496755477124667,163.3011887783879
yoku1256,yoku1255,-13.640437528230636,163.30957306807545
nort2745,yuka1259,-13.496296841970798,163.31359207080544
nort3047,afro1255,-5.950332872270884,103.0629986949177
nort2980,quec1387,-13.345396790180173,163.31716245976443
nort3139,afro1255,-6.251469295172978,111.47585873219768
nort2845,aust1307,-13.837285040655006,138.65939913449114
nort2671,ural1272,-14.86245685104046,155.6950794791631
nort2942,atha1245,-13.648292832485058,163.30250870838074
nort2699,drav1251,-13.49735464390024,163.2849419731935
nort2961,algi1248,-13.01613909358394,159.8706409746381
nort2775,atla1278,-10.495802456238916,139.33523948010853
yaki1237,saha1239,-13.652703043929552,163.3093730732958
nots1237,aust1307,-13.83837110440926,138.65766808120196
nsen1242,atla1278,-10.487083076224602,139.33813462711757
nuer1246,nilo1247,-14.57139069878442,155.53760127140922
nugu1242,atla1278,-10.487390694504455,139.33460652828091
nukn1238,nucl1709,-14.293939616262207,153.4648638695311
nuku1260,aust1307,-3.737572767930242,33.41446012004624
nung1282,sino1245,-14.862973139828297,155.6775456215356
nupe1254,atla1278,-10.487088903841254,139.33810370771354
nusu1239,sino1245,-14.87172539007822,155.67734134614415
nyah1250,aust1305,-12.401816499675014,157.26646893341692
nyak1260,atla1278,-10.487088736983598,139.33810351202007
nyal1250,atla1278,-10.48708892127124,139.33810371527326
nyam1285,afro1255,-5.928085893449669,102.6101072138682
nyan1307,atla1278,-10.48708320328902,139.33813467048347
nyat1246,atla1278,-10.487089023168082,139.338103740182
nyig1240,nyul1248,-13.54621801209281,163.35207168764074
nyis1236,sino1245,-14.862962652953476,155.67685989809388
nyor1246,atla1278,-10.48708901920536,139.33810374641126
nzad1234,atla1278,-10.487088652252549,139.33810362242758
nzak1246,atla1278,-10.462990254695049,139.3246212106454
nzak1247,atla1278,-10.48708904843023,139.33810375705005
obok1239,lake1255,-13.336263846911628,163.29912061780178
occi1239,indo1319,6.214600812010788,113.33096669760926
oriy1255,indo1319,-7.396681594555524,134.2580665497174
ofay1240,nucl1710,-13.330671773961113,157.2227038165052
kalm1243,mong1349,-13.496508548805814,163.3078545930749
okan1243,sali1255,-13.085281258344356,151.99500166571028
okin1246,japo1237,-13.496520252252663,163.30784617747676
oksa1245,nucl1709,-14.13600694313682,153.3725896689347
okuu1243,atla1278,4.458570162770504,54.08702369915231
oloo1241,nucl1708,-12.738038825654195,159.9013861522347
omah1247,siou1252,-3.830540416491264,37.16342685803859
omie1241,koia1260,-13.340688730356806,163.29864904371078
bira1253,bira1253,-13.072423612704194,163.1889990845814
onon1246,iroq1247,-13.015416982031068,159.87669025863315
orma1241,afro1255,2.7402315615018207,15.611355858890306
oroc1248,tung1282,-13.496579548837538,163.30593101089858
oroh1237,aust1307,-3.768990650472182,34.16451210503877
orok1265,tung1282,-13.496579828350455,163.30591621397215
orok1269,nucl1709,-14.17249173833375,153.58950559382723
orok1266,atla1278,-10.486974457149136,139.33799297181366
orok1267,nucl1580,-13.349792598051373,163.29998346892387
orow1242,aust1307,-13.838174536048534,138.65867759890943
osam1235,atla1278,-10.487083681652948,139.33813483142023
otta1242,algi1248,-13.01551348097546,159.87069035757722
owaa1237,aust1307,2.0320471950852284,9.119017638070517
paaa1242,afro1255,7.773824615326461,133.01971336002055
paam1238,aust1307,-13.928422549066235,138.42619209897916
paas1238,atla1278,-10.491793970540906,139.34041535867
paco1243,aust1305,-12.401816315799593,157.26646894938048
pagi1243,atla1278,-10.487083341177373,139.3381343409251
pagu1249,nort2923,-13.34524852915798,163.2956341308264
pahn1237,hmon1336,-13.496616171972724,163.30491402389077
pait1244,sino1245,-14.862982099980805,155.67739392346306
pala1344,aust1307,-13.829293355999114,138.6589286109786
balu1257,aust1307,-13.83732718709746,138.65935570453615
pamb1243,atla1278,-10.487083076270135,139.33813462708486
pamo1252,aust1307,-13.832555614780189,138.65894996116614
pamp1243,aust1307,-3.738706336071701,33.441900231827816
pana1307,nucl1710,-13.330671773961113,157.2227038165052
enap1235,cari1283,-13.345438662085344,163.31602730101238
pang1290,aust1307,-3.7381400328670105,33.428188570438834
pang1291,aust1307,-13.83728589095418,138.65939898883806
pang1287,atla1278,-10.487083401998111,139.33813352166175
pano1254,pano1259,-13.345766619111906,163.30716822281735
pany1241,pama1250,-14.884215196741971,155.7301693658584
papa1265,aust1307,3.4913380311294038,27.858284857383552
papa1268,aust1307,-13.842033812723392,138.65479956088794
para1302,sino1245,-14.862978500021876,155.67754549160583
pare1272,araw1281,-11.896513782373283,155.45446120466534
pate1247,aust1307,-13.837375111910172,138.65893573910606
patp1243,aust1307,-3.738728371438567,33.4424342804962
patt1248,sino1245,-14.86297340540984,155.67754835449543
paul1238,aust1307,-13.837297618644504,138.65939163926825
pawa1255,pawa1255,-13.310486672610482,163.29937051095516
pech1241,chib1249,-14.199710031171232,160.02394812308447
peer1241,atla1278,-10.487083182181058,139.33813461701394
pela1242,sino1245,-14.862979278213867,155.6775336163182
pemo1248,cari1283,-13.345438662085344,163.31602730101238
pend1242,aust1307,-13.83489185125555,138.65916876828084
peng1244,drav1251,-13.497362365518278,163.2846275948357
peri1253,mong1349,-13.496508828338571,163.30783979402253
phom1236,sino1245,-14.86056167368854,155.67732562388312
phon1246,aust1305,-12.406534779981422,157.2667140617954
pich1237,araw1281,-11.900875410438433,155.4553143839082
pila1245,guai1249,-13.345150846875054,163.323841124592
pina1252,piaw1238,-13.34511415547984,163.3000090081358
ping1243,aust1307,-13.832466409013271,138.65894861861227
pint1250,pama1250,-14.89865481898798,155.73094340513984
pipi1250,utoa1244,-16.08238422537745,150.48821974316047
pite1240,ural1272,-14.862462521893503,155.69507569351833
plai1258,algi1248,-13.01613650626867,159.87064110206836
pnar1238,aust1305,3.819270113695169,36.67682469145503
pohn1238,aust1307,-13.846036104081373,138.65931200108398
poko1263,nilo1247,-3.92747584578006,39.54706977254493
poli1260,indo1319,-7.420638551862415,134.51910622219367
popt1235,maya1287,2.11646209197351,9.757441510521687
port1283,indo1319,6.214596356532607,113.33085275631774
pott1240,drav1251,-13.497359516847553,163.2849313241385
phai1238,aust1305,-12.40653528319428,157.2667135434777
pras1239,indo1319,-7.420558993060581,134.51824110259588
psik1239,afro1255,-5.93373212912362,102.76341719544534
puka1242,aust1307,-3.738726661780522,33.442393074654035
pula1263,atla1278,4.422887393269875,53.01145208004846
pula1262,atla1278,4.422887393269832,53.01145208004793
pulu1242,aust1307,-13.837285040655006,138.65939913449114
puma1239,sino1245,-14.867700620684326,155.677339726785
pume1238,pume1238,3.7331595658149146,34.561515980846764
pura1257,pura1257,-13.345046991184308,163.30126064317088
pure1242,tara1323,-3.8294516498962894,37.13359281798759
puri1258,sino1245,-4.0135577647861655,42.06097065658432
qanj1241,maya1287,-3.475639773555278,28.05714967603822
qawa1238,kawe1237,-13.34510919333373,163.3249721646429
qima1242,afro1255,-5.931550420215503,102.70600459851704
quer1236,otom1299,-4.175305287049818,46.40098570745639
quio1240,otom1299,-15.378615310990304,149.7146841959324
rabh1238,sino1245,-14.860566750036549,155.6773394942005
rade1240,aust1307,-13.99249145439941,140.04206134068937
raji1240,sino1245,-14.862972980736672,155.6775484328564
rama1270,chib1249,-14.19210750932167,159.97262060159454
rapa1244,aust1307,-13.837285040655006,138.6593991344911
rapo1238,nort2933,-13.18112020657702,163.21613469345965
rata1244,aust1307,-13.836885321771684,138.65932605961729
raut1239,sino1245,-14.878156534059482,155.67755814834376
reja1241,aust1307,-13.837418167677743,138.65937591792613
remb1250,aust1307,-13.837297141255062,138.6593962090818
reng1252,aust1305,-12.401817040012691,157.2664559662364
renn1242,aust1307,-3.738726661780472,33.44239307465429
reye1240,pano1259,-13.345766108829975,163.30715115103075
rian1263,kolo1268,-13.336373901469518,163.29890173599787
rikb1245,nucl1710,3.5982067977814243,31.06878768000405
beka1241,aust1307,-13.8372967740329,138.65939561367983
roma1326,indo1319,6.214176552015287,113.32014738055216
romb1245,aust1307,-13.850747269669526,138.65529139647938
ronn1241,afro1255,-5.932905387251107,102.71736841694717
rong1266,sino1245,-14.862973062539233,155.6775378586198
rong1264,sino1245,-14.862973011192995,155.67754843474484
roto1249,nort2933,-13.13260950880649,163.0508768040526
rotu1241,aust1307,-3.738726661780307,33.442393074655456
rovi1238,aust1307,-3.765830748616131,34.09353685259734
ruch1235,aust1305,-12.406450590314716,157.26669875874353
ruka1240,aust1307,-13.839598344187912,138.65514778351397
ruma1248,aust1305,-12.40181638502786,157.26646847810235
rumu1243,tura1263,-13.336206875926829,163.30111696704037
rung1258,maba1274,-3.824174800248327,36.812447056191104
rung1259,aust1307,-13.837297411914818,138.65939618037754
russ1264,mong1349,-13.496508548805814,163.3078545930749
russ1263,indo1319,-7.42063208932955,134.51903781386423
rutu1240,nakh1245,-13.497506279360277,163.29544129126413
saaa1241,aust1307,-13.837324643118054,138.65850199110895
saaa1240,aust1307,-3.768990656448031,34.16451225060729
saam1283,atla1278,-10.487083276582585,139.33813468264498
saar1237,aust1307,-13.83728742817617,138.6593876188067
saba1267,aust1307,-13.839594400123492,138.65514035626524
saba1268,namb1299,-13.345150616767372,163.32384109394806
saga1262,atla1278,4.421960243081111,52.982465444642216
sais1237,aust1307,-13.839598342163914,138.65514779047987
yaku1245,turk1311,-13.500364702968897,163.30000155414405
saki1247,aust1307,-13.837296575458364,138.6593963379816
tsis1238,atla1278,-3.100631844630317,20.67327510461004
samb1311,atla1278,-10.48731026658854,139.33518147920302
samb1305,atla1278,-10.487426968842383,139.33525545072314
samo1305,aust1307,-3.738627848490653,33.43999820097903
wara1292,atla1278,-10.487034237784052,139.33794875886008
sana1295,afro1255,-6.247921315656876,111.3924298177829
sanb1241,otom1299,-15.383841265502872,149.71461772136814
sanb1242,chib1249,-13.892026256956758,160.22458580110882
sand1273,sand1273,3.7912273893526103,36.09262261350523
sand1278,huav1256,-13.640436834112634,163.30957305239892
sang1331,atla1278,-10.491792087156911,139.34042051174708
sani1269,sino1245,-14.858968489171998,155.67722608295057
sanm1289,quec1387,-13.345396465057298,163.31717967930362
sanm1295,otom1299,-15.377966325057008,149.71025200766428
sant1410,aust1305,-12.39941194336333,157.26604170150347
sant1451,otom1299,-15.379120035564426,149.71491925348204
sant1436,otom1299,-15.38240452821312,149.68849067204064
sanu1240,yano1268,-3.761022130195851,35.29129917802064
sapo1253,aust1307,3.4950366950748406,27.935249224707576
sapu1248,aust1305,-12.411407093691114,157.26690354847645
sara1321,cent2225,-14.178946318571413,157.3811362368087
sara1327,aust1307,-13.837297103774928,138.65939551142043
sars1236,atha1245,-13.65302967599804,163.3028657722055
sasa1249,aust1307,-13.83729664651714,138.6593963257613
sata1237,aust1307,-3.738728132138456,33.442428583267144
saur1249,drav1251,-13.497355992352606,163.28494123465384
savo1255,savo1255,3.735033929070587,34.60917223474576
seda1262,aust1305,-12.40181691690344,157.26645598625947
seim1238,aust1307,-13.837297103840488,138.6593955114352
seke1241,aust1307,-13.83738277349605,138.6535219154734
sekp1241,atla1278,4.451337568533749,53.890708792315536
sela1259,aust1307,-3.738726864220267,33.442397963731736
sela1260,aust1307,-13.837296622878224,138.65939617235423
sele1249,atla1278,4.566561964533038,56.85516203187672
selk1253,ural1272,-14.862462450602523,155.6950757622649
sema1265,aust1305,-12.399411469734188,157.26604210465374
seme1247,aust1305,-12.406433287567468,157.2667315003769
sene1264,iroq1247,-13.015417605916715,159.87669016668949
seng1281,aust1307,2.032047181486698,9.119017545741798
nucl1632,sent1261,-13.336291502838591,163.30113855964757
sout1528,indo1319,-7.420744482536371,134.5184454629903
seri1257,seri1257,-3.829451649896288,37.13359281798769
seve1240,algi1248,-13.016138642756372,159.87066178786645
sgaw1245,sino1245,-14.86056780306101,155.67733859748847
shab1252,shab1252,2.261827366962873,10.921925269021015
sham1280,atla1278,-10.487090253542656,139.33809927722007
shan1283,pano1259,-13.345766388109414,163.30715110592465
shaw1249,algi1248,3.669150553385573,32.92882830462818
shee1238,hmon1336,-13.496614368538465,163.30498770484468
sher1257,sino1245,-14.862973352139308,155.67754785623333
biao1253,taik1256,-13.496437989798428,163.30976653935952
shil1265,nilo1247,-14.56263494410928,155.5378950893458
ship1254,pano1259,-13.345766619237692,163.3071682161829
shix1238,sino1245,-14.862979057782985,155.67754695086293
shol1240,drav1251,-13.49735435245496,163.2849573929525
shon1251,atla1278,-10.49068248520019,139.3398531602105
shor1247,turk1311,-13.496755457417384,163.30118780669284
shos1248,utoa1244,-16.082384294173654,150.4882197293405
shua1257,jiva1245,-13.351326285501978,163.32166014388704
shwe1236,aust1305,-12.401816186495378,157.2664684984071
siam1242,siam1242,-13.08540638718327,163.24016857089853
siaw1243,amto1249,-13.336292914657088,163.30113682536293
sich1238,sino1245,-14.867699775146516,155.67736052385217
sici1248,indo1319,6.214919419640283,113.33537740476936
sici1249,atla1278,4.422886840559941,53.01143402284493
siee1239,aust1307,-13.83729201581644,138.65937614611772
sier1250,otom1299,-15.366470563608129,149.71288620891534
sier1248,utoa1244,-4.425100062711796,54.64779802493173
sika1261,aust1307,-3.738756187899312,33.4431062325813
siks1238,algi1248,-13.015599131186772,159.8707115417768
siku1242,aust1307,-13.837296774010497,138.65939561375694
sini1242,mand1469,-4.021967564487051,42.16337727656227
sioo1240,aust1307,-13.837332005541166,138.65936132734487
siri1273,tupi1275,-13.345479399507129,163.3149587449966
sile1255,nucl1709,-3.823312097320126,36.53458261736529
situ1238,sino1245,-14.862978799652543,155.67754508478063
siwi1239,afro1255,-5.928085536947562,102.61009710265226
siwu1238,atla1278,4.565963559131563,56.83534450411042
siyi1240,sino1245,-14.863519583414494,155.67749749566633
skol1241,ural1272,-14.862462448382397,155.69507576287575
slov1268,indo1319,-7.420744482536371,134.51844546299031
sooo1254,aust1305,-12.40181651048204,157.2664685022214
sobe1238,aust1307,-13.837291714484374,138.65937102960993
soch1239,otom1299,-15.38381894010909,149.7147138264084
soga1242,atla1278,-10.487089248686626,139.33810381290616
soli1239,atla1278,-10.487083215821242,139.3381346742969
soma1255,afro1255,2.7402315890105537,15.611356195078656
soni1259,mand1469,-4.021967564487674,42.163377276581
sons1242,aust1307,-13.837285111941776,138.65939912133226
mani1235,east1459,-13.33630304027543,163.301136836747
koon1244,atla1278,4.421960342169165,52.982468636476185
sout2859,aust1307,-13.839707646558375,138.65681466522338
juho1239,kxaa1236,-13.066109757089446,163.23763892071824
sout1549,drav1251,-13.49735464390024,163.2849419731935
sout2976,utoa1244,-16.08238431529033,150.4882191540416
sout2856,aust1307,-14.149871961362942,137.4163571869136
sout2954,japo1237,-13.496520120602405,163.30784619943137
sout2996,ayma1253,-13.345191612984488,163.3227275873603
sout2730,sino1245,-14.866582514748462,155.6773743117517
raro1241,aust1307,-13.837285040655006,138.65939913449114
sout2715,sino1245,-14.864448726032355,155.67418653149488
sout3236,gumu1250,-13.0772409839202,163.2387056003632
sout2956,haid1248,-13.652788787229907,163.30940523448095
kach1280,sino1245,-14.844040013990522,155.67711385503975
sout2994,namb1299,-13.345150567440768,163.32384116916157
sout2649,indo1319,2.552930829713029,13.54598699211772
sout2729,sino1245,-14.863504686151012,155.67751231775307
sout2728,sino1245,-4.014951350753231,42.102360835586495
sout2918,aust1307,-13.818116447254525,138.65881323550138
sout2985,miwo1274,-13.6527888010528,163.30938056230107
sout2807,atla1278,-10.487088652252549,139.33810362242758
khan1277,sino1245,-14.86299436323808,155.67688356548342
sout2797,atla1278,-3.098153273991876,20.632405072406726
sout2679,ural1272,-14.862462448382397,155.69507576287575
sout2782,atla1278,-10.491769235612988,139.3404056162625
sout2674,ural1272,-4.013402514616516,42.05788780432849
sout2959,atha1245,-13.648292832485058,163.30250870838074
para1301,aust1305,-12.40181659970414,157.2664689160339
sout3261,nakh1245,-13.496967215859826,163.29542516985754
sout2869,aust1307,-13.829698363445212,138.6578833423736
stan1318,afro1255,-6.247930395007622,111.39264521217062
indo1316,aust1307,-13.813099308171502,138.65419764758815
stan1306,aust1307,-14.006065130544613,140.04239105149142
horp1239,sino1245,-14.862984521280037,155.6775434924018
suba1238,atla1278,-10.48709035847942,139.33810357573466
sude1239,aust1307,-13.837290779926468,138.65939808599464
suku1259,atla1278,-10.48700355935573,139.33803798549016
sumi1235,sino1245,-14.862984312910214,155.67753894106752
sund1252,aust1307,-13.84201137164991,138.6553729195307
mari1426,aust1307,-3.739671243103949,33.465232584587625
sunw1242,sino1245,-14.862983353833329,155.6773270640366
supy1237,atla1278,4.422887210976905,53.01144617114832
surg1248,ural1272,-14.8624623792737,155.69507845174917
susu1250,mand1469,-14.887803839497034,154.0360621377851
swah1253,atla1278,-10.4866849514957,139.33782149474243
swed1254,indo1319,2.55293082971186,13.545986992119282
taba1263,nort2923,-13.336619965353844,163.2955053553054
tabo1241,tabo1241,-3.7591061882834502,35.23965729540882
tafi1243,atla1278,4.53029856014715,55.93761082069005
taga1272,aust1307,2.0321979095537994,9.120003223840968
taga1273,aust1307,-13.83488006974805,138.6591700489553
tagw1240,atla1278,-10.484632026724237,139.33126496819676
taha1241,afro1255,7.773255680441936,133.0159444559105
tahi1242,aust1307,-3.738726661780484,33.44239307465406
taia1239,taia1239,-13.336837073021988,163.3010806782316
taji1246,aust1307,-13.834959668514832,138.65917294510814
taku1257,aust1307,-3.738728100803146,33.44242778808956
binu1244,aust1307,3.4929577650682258,27.892060381044104
tali1259,aust1307,-13.83728539581688,138.65939728701196
malo1243,aust1307,-13.837196032771182,138.65928221312805
tama1365,afro1255,7.773273751168176,133.0160426384311
tamb1254,aust1307,-13.837205325659832,138.6593802775734
tami1290,aust1307,-13.837285366519174,138.65939901198573
tami1289,drav1251,-13.497354629858137,163.2849427189647
tane1237,aust1307,-13.837300661991083,138.6591538305157
tang1377,sino1245,-14.865834285596115,155.67590279015812
tang1348,aust1307,-13.836879297473764,138.65932770545103
tang1373,sino1245,-14.85562429435276,155.67709698306143
tara1313,sino1245,-14.839447345951388,155.67622894202745
tari1256,araw1281,3.955905948035494,40.36377564975052
tata1258,otom1299,-15.379120056645007,149.71491694121568
tata1257,aust1307,-13.837851832154753,138.65875282595005
tata1255,turk1311,-13.496755272542504,163.30118881265818
taul1251,taul1250,-13.340979331346542,163.30092628065148
taus1253,taus1253,-13.34510919333373,163.3249721646429
taus1251,aust1307,3.4911325455870084,27.853994452027
tawa1286,afro1255,7.773256132709479,133.01594790214335
diga1241,sino1245,-14.86297394059302,155.67750127301866
taya1257,afro1255,7.768790154977273,132.98250905236017
tbol1240,aust1307,-13.840029189377248,138.65487126883693
tean1237,aust1307,-13.837314406993016,138.65885352094617
teda1241,saha1256,-13.07726192495869,163.2357620140529
tedi1235,sino1245,-14.86298443393191,155.6775419632348
tehu1242,chon1288,-13.340752476404196,163.32458562372454
telu1262,drav1251,-13.497354771720836,163.2849426950302
temi1246,aust1305,-12.401816197436151,157.26646804499626
temo1245,otom1299,-4.1741161707588805,46.366788118261184
temp1235,aust1307,-13.837297040326536,138.65939598227428
teng1272,aust1307,-13.837296575195484,138.65939633889997
tene1248,dogo1299,-12.511030234745366,159.8866993124314
tenn1246,surm1244,-13.077405590374646,163.23424442110533
teop1238,aust1307,3.494981308029542,27.934093837940765
tera1251,afro1255,-5.927786882695024,102.6017891751178
tere1279,araw1281,-11.897056618755142,155.41492723196012
term1237,aust1307,-3.737634095127447,33.41595087365482
tern1247,nort2923,-13.336498635970786,163.2955390253276
tete1251,utoa1244,-4.424175878148407,54.620015417619854
tezo1238,otom1299,-4.174377928059376,46.374852344496205
thad1238,sino1245,-14.86298159247415,155.67740323270053
thak1245,sino1245,-14.86298454186938,155.67754059967731
than1259,sino1245,-14.866591390118831,155.67657953557045
thao1240,aust1307,-13.837314607028103,138.65900893485968
thar1283,atla1278,-10.48708908207508,139.3381035656394
aheu1239,aust1305,-12.376386698321182,157.2634205105332
thul1246,sino1245,-14.871297746086864,155.6380277701213
tibe1274,atla1278,-10.487584694167303,139.33822941883602
tibe1272,sino1245,-14.86351622681951,155.67751656550178
ticu1245,ticu1244,2.2439519805007078,10.775636364490596
tief1242,atla1278,-10.473139431573305,139.03741109239573
tief1244,atla1278,4.4056554867211135,52.45120979061072
tien1242,atla1278,-10.487088652252549,139.33810362242758
tiga1245,aust1307,-13.837330358418283,138.6593608736461
tigo1236,atla1278,-3.1010086262263905,20.67946826574672
tika1246,atla1278,-10.487088844701384,139.33810354999108
tiko1237,aust1307,3.4912437015478104,27.856325770381147
timn1235,atla1278,4.421962586695028,52.98254582171222
timu1262,aust1307,-13.83729144816306,138.6593970095108
tina1248,aust1307,-13.837422653662674,138.6592813987371
maee1241,aust1307,-13.838914979944922,138.6550415853618
tiri1258,aust1307,-3.74305079347173,33.546127731015815
tiru1241,aust1307,-13.836962598230974,138.65916148176387
tita1241,aust1307,-13.837357294343864,138.65933409663975
tivv1240,atla1278,-10.484681079242888,139.3313225977639
toab1237,aust1307,-13.837436116680111,138.65927702490086
toar1246,nucl1580,-13.349792589613363,163.29998349352425
toba1268,leng1261,-13.34511002758713,163.3249720303537
tobe1252,nort2923,-13.334086757473278,163.29525266957145
toda1252,drav1251,-13.497370912825566,163.28391056883882
toho1245,utoa1244,-16.082384294173654,150.4882197293405
tojo1241,maya1287,-3.476450510755264,28.07495816671508
toke1240,aust1307,-3.738726661780417,33.44239307465463
toma1245,mand1469,-4.020905912203933,42.135091398306
tomb1244,aust1307,-13.837297410569375,138.65939618501312
tomm1242,dogo1299,-12.5100084410256,159.87006852990618
tond1249,song1307,-13.693499518164735,159.89560944529862
tong1325,aust1307,-13.842126595918623,138.6553540960779
tong1318,atla1278,-10.487088865398135,139.33810369429722
toor1238,atla1278,-10.487089019237,139.3381037462475
tote1238,atla1278,-10.482736424618162,139.33557714965093
toto1302,sino1245,-14.862888218622375,155.6775374933868
touo1238,touo1238,3.734916807121485,34.606123610902614
trin1274,araw1281,3.954822595193905,40.33572096833218
trio1238,cari1283,-13.345439172266415,163.31604438421948
trum1247,trum1247,-13.345110029220548,163.32497202977274
colo1256,barb1265,-13.345583865909246,163.32268231000626
tsam1247,afro1255,7.773204912839205,133.01510830897865
tsat1238,aust1307,-14.002036474848838,140.03859490438023
dido1241,nakh1245,-13.496970819653786,163.2952283939245
tsha1245,sino1245,-14.862976601710244,155.6775476322943
tsix1234,khoe1240,3.9090577530111457,39.17367602350893
tsog1243,atla1278,4.422887415916273,53.011452809610674
tson1249,atla1278,-10.48708900184926,139.33810374001288
tswa1255,atla1278,-10.48708900184926,139.33810374001288
tswa1253,atla1278,-10.487089252610431,139.33810382703012
tuba1278,utoa1244,-16.08238438403078,150.48821914079565
tuge1241,nilo1247,-3.927475928170988,39.54707182970256
tugu1245,aust1307,-13.826152600212732,138.658570331522
tuka1248,aust1307,-13.832555614780368,138.65894996116552
tuki1240,atla1278,-10.487623220540934,139.33831805998423
tula1252,atla1278,-10.489872128744752,139.3314941704064
tulu1258,drav1251,-13.497366542590802,163.28421690304225
tumu1242,atla1278,-10.49179318425374,139.34041953712958
nene1249,ural1272,-14.862462450602523,155.6950757622649
tune1261,atla1278,-10.481131059023154,139.33459878439285
tunn1238,afro1255,2.7402313967525576,15.611353847648132
turk1303,turk1311,-13.501432484546278,163.30113005454513
nucl1301,turk1311,-13.496754801696788,163.30118889150734
turk1304,turk1311,-13.496754947217193,163.30118886711557
tusc1257,iroq1247,-13.030592529115026,159.87726378742897
tutu1241,aust1307,-13.837184142441211,138.65928368753168
tuvi1240,turk1311,-13.496754861210135,163.30118888150898
tuwa1243,aust1307,-3.740112906413431,33.47587767422499
tuwu1238,atla1278,-10.265696341412236,137.67444902238057
uuuu1243,aust1305,-12.401816454835531,157.2664688677909
ubir1237,aust1307,-13.837352146121544,138.6593450834197
udii1243,nakh1245,-13.496967208148142,163.29542557856794
udih1248,tung1282,-13.49658015641447,163.3059161590375
uduk1239,koma1264,-13.07708249531981,163.23864204873942
ughe1237,aust1307,-13.691785526356202,138.42848385038354
ugon1239,sino1245,-14.85815380380396,155.67714069159402
ukra1253,indo1319,-7.420632089329549,134.51903781386423
ulch1241,tung1282,-13.496579828351829,163.30591621397014
ulit1238,aust1307,-13.837285239104402,138.6593984109848
ulwa1239,misu1242,-13.65281869253788,163.3085745613048
yaul1241,kera1258,-13.336913592397416,163.2983852664103
umbu1257,atla1278,-10.491932771980844,139.34049592905242
umbu1258,nucl1709,-14.17190433408526,153.58943079741692
umes1235,ural1272,-14.862456909789758,155.69507952261006
unua1237,aust1307,-14.089693128121668,137.87262488282505
uppe1275,toto1251,-13.671782769004372,163.2936125001554
urak1238,aust1307,-13.997316285296897,140.04250057282013
urar1246,urar1246,-13.34511035378899,163.32497147912207
urav1235,aust1307,-13.837288325460769,138.6593767950909
urim1252,nucl1708,-12.587847798897712,159.81423050811455
urip1239,aust1307,-13.841245131061886,138.6529678257235
urni1239,giim1238,-13.543745037228977,163.35314787765657
utes1238,utoa1244,-16.08710549707049,150.48800471837654
kagf1238,atla1278,4.42015082125345,52.92430345807655
pile1238,aust1307,-3.7387279786964087,33.44242181497788
veps1250,ural1272,-14.862376894578029,155.6950703414029
vera1241,aust1307,2.010786808361578,8.905746378389637
viem1243,atla1278,4.431227558505898,53.28038543733467
voti1245,ural1272,-14.860045025834602,155.6948743425396
vure1239,aust1307,-5.45820122391307,69.33185498490998
vwan1235,atla1278,4.421959970795786,52.98245667355755
wadj1254,wadj1254,-13.53176204889248,163.35225685865169
waga1260,pama1250,-14.903001138077084,155.73077509279787
wage1238,wage1238,-13.541462825600403,163.35305474762757
waig1244,aust1307,-13.834873556977456,138.65917120822334
waim1251,aust1307,-13.850747355207377,138.65529109286925
waim1252,aust1307,-13.826152604930853,138.65857031556058
waim1253,cari1283,-13.345438662084185,163.31602730107554
waiw1244,cari1283,-13.345438662085344,163.31602730101238
waja1259,atla1278,-10.490018032719195,139.33157078392787
wala1266,aust1307,-3.742507383072621,33.53311826414222
wamb1257,sino1245,-14.858969380623282,155.67719165370005
wann1242,mand1469,-14.888347604911123,154.03577189366672
wand1278,afro1255,-5.932133998598508,102.70072346748094
wand1267,aust1307,-13.83488541683389,138.65916797671602
wanm1242,pama1250,-14.903375891664146,155.7307551626399
saka1289,aust1307,-13.82376533506853,138.648733069052
waor1240,waor1240,-13.3451103537904,163.32497147912184
wara1303,wara1303,-13.344983385237535,163.32494258327654
wara1300,aust1307,-13.837830925828165,138.6593297459549
ward1246,yang1287,-13.546199928604048,163.3534198305097
ware1253,aust1307,-13.837285040655043,138.65939913449114
wari1268,chap1271,-13.34510919333373,163.3249721646429
warj1242,aust1305,3.8192714295963786,36.67686174305743
waro1242,aust1307,-13.837285040750464,138.65939913448105
waru1265,pama1250,-14.901061595492571,155.7307884247604
wash1253,wash1253,-13.652758094276994,163.31022264150417
wawa1246,atla1278,-3.101010023785547,20.67949027550506
waya1269,cari1283,-13.345438668795875,163.31602694775918
wayu1241,sino1245,-14.862974772843843,155.67748194275785
weda1241,aust1307,-13.837323784735528,138.65936793287324
wels1247,indo1319,-7.420744482536371,134.51844546299026
nort2864,aust1307,-13.837287042981211,138.65939356987803
weri1253,kuni1270,-13.336419352209049,163.29756489232253
west2560,aust1307,-13.834877125326589,138.65915202634417
west2548,aust1307,-13.837285040655006,138.65939913449114
west2615,atha1245,-13.661809576068006,163.30288016781182
west2441,pama1250,-4.024128579832572,42.38043917703351
west2397,aust1305,-12.401816835513138,157.26646847170124
west2618,eski1264,-13.653376753017175,163.30769599646547
west2650,aust1307,-14.001667499897872,140.04333109440708
west2594,nucl1709,-14.179082278387783,153.5895702671217
west2778,utoa1244,-4.424175880583771,54.6200157555449
west2519,aust1307,-13.83728523949382,138.6593984092732
west2354,indo1319,6.21460081201076,113.33096669761204
west2644,otom1299,-15.37858096810739,149.71497308956162
west2466,atla1278,4.401111595563157,52.30875075701081
west2632,kere1287,-13.652758333372676,163.31022224565658
west2396,aust1305,-12.378287067926165,157.26381012515296
west2418,sino1245,-14.862973143702966,155.67754569348128
west2392,ural1272,-14.860359599158883,155.69488464004695
west2763,afro1255,7.381627258266801,130.32368510569506
west2386,indo1319,-7.420680286342412,134.5187895454199
west2557,aust1307,-13.837288927474171,138.65939804596837
west2415,sino1245,-14.883713808277149,155.00973709017637
sanj1284,otom1299,-15.379953108372383,149.70802598510673
west2430,hmon1336,-13.496614648041666,163.3049729089607
west2600,nort2923,-13.33650409493398,163.2955381612949
saka1291,aust1307,-13.577736101173445,139.9615195040311
west2516,aust1307,-13.862447168336637,138.63272452430462
whit1269,aust1307,-13.837326347192676,138.6585865012021
wikm1247,pama1250,-14.90346585679896,155.73054806725344
wiru1244,wiru1244,-13.336302965802606,163.3011367132187
babi1235,atha1245,-13.653030181026002,163.30285307401795
woii1237,aust1307,-13.837285040659202,138.65939913449074
wola1253,afro1255,2.7402315891521187,15.611356195491084
wola1242,gong1255,-10.90902390291468,152.72203138598437
wole1240,aust1307,-13.837285040655006,138.65939913449114
woli1241,aust1307,-13.837257701832726,138.6549922952127
nucl1347,atla1278,4.421960341203294,52.982468605316015
wood1236,algi1248,-13.01613650626867,159.87064110206836
wotu1240,aust1307,-13.83487819731341,138.6591701204142
woun1238,choc1280,-13.34527336874446,163.32051820633544
wuch1236,sino1245,-14.862972852901764,155.67754579689858
wudi1238,sino1245,-14.862978493784476,155.67754572649056
wuna1249,worr1236,-13.546272461038283,163.35159371443103
wusa1235,sino1245,-14.862978692618457,155.67754568771852
wutu1241,sino1245,-14.870127678705252,155.67723701868425
wuvu1239,aust1307,-3.738726984530367,33.44240086965456
xamt1239,afro1255,7.773256133529708,133.01594790758074
xara1244,aust1307,-3.742919325080831,33.54294370882212
xava1240,nucl1710,-13.330672103904806,157.2226903622717
xish1235,sino1245,-14.860567282463988,155.67733951624146
xokl1240,nucl1710,-13.330672103904806,157.2226903622717
yaak1241,afro1255,7.773245343324506,133.0158652889405
yaey1239,japo1237,-13.496520252254667,163.3078461773711
yagu1244,peba1241,-13.34510919333373,163.3249721646429
yaka1272,atla1278,-10.4870887943052,139.3381036703018
yaka1277,aust1307,-13.837285040781117,138.65939913405677
yaka1269,atla1278,-10.48700355935573,139.33803798549016
yakk1236,sino1245,-14.862976888549234,155.67735123391802
yako1252,atla1278,-10.487089412450896,139.338103875203
yale1246,yale1246,-13.341017727197636,163.30098491071806
yama1264,yama1264,-13.34511035378899,163.32497147912207
yami1254,aust1307,-13.83285246586746,138.65896665646693
yami1256,pano1259,-13.34576638811375,163.30715110569597
yamp1242,sino1245,-14.862973023873664,155.67754457187857
yano1261,yano1268,-13.932741454700787,159.94532622677195
yaoo1241,atla1278,-10.48708885071042,139.33810368987895
yaou1238,mand1469,-14.887804805571417,154.03605977258036
yape1248,aust1307,-13.837285040655006,138.65939913449114
yaqu1251,utoa1244,-4.424175846005899,54.62001466635128
yare1248,yare1250,-13.34102343187103,163.30098443926695
yasa1242,atla1278,-10.49537040095907,139.3421868910981
yatz1235,otom1299,-4.174116907608765,46.36678616860164
yaum1237,nucl1709,-14.26399013188397,153.533452420948
nucl1454,yawa1259,-13.336292114287875,163.3011381189395
yawa1260,pano1259,-13.345766619111917,163.3071682228164
yawu1244,nyul1248,-13.535101398444995,163.35169901752235
yecu1235,toto1251,-13.65278794167009,163.3094080094423
yele1255,yele1255,-13.340637908338204,163.30007729416587
yems1235,gong1255,4.257616732640516,49.45608748974964
yapu1240,nucl1708,-12.688703476403822,159.8923945343711
yeyi1239,atla1278,-10.491695751616438,139.34040007708407
yidi1250,pama1250,-14.89866063000169,155.73094227569524
yinc1238,aust1305,-12.40181682646437,157.2664688987352
yind1247,pama1250,-14.872844797955468,155.73024778322528
yoga1237,aust1307,-13.837055695443816,138.65437736616548
yona1241,japo1237,-13.500865724472106,163.30779732646062
yong1280,nucl1709,-14.174355539692588,153.58980289995193
yora1241,pano1259,-13.345766154453822,163.3071682978303
youl1235,sino1245,-14.862998723195552,155.6775017250093
youn1235,hmon1336,-13.496615045657538,163.3049728425066
yuca1254,maya1287,-12.65063989620702,151.6961053060951
yuch1247,yuch1247,-13.652758929588945,163.31022249810567
yuec1235,sino1245,-14.871901699901574,155.67717181709983
yulp1239,pama1250,-14.896248800675036,155.73073938779686
yulu1243,cent2225,-14.174515383745666,157.42631111378628
yura1255,yura1255,-13.345109193333707,163.32497216464287
gami1243,pama1250,-14.898666298289791,155.73094117429784
zaba1237,aust1307,-3.738727594876517,33.44241546798881
zaca1242,otom1299,-15.378581168161034,149.7149667773242
zaca1241,utoa1244,-4.4251026409359495,54.64788509015106
zaiw1241,sino1245,-14.86298430162779,155.67754614941913
zakh1243,sino1245,-14.862972878579717,155.6775474393368
zamb1245,atla1278,-10.487007382074328,139.33791544987747
zand1248,atla1278,-10.487089048433662,139.33810375703192
zani1235,otom1299,-15.378579904141574,149.71500155113978
zarm1239,song1307,-3.704162464902224,33.81155644648331
zays1235,gong1255,2.2404282762831063,10.71135256081746
zeme1240,sino1245,-14.860567153284627,155.67732464373088
zhab1238,sino1245,-14.862984535468224,155.6775408385443
zoog1238,otom1299,-15.892344883332674,139.8301306098223
zulg1242,afro1255,-5.949521767124639,103.16664159868655
zuni1245,zuni1245,-13.652758094276168,163.31022264150445
