Glottocode,Family_ID,GPGLMM_Latent_Mean,GPGLMM_Latent_Variance
abad1241,aust1307,1.6267657938415545,0.3442715414385215
abau1245,sepi1257,0.3778975119918528,0.4091803690605657
abee1242,atla1278,1.0099465289169989,0.5803581224832661
aben1249,aust1307,0.6312122667421298,0.3204504976757842
abkh1244,abkh1242,4.687893772225268,1.8904022279219903
abua1245,nucl1708,0.976311924157109,0.4606953936197504
abui1241,timo1261,-0.5474400789624292,0.5087488132458282
abun1252,abun1252,0.821383770205071,0.7225602596726168
achi1257,aust1307,0.049027922103547,0.587378971790192
acha1250,araw1281,2.783309677898254,0.7815220666000355
ache1246,tupi1275,0.334976852436643,0.7642136053390054
ache1245,narr1279,1.9501863532431825,0.765406508510702
achi1256,maya1287,2.6561124041180197,0.7644390439882969
achu1248,jiva1245,2.674633103241323,0.898993137210029
achu1247,pala1350,3.851432715929759,1.5933789856343084
acol1236,nilo1247,2.161750827062511,0.7145671949911261
adan1251,timo1261,-0.0030858319923172,0.5057463396118544
adny1235,pama1250,0.6254186696385957,0.637678288286919
adon1237,aust1307,0.8501941348011058,0.3633195557270388
adze1240,aust1307,1.538691252092607,0.3099447359471012
aeky1238,kamu1264,0.4250563286120756,0.5741799410116686
afad1236,afro1255,1.6593743457012742,0.4449570954126423
afar1241,afro1255,3.2182386279063486,1.0336554052773237
aghe1239,atla1278,2.2480414016204344,0.3311343847059484
aghu1255,nucl1709,0.1390807937250828,0.3761163246811105
agob1244,paho1240,1.1579659406346356,0.6151462497761981
agua1253,jiva1245,2.8072977761207016,1.0077027298085364
agus1235,aust1307,0.414951442072492,0.3788364159256261
agut1237,aust1307,-0.5335501336783313,0.4082609091050129
ahin1234,aust1307,0.4218705098130897,0.2892283992217406
aika1237,aika1237,1.6422340224611194,0.8870295496499838
aime1238,bosa1245,0.8782439050616613,0.5566216695267978
musa1266,nucl1709,1.0836822691648809,0.271463352941903
aito1238,taik1256,0.8066025902799884,0.5687537548772101
ayiw1239,aust1307,2.264312300182997,0.5296114098932176
ajab1235,atla1278,1.174379482237169,0.4441872701944369
ajas1235,kres1240,1.5538927932642652,0.8001467840513943
ajie1238,aust1307,2.350455272448816,0.5566011697231086
ajyi1238,araw1281,2.9378219590194377,0.8437611095308712
akan1250,atla1278,1.898901917543566,0.5252673032346431
west2635,maya1287,2.8404144699324494,0.7320736703987576
akei1237,aust1307,2.6262305172126217,0.3635101256129074
akha1245,sino1245,-1.1932524020018047,0.3795875796218588
akoo1248,atla1278,2.481805079038431,0.3722452200900563
akun1241,tupi1275,1.6471427465863768,0.6645642156540004
alab1254,afro1255,2.68024215319407,0.6173415709152397
alab1237,musk1252,3.9263963697278728,1.5714767748165124
alac1244,otom1299,2.0960614514734983,0.4799145758021508
alag1248,afro1255,2.6787068072841187,0.637409704385115
alam1246,sepi1257,0.5743724958329464,0.4337088261369048
aleu1260,eski1264,2.4205641351490663,2.6689295497152425
alor1247,aust1307,0.5816002356922496,0.355124667016236
aluk1238,drav1251,3.7452407067930142,1.1567399181755982
alya1239,pama1250,0.6449545476376435,0.5311831870451997
amah1246,pano1259,2.7535096936682857,0.7801615444470906
amam1246,kuni1270,1.1695335966793026,0.5271968187192373
amap1240,left1242,0.7837152604050113,0.5768484333179686
amar1272,aust1307,1.701791120359026,0.3466285681142693
amar1274,hara1260,2.802516235671151,1.0315626659031485
amas1236,nyim1244,1.8523939586201543,0.887320068158393
ambu1247,nduu1242,0.6117077906614701,0.4948283435921028
amdo1237,sino1245,2.2426655992691877,0.6764635286127563
amha1245,afro1255,3.0787255391827757,0.8616340294615852
amii1238,west2434,1.041182016721459,0.6108422624715213
amis1246,aust1307,0.1725734848554818,0.3585685307347188
hoaa1235,kxaa1236,2.545346644856592,1.344119825918081
amri1238,sino1245,1.3659762511707207,0.36942103020086
gily1242,nivk1234,3.3709881086797164,2.0608733045131453
ando1256,ando1256,2.0444674751310186,0.871465861662148
anei1239,aust1307,2.4678166264543075,0.5596999062546679
anem1249,anem1249,1.0709559106676176,0.666778397597183
anfi1235,gong1255,1.8463868250776945,0.6235628106547062
anga1290,anga1289,1.6236381860306426,0.5682800699667374
anga1288,sino1245,1.8646624412626087,0.3171895229560673
ango1257,chib1249,1.8046529672467988,0.685729098455925
anin1240,gunw1250,1.4356051689190727,0.6928682151926924
wara1294,more1255,0.886036016353619,0.5238825698212284
anta1255,aust1307,2.2268378914793345,1.2829223837295896
anua1242,nilo1247,2.563921048698892,0.7046008516734394
anuf1239,atla1278,2.0339900472353736,0.5213894893005291
anuu1241,sino1245,0.5424585785670475,0.4078941570202881
anut1237,aust1307,0.9396726988745612,0.5668543285276502
aona1235,sino1245,1.831357836320279,0.313205623478594
aoua1234,taik1256,-1.1248942496692995,0.5586910689330398
apat1240,sino1245,0.9560045400281556,0.3304675990769103
apin1244,nucl1710,1.9618802388638048,1.1127805046737849
apma1240,aust1307,1.859261480415536,0.3275885579909503
apma1241,kera1258,-0.0729291261311739,0.537433706679574
apur1254,araw1281,2.97484783995181,0.8404595264344321
arak1252,aust1307,1.9824507407587475,0.3471866424837313
aram1253,more1255,1.121269634451993,0.5141265022859507
arao1248,pano1259,2.2243150776866125,0.7453373153677787
arap1274,algi1248,3.8639313592971463,1.617449855522069
araw1273,tupi1275,1.5469887409241814,0.9737753615093556
arbo1245,afro1255,2.407879502154692,0.556782365011192
arch1244,nakh1245,4.830092576799284,1.6662122784978486
aree1239,aust1307,1.483412950464821,0.3413121335578979
area1240,aust1307,2.152616593816321,0.4552334423352433
argo1244,afro1255,3.0163693539295413,0.8331096034509442
arhu1242,chib1249,0.5795206437118479,0.6349695105613846
arig1246,atla1278,1.948229962557765,0.4264668024775715
arik1265,nucl1710,2.472869962843658,0.8052569912035441
arom1237,indo1319,4.6544150774750745,1.786369010714587
arop1243,aust1307,1.6191749224709768,0.3286687792856444
arop1242,aust1307,1.5967177898757303,0.3342958260469895
aros1241,aust1307,2.1812224325640748,0.4806644502327533
arta1239,aust1307,0.643075015467228,0.3018726180178204
asha1243,araw1281,3.3078983379902587,0.8785244479982337
ashe1272,araw1281,3.4255771528692405,0.8870086833158917
asoa1238,cent2225,1.916527331634239,0.5785765480097442
assi1247,siou1252,3.810638767370128,1.8364192607427072
asur1254,aust1305,2.5055276338344803,0.7187521355275899
asut1235,atla1278,1.9462711864545543,0.5264349757643658
atam1240,aust1307,0.0883888895094866,0.3427421215171771
atay1247,aust1307,0.3830263216783982,0.3977234753034144
athp1241,sino1245,2.6975419002247847,0.4504829431369921
atii1237,aust1307,-0.6904749078674854,0.3752613239509248
aton1241,sino1245,1.4781192557822616,0.3970204585255263
auuu1241,nucl1708,0.7282953163352233,0.4486398272951191
aulu1238,aust1307,1.894311445021061,0.3174472857613994
auye1238,nucl1709,0.8135955116197968,0.4174444057236188
avac1239,tupi1275,1.5099276180689594,0.990125432230918
avat1244,atla1278,1.9773370026227408,0.4438961313016203
katb1237,aust1307,1.9117512339770533,0.3136669093579129
avok1242,cent2225,1.2553166217423062,0.5045166517856763
awac1239,barb1265,1.2237482848317076,0.7322255053692168
awad1244,aust1307,2.130563020245265,0.3222370728082473
awad1243,indo1319,3.3903030497217186,0.9505164922742786
awap1236,nucl1709,0.5349335473804335,0.2875414687072193
awar1249,ramu1234,0.6523874003613053,0.6093990172599772
awar1248,nucl1709,1.232628029132512,0.2924111624834205
awet1244,tupi1275,1.3415705159545144,0.7502000598182565
awji1241,afro1255,3.709964076178984,1.535087248985176
awtu1239,sepi1257,0.498413207885136,0.4027608845968702
axam1237,aust1307,1.7777561108564852,0.3120918934445469
axiy1235,sino1245,-1.4115662906954578,0.410511326931231
ayac1239,quec1387,2.4468874688307967,1.0561271246677868
azha1235,sino1245,-1.473459226681684,0.4447036833986661
baba1264,atla1278,2.175808886011744,0.3279532219616365
baba1266,atla1278,2.303010168841511,0.3368509134323325
baba1268,aust1307,1.473744616467999,0.3936786971429873
bada1257,drav1251,3.7683252255575312,1.174584248101899
bafa1247,atla1278,2.0477790716996296,0.3858111115288549
bafi1243,atla1278,2.640542092394358,0.381174744771473
bafu1246,atla1278,2.323276798208469,0.3283235870566225
baga1273,atla1278,2.5440766166044204,0.7808244650656682
baga1272,atla1278,2.6075737720276893,0.8057024335332423
bagi1246,cent2225,1.332521014007697,0.544417523914992
bagv1239,nakh1245,4.808922087856573,1.6596024980152908
baha1259,afro1255,4.302458128307842,1.727575757824483
bahi1252,sino1245,2.910809775740085,0.4773194098036986
bahn1262,aust1305,-3.132727118512567,0.5971449415843071
baik1238,aust1307,0.975751375822464,0.374275346248448
baim1244,sino1245,0.9191291291118155,0.5685756987327113
baka1272,atla1278,3.055078699741665,0.5626025898329732
baka1274,cent2225,1.696238571332892,0.503683690740004
baki1244,aust1307,2.559286628411914,0.3379048365097676
bala1316,aust1307,2.51408448519832,0.5694524338500577
bala1311,aust1307,0.2296598781393153,0.3969252870007134
bala1315,aust1307,1.3808894238415663,0.4672567863441825
bali1278,aust1307,0.9128366965261944,0.5610360297034735
liki1240,atla1278,3.160633527545897,0.5622005743339118
bamb1270,aust1307,1.5304069594976104,0.4627544737320348
bamb1269,mand1469,2.3595333643242467,0.8104900255870482
bamb1262,maoo1243,2.407462952952952,0.8148027890926466
bamb1266,atla1278,2.334661056302053,0.3278880945267253
bamu1253,atla1278,2.3636410613863323,0.3509317931762448
bamw1238,atla1278,3.2358606826876337,0.557987763203077
bana1288,aust1307,0.1666608357576804,0.3007260506971563
band1344,atla1278,1.8846010803321156,0.5392800143177152
band1340,atla1278,3.5555427908238,0.964887128948507
bang1363,bang1363,2.353816377190549,1.0135265255629389
bang1369,sino1245,1.2294630251102412,0.3750144950388465
guar1293,araw1281,3.300308839462529,0.8004437433859062
bani1255,araw1281,3.3457540707878497,0.7867222478323295
bank1256,atla1278,1.9306934529244697,0.3959222860811602
bann1247,aust1307,1.2805214550996125,0.3780426615818992
bant1281,sino1245,2.764942152506181,0.4604878150232769
bant1288,aust1307,-0.6478549469746964,0.3632455542173214
bara1357,sino1245,3.228820221142436,0.56788899857052
nucl1630,koia1260,1.4980315077867117,0.5210758831858922
bare1279,afro1255,2.136607665824579,0.536505457514497
bara1369,aust1307,1.829316784219361,1.314829972751554
bara1361,atla1278,2.322483485422471,0.5124023497587502
bara1370,aust1307,-0.8146716590494238,0.4046725353987055
bara1380,tuca1253,1.9011741983340216,0.7131619887396399
bard1255,nyul1248,0.3227545375014062,0.7289319001980741
bare1276,araw1281,3.4224171896035127,0.8072517193274615
barg1252,nucl1709,1.0671039567171037,0.290563367388073
bari1286,aust1307,2.354147368755384,0.3490067676218942
baro1253,aust1307,1.635820624175141,0.3763290625299245
basa1282,atla1278,2.409607699587298,0.4234351951077011
bash1264,turk1311,4.482232082946273,2.2065289219025765
basq1248,basq1248,4.073262270151625,2.238877851773776
bata1293,aust1307,0.2605953299895467,0.5376728771010963
bata1289,aust1307,-0.168047348300238,0.5269267763881418
bata1285,atla1278,2.3142872722533103,0.591580605788387
bats1242,nakh1245,4.807883947866014,1.6635336813995214
baur1253,araw1281,2.565064191664128,0.7208949816150985
bauz1241,geel1240,0.4455701471383966,0.6545839838148391
bawm1236,sino1245,0.6441829765096461,0.3760707318425589
bayb1234,aust1307,-0.0509273295685399,0.3845192991009756
bebe1248,atla1278,2.0238142765702505,0.4463978838826845
beel1236,afro1255,2.3742014352019063,0.4365646584491767
beem1239,atla1278,2.852259913579174,0.8425810670048488
beja1238,afro1255,3.3080565368195,1.0883944242371657
bekw1241,atla1278,2.2751643525967515,0.3740108271258786
bekw1242,atla1278,2.48622140351698,0.5788534285938534
bela1256,nilo1247,2.416154067412749,0.7616848281860404
bela1254,indo1319,4.472438909865753,1.7786825653975225
nyal1254,aust1307,1.9120543575547695,0.5945360745934458
belh1239,sino1245,2.7042562317363847,0.4497824627264792
beli1257,cent2225,1.0428152385334093,0.5031907744763378
bell1243,sali1255,3.2873945700584457,1.4187117413256582
belu1239,atla1278,2.300565638148554,0.5144283024121767
bemb1257,atla1278,3.409037278404808,0.7597242226031122
bena1262,atla1278,2.886299863347502,0.5863421755283542
benc1235,gong1255,2.191720687068597,0.5822295237560322
beng1282,atla1278,2.393320899093068,0.6094713399365044
bent1238,dogo1299,3.0939938647821017,0.962738725778158
bera1262,aust1307,-0.452331486778261,0.4464672720421268
zagh1240,saha1256,2.388346862291971,1.1947882229787743
bert1248,bert1248,2.512994934422712,0.87984123340794
bezh1248,nakh1245,4.818806860474991,1.653175762300123
bhoj1244,indo1319,3.130473410498096,0.8377157000103317
biaf1240,atla1278,2.771008608598529,0.870963812669038
biak1248,aust1307,1.4541238938339678,0.4437962423428887
bian1252,kuni1270,1.7822911052265082,0.5385727519618104
biao1254,hmon1336,-1.4188872454233887,0.6605433368633498
biao1256,hmon1336,-1.2584875139108498,0.6726120195746024
biat1246,aust1307,-0.6834555279681858,0.4886642589431287
bier1244,aust1307,2.5552330196073494,0.3356958930530362
bign1238,aust1307,1.9449481006921443,0.3262543357565706
biha1246,aust1307,-1.773541712371993,0.5695150728724356
bila1255,atla1278,3.0041715517526315,0.5335936776902463
bilb1241,aust1307,2.07095649978491,0.3159934546266267
bili1260,afro1255,3.3040582369550524,1.0289436282022106
bilu1245,bilu1245,1.1612638287632542,0.7276529708370489
bimi1240,nucl1709,0.4505643010811793,0.3208397588570335
bina1277,nucl1709,1.2403749854580777,0.3691513205025551
bine1240,east2503,0.7423111640605529,0.5787557977622146
bini1246,atla1278,1.2197831794613396,0.4444952338064496
gunw1252,gunw1250,1.5924303722031383,0.6390025865686506
birr1240,cent2225,1.419339347168634,0.5822992411650039
bisu1244,sino1245,-0.9227997005674056,0.3934733555546148
bitt1240,aust1305,-2.0113005413818947,0.4684745999078465
biwa1243,yuat1252,1.154393420529976,0.6095081236267648
blab1237,aust1307,2.038722375993609,0.4448107789958637
blan1242,aust1305,-1.7685365594235762,0.4747938047232938
bang1354,atla1278,3.57546389302071,0.6832829679501518
bobo1255,aust1307,0.7253372922048453,0.4365574640979255
bodo1272,atla1278,1.598002194279874,0.5363411858198832
bodo1267,aust1305,2.60555399674184,0.7716351465329248
bodo1269,sino1245,1.9470015929842408,0.3592903023122575
boka1249,sino1245,1.5925642684360684,0.39685523414802
bola1250,aust1307,1.575356424352258,0.3486465998421857
bolg1251,atla1278,2.0133829210292538,0.5586524261733916
boli1256,aust1307,0.0849649593368351,0.3420518484608821
chim1302,quec1387,2.456640563953366,0.860217454067778
bolo1262,atla1278,3.4280452798681047,0.5988491652753427
boly1239,aust1305,-2.371937181067879,0.5568266182770949
bomb1262,atla1278,3.283170169323379,0.54519141426954
bomk1234,atla1278,2.2842503716460216,0.7035039458004881
bona1250,mong1349,1.9702295971749129,0.9499558978158258
bond1247,atla1278,2.649616666441357,0.5431019606410752
bond1245,aust1305,1.7636908939254756,0.697918686458427
bong1289,aust1307,-0.8505004210655822,0.3848146363401907
bong1284,atla1278,3.38386219059709,0.6328171380126064
bong1285,cent2225,1.5898824002631746,0.5656243971990031
bora1263,bora1262,2.760663975896376,0.920691537924052
bora1271,afro1255,2.7128204379697936,0.641468739637963
bord1248,chib1249,0.6018785598744436,0.5941828198201984
bori1243,sino1245,1.1798944147183534,0.3510872608773829
boro1277,gong1255,2.4673145950287547,0.7380626213056618
boro1282,boro1281,2.3205554249704496,1.0679983343498796
boto1242,aust1307,0.4892570434344276,0.3334393185437738
boun1243,atla1278,2.0260976065040364,0.4904128554308711
boun1245,nucl1709,1.0032544038826288,0.2919246878226582
bouy1240,taik1256,-1.1660844588069763,0.547042081596401
brah1256,drav1251,4.386399229252591,1.7792197506378034
lave1249,aust1305,-3.2368625215478035,0.5723416800291852
bret1244,indo1319,4.331393632274551,2.0814059959824105
brib1243,chib1249,0.5430716114296155,0.5582675101051535
bube1242,atla1278,2.588074412838722,0.4727262660106563
bubi1250,atla1278,3.3927268425103225,0.7298172361081003
budu1248,nakh1245,4.786952648279803,1.7003792914071298
budu1265,afro1255,2.4912320966321886,0.533590691946455
budz1238,atla1278,3.014171397958253,0.583533693701765
buga1247,aust1305,-2.59084842616379,0.5465252874962743
buga1250,aust1307,1.4193764833235103,0.3066360439276643
bugh1239,aust1307,2.748186238138301,0.4418311420747622
bugi1244,aust1307,1.0479303582798578,0.4398409255277347
bugl1243,chib1249,0.77837225385408,0.6259139022001148
bugu1246,sino1245,1.3328345707086289,0.3546952872347848
buhu1237,aust1307,1.3773035688018094,0.3938823550021846
bujh1238,sino1245,3.286141221060732,0.5860059647745439
buka1257,aust1307,-0.366396700625702,0.4802233666203843
buki1249,nucl1708,1.0120440190339597,0.4673105794513503
buku1249,atla1278,2.9606421131795084,0.537783333571134
bull1247,atla1278,3.043376683251134,0.7675341119726062
bulo1242,aust1305,-2.4971565379623395,0.5886834485415324
bulu1251,atla1278,2.9394167233271773,0.4846018828332825
bumt1240,sino1245,2.007041748272917,0.4075530842026467
buna1278,timo1261,-0.201288757239658,0.5084970667414184
buna1276,aust1307,1.52300401794256,0.3969945770594676
gahr1239,sino1245,3.837161446220695,1.115057860476143
bund1253,indo1319,3.8014323216893295,1.1330509032868448
bunu1267,aust1307,-0.4802062348185816,0.3506346909211215
buol1237,aust1307,0.8557244079206885,0.4427994465777405
bura1292,afro1255,2.19620639358291,0.4146399090613202
bura1267,mani1293,1.0040227084146038,0.6745820644083556
bure1242,afro1255,2.27506403171084,0.4425809515241727
burj1242,afro1255,2.585170437815448,0.637324040614283
nucl1310,sino1245,1.1210777426640106,0.4308179519678772
burm1264,burm1264,0.3489189733525943,0.6375893301524296
buru1303,aust1307,1.449664209527154,0.4839140147465479
buru1320,afro1255,2.660176566496539,0.6492888890553972
buru1296,buru1296,3.657899229922976,1.7339824821847207
busa1253,mand1469,1.6084478987168995,0.7618324250884401
bush1247,atla1278,3.108805371198303,0.821212795328655
buwa1243,afro1255,1.228515352921551,0.3616586190599991
bwai1242,aust1307,1.5147481295629175,0.3564578717639373
bwat1240,aust1307,1.736857696365486,0.5671714721892394
byan1241,sino1245,3.462110743135399,0.8774214010538288
caac1237,aust1307,2.483750763721695,0.5581987798268679
cabe1245,chib1249,0.6892332865907915,0.5669297738224208
cahu1264,utoa1244,4.30238403676328,1.485008206795217
cakf1236,afro1255,2.321030007156154,0.4678695245719875
cald1236,quec1387,2.358509167708609,0.7972472745774848
caml1239,sino1245,2.867089542968618,0.4640547954033813
camp1261,indo1319,4.525682943850466,1.8345584674312116
cams1241,cams1241,2.171755344596828,0.8627578018470397
cane1242,nucl1710,2.720184441458679,1.25081744498639
caom1238,taik1256,-0.4905149990665307,0.5545083798130892
capa1241,pano1259,2.8326617351172616,0.7812849595093079
carn1240,aust1305,0.3506543319252651,0.7005413724881402
caro1242,aust1307,2.665918688243337,1.1351191688149165
cash1251,pano1259,2.591690247208652,0.8322932296857868
casi1235,aust1307,0.3894274471990908,0.3030207012619619
stan1289,indo1319,4.469909817959286,1.929883874567992
cavi1250,pano1259,1.8802440510159184,0.7291903229229497
cayu1262,cayu1262,1.8063477786168929,0.8780689090509952
cebu1242,aust1307,-0.0328369918107216,0.3385759131898611
cemu1238,aust1307,2.285538924386698,0.5500773638853405
cent2127,eski1264,2.6935363088069075,2.6231040404398027
cent2142,ayma1253,2.591417126185677,1.0441733499248191
cent2004,sino1245,0.0010170531332729,0.3256168745709833
cent2292,aust1307,0.7790563120731224,0.2934022683479265
cent2084,aust1307,-0.0933467450091096,0.3307650512312294
cent2314,aust1305,-2.7764307874254266,0.6190088264166267
qaua1234,taik1256,-1.1108242661530612,0.5528271058756289
guer1241,utoa1244,2.5958537056470563,0.7481092378189738
cent2050,saha1256,1.8659703651446515,0.7797646513961243
cent1989,aust1305,-3.029070661476191,0.6178934166274104
cent1972,indo1319,4.379201246460452,1.6929605474523024
cent2058,aust1307,1.6089258883338975,0.3563208088654708
mala1479,aust1307,1.0235720547692313,0.570603299299111
cent2322,ural1272,4.050661395939533,2.23382556406027
cent1992,aust1305,-2.511989286356336,0.5711803110288245
cent1990,aust1305,-0.529964364738037,0.6974787140681515
cent2126,japo1237,2.118721689794979,1.0198785815499425
cent2091,aust1307,-0.6188100059294355,0.4283044022074853
cent2140,miwo1274,3.866892222034784,1.5986908820094068
cent2090,aust1307,-0.0311952380212048,0.412574931012712
cent2131,utoa1244,4.293035874706954,1.3198251579997042
cent2150,chib1249,1.7585356691773877,0.6842514672781137
mbal1255,atla1278,3.101519684456222,1.2021758162410787
chac1251,pano1259,2.249194898988538,0.7327533769459023
chad1249,afro1255,2.7005694016508515,0.672324089885818
chak1270,sino1245,1.4933824078237194,0.4339543250203332
chak1271,atla1278,2.160704101989292,0.4942319282800076
chal1275,afro1255,4.6580046612145605,1.5619826074826837
cham1315,zamu1243,2.180097129670732,1.0379261568227571
cham1309,nakh1245,4.80833031206953,1.6617049901305787
cham1318,araw1281,3.3272952617666007,0.8251799854976261
cham1312,aust1307,1.7340945191381194,1.01170912676647
chan1313,sino1245,1.6959520273879511,0.3300311970768432
chac1249,barb1265,1.214027774146787,0.756281895687521
char1269,gong1255,1.9315389916932035,0.5651790475117116
chas1234,sino1245,-0.388342028924,0.3343354363897877
chec1245,nakh1245,4.794415219900873,1.6989477728812163
chek1238,aust1307,2.6990550515371448,0.4506300707399484
chen1255,drav1251,3.786494690406736,1.0688887581083346
chep1245,sino1245,3.267970753076718,0.5605226132284429
cher1273,iroq1247,3.2211825819376685,1.7496271089155375
chey1247,algi1248,3.897055128360932,1.6775610609327667
chic1270,musk1252,3.2785578249956746,1.6425049309276738
chig1238,atla1278,3.250980610635752,0.5818848335571842
chil1280,atha1245,3.05105805142966,1.4107104763380691
chim1309,chib1249,1.21514582968119,0.6303328986192493
chim1312,atla1278,2.160122830254185,0.9354604528521318
chhi1245,sino1245,2.568228957165841,0.4568681273887929
chip1261,atha1245,3.726261505425324,2.127951052079187
chip1241,algi1248,3.860848920113712,1.9322706568113897
chir1283,sino1245,1.816895693634042,0.3098148151292528
choc1275,sino1245,1.9285740228408883,0.3964459079829217
choc1276,musk1252,3.699333940205019,1.5976614486376557
chon1284,aust1305,-2.806862723236434,0.6192617895774273
chot1239,sino1245,1.7656064927287105,0.3245635256706323
chra1242,aust1305,-2.3262462969268696,0.6261679599577459
chuj1250,maya1287,2.885008176121224,0.7222073323614762
chuk1273,chuk1271,3.213508911932518,3.056571249704271
chuu1238,aust1307,1.5444544569952523,0.7967109678173161
chuv1255,turk1311,4.545297385404567,2.0956768436015043
chuw1238,atla1278,1.4167561728794884,0.8106263697927432
cici1237,atla1278,1.882776138947812,0.5351620045700551
chin1286,chin1490,3.897125898394667,1.5440068362198027
cent2087,aust1307,0.3068282871397259,0.3861819767159802
sout2912,aust1307,0.5673986931478303,0.4208641077167043
coat1243,otom1299,1.7729945007305044,0.4133627682748177
coca1259,tupi1275,2.5780327220947825,0.8047341016935117
coeu1236,sali1255,3.5422966500774486,1.4112092229808293
cofa1242,cofa1242,2.245548256782532,0.8724105946957876
cogu1240,chib1249,1.335812988088669,0.657039137649674
inga1252,quec1387,1.78152692235935,0.7563501591908133
colu1241,sali1255,3.513104901536397,1.3772008774037348
coma1245,utoa1244,4.643968789894324,1.493606656429213
como1259,sali1255,3.5909282867415078,1.3664801352395703
cong1236,atla1278,3.608860457788881,0.7794287295871478
copa1237,otom1299,1.9029538523303169,0.4399086088463932
cors1241,indo1319,4.522278794400639,1.816902246892992
cosa1234,sino1245,-1.3840373891103277,0.3969892431071549
cota1241,aust1307,-0.3258778111973726,0.3491754115962613
cree1270,musk1252,3.67668753404016,1.5998190917117188
crim1257,turk1311,4.609252724258552,1.9535493075977743
cros1244,atla1278,1.7578684718987094,0.3747185519403051
crow1244,siou1252,3.830573822700142,1.708298913438306
cuaa1241,aust1305,-3.0700661349837173,0.6069418114185514
cube1242,tuca1253,2.742311249289214,0.7465035272538412
culi1244,araw1282,2.5607209784371823,0.9289723953033596
curr1243,araw1281,3.4590260923208693,0.786760275726675
cusc1236,quec1387,2.99354760027754,1.0053680001922118
cypr1248,afro1255,4.420704179370496,1.6620285464351667
czec1258,indo1319,4.387504414833015,1.7847065154610435
daai1236,sino1245,1.053246180571331,0.4159876425077962
daak1235,aust1307,0.7796647191300854,0.4287946008950776
daas1238,afro1255,2.4014324815089085,0.5651670870500669
dadi1250,tebe1251,0.7388276610329568,0.6008163784684384
dagb1246,atla1278,1.644280130735922,0.4807510359331073
dagi1241,narr1279,2.533647159892885,0.7722935647799529
daur1238,mong1349,2.812803973104377,1.7540044622893194
daha1245,afro1255,2.744717865517315,0.7633020349116211
daka1243,aust1307,2.497477558836579,0.3262235680811152
damp1237,aust1307,0.364941932120242,0.4317476780180609
dana1252,aust1305,-1.44992370792181,0.5040156627649202
dand1238,drav1251,3.858571740592809,0.938506340840362
dani1285,indo1319,4.108398842930663,1.8910653729773688
dara1250,indo1319,3.1964447829376814,0.8715666690746304
dard1243,daju1249,2.210869522065674,0.904186226984466
darm1243,sino1245,2.683399547869305,0.872478910054121
daww1239,nada1235,3.037725537083644,0.9497578883208512
dawr1236,gong1255,2.323066767204164,0.5669740087992747
daza1242,saha1256,2.988852057016321,1.0490124001172432
defa1248,ijoi1239,2.195595873228885,0.8225236276508352
dege1246,atla1278,1.3966932040575355,0.4429856081446317
dehu1237,aust1307,1.7519147112596694,0.5254959528753447
dera1245,sena1264,0.3526478373012518,0.5963367819647112
dera1248,afro1255,2.1693137263522955,0.4184272640082573
desa1247,tuca1253,2.842555215339272,0.7396093611249621
dhao1237,aust1307,0.329540198955391,0.4396447938891072
dhar1247,pama1250,0.3404175792928443,0.7473864890808763
dhim1246,sino1245,2.402398923544116,0.4477787971084712
dhuw1249,pama1250,0.9114266160145336,0.5004172666661741
dibo1245,atla1278,3.3769964201765603,0.6016786313629643
dier1241,pama1250,0.2148678620605728,0.6070835064917031
digo1243,atla1278,2.1742738122152607,0.5756406072242037
dima1251,sino1245,1.9141555002317947,0.3279856873071072
dime1235,sout2845,2.47710660430922,0.7773362263172121
diri1252,atla1278,3.112143421925803,0.9918658992731996
dizi1235,dizo1235,1.7616348680217793,0.7238332535724195
djam1256,pama1250,1.0533589544221438,0.5141406823200563
djee1236,mani1293,1.147674530881528,0.6818198104365862
djeo1235,nucl1710,2.589476773884134,0.82053173014324
djin1253,pama1250,0.4559255644486324,0.4708712695489381
dobe1238,aust1307,1.942484501395014,0.4879503068226416
dobu1241,aust1307,2.195930473420713,0.3722846580984926
domm1246,nucl1709,0.4649914423868606,0.27073541383547
doma1260,indo1319,4.0179244818866655,1.5793158683906836
dong1285,mong1349,1.8804215102750037,0.9523833020900074
doro1266,manu1261,0.3968374468992088,0.6297232241304274
drun1238,sino1245,1.1765038120975455,0.3621071179907766
dual1243,atla1278,2.0666208391691923,0.4136164878743216
chug1252,sino1245,2.030967286766258,0.3660925980492573
dumb1241,aust1307,2.2823272441713964,0.6012189814845983
dumi1241,sino1245,2.8707017822915315,0.4669110126014142
duna1248,duna1248,0.0215490131571316,0.5842713183103925
dupa1235,aust1307,0.4323530996423963,0.321595051331208
duru1236,drav1251,2.980473274371695,0.8997138549924677
dusn1237,aust1307,1.0927691899199836,0.4021279103393715
dutc1256,indo1319,4.173118735513846,1.913350212411448
dyir1250,pama1250,-0.0700117529679171,0.4921829446128765
dyul1238,mand1469,1.8063470916679047,0.62387480799153
dzao1238,hmon1336,-1.361205351202894,0.6642162946322134
dzon1239,sino1245,2.1531454406631814,0.4386354856762917
east2443,aust1307,2.4755077126290863,0.3405690303262387
tang1336,sino1245,1.7983407580266668,0.314028321684566
nucl1235,indo1319,5.097968797118206,1.6562518377664794
east2379,pama1250,0.8633431037144598,0.5667922922703577
sout2896,aust1307,0.8029312924614429,0.3568280321392114
east2555,tupi1275,1.8946651369141527,0.8674618008374875
east2332,aust1305,-3.115637750936542,0.5860539882533247
east2563,aust1307,-1.564990753016428,0.6035555031856359
east2690,afro1255,4.236744712830912,1.6232769856882174
east2556,otom1299,2.183990808419655,0.6299710678191781
east1236,aust1305,-3.106293973551708,0.5925414343842523
east2342,sino1245,-0.5951713030317902,0.3997152356570028
east2782,atla1278,3.814166987816471,0.8833141661441566
east2328,ural1272,4.342665712777272,1.926010985787851
east2333,aust1305,-3.0913588187067624,0.5857345109908865
east2773,sino1245,3.056425537063953,0.4973761460807702
panj1256,indo1319,3.744294188836799,1.3172794605985991
east2485,aust1307,-1.2890607634789084,0.3871813151746779
fina1242,aust1307,0.8361004515082913,0.276135464829466
east2694,aust1307,0.1808403015307709,0.346158372699747
east2447,aust1307,-0.8037298955420982,0.9497982029849884
east2516,nucl1709,0.9924642444643512,0.3007555262312209
east2440,aust1307,1.02768288549401,0.4406522320119301
huaa1248,tuuu1241,3.4128385884853856,1.562054646425476
wall1257,aust1307,-0.7330712391404395,0.8662774511483406
egaa1242,atla1278,1.2289292195671844,0.5984959759853283
egyp1253,afro1255,3.9670015631649087,1.6146029884162618
eipo1242,nucl1709,0.7805487314264317,0.3270780092375873
ekar1243,nucl1709,0.8172378592560292,0.4258984628737035
elem1253,atla1278,1.5422458393274086,0.4111138455052439
elip1238,atla1278,2.782024412518845,0.3991317220799102
elna1235,utoa1244,3.917771593705588,1.1477286196984222
emae1237,aust1307,1.874163186175042,0.3563067537184703
emai1241,atla1278,2.0182033832216257,0.4221962783710866
embe1260,choc1280,0.8628524146617271,0.6899394679446442
embe1262,choc1280,1.5470780217043054,0.7227910680138518
stan1293,indo1319,4.215595897318891,2.070963185459653
enuu1235,sino1245,-1.4562977061595637,0.3895077948616312
epen1239,choc1280,1.496007889550811,0.7266539951693463
ersu1241,sino1245,1.096058402908494,0.4028814717701121
erzy1239,ural1272,4.421981138512342,1.8543378330709936
esan1238,atla1278,1.393695633212863,0.4152614213497383
esee1247,koia1260,1.0359261010678062,0.495905517592996
esee1248,pano1259,2.2743786727205078,0.7460200062063476
esim1238,atla1278,1.6352901644590627,0.3250524686421623
esto1258,ural1272,3.7824889344872057,1.6137270013343796
eton1253,atla1278,2.882204582488137,0.4192020484051624
even1260,tung1282,3.4102144415032183,2.5700392458578287
even1259,tung1282,3.442472716782889,2.26408854790634
ewee1241,atla1278,1.3158041080819955,0.450709484385499
fala1243,sino1245,0.9342114878786032,0.369144580421183
fare1241,atla1278,2.492941689454464,0.52114540119265
faro1244,indo1319,3.945477289990433,2.449369995273563
fasu1242,fasu1242,1.211658862580351,0.6190696128347741
fefe1239,atla1278,1.9175084098081372,0.3616209845381433
fiji1243,aust1307,1.7314236278751425,0.9646028412338756
fili1244,aust1307,-0.4493563481896345,0.3758885443513335
filo1235,toto1251,2.56734803235872,0.845281006693746
finn1318,ural1272,3.4369309129615373,1.6584600852891955
fipa1238,atla1278,3.2396092263924263,0.6650012252851432
foii1241,east2499,0.5686621743498317,0.5918923314535274
fonn1241,atla1278,1.1264184305575589,0.4592344179633283
fore1270,nucl1709,0.3580331314928877,0.2843362068197743
fore1265,ural1272,3.54268965221287,2.361985031439942
fran1266,mixe1284,2.775223533272217,0.9048365690674228
stan1290,indo1319,4.367577893976845,1.936533150281588
fuln1247,fuln1247,2.7129690528852706,1.8478818037596128
furr1244,fura1235,2.38135624865992,0.9858821815387088
furu1242,cent2225,1.4384526313054091,0.6169733855406987
futu1245,aust1307,1.8667966679855383,0.5387559354331155
fuyu1242,fuyu1242,1.4948780407558435,0.6367616243347816
gaaa1244,atla1278,1.4081688174218498,0.5291615238172187
gaaa1245,atla1278,1.264781816281355,0.3674271625933194
gaam1241,east2386,2.636955612416107,0.941211183480538
gaan1243,afro1255,2.135976038558025,0.3985188235192192
gada1258,aust1307,0.0575110379362555,0.2876969013001451
gade1242,atla1278,1.7026354757773263,0.4132649337890455
gaga1249,turk1311,4.396950851739151,1.9659587487172177
gala1264,afro1255,2.3728652595808346,0.4473229437576185
gale1259,nort2923,0.7072790937767754,0.5715632743870005
gali1262,cari1283,2.847216356542261,1.2422115666988964
gali1258,indo1319,4.38789729405196,2.148355196190292
galo1242,sino1245,1.8107893207348296,0.3599921242354922
gamo1243,gong1255,2.3346814182873867,0.5652098240895937
gand1255,atla1278,3.054455682376407,0.5348920275776807
gang1267,tang1340,1.218122103414169,0.7449463646491932
gang1266,sino1245,1.7731221119265692,0.3180340194238593
gant1244,nucl1709,1.0489225977427914,0.2764411904636441
gapa1238,aust1307,1.4543844533445125,0.3407816302244377
boht1238,afro1255,4.729514871943304,1.5446122319667377
gari1256,araw1281,2.211549661282291,0.8486679188981361
garo1247,sino1245,2.1250828539760045,0.4194016023395877
gara1269,garr1260,1.3821820588920026,0.8510597101786339
gata1239,aust1305,2.5869091146498,0.7543471548355654
gayo1244,aust1307,0.5046633351387897,0.5684445453975457
gbay1278,atla1278,2.429885168190243,0.5410832910238659
geba1237,sino1245,0.409729089670503,0.416346503726559
gebe1237,aust1307,1.2636328386963172,0.4657245484558721
geda1237,aust1307,1.4031705972187067,0.3100712068995785
gela1263,aust1307,2.1803475576460896,0.4402729317611062
geme1244,atla1278,1.9867340903267543,0.5625643198289434
nucl1302,kart1248,4.736235137990651,1.8228755077734675
geru1240,afro1255,2.462182507108787,0.4719807532220734
gese1240,aust1307,1.6523429262886362,0.4699651749515992
ghad1239,afro1255,3.695168333802016,1.5768111812759953
ghan1242,aust1307,1.649623835573792,0.4011748973788847
ghar1239,aust1307,2.207797386014161,0.4436745133306226
gheg1238,indo1319,4.675324879285407,1.7776820066876042
ghom1257,afro1255,3.586868705799278,1.841309865376394
gida1247,afro1255,1.986676744365555,0.3987192952621812
giiw1236,afro1255,2.401333758877889,0.4402791353557465
gilb1244,aust1307,1.3437056225543769,1.140742527042808
gira1247,nucl1709,0.3923687444443204,0.2541832222514979
giry1241,atla1278,2.2305287892951298,0.613879613652387
gizr1240,east2503,0.9843015369491492,0.5641963344861987
glav1244,afro1255,2.11709113778644,0.388641606512174
gobu1238,atla1278,2.679796013110705,0.5236568522876319
ghod1238,nakh1245,4.88888817032076,1.6625126270826875
goem1240,afro1255,2.20321310047632,0.4663799127940096
gofa1235,gong1255,2.1452115509439382,0.5678216843879671
gogo1265,suki1244,0.5306724405243639,0.6252625609967906
gola1255,atla1278,1.6665084353987432,0.7146206324788849
goli1247,nucl1709,0.2807977375797112,0.2765339834894127
goon1238,buna1274,1.2772579970757707,0.845170008512548
goro1270,afro1255,1.8887914468949931,0.6142481048934738
pare1266,aust1305,2.4464416519955607,0.7121660504475096
gras1249,koia1260,0.8233385107193926,0.5222036943021515
guah1255,guah1252,2.0648023684204517,0.9181426591258588
guam1248,barb1265,1.5991967499149635,0.7459825424705495
guat1253,guat1253,1.7176567844605823,0.9978641445496744
gube1234,atla1278,2.8045244293880174,1.0212025933722542
gude1246,afro1255,2.011339147738464,0.3872416707478914
guer1243,otom1299,1.3955817374261004,0.4522808743992077
guhu1244,nucl1709,1.305570409624805,0.350663134511529
guiq1238,sino1245,1.4682895444739548,0.4237299251711346
gulf1241,afro1255,4.4548084009810704,1.661485196324752
guma1254,aust1307,1.571601221534544,0.3734010102960132
guny1241,pama1250,1.2578664657692935,0.6415807993574414
gura1251,indo1319,4.407122935069367,1.66903681255075
guri1248,guri1248,0.5825058783176209,0.5759948399196926
guro1248,mand1469,1.7605586668368889,0.633116025832503
guru1261,sino1245,3.0946753344559017,0.4767560089746938
guru1271,afro1255,2.3388561920908684,0.446804434174362
gusi1247,atla1278,3.048433486956573,0.5335738687249787
gugu1255,pama1250,0.3277368946455097,0.5125166213635595
kwam1249,koma1264,2.045650482156362,0.7722624752838714
gwen1239,atla1278,2.148294243965735,0.5196864351949291
gyel1242,atla1278,2.329408445135667,0.5118387331650793
haaa1252,atla1278,2.697395373801632,0.636684687891814
hadi1240,afro1255,2.637639155113994,0.6023991369391717
hadz1240,hadz1240,2.8391117074936485,0.9405057486776638
haka1240,sino1245,0.9172190163850582,0.3687168820525723
hakk1236,sino1245,0.2496003933706938,0.6107211407984958
hala1252,aust1305,-3.206459268653305,0.5758257217273925
halh1238,mong1349,2.843922380917417,1.5700837687628204
hali1244,aust1307,1.47759918054397,0.3968770000379833
halk1245,sali1255,3.173499583489163,1.337447702400853
hame1242,sout2845,2.374484047506208,0.7961780062712438
hang1263,nduu1242,0.692312433464692,0.4942026780318098
hani1248,sino1245,-1.6322815200245924,0.4160523098300022
hano1246,aust1307,1.8189100570260888,0.3413409361863979
haro1237,aust1307,-1.7093030748233644,0.5759532621071148
haru1245,piaw1238,0.8437586261397636,0.5668459110051973
hass1238,afro1255,3.4882528285074264,1.3400146126417534
hata1243,hata1242,0.2022227526254751,0.5891658140110683
remo1247,aust1307,-0.3198872019143217,0.3410794903489971
haus1257,afro1255,2.56749214020212,0.5421159004928371
nige1253,atla1278,2.519440521006115,0.4887986970684377
hava1248,coch1271,4.127158305395377,1.626899467921707
hawa1245,aust1307,0.4099612968462169,1.6037974266884718
sabu1255,aust1307,0.3738001785456637,0.440945020389905
hdii1240,afro1255,2.1246303957192203,0.3712978648996836
hehe1240,atla1278,2.227299387046284,0.554898025447847
heil1246,waka1280,2.0259050150852285,1.3962070145174454
here1253,atla1278,3.024710387605511,1.0536803283719365
hert1241,afro1255,4.655434806115425,1.569228711080492
hida1246,siou1252,4.468901553094706,1.901732906442029
high1276,mixe1284,2.849933781193179,0.8629468024455869
high1278,utoa1244,2.992078599081892,0.7466031214808071
high1243,toto1251,2.7311681737810085,0.8612916278366738
hili1240,aust1307,-0.1416344077903923,0.3717702660780793
karb1241,sino1245,1.3293942219620078,0.3255921638177952
hind1269,indo1319,3.940818785955926,1.2344755200173845
hinu1240,nakh1245,4.80987384376416,1.6574725992435524
hixk1239,cari1283,3.3318261355367165,1.108616926937222
hlai1239,taik1256,-1.4084878452165503,0.7028073561118706
hler1235,sino1245,-1.2536195832359909,0.3723770476657342
hooo1248,aust1305,1.759409912105813,0.5862202537704966
hoav1238,aust1307,1.865049109661869,0.4031528112984142
ainu1240,ainu1252,2.587270760085735,1.9692795330486048
holo1240,atla1278,3.359083150467936,0.7256905185529794
hone1235,atla1278,2.4588992177205267,0.4158274102705501
honi1244,sino1245,-0.8303305792362328,0.3829872540333396
hopi1249,utoa1244,4.670237209365121,1.4188011293973737
hote1245,aust1307,1.594831918712357,0.3007641000144971
hozo1236,maoo1243,2.333666077879894,0.799889849646533
hrus1242,hrus1242,0.9347417374771546,0.7461379925673417
huuu1240,aust1305,-2.342003970022061,0.4577458308721338
hual1241,quec1387,3.2792168107506776,0.9658072699983822
huam1247,jiva1245,2.7141867635202424,0.956066494423272
huar1255,utoa1244,4.301847050169254,1.3473161931565143
huas1242,maya1287,3.7227975898824655,0.987781502166976
huba1236,afro1255,2.0740653574641685,0.3840152922318407
huic1243,utoa1244,3.978101075299669,1.113930892521006
hula1239,aust1307,2.0915807493968184,0.3820476770117489
hula1244,afro1255,4.501911339017675,1.6161480981389795
huli1244,nucl1709,0.7827165878098454,0.3193734059604058
humb1243,song1307,2.9873483017471543,0.995808281027522
hung1275,aust1305,-2.383831191032433,0.5636134380962226
hung1274,ural1272,4.086561564118879,1.8146596520517777
hunz1247,nakh1245,4.818809678305138,1.6547577201482464
hupd1244,nada1235,2.892590783461213,0.8865456739341027
wyan1247,iroq1247,4.073251067946007,2.030862800422508
hyam1245,atla1278,2.5450788512343783,0.4407220882297129
iaai1238,aust1307,2.359632166881859,0.5185167861348337
iama1237,aust1307,1.5638481854814588,0.3630564344082452
iatm1242,nduu1242,0.7912356427396241,0.5002874737773046
ibal1244,aust1307,0.7556495135179229,0.2937835556559842
iban1264,aust1307,-0.6191995017253495,0.4567559856619252
iban1267,aust1307,-0.1076806121330133,0.3088855128331422
ibat1238,aust1307,0.3118683568284823,0.3789798044993029
ibib1240,atla1278,2.2864346282708228,0.39660529285766
icel1247,indo1319,3.952613079677541,2.797217900828372
idaa1241,aust1307,-0.4789395122990769,0.3773715838066067
idii1243,paho1240,0.971151864356449,0.6073975187067608
idom1241,atla1278,1.700031338438463,0.3988462441645639
idum1241,sino1245,1.771679417297228,0.4405209001129675
idun1242,aust1307,1.525428708337793,0.3556455322273306
nucl1417,atla1278,1.3913800078965055,0.4296152082246047
igna1246,araw1281,2.7135051717458887,0.7632442866305063
ikkk1242,kuli1252,2.4573108735798592,0.8197620488913175
ilaa1246,atla1278,3.0122572992758005,0.8268625363252755
ilia1236,aust1307,-0.0944217037902528,0.3217942136773883
iliu1237,aust1307,1.0382045777925573,0.3953898503582729
ilok1237,aust1307,0.5363975252396314,0.2958061442852719
ilon1239,aust1307,0.6512471389622108,0.2984425140969948
imba1240,quec1387,2.230298678070996,0.7871577155111802
imon1245,bord1247,-0.0488163027374042,0.580535687573823
ingr1248,ural1272,3.905263778556837,1.6536782781902826
ingu1240,nakh1245,4.837008608982615,1.6867021849268091
alba1269,aust1307,0.4199052783241945,0.3832583872859656
iqui1243,zapa1251,2.257924051805995,0.8862274428324635
iran1262,aust1307,-1.13592618245342,0.3988234367028842
iraq1241,afro1255,2.6116475938804284,0.624889152826785
irar1238,aust1307,1.3301387954845052,0.4168209396572941
iray1237,aust1307,-0.3464127581885134,0.3771232712798591
iris1253,indo1319,4.19201315911334,2.274877141153862
irul1243,drav1251,3.5627186339447485,1.1292716727578245
kris1246,skoo1245,0.5091009509498101,0.6015802134459776
isco1239,pano1259,2.8116779919827417,0.7923130393466793
isin1239,aust1307,0.764902385364387,0.2867021794283628
isir1237,kwer1242,0.7748688728352411,0.6139887456950377
isna1241,aust1307,0.4651973443906134,0.3392706972533075
isth1240,utoa1244,2.577223135474116,0.7285152324737054
isth1242,utoa1244,2.5678157100959385,0.7293166885201567
isth1241,utoa1244,2.6260010102441123,0.7303132978950329
ital1282,indo1319,4.5364324545720525,1.7907302322207777
ivat1242,aust1307,0.5508303639313197,0.4190562031806677
iton1250,iton1250,2.448221460641169,0.9131860670341037
itza1241,maya1287,2.770108624203815,0.8167615284880179
iumi1238,hmon1336,-2.400972660405809,0.6951790109549081
iwai1244,iwai1246,0.907589260682022,0.7088076732057527
iwal1237,aust1307,1.6174841819835384,0.3046602687228947
iwam1256,sepi1257,0.5561567668702905,0.4061589192674497
iyoo1238,nucl1709,0.5453197276316906,0.2816015963047422
jahh1242,aust1305,-1.239497265851094,0.5073778996604554
jalk1242,mand1469,2.2665866924064053,0.6449628515657615
jamb1236,aust1307,-0.308089199265886,0.6367695532014652
djam1255,mirn1241,1.279071467910011,0.6588910756622357
jams1239,dogo1299,2.283019532346952,0.918834873946555
nucl1643,japo1237,2.998569413417636,1.6147988361474113
japh1234,sino1245,1.1921008084906164,0.4658844143590168
jaqa1244,ayma1253,2.929335714379752,1.162029046603157
jara1266,aust1307,-1.963997859050032,0.564588625922271
jaru1254,pama1250,0.2147382009248475,0.5342927529941748
java1254,aust1307,0.0093474105732394,0.6166016017764959
jede1239,aust1305,-1.16731180715089,0.4952782860139262
jehh1245,aust1305,-3.14171518028352,0.5842093655729887
jeha1242,aust1305,-1.3775774791120254,0.5016704704899051
jenn1240,drav1251,3.7105519645087552,1.1632837623690129
jeru1240,sino1245,2.958930068767605,0.4809126130046426
jiba1237,atla1278,1.4105454148738157,0.3830949827091126
jina1244,afro1255,2.243892345708515,0.4188805478931376
djin1251,mirn1241,1.2574880107786566,0.710699421026658
jita1239,atla1278,2.600504135131973,0.5394238930429651
jjuu1238,atla1278,2.430075224034,0.4597282207826363
juan1238,aust1305,2.118075388096605,0.6726601599526063
juku1254,atla1278,1.9473390435174305,0.3391025138654062
jurm1239,cent2225,1.067777270554499,0.4959989370051101
kaba1281,cent2225,0.9778253795036684,0.5408788863509444
kaba1278,abkh1242,4.720393308710377,1.8563081895196665
kaby1243,afro1255,3.8145784215349448,1.7769118515056452
kach1284,gong1255,2.4338687001777384,0.6238642463261268
kada1242,drav1251,3.743229126212216,1.1799587355377046
cent2100,aust1307,-0.7301068976951273,0.3457355944094176
kado1242,sino1245,-0.6932891627637423,0.3731139910546934
kafa1242,gong1255,2.0087934602969804,0.5680505348877007
kaga1256,aust1307,0.0740486629751129,0.4062571773007812
kagu1239,atla1278,1.811289229170424,0.5312697687243286
kaik1246,sino1245,3.331571306139168,0.6960320531267024
kain1272,nucl1710,0.7006268610937967,0.980221493716309
kair1263,aust1307,1.5478551990597411,0.3499628290606145
kaki1249,kaki1249,1.534902988919209,0.6286868951522298
cacu1241,kaku1242,2.873380929074892,0.9255542537341772
kala1399,eski1264,3.6244859900537705,3.187420407830857
kala1388,aust1307,-0.094704245086703,0.3433020127666149
kala1377,pama1250,0.9334081730041112,0.5644180591499453
kara1499,west2604,1.3006841726355949,0.7305863370461942
kala1384,atla1278,2.5631287037368544,0.900344441639858
kali1308,sali1255,3.745237428257398,1.4807093531992348
kalu1248,bosa1245,0.1531109151076,0.546062050551333
kamm1249,atla1278,2.176295458273044,0.3665049904774213
kama1370,nucl1709,0.4181745893757316,0.273294172167517
kama1367,nucl1708,0.8591907495609321,0.4863816242447956
kamb1316,afro1255,2.648112125624287,0.6021320981234033
kamb1297,atla1278,2.9383563153190293,0.574205162734994
kamb1299,aust1307,0.696466117708394,0.4601859486379225
kamo1255,nucl1709,0.6670503151794418,0.4366879612397332
kamu1260,kamu1264,0.3559799666370682,0.5805443657620186
kana1286,aust1307,-0.532387009967463,0.3517935803448266
kana1288,daga1274,-0.028006325061155,0.5697445117835196
kani1286,nucl1709,1.2424791234982486,0.2773424371739077
kank1243,aust1307,0.8397594116312452,0.2857695573851644
nucl1305,drav1251,3.9038718160093673,1.1807894559250816
bidy1244,atla1278,3.354990836690913,0.9389429173126724
kaon1241,atla1278,3.011678924957476,0.8303103043192461
kapi1249,aust1307,1.1269078432086452,0.6268449451506672
kaqc1270,maya1287,2.5446453707480967,0.7636273223362502
kara1482,cent2225,1.715917564061875,0.6517880399573008
kara1476,pama1250,0.3246077029188052,0.5392925709523002
kara1500,nucl1710,1.982140879104333,0.9449803462934891
kara1487,aust1307,0.7980162459881719,0.2773778378293663
kara1486,aust1307,2.283196498081442,0.417729124462205
kare1338,atla1278,1.911561524631516,0.4457325278452044
kare1335,ural1272,3.6831220767482336,1.769362226514868
kari1306,atla1278,2.28912321307442,0.5312757110083126
kari1311,tupi1275,2.082900820860325,0.7746550845458398
kark1258,pauw1244,1.0235705582296286,0.5884966993088221
karn1252,aust1307,1.7230336206399066,0.3279170950433379
karo1304,karo1304,2.8709491731021477,1.575150757946565
kash1277,indo1319,4.027380571437613,1.5115071447790285
kask1239,atha1245,2.6783400640272976,1.850116787277348
newa1246,sino1245,3.2027040068820143,0.5324395112804252
kats1235,sino1245,-1.361072588353834,0.3892001411721595
kana1291,katu1274,2.923176657371902,1.0273480116304987
kaur1271,kaur1274,1.0313467969337369,0.6322304899613922
kava1241,aust1307,0.691705360544417,0.4260157033318856
kawa1283,utoa1244,3.686986396157876,1.4344164420603227
kaya1315,sino1245,-0.316124875378085,0.4050162430467616
kaya1319,tang1340,1.2208501213360667,0.7308909581710319
keap1239,aust1307,2.058769460940006,0.3871126717842901
keda1252,aust1307,1.2576958251866477,0.3567452855724435
kera1248,atla1278,3.5478235347468665,0.9801289924512976
keig1242,kadu1256,2.535398250063432,0.8479260923503542
kele1255,atla1278,3.19100491139125,0.6219213035033713
kele1258,aust1307,2.249998481315386,0.4247574262679867
kele1259,aust1307,0.7370147956629916,0.2865411689742378
keme1240,atla1278,1.5962222676087268,0.3321175587886524
keng1240,cent2225,1.2836423880177894,0.5984378917740676
kens1248,aust1305,-0.6949064750315923,0.480753776182599
kenu1236,nubi1251,3.523299888862258,1.5033440929210429
keoo1238,aust1307,0.6293986569690408,0.4021801061298808
kera1255,afro1255,2.094298277519967,0.4294826065811956
keri1250,aust1307,-0.4792431987915526,0.6219620701601083
kesa1244,nucl1709,1.181443561312975,0.266611960515811
kett1243,yeni1252,3.64849911382085,2.3709263155786955
kgal1244,atla1278,2.7156381103933667,1.0814700010064802
khak1248,turk1311,2.8445754906175758,1.76375936895574
khal1275,sino1245,2.650890760876567,0.4537422742659172
kham1282,sino1245,2.4099863006205875,0.705205563059963
khan1278,atla1278,2.2291379173178565,0.4075580158851419
khan1274,aust1305,-2.2284348408978656,0.5179456485601825
khar1288,sino1245,1.870009148965208,0.3092136969766437
khar1287,aust1305,2.337948205336612,0.6843393818153096
khas1269,aust1305,0.6037524570160286,0.4374882413890142
khez1235,sino1245,1.81483700902019,0.315248027637232
khin1240,nakh1245,4.787278234732009,1.6951255305120214
khmu1256,aust1305,-1.964108912577283,0.4824812559834273
guan1266,sino1245,1.738116884187897,0.4546383912665712
khum1248,sino1245,1.5571328199152976,0.3672583067150903
khva1239,nakh1245,4.809902717858138,1.6570356086099205
kich1262,maya1287,2.6765006739810966,0.7650030277694184
kiku1240,atla1278,2.3321127065824285,0.5507315134471806
kile1243,tung1282,3.1368397540287707,1.7026287289156494
kili1267,aust1307,2.257317890886649,0.3886429576698509
kimm1246,atla1278,1.5051022270561898,0.4502567808138789
kima1246,kolo1268,0.3310398462534285,0.596309219139334
kima1244,aust1307,-0.904892279531901,0.3604022764578367
kimm1245,hmon1336,-2.6519031197071863,0.7107731932294263
kina1250,aust1307,-0.0730030416896747,0.373607275403836
kinn1249,sino1245,3.823794421610777,1.0560298233838528
kiow1266,kiow1265,4.201129429493507,1.7349426605388394
kips1239,nilo1247,2.6272794440470206,0.7686949695125311
kelo1247,timo1261,-0.4606670990142099,0.5052581261683762
miju1243,sino1245,0.8961198185758895,0.3899020671052007
kobo1249,nucl1709,0.2393863488032719,0.2804098884858197
koda1255,drav1251,3.853351969866425,1.1933163030952634
koho1244,aust1305,-2.5579244292114542,0.6080773472951253
koir1240,sino1245,1.825738151160391,0.315430319287699
koit1244,koia1260,1.637827513783957,0.5377464636101541
koka1244,pama1250,0.7370477027474158,0.6888558677856622
koko1269,aust1307,2.6560281725439507,0.4465489703838265
kola1285,aust1307,1.2613313211190735,0.468409714174796
kolb1240,atla1278,1.2862739125505829,0.3838557967107312
kolc1235,atla1278,2.281348903852061,0.4793413598832354
kolp1236,kolp1236,1.6002688484110004,0.7005308759796796
kolu1245,aust1307,1.5410636507483482,0.3606740574064075
komb1274,nucl1709,0.1619725951188664,0.333466859852118
komc1235,atla1278,2.2958799122317664,0.3233210341354988
komi1270,sino1245,1.7341130776411724,0.3204317019508993
komi1269,ural1272,4.187649936154075,2.1175187547316097
komi1268,ural1272,4.071203009779781,2.2319243691643758
komo1260,atla1278,2.5799703974079726,0.628945814549029
kona1242,east2433,0.7482858256765084,0.5669615971065065
konk1267,indo1319,4.192314559407466,1.4122278099758383
kons1243,afro1255,2.4993984684016293,0.5671635910320898
kony1248,sino1245,1.6177035805153908,0.3204860668500444
konz1239,atla1278,2.4972452011821997,0.539448936333069
koon1245,atla1278,2.8666379015170547,0.5117866082869211
koor1239,gong1255,2.2279418612933224,0.606275835585711
kora1294,nucl1709,0.3609509782583131,0.3966245125460319
kore1280,kore1284,2.363069740171634,1.559494103953004
kore1283,tuca1253,1.842276559949677,0.7262039326695042
kork1243,aust1305,3.017633651902889,1.033902856313888
koro1298,atla1278,2.2552172570675,0.6454881763379214
koro1313,sout2948,0.8991144879622894,0.5719203453082047
koro1312,nucl1709,0.2072614929025282,0.3399245481939195
korr1238,drav1251,3.958406830531755,1.224550209518171
kosa1249,nucl1709,0.710640593665977,0.3552307359300095
kosr1238,aust1307,2.3753182323989552,1.0095936418162696
kota1263,drav1251,3.824236683711081,1.1530339214062364
koti1238,atla1278,2.1873971431425883,0.8262192894087419
guan1269,tuca1253,2.854492205038836,0.7438886523224459
kova1243,nucl1709,1.3757270977070302,0.3633273920799027
kove1237,aust1307,2.342722660416116,0.3559122680799946
koya1251,drav1251,3.646539479341069,0.9648027131524848
koyr1242,song1307,2.7336272152933816,1.1134639118947796
koyr1240,song1307,3.3953110093749723,1.0764538076883206
koys1242,afro1255,4.005135763505086,1.5580137844040194
kren1239,nucl1710,2.582432230691683,1.4465898052069712
gbay1288,kres1240,1.3022284098261374,0.7928688695837773
ngeq1245,aust1305,-3.1928810815070063,0.5754770040964092
kron1241,kadu1256,2.5432184296967533,0.8203137416754771
kryt1240,nakh1245,4.784871155151006,1.6999006953704905
puoc1238,aust1305,-2.881612152141209,0.5438404677700479
kuan1248,aust1307,2.248348760731389,0.3513430430136806
kuan1247,atla1278,3.753625243249076,1.1778491786206966
bayo1255,atla1278,3.5059016791899555,0.9817889477970811
kuii1252,drav1251,3.460239257602132,0.8765628459121091
kuik1246,cari1283,2.570932729845043,0.9768638537125702
kuku1280,pama1250,0.3997581015323876,0.4855477732670628
kuku1273,pama1250,0.9493408122774548,0.5081998417922393
kulo1237,aust1307,0.1933790773142889,0.3599821210294585
fait1240,nucl1709,0.4397992215942214,0.2597929825176308
kulu1253,sino1245,2.6251850974832407,0.4537706705650381
kuma1280,nucl1709,0.4528629552353036,0.2707722235941818
kumb1268,pama1250,1.3963374558127684,0.8047789290559098
kumz1235,indo1319,3.993677717283612,1.8887750177531848
kuna1268,kuna1268,2.683417081770303,1.187882085187096
kunb1251,gunw1250,1.7180748046115308,0.6447284014052355
kuni1267,kuni1270,1.827846450493329,0.5461378560012462
kunj1245,pama1250,0.2132636835426955,0.5058184839304585
kuot1243,kuot1243,1.5095446142482911,0.7414168700972996
kurr1243,pama1250,0.91793786965092,0.6288864266421577
kurt1248,sino1245,1.8670596334799616,0.4147226237173629
kusa1251,aust1307,1.8156583135058528,0.400061501022968
kusu1250,kusu1250,3.0607127709719517,1.0935644162088085
kute1249,kute1249,3.5893845070482846,1.6093860480890751
kute1248,atla1278,1.3757631060616562,0.3373271645383062
kuvi1243,drav1251,3.421559754684402,0.8827028110955268
kuyy1240,aust1305,-3.189044359294285,0.5873153995299387
kwai1243,aust1307,2.762747313781788,0.4643570375440222
kwam1252,aust1307,1.9205560763837173,0.4863746719352635
kwar1239,aust1307,2.131035791063904,0.4515469147432021
kwaz1243,kwaz1243,2.4159420782671743,0.9334363523444305
kweg1241,surm1244,1.9958172635663696,0.700058120071926
nucl1595,kwer1242,0.5722610312767995,0.6034899049805436
kwin1241,worr1236,0.7436363272851496,0.6667700721067353
kwom1262,sepi1257,0.0351367126519219,0.4000572680270462
nucl1593,kwom1263,0.7780626123627952,0.579399185460864
kxoe1243,khoe1240,3.6253181576112015,1.3310976583297958
kyer1238,sino1245,3.161245167182055,0.5534482775063556
cori1240,atla1278,1.9082481287041533,0.4387248123344753
laal1242,laal1242,2.139902647444603,0.8342516618771696
labe1239,aust1307,2.1998241737717605,0.3674028311391915
labu1248,aust1307,1.4435799213912146,0.3008757009037408
labu1249,aust1307,-0.6815610152758969,0.3523819761524303
lach1248,taik1256,-1.927644225322618,0.5891862857650358
lafo1243,tege1244,1.858350222237222,0.8059518205812668
lagw1237,afro1255,2.2807854154733644,0.4285034854477372
zaye1235,sino1245,-0.2447724774596458,0.397340572338313
lahu1253,sino1245,-0.6686139582052315,0.3647594119826634
lahu1252,sino1245,-0.9343986228223116,0.3697502902492395
laiy1246,aust1307,0.983452225103273,0.4273009388000437
lakk1252,nakh1245,4.802286378618178,1.6714113221414069
lala1268,aust1307,1.6060018933340996,0.3565136422811386
lala1264,atla1278,2.6296254234730765,0.7653911267575801
lama1277,aust1307,0.8361536854069683,0.3729748343049506
lama1288,afro1255,2.1439248378860967,0.3735482087840038
lamb1269,indo1319,4.025441891739703,1.2792455374156
lamb1273,aust1307,0.6137173799277345,0.4810934397802882
lamb1272,atla1278,2.387694128512671,0.6105665827169755
lame1260,aust1307,1.924734208717,0.3281320284033588
hela1238,sino1245,3.131856602776616,0.5296653578650501
lamk1238,sino1245,1.6568059441301854,0.336695185934631
lamo1244,aust1307,1.75699802227001,0.3441346808351397
land1256,atla1278,2.6243472484020547,0.7897246363591783
lang1320,atla1278,2.171539854200187,0.5114667172617504
lang1324,nilo1247,2.395130724648328,0.7404124460164883
laoo1244,taik1256,-1.9924937117061072,0.6611306937721126
lara1258,lara1258,1.303691882880746,0.7234266653624029
lard1243,tang1340,0.9911562310404324,0.7258003699183226
lash1243,sino1245,-0.2626574976420845,0.3401234719178645
teke1275,atla1278,3.5538789876380408,0.7209017654757535
latv1249,indo1319,4.303944235209514,1.7516841816300652
lauu1247,aust1307,2.7259453163222997,0.464893391255103
lave1248,aust1305,-2.5953541621818528,0.5674494831029282
lavu1241,lavu1241,2.2042537458934,0.8116209851897809
lazz1240,kart1248,4.546616767385393,1.8361806147384008
lega1250,atla1278,2.7741829188988665,0.6714280136396584
lega1249,atla1278,2.833116020384865,0.7064441554413659
lele1276,afro1255,2.1339630956901163,0.4656748021813959
lele1267,aust1307,1.9780266404350464,0.3801224260369862
lele1270,aust1307,1.6067229667588985,0.4347932889426684
lemb1266,nucl1709,0.9291248549127415,0.2998283547616998
leme1238,aust1307,1.7521157450154408,0.40522868939063
bela1260,aust1307,-0.724217907369118,0.3821396836522717
lena1238,aust1307,1.9247704366327452,0.481520900929449
lend1245,cent2225,1.7566471962592058,0.5255603838731662
leng1259,aust1307,2.2186212375097973,0.4454876592894745
lepc1244,sino1245,2.428212778172001,0.4528553452419093
lese1243,cent2225,2.166303476399584,0.5448701726301866
leti1246,aust1307,1.9589547248461143,0.425691097179846
lewo1242,aust1307,1.9339888768105336,0.3411235610028735
lewo1244,aust1307,0.8158001563241684,0.3734892001224867
lezg1247,nakh1245,4.792289862801286,1.6860243433659772
lian1251,sino1245,1.897948672924376,0.3153252276169773
libi1244,atla1278,3.1318206206813324,0.5554059133579505
liby1240,afro1255,3.2817024277651,1.193264138526084
lihi1237,aust1307,1.611787877288066,0.3971785788445299
liji1238,atla1278,1.7829225139978204,0.4062700939615324
lika1243,atla1278,2.752829319325506,0.5324970066082391
lill1248,sali1255,3.1276558716810694,1.3377502875669491
limb1266,sino1245,1.9087906299669717,0.4489765892601451
nucl1327,limi1242,0.8049700621985587,0.7059329187589163
limo1248,aust1307,0.7222053974167759,0.3062253808038155
lipo1242,sino1245,-1.1092558520664302,0.3622183006074473
lish1245,afro1255,4.64613098800032,1.5566146875630498
lisu1250,sino1245,-0.1137981910132028,0.3350272263182345
lith1251,indo1319,4.343823427133058,1.759867439851742
lito1235,atla1278,3.1693508548954847,0.5451482503707377
livv1243,ural1272,3.7694782497721966,1.6542126546844704
loba1239,atla1278,2.651179150716187,0.553380725094037
logo1259,cent2225,2.0585722188379587,0.5006358716501844
balo1261,atla1278,3.419818066585341,0.596400640354434
loka1252,atla1278,2.3899813776686427,0.3801708607777425
araw1276,araw1281,3.561627040362036,1.241717138702814
lolo1259,sino1245,-1.0432447545144978,0.3622068367877311
loma1260,mand1469,2.303705043608224,0.7220059712983105
lomb1257,indo1319,4.484400926468469,1.8103285660996584
chiq1248,chiq1253,2.3695202124452432,0.9919585976020482
acha1249,sino1245,-0.2011078703018531,0.3565840533128335
long1395,aust1307,2.1062077235878105,0.4570347261633118
loni1238,aust1307,1.6259866961352354,0.4277844267984312
lonw1238,aust1307,1.7489263807319444,0.3189615229451252
lote1237,aust1307,1.6906284812478856,0.3547494497029424
loth1237,sino1245,1.6870257402228477,0.3168475763439247
lotu1250,aust1307,-1.458792350974791,0.3527840941496007
louu1245,aust1307,1.5754572548494978,0.4256917828980175
vano1237,aust1307,1.456884312318109,0.4536923339831382
lowl1260,tequ1244,1.7950501102832417,0.8472531556387621
lowl1265,utoa1244,4.271696593087962,1.3314912043142546
lozi1239,atla1278,2.928007716114564,0.8558853707703857
luan1263,aust1307,1.2499013692102088,0.4385449508289154
onto1237,aust1307,1.7305571330756948,0.5514989119391678
lubu1243,aust1307,0.0675168953179732,0.293316849392065
luch1239,atla1278,3.8158360240747338,0.9149190938147008
ludi1246,ural1272,3.923387083164041,1.7711817338206544
lugb1240,cent2225,2.108130937213494,0.5106039260627924
lugu1238,atla1278,2.7700876045562377,0.5565570078383639
lule1254,ural1272,2.7778869087773037,1.6708092813618831
lumb1249,atla1278,2.7522329287147773,0.8663928698762939
lumu1239,narr1279,1.9848197071547315,0.7732095105446724
lund1266,atla1278,2.949650147618585,0.8770423225650865
lund1271,aust1307,-1.2092393219442947,0.3720857792273211
luok1236,nilo1247,2.6481054165644355,0.7757308066598041
luse1252,atla1278,3.492472231792066,0.634339194464566
lusi1240,aust1307,2.336428736771866,0.3495793539528185
luva1239,atla1278,3.1776981578542958,0.9134010972908864
luya1241,atla1278,3.118611948764006,0.9034076762355276
maan1238,aust1307,0.2556042510389824,0.5223139889764776
maas1239,atla1278,2.4535982338596067,0.5150753218017963
maba1270,atla1278,3.209117597337812,0.5641474170492486
maba1277,maba1274,1.88420244353116,0.9120048286426972
maca1259,guah1252,1.854293437002981,0.8829886367176152
mace1250,indo1319,4.6628809033682455,1.7836036774049109
mach1267,araw1281,3.329109278572244,0.8424127854769146
maco1239,sali1297,2.9060534570730585,1.0435869428582514
macu1260,tuca1253,2.775539886538187,0.7337457353522372
macu1259,cari1283,2.8396217446150924,1.0504749256999788
mada1285,aust1307,2.295466919221837,0.3800144010320156
madi1260,cent2225,1.5883522328581623,0.5388852218547071
jama1261,araw1282,1.5255097586992412,0.931131330529182
madn1237,east2374,0.0031305850813074,0.6461375813640902
nucl1460,aust1307,-0.2097292148018175,0.5625505630012846
mafe1237,aust1307,1.9580080014789127,0.3338749136721768
maga1260,indo1319,3.060636565972225,0.8378111209771308
maga1263,aust1307,0.4433644325703376,0.325387090525064
magd1235,otom1299,2.137726283599968,0.4200858440804111
magu1243,aust1307,-0.042058886742204,0.330663533143277
maia1254,nucl1709,0.1582592324391534,0.2948461466032666
maia1253,nucl1709,0.7732322351413092,0.2954126615905466
mail1248,mail1249,0.3599761915179362,0.6481964086708785
nucl1594,mair1253,0.1915003816913911,0.6853860740430582
mais1250,aust1307,1.935898437963472,0.347384774649178
mait1250,indo1319,2.8478388146378224,0.7919722760749415
maja1242,surm1244,2.463568774849516,0.7234499717573142
maka1304,atla1278,2.8255712361200107,0.4692428529475467
maka1311,aust1307,0.6979342787910947,0.420597312112045
makc1235,taik1256,-0.9997510121745964,0.5347737811779831
makh1264,atla1278,1.8274109350044203,0.7475964914101372
makh1266,atla1278,2.5524794951835297,0.7393276899957035
mako1251,atla1278,2.0909867165029508,0.6841813198172764
maku1277,aust1307,1.2239629194834878,0.4122932828375134
makw1236,atla1278,2.733750772360051,0.6985532454531302
mala1463,drav1251,3.582906796964246,1.302282649236426
mala1534,aust1307,0.7086281647414787,0.3156633108181816
mala1464,drav1251,3.623598937555579,1.2668313616980835
mala1522,chib1249,1.461596480446998,0.6602092273573765
male1284,gong1255,2.255366873652737,0.5832436171739688
male1297,chib1249,0.7103483046209675,0.5986403870703727
male1289,aust1307,2.3354624695103845,0.3485318645185442
malg1251,afro1255,1.6770229436658006,0.416057559630437
mali1284,bain1263,1.5656204871229558,0.640204302855933
mali1285,otom1299,2.1837424410858097,0.4877964367173755
malt1254,afro1255,4.154508654023811,1.752985745918167
malu1245,aust1307,1.971713036550638,0.3203354055680605
mamm1241,maya1287,2.7576731419459706,0.7393690339383099
sauk1252,nucl1709,0.5481983380741544,0.2943490115242624
mama1275,aust1307,0.3098839535802091,0.3907275582929843
mamb1306,aust1307,0.4923205537664565,0.3797213149154941
mamb1294,atla1278,1.566156152353642,0.3953047781747867
mamb1296,atla1278,2.59272152263722,0.6758602635521074
mamv1243,cent2225,1.2790623028809638,0.5003064164512967
mana1295,aust1307,1.132439629986454,0.3292292631557822
mana1298,nduu1242,0.5231160231973078,0.4941019059593952
mana1288,sino1245,3.34164731878162,0.6396820825064982
payn1244,nucl1709,0.2857269365536483,0.264268900155796
mand1423,atla1278,2.89947475529584,0.625792726249617
mand1440,aust1307,2.257509215104517,0.4207024008432638
mand1415,sino1245,1.180305418152773,1.1167123938572714
mand1436,mand1469,2.618521492928497,1.0565462607580898
mang1378,aust1305,-2.732160440032972,0.4770667833196387
rapa1245,aust1307,-1.4798235578469356,1.430515915432338
mang1401,aust1307,-0.8036892322096345,1.3921791503592242
penr1237,aust1307,0.0200123980244031,1.0932516171026545
mang1381,mang1423,1.4313821191304692,0.7215173661136238
mang1394,cent2225,1.9067329952035832,0.5581871203255933
mang1404,aust1307,1.4324104674230609,0.2969372817418203
mang1405,aust1307,0.8284026302122093,0.4292538890666426
mang1403,aust1307,2.2923597719383166,0.3635206234716501
moni1237,otom1299,0.3931210382459142,0.7232704206071032
tong1308,aust1305,-0.7474514707126514,0.5075334843560144
manm1238,aust1305,-2.3290704829520363,0.4589851911148366
mann1248,mand1469,1.509223208800362,0.7206355646568992
mans1262,aust1307,0.1573831183726626,0.3929581550165686
mans1260,hata1242,0.2253961090430778,0.5962727200674673
manu1258,aust1307,1.6595291653900073,0.4555276642544248
maon1241,taik1256,-0.8692076010937646,0.5355789061823266
maor1246,aust1307,0.3216068724168222,1.444346091431365
mapo1242,aust1307,1.416708946980545,0.2953137091153035
mapu1245,arau1255,0.3771177281519362,1.377835913173986
mara1382,sino1245,1.1822727181392314,0.3909270194503644
mara1399,aust1307,2.605655010908289,0.3214626428494451
mara1379,sino1245,1.8413692012848517,0.3132371759011403
mara1404,aust1307,-0.0746566930934369,0.3305504615214656
mara1386,west2434,1.0217917479324492,0.598032308544791
mara1396,tama1329,2.640261413083171,1.0051812333889112
mara1378,indo1319,4.070687925436028,1.2742550882212047
marg1253,pama1250,1.344671758980628,0.6491101422762307
marg1265,afro1255,2.1759608144324925,0.3929799641797169
mari1414,drav1251,3.8370314774609424,1.0122889094180474
mari1440,coch1271,4.11076061040278,1.6241145094020228
mari1428,aust1307,2.0586385769021827,0.3084648890809434
nucl1622,anim1240,0.9545711263669046,0.6843654316935512
mari1416,sino1245,1.7248193063133312,0.3298696093489401
mari1424,west2434,0.7601082642284991,0.6004099740475151
moro1289,moro1289,0.3841539268371634,0.6708956493024201
maro1244,aust1307,1.8919511159218527,0.4208124661708163
mara1385,mang1423,1.5290049207374397,0.7395513302989309
mars1254,aust1307,2.4238333109957924,1.3375426158488666
mart1255,pama1250,1.3199016778418264,0.6793688402080011
maru1249,sino1245,-0.5941594860172483,0.3533382695941403
maru1252,pano1259,2.7811308924722096,0.7685237688111695
masa1322,afro1255,2.148096265002917,0.4373322532045929
masb1238,aust1307,0.2610551330933628,0.3736175443085252
mask1242,aust1307,1.8940926469883477,0.32285251148592
matb1237,aust1307,1.6406572065992528,0.4450146852374534
kemb1249,aust1307,-0.4979533344509861,0.48672173798293
mati1250,aust1307,-0.1533809130171728,0.3152150609089688
mato1252,aust1307,2.2487592178551106,0.3178159837833147
mats1244,pano1259,2.7493521037003013,0.781005499526358
matu1261,aust1307,1.9795328209143237,0.3227931510750741
matu1259,atla1278,2.062135548933544,0.6131359601604509
mauw1238,nucl1709,0.808299072251776,0.2966869927398177
maun1240,iwai1246,1.536214412592984,0.7062240256309025
maxa1247,nucl1710,2.628805636257311,1.4417679467044122
maya1285,misu1242,0.8783008064045661,0.7186497377986054
maib1239,mayb1237,1.2091790532524425,0.7080635116261575
mayo1264,utoa1244,4.16205928194219,1.364565138312206
mayo1261,atla1278,2.0328037795263896,0.5057802074633209
maza1304,afro1255,1.985741295995398,0.3850101970112876
mbaa1245,atla1278,2.964828818639881,0.5895157664845145
mban1263,atla1278,2.980167614127595,0.5351873146407384
mbar1260,afro1255,2.1971707715379134,0.4445129475607725
mbay1241,cent2225,1.0667454878492877,0.5272543201262265
mber1257,atla1278,2.805797790307138,0.6701016934419126
mboc1235,atla1278,2.4649128722559674,0.3620407468325481
mbol1247,atla1278,2.702459360246329,0.6532846118306548
mbug1242,atla1278,2.7682013047334237,0.519448262906085
mbul1263,aust1307,2.3717347855842514,0.3395283044680055
mbya1239,tupi1275,1.2499280767553436,0.9040467382505964
meen1242,surm1244,1.9294076129932296,0.6846820422936615
mehe1243,sepi1257,0.2095372444297281,0.3935588425052296
mehi1240,araw1281,1.8985594593215176,0.8298933821026573
saki1248,tupi1275,1.898441646665976,0.6726099060188964
meke1243,aust1307,1.6581118462012725,0.3306994490072181
mele1250,aust1307,2.685215521932208,0.388849719898741
melo1242,gong1255,2.301982997628832,0.5689502334618299
melp1238,nucl1709,1.0499225319256804,0.2826836732517881
mend1268,sepi1257,0.3892425781898472,0.4067328856513668
mend1266,mand1469,1.7905759940281172,0.7737598579885909
meng1267,aust1307,1.655732656498959,0.3492026613291066
meny1245,anga1289,1.728662458796462,0.5691806004735711
mera1242,aust1307,1.4400308160481132,0.3549957465439379
mere1242,aust1307,2.60184649164949,0.3637309048052821
meri1244,east2503,1.0996720993901037,0.5978911705916099
meru1245,atla1278,2.881118468395831,0.583372957393554
mesc1238,atha1245,3.743010081371975,1.5538974057066577
meta1238,atla1278,1.6845549343066244,0.3436232778215347
meya1236,east1459,0.0310239610558455,0.6196551521851372
mezo1235,otom1299,1.644505420764423,0.4569263466226183
mezq1235,otom1299,2.902871120254072,0.6552817940817088
mian1256,nucl1709,0.6630007171653323,0.3250181080029044
mich1245,utoa1244,2.857936536720712,1.057753501133308
midd1357,pama1250,1.4027439383271996,0.7871242777897427
midd1327,aust1307,1.5437681984166998,0.3099220855652014
mido1240,nubi1251,2.134575383887441,1.0635118556615906
mids1243,atla1278,2.3981295453804665,0.5486287969901906
miga1249,afro1255,2.270766660881104,0.6057124694835108
mika1239,musk1252,3.5860736201771752,1.6888624974549495
mikm1235,algi1248,3.9179317877277926,2.552274954703289
mila1245,sino1245,1.7597108080248465,0.3983247178501434
mina1276,afro1255,1.8699734656261555,0.3649766445751292
mina1268,aust1307,-0.41109436560651,0.586426349297652
mini1256,huit1251,2.2206569110388723,0.8391783550110259
mini1251,aust1307,1.6196879825121548,0.3506755668451173
minn1241,sino1245,0.0461028714575124,0.6041645230139898
miri1266,jarr1235,1.2451357467701367,0.7953660959173217
misi1243,aust1307,2.295872628655119,0.4871244590121693
misk1235,misu1242,0.8376200345704645,0.7889593783282143
mixt1426,otom1299,1.3582020802145849,0.4331305498581725
miya1266,afro1255,2.5239444324945204,0.486443185249477
miya1259,japo1237,1.7243123436553174,0.871536950763327
lush1249,sino1245,0.8981941781651365,0.3812155749851924
mlab1235,aust1305,-2.535318979685525,0.517471212742393
mmen1238,atla1278,1.4091111305932182,0.3244364108962791
moba1244,atla1278,2.198052616009857,0.5360273656041019
moch1257,maya1287,2.7545051652142964,0.7318619842738046
moco1246,guai1249,1.1306979434136435,1.083394826342075
mode1248,indo1319,4.666440567823196,1.8106734573901
hebr1245,afro1255,4.330095985154013,1.6246549294622046
moha1258,iroq1247,3.4139837959437127,2.0842471036728663
moii1235,west1493,1.4700009176073967,0.7491710155594946
moke1242,aust1307,0.0057375086576567,0.5790919889831745
moki1238,aust1307,1.753606681812022,0.913717991162371
mokl1243,aust1307,-0.2847746311367254,0.5437029605410735
mokp1239,atla1278,2.020021780663896,0.4048372973096508
moks1248,ural1272,4.3617852328361,1.856908363470432
molo1266,afro1255,1.2779116093236207,0.3694077198600864
nucl1452,momb1255,0.1735736572656301,0.6955221475937088
fass1245,baib1250,0.9922419055542306,0.6163683687813033
monn1252,aust1305,-1.9372177810191007,0.6248559729072136
mong1338,atla1278,3.5842768671053395,0.7135996394522754
mono1273,aust1307,2.1157404078206388,0.3863773748621155
mono1270,atla1278,2.7686512866651567,0.5218447887850326
mono1275,utoa1244,4.296407079220407,1.4174477427176648
mont1268,algi1248,3.983169907908988,2.4666643885292068
nucl1458,monu1249,1.0584485985686936,0.6011286664288691
monz1249,atla1278,3.0927426172650048,0.5401173200724112
mopa1243,maya1287,2.648977091989741,0.8086656855801397
more1259,utoa1244,2.839846959839262,0.7448777826481199
mori1269,aust1307,0.9746607675293604,0.4181760389024993
mori1268,aust1307,0.9541294458684518,0.4173176696477099
morm1235,aust1307,1.0590213130405064,0.3998380226755347
moro1285,heib1242,2.629651427948861,0.7840851203846864
moro1287,aust1307,1.0079538667277772,0.4217955858132041
mort1237,aust1307,1.256118992273913,0.7335491426014533
mose1249,mose1249,2.3723443805749103,0.9800045370098528
mota1237,aust1307,1.6357874414109657,0.3989337065693612
temb1272,atla1278,3.277812210430393,0.5704443180752783
motu1246,aust1307,1.54440284413648,0.3576961522683293
mouk1239,aust1307,2.394115465057331,0.3417162691759752
moun1252,koia1260,1.1788636550585416,0.4881484210815197
movi1243,movi1243,2.32361794968595,0.9103017606294612
tang1347,aust1307,1.980345322533501,0.348355775189836
moyo1238,sino1245,1.708569831190948,0.3288323466635385
mpad1242,afro1255,2.4784549155738707,0.4854977208297621
mpii1239,sino1245,-0.3395886474547454,0.4857227462124842
mpot1240,atla1278,2.8542393424448065,0.6553879138539345
mpur1239,mpur1239,1.34136717132799,0.7272723800975145
mual1241,aust1307,0.3148935298589153,0.4758781192493444
mudu1242,aust1307,2.346371064174164,0.3686920560196838
mudu1239,drav1251,3.778076739315149,1.1825564709544745
mull1237,nort1547,0.9968248609719246,0.6642466068212922
nucl1240,atla1278,2.2695396866723008,0.3849641562894681
muna1247,aust1307,1.242899859362554,0.4189513828107647
munc1235,sino1245,0.2256819740124203,0.4307525002408856
mund1328,atla1278,1.835164934757132,0.3228541980126382
mund1325,atla1278,2.250141605613916,0.407157789030582
mund1320,aust1305,2.063918024044787,0.6260690793974542
mund1326,atla1278,2.552447425278876,0.5071879831043655
mund1330,tupi1275,2.186496000403991,0.8655123449566409
abar1238,atla1278,1.8383833017935736,0.3228094956425535
murl1244,surm1244,2.3935084397741826,0.7150714397786269
murr1258,sout2772,0.5772497942523327,0.7107989421743017
muru1274,huit1251,2.0854298833983345,0.8350520193678781
muru1266,pama1250,1.2619876488845672,0.6629773973706783
musg1254,afro1255,2.1607106042268214,0.4215678437192389
muso1238,aust1307,1.5687051538012402,0.3066809996479067
muss1246,aust1307,1.3275667244804452,0.4891593632584894
muth1236,drav1251,3.695987139365963,1.218493397505204
muyu1244,aust1307,1.658709824267787,0.4458027413043233
mwag1236,afro1255,2.3889398743696866,0.481328294394507
mwan1250,mand1469,1.6759395798105658,0.616365399339255
mwan1247,atla1278,1.957031330502364,0.7583398079275496
mwer1248,atla1278,2.783401415986348,0.6506604388963009
motl1237,aust1307,1.7092374620329505,0.4006933072797292
naas1242,sout2948,0.2724100320283265,0.5553211718268956
naba1256,nucl1709,0.6308395082870566,0.2972370320364677
nade1244,nada1235,2.467733727803404,0.9992136100070144
sout2857,aust1307,2.5759846085530054,0.3228317819847213
naka1262,aust1307,1.6257655536008186,0.3599210061646114
nalc1240,nucl1709,0.4513675103722498,0.3424201940994082
nali1244,aust1307,1.662111915819522,0.4036415896069001
nalo1235,aust1307,1.7501501108911566,0.4927316413563649
nama1268,aust1307,2.0122682846685755,0.3642818572924948
litz1237,aust1307,1.9110689007824997,0.3188964628768422
nama1264,khoe1240,3.2746024172855863,1.7155868163792878
nama1266,more1255,0.9108865096285612,0.505462887755245
namb1293,more1255,0.9484139939354131,0.5055963333886928
nami1256,sepi1257,0.3076697594167128,0.3959488922362375
namu1246,sino1245,0.2438771252171805,0.3859454374754913
nana1257,tung1282,3.2603882560763537,1.7041654333117169
nand1266,nilo1247,3.1291275483351333,0.7498529794022541
nang1262,aust1307,2.354070606697586,0.5085063928763263
nant1250,araw1281,2.684348087320604,0.8387792180118465
nara1262,nara1262,3.253272517269422,1.2657223180987311
naro1251,aust1307,-1.2289367241022806,0.4190199867549133
yong1270,sino1245,0.6127441816854529,0.346518412109043
naru1238,pama1250,0.7458281136823085,0.862528425132008
nati1244,aust1307,1.9285500228327157,0.3231446142216452
nati1243,atla1278,2.6939310591864976,0.4978434181164246
natu1246,aust1307,2.3803796973564406,0.4963329796396878
naue1237,aust1307,1.051029312334515,0.4102682845434691
naur1243,aust1307,2.179414914189189,0.9779625424562628
nava1243,atha1245,4.332764940842761,1.5506019208204602
nawu1242,atla1278,2.146853238987112,0.4694695199303358
naxi1245,sino1245,-0.0946395947121176,0.3361347079031858
ncan1245,atla1278,1.6060340177946204,0.3191747932230915
ndam1251,afro1255,2.1101373358228277,0.5149904852010887
ndam1239,atla1278,2.8860552063890337,0.5756532865506312
nden1248,atla1278,2.05602809101439,0.5932100021739934
ndob1238,atla1278,2.762277906300526,0.57214727598967
ndog1248,atla1278,1.6776615079683868,0.5660888914354985
ndom1245,kolo1268,0.3767123395969396,0.578661678768777
ndun1249,atla1278,2.449141813434102,0.5508240916651381
nege1240,aust1307,0.2218460294275297,0.5134362460653046
negi1245,tung1282,3.452006325904023,1.8574719734625875
neha1247,aust1307,2.1408750021891065,0.4070039852461962
kuma1276,aust1307,2.494998472405546,0.5780953698343305
nenn1238,more1255,1.176939775085623,0.5047461123706989
nend1239,nucl1709,0.969910654472152,0.2744227820844616
neng1238,aust1307,2.3644104386145326,0.5878070966542852
nucl1706,afro1255,4.388431451669075,1.6652215706221898
nepa1254,indo1319,3.078891212044669,0.838229686547483
nese1235,aust1307,1.970434483638706,0.3198847558103956
vinm1237,aust1307,1.6425742261778606,0.3077670682029656
ling1265,aust1307,1.633385577055845,0.3056939109694427
nezp1238,saha1239,4.210595973299192,1.5619241658974268
ngaa1240,pama1250,1.323082310420807,0.7480988053212614
ngab1239,chib1249,0.5008045291611907,0.584850431718225
ngal1292,gunw1250,1.5253654622854702,0.6424631364431774
ngam1268,cent2225,0.9365963565741856,0.5039631406313858
ngan1291,ural1272,3.554444104915648,2.4663804749675418
ngan1295,gunw1250,1.485966422985813,0.6125763388739092
ngar1235,pama1250,1.0835921563297377,0.4981729200496723
ngar1284,worr1236,1.0740362449748633,0.7042657757479791
ngar1283,mirn1241,1.6605458020298371,0.7078717336010452
ngas1240,afro1255,2.34069425525681,0.4558931009015543
ngba1284,atla1278,2.9210124727600983,0.5400690496569527
ngba1285,atla1278,2.959422128224552,0.5263788968093253
ngge1241,nucl1709,0.0855075146346666,0.3734620854976702
ngit1239,cent2225,2.535477683109576,0.5574683473355946
wang1291,pama1250,1.5336058888554458,0.6946160578945646
ngom1268,atla1278,3.370351555254411,0.5805440444407144
ngul1236,aust1307,1.5717229123133063,0.7627108064566395
nhan1238,pama1250,1.3160383096974733,0.8818248648790505
nhen1239,tupi1275,2.05805854974969,0.8122740562123911
nias1242,aust1307,0.2900252039689834,0.60637413004426
niha1238,niha1238,3.735919448285178,1.4176846555359126
nila1242,atla1278,2.372658310326505,0.5410085874067585
nucl1633,nimb1257,0.992928777874603,0.6337905170588982
nina1238,yano1268,2.542988504301064,1.0599511609605137
labo1244,aust1307,1.922157335049646,0.3243011087650189
nisg1240,tsim1258,2.814796427831997,1.6555780095722148
niua1240,aust1307,-0.8587470749784891,0.8533998243204328
niue1239,aust1307,-0.9283920824926144,0.9358432400405056
niva1238,mata1289,1.546042065117024,1.055596635384001
njan1240,atla1278,1.6448255483357772,0.3575880563546274
nkon1248,atla1278,2.1318954651468904,0.4425558337637398
nkor1239,ijoi1239,2.1690319381068472,0.8374731895223406
noct1238,sino1245,1.0371469898337478,0.3377447355100802
noku1237,aust1307,2.6035492662836166,0.389528754650684
noma1260,atla1278,2.726327042458613,0.3906318205981915
noma1263,araw1281,3.440589301201061,0.8829298989230434
noon1242,atla1278,3.7037091802483135,1.1275151715492449
noon1243,atla1278,2.2865502706244434,0.3203410407393594
nopa1235,otom1299,1.7660228207865454,0.4310102984220556
nort2839,aust1307,1.859968897131417,0.3282928197562196
nort2697,turk1311,4.907321758203276,1.7379100654061634
darg1241,nakh1245,4.796711636384009,1.6838474438383564
nort2930,kiwa1251,0.466404286005712,0.5635839064035317
nort2836,aust1307,2.611043368153286,0.382660163246014
nort2724,sino1245,0.321286227744392,0.3385245440197697
nort2972,choc1280,1.006576564412586,0.6948843834250042
nort2702,drav1251,3.690434365654033,0.9574594799138528
gumu1244,gumu1250,2.7439129263344,0.9177843235735694
nort2938,haid1248,3.167550031264332,1.746672384177162
sing1264,sino1245,0.6717749476677856,0.3365879875286262
nort2877,aust1307,0.8540963515580275,0.2925576430031831
nort2684,aust1305,-2.491041863235662,0.5731018041220111
lush1252,sali1255,3.179607302154113,1.3431709338000726
nort2774,atla1278,2.937252633811532,0.5380097972521263
nort2954,utoa1244,4.363723564517407,1.3955827970244434
nort2957,utoa1244,3.0101147525677048,0.7471282541083655
nort2723,sino1245,0.9569317639076532,0.382004247141078
nort2747,hmon1336,-1.5623462098702332,0.6780285748153503
nort2722,sino1245,1.7179864895228971,0.5135480910254429
nort2994,aust1307,-1.9770684747572345,0.5813360509140475
nort2885,aust1307,0.2042935494117452,0.346870314476662
nort2959,utoa1244,3.579960114436929,1.307732802251683
tosk1239,indo1319,4.636885194463988,1.7834352528267434
nort2732,sino1245,0.3356566642333625,0.624168413066772
nort2690,turk1311,4.16015169560357,1.987712234798848
yoku1256,yoku1255,3.8205615071752863,1.6581908953859528
nort2745,yuka1259,3.27698950224998,2.908345129042288
nort3047,afro1255,1.855655842072217,0.3817658238705688
nort2980,quec1387,2.585086506005688,0.9981990047190252
nort3139,afro1255,4.459957191000043,1.6261154015545212
nort2845,aust1307,-0.9984566489189172,1.389384681306288
nort2671,ural1272,2.933942302108072,1.7136152516224192
nort2942,atha1245,3.64621557031784,1.972612774591748
nort2847,aust1307,2.576994579461564,0.4717969381935578
nort2699,drav1251,3.9716815502258376,1.0742393759050817
nort2961,algi1248,3.808589810059516,2.127526725118403
nort2775,atla1278,1.5158252038223796,0.467663086943356
nort2951,maid1262,3.9024827038538663,1.6117284604079345
yaki1237,saha1239,3.894818860047679,1.52641470171993
nots1237,aust1307,1.6831321132622004,0.3869437407228999
nsen1242,atla1278,2.9604959311619194,0.8028257674193648
nuer1246,nilo1247,2.4158968381184898,0.7389850515722189
nugu1242,atla1278,2.112595652813366,0.3905588723145405
nukn1238,nucl1709,1.302189794169716,0.3128715969697317
nuku1260,aust1307,1.2905299573329123,0.6991788242316335
nung1282,sino1245,0.2436858917945437,0.3356483866504045
nupe1254,atla1278,2.359306829901888,0.4916750847645605
nusu1239,sino1245,-0.0005387392871152,0.333179870477851
nuuc1236,waka1280,2.325483986078141,1.4057699212814183
nyah1249,aust1305,-2.605368353368083,0.5612399538879789
nyah1250,aust1305,-2.715477976334157,0.5894677400794683
nyak1260,atla1278,2.7235560534467087,0.6142793176640349
nyal1250,atla1278,2.2507487244296924,0.499740406019876
nyam1285,afro1255,1.95946184704912,0.4327173400463455
nyan1301,pama1250,0.6839200709749411,0.584019014360678
nyan1307,atla1278,2.5666559570789325,0.5554529337514693
nyat1246,atla1278,2.958605118639458,0.5376395239085179
nyaw1247,pama1250,0.9229058558969871,0.5609546935015324
nyig1240,nyul1248,1.0352228138229596,0.7017511614878265
nyis1236,sino1245,1.2564984319204937,0.3359567007621042
nyor1246,atla1278,2.412654028075899,0.5223586157735784
nyun1247,pama1250,0.2180951533374211,1.0052870630379518
nzad1234,atla1278,3.767541523362116,0.8095074548625041
nzak1246,atla1278,1.9717482620197744,0.4433188994238204
nzak1247,atla1278,2.484884091492592,0.5371586087861817
obok1239,lake1255,0.37196109271433,0.6264239458921805
obom1235,aust1307,-0.1029752635425809,0.329346442305007
occi1239,indo1319,4.4744763081478585,1.844964378534978
ocot1244,otom1299,1.373500695581204,0.3994226023103033
oriy1255,indo1319,3.244391856444623,0.927893124024718
ofay1240,nucl1710,2.0693692674320143,0.9367709191680932
kalm1243,mong1349,4.865792306297774,1.9085113788559096
okan1243,sali1255,3.359311793012468,1.3744744908833066
okin1246,japo1237,2.286805267896413,1.0646177206086975
okoe1238,atla1278,1.9899396600010029,0.4196719682042635
oksa1245,nucl1709,0.4733065825503719,0.316878649404325
okuu1243,atla1278,2.317284495697806,0.3258099777747443
oloo1241,nucl1708,0.993303336905118,0.4467216176235684
olut1240,mixe1284,2.341003582868753,0.8342542565342876
omah1247,siou1252,3.749236943521861,1.8717235623177573
omii1238,cent2225,1.578000245604677,0.5054820228833123
omie1241,koia1260,1.5231674694510455,0.5158705518910018
onge1236,jara1244,1.100985098491443,0.9971004057003664
bira1253,bira1253,2.4788068115986306,0.8257933621588003
onon1246,iroq1247,4.012541946823894,2.027726452527977
orma1241,afro1255,2.794808291799778,0.7135923204378622
oroc1248,tung1282,3.397020327100487,1.7500102588733155
oroh1237,aust1307,2.155322505617398,0.4695513295889695
orok1265,tung1282,3.519034417186143,1.9184369729193644
orok1269,nucl1709,1.0247755303909636,0.3747740044987759
orok1266,atla1278,2.555414495848773,0.3819228375210071
orok1267,nucl1580,1.5785719661211155,0.6213045945284197
orow1242,aust1307,2.1246508674096405,0.5635351199732339
orya1242,toro1256,0.1763348221952601,0.6145532144080512
osam1235,atla1278,3.386441701224548,0.6615965930427659
otor1240,heib1242,2.526685414294337,0.8026293116749215
otta1242,algi1248,4.213299556626105,1.9684033221062127
owaa1237,aust1307,2.1146418676495697,0.5137428263007964
paaa1242,afro1255,2.553364006722,0.506082206680158
darl1243,pama1250,0.6018375382331069,0.7034559202976189
paam1238,aust1307,1.889116673138402,0.3356881166877494
paas1238,atla1278,2.120413546095069,0.4829132969089107
paco1243,aust1305,-2.4772813438183854,0.5852328500808066
paez1247,paez1247,1.506275203782121,0.8432809691083043
pagi1243,atla1278,2.2912849201835788,0.5489238439644959
pagu1249,nort2923,0.5869435403980225,0.5079702479810644
pahn1237,hmon1336,-2.6117083942594475,0.7114458967740904
pait1244,sino1245,1.720673847251534,0.3381676398421684
paiw1248,aust1307,0.0395218000482113,0.3590427226020911
pala1344,aust1307,1.296612758603298,0.7127246992558196
pali1279,araw1281,3.4646974390429177,1.4381296060957252
balu1257,aust1307,2.162760865528772,0.4107369440694857
pamb1243,atla1278,2.2321937888281207,0.5153656841240735
pamo1252,aust1307,1.4779302325573576,0.4223891920581066
pamp1243,aust1307,0.5855772571315443,0.3275737779046221
pana1305,utoa1244,3.731005642594302,1.425852721629461
pana1307,nucl1710,2.58915033892548,0.9118985242101464
enap1235,cari1283,2.993407704881252,1.0153451648761282
pang1290,aust1307,0.1279082663503412,0.3088432866731101
pang1291,aust1307,-0.2303821169433826,0.4046129811464771
pang1287,atla1278,2.9405100588048816,0.6093302032906251
pano1254,pano1259,2.769696185142116,0.7707802240221748
pany1241,pama1250,1.6031405551597426,0.6445280238451336
papa1238,toto1251,2.669095375895104,0.8757815207747677
papa1265,aust1307,1.4492962184602587,0.3764140349475942
papa1268,aust1307,-0.8561272458357494,0.3384462599661306
para1311,tupi1275,0.2930866767935973,0.7609078753609757
para1302,sino1245,1.0292374887967577,0.3229135607818052
para1316,araw1281,1.8559561747556883,0.8792226321165115
pare1272,araw1281,2.050161417266233,0.8214364541030212
pate1247,aust1307,1.3902940360531306,0.3055784246204749
patp1243,aust1307,2.211256954869889,0.3831565569775952
patt1248,sino1245,4.025565365077827,1.1897655763398325
paul1238,aust1307,2.2901846786810047,0.4542730187099475
paun1241,araw1281,2.758583753015906,0.7491942656618806
pawa1255,pawa1255,0.2335724949521076,0.5868702146765421
pawn1254,cadd1255,4.246542531713674,1.7800972454938009
pech1241,chib1249,0.9623849513981176,0.7156960110422417
peer1241,atla1278,2.010346056774122,0.3854720652355596
pela1242,sino1245,-0.0999886772377178,0.3564191502903417
pele1245,pele1245,1.091479461666813,0.6843662468531124
pemo1248,cari1283,2.803075601063137,1.0307304644604072
pend1242,aust1307,1.1886865396233337,0.4294587401319565
peng1244,drav1251,3.483433700925994,0.8797799628053027
peri1253,mong1349,2.151581489809401,1.3555441366221372
phak1238,taik1256,0.4042721962680105,0.5948570492519774
phom1236,sino1245,1.6871243989480726,0.3129529517951508
phon1246,aust1305,-2.9456014709942435,0.5483452736801966
piap1246,araw1281,2.5078124812405447,0.7908361507376767
pich1237,araw1281,3.423620874773865,0.8659108262505479
pila1245,guai1249,2.0544994912085603,1.0287854306373956
pima1248,utoa1244,4.3430833130762325,1.3541570875854432
pina1252,piaw1238,1.5729617520836308,0.5645756001214988
ping1243,aust1307,2.279184910274066,0.9372030768200466
pint1250,pama1250,1.0416138264501122,0.621428812550322
pipi1250,utoa1244,1.9048826981924691,0.8653118552950398
pite1240,ural1272,2.590797173914457,1.6260815920239708
plai1258,algi1248,3.806578880599954,1.7067358402696289
plat1254,aust1307,2.092043944779002,1.2168611825608604
pnar1238,aust1305,0.602774099670786,0.4360052187536425
pohn1238,aust1307,2.3275826172015317,0.910254843737091
poko1263,nilo1247,3.0836490932199387,0.7543062021698201
poli1260,indo1319,4.347974129309158,1.7795590214241273
popt1235,maya1287,2.837156653628429,0.7326902445750849
port1285,aust1307,1.769357206552698,0.3127195840648218
port1283,indo1319,4.397259246294842,2.150992986782016
pott1240,drav1251,3.556737824162356,0.9050784945153856
phai1238,aust1305,-1.894721333428794,0.5052291523076398
pras1239,indo1319,4.259578782841436,1.6832174040267205
psik1239,afro1255,1.8734237539760412,0.3785494722735456
puin1248,puin1248,2.2792367540614373,0.9729131284028084
puka1242,aust1307,0.6587811971818305,0.9465605119221788
pula1263,atla1278,3.53030862927564,0.9187044061497702
pula1262,atla1278,3.38547120350153,0.8150759317121024
pulu1242,aust1307,2.375608930745744,0.8372080494186753
puma1239,sino1245,2.8398436662520528,0.4603040258641417
pume1238,pume1238,1.9534539977514869,1.0362970057851872
pura1257,pura1257,1.3070142792217674,0.6325688618686032
pure1242,tara1323,3.183685747265792,1.1570253729648543
puri1258,sino1245,3.987558055615651,1.2823158643776091
puyu1239,aust1307,0.1036373381798085,0.3596382881392967
qanj1241,maya1287,2.8121040335270946,0.7393015236762843
qaqe1238,bain1263,1.608927983442452,0.6400426036196514
qawa1238,kawe1237,1.3823120040837866,1.672289125668363
qima1242,afro1255,2.9047603881587225,0.8205351069120073
quer1236,otom1299,2.3458463864190837,0.6733390661968706
quey1238,sino1245,0.661652476700723,0.4237812301804613
quio1240,otom1299,1.4958860923974175,0.4202783487880968
rabh1238,sino1245,2.048851021342361,0.3746294468141498
rade1240,aust1307,-1.7558362468746849,0.5677709091116938
raji1240,sino1245,3.559904956840704,0.7853292866473764
rama1270,chib1249,0.537172908213257,0.5789064553714591
ramo1244,aust1307,1.2845224603525467,0.3599828476193374
rapa1244,aust1307,-0.5216664680597354,1.6208546255145952
rapo1238,nort2933,1.6251801638122036,0.6860767940065715
rata1244,aust1307,0.9536412227543648,0.4798730805784683
raut1239,sino1245,3.5139000978104216,0.8213261805002867
rawa1267,nucl1709,0.2744399073698422,0.2720984791726168
reja1241,aust1307,-0.626172708299692,0.4274905261683006
remb1250,aust1307,0.8221656225208601,0.409647475683891
rend1243,afro1255,2.364787744283467,0.6233142931804845
reng1252,aust1305,-3.1861465508581395,0.578213430612752
renn1242,aust1307,2.147695716248252,0.541603878194989
rere1240,aust1307,1.8318806013430016,0.3094454488754716
resi1247,araw1281,3.119446620460496,0.7452540672829366
reye1240,pano1259,1.8376474936295972,0.7704515280793931
rian1263,kolo1268,0.4510787570752439,0.5648113930581555
rikb1245,nucl1710,2.4465108914908016,0.8785333230090155
rita1239,pama1250,1.1033760717438024,0.4616750410179397
beka1241,aust1307,-0.4200537003120888,0.5149220634565297
roma1326,indo1319,4.447504705926043,1.8052392500264716
romb1245,aust1307,0.0367491684172223,0.3665538649737581
ronn1241,afro1255,2.362516710452904,0.4784817954864673
rong1266,sino1245,1.8628239293002031,0.3190222738304351
rong1264,sino1245,3.534355501802798,0.9578188681897046
roto1249,nort2933,1.5073601825243306,0.686375441551716
rotu1241,aust1307,0.4853824178988972,0.8382657054005143
rovi1238,aust1307,2.447475463993116,0.416473661015865
ruch1235,aust1305,-1.6678233753373346,0.4864610916999088
ruka1240,aust1307,0.1237520427887788,0.3550558379460753
ruma1248,aust1305,-1.3119773900760927,0.4920564377610543
rumu1243,tura1263,0.3548149912671168,0.590088807048605
rung1258,maba1274,2.1415314597000035,0.8517790033655421
rung1259,aust1307,-1.5056354101373677,0.3668837879908766
russ1264,mong1349,2.9960562100356283,1.6810724147620633
russ1263,indo1319,4.708600063500901,2.166556345470279
rutu1240,nakh1245,4.799851236750994,1.6732242723638748
saaa1241,aust1307,1.8145853829889675,0.3273815271059654
saaa1240,aust1307,2.1367540232720343,0.4754429470489318
saam1283,atla1278,2.3832824834266555,0.531660458666539
saar1237,aust1307,0.0572355689706856,0.3557192159263196
saba1267,aust1307,-1.379646172141032,0.3659734524381095
saba1268,namb1299,1.6374278663138395,0.8528800697900984
safw1238,atla1278,2.4103670216118296,0.5861363771328412
saga1262,atla1278,2.7951873681305184,0.5657569578830302
sais1237,aust1307,0.4774451062200695,0.4068087605270483
yaku1245,turk1311,3.3971195215548944,2.3290963849760367
saki1247,aust1307,0.5343186219021203,0.3817492630606298
tsis1238,atla1278,1.761113690049242,0.5038974100629852
salt1242,nucl1709,0.2745232454312645,0.2678186056829181
samb1311,atla1278,1.8515704843729772,0.3607656339126235
samb1305,atla1278,1.1987672727753225,0.3504450204277685
samo1303,east2433,0.5978347930370356,0.5744362627483866
samo1305,aust1307,-0.3257133411206685,0.8166776125222643
wara1292,atla1278,2.707763098418991,0.5066626134781389
sana1295,afro1255,3.7747144235529926,1.5085507310143669
sanb1241,otom1299,1.1334822087270835,0.4198420754653442
sanb1242,chib1249,0.6739579007889478,0.6287757304103829
sand1273,sand1273,2.5894748729663144,0.9202286810612031
sand1278,huav1256,1.9870175548509168,0.872592230074186
sang1331,atla1278,2.942755341297465,0.8006284965398627
sang1321,sino1245,1.7556383145041567,0.3212467940402739
sang1330,atla1278,2.3806594982118865,0.5739618226275813
sani1269,sino1245,-1.4753577490898022,0.4118322059044419
sanm1301,otom1299,2.422450786549741,0.5007572107603622
sanm1289,quec1387,3.1834192156044536,0.957293163426395
sanm1295,otom1299,2.0368971713991275,0.4211449821262789
sant1410,aust1305,1.5508465812256231,0.5653339245411155
sant1451,otom1299,1.229764326989948,0.4538948279386257
sant1436,otom1299,1.981239996242842,0.4436506047615016
sanu1240,yano1268,3.0683925543614765,1.02734526951073
sapo1253,aust1307,2.1208874700404383,0.3846457205694875
sapu1248,aust1305,-3.222120427829373,0.5638133165374621
sara1321,cent2225,1.3189344213845486,0.580354864078938
sara1327,aust1307,0.209060659330067,0.3885806224421606
sars1236,atha1245,3.7114504216551074,1.5784100857666354
sasa1249,aust1307,0.3603870901866901,0.5343740966597545
sata1237,aust1307,1.805375951348538,0.8134556363630692
saur1249,drav1251,2.62056040076771,0.8140403875347708
savo1255,savo1255,1.988797666133015,0.8049467824263994
saya1246,afro1255,1.754022474036895,0.4389062261184131
seda1262,aust1305,-3.1596200136587558,0.5825551118997225
taro1264,aust1307,0.4691225512006087,0.3702509681283308
seim1238,aust1307,1.251333763601454,0.4650569405304132
seke1241,aust1307,1.861021078693489,0.327165195103138
sekp1241,atla1278,1.429714559553786,0.4362067925103465
sela1259,aust1307,1.4372675838456224,0.5185947621258764
sela1260,aust1307,0.8101841119012704,0.403080006355295
sele1249,atla1278,2.086986629419134,0.4360724582655453
sele1250,nucl1709,0.7083310773753626,0.320854547699076
selk1253,ural1272,3.631540861354938,2.1560130872552588
sema1266,aust1305,-1.1925894644716637,0.4982736721494025
sema1265,aust1305,-0.7228796575583027,0.5157522025019805
seme1247,aust1305,-0.403419136236979,0.5333305832198034
sene1264,iroq1247,4.039411954974783,1.9818426428608555
seng1281,aust1307,2.32929784583286,0.3615506053616037
nucl1632,sent1261,-0.0515324931325356,0.6168798206481347
sout1528,indo1319,4.5936665906885565,1.7747512163111017
seri1257,seri1257,3.942720582616917,1.6952721081179396
seve1240,algi1248,4.374880898469131,2.18871811370269
sgaw1245,sino1245,0.2963802022062962,0.4865508159006873
shab1252,shab1252,2.440948965108728,0.8067157444858788
sham1280,atla1278,1.999950328686247,0.5316257205934152
shan1283,pano1259,2.8243086346972968,0.7649442652159428
shaw1249,algi1248,3.489936188854592,1.8402240815417572
shee1238,hmon1336,-1.273187088301386,0.7178324031981496
shek1245,dizo1235,1.800982103175876,0.7262479181637254
sher1257,sino1245,1.3581902888960389,0.3432561698231047
biao1253,taik1256,-0.3078450208545549,0.6218027245869151
shil1265,nilo1247,2.064864574670204,0.7533893320050282
ship1254,pano1259,2.776273456989009,0.7986227789838507
shix1238,sino1245,0.9679457304450798,0.3714958245915229
shol1240,drav1251,3.831914415517658,1.1456211849285936
shon1251,atla1278,3.1441800510222047,0.833352535853527
shor1247,turk1311,3.536932418052292,2.022518235990362
shos1248,utoa1244,4.605733203362583,1.4254578269230973
shua1257,jiva1245,2.632263622984274,0.94913476418852
shwe1236,aust1305,-1.435734454909385,0.4840078605965585
siam1242,siam1242,1.3640703882700835,0.831450084658258
siar1238,aust1307,1.3231648559504152,0.3664567621075472
siaw1243,amto1249,1.0063725148147833,0.5996069517876816
sich1238,sino1245,-0.1031870037617876,0.3899471910786865
sici1248,indo1319,4.552698916003802,1.8143902880943203
sici1249,atla1278,2.0864621036885085,0.5110776196663633
sida1246,afro1255,2.6633837253859936,0.6152993209307391
siee1239,aust1307,1.956318568180753,0.4469774056437172
sier1250,otom1299,1.2784584395344931,0.4160985740800726
sier1248,utoa1244,3.279716516663613,0.696734219221824
sika1261,aust1307,1.673805735227956,0.5385844680548346
siks1238,algi1248,3.6062335202057674,1.5783542168006104
siku1242,aust1307,0.801272944257952,0.6302256613135908
simb1256,aust1307,2.339293205362964,0.410491758723071
sina1266,aust1307,1.4671263596662625,0.3629906019942428
sini1242,mand1469,2.7518862413031395,0.8469366658615849
sioo1240,aust1307,2.2902021372612067,0.3256429584002323
sion1247,tuca1253,1.665531259578081,0.7352389944003295
siri1274,tuca1253,2.698083702784669,0.708792795848165
siri1273,tupi1275,2.0812234579556304,0.7100445167155951
siro1249,nucl1709,0.351652789303307,0.2822411596480219
sile1255,nucl1709,1.010072223958503,0.279669113190077
sisi1250,aust1307,1.3725537577086475,0.3901017155211219
situ1238,sino1245,1.0691248393371369,0.4489577626760002
siwa1245,sout2948,1.1733293296949403,0.5716204860421934
siwi1239,afro1255,3.7655623475685793,1.5437703695290326
siwu1238,atla1278,2.0981112484406506,0.4475194702396208
siyi1240,sino1245,1.6857548311248185,0.3366554119619822
skol1241,ural1272,3.486253346208722,1.877828561351203
slov1268,indo1319,4.496330713492439,1.781239690037174
sooo1254,aust1305,-2.495448991166446,0.57451437981898
sobe1238,aust1307,0.963739366573238,0.4061910912689064
soch1239,otom1299,1.968985239503064,0.4415427056614489
soga1242,atla1278,2.40259164414454,0.5336691328199077
soli1239,atla1278,2.665182476354775,0.8106893004937548
soma1255,afro1255,2.9896319569086134,1.0945469355203723
soni1259,mand1469,3.206502924944097,0.9497332987906026
sons1242,aust1307,1.0597281539993344,0.6309316498435291
sooo1256,kuli1252,2.580807839871183,0.8348387017428869
sora1254,aust1305,2.402749232676795,0.7121079155906926
mani1235,east1459,0.5321495983759972,0.6140791956169509
koon1244,atla1278,3.7782607465590528,0.9168043598596376
sout2859,aust1307,2.379146931708177,0.3320635347632312
juho1239,kxaa1236,2.9320568500065427,1.374902992609918
sout1549,drav1251,3.837914803622944,1.0636525491833546
sout2976,utoa1244,3.996184557369844,1.143665025879065
sout2856,aust1307,2.596036136724427,0.3979791715941996
sout2954,japo1237,2.3850896434018805,1.1267447757881004
sout2996,ayma1253,2.545125619705972,1.1243457929788314
sout2730,sino1245,-0.2758275567066048,0.3328156995920586
raro1241,aust1307,-1.1152285483089437,1.158548085810192
sout2741,taik1256,-0.7977413780781106,0.5490955281312915
sout2715,sino1245,3.2570297093229152,0.5705520625768927
sout2826,krua1234,1.3958640422432886,1.0390883580948218
sout3236,gumu1250,2.556376895402268,0.8539249539621849
sout2956,haid1248,3.106127292790911,1.734262334362687
kach1280,sino1245,0.5350919971420582,0.3495047052180617
sout2949,kiwa1251,0.2216768198584917,0.5949057196322438
sout2994,namb1299,1.7322735298249436,0.8881868724839008
sout2649,indo1319,4.489817298367698,1.7871114541171162
sout2729,sino1245,0.1093098887065999,0.3562099698156742
sout2728,sino1245,1.5554769399300596,0.4963394087636037
sout2918,aust1307,-0.2382442231069301,0.4003018377956535
sout2985,miwo1274,3.847581214148621,1.6024910487668098
sout2807,atla1278,2.290427690923554,1.1743821220361743
khan1277,sino1245,1.8431668796841183,0.3084385556648357
sout2797,atla1278,1.824174013282845,0.47600938409489
sout2679,ural1272,3.863386102407536,1.6318951653649427
sout2782,atla1278,2.020542509818398,0.4083370858418478
sout2895,aust1307,1.6794856232155084,0.4472754408906132
sout2674,ural1272,3.1176529491466543,1.7557791222633936
sout2959,atha1245,3.9989325815915824,1.9193196882352492
para1301,aust1305,-1.8950917333646309,0.4822500446222135
sout3261,nakh1245,4.797333913301584,1.6790700492483324
sout2869,aust1307,2.566462169393408,0.4818678432490526
stan1318,afro1255,4.346008324121682,1.6445674553368494
indo1316,aust1307,-0.6385963270289612,0.6150215453610559
stan1306,aust1307,0.3450250796690597,0.4938916337036967
horp1239,sino1245,1.643514640354466,0.4383374353117091
suab1238,sout3418,1.4943217817115957,0.7430008034762743
suba1238,atla1278,2.451961670150397,0.5336832793685704
sude1239,aust1307,2.312974248363216,0.559108140603795
suen1241,nucl1709,1.1521603791690764,0.3498788357363191
suku1259,atla1278,3.1584462544920835,0.8794663256820163
suku1261,atla1278,2.525306436787117,0.5768539545547022
suku1272,afro1255,2.065480249514769,0.3813793079328706
sulk1246,sulk1246,1.1537710972851056,0.6714341805887072
sumi1235,sino1245,1.791956235476352,0.3188334882882992
sund1252,aust1307,-0.0989963684577182,0.6828829308384541
mari1426,aust1307,2.2587976001448005,0.3589514346555673
sunw1242,sino1245,3.000891084465699,0.4905919184100336
supy1237,atla1278,2.205155876151028,0.5597873578577577
surg1248,ural1272,3.600504282835886,2.215031455154558
surs1246,aust1307,2.173373262028196,0.3830583042278972
suru1262,tupi1275,1.3161403911632858,0.6890601957704376
suru1261,tupi1275,1.8924015550554407,1.0330455430668652
susu1250,mand1469,2.49443272756106,0.8810920186787605
swah1253,atla1278,2.207213593729888,0.5813608381133051
swed1254,indo1319,3.827472141615044,1.7843669189991958
taba1263,nort2923,0.4683144835796979,0.5074308175737663
tabo1241,tabo1241,0.5702776275499035,0.6141970732420123
tafi1243,atla1278,1.975522311623131,0.4470291678251872
taga1272,aust1307,-0.0516176969114194,0.3346256238881913
taga1273,aust1307,-1.197857799511125,0.3762037057048455
taga1270,aust1307,0.1898699737387796,0.3569349820841947
tagb1258,aust1307,-0.3870602271879138,0.4280287390289414
tagi1241,sino1245,1.8283089543344189,0.3720021511868019
tago1246,rash1249,2.110394508863033,0.832309976732506
tagw1240,atla1278,1.6432712755841845,0.5160256799480467
taha1241,afro1255,3.367616277757677,1.250772722793513
tahi1242,aust1307,-0.6899223887343866,1.1643863428256385
taia1239,taia1239,1.159382378216263,0.6181589408872687
tain1253,anga1289,1.6094517598363522,0.5907956081452541
taji1246,aust1307,0.4931491341362188,0.4101013612111424
taki1248,aust1307,1.161568340315593,0.3282088402373238
taku1257,aust1307,1.1991574678724737,0.4822641659619995
binu1244,aust1307,-0.0384656137681025,0.3351526594326337
tali1259,aust1307,2.209780281792602,0.4602148696157728
tama1331,tama1329,2.6717417738739755,1.0213233875546095
malo1243,aust1307,2.593092185783477,0.3391832763285656
tama1365,afro1255,2.8896882972264235,0.7443331921779026
tamb1254,aust1307,-1.354946270686898,0.3500545091187224
tami1290,aust1307,2.2824562010294938,0.3300145900439308
tami1289,drav1251,3.448969789974773,1.1922980515583483
tane1237,aust1307,1.4131612993856688,0.4530234507999329
tang1377,sino1245,1.8267573232566705,0.4231788027312158
tang1348,aust1307,1.5069760338317406,0.4057259806940583
tang1373,sino1245,2.222277087784497,0.7324850173283215
tani1257,tuca1253,2.125955575910641,0.7313999877396475
lowe1412,aust1307,0.8111561137047778,0.2909962183783401
tara1313,sino1245,1.7323505600525642,0.3272909427074784
tari1256,araw1281,3.305739091690037,0.7575278386133437
tari1263,afro1255,3.7652331445929104,1.832176694156154
tata1258,otom1299,1.910685108502784,0.424190369027555
tata1257,aust1307,-0.8443786644387741,0.3379770745059005
tata1255,turk1311,4.592537064240981,2.120010493947064
taul1251,taul1250,1.3780327818712823,0.669206714151175
taus1253,taus1253,2.8235627658399194,0.9419722368747504
taus1251,aust1307,-0.2567433479462235,0.3853049711751795
tauy1241,nucl1709,0.32504240331656,0.2675383688796691
tawa1275,aust1307,1.9203864656286285,0.3918873972986274
tawa1286,afro1255,2.765332292201716,0.7871567213165815
diga1241,sino1245,1.4844280596576005,0.3835816439578092
taya1257,afro1255,3.0121050135886005,0.9238403622895084
tbol1240,aust1307,-0.4132509434739824,0.3511733389122948
tean1237,aust1307,1.557534925087435,0.4696076168977683
teda1241,saha1256,3.22575054449863,1.2057755487111952
tedi1235,sino1245,1.547139717609746,0.3453037836510217
tega1236,rash1249,2.11526086991398,0.8301860698224779
tehu1242,chon1288,1.2720025678551592,1.5638219367474635
teiw1235,timo1261,-0.0967838293153224,0.4773499749762888
tekt1235,maya1287,2.2117010688676206,0.7188325655471113
tele1256,nucl1709,0.6431568714978604,0.3222500816346145
telu1262,drav1251,3.795609901104008,1.0692882242175337
tema1239,utoa1244,2.9513202102379443,0.783518705922658
temi1246,aust1305,-0.4690958320005998,0.4831254064113905
temo1245,otom1299,2.097073132019569,0.6233098795021705
temp1235,aust1307,-0.7155398454761448,0.3481880802285646
teng1272,aust1307,0.6830986060716455,0.5829060773612582
tene1248,dogo1299,2.926519528748246,0.9230797238311088
tenn1246,surm1244,1.82322673764145,0.7393406945351386
teop1238,aust1307,2.1057841792634053,0.3833945489829053
tera1251,afro1255,2.34772498837231,0.4377876496662205
tere1278,sout2948,0.895853148831824,0.5751723162427398
tere1279,araw1281,1.8875303756393371,0.8941052773922835
teri1250,chib1249,0.5707571667782225,0.5678291346707058
term1237,aust1307,0.5394495031873521,0.4336450549413828
tern1247,nort2923,0.6066675456451538,0.5048131499040225
tete1251,utoa1244,2.8273315866895947,0.7385824069158504
tetu1245,aust1307,0.5280133057584047,0.3765368038270442
teun1241,aust1307,1.5699830982756964,0.47024594136021
tezo1238,otom1299,2.163882099288189,0.448466614616994
thad1238,sino1245,1.7439751091858136,0.3302901178000064
thai1261,taik1256,-1.1619500994580525,0.7249768805436347
thak1245,sino1245,3.379185892405978,0.6650015006820169
than1259,sino1245,3.0841647444447005,0.566494073665655
thao1240,aust1307,0.3501428526514272,0.3646504186739228
thar1283,atla1278,2.256183538725799,0.5912678152965842
aheu1239,aust1305,-2.424901747718553,0.5599613084921438
thay1249,pama1250,-0.0198611708384692,0.4760561235845575
thul1246,sino1245,2.618217370176436,0.4630991272034599
tibe1274,atla1278,1.8754329966933043,0.3693484697988194
tibe1272,sino1245,1.962553573796479,0.4758339044758157
ticu1245,ticu1244,2.946006916049433,1.001958704875534
tido1248,nort2923,0.626387649925382,0.5324697052115037
tief1242,atla1278,2.5032605392640543,0.4775322520253833
tief1244,atla1278,1.8805874590565552,0.4796542093066764
tien1242,atla1278,3.0754520618041203,0.7669134205873345
tiga1245,aust1307,2.284804815015852,0.4191441468273935
tigo1236,atla1278,2.200897243942636,0.3470594536209583
tika1246,atla1278,2.4682728049428158,0.3778401781383711
tiko1237,aust1307,1.628056699065986,0.5002325847736611
tilu1238,sino1245,2.9645993531954686,0.4746473543008047
tima1241,katl1246,1.811683179626912,0.8776275179977402
timn1235,atla1278,2.2596845318826304,0.7271556661880627
timu1262,aust1307,-0.8510215996200605,0.3536808914346219
tina1248,aust1307,0.0459592425886834,0.3289204939016512
tira1254,heib1242,2.0326447562999883,0.788836774149869
maee1241,aust1307,1.9421222219613483,0.3240649418528543
tiri1258,aust1307,2.1421819039160948,0.5643736372437234
tiru1241,aust1307,0.1590453233474327,0.334057398169385
tita1241,aust1307,1.5493502461387332,0.4275750719066868
tivv1240,atla1278,2.3040078198001828,0.3489146844424571
tiwi1244,tiwi1244,1.4902886658411671,0.7643469639732832
toab1237,aust1307,2.724405349131829,0.4616455111237019
toar1246,nucl1580,1.643074908224853,0.6245422142291366
toba1268,leng1261,2.0939180736821426,1.0388928939537991
tobe1252,nort2923,0.6714257590304913,0.5138085374014891
toda1252,drav1251,3.747668638116637,1.1603374678180738
toho1245,utoa1244,4.427040129978307,1.4252863737296066
tojo1241,maya1287,2.890524253964126,0.7462011038226284
toke1240,aust1307,0.6924759770213134,0.9552769971704528
toll1241,jica1245,1.8066604437209568,0.9284942732429662
tolo1255,aust1307,2.6132095759454605,0.3703366267795633
toma1245,mand1469,2.294220378278376,0.7082374345580869
tomb1244,aust1307,-1.5241087869136558,0.3673410544984881
tomm1242,dogo1299,3.14945456449306,0.9719762397354824
tond1249,song1307,2.652307516399643,0.9705556957805568
tong1325,aust1307,-1.0517440456473646,1.0588606253941597
tong1318,atla1278,2.8784098001301577,0.8340752399777287
toor1238,atla1278,2.4718331121585986,0.525572013786268
tora1259,aust1307,1.4310765596964825,0.3731385691703597
tote1238,atla1278,3.7278989703064127,0.8798510200313552
toto1302,sino1245,2.5213096230287464,0.443646943400354
touo1238,touo1238,1.828977987222972,0.7693059963758246
trin1274,araw1281,2.726624907235296,0.7680784346256022
trio1238,cari1283,2.61730250074548,1.192644945354136
trum1247,trum1247,2.4344367927668373,1.0407519448516869
colo1256,barb1265,1.5395189955546669,0.7912962984716025
tsam1247,afro1255,2.243594681368716,0.547176668873508
tsat1238,aust1307,-1.406449261088605,0.628842087716595
dido1241,nakh1245,4.810991467864932,1.6541302838559688
tsha1245,sino1245,2.00749387662182,0.388563518982052
tsix1234,khoe1240,3.4650939965186494,1.310772280046189
tsog1243,atla1278,3.330710300329072,0.7677145625086661
tson1249,atla1278,2.275655375062365,0.9356947731597364
tsou1248,aust1307,-0.5566351760164967,0.3539975175956962
tswa1255,atla1278,1.6505231538888008,0.9200635785195465
tswa1253,atla1278,2.6110188188993257,0.9962732965481274
tuba1278,utoa1244,3.7383190555750856,1.4357954363181893
tuca1252,tuca1253,2.2175309164225725,0.7277696142275136
tuge1241,nilo1247,2.4787894714680925,0.7563016287493838
tugu1245,aust1307,1.2465818095224837,0.4047894950761548
tuka1248,aust1307,1.3530040529377607,0.4310754122777993
tuki1240,atla1278,2.0775605792332774,0.4082514134482422
tula1252,atla1278,2.3306791698842395,0.4034164939633813
tulu1258,drav1251,3.9068148361910144,1.225112173837148
tuml1238,aust1307,0.965221662112485,0.3315385507915152
tumu1242,atla1278,2.2138928299944625,0.4931010698313014
nene1249,ural1272,3.832330323196655,2.3382183573112583
tune1261,atla1278,2.0444577521267013,0.3806668376590387
tung1290,aust1307,2.2481165619364925,0.4377315258388243
tunn1238,afro1255,2.729273541613244,0.9446342462486808
turk1308,nilo1247,2.753526976771425,0.7288175623896649
turk1303,turk1311,4.673140658471562,1.887808604466501
nucl1301,turk1311,4.513682194877676,1.9219503564610243
turk1304,turk1311,4.4926175050316655,2.015554489202613
tusc1257,iroq1247,3.5634926811635754,1.9471639866756765
tutu1241,aust1307,1.961319010981117,0.3276171231151243
tuva1244,aust1307,0.3246078884446621,1.00098813529523
tuvi1240,turk1311,3.261665080334099,1.935982533218275
tuwa1243,aust1307,0.597341720888434,0.2834055142220055
tuwu1238,atla1278,1.4459383674890716,0.4454419501278241
uuuu1243,aust1305,-2.6310956714073024,0.4840080985579971
ubir1237,aust1307,1.4105205269986771,0.3499292098427111
udii1243,nakh1245,4.791939090584253,1.6837640788813002
udih1248,tung1282,3.241366221968412,1.6850680775871338
uduk1239,koma1264,1.8990193429989024,0.7829161451290338
ughe1237,aust1307,1.8439918149362733,0.4183752420826625
ugon1239,sino1245,-1.3190484704592953,0.6103164290702399
ukaa1243,atla1278,1.3981620806478117,0.414571662403346
ukra1253,indo1319,4.69628280705202,1.8342373310306028
ulch1241,tung1282,3.45662731975536,1.8414494712290992
ulit1238,aust1307,2.3539203397913564,0.8712929284451976
ulwa1239,misu1242,0.673344420537596,0.7313970534011545
yaul1241,kera1258,0.9542739565341704,0.5408667415692574
umaa1242,aust1307,0.8761967287018702,0.4242001661442303
uman1240,daga1274,0.0001598263721591,0.5601256356102668
umbu1257,atla1278,3.691964146526431,1.1917484285747926
umbu1258,nucl1709,0.9977159432308108,0.2943312185026703
umes1235,ural1272,2.982013001784995,1.5999562984848428
unaa1239,nucl1709,0.1641721542054712,0.327111775435386
unea1237,aust1307,1.7103664470853583,0.3604762588976795
unua1237,aust1307,1.8951385764787343,0.3160841463930479
uppe1427,aust1307,-1.2980753143515724,0.3573045475951528
uppe1275,toto1251,2.7135253720256847,0.8563129945882424
urak1238,aust1307,-0.1161727960297751,0.5415924359786133
urar1246,urar1246,2.263385291009272,0.944607918317618
urav1235,aust1307,1.9593946207808732,0.4403669998288286
urim1252,nucl1708,0.9744699004341132,0.4363544864765836
urip1239,aust1307,2.6147725602685234,0.3208280788691922
urni1239,giim1238,0.8422899178306209,0.7003557737315496
usan1239,nucl1709,0.2190582067579347,0.281382381505622
utes1238,utoa1244,4.153904189888835,1.4748645977123451
kagf1238,atla1278,2.7468000458921447,0.5900947933863256
pile1238,aust1307,1.606912959356128,0.5183606289721849
veps1250,ural1272,4.011195531349672,1.784602851239432
vera1241,aust1307,1.7725354365378316,0.3987796907997962
viem1243,atla1278,2.5116447651880422,0.4977159474503563
viet1252,aust1305,-2.282698489966475,0.5871140481142594
voti1245,ural1272,3.861304318433808,1.626599026528205
vunj1238,atla1278,2.17291735756292,0.5225141030588336
vure1239,aust1307,1.79267060717461,0.3872947436108536
vwan1235,atla1278,2.3332029049982186,0.5776041258554034
wadj1254,wadj1254,1.2452275700118205,0.7227159322297672
waga1260,pama1250,1.181438916740537,0.5236179746324607
wage1238,wage1238,0.7690319322816788,0.6966640796088628
waig1244,aust1307,2.096651764873939,0.4721254512325963
waim1251,aust1307,1.6371354512543428,0.3447961008754872
waim1252,aust1307,1.0601038497418018,0.3921082628944439
waim1253,cari1283,3.3927746883483856,1.072803702516838
waiw1244,cari1283,3.402708202703696,1.0898652042556414
waja1259,atla1278,2.3239963706320745,0.4055095971869042
waja1257,pama1250,0.6625330507943471,0.813123680659324
waka1274,pama1250,0.536671196405424,0.7384676617721606
wala1266,aust1307,2.782350290182656,0.4490831165241427
walm1241,pama1250,0.7090863696161183,0.5556612148486209
wamb1258,mirn1241,1.7205227087269428,0.7464298520216097
wamb1259,nucl1709,0.1034594614267157,0.3181122272575529
wamb1257,sino1245,2.942102830793643,0.4766838190896889
wann1242,mand1469,1.676529605871067,0.6159317526685486
wand1278,afro1255,2.1913127991066625,0.3872766788120647
wand1267,aust1307,1.2376809764503471,0.4025004449430804
wanm1242,pama1250,1.4231938823832433,0.6337592457670844
saka1289,aust1307,1.952686766481196,0.360476751433004
waor1240,waor1240,2.4428315631542947,0.9023759874846896
wapi1253,araw1281,3.5813475570326228,1.0703387013312424
wara1303,wara1303,2.563356692118953,1.3750451188294202
wara1300,aust1307,0.6801098505126197,0.4071762700292414
ward1246,yang1287,1.266317595969691,0.7392153222940276
ware1255,araw1281,3.3567603922707088,0.8108277956975591
ware1253,aust1307,0.9359948639973812,0.4032163173806009
wari1268,chap1271,2.4712501706398755,0.9570157816224464
warj1242,aust1305,0.5937269660586524,0.468764412190795
warl1255,pama1250,0.5508317205713829,0.517530313657987
warl1254,pama1250,1.110896918067066,0.5509091872507246
warl1256,pama1250,1.3543071440270982,0.5921617230616225
waro1242,aust1307,1.407368982794781,0.4042624637998453
warr1255,pama1250,0.1817109358172888,0.5480801423472204
waru1265,pama1250,1.253404119629902,0.5346230712435149
wash1253,wash1253,3.2870775305337725,1.574075925317752
wask1241,nucl1709,0.8864823222401355,0.3146129064090268
waur1244,araw1281,2.7027321842916106,0.8560939700377013
wawa1246,atla1278,2.230535641646623,0.3675813479569272
waya1269,cari1283,3.3728396893706494,1.2730179875057217
wayu1241,sino1245,3.033498805722198,0.4924844973716
wayu1243,araw1281,2.4571910546413376,0.9066680181281472
weda1241,aust1307,1.9115032819926592,0.3664732131418335
wels1247,indo1319,4.154016443100048,2.125277024097273
nort2864,aust1307,2.156492494523577,0.4631024519949616
weri1253,kuni1270,1.1610017370847874,0.525422437505425
west2564,aust1307,-1.0104305128517772,0.3890081960093243
west2560,aust1307,-0.6565252870162146,0.3551558863480717
west2548,aust1307,1.4100343307334535,0.4607477315194566
west2615,atha1245,3.4349403111768924,1.5283201547932035
west2441,pama1250,1.3190293540989062,0.5850674275382293
west2397,aust1305,-3.1402834004661093,0.5802431223897755
west2555,aust1307,-0.761208275291499,0.3192985957215
west2618,eski1264,3.554432025822336,2.5204064257689702
west2650,aust1307,-1.619246232230385,0.6133500777644123
west2594,nucl1709,0.691919068515747,0.3948237760073176
west2778,utoa1244,3.290949962214067,1.1677407265533817
west2369,indo1319,4.858460748913744,1.8438383311672144
west2519,aust1307,1.6932959498634634,0.9266893909919558
west2354,indo1319,4.198643673403565,1.921280373648102
west2644,otom1299,1.866668238019898,0.430510180615113
west2624,utoa1244,3.1858543757078905,0.8460507544323868
west2466,atla1278,2.5968390314389347,0.4925507976700989
west2632,kere1287,3.617127594728299,1.627214244805088
west2396,aust1305,-1.3816619115473947,0.4782574319961954
west2418,sino1245,3.413054616106304,0.6582287805888836
west2392,ural1272,4.329628028878306,1.911843459168154
west2763,afro1255,4.320126754981066,1.6238020786720804
west2386,indo1319,3.9309538168379152,1.3593994378843224
west2557,aust1307,0.1586161538100539,0.3783256656503679
west2415,sino1245,2.601821964387866,0.5535076539066095
sanj1284,otom1299,2.04918384606584,0.4022820363645523
west2430,hmon1336,-1.1322065686045435,0.7186897563863157
west2599,nucl1709,0.1353988366581038,0.2970154319397196
west2600,nort2923,-0.0246026961745653,0.5109983425437199
saka1291,aust1307,1.8684862431179936,1.1172330244779367
west2538,aust1307,1.3091613306416456,0.4977139634445002
west2516,aust1307,2.1825897018244413,0.5013123720541155
whit1269,aust1307,1.9294595871597928,0.4791231670905596
wikm1247,pama1250,0.5403559949998797,0.4949629832401485
wira1262,pama1250,0.3677515738038395,0.7972569902677669
wiru1244,wiru1244,1.2776206104630488,0.6058416220384881
babi1235,atha1245,2.8127385240251783,1.4984150468474713
woii1237,aust1307,1.093533396364338,0.4063352270364033
wola1253,afro1255,2.7139598396460727,0.6504880089597331
wola1242,gong1255,2.3626999413833345,0.6037095617340631
wole1240,aust1307,1.778798192234335,0.8202484952060782
woli1241,aust1307,1.273722231193516,0.4189698550925631
nucl1347,atla1278,3.51919119260758,1.06519634100301
wood1236,algi1248,3.787192280200033,2.127456637248234
wotu1240,aust1307,1.614743376646088,0.427876016634233
woun1238,choc1280,0.7012334315743589,0.7214776229246604
wuch1236,sino1245,1.0422488062851394,0.8210024249780212
wudi1238,sino1245,-0.5573482423647191,0.3839033907824993
wuna1249,worr1236,0.6802963297635105,0.6942736222729202
wusa1235,sino1245,-1.081128830359109,0.3876842867580579
wutu1241,sino1245,2.259593565887392,0.6889435130019077
wuvu1239,aust1307,1.793827727312838,0.439002408180992
xamt1239,afro1255,3.0859698770530404,0.8640843773768698
xara1244,aust1307,2.161989749013034,0.5549014463886204
xava1240,nucl1710,2.4839594412003607,0.9087792586120926
xhos1239,atla1278,2.26098137072387,1.3005304013454166
xish1235,sino1245,-1.031793192530971,0.3589559583500756
xokl1240,nucl1710,1.8893591510873924,1.1342083177392586
yaak1241,afro1255,2.119410874017988,0.6220733754915906
yabe1254,aust1307,1.65838396073255,0.3283495027635768
yaey1239,japo1237,1.447347460236433,0.7807059312885056
yaga1260,nucl1709,0.3649472324918095,0.2708077650264462
yagu1244,peba1241,2.8989506372540346,0.9567311302018084
yaka1272,atla1278,2.940497015227916,0.549597084462758
yaka1277,aust1307,0.1872928533527478,0.3909746895203092
yaka1269,atla1278,3.787627607749368,0.8998132037613393
yakk1236,sino1245,2.423274408619719,0.4511181302414657
yako1252,atla1278,2.80487088248265,0.5361751137284001
yala1266,aust1307,1.7061596203465288,0.4533505963931068
yale1246,yale1246,0.989782913483876,0.5809767702189577
yama1264,yama1264,2.120148211657073,1.9826621751308215
yami1254,aust1307,0.3916349855066161,0.3733813541819253
yami1256,pano1259,2.732115438452431,0.7644360107018331
yamp1242,sino1245,2.7787169751754304,0.4738169245965795
yand1253,pama1250,0.285593145532159,0.6154359112580092
yane1238,araw1281,3.394482075615642,0.8981555550998137
yank1247,pama1250,1.041085430965481,0.6430362775182235
yano1262,yano1268,2.4213249421566907,1.0411704039184495
yano1261,yano1268,3.2398696118141808,1.0044272849153093
yany1243,pama1250,1.225574830273377,0.5040251986947402
yaoo1241,atla1278,2.1033874031466557,0.7171273802189577
yaou1238,mand1469,1.6226037978307786,0.6443167579758193
yape1248,aust1307,2.287020635667945,0.8083118100664128
yaqu1251,utoa1244,4.360311706241267,1.4051656619289252
yare1248,yare1250,0.836421242392732,0.64341446548136
yasa1242,atla1278,2.9142059455924008,0.5425190033401628
yatz1235,otom1299,1.4941810947343277,0.420964857905953
yaum1237,nucl1709,1.2933549539805973,0.3060215958215249
nucl1454,yawa1259,1.006929642243407,0.6948357453236289
yawa1261,araw1281,2.686393793355087,0.8434261438031285
yawa1260,pano1259,2.774087157478261,0.7581061576179153
yawu1244,nyul1248,0.9910543323014368,0.7089032449273387
yecu1235,toto1251,2.6304776314142577,0.8641894837884987
maqu1238,cari1283,2.6198725134679903,0.957582492370673
yele1255,yele1255,1.7737728803549848,0.8852664414036822
yems1235,gong1255,2.443504951790509,0.6395336673155159
yapu1240,nucl1708,0.99692407736752,0.4542001897261984
yess1239,sepi1257,0.2274244659594111,0.3998395048746324
yeyi1239,atla1278,3.604715734624326,0.9078103119552848
yidi1250,pama1250,0.5967421656533545,0.5082075609675902
yima1243,lowe1423,0.6668309890896087,0.5889328763044208
yinc1238,aust1305,-1.719410429293281,0.4841098649861957
yind1247,pama1250,1.3054330714215432,0.6537517309708263
yine1238,araw1281,3.410678536912122,0.8455248247772742
yoga1237,aust1307,-0.1767908940091975,0.2959391596835572
yona1241,japo1237,1.3062894617633214,0.7465832824336585
yong1276,taik1256,-1.3802365387154467,0.5983896466043279
yong1280,nucl1709,0.6667965909599844,0.3596110444094127
yora1241,pano1259,2.6895074320464034,0.7922049078174251
youl1235,sino1245,-0.6180770689694315,0.3744582574515536
youn1235,hmon1336,-1.466314333998201,0.6567359697160846
yuca1254,maya1287,2.8167903473295106,0.9431578953679334
yuch1247,yuch1247,3.3049381255107684,1.7691786536814709
yucu1253,araw1281,2.5023331200703027,0.7324688754280175
yuec1235,sino1245,-0.0593205867802293,0.5903337719789117
yukp1241,cari1283,2.1886303688658746,0.9060939937230756
yulp1239,pama1250,1.2461801514999835,0.5486581562965132
yulu1243,cent2225,1.4198108348750866,0.5967317048362091
yuqu1240,tupi1275,2.016969227860313,0.7590799619887982
yura1255,yura1255,1.6981182078550512,0.9296109421193788
gami1243,pama1250,1.4692136633278423,0.73730437131761
zaba1237,aust1307,1.9172313989340344,0.4415088341617053
zaca1242,otom1299,1.5880966075703025,0.4356200400197219
zaca1241,utoa1244,2.992888966826512,0.7426572388209665
zaiw1241,sino1245,-0.2608376841576021,0.3524893722893671
zakh1243,sino1245,0.8499199047842455,0.375945150671134
zamb1245,atla1278,3.399383881819234,0.577447409889257
zand1248,atla1278,2.3819642165514767,0.534817443707309
zani1235,otom1299,1.9410325292684183,0.4142705928119095
zapa1253,zapa1251,1.9928214894404552,0.8703393078690178
zarm1239,song1307,2.7348400357315583,0.9862781852392976
zays1235,gong1255,2.150830491538966,0.5747546716917009
zeme1240,sino1245,1.903265156151134,0.31221026183723
zenz1235,otom1299,1.751965727788229,0.4217854436563781
zhab1238,sino1245,0.9315194759718552,0.4372580374863615
zigu1244,atla1278,2.1156207080285263,0.5566805841460041
nort2795,atla1278,3.2783846656611413,0.8917726205301775
zinz1238,atla1278,3.2111995014239643,0.5905975344880856
zoog1238,otom1299,2.062369165082549,0.4274629704197519
zulg1242,afro1255,1.900907478990804,0.3656884002327261
zulu1248,atla1278,2.736552915733745,1.1882147315062972
zuni1245,zuni1245,4.234879757206104,1.633766721107587
