Glottocode,Family_ID,GPGLMM_Latent_Mean,GPGLMM_Latent_Variance
abau1245,sepi1257,4.567428637439211,3.013281441368065
abee1242,atla1278,4.777315735848763,2.2519628538381227
aben1249,aust1307,-3.080678060552896,1.034551241972899
abkh1244,abkh1242,4.063900445009683,4.289062042414095
abua1245,nucl1708,4.536312964887336,2.9921432807019883
abui1241,timo1261,4.018135814707856,3.0812805305702824
abun1252,abun1252,4.72568032468314,3.910321146413956
achi1257,aust1307,-0.2791965383450201,1.0758066305142933
acha1250,araw1281,0.8422559070738991,1.3451975736157848
ache1245,narr1279,2.7748941771210207,2.4047130611926235
achi1256,maya1287,-1.5810180976193735,1.0045730823644805
achu1248,jiva1245,2.3514061190318545,2.1649414064906765
achu1247,pala1350,-1.324074249669564,2.3685520244121463
acol1236,nilo1247,0.7225241409661087,1.1043778828366868
adan1251,timo1261,4.00653920298241,3.0730103489951475
adon1237,aust1307,1.335711802012679,0.7211290904191543
adze1240,aust1307,2.750426386526356,0.8059473831547308
aeky1238,kamu1264,4.394884935251151,3.580629102357726
afar1241,afro1255,1.212323461428476,1.4147309879881007
aghe1239,atla1278,4.061670939805329,1.1077192148431865
aghu1255,nucl1709,4.915680477864439,2.59749857040309
agob1244,paho1240,4.029509789886483,3.4083191263569006
agus1235,aust1307,-2.764799203430925,1.0996040701040997
agut1237,aust1307,-3.0180768513549774,1.2881173078347388
ahin1234,aust1307,-3.1212262247018385,0.850585360503807
aika1237,aika1237,2.0969219623477797,2.7453710440640364
aime1238,bosa1245,5.192120995116314,3.5063884342382323
musa1266,nucl1709,6.1040836880394345,2.1706985534418948
aito1238,taik1256,4.754195420186923,3.5854085037623022
ayiw1239,aust1307,2.131687303020512,1.0400129346578524
ajab1235,atla1278,4.307445905505933,1.7307859120935165
ajie1238,aust1307,-0.9527410663188304,0.6166917985316687
west2635,maya1287,-2.308970956388257,0.9277621924149386
akei1237,aust1307,2.8134203009732994,0.7684535298466173
akha1245,sino1245,5.442353232991251,1.941678362488453
akoo1248,atla1278,3.609775771780385,1.1781002349217076
akun1241,tupi1275,2.1152097114243844,1.5770014245895965
alab1254,afro1255,2.843528741626581,1.075374488195706
alab1237,musk1252,2.0240889395597934,2.6368360989281
alac1244,otom1299,-2.5421053577001684,0.9288512500321104
alag1248,afro1255,1.2965489896634572,1.0394041940233762
alam1246,sepi1257,4.71966241940203,2.9765568380309304
aleu1260,eski1264,2.6935051964928585,7.392087852760467
alor1247,aust1307,2.281021020036908,0.8613144112030255
aluk1238,drav1251,4.369773570814858,3.1488270984647286
amah1246,pano1259,1.7864150681937,0.9925898587275412
amam1246,kuni1270,4.279096161100395,2.8943893550302
amap1240,left1242,4.38206725252427,3.4767526029510805
amar1272,aust1307,3.116162508475809,0.8210941547560324
amas1236,nyim1244,2.551206348197746,3.1337133938117603
ambu1247,nduu1242,4.506997738013713,3.2297009338394176
amdo1237,sino1245,5.722962974169202,4.036491110773397
amha1245,afro1255,2.3552550492052617,1.24723843255628
amii1238,west2434,2.770008187487395,1.8357957817416093
amis1246,aust1307,-2.0819674421980165,0.809603548062725
hoaa1235,kxaa1236,2.0873618793077897,3.388997152793088
gily1242,nivk1234,5.706779131587311,10.274862495086763
anei1239,aust1307,0.0475693778500658,0.7325407751419917
anem1249,anem1249,4.758536276540958,3.365348226941684
anfi1235,gong1255,3.70241942646377,2.29226844824192
anga1290,anga1289,4.203962175962547,3.0748958011448195
anga1288,sino1245,5.074599148998146,1.366682837466996
wara1294,more1255,4.831079876365783,3.273449659368005
anta1255,aust1307,-1.484617300148361,2.544473572423904
anuf1239,atla1278,4.163192922809603,1.6611490446128985
anuu1241,sino1245,4.902019760727479,1.9026942589299691
anut1237,aust1307,2.607192201999747,1.50690341473598
aona1235,sino1245,4.522830563266955,1.5031172675570303
aoua1234,taik1256,5.096677520774596,4.105703655047989
apat1240,sino1245,4.69804638824477,1.6759260872284756
apin1244,nucl1710,4.56594947310305,4.042147727420378
apma1240,aust1307,3.158450825800508,0.7149791954111535
apma1241,kera1258,4.674087405824184,3.379711229888976
apur1254,araw1281,0.5946994111663251,1.21350075376629
arak1252,aust1307,2.9914345884406397,0.7289486097513844
aram1253,more1255,4.15773298089633,3.261668207102097
arao1248,pano1259,1.0603205717725508,1.0130459952174178
arap1274,algi1248,-1.1860394109776558,1.7371434391271665
araw1273,tupi1275,2.4278253608469766,2.6875743867253945
arbo1245,afro1255,2.350990821089308,0.9956684628579282
arch1244,nakh1245,3.067612187576903,1.2639027736383568
aree1239,aust1307,2.293769414695734,0.7781758192116541
area1240,aust1307,1.5462353497203445,0.5483042372181686
argo1244,afro1255,2.519228423317063,1.312999236798305
arhu1242,chib1249,2.6435103336296057,2.100371027820607
arig1246,atla1278,3.084683937829632,1.2911462293039122
arom1237,indo1319,2.5307324028535696,1.815792527946492
arop1243,aust1307,3.0797292417663757,0.8707812665121253
arop1242,aust1307,2.48649695136939,1.156964802011153
aros1241,aust1307,1.0071438702654454,0.6933984961596806
arta1239,aust1307,-3.2707031122618977,0.890322099397288
asha1243,araw1281,-0.9310045791256284,0.8383238725579147
ashe1272,araw1281,-0.9927035070472948,0.8546104105039376
asoa1238,cent2225,4.003784784693214,2.7037333043520846
assi1247,siou1252,1.9026729729221656,2.596051339433714
asur1254,aust1305,3.314794722604028,2.0839803541375588
asut1235,atla1278,4.42266868601216,1.6568612026546674
atam1240,aust1307,-2.6964140385310253,0.9370022168622896
athp1241,sino1245,5.447492109961803,2.1976071527023606
aton1241,sino1245,5.332324491642565,1.6891197279306454
auuu1241,nucl1708,4.451424094481966,2.98059451993597
aulu1238,aust1307,3.0212427328202525,0.6230927237712649
auye1238,nucl1709,5.931355052688829,2.767994537892754
avac1239,tupi1275,2.0037132502474337,2.58387644648284
avat1244,atla1278,4.376053134036898,1.7616733368313575
katb1237,aust1307,3.762265319920491,0.6386316893890296
awac1239,barb1265,2.745076416403616,2.6418816274562573
awad1244,aust1307,3.767898413851148,0.8839693010786718
awad1243,indo1319,5.400597901803388,3.6607271703475694
awar1249,ramu1234,4.6772108443591405,3.4809773862546294
awar1248,nucl1709,5.152754693047551,2.093478698604379
awet1244,tupi1275,1.3686281715411333,1.5995113013738589
awtu1239,sepi1257,4.383659803770452,2.9535514317792533
axam1237,aust1307,3.719012948866968,0.6324315021511637
axiy1235,sino1245,5.572323127132372,2.2966262940335085
ayac1239,quec1387,1.5935698529788034,1.9172686363804985
azha1235,sino1245,5.675561325308668,2.290808194865562
baba1264,atla1278,4.915000853632755,1.1356028724744365
baba1266,atla1278,4.839972641271004,1.1294820219231028
baba1268,aust1307,-0.0312525234414515,0.565834806287441
bada1257,drav1251,4.375448290582633,3.1708421961357303
bafa1247,atla1278,4.2634819715687975,1.2349485878441016
bafi1243,atla1278,3.995845133217093,1.2644231178440108
bafu1246,atla1278,4.80426759581804,1.1191006997644024
baga1273,atla1278,2.856690929186698,1.6458562274980153
baga1272,atla1278,2.699955460360198,1.583811280697411
bagi1246,cent2225,4.043032443005263,2.0802226555568097
bagv1239,nakh1245,3.2426598337981014,1.259618643737511
baha1259,afro1255,-1.1790862436827318,1.837462793060176
bahi1252,sino1245,5.617112533908002,2.3618920260323364
bahn1262,aust1305,3.1779390294098238,1.4872387472610953
baim1244,sino1245,5.654578075174485,3.840076091634778
baka1272,atla1278,4.305214612230658,1.9271227913260705
baka1274,cent2225,4.342908103309092,2.311354966752376
baki1244,aust1307,2.870207049134632,0.6543766032132794
bala1316,aust1307,-1.1671905014710255,0.7515733232980892
bala1311,aust1307,-1.783464456892366,1.0003341221060609
bala1315,aust1307,0.1750076968708878,0.911788958480436
bali1278,aust1307,-0.010715262657559,0.994789920027756
liki1240,atla1278,4.896912066406089,2.1311875145473493
bamb1270,aust1307,0.6624498281087146,0.8764071652498728
bamu1253,atla1278,4.869680451518114,1.1969401585098396
bamw1238,atla1278,4.848786679866742,2.1128378405366632
bana1288,aust1307,-2.912426113028924,0.8747732446497238
band1344,atla1278,5.796108675497749,2.17870858185389
band1340,atla1278,3.3237835053147435,1.6077249045812678
bang1363,bang1363,-0.2984672008160089,1.988755810568428
bang1369,sino1245,4.866553148130309,1.8938140169203168
guar1293,araw1281,0.1291686544673449,0.7626319288446624
bani1255,araw1281,-0.1884114533059755,0.8170033653840534
bann1247,aust1307,1.3309653242690842,0.6707505476240243
bant1281,sino1245,5.522279783339196,2.254463730078747
bant1288,aust1307,-3.5010386280283745,1.3142337368235315
bara1357,sino1245,5.769447249073145,2.75254417274742
bare1279,afro1255,1.4761825588594035,1.2089715298742405
bara1369,aust1307,-1.5630654173095948,2.487072139177755
bara1370,aust1307,1.3856563924626624,0.819744256217092
bard1255,nyul1248,0.3568260914110126,1.6105574510905143
bare1276,araw1281,0.1550983450050107,0.7806000955753447
barg1252,nucl1709,6.173819843765042,2.2159879949950323
bari1286,aust1307,3.1275817777603523,0.8240516143523209
baro1253,aust1307,2.4702157284191246,0.8184451598042557
bash1264,turk1311,5.376344002396556,7.3049643589083715
basq1248,basq1248,2.3990587450407936,3.805000068957909
bata1293,aust1307,-0.6609435613363275,0.96024384481278
bata1289,aust1307,-0.549595422079711,0.951988595527382
bats1242,nakh1245,3.265972613593033,1.4077983154215872
baur1253,araw1281,-0.7124079430920738,0.9066255107823268
bauz1241,geel1240,4.512029290948171,3.7763775768311447
bawm1236,sino1245,3.985659394842078,1.6805106523429174
bayb1234,aust1307,-2.5359474442668883,1.2854589596975714
bebe1248,atla1278,4.26967495611595,1.5073651039447782
beem1239,atla1278,4.089535004021575,2.7064460260797887
beja1238,afro1255,1.2786351178841429,1.4568944253987155
bekw1241,atla1278,3.7200243511260114,1.1221137324720587
bela1256,nilo1247,1.6164552882010037,1.675001818506253
bela1254,indo1319,4.086825747260414,3.782000770039886
nyal1254,aust1307,-0.9586220227700502,0.9271874647531816
belh1239,sino1245,5.464494044000241,2.213142411754312
beli1257,cent2225,4.407236721085621,2.3180789740159256
bell1243,sali1255,-1.403047794599999,1.7039610027044318
belu1239,atla1278,4.657780307251461,1.9283880284415675
bemb1257,atla1278,4.2701066495957685,2.294030844684123
bena1262,atla1278,4.50504262011193,1.9581711503613024
benc1235,gong1255,3.3273146035281806,2.125738503211778
bent1238,dogo1299,2.4266716197551226,1.831463394029086
zagh1240,saha1256,3.5752876531506,3.5864107270926127
bezh1248,nakh1245,3.2062490868386115,1.2522869690147689
bhoj1244,indo1319,5.262314953517628,3.2569322726197143
biaf1240,atla1278,2.1755236622792298,1.490639671959272
biak1248,aust1307,3.503649829182983,1.5064958124343804
bian1252,kuni1270,4.159725076215801,2.8571126348912514
biao1254,hmon1336,4.368275925740309,3.647402149709016
biao1256,hmon1336,3.725576910704576,3.417966938777816
bier1244,aust1307,3.674351335031513,0.6524502584987815
bign1238,aust1307,2.918665852527368,0.6654547310885306
biha1246,aust1307,3.160356345770139,1.5466525141775378
bila1255,atla1278,4.6724317645501126,1.9494777299359285
bilb1241,aust1307,3.8426809706298144,0.9601894068263164
bili1260,afro1255,0.2232464408484282,1.1828624925764828
bilu1245,bilu1245,1.686084441658006,2.2723088930818776
bimi1240,nucl1709,5.890888862751918,2.37912788948379
bina1277,nucl1709,4.888118276435287,2.2827817022085384
bine1240,east2503,4.084363112185113,3.2529088520291154
bini1246,atla1278,2.541188632629969,1.335658922000178
gunw1252,gunw1250,0.1906987622111546,1.0371706282484396
birr1240,cent2225,4.920674545084054,2.8171856157576585
bisu1244,sino1245,5.261811526968297,1.948730869439416
bitt1240,aust1305,3.354642433973411,1.3569447972868645
biwa1243,yuat1252,4.632707388760237,3.4582838043512965
blab1237,aust1307,-0.451217751544662,0.5100537444164246
blan1242,aust1305,2.686363023629286,1.264321592454813
bang1354,atla1278,4.520188817202375,2.3285445241225204
bodo1267,aust1305,3.0830861153059823,2.058323160750234
bodo1269,sino1245,4.438587605074642,1.525728808953879
boka1249,sino1245,4.99954084571299,2.0946958366492794
bola1250,aust1307,2.981892143785836,0.8423361964366975
bolg1251,atla1278,4.782524770545614,1.8283836316199924
chim1302,quec1387,3.259307005121019,2.481849911020788
bolo1262,atla1278,4.808946514097475,2.183723571230132
boly1239,aust1305,3.3762301486740496,2.05213813337825
bomk1234,atla1278,4.202573922659862,1.903726090906794
bona1250,mong1349,5.166440929778543,6.148865751449058
bond1247,atla1278,4.521924728390492,1.8283652948835252
bond1245,aust1305,3.120734913304532,1.8788483704576533
bong1289,aust1307,-1.5209215612272076,0.8800922797839377
bong1284,atla1278,4.58983980254832,2.2030869278918743
bong1285,cent2225,3.893583919957544,2.4393625368294707
bora1263,bora1262,-0.0874533117139393,1.8641298968498676
bora1271,afro1255,1.6548082435398612,1.140265525728168
bord1248,chib1249,4.29973402120039,2.421049398869613
bori1243,sino1245,5.5977607663507865,1.818382982455283
boro1277,gong1255,4.0818043699330495,2.55325290857418
boro1282,boro1281,1.929067536138526,2.863548468707904
boto1242,aust1307,-3.083731724849371,1.0689773655762949
boun1243,atla1278,3.799576850033717,1.7748837438152023
boun1245,nucl1709,6.025460975502021,2.235433795118311
bouy1240,taik1256,5.16161574272305,3.822915746115029
brah1256,drav1251,5.136039783690361,5.710960119121303
lave1249,aust1305,3.5548215564067123,1.42345746893659
bret1244,indo1319,-0.0081095962510204,1.4236669743699295
brib1243,chib1249,2.870469765705168,2.094030895796955
bube1242,atla1278,3.523451726404911,1.4669169451704818
budu1248,nakh1245,2.8261361974925387,1.4542594827053676
budz1238,atla1278,5.109453153663652,2.276370687159336
buga1247,aust1305,3.430032235945098,1.8911012374160947
buga1250,aust1307,3.434367032726243,0.7389595520785477
bugh1239,aust1307,-0.3223643669882403,0.4862699717829883
bugi1244,aust1307,0.0029646355770722,0.7751949762196446
bugl1243,chib1249,3.9216111628109527,2.379693255213539
buhu1237,aust1307,2.8129637515418064,0.937611977597733
bujh1238,sino1245,5.793013590818494,2.783152479267222
buki1249,nucl1708,4.5465471673035305,3.008388955605689
buku1249,atla1278,3.943198317863537,1.3445571704025454
bull1247,atla1278,4.031056869748792,1.903864132189
bulo1242,aust1305,3.3238428687146166,1.4654279700562114
bulu1251,atla1278,3.9182106508613295,1.5802512972178064
bumt1240,sino1245,5.758735604778519,1.9941296238667972
buna1278,timo1261,4.063078090844876,3.164377018473345
buna1276,aust1307,2.599665080965238,0.8936986882252853
gahr1239,sino1245,6.553413748693652,4.564655123571171
bund1253,indo1319,5.264326556074086,3.7854511286368577
buol1237,aust1307,-0.668369757916728,0.8837181868399355
bura1267,mani1293,1.8000403948932715,1.961588654294516
bure1242,afro1255,2.050958575248828,0.6497013171421102
burj1242,afro1255,2.481998632112692,1.2348056510227678
nucl1310,sino1245,4.202748874375579,1.9992073564581003
burm1264,burm1264,4.507105985901339,3.772183050963278
buru1303,aust1307,1.5070208913347105,1.1553749346395463
buru1320,afro1255,1.3642980717885294,1.1685469950856984
buru1296,buru1296,5.7035453459662175,7.437616346135762
busa1253,mand1469,3.234587366621522,2.577735956602332
bush1247,atla1278,4.498280436454484,2.675192773588272
buwa1243,afro1255,1.457846614228984,0.4224327284156288
bwai1242,aust1307,3.009681370084122,0.7660636437219281
bwat1240,aust1307,-1.2274959831839596,0.6548052711504511
byan1241,sino1245,5.857361364059238,3.796935679787644
caac1237,aust1307,-1.1875202547304329,0.7032877596478926
cabe1245,chib1249,2.761759112801614,2.080295309704333
cahu1264,utoa1244,1.42664864023373,1.5348716835041074
cakf1236,afro1255,0.965234393763464,0.7149652958301971
cald1236,quec1387,3.4179765231513928,2.413546406515501
caml1239,sino1245,5.573654616143238,2.31531069478654
camp1261,indo1319,2.5238637956230763,2.2168758365405097
cane1242,nucl1710,3.815715930609003,4.337737872348953
caom1238,taik1256,4.684550324517915,4.0587146240794
capa1241,pano1259,1.7695100698562765,1.011838365892423
carn1240,aust1305,-0.1355025347954488,1.3666031322076009
caro1242,aust1307,0.8706270624292649,1.7237932910122709
cash1251,pano1259,1.5362856226229364,1.145269290428189
casi1235,aust1307,-3.329654149451593,0.9587434277641264
stan1289,indo1319,2.16526839234328,2.13700293440273
cavi1250,pano1259,0.2437357418593044,0.949228990154566
cayu1262,cayu1262,-0.8170175847608327,1.9694839788378005
cebu1242,aust1307,-2.983926650347205,0.9635482367914108
cemu1238,aust1307,-1.1382954019003784,0.6275353709779381
cent2127,eski1264,2.670389758186106,6.67529785017441
cent2142,ayma1253,-0.4778686674656243,1.4251850288726544
cent2004,sino1245,5.130916551016063,2.039267226052445
cent2292,aust1307,-2.743267106948505,0.8198459036492594
cent2084,aust1307,-3.059881894176997,0.9889781954998966
cent2314,aust1305,3.3065534172134763,1.662438843245738
qaua1234,taik1256,5.120389839902185,3.9944013475683136
cent2050,saha1256,2.490981421722325,2.187436001641103
cent1989,aust1305,3.412040506110924,1.5732600960119072
mala1479,aust1307,1.157363528044338,1.128003927539751
cent2322,ural1272,5.666084595050086,9.473148422067148
cent1992,aust1305,3.355009965068887,1.406859380598604
cent1990,aust1305,-0.2490911820180017,1.3122190455473015
cent2140,miwo1274,-1.3331438344509234,1.7955529540561417
cent2131,utoa1244,1.1759841156229676,1.0172581803088931
cent2150,chib1249,3.885085196131636,2.508684865667938
mbal1255,atla1278,3.0037661346761526,2.5138496452029813
chad1249,afro1255,-0.1187712629504595,1.085566975851286
chak1270,sino1245,4.924371957107271,1.968656591256483
chak1271,atla1278,4.39329869071225,1.6474930668746737
cham1315,zamu1243,-0.343233488354322,2.020316144170124
cham1309,nakh1245,3.277567378356321,1.2766856388013537
cham1318,araw1281,-0.1694655521330113,1.0309323008241549
cham1312,aust1307,0.31776092664266,1.4717812604874323
chan1313,sino1245,5.383566130821489,1.585822215548042
chac1249,barb1265,2.6863135287845497,2.6312966249860565
char1269,gong1255,3.600767557283814,2.102789709875566
chas1234,sino1245,5.001257710893932,1.9415476579553257
chec1245,nakh1245,3.413795156859828,1.6426540647536427
chek1238,aust1307,-0.1943427831282183,0.4988961923358346
chen1255,drav1251,4.917261494556731,3.399231407990684
chep1245,sino1245,5.762566945151039,2.66589860555176
cher1273,iroq1247,-0.6693691728277475,1.8930503727786812
chey1247,algi1248,-1.1106351405645534,1.7465075828510592
chic1270,musk1252,1.972885338551335,2.1679805607885427
chig1238,atla1278,4.465742936608863,1.9468092759526527
chil1280,atha1245,1.234240561438331,1.856672534591283
chim1312,atla1278,4.678719972740759,2.637275173289943
chhi1245,sino1245,5.490495049440303,2.221986075177348
chip1261,atha1245,3.216695643064164,4.494287544959207
chip1241,algi1248,-1.5799014691994604,2.392342681310616
chir1283,sino1245,4.30371688808376,1.3705193266416558
choc1275,sino1245,4.889554484267253,1.9029222716236875
choc1276,musk1252,2.834285849045683,2.278722337775001
chon1284,aust1305,3.3447516577889878,1.648561438980991
chot1239,sino1245,3.97539430082218,1.3324566598945466
chra1242,aust1305,3.0301983720832064,1.5883015879321434
chuj1250,maya1287,-2.310959575390801,0.9197818871674316
chuk1273,chuk1271,4.860519641426468,17.677839482862737
chuu1238,aust1307,2.077061915462294,1.7503058094410235
chuv1255,turk1311,5.324775546512346,6.420261924328138
chuw1238,atla1278,3.4559474115871263,2.5291279172518486
cici1237,atla1278,4.103108956362728,1.6024346601764066
chin1286,chin1490,-1.3947942928248704,2.476242168947607
cent2087,aust1307,-3.543772235971121,1.3863625665497494
coat1243,otom1299,-3.1491265088038274,0.944398737659128
coca1259,tupi1275,0.7704817272185529,1.3256683192974066
coeu1236,sali1255,-1.6979912336885612,1.4225767450478557
cofa1242,cofa1242,3.0717083723599803,3.378758314270115
cogu1240,chib1249,2.63200545843815,2.125843062512331
colu1241,sali1255,-1.622150331893326,1.3414018969637311
como1259,sali1255,-2.45905532115282,1.684907433167858
cong1236,atla1278,4.425039921615768,2.419230328793951
copa1237,otom1299,-2.7805705347973246,0.8210326723506469
cors1241,indo1319,2.837194435427421,2.10757432616537
cosa1234,sino1245,5.533429758105043,1.9551784941023485
cota1241,aust1307,-2.330695639787192,0.8975566861225062
cree1270,musk1252,2.7428367518213648,2.368537497020036
crim1257,turk1311,3.6170586351985534,3.967124945280574
crow1244,siou1252,2.1874164242381244,2.3461090629284627
cube1242,tuca1253,1.508987582939034,1.2359028877262048
culi1244,araw1282,2.1595155349024333,2.499242050684145
curr1243,araw1281,-0.4500271151342361,0.8204497158315789
cusc1236,quec1387,1.912539639986886,1.949673416136747
cypr1248,afro1255,-0.8093715516001005,1.3920620163387127
czec1258,indo1319,3.5066897005610977,2.817015529066005
daai1236,sino1245,4.241381731833376,2.0224503668920946
daas1238,afro1255,1.9750989329876347,1.0489167925796536
dadi1250,tebe1251,4.509309773357871,3.402940769388337
dagb1246,atla1278,4.286397459800575,1.6557333076282743
dagi1241,narr1279,2.758497431564252,2.4393775753417373
daur1238,mong1349,4.936128747729197,8.70930732672361
daka1243,aust1307,3.855033347110236,0.6454021072841769
damp1237,aust1307,-0.1529712481759404,0.8063415660617608
dana1252,aust1305,2.493591923439875,1.4351717231588663
dand1238,drav1251,5.347583085498981,3.382975720053338
dani1285,indo1319,4.1228588433308655,3.284213045095271
dara1250,indo1319,6.132606748896096,3.503863561701316
darm1243,sino1245,5.854848340755667,3.801387479828129
dawr1236,gong1255,4.559240679095282,2.1331632675317778
daza1242,saha1256,3.1155132273608785,2.587481675501664
dege1246,atla1278,3.75369972355362,1.4102160898263634
dehu1237,aust1307,-0.1526777489583146,0.6451516623617977
dera1245,sena1264,4.342593299905517,3.53540164830909
dera1248,afro1255,1.631843671855428,0.662982746912526
desa1247,tuca1253,1.2155375888877775,1.091557843422713
dhao1237,aust1307,1.689643405354012,0.9258692951845546
dhim1246,sino1245,5.217417561404845,2.0876141292799844
dibo1245,atla1278,4.71421094892158,2.1473380541315947
digo1243,atla1278,4.503051074852999,1.9497279719769052
dima1251,sino1245,4.141140141136927,1.3440389995160515
diri1252,atla1278,1.9460026168331488,1.705508662273871
djam1256,pama1250,1.227970577664039,1.2297102689444444
djee1236,mani1293,1.894645410870612,1.965603503420944
dobe1238,aust1307,2.3008041357556026,1.5069021618010083
dobu1241,aust1307,2.7773699278826047,0.8034140147560578
domm1246,nucl1709,5.131264683380192,2.1649923545924
dong1285,mong1349,5.150294999139114,6.190018862735805
doro1266,manu1261,4.209023918566964,3.3261615059004725
drun1238,sino1245,5.19093012604687,2.251134940663277
dual1243,atla1278,3.405289644393524,1.2938535584377109
chug1252,sino1245,5.561333159796552,1.7893283549219632
dumb1241,aust1307,-1.2093899041966172,0.7855938835204626
dumi1241,sino1245,5.613001802325546,2.3325228969000307
duna1248,duna1248,5.232761663707002,3.5741518625006137
dupa1235,aust1307,-3.190956622175986,1.0022895405425487
dusn1237,aust1307,3.581511836823722,1.4217980493603264
dutc1256,indo1319,2.698487877012636,2.2951345292891787
dyul1238,mand1469,3.659212501370938,2.2097479892094256
dzao1238,hmon1336,4.085206763685778,3.520076272173398
dzon1239,sino1245,5.905858646052717,2.0920310905190576
east2443,aust1307,3.182788086759163,0.7606471973499964
tang1336,sino1245,4.959215704793197,1.3448201380066394
nucl1235,indo1319,3.950382604166265,2.4495827901177023
sout2896,aust1307,1.3520110549400437,0.7550332001384348
east2555,tupi1275,0.1577422725587876,1.6118428401941929
east2332,aust1305,3.7027407838214375,1.5868345061893407
east2563,aust1307,2.843261191100635,1.666287641452456
east2690,afro1255,-0.743292656275176,1.3365475431353104
east2556,otom1299,-0.6717981574177092,0.9082138391059188
east2342,sino1245,5.073292034461949,2.02700232584035
east2328,ural1272,5.120225175941264,6.414118628123319
east2333,aust1305,3.0857359436138934,1.4533420388388336
east2773,sino1245,5.666885291683353,2.4520019134748807
panj1256,indo1319,5.144426355197628,4.5771041863309065
east2485,aust1307,0.1175143408582151,0.7184881664490703
fina1242,aust1307,-2.855011122565837,0.8097758526760757
east2694,aust1307,-3.0859362170102065,0.9960826292239916
east2447,aust1307,-0.7836869031486062,1.9389133500090168
east2516,nucl1709,5.942975148714647,2.266565321863922
huaa1248,tuuu1241,2.019004712784363,3.3659038692194585
wall1257,aust1307,-1.6516218633109052,1.903865509515448
egaa1242,atla1278,4.055249296255885,2.245753239803797
egyp1253,afro1255,-1.0364354263149942,1.5381217276540866
eipo1242,nucl1709,5.113365845011756,2.514059518240586
ekar1243,nucl1709,5.898035245417574,2.7746958655329195
elem1253,atla1278,3.838073899957447,1.3209467901894243
elip1238,atla1278,3.94511433468604,1.3048694023727805
elna1235,utoa1244,-0.09797562106444,0.9850546021451052
emae1237,aust1307,2.6438061024699677,0.6914012768200948
emai1241,atla1278,3.0101410384838845,1.2963948110874242
embe1260,choc1280,2.728792394781828,2.5753195056650853
embe1262,choc1280,2.886426587111184,2.6864803660287606
stan1293,indo1319,1.1893219339894336,1.6524387245496612
enuu1235,sino1245,5.450126280420826,1.9813624590786527
ersu1241,sino1245,5.53558820240582,2.851121185518401
esan1238,atla1278,2.951020261873873,1.2824106483207132
esee1248,pano1259,1.2518115722418102,1.0647370110139391
esim1238,atla1278,4.81188469119984,1.1052405134148628
esto1258,ural1272,4.755594815818452,5.005291479473357
even1260,tung1282,5.53252275502249,13.766185158641656
even1259,tung1282,5.838597412628094,12.107388474526031
ewee1241,atla1278,4.423861583005802,1.8159355911952983
fala1243,sino1245,3.901627880941056,1.4992909985366936
fare1241,atla1278,4.112362149357704,1.6173816418514022
faro1244,indo1319,2.307939106496722,3.427842736892778
fasu1242,fasu1242,4.429245683130143,3.4881638772026307
fiji1243,aust1307,0.3151448132470651,1.430529460888188
fili1244,aust1307,-3.482578216969263,1.3436397240958016
finn1318,ural1272,5.014306995661625,6.005525437310816
fipa1238,atla1278,4.513358427053995,2.1199665185290755
foii1241,east2499,5.245072262950739,3.542461283931914
fonn1241,atla1278,4.134536736808226,1.7308224962244196
fore1270,nucl1709,5.083188043861431,2.1359256219420075
fore1265,ural1272,6.194617748467281,13.027735068797234
fran1266,mixe1284,-1.2989751219673356,1.5185090172123594
stan1290,indo1319,2.034643285716773,1.894952947134847
fuln1247,fuln1247,2.803438315598174,5.620986863386989
furr1244,fura1235,2.874435699290186,3.6815396811943657
furu1242,cent2225,4.8227349693168335,3.01263033510007
futu1245,aust1307,0.4742356911597809,0.7565842623451999
fuyu1242,fuyu1242,4.221435368221632,3.2762666725379006
gaaa1244,atla1278,3.640520235036093,2.030196156885616
gaam1241,east2386,3.414469208337429,3.4046330915981216
gaan1243,afro1255,1.2184675459026444,0.5680799911680552
gada1258,aust1307,-3.027638695779669,0.8453275160004097
gade1242,atla1278,3.727430636701304,1.2157363056655797
gaga1249,turk1311,3.2948530089067924,3.890977487098546
gala1264,afro1255,1.338335708561108,0.612476525907546
gale1259,nort2923,2.858595802851988,2.3100859862715595
gali1262,cari1283,1.8055796014300651,1.77436318903586
gali1258,indo1319,1.479046833237917,1.9044309211341852
galo1242,sino1245,5.6434663980359066,1.9282484242264035
gamo1243,gong1255,4.601485959495765,2.1428853234957543
gand1255,atla1278,4.809822380112383,1.6241221243726969
gang1267,tang1340,0.7180576615609595,1.2954457108245734
gang1266,sino1245,3.883482290733215,1.3161541129591328
gant1244,nucl1709,6.125755430892827,2.193895905762531
gapa1238,aust1307,3.106042929699237,0.809386984886423
boht1238,afro1255,1.9626288601119453,1.7104362018777906
gari1256,araw1281,-1.6700487034472566,1.5387144624441618
garo1247,sino1245,4.592604870575157,1.730036678071933
gara1269,garr1260,-0.5853760569084294,2.0583892078553703
gata1239,aust1305,3.101506118727772,2.015546736579495
gayo1244,aust1307,-0.3268711978892569,1.0284114787089251
geba1237,sino1245,4.825773291058019,2.1234425103842582
gela1263,aust1307,-0.0679992640934046,0.4550294951397262
nucl1302,kart1248,3.433007674236792,3.5105662572512344
ghad1239,afro1255,-0.6121331863986903,1.8100932357285515
ghan1242,aust1307,-0.3724602125688243,0.5628960271953218
ghar1239,aust1307,-0.2479038337974615,0.5038054914463217
gheg1238,indo1319,2.7370912088336503,1.8762124054148472
ghom1257,afro1255,-0.0348164015029077,1.5455490989114296
gida1247,afro1255,1.6762497357126378,0.5847618961957153
giiw1236,afro1255,1.3147400176429052,0.6208964971384887
gilb1244,aust1307,1.9387132915789769,2.8475293060504825
gira1247,nucl1709,5.332797344268742,2.1633658819326413
gizr1240,east2503,4.056592051609669,3.2636669433294543
glav1244,afro1255,1.1254868216518297,0.4554113280881751
ghod1238,nakh1245,3.27036752136861,1.3241438340545528
goem1240,afro1255,1.8720127129337136,0.7785541989386076
gofa1235,gong1255,3.780339537321383,2.1243380458877965
gogo1265,suki1244,4.240732461114248,3.531118350542087
gola1255,atla1278,4.510055536756831,2.229952017539283
goli1247,nucl1709,5.281602009347611,2.1680023116032388
goon1238,buna1274,1.5815161778457074,2.626706309234592
pare1266,aust1305,3.0956212369631446,1.875065438915101
gras1249,koia1260,4.265365794574664,3.073992673214235
guah1255,guah1252,1.7779186316992692,2.713974300802988
gube1234,atla1278,2.6084054729510244,1.7904707014829455
gude1246,afro1255,0.4574790442857341,0.4850921793019367
guer1243,otom1299,-2.861117690782165,0.9156060805788684
guhu1244,nucl1709,4.837051323001542,2.20497034628022
guiq1238,sino1245,6.362426399918821,3.0892171557030537
gulf1241,afro1255,-1.260253274817713,1.3480161626659497
guma1254,aust1307,2.019250734090698,0.7746234404700729
guny1241,pama1250,0.972754156365476,1.5337361568678816
gura1251,indo1319,3.2312583046355705,2.4169291917220974
guro1248,mand1469,3.9625075956866738,2.470648934967123
guru1261,sino1245,5.633170476588611,2.3875827598339967
guru1271,afro1255,2.053500456116499,0.6500748525156084
gusi1247,atla1278,3.562266874382609,1.3197617416717122
kwam1249,koma1264,1.135361806273633,1.582884816852598
gwen1239,atla1278,4.404339638935551,1.6263004167683874
gyel1242,atla1278,3.482654573895478,1.659553788861338
haaa1252,atla1278,4.419691828836073,2.035940159932352
hadi1240,afro1255,2.7733316919723663,1.0567664785006912
hadz1240,hadz1240,0.5770637606982632,2.0132728464830976
haka1240,sino1245,4.798822748200401,1.6090200113216753
hakk1236,sino1245,3.352418327200847,2.526710186417816
halh1238,mong1349,5.473652720956287,8.932267111553934
hali1244,aust1307,1.750985934281467,0.7458051739155067
halk1245,sali1255,-2.2082029248787327,1.4153290297087435
hame1242,sout2845,2.9640606919887533,2.97720615897768
hang1263,nduu1242,5.264418515032913,3.221811758036907
hani1248,sino1245,5.643466620197896,2.100553208062585
hano1246,aust1307,3.90442693605678,0.7612630119280439
haro1237,aust1307,2.9115525591927485,1.6189983256194296
haru1245,piaw1238,4.580804752478294,3.334526200289595
hass1238,afro1255,-1.1728501442422143,2.0697039398712604
hata1243,hata1242,4.308662727571368,3.661347708831848
remo1247,aust1307,-3.400120084139025,1.145916502691243
haus1257,afro1255,1.7231174763386257,0.8726937714553458
nige1253,atla1278,5.018887842098113,1.3005769876621045
hava1248,coch1271,2.248396166218244,2.4469269966703706
hawa1245,aust1307,-2.8570625574207837,6.643581970617689
sabu1255,aust1307,0.4835537508278669,0.837493624103594
hehe1240,atla1278,4.5798349897350485,1.7975941138448448
heil1246,waka1280,-1.88587590990776,2.257115350418374
here1253,atla1278,2.954936458834436,2.002080992478604
hida1246,siou1252,2.4406360183022286,2.817565963635971
high1276,mixe1284,-0.7070981604304187,1.2660664806284103
high1278,utoa1244,0.8806294018824701,0.7545976397138219
karb1241,sino1245,4.241488647427121,1.3892134822888949
hind1269,indo1319,5.148248811152892,4.00028930532347
hinu1240,nakh1245,3.291264015434863,1.3058366101699832
hixk1239,cari1283,2.6241900586647544,2.195917749497632
hlai1239,taik1256,4.588868077776188,3.744976001863428
hooo1248,aust1305,3.003510097513849,1.8469351595979904
hoav1238,aust1307,-0.8706325458410771,0.5027144227693441
ainu1240,ainu1252,4.430175761432756,9.028946820430733
holo1240,atla1278,4.526879566588929,2.320799141199224
hone1235,atla1278,5.177830536429624,1.1480773191978813
honi1244,sino1245,5.4345759834640015,2.0020984797517443
hopi1249,utoa1244,1.8000207523211909,1.4497496927816511
hote1245,aust1307,2.3276714901586297,0.7079690334924322
hrus1242,hrus1242,4.043224979485337,4.178276896302869
huuu1240,aust1305,3.0388205728229325,1.2811615871922086
hual1241,quec1387,2.848904038189969,2.0272449763079408
huam1247,jiva1245,2.2268159699038206,2.206766173778341
huar1255,utoa1244,1.389837555480036,1.0130259283378962
huas1242,maya1287,0.1392551676913551,1.4101973030877917
huba1236,afro1255,1.320811722599906,0.4962765172630909
huic1243,utoa1244,0.9377930298607318,1.006826726691692
hula1239,aust1307,3.2573151838366723,1.018004073394792
hula1244,afro1255,0.5496308928688158,1.332046074320914
huli1244,nucl1709,5.201427707687022,2.332486324170034
humb1243,song1307,2.4873844190041403,1.9775601995116503
hung1275,aust1305,3.6964802863048414,1.6163208809159355
hung1274,ural1272,3.2557352276081817,4.098123319066758
hunz1247,nakh1245,3.180704223395208,1.2463003444635348
hupd1244,nada1235,1.6717045028856112,2.3269623875955503
wyan1247,iroq1247,-0.4318022810227806,1.2417205456134113
hyam1245,atla1278,3.956013517547434,1.2207241109079874
iaai1238,aust1307,-0.926123613108037,0.6067269554413528
iama1237,aust1307,2.1179753710079696,0.7565223389184936
iatm1242,nduu1242,4.583750050803919,3.225285644987679
ibal1244,aust1307,-3.0205339043403923,0.8638453119621943
iban1264,aust1307,1.313374944180995,1.0460847847146084
iban1267,aust1307,-3.105201977062367,0.9290933621966816
ibat1238,aust1307,-2.9256161947637223,1.126537334152701
ibib1240,atla1278,4.048414387275496,1.248575601791451
icel1247,indo1319,2.391126922151216,4.660937488236073
idii1243,paho1240,4.105046585027512,3.400417493418203
idom1241,atla1278,3.61630755361107,1.1786100399868715
idum1241,sino1245,5.177159699333163,2.409491537001358
idun1242,aust1307,2.9962865634044142,0.7689499409201304
nucl1417,atla1278,2.9374199234525173,1.342255075948188
igna1246,araw1281,-1.1167765502217035,0.8838211439960872
ikkk1242,kuli1252,0.1641448252616946,1.920623214102953
ilaa1246,atla1278,3.500860932840138,1.9304106175203444
iliu1237,aust1307,2.4691054519864952,0.9853421532242236
ilok1237,aust1307,-3.216973197164441,0.9022385917272402
ilon1239,aust1307,-3.254638594437064,0.8746858822218826
imba1240,quec1387,3.467626808112908,2.482612760648358
imon1245,bord1247,4.322624355991835,3.5211272705963808
ingr1248,ural1272,4.931999395210419,5.310060717400688
ingu1240,nakh1245,3.3867346932026843,1.624905650519338
alba1269,aust1307,-3.5814232271397595,1.381976428112111
iqui1243,zapa1251,1.6688688654148671,2.3616096039281373
iraq1241,afro1255,1.1186409881285797,1.0284680349564894
irar1238,aust1307,3.5194228874135263,1.4340466785183708
iris1253,indo1319,-0.4542731935139337,1.713984056137761
irul1243,drav1251,4.452122618885199,3.416371472143716
kris1246,skoo1245,4.324977469230325,3.568262420199176
isco1239,pano1259,1.7948198841445702,0.9966945619084626
isin1239,aust1307,-2.455345157248692,0.83020676621841
isir1237,kwer1242,4.490807150499395,3.691071846358014
isna1241,aust1307,-2.8481431546594065,0.9792437905927612
isth1240,utoa1244,0.0416434431823116,0.8467458697841082
isth1241,utoa1244,0.1314487758229539,0.8702388274598221
ital1282,indo1319,2.933145519367433,2.1376031962810345
ivat1242,aust1307,-2.6470480811296264,1.1533091076835902
iton1250,iton1250,-0.614623298549563,1.936409879505085
iumi1238,hmon1336,5.146335390376959,3.4624020320710187
iwal1237,aust1307,2.2879277044224926,0.72063494305619
iwam1256,sepi1257,4.555846005901883,2.972934071539221
iyoo1238,nucl1709,5.220277866758152,2.123435069496452
jahh1242,aust1305,1.161580288126921,0.9251983474839988
jalk1242,mand1469,3.635104283131757,2.2356249172752314
jamb1236,aust1307,1.1923380179332757,1.528310263351507
djam1255,mirn1241,-0.5935123786438723,1.4949709248811942
jams1239,dogo1299,2.465416849591876,1.7932430770931589
nucl1643,japo1237,4.461034276624706,5.817743928350275
japh1234,sino1245,5.637553394889518,3.4812269628203367
jaqa1244,ayma1253,-0.6062942551766721,1.6913420462960502
jara1266,aust1307,3.337915737655144,1.5830108419535378
jede1239,aust1305,1.7345390319076663,0.9468489356460664
jeha1242,aust1305,1.8419011261960283,0.9708943657374718
jenn1240,drav1251,4.398000530630385,3.1647191069654923
jeru1240,sino1245,5.62386956978042,2.364746616067272
jiba1237,atla1278,5.175660791049904,1.168620547987068
jina1244,afro1255,1.852111034344052,0.6191223372026187
djin1251,mirn1241,-0.7432373460529362,1.562828053539434
jjuu1238,atla1278,4.817299316514287,1.2556787735256805
juan1238,aust1305,3.097040496605016,1.9277509532328168
juku1254,atla1278,5.057218289388011,1.1206986857234185
jurm1239,cent2225,3.5866155605941445,2.2923388679258068
kaba1281,cent2225,3.6179865756327496,2.419475830800017
kaba1278,abkh1242,3.603842901413821,4.017025246038024
kach1284,gong1255,4.698863437233072,2.267114597999189
kada1242,drav1251,4.334997028238484,3.195203481839904
cent2100,aust1307,-1.7756334097006523,0.6778833601862146
kado1242,sino1245,5.168474641303393,1.87136612742173
kafa1242,gong1255,3.4959439001808343,2.125339118101301
kaga1256,aust1307,-2.1961942558782006,1.26090513110519
kagu1239,atla1278,4.635205739506003,1.6894279225843505
kaik1246,sino1245,5.852712975997631,3.187232142245556
kaki1249,kaki1249,4.194718375932383,3.288208849963013
cacu1241,kaku1242,1.6898162622022823,2.3285294974490967
kala1399,eski1264,2.17641670081462,5.931921357207301
kala1388,aust1307,-2.271641298648631,0.9012582899433
kala1377,pama1250,2.785424419595014,1.6759299063775472
kara1499,west2604,4.249880045940896,3.810138757064721
kala1384,atla1278,3.629607596978283,2.1842890422450694
kali1308,sali1255,-1.1870261074673103,1.5671003421622984
kalu1248,bosa1245,4.621289284052968,3.478570906945613
kamm1249,atla1278,4.3691075727708375,1.167115477586364
kama1367,nucl1708,4.732562430784186,3.0472416937902764
kamb1316,afro1255,2.0366495576950365,1.0331748962243452
kamb1297,atla1278,4.119136643687843,1.6055062315763422
kamb1299,aust1307,0.6187117523375238,0.8006949267397445
kamo1255,nucl1709,5.0480708557702085,2.8003462091798568
kana1288,daga1274,3.874679421094405,3.1371585860294715
kani1286,nucl1709,5.135532403609065,2.124540429047883
kank1243,aust1307,-2.901777179575318,0.8463502381204506
nucl1305,drav1251,4.57581298217801,3.355809255531284
bidy1244,atla1278,2.5553125943421486,1.661675850758911
kaon1241,atla1278,3.7891151386111206,2.172525764884213
kaqc1270,maya1287,-2.0618102172069017,1.0560984648177083
kara1500,nucl1710,4.137215633576853,3.089143302457728
kara1487,aust1307,-3.087202455618105,0.8244004331711707
kara1486,aust1307,2.683360471855344,0.9151004884244712
kare1338,atla1278,5.259289426190055,1.550237862517264
kare1335,ural1272,5.198467441486103,6.4820967703739925
kari1306,atla1278,5.063031697156579,2.1291764686585424
kari1311,tupi1275,1.7803304735776369,1.684241950126605
kark1258,pauw1244,5.085624644729021,3.586682540681096
karn1252,aust1307,3.042608178461216,0.8097331297285493
karo1304,karo1304,-1.563391618162828,2.707905503680884
kash1277,indo1319,5.881059028512887,5.231278813785721
kask1239,atha1245,2.686797532259232,3.4541221490921075
newa1246,sino1245,5.730772383522543,2.5833396007200164
kats1235,sino1245,5.466719219701029,2.1643043434872737
kana1291,katu1274,1.9973840643543592,2.777788472369678
kava1241,aust1307,-1.31890416747362,0.9501304696601308
kaya1315,sino1245,4.920343502937475,2.097134641361692
kaya1319,tang1340,0.5501716444640337,1.2342807916695762
keap1239,aust1307,3.230681726044182,1.0306979909006913
kera1248,atla1278,3.3503739252652487,1.6605333122489228
keig1242,kadu1256,0.5810961899248965,2.0780917358684263
kele1255,atla1278,4.941937585240457,2.3552662954303045
kele1258,aust1307,3.2258344377103336,1.203407092709995
kele1259,aust1307,-3.1535948542736376,0.8117195290037955
keme1240,atla1278,4.173892771928267,1.1242480710167726
keng1240,cent2225,4.485139034079641,2.5403672589889936
kens1248,aust1305,1.8777048219872463,1.031035164180011
kenu1236,nubi1251,2.520850408596637,3.870380857879148
keoo1238,aust1307,0.8084735053988552,0.6883413551984816
kera1255,afro1255,1.781763932122452,0.6910894504920932
kesa1244,nucl1709,6.030305388094503,2.135713181396426
kett1243,yeni1252,5.721065570242545,12.814916559342286
kgal1244,atla1278,3.867361311833791,2.398351253208041
khak1248,turk1311,6.103075118159947,9.269755232680469
khal1275,sino1245,5.505479751041464,2.2487854879878384
kham1282,sino1245,6.2738448998615794,3.2707660920351245
khan1278,atla1278,3.076872662118711,1.306309475360372
khan1274,aust1305,3.5316720060232294,1.5716387756555292
khar1288,sino1245,4.195291898517534,1.3262088580735425
khas1269,aust1305,1.7939399545860393,1.257838918930382
khez1235,sino1245,4.356500011305244,1.3909317499759553
khin1240,nakh1245,2.8146134436564063,1.3924695423027842
khmu1256,aust1305,3.3741084549432854,1.3926208948702978
guan1266,sino1245,6.395144398980101,3.3276685382203937
khum1248,sino1245,3.9018874676181214,1.5914619295445789
khva1239,nakh1245,3.2400793554490344,1.2562778119992188
kich1262,maya1287,-2.1277826433346005,1.0437105495565149
kiku1240,atla1278,3.599820977261765,1.370745510288181
kile1243,tung1282,4.813749285065296,7.759956130766135
kili1267,aust1307,1.676710541110631,0.8369838007472552
kimm1246,atla1278,4.377683688285171,1.2933286904763577
kima1246,kolo1268,3.908103844905381,3.338506204881618
kima1244,aust1307,-1.804972017311257,0.7503829487636935
kimm1245,hmon1336,5.349650000741222,3.5900333009862067
kina1250,aust1307,-3.435915111548254,1.289821635244941
kinn1249,sino1245,5.784310280631886,4.369742546760222
kiow1266,kiow1265,1.2141286774129645,2.618948376060189
kips1239,nilo1247,-0.0860470384520575,0.8889741909649231
miju1243,sino1245,5.128750407346085,2.2275168267037277
kobo1249,nucl1709,6.087682229176149,2.2210257399011795
koda1255,drav1251,4.473284009272008,3.2855238141260585
koho1244,aust1305,3.0450801782730865,1.5007489625896395
koir1240,sino1245,4.22627106594842,1.3352401315667066
koit1244,koia1260,4.265253295300645,3.080194427054117
koka1244,pama1250,1.501970895978895,2.188392591309352
koko1269,aust1307,-0.5863188266349468,0.5216243876667761
kola1285,aust1307,3.2578710712587355,1.5151023169578297
kolc1235,atla1278,4.982431139828496,1.6391901221042602
kolp1236,kolp1236,4.306072757619234,3.358415367715267
kolu1245,aust1307,2.1660500565512075,0.7528279776119291
komb1274,nucl1709,5.011572064141888,2.561437651082727
komc1235,atla1278,4.029009654977259,1.1132010732353166
komi1270,sino1245,4.165680074316343,1.358928198972066
komi1269,ural1272,6.251355156025259,8.156312911299622
komi1268,ural1272,6.39324166528761,9.186962793816292
komo1260,atla1278,4.775598639477889,2.2697316961373843
kona1242,east2433,5.219485693752535,3.608805423611429
konk1267,indo1319,4.550872490284934,4.144461106591322
kons1243,afro1255,2.5885434505214957,1.0452875439525895
kony1248,sino1245,4.685377231539602,1.6427421075539712
konz1239,atla1278,4.465822548065057,1.863022257177775
kora1294,nucl1709,4.785507324965045,2.339127817405128
kore1280,kore1284,3.8246707206550328,6.710172729241442
kork1243,aust1305,3.260203228823205,3.0623887764377145
koro1298,atla1278,3.5548369344534407,1.4231037464940854
koro1313,sout2948,3.546863515794289,2.8684854232297923
koro1312,nucl1709,5.04066309295509,2.5332559063805107
korr1238,drav1251,4.542118952556014,3.4494164647022103
kosa1249,nucl1709,5.107294690125278,2.5616718584500475
kosr1238,aust1307,2.9815553921931723,2.4291703650106555
kota1263,drav1251,4.400492903431297,3.138647051993239
koti1238,atla1278,3.190240574990548,2.427717210585307
guan1269,tuca1253,1.3412836177679892,1.1464146260796753
kove1237,aust1307,3.827128266012601,0.8378697790601493
koya1251,drav1251,5.200785329925037,3.373533966527731
koyr1242,song1307,2.3338153819899503,2.3099611546175822
koyr1240,song1307,2.248693092303341,2.138965305291918
gbay1288,kres1240,3.8745042008912094,4.03942799798358
ngeq1245,aust1305,3.589893933388585,1.4822372172591685
kryt1240,nakh1245,2.8229203446708957,1.4081738509187645
puoc1238,aust1305,3.5980808925641936,1.564737561365284
kuan1248,aust1307,2.6369735138569093,0.8078579767211878
kuan1247,atla1278,2.923536882121515,2.3963476373804724
bayo1255,atla1278,3.296564497488156,1.6233054600475612
kuii1252,drav1251,5.318119120824364,3.268696073177118
kuik1246,cari1283,1.9972981105811385,2.061291744441789
kuku1280,pama1250,1.507953451642657,1.1830221728296308
kuku1273,pama1250,2.036558753462427,1.4620190909132944
kulo1237,aust1307,-1.6626723426971772,0.752893086372751
kulu1253,sino1245,5.446177210425895,2.211197325647788
kuma1280,nucl1709,5.255518419847426,2.159851954136805
kumb1268,pama1250,1.3064928024916032,1.6793414646941898
kumz1235,indo1319,2.746831403481849,3.439412872592385
kuna1268,kuna1268,2.4253890376168643,3.026200995526935
kunb1251,gunw1250,0.5679073044104868,1.064110954598689
kuni1267,kuni1270,4.300772435677431,2.9131147559444344
kunj1245,pama1250,1.5734248787025809,1.3274572782267668
kuot1243,kuot1243,1.9264651505141743,2.567217736658833
kurr1243,pama1250,0.2101274196485079,0.9987592472553644
kurt1248,sino1245,4.933466255273575,1.944955627647218
kusa1251,aust1307,-0.7762785403214132,0.502612757778202
kusu1250,kusu1250,5.152108621834079,5.398798077584466
kute1249,kute1249,-0.8173120672793985,2.1952553122134546
kute1248,atla1278,4.151423118705631,1.1105409688500458
kuvi1243,drav1251,5.313355381075941,3.25877716099874
kuyy1240,aust1305,3.699565598196913,1.53104774332418
kwai1243,aust1307,0.8142023582657749,0.5091796521965222
kwam1252,aust1307,0.8379014935619427,0.5963703238002864
kwar1239,aust1307,0.7260558698956963,0.4958727406747556
kwaz1243,kwaz1243,2.041499919706328,2.7707737439643267
kweg1241,surm1244,0.8733885028510613,1.1230640730003287
nucl1595,kwer1242,4.510924018051351,3.665324010301994
kwin1241,worr1236,1.874359862716539,2.6878488366255557
kwom1262,sepi1257,4.496773660832367,2.927273055139395
nucl1593,kwom1263,4.347684818919615,3.480525480409668
kxoe1243,khoe1240,0.5346725921609767,1.7460759309316174
kyer1238,sino1245,6.522722921476937,2.6795658798331417
cori1240,atla1278,4.770415452696152,1.207601987434309
laal1242,laal1242,3.5606836090120275,3.475113172739171
labu1248,aust1307,2.539854601576244,0.7186684135845809
labu1249,aust1307,-1.8239388788414168,0.8007990129719715
lach1248,taik1256,5.294359616560061,3.628579338500664
lagw1237,afro1255,1.82885292838704,0.6550563523836246
zaye1235,sino1245,4.781696556565758,1.9927290280335512
lahu1253,sino1245,5.246358810345186,1.904737169741857
lahu1252,sino1245,5.445652751810632,1.9456894144419932
lakk1252,nakh1245,2.958146105634822,1.2556438710212845
lala1268,aust1307,2.5853159376629664,0.9390030917829576
lala1264,atla1278,4.137723804473869,2.2926078068580225
lama1277,aust1307,2.002338752466297,0.7202163728511692
lama1288,afro1255,0.9849138354136748,0.4269968445172623
lamb1269,indo1319,4.6313269878537335,3.768227036797271
lamb1273,aust1307,0.4385676364580113,0.8690717945585646
lamb1272,atla1278,4.493949300423375,2.064509201338133
lame1260,aust1307,3.747032812201191,0.6614635600180137
hela1238,sino1245,5.714772225950168,2.575222761107497
lamk1238,sino1245,3.9345650675930655,1.363433763831864
lamo1244,aust1307,3.052396797781985,0.8246481274907254
land1256,atla1278,3.444698106633197,1.5588585649243996
lang1320,atla1278,4.5454620204082525,1.3015107278928824
lang1324,nilo1247,1.3899525824066252,1.0893900845837976
laoo1244,taik1256,5.407173050310052,3.6645073517817215
lard1243,tang1340,0.8082574507511644,1.2935374058361615
lash1243,sino1245,4.97580388891791,1.9250201282738784
teke1275,atla1278,4.297940689181613,2.4095483458500624
latv1249,indo1319,4.395326559994213,4.155276472094151
lave1248,aust1305,3.661497424438108,1.4668087470133528
lavu1241,lavu1241,2.143178372372301,2.5128327770587333
lazz1240,kart1248,3.178775348647137,3.718261449824325
lega1250,atla1278,4.614335248957016,2.249309306509872
lega1249,atla1278,4.63334354226446,2.371469814355613
lele1276,afro1255,1.6297970212442614,0.9187562640835978
lele1267,aust1307,2.2733585179627243,0.6740644367887967
lele1270,aust1307,3.216181412206635,1.2130844305451802
lemb1266,nucl1709,6.054500122072192,2.262507904776712
leme1238,aust1307,2.953969248179468,0.9558971259650164
bela1260,aust1307,-0.4765296495559579,0.6758311615115744
lena1238,aust1307,0.8875582766944674,0.5906153816371997
leng1259,aust1307,0.0623220738483503,0.4900407916781901
lepc1244,sino1245,6.046806065959357,2.130101737468422
leti1246,aust1307,2.56816560239851,1.1041483029476993
lewo1242,aust1307,3.594504895253106,0.6858703310494434
lewo1244,aust1307,1.241073597637217,0.7094501305727832
lezg1247,nakh1245,2.811144960715805,1.3415909394551022
lian1251,sino1245,4.085076580849926,1.317380915256834
libi1244,atla1278,4.895893688526265,2.113246148223205
liby1240,afro1255,-1.0867791101625486,1.7428771560283636
lihi1237,aust1307,2.4990397018129427,0.8959322738235969
liji1238,atla1278,3.9919483175537502,1.1247517558114597
lill1248,sali1255,-1.1419237326635976,1.3779749068601603
limb1266,sino1245,6.1841338054638655,2.205625063751235
nucl1327,limi1242,2.120623623655792,2.5284867510269606
limo1248,aust1307,-3.003736409879365,0.8825719113957291
lipo1242,sino1245,5.297178530597871,2.10092422284724
lish1245,afro1255,1.560497317757008,1.5531725400376146
lisu1250,sino1245,5.119347121542753,2.07320309743357
lith1251,indo1319,4.237205920644565,3.897734177163741
lito1235,atla1278,4.941454616763299,2.103372454588637
livv1243,ural1272,5.028977609783017,5.5711555001050925
logo1259,cent2225,4.3929978784135,2.2795276494838106
balo1261,atla1278,5.500677844769125,2.165018258001325
loka1252,atla1278,3.4066296146906483,1.1806848692427323
araw1276,araw1281,0.4007048758830958,1.4483714572448818
lolo1259,sino1245,5.2212982748739885,2.128886919482248
loma1260,mand1469,3.7262208140011994,2.480682192857543
lomb1257,indo1319,3.131063669905246,2.190790425813873
chiq1248,chiq1253,1.4869614366799844,2.45003189227738
acha1249,sino1245,4.68568622048211,1.6831412701927777
long1395,aust1307,0.2841748341807413,0.5288208514030615
loni1238,aust1307,3.2191340486454747,1.2039983631826845
lonw1238,aust1307,2.986377640675232,0.6445098649720222
lote1237,aust1307,2.732958483333284,0.8630958127730253
loth1237,sino1245,4.412158007938664,1.425700206466736
louu1245,aust1307,4.01543470925259,1.1807691302359586
vano1237,aust1307,2.4721143830778685,1.012144559406572
lowl1260,tequ1244,-2.460001239862918,2.8968056274378284
lowl1265,utoa1244,1.233033384225808,0.9706776103702524
lozi1239,atla1278,3.1288003522916386,1.6435474687467746
luan1263,aust1307,2.558169582380202,1.1320563884149664
onto1237,aust1307,0.1915373128531914,0.98391613217575
lubu1243,aust1307,-2.964344894793938,0.8426239641042699
luch1239,atla1278,2.978206987050364,1.8124233556033784
ludi1246,ural1272,5.147591774090681,6.132318471780849
lugb1240,cent2225,3.4202589210186867,2.193877588126988
lugu1238,atla1278,4.573401586427747,1.816304304159054
lule1254,ural1272,4.628769941820214,6.376641594566344
lumu1239,narr1279,2.855248668556535,2.43197824614127
lund1271,aust1307,-0.2135702619171617,0.6925512561570031
luok1236,nilo1247,0.3924103157855583,0.99505023618795
luse1252,atla1278,5.628388231885189,2.2557374049537984
lusi1240,aust1307,3.10478318995487,0.8221304548592556
luva1239,atla1278,3.105188514531126,1.900657564479317
luya1241,atla1278,2.76314756750086,1.677009638468718
maan1238,aust1307,1.3721377382920394,1.2576382936093893
maas1239,atla1278,4.280714906340712,1.5546924406258924
maba1270,atla1278,5.842554944506787,2.215434645465756
maba1277,maba1274,3.5790194961048165,3.7368373285059775
mace1250,indo1319,2.748802508195784,1.8741273225653785
mach1267,araw1281,-0.5958125367175999,0.9369310927148008
maco1239,sali1297,1.7162697031967198,2.5889143856443724
macu1260,tuca1253,1.66001774260096,1.244674049170662
mada1285,aust1307,2.565611289253641,0.8289448817629435
madi1260,cent2225,3.16538577739392,2.107295392549389
jama1261,araw1282,2.3060629778734656,2.5878280767029835
madn1237,east2374,1.5199612572375285,2.2023046113399047
nucl1460,aust1307,0.3974461059201744,1.041907691039384
mafe1237,aust1307,3.876664929656627,0.7295232888367451
maga1260,indo1319,5.930522542803988,3.118568911319322
maga1263,aust1307,-3.147880452483755,1.051844628323508
magd1235,otom1299,-2.0394668376951923,0.7605003570579854
magu1243,aust1307,-2.245241097819867,0.8474449028033533
maia1254,nucl1709,5.40531378666005,2.260575899699603
maia1253,nucl1709,6.24316737162086,2.254233890437113
mail1248,mail1249,4.824528559192089,3.424450115254267
nucl1594,mair1253,4.367770916746564,3.789465219641684
mais1250,aust1307,2.5806767174474325,0.8708703238163622
mait1250,indo1319,5.127766376779914,3.10569696449285
maja1242,surm1244,0.1851258852232227,1.0720029811098115
maka1304,atla1278,4.266961284668377,1.6043104610567769
maka1311,aust1307,-0.1114767960184881,0.747756075442986
makc1235,taik1256,4.980382432842883,3.942781459287872
makh1264,atla1278,3.5936069024179043,2.3268632055755134
makh1266,atla1278,3.667040361381585,2.308395353080016
mako1251,atla1278,3.998537280322606,2.253423682660852
makw1236,atla1278,3.994102365669165,2.299039460658676
mala1463,drav1251,3.9482776602892224,3.727139104014924
mala1534,aust1307,-3.093447979470244,0.9143480449626722
mala1464,drav1251,4.076149058258692,3.542310292396955
mala1522,chib1249,2.5476592925669896,2.106252969261071
male1284,gong1255,4.498859311949506,2.1559957049212173
male1297,chib1249,2.340237665666314,2.109834572055405
male1289,aust1307,3.0989200761208453,0.8214034783112965
malg1251,afro1255,1.4412470760782838,0.5859311030248904
mali1284,bain1263,4.3102907481852695,3.3304054938597574
malt1254,afro1255,0.7442301555877264,1.815815347564694
malu1245,aust1307,2.923903948065502,0.6732841174683131
mamm1241,maya1287,-2.319868372716104,1.0234559056355863
sauk1252,nucl1709,5.02765694599239,2.0912784519054384
mama1275,aust1307,-3.0408966506058333,1.2089265284367698
mamb1306,aust1307,2.371589308166623,1.0206351578296733
mamb1294,atla1278,4.949223893052761,1.1092408971185606
mamb1296,atla1278,4.479710170622952,2.1680007384669797
mamv1243,cent2225,3.739039809905795,2.3992356976846807
mana1295,aust1307,3.115252751116752,1.100658645989789
mana1298,nduu1242,4.518899502285575,3.2171954103866582
mana1288,sino1245,6.604346302118069,2.9860696457242497
payn1244,nucl1709,5.353883671461538,2.2139447947013338
mand1423,atla1278,4.432572815575427,2.065692014070642
mand1440,aust1307,2.52094825537623,0.9119482501326744
mand1415,sino1245,5.255910504871388,5.907186843449232
mand1436,mand1469,2.4338506153239017,2.3949637271034447
mang1378,aust1305,3.3799166720443123,1.3843766847880516
rapa1245,aust1307,-3.8825426809140575,7.651171499858414
mang1401,aust1307,-4.013682152532062,7.895292144537095
penr1237,aust1307,-3.639790768143283,5.2480608436428255
mang1381,mang1423,1.589236932163019,1.9028462170406044
mang1394,cent2225,3.984816573997702,2.630769005766595
mang1404,aust1307,2.428146221959664,0.72340305698431
mang1405,aust1307,0.2459570483266879,0.7130394584806368
mang1403,aust1307,2.802319600130456,0.855076186103318
tong1308,aust1305,1.9481938319449208,1.1681907233477349
manm1238,aust1305,3.0186159012687463,1.2822810636484334
mann1248,mand1469,3.0299909388438744,2.530493434499228
mans1262,aust1307,-2.1174594156940545,1.065259956650145
mans1260,hata1242,4.259515885241332,3.678799182264015
maor1246,aust1307,-2.034654399898943,4.632354070812859
mapo1242,aust1307,2.3452798531878605,0.7158250044993935
mapu1245,arau1255,1.274203187275863,3.223903265450879
mara1382,sino1245,4.031750046182673,1.752075549971046
mara1399,aust1307,3.710260380576642,0.6534806257466101
mara1379,sino1245,4.268291722035827,1.352183783310508
mara1404,aust1307,-2.7960444930911086,0.9021277004386974
mara1386,west2434,1.94527491354246,1.7955465443678733
mara1396,tama1329,2.791142730464508,3.40106261994147
mara1378,indo1319,4.745434834462761,3.7630150008092182
marg1265,afro1255,1.2677227199355308,0.5152346482135712
mari1440,coch1271,1.3430041018113996,2.15659768517029
mari1428,aust1307,3.826539062823976,0.971791225619846
nucl1622,anim1240,3.8945865900878633,3.662297515819056
mari1416,sino1245,3.903616834235368,1.3336553460182614
mari1424,west2434,1.8710062373719656,1.7916506976896969
moro1289,moro1289,3.8993949921901807,3.634664834851719
maro1244,aust1307,-0.8562022957282516,0.5253012394361392
mara1385,mang1423,1.652197930177041,1.971783908382804
mars1254,aust1307,3.118299552668152,3.726986127121215
mart1255,pama1250,-0.0188545406688878,1.1150778438585291
maru1249,sino1245,5.01361165337092,1.9237630325865356
maru1252,pano1259,1.7393539122874742,1.0234544512090693
masa1322,afro1255,1.9263313554827164,0.7404342491236093
masb1238,aust1307,-3.5204507741450017,1.3403678295817727
mask1242,aust1307,3.755188783657186,0.6279629340677246
matb1237,aust1307,2.2089892126703736,1.3233911580323363
kemb1249,aust1307,1.5101501078049349,1.20284710966164
mati1250,aust1307,-2.733982307201152,0.8816818284045667
mato1252,aust1307,3.677063336146386,0.8123379568919589
mats1244,pano1259,1.2869830718173396,1.0570113159845036
matu1261,aust1307,3.894459634012073,0.9886302001189478
matu1259,atla1278,5.139539339826705,2.155141557377476
mauw1238,nucl1709,5.419900986077084,2.260822390481657
maun1240,iwai1246,-0.030256646456926,1.8471182159600656
maxa1247,nucl1710,3.362759336831385,4.769443784520767
maya1285,misu1242,2.161515219025766,2.232417281943519
maib1239,mayb1237,4.11953110266933,3.773458469441948
mayo1261,atla1278,4.803828324376874,1.99730397643026
maza1304,afro1255,0.7201760198416529,0.4810926160049646
mbaa1245,atla1278,4.902331395724631,2.274292490936162
mban1263,atla1278,4.960876577043199,2.096652242131213
mbar1260,afro1255,1.986879654099198,0.7249906776555761
mbay1241,cent2225,3.3543909356388264,2.232010181611848
mboc1235,atla1278,3.743374395466725,1.162831820076505
mbug1242,atla1278,4.2799116408868345,1.3241247492878188
mbul1263,aust1307,3.8413576393679367,0.8253480691154209
meen1242,surm1244,0.7579794643614022,1.01848500173476
mehe1243,sepi1257,5.267457465156081,2.934082231390576
meke1243,aust1307,2.5951622387424225,0.8693277217666378
mele1250,aust1307,2.1589735823983256,0.6747332623395792
melo1242,gong1255,4.384007167628361,2.111033539047874
melp1238,nucl1709,6.060197525500671,2.2135639300761483
mend1268,sepi1257,5.304009676462009,2.948012661242416
mend1266,mand1469,3.584420889155634,2.607353418340409
meng1267,aust1307,2.6425670916279485,0.8580435928008328
meny1245,anga1289,5.076175195382387,3.116359673743027
mere1242,aust1307,2.989452894180934,0.7872072876874014
meri1244,east2503,4.016805258193876,3.300045676517982
meru1245,atla1278,4.046071328052432,1.478678388546463
meta1238,atla1278,4.692778518557702,1.1307044541668176
meya1236,east1459,4.223620841205444,3.7977486682214954
mezo1235,otom1299,-2.317149108983977,0.7948863313658379
mezq1235,otom1299,-0.1247923854319659,0.8273302042190522
mian1256,nucl1709,5.961460625374457,2.389123718890751
mich1245,utoa1244,-0.3222055684860365,1.3138266004731491
midd1357,pama1250,1.3616607997204797,1.6312745446178667
midd1327,aust1307,2.576987383054056,0.7675653084400764
mika1239,musk1252,1.6985632531132164,2.4043188297110447
mikm1235,algi1248,-2.140971844320627,4.231180052147209
mila1245,sino1245,5.805043230139351,2.1231154845270126
mina1276,afro1255,0.7488517963329968,0.4408849488631006
mina1268,aust1307,0.2301759104318808,1.2204606470308832
mini1256,huit1251,1.9778747144735425,2.155204921734132
mini1251,aust1307,2.7422529233086683,0.8075073005680409
minn1241,sino1245,2.5053796616944704,2.2119916549250505
miri1266,jarr1235,-0.3637988988331522,1.9685363322906329
misk1235,misu1242,2.036298378912271,2.3043420443950566
mixt1426,otom1299,-3.078450403724795,0.9882116970996648
miya1266,afro1255,1.191274940468319,0.7144102924236435
miya1259,japo1237,2.2379189803540376,2.2785533490956524
lush1249,sino1245,4.76038704790572,1.6856653008650395
mlab1235,aust1305,3.41640311762695,1.5165492538383134
moba1244,atla1278,3.3436971332952696,1.6343842383035394
moch1257,maya1287,-2.407945405550456,0.9935841124050028
moco1246,guai1249,-0.3224991752157671,1.921829595449076
mode1248,indo1319,1.9286246940394,2.0855111757215568
hebr1245,afro1255,-0.3881051753071844,1.195634782692025
moha1258,iroq1247,-0.6150153176514355,1.4911442768056276
moii1235,west1493,3.876867797200174,3.7269212502871696
moke1242,aust1307,2.8503649242851328,1.8383459707153091
moki1238,aust1307,2.9419722802698214,2.023545899990374
mokl1243,aust1307,1.7254557278286338,1.4404053677467914
mokp1239,atla1278,3.333973293766072,1.2723235840748115
moks1248,ural1272,5.642987370119467,5.846844046152434
molo1266,afro1255,0.8843089374884172,0.4466680003281595
nucl1452,momb1255,3.594683149284026,3.634625717828072
fass1245,baib1250,4.313262312864434,3.4936351073786582
monn1252,aust1305,3.4790538891942475,1.9129279143114388
mong1338,atla1278,4.786267727966668,2.4801206835496714
mono1273,aust1307,0.7752736017098492,0.6584594047789807
mono1270,atla1278,5.755096186853901,2.1170358670403147
nucl1458,monu1249,5.49937603175753,3.525474145406463
monz1249,atla1278,5.704073093650781,2.06820730759258
mopa1243,maya1287,-0.839130471568712,1.1495951848815054
more1259,utoa1244,0.4307748694724889,0.793045878839294
morm1235,aust1307,2.911125226565379,1.417473338360594
moro1287,aust1307,-0.4244254820902455,0.7236252432918988
mort1237,aust1307,1.824917986558465,1.5871683557622092
mose1249,mose1249,0.8732667742544933,2.0576302366691834
temb1272,atla1278,4.994088293290006,2.191230911395742
motu1246,aust1307,2.5404194336017243,0.9803034778442664
mouk1239,aust1307,3.0763080807704557,0.8202091605697319
moun1252,koia1260,4.29819783920668,3.042310026611858
movi1243,movi1243,-0.8564174859318012,1.9734108259874148
tang1347,aust1307,3.005184866877779,0.7344300473703882
moyo1238,sino1245,4.025690695656274,1.341128896701548
mpad1242,afro1255,1.495335190253325,0.8071194916803748
mpii1239,sino1245,6.3055381832441295,2.3426479254558217
mpot1240,atla1278,4.373694500726871,2.1401062725888096
mpur1239,mpur1239,4.087701466765892,3.804444374639061
mual1241,aust1307,1.4507216517886998,1.1867690740143717
mudu1242,aust1307,3.120240067108891,0.9028073439510536
mudu1239,drav1251,4.335876528978571,3.212726279108729
mull1237,nort1547,1.554445620057593,2.220972151936941
nucl1240,atla1278,5.137057353359968,1.1864080375557435
muna1247,aust1307,-0.0381049934556678,0.6753715730575109
munc1235,sino1245,4.359528456263042,2.097743948417744
mund1328,atla1278,4.910385110475691,1.111285957823931
mund1325,atla1278,5.035089421351579,1.1160568337516494
mund1320,aust1305,3.152003993471049,1.9246775405759704
abar1238,atla1278,4.899685533782439,1.1096619529234246
murl1244,surm1244,-0.1119053186674421,1.032730631331816
murr1258,sout2772,1.3885825372155205,2.194743548485654
muru1274,huit1251,2.1538261481330148,2.237424286476994
muru1266,pama1250,1.1575693022130586,1.5542309992043712
musg1254,afro1255,1.158319299026023,0.6136345485383643
muso1238,aust1307,3.4175625473718405,0.7408977266338752
muss1246,aust1307,2.898637674792581,1.2850544667177104
mwag1236,afro1255,1.8311290869579508,0.7362854022377405
mwan1250,mand1469,3.931163136653812,2.402660242262762
mwan1247,atla1278,3.6767560036050577,2.3709596910249005
mwer1248,atla1278,4.278916210614967,2.1640124925942885
motl1237,aust1307,2.9671805770920203,0.9896041189533876
naba1256,nucl1709,4.984304992574965,2.096606416555936
sout2857,aust1307,2.8757965768966693,0.6476181702774184
naka1262,aust1307,2.813806987734597,0.8460398363949366
nalc1240,nucl1709,5.095838372630257,2.532178022704734
nali1244,aust1307,2.590796746205192,0.8819864131849258
nama1268,aust1307,2.7624253203136933,0.7154726542123981
litz1237,aust1307,3.780679950447413,0.649511629729588
nama1264,khoe1240,1.3953547254384169,2.668481843805516
namb1293,more1255,4.0807601651594565,3.233652526626912
nami1256,sepi1257,5.347474986211926,2.960679139940588
namu1246,sino1245,5.497251037436372,2.678180164971764
nana1257,tung1282,4.863049102054945,7.814991554211737
nand1266,nilo1247,-0.3708969740004726,0.7896227457767679
nang1262,aust1307,1.9090200735228984,0.9675821468987637
nara1262,nara1262,2.230755629354925,2.935336086398351
yong1270,sino1245,5.390565296459482,2.4257252470644417
nati1244,aust1307,2.781018135760047,0.6420174140328356
natu1246,aust1307,1.6928041613526303,0.96753961735093
naue1237,aust1307,2.500756843006556,1.0496116151227994
naur1243,aust1307,2.7983867785951926,2.5206177852839105
nava1243,atha1245,3.346978466101577,2.5007111696795192
nawu1242,atla1278,3.5821912893605985,1.6799370310293398
naxi1245,sino1245,6.06693184123537,2.2842425537654094
ncan1245,atla1278,4.266755222226277,1.1233624342385156
ndam1239,atla1278,4.548035553848156,1.8807652506926475
nden1248,atla1278,4.455937315943232,2.068895260255744
ndog1248,atla1278,4.8682534412307,1.965521686361392
ndom1245,kolo1268,3.929645006438148,3.357217979535079
ndun1249,atla1278,4.98855981059612,2.2309109307336783
nege1240,aust1307,1.0009671292940154,1.0270121425298484
negi1245,tung1282,5.073891438054504,8.791932843713383
neha1247,aust1307,2.013503237254416,0.8576767160604604
kuma1276,aust1307,-1.1821547657985054,0.7476670903633931
nenn1238,more1255,4.12309379602971,3.2221463829385044
nend1239,nucl1709,5.34952083937609,2.204649166948336
neng1238,aust1307,-0.9905818783180884,0.8236701572013985
nucl1706,afro1255,-0.2935841999118302,1.3360722375856326
nepa1254,indo1319,5.312084792698081,3.426627827771739
nese1235,aust1307,3.770586962772077,0.6782918529025679
vinm1237,aust1307,3.8252561652347072,0.6391992120085987
ling1265,aust1307,3.077727245651219,0.6327578656753232
nezp1238,saha1239,-1.3673929409451582,2.132746964975972
ngaa1240,pama1250,1.2264396095728898,1.7022936101286987
ngab1239,chib1249,2.994011665995962,2.2073755249244016
ngal1292,gunw1250,0.4083489227049746,1.1383517439392534
ngam1268,cent2225,3.350891458655892,2.159090837359116
ngan1291,ural1272,6.186416970297498,13.691245722185968
ngan1295,gunw1250,0.0982779834785911,1.0781355291430046
ngar1235,pama1250,0.2276879325409282,1.088063915707167
ngas1240,afro1255,1.7263649546690552,0.6645081573952751
ngba1284,atla1278,4.887095581937332,2.031118902534118
ngba1285,atla1278,5.722992750656143,2.0907022564032687
ngge1241,nucl1709,5.13498982625354,2.633863378290883
ngit1239,cent2225,3.454813669580049,2.3996935442402645
ngom1268,atla1278,4.8720722848407485,2.209250595084029
nhan1238,pama1250,-1.118367178793462,2.228410658209249
nhen1239,tupi1275,0.4924973947546707,1.2573173474517605
nias1242,aust1307,-0.9560645919825366,1.1937237553812563
niha1238,niha1238,4.709602697926404,5.467886926951053
nila1242,atla1278,4.341304876226837,1.436790558089818
nucl1633,nimb1257,4.407130164402809,3.6986578720622982
nisg1240,tsim1258,-0.9672481602727808,2.4667848605048093
niua1240,aust1307,-1.846964366607995,1.9414899719697656
niue1239,aust1307,-2.9513263107432435,3.254001430807982
niva1238,mata1289,-0.8513295360208695,2.253389261166248
njan1240,atla1278,5.027237981774618,1.2464612564917985
nkon1248,atla1278,4.391970559207923,1.723125324833461
noct1238,sino1245,5.5689361588884765,1.7819559853779765
noku1237,aust1307,2.884342016631572,0.8898189246848034
noma1260,atla1278,3.8916646953139775,1.262283087809294
noma1263,araw1281,-1.026493395563745,0.8443757582780265
noon1242,atla1278,3.2033149712153595,2.066728981454226
noon1243,atla1278,4.252931742977187,1.1285374146671785
nopa1235,otom1299,-3.1672842468185616,0.9499167457427832
nort2839,aust1307,3.795130035865592,0.6726080371817886
nort2697,turk1311,3.738632581946821,2.8926728745049743
darg1241,nakh1245,2.9461659079698146,1.35148419106892
nort2930,kiwa1251,5.160384240098935,3.350612043953049
nort2836,aust1307,2.307740633710813,0.6755150140411885
nort2724,sino1245,5.201438255289557,2.146038305419985
nort2972,choc1280,2.7891065796437315,2.6007674163261
nort2702,drav1251,5.255411356576675,3.3615011862633466
gumu1244,gumu1250,3.010780653782928,2.8789149377855097
nort2938,haid1248,1.663653859315552,2.342666082559916
sing1264,sino1245,5.6152285716379176,1.836113537671423
nort2877,aust1307,-2.8437267831287683,0.840695824955624
nort2684,aust1305,3.64674108738252,1.5916387384062105
lush1252,sali1255,-2.3159021315331776,1.5047797168388612
nort2774,atla1278,5.82334966948984,2.21345254146717
nort2954,utoa1244,0.9459594956167592,1.265539113492082
nort2957,utoa1244,1.028120516012467,0.7207686344816437
nort2723,sino1245,5.466602193376338,2.630359470151028
nort2747,hmon1336,4.968754023031928,3.958684077668238
nort2722,sino1245,6.422826847449546,3.588214695410884
nort2885,aust1307,-3.086524654265701,1.0218067088798577
nort2959,utoa1244,0.5219378282104603,1.0300155848504318
tosk1239,indo1319,2.1623431008574663,1.777829623962134
nort2732,sino1245,5.175388311224183,3.446468082215006
nort2690,turk1311,5.307079178177362,6.813094658179885
yoku1256,yoku1255,-0.9887837409596608,2.2901335915043437
nort2745,yuka1259,5.049243327678817,16.359642056081256
nort3047,afro1255,1.6184218186888444,0.4671964318327823
nort3139,afro1255,-0.9569227517531004,1.156469204747964
nort2845,aust1307,-4.085110954908839,7.329464591210105
nort2671,ural1272,4.909910622185614,6.839345382896404
nort2942,atha1245,2.906432967306775,3.921592270770539
nort2847,aust1307,1.8010867077187245,0.611037225689266
nort2699,drav1251,5.405334966934597,3.7592656281129777
nort2961,algi1248,-1.6627929087668565,2.7276236366891027
nort2775,atla1278,4.522943814247204,1.685850198429243
nort2951,maid1262,0.9815701961563672,2.1961224063935774
yaki1237,saha1239,-1.887957145352421,2.333820390007844
nots1237,aust1307,3.2925125533320845,0.8620638741203805
nsen1242,atla1278,3.993692879605143,2.368008536611981
nuer1246,nilo1247,1.0872106493262137,1.274305136386758
nugu1242,atla1278,3.969825665567776,1.279806693008176
nukn1238,nucl1709,5.155820259626034,2.130712164537236
nuku1260,aust1307,1.1683860636371886,1.4962838615371297
nung1282,sino1245,5.956444998865104,2.125795516988425
nupe1254,atla1278,3.345600759557372,1.4469297443208546
nusu1239,sino1245,5.091688201648743,2.0403658588753046
nuuc1236,waka1280,-1.394676014771159,2.23495426509583
nyah1250,aust1305,3.44265529529003,1.6950193911880191
nyak1260,atla1278,4.496625833535885,2.038229545257749
nyam1285,afro1255,1.9823324796843127,0.7528941959997013
nyan1307,atla1278,4.3696891761032335,1.8374825040248624
nyat1246,atla1278,4.4779925523665485,1.4343801312499238
nyis1236,sino1245,4.6771841784622845,1.6964732891688072
nyor1246,atla1278,4.2320744323887824,1.686327658403222
nzad1234,atla1278,5.2757692677150985,2.6614240382607903
nzak1246,atla1278,4.459597793398502,1.498273665598944
nzak1247,atla1278,5.028400775993117,2.225886679215741
obok1239,lake1255,4.477920416391755,3.761611219648593
obom1235,aust1307,-2.5000093042204083,0.8610536291765243
occi1239,indo1319,2.836296112302464,2.15984707307932
oriy1255,indo1319,5.726386039514557,3.0587407797098507
ofay1240,nucl1710,1.6950015250574253,2.450547181793155
kalm1243,mong1349,3.940307789457184,4.890295394609041
okan1243,sali1255,-1.1487978241948875,1.3266116531684489
okin1246,japo1237,3.0553437244768213,3.2110702014840484
okoe1238,atla1278,3.910968313605359,1.2685689577148622
oksa1245,nucl1709,5.906121270823649,2.3587160075220623
okuu1243,atla1278,4.836436170992208,1.125951686554238
oloo1241,nucl1708,4.410006721151398,2.985126970832418
olut1240,mixe1284,-0.6906578941994959,1.2533125281387427
omah1247,siou1252,2.15875641250646,2.933570136992799
omie1241,koia1260,5.077832547778494,3.071472584288365
onon1246,iroq1247,-1.241012160810459,1.269048801598835
orma1241,afro1255,2.006883303364951,1.5312548439435003
oroc1248,tung1282,4.960903735806569,8.180441934959632
orok1265,tung1282,4.876813431767942,8.777534036885967
orok1269,nucl1709,4.88673326683768,2.312855734736033
orok1266,atla1278,3.500081239436206,1.1906058792557204
orok1267,nucl1580,4.314989826064099,3.2264550853363687
orow1242,aust1307,-1.2718303572536904,0.654834158740627
orya1242,toro1256,5.221254522166809,3.7825526616257648
osam1235,atla1278,4.189996514625073,2.2220385634766444
otta1242,algi1248,-1.7129085952425698,2.203908668202047
owaa1237,aust1307,1.3258374306279606,0.8991912696366313
paaa1242,afro1255,1.1847095133771084,0.7563458223748256
paam1238,aust1307,3.7483451545673594,0.6702516256424786
paas1238,atla1278,4.336051314369314,1.627672360656689
paco1243,aust1305,3.5324331903812007,1.5704452212354738
pagi1243,atla1278,5.084228791973911,2.2310130784049136
pagu1249,nort2923,3.085118727451932,2.1128338452137427
pahn1237,hmon1336,5.354971525161246,3.590737728748543
pait1244,sino1245,4.512743059688956,1.3572328992516702
paiw1248,aust1307,-2.2148167389538687,0.8922492810931502
pala1344,aust1307,-0.4413932637537681,1.342960107484103
pali1279,araw1281,1.4792032508704132,2.199061156918852
balu1257,aust1307,3.238552652132756,1.163558584376105
pamb1243,atla1278,4.981857853933271,2.0837673308804767
pamo1252,aust1307,-0.2518598600677901,0.7791734054462012
pana1307,nucl1710,3.2123297019612496,2.8496594976444314
enap1235,cari1283,0.6263838632687253,1.734157281342647
pang1290,aust1307,-3.0261678313844707,0.9631839334248156
pang1291,aust1307,-2.5371727396939283,1.046654976584037
pang1287,atla1278,4.39006617164926,2.020099760994725
pano1254,pano1259,2.0506246398796675,1.0549869708271444
pany1241,pama1250,-0.0691664614661349,1.070142180902543
papa1238,toto1251,-1.4504242501030984,1.5281052923483784
papa1265,aust1307,1.3812774471247138,0.669480372384335
para1302,sino1245,4.575809635182146,1.5709393271174434
pare1272,araw1281,0.7888036652785437,1.2981331170859107
pate1247,aust1307,3.268603138060909,0.7351022329040404
patp1243,aust1307,2.552585369185516,0.8236369839727331
patt1248,sino1245,5.698569184059397,4.776851781484574
paul1238,aust1307,2.8903636880380112,1.2382015023896713
paun1241,araw1281,-0.2252506983259945,0.9448187911428648
pawa1255,pawa1255,4.371019724994201,3.331295067154173
pawn1254,cadd1255,-0.5756036446550745,2.3205431801253624
peer1241,atla1278,5.087190010037762,1.2790816093682054
pela1242,sino1245,4.692928773440706,1.6866479834179555
pemo1248,cari1283,1.8978836818261056,1.8274366852024715
pend1242,aust1307,-0.0250752786395118,0.7549902846353405
peng1244,drav1251,5.2604597897694605,3.281375752021532
peri1253,mong1349,5.122732397581969,7.698056974339657
phak1238,taik1256,5.280017922692931,4.026430187256416
phom1236,sino1245,5.371397079761351,1.5704695535044235
phon1246,aust1305,3.6487404670143055,1.5746649123486236
pila1245,guai1249,0.1862397630255408,1.694043772058599
pima1248,utoa1244,1.507466729618648,1.0735389216861506
pina1252,piaw1238,4.636565377226778,3.34366329689766
ping1243,aust1307,2.1969969834795764,2.0413344822410053
pint1250,pama1250,1.5424232321612397,1.4228472239242649
pipi1250,utoa1244,-0.2967415530623338,1.3358712829702457
pite1240,ural1272,4.587283331110164,6.1798957901577936
plat1254,aust1307,-2.1220705594346247,2.284777390597448
pnar1238,aust1305,1.5210172640635686,1.242163912366614
pohn1238,aust1307,2.079306995135888,1.9116559120994052
poko1263,nilo1247,0.5206231584495242,0.8914118662164512
poli1260,indo1319,3.743758682998626,3.245399026604005
popt1235,maya1287,-2.298697173589969,0.918644492361743
port1285,aust1307,2.9537762583285163,0.6334199293952452
port1283,indo1319,1.7168644184496038,2.0750810808820006
phai1238,aust1305,3.4194128034979387,1.4700928325899412
pras1239,indo1319,4.819429168050937,5.373466434983293
psik1239,afro1255,0.2480327215665532,0.4210819266733665
puka1242,aust1307,-3.226260626160385,3.7593377978192777
pula1263,atla1278,3.325741713238738,1.769118056980382
pula1262,atla1278,3.5401822831674785,1.7009795807464698
pulu1242,aust1307,2.149704852146292,1.7277523652639388
puma1239,sino1245,5.532450841626523,2.270810216545499
pura1257,pura1257,4.33933795505934,3.36735710784216
pure1242,tara1323,0.5924387996883069,2.076249125894222
puri1258,sino1245,6.459257893285411,5.122317542282161
puyu1239,aust1307,-2.2011076901895548,0.8270404147662802
qanj1241,maya1287,-2.154862397684391,0.9306246907685108
qawa1238,kawe1237,1.4322805517912789,3.4894656907225965
qima1242,afro1255,1.4251271062832138,1.1966743608544874
quer1236,otom1299,-0.131330703557537,0.8773940379959129
quio1240,otom1299,-2.672928980498725,0.8000424178430023
rabh1238,sino1245,4.523669715111381,1.6165699194177137
rade1240,aust1307,3.104209647645761,1.5578400808980604
raji1240,sino1245,5.857955405643303,3.4307899059802054
rama1270,chib1249,3.2545873510572445,2.127893551775891
rapa1244,aust1307,-3.265166217633936,7.862824741033002
rapo1238,nort2933,1.330153261368294,1.8629483097415047
rata1244,aust1307,-0.4285841975199489,1.053123869586912
raut1239,sino1245,5.857448333752989,3.554514126561237
rawa1267,nucl1709,6.0122453686292605,2.1244003751223133
reja1241,aust1307,0.8816993125965975,0.8913704432615432
remb1250,aust1307,0.6284085792629248,0.6827317967141511
reng1252,aust1305,3.3533079294133907,1.440168870885408
rere1240,aust1307,3.040331931298872,0.6231384028419313
resi1247,araw1281,0.1363552456537895,0.992998605493412
reye1240,pano1259,0.1839367235643887,1.0336287858991469
rian1263,kolo1268,3.85663746051756,3.3323336642968755
rita1239,pama1250,0.4222977773516987,1.087055768013954
beka1241,aust1307,2.200271050826249,1.3659847119493946
roma1326,indo1319,3.20161297135222,2.2389435442237726
ronn1241,afro1255,1.8259401141473468,0.730416921130498
rong1266,sino1245,4.877586707496105,1.3164539001764766
rong1264,sino1245,5.830405195376099,4.067017710606983
roto1249,nort2933,2.1441880268949287,1.9032608388130967
rotu1241,aust1307,1.7534995822888444,1.8140335519695936
rovi1238,aust1307,-0.8350984595023274,0.4997028573427613
ruch1235,aust1305,2.517677678243417,1.30420764457957
ruka1240,aust1307,-2.148841639758781,0.8145065627542891
ruma1248,aust1305,2.3239406306814017,1.3809416042695517
rung1258,maba1274,3.846722956557063,3.7500494692979913
rung1259,aust1307,-1.740249110270564,0.772334733813409
russ1264,mong1349,5.558045980503068,9.508913785832869
russ1263,indo1319,5.14673292081716,7.071975969491945
rutu1240,nakh1245,2.838525186847929,1.2660578814017072
saaa1241,aust1307,3.139164833502744,0.7079833440228711
saaa1240,aust1307,1.0369757381939455,0.6165361445199835
saam1283,atla1278,3.461288364616689,1.40453716527189
saar1237,aust1307,-1.2159819411888542,0.7699416652151356
saba1268,namb1299,2.2477881723577964,2.589538677500606
sais1237,aust1307,-1.0381123671337626,0.8988544235174771
yaku1245,turk1311,5.944107920908064,11.669759446155922
saki1247,aust1307,-1.6893797703726456,0.8192878997021111
tsis1238,atla1278,4.12001061046092,1.5506008707205652
salt1242,nucl1709,5.198661369216446,2.1598222625027432
samb1311,atla1278,5.129452744277959,1.2221123955605364
samb1305,atla1278,5.106344737149559,1.221273215744162
samo1305,aust1307,-2.638402027559864,2.445735316451554
sana1295,afro1255,-0.2364023985122394,1.7143149356804912
sanb1241,otom1299,-3.214754489396909,0.973069616483606
sanb1242,chib1249,4.151822467389305,2.4741287662914218
sand1273,sand1273,3.5062950084524367,3.362551300859913
sand1278,huav1256,-1.6111718667595305,2.4135156141913896
sang1331,atla1278,4.178828408451673,2.361947362015073
sani1269,sino1245,5.590872073577759,2.273673928919308
sanm1301,otom1299,-1.8959186629891065,0.8359108824734207
sanm1289,quec1387,2.4879601769302484,2.147852808070162
sanm1295,otom1299,-2.886218576948404,0.7889824855711893
sant1410,aust1305,2.9449636071582974,1.8505308604022448
sant1451,otom1299,-3.079819484396878,1.0389895179923343
sant1436,otom1299,-2.924877194853805,0.8814551036040115
sanu1240,yano1268,2.572017350933706,2.8991930634428518
sapo1253,aust1307,1.618670019156389,0.6962818361136982
sapu1248,aust1305,3.599379246032341,1.4548112746024486
sara1321,cent2225,3.857060782976004,2.590073407231664
sars1236,atha1245,2.5025903486978764,2.3927045062946206
sasa1249,aust1307,0.492871188875057,1.005760576515982
sata1237,aust1307,2.800060937200856,1.8041969799486492
saur1249,drav1251,5.150428257491924,3.5879928864908024
savo1255,savo1255,1.7683285933637165,2.2970517468931178
saya1246,afro1255,1.9701913288990447,0.6660988907599261
seda1262,aust1305,3.334572249778192,1.4751622347575122
seim1238,aust1307,2.947875438435644,1.446416833109474
seke1241,aust1307,3.1532685372886275,0.711543772482429
sekp1241,atla1278,4.355341567952419,1.72037581572431
sela1259,aust1307,2.287578239991255,1.398990967696406
sela1260,aust1307,0.0449212844737338,0.7166891524173877
sele1249,atla1278,4.376378772576793,1.722183245630042
sele1250,nucl1709,5.172848613653929,2.1520073719930366
selk1253,ural1272,6.072398475609838,10.824308488427832
sema1265,aust1305,1.0387502986298225,0.9805419962704603
seme1247,aust1305,0.8701400249527509,1.019569029410853
sene1264,iroq1247,-0.9436649853368532,1.1987313905501935
seng1281,aust1307,2.910937559241773,0.8510485887405679
nucl1632,sent1261,4.342936202087008,3.657369992981259
sout1528,indo1319,2.540103123427163,2.075623968778622
seri1257,seri1257,1.5598001872577232,2.744493985523832
sgaw1245,sino1245,5.003054719958146,2.3977079285958
shab1252,shab1252,3.256208588510052,3.0758474888921867
sham1280,atla1278,4.5186584371497895,1.7658536445250943
shan1283,pano1259,1.8780786867578123,0.9842963348703364
shaw1249,algi1248,-1.6667122124225593,2.168260722928004
shee1238,hmon1336,3.034426044364195,3.3034106215174432
shek1245,dizo1235,3.3473117125684877,3.1024619446971684
sher1257,sino1245,4.654419453749454,1.658194619951857
biao1253,taik1256,3.585927099581295,3.6979779602401592
shil1265,nilo1247,1.233272209155779,1.3443182099886286
ship1254,pano1259,1.779542734677796,1.0229273658108582
shix1238,sino1245,6.167702290798751,2.494569541379533
shol1240,drav1251,4.459900354713818,3.153989729059205
shon1251,atla1278,3.731500148078181,2.265410052000988
shor1247,turk1311,6.277572840995313,9.689914419100056
shos1248,utoa1244,1.322452663015963,1.534618260235206
shua1257,jiva1245,2.32717290244542,2.2190588790045567
shwe1236,aust1305,2.3760046221008237,1.370220077687044
siam1242,siam1242,2.606243302129954,3.2293119555508696
siar1238,aust1307,2.42062076278211,0.8377120270126497
siaw1243,amto1249,4.389889614777016,3.4929358565622834
sich1238,sino1245,6.277168198594053,2.634327392095372
sici1248,indo1319,2.4267581805597773,2.014754161751142
sici1249,atla1278,4.284076972959106,1.6033280885394916
sida1246,afro1255,2.0763720540382677,1.0860163921292385
sier1250,otom1299,-2.7438502900764385,0.7938850000450728
sier1248,utoa1244,-0.4971407382098427,0.8186416137552186
sika1261,aust1307,1.381659060910654,0.9449821646373948
siks1238,algi1248,-0.5578665893717549,1.6505092973031736
simb1256,aust1307,-0.5042577707841176,0.5860161204334986
sina1266,aust1307,3.2999743920560185,0.974788993160459
sini1242,mand1469,2.8131426734972784,2.348269806226888
sioo1240,aust1307,2.922583199964518,0.7906599292986343
siri1274,tuca1253,1.3095375775843496,1.1157163447998926
siro1249,nucl1709,6.080633372532516,2.152095535429389
sile1255,nucl1709,6.119182912046131,2.197581230400388
sisi1250,aust1307,1.1556013321671497,0.6126948480884451
situ1238,sino1245,6.4313710212346535,3.3852680955512118
siwa1245,sout2948,3.5456866232475583,2.8637251507740373
siwi1239,afro1255,0.281791404878114,1.7333098763700503
siwu1238,atla1278,4.490825023994951,1.719296510721044
siyi1240,sino1245,3.554524436508172,1.3814654060955078
skol1241,ural1272,5.230866956643893,7.362101715014191
slov1268,indo1319,3.155688640666157,2.360048552602372
sooo1254,aust1305,3.726007022439828,1.570014722833058
sobe1238,aust1307,3.611709502499995,1.501203207995438
soch1239,otom1299,-2.509745743607378,0.8160411054928645
soga1242,atla1278,3.692386178920551,1.484088681327215
soma1255,afro1255,2.319997636131596,2.31010496446126
soni1259,mand1469,2.7662275970595083,2.482797534914788
sons1242,aust1307,0.4627687558412805,1.3213885777214216
sora1254,aust1305,3.073240884954468,1.882840665040156
koon1244,atla1278,3.9440528397149786,2.852113199891868
sout2859,aust1307,2.988460764606157,0.6712918941106523
sout2976,utoa1244,-0.0298748418409637,1.000622184192849
sout2856,aust1307,2.2307725974316286,0.6897438241290743
sout2954,japo1237,3.2854509342979563,3.4688078807870824
sout2996,ayma1253,0.003852676771509,1.487336580671041
sout2730,sino1245,5.150431984276232,2.0223520202511978
raro1241,aust1307,-3.608568559338415,5.27504441678289
sout2741,taik1256,5.530647024425338,4.0198608002446505
sout2715,sino1245,5.775886463000199,2.73384744827122
sout2826,krua1234,2.297539139002752,3.7732983171389303
sout3236,gumu1250,2.903292792314212,2.789330696805713
sout2956,haid1248,1.562850302843481,2.320141948029743
sout2949,kiwa1251,4.14896038490651,3.4858739971520976
sout2994,namb1299,2.941277390704599,2.753028575144697
sout2649,indo1319,3.9958462089297777,4.720735679377292
sout2729,sino1245,5.369902522598189,2.402646633176957
sout2728,sino1245,6.302688638944803,3.439777340030425
sout2918,aust1307,-1.936095037584786,1.001078821913353
sout2985,miwo1274,-1.4081023387735645,1.8051069685851928
sout2807,atla1278,3.731748141102593,3.411594648674871
khan1277,sino1245,5.135691132362645,1.3918087385209077
sout2797,atla1278,4.411711647185665,1.5362317107504708
sout2679,ural1272,4.747356288167688,4.973667060454488
sout2782,atla1278,4.095931866254657,1.1177290508998752
sout2674,ural1272,4.184839430895434,5.839865606436256
sout2959,atha1245,2.9988490039504745,3.732220225747234
para1301,aust1305,2.222326556196795,1.2911071998422088
sout3261,nakh1245,2.650713070391064,1.2949289945216975
sout2869,aust1307,1.6960611615535424,0.5921358414638291
stan1318,afro1255,-0.6278762579421446,1.4745112037463812
indo1316,aust1307,-0.7746708569161271,1.456542598445175
horp1239,sino1245,6.372480835526629,3.2056711754666694
suab1238,sout3418,4.1632646638105575,3.773745428103979
suba1238,atla1278,3.7348225907768446,1.3889094300835367
sude1239,aust1307,0.7352739829631048,1.08614714620861
suen1241,nucl1709,4.835681320053809,2.2124534598777856
suku1272,afro1255,1.029493319659526,0.4364452281118005
sulk1246,sulk1246,4.424156817728638,3.3584047004911355
sumi1235,sino1245,5.22500204737926,1.4518889996449855
mari1426,aust1307,3.1711048474754278,0.8481257790896777
sunw1242,sino1245,5.642016286371132,2.411260815448344
supy1237,atla1278,4.168395449311994,1.7104867991529673
surg1248,ural1272,5.92800375935949,10.54873258664847
surs1246,aust1307,2.5001270975634773,0.8345218917187438
swah1253,atla1278,4.500676483888502,1.964884864526141
swed1254,indo1319,4.974075688848849,4.5542513800305
taba1263,nort2923,2.9216756933717827,2.1337168074980752
tabo1241,tabo1241,4.202907680093728,3.506200507635022
tafi1243,atla1278,4.377217171848969,1.774115382966876
taga1272,aust1307,-2.368674794331434,0.87233362623153
taga1270,aust1307,-3.541102943350812,1.2230775854057896
tagb1258,aust1307,-2.5345995855675225,1.2831293990735162
tago1246,rash1249,2.7438279723244863,2.739939320459733
tagw1240,atla1278,3.7943648276991846,1.7886621358857298
taha1241,afro1255,-1.0599699968015877,1.741669909915629
tahi1242,aust1307,-4.011394937285524,6.272012032604657
taia1239,taia1239,4.668901890107125,3.492621451188157
tain1253,anga1289,5.104063260232721,3.183183371825116
taji1246,aust1307,-0.199232043141696,0.7469854823831099
taki1248,aust1307,3.146131766526461,0.9952538507646552
taku1257,aust1307,1.1573127719585254,0.9518364646155532
binu1244,aust1307,-2.843591026708835,0.930642808730788
tali1259,aust1307,0.1557370464683998,0.5340951945454222
tama1331,tama1329,3.5388101509416394,3.4781453558991515
malo1243,aust1307,3.0608198260938044,0.7002238841823285
tama1365,afro1255,0.0940386290252668,1.117574610935229
tamb1254,aust1307,-1.614220801647636,0.6533124877900605
tami1290,aust1307,2.7415243572889336,0.7643056051339912
tami1289,drav1251,4.293381511015999,3.444336718029376
tane1237,aust1307,2.533614530899386,1.026210421296554
tang1377,sino1245,5.8594711773827495,2.231188986108201
tang1373,sino1245,5.74845839132708,4.471034223592199
tara1313,sino1245,3.961887323460119,1.327995635187435
tari1256,araw1281,0.3601749805843397,0.8378953038311323
tari1263,afro1255,-0.4305673871659252,1.5401778042241006
tata1258,otom1299,-3.0542459852070616,0.9143500718735922
tata1257,aust1307,-0.4134664211752508,0.6387006119616672
tata1255,turk1311,5.382545155091068,6.659634096843845
taul1251,taul1250,4.304435420295298,3.3040792776917485
taus1253,taus1253,0.0169201964266221,1.8852745351330924
taus1251,aust1307,-1.9637533335123003,0.9586874311228756
tauy1241,nucl1709,5.2675407757687625,2.14283372517756
tawa1275,aust1307,2.7403140798939774,0.9000390605126967
tawa1286,afro1255,-0.1939806088329163,1.2822196579793896
diga1241,sino1245,5.120243942517274,2.221215341287518
taya1257,afro1255,-1.2188402452043434,1.4965866090345583
tbol1240,aust1307,-2.1914965165006803,0.91516932362822
tean1237,aust1307,2.504985811826139,1.0149556672860456
teda1241,saha1256,1.7597221467727455,2.5178822329574686
tedi1235,sino1245,3.716949579806953,1.4240231631744322
tega1236,rash1249,2.758083122028631,2.7319340272765515
tehu1242,chon1288,-0.683934030128664,2.737886013109041
tekt1235,maya1287,-2.410861069051946,0.966426925911847
tele1256,nucl1709,5.875982568468654,2.3879005192576277
telu1262,drav1251,5.016600494270588,3.4375510193026173
temi1246,aust1305,1.6032420185132394,0.9369139671856956
temo1245,otom1299,-0.4951048380808356,0.8094226900486419
temp1235,aust1307,-1.693119270243323,0.6932433373253417
teng1272,aust1307,-0.1035728061749932,1.0410521529152632
tene1248,dogo1299,1.7876283978117946,1.7931924157072814
tenn1246,surm1244,-0.2345448015146936,1.2329741597402375
teop1238,aust1307,2.290163641488723,0.692126699447698
tera1251,afro1255,1.498432055498924,0.6852865517373203
tere1279,araw1281,-1.0464031442838515,1.473932143437139
teri1250,chib1249,3.676489727447528,2.161286069462093
term1237,aust1307,1.8132748005819543,0.9613177572506472
tern1247,nort2923,3.050363366435774,2.133766292880651
tete1251,utoa1244,0.4980235703585343,0.7872453291801094
tezo1238,otom1299,-1.8023809289006465,0.777979674507165
thad1238,sino1245,4.541676127857615,1.3515739983842252
thai1261,taik1256,4.9853921828626655,3.973734207412143
thak1245,sino1245,5.838719077409793,3.0658344469179326
than1259,sino1245,5.727355047209266,2.7423035040850863
thao1240,aust1307,-1.6860128519104385,0.7875411385575575
thar1283,atla1278,4.146839592592831,1.5617943030811716
aheu1239,aust1305,3.731509504088284,1.5879413848487829
thay1249,pama1250,1.1569154737791851,1.1503944896506226
thul1246,sino1245,5.488491084956933,2.268675341986373
tibe1274,atla1278,4.114594662557356,1.251850322526451
tibe1272,sino1245,5.952274982349314,2.2469569031972227
ticu1245,ticu1244,1.6785824702073515,2.522670344363789
tido1248,nort2923,3.432231767275325,2.224554185639576
tief1242,atla1278,3.676712646930164,1.5328172158683913
tief1244,atla1278,4.428793188433705,1.530289694771383
tien1242,atla1278,4.398656876536561,2.523777745781473
tiga1245,aust1307,2.729537689384281,0.9577412754064908
tigo1236,atla1278,4.959451635786401,1.150181807782161
tika1246,atla1278,5.01267254022412,1.2740324844651312
tiko1237,aust1307,3.6783606813141727,1.2960305954238578
timn1235,atla1278,3.327637506645872,1.8997146472661088
timu1262,aust1307,-0.4539725159982026,0.6243639452282181
tina1248,aust1307,-3.010548504040586,1.0445521042766757
maee1241,aust1307,3.793583729643128,0.6649267274080017
tiri1258,aust1307,-1.2003436677877446,0.6719664413207695
tiru1241,aust1307,-2.4135990782816448,0.8656733591318471
tita1241,aust1307,3.2369686570325475,1.213106446458987
tivv1240,atla1278,3.960293635147303,1.109635901691192
tiwi1244,tiwi1244,0.0231593238770038,1.880151752182293
toab1237,aust1307,0.5624621284301348,0.5374179483766923
toar1246,nucl1580,4.2435542095061605,3.150386669018758
toba1268,leng1261,-0.8039198497931104,2.153727885261062
tobe1252,nort2923,3.23564932302295,2.152748099587676
toda1252,drav1251,4.411589368220608,3.137007613491221
toho1245,utoa1244,1.0328190269851294,1.245709549358189
tojo1241,maya1287,-2.2282571319285944,0.9906349928474468
toke1240,aust1307,-2.5246950377104094,3.04419897318342
toll1241,jica1245,1.123895885108567,2.2836376546742088
toma1245,mand1469,3.733518054379104,2.440794362591845
tomm1242,dogo1299,2.425578291987236,1.834207325822128
tond1249,song1307,2.514539082937066,1.890285414868792
tong1325,aust1307,-2.274696931060469,3.20238035126863
tong1318,atla1278,3.5600577566683933,1.9510312942069208
toor1238,atla1278,4.384259048085501,1.7670823222833365
tote1238,atla1278,2.937888027483468,1.6174794098393477
toto1302,sino1245,5.142032402335318,2.0397702703324114
touo1238,touo1238,1.3270129918210791,2.1143623438306207
trin1274,araw1281,-0.9862957120277926,0.8970147856841706
trio1238,cari1283,2.6237499347252333,2.0425999429757766
colo1256,barb1265,2.6063512911730404,2.648200517845438
tsam1247,afro1255,2.492731669367263,0.9897379666079686
tsat1238,aust1307,2.837492743599051,2.070182486007837
dido1241,nakh1245,3.258713711891283,1.2876966497700977
tsha1245,sino1245,5.599883436401067,1.821077330721572
tsix1234,khoe1240,1.3825345788472951,1.8454676329622544
tsog1243,atla1278,4.562252390428856,2.5884817453865523
tson1249,atla1278,3.58902829173691,2.820969677853704
tsou1248,aust1307,-1.998232367890672,0.7749809983623663
tswa1255,atla1278,3.5528966602383933,2.8134162582307667
tswa1253,atla1278,3.873902095951835,2.279245574974233
tuba1278,utoa1244,1.430062846438006,1.423357452711052
tuge1241,nilo1247,0.4765704083567321,0.8266721235207584
tugu1245,aust1307,2.563089511791098,1.0318738011623978
tuka1248,aust1307,0.1462941976656242,0.7904220391129826
tuki1240,atla1278,4.093409112471172,1.3334510391352763
tula1252,atla1278,4.302062068883349,1.1635333967912516
tulu1258,drav1251,4.508457802349015,3.436889982983189
tuml1238,aust1307,2.433488840612388,1.142553019381154
nene1249,ural1272,5.967989606115851,11.306264190742668
tune1261,atla1278,3.854114077726064,1.229635100224279
tung1290,aust1307,2.8857601058364155,1.0625735057619323
tunn1238,afro1255,2.201654925452452,2.088469767371322
turk1303,turk1311,2.305403976990541,2.960858067176801
nucl1301,turk1311,2.522762119895252,3.2012533233599427
turk1304,turk1311,3.923422643884423,4.994008482275383
tusc1257,iroq1247,0.3840585223449455,1.302092659105227
tutu1241,aust1307,3.0940275194019917,0.7040758264303335
tuva1244,aust1307,0.090593005109963,1.940632054471152
tuvi1240,turk1311,6.282435165622791,9.609481117058593
tuwa1243,aust1307,-3.0807956180797254,0.811949830725176
tuwu1238,atla1278,4.368372217100223,1.7200940860486256
uuuu1243,aust1305,3.1772905791187744,1.441385619466729
ubir1237,aust1307,2.434106120305848,0.8379459280566977
udii1243,nakh1245,2.795632476457201,1.4020127012183965
udih1248,tung1282,5.515278870781136,7.690051265046264
uduk1239,koma1264,0.9986506195101624,1.567805005978279
ughe1237,aust1307,-0.8476968460189618,0.5298220221842485
ugon1239,sino1245,5.322448241284522,2.6634458035059367
ukra1253,indo1319,3.7717824421671056,3.773962504210438
ulch1241,tung1282,5.019863535676888,8.648859239741682
ulit1238,aust1307,0.465219717349689,1.304590932559691
ulwa1239,misu1242,2.438970448021413,2.419480448186846
yaul1241,kera1258,4.719511124308506,3.374927168421223
uman1240,daga1274,4.194351641565905,3.10055769045006
umbu1257,atla1278,3.3333793976408232,3.058620440299144
umbu1258,nucl1709,5.998515607284645,2.249657254223891
umes1235,ural1272,4.636364462927916,5.826885816829204
unaa1239,nucl1709,5.089858011437888,2.510992762395304
unea1237,aust1307,3.1598213509958937,0.8847113617249178
unua1237,aust1307,3.0187322064293047,0.6281773106583444
uppe1275,toto1251,-1.3673851378158208,1.494579854476605
urak1238,aust1307,1.816032863423971,1.357932875606437
urar1246,urar1246,1.6515594122793302,2.3553927605996776
urav1235,aust1307,2.3177329150379347,0.7064428852901088
urim1252,nucl1708,5.282406569669544,2.969409367108668
urip1239,aust1307,3.798998428775292,0.6616595779082601
urni1239,giim1238,1.4815873809881548,2.213559676635533
usan1239,nucl1709,5.392996375825182,2.2159691944456696
utes1238,utoa1244,2.402168167065522,1.9022506883543
pile1238,aust1307,2.0793422847795258,1.0456645862369882
veps1250,ural1272,5.090711985516124,6.037277469667259
vera1241,aust1307,3.037542596024786,0.936190959789286
viem1243,atla1278,4.373729337670376,1.5558997160441803
viet1252,aust1305,3.5382325554874408,1.7813914067940146
voti1245,ural1272,4.898266880406959,5.201655690917363
vure1239,aust1307,3.043042299432778,0.9353323631279906
vwan1235,atla1278,5.317232769801166,1.976433886984303
wadj1254,wadj1254,-0.0909679975718884,1.8227382539093997
waga1260,pama1250,0.1668285122412267,1.119953502882396
wage1238,wage1238,1.4670533815382274,2.198600224321801
waig1244,aust1307,2.7735639501378184,1.4498682735622737
waim1251,aust1307,2.589356670600382,0.924667773340616
waim1252,aust1307,2.5026871623220472,1.015674382081201
waiw1244,cari1283,2.55694052741866,1.9260521530689303
waja1259,atla1278,4.237114955435144,1.1614463388663196
wala1266,aust1307,0.6701499967194191,0.4842677792076912
wamb1258,mirn1241,-1.6528304598851016,1.752342751006843
wamb1259,nucl1709,5.039632553674665,2.501636445837533
wamb1257,sino1245,5.597437899958108,2.32897697362764
wann1242,mand1469,3.930522193189685,2.404525575167
wand1278,afro1255,0.652873532578252,0.4706994742830233
wand1267,aust1307,3.7010543871377433,1.424228427088984
wanm1242,pama1250,-0.0365483817449618,1.28485389034622
saka1289,aust1307,3.836158020457665,0.8049362342487356
waor1240,waor1240,2.200756156973708,2.843103854120713
wapi1253,araw1281,1.1620790054981096,1.4734370365417109
wara1303,wara1303,1.9425918763041856,3.131013391881851
wara1300,aust1307,-3.370747726935501,1.426192257915048
ward1246,yang1287,1.3434128795597633,2.216453852921724
ware1253,aust1307,2.8628431112070496,1.4701927357591558
wari1268,chap1271,-0.2528219472269477,1.9488460512141896
warj1242,aust1305,1.9608413355158631,1.3231189755553316
warl1254,pama1250,1.1063758492713347,1.2820000937381693
warl1256,pama1250,0.961029247015868,1.3451107348489728
waro1242,aust1307,3.6812868046253104,1.4346769881703167
waru1265,pama1250,0.8570749038494785,1.178789214951898
wash1253,wash1253,0.7042566345440135,2.045637309408832
wask1241,nucl1709,5.452249337138315,2.2725203130304905
waur1244,araw1281,0.7406053614051522,1.3155916363449052
wawa1246,atla1278,5.063402502776743,1.2746258169920992
waya1269,cari1283,2.679368009165402,2.1672707288990054
wayu1241,sino1245,5.644505687105657,2.400579232401697
wayu1243,araw1281,0.1570784034071852,1.617916506115883
weda1241,aust1307,2.9467321577635293,0.8526553498862768
wels1247,indo1319,-0.2019316806216828,1.3684561402987967
nort2864,aust1307,2.1103043637837446,1.2321298474873998
weri1253,kuni1270,4.223387714694588,2.8814513947324585
west2560,aust1307,-0.8129888881954095,0.6492173739471525
west2548,aust1307,1.949508849983277,1.19596547915706
west2615,atha1245,2.53785378894382,2.3328446021763227
west2441,pama1250,2.225118654443476,1.5287887730367942
west2555,aust1307,-2.681167362952098,0.8688407681167405
west2618,eski1264,2.238649354071991,4.914318653172259
west2650,aust1307,3.418692757165405,1.9064439146473688
west2594,nucl1709,5.148064063323717,2.6867702257417747
west2369,indo1319,2.748525198310759,2.875703670555204
west2519,aust1307,0.0337207396334278,1.3487328457209884
west2354,indo1319,2.8714707094886736,2.5081066975984925
west2644,otom1299,-3.1418596413123465,0.9110411481962046
west2466,atla1278,3.615971500957415,1.5456951284256633
west2632,kere1287,-0.4781493817164037,2.128187570498333
west2396,aust1305,2.862479731737637,1.381003931403015
west2418,sino1245,5.846089749672829,3.012541347044099
west2392,ural1272,5.1085860078699605,6.329849086986116
west2763,afro1255,-0.9121687694522004,1.1832316404697707
west2386,indo1319,5.118217646813963,4.605163249053319
west2557,aust1307,-2.9787081877351183,1.0683593110552607
west2415,sino1245,5.76059054695406,2.68457406057042
sanj1284,otom1299,-2.9055558721864125,0.8065153668330467
west2430,hmon1336,4.776870838195513,4.23446130131704
west2599,nucl1709,5.164781773556954,2.284000660396416
west2600,nort2923,3.268882605263472,2.154121661057673
saka1291,aust1307,-1.2471237420080996,1.9392538678339548
west2516,aust1307,-0.8366437926156636,0.6393350701208078
whit1269,aust1307,0.9591963024691654,0.5884511726249855
wikm1247,pama1250,2.36922541984918,1.215987997983241
wiru1244,wiru1244,4.551749436983694,3.4182251440253424
babi1235,atha1245,1.634522381915876,2.0004908591938246
woii1237,aust1307,2.840721795409784,1.4273073558264429
wola1253,afro1255,2.7542319747067765,1.157920417608203
wola1242,gong1255,3.866759193860859,2.231555152075316
wole1240,aust1307,1.7366410860000812,1.6697807252325705
woli1241,aust1307,-0.0372098273635537,0.6756451200519109
nucl1347,atla1278,3.199385332784111,1.927497395951221
wotu1240,aust1307,-0.0818604442162158,0.7628229280019596
woun1238,choc1280,2.667147814132316,2.6874261913526496
wuch1236,sino1245,3.6123977555274953,3.36262618978585
wudi1238,sino1245,5.486261253137792,2.2594046179686416
wusa1235,sino1245,5.474289580411639,2.28270387088061
wutu1241,sino1245,5.755556936418691,4.257816070417363
wuvu1239,aust1307,2.7729094962736776,1.3658011529606782
xamt1239,afro1255,2.2172362969478563,1.2204858500272735
xara1244,aust1307,-1.1441870678759536,0.6489645300732647
xava1240,nucl1710,2.932810549858225,2.5594443776608244
xhos1239,atla1278,3.631254512602788,4.047887143869708
xish1235,sino1245,5.171087172687476,2.0030252965087527
xokl1240,nucl1710,2.760784521974852,3.965927969572896
yaak1241,afro1255,1.3187656871620703,1.05771871607962
yabe1254,aust1307,2.7686431645047387,0.7666639759438922
yaey1239,japo1237,2.022787996123271,1.9404771193263104
yaga1260,nucl1709,5.1970682471546175,2.1307804239083907
yagu1244,peba1241,-0.2185244702027902,1.8868485662333896
yaka1272,atla1278,4.7761650904651,2.007537400593065
yaka1277,aust1307,-1.909605884057079,0.9928708937729168
yaka1269,atla1278,4.099878052667084,2.785231639009133
yakk1236,sino1245,5.406286704362498,2.2172225483332757
yako1252,atla1278,5.835626970888406,2.219191506837383
yale1246,yale1246,4.362942990918518,3.471834184964642
yama1264,yama1264,2.0001375290087307,4.564588887663433
yami1254,aust1307,-2.341618640296363,0.9668472056510922
yami1256,pano1259,1.9283452644129724,1.0268726639311223
yamp1242,sino1245,5.552905701031395,2.336848376121445
yane1238,araw1281,-0.865503652384539,0.9444872787195422
yank1247,pama1250,2.412707690901623,1.8184042591093856
yano1261,yano1268,2.689146747266321,2.815880725257003
yaoo1241,atla1278,4.094057703434172,2.3370768389769268
yaou1238,mand1469,3.979329845113981,2.5607735619305743
yape1248,aust1307,-0.1932774351977084,1.2849337077244485
yaqu1251,utoa1244,1.4478010920679043,1.23779295669668
yare1248,yare1250,4.168217039328044,3.310969747335051
yasa1242,atla1278,3.6183706057580105,1.756578226459972
yatz1235,otom1299,-1.9864781605152688,0.8235243443482858
yaum1237,nucl1709,5.160943681877945,2.113644741315021
nucl1454,yawa1259,4.515752668991255,3.80075064235556
yawa1260,pano1259,2.0444748565611564,1.008197788984738
yawu1244,nyul1248,0.6978567790568391,1.6196090992291374
yecu1235,toto1251,-1.707768692503009,1.5779496879187531
yele1255,yele1255,0.3462918740703855,2.017933822218467
yems1235,gong1255,4.6119655935534105,2.285352955109218
yapu1240,nucl1708,4.352697259283027,2.968413878106034
yess1239,sepi1257,4.571715716826987,2.9315593315196797
yeyi1239,atla1278,2.97746268131094,1.604851415847527
yidi1250,pama1250,1.9393134564676149,1.6013061945857388
yima1243,lowe1423,4.558450339365447,3.4491843345465867
yinc1238,aust1305,2.7496316763767306,1.4016170294038588
yind1247,pama1250,-0.4232755088514264,1.0101176900819624
yine1238,araw1281,-0.2419826953017729,0.8320863139493682
yoga1237,aust1307,-3.2245405528719333,0.8916971626010906
yona1241,japo1237,2.003287494928112,1.8928767355760168
yong1276,taik1256,4.9234126140682895,3.8188588698756254
yong1280,nucl1709,4.987876802812376,2.5037264140777467
yora1241,pano1259,1.5156955263971743,1.0391852186791652
youl1235,sino1245,5.357894630717179,1.8833887875172195
youn1235,hmon1336,4.5703785041417815,3.72862285555545
yuca1254,maya1287,-1.312984292948822,1.5580976411460128
yuch1247,yuch1247,1.1602250873665028,2.580900892324045
yuec1235,sino1245,4.077563128526285,2.7049649013625583
yulp1239,pama1250,0.8398122571893569,1.2619819451772685
yulu1243,cent2225,4.091341825783894,2.832223985755107
yura1255,yura1255,-0.6650493368327226,2.0225810981694465
gami1243,pama1250,1.1667416758721376,1.5940663122715364
zaba1237,aust1307,-0.6684178605749438,0.5687697303038846
zaca1242,otom1299,-3.161861347228382,0.9613511190504552
zaca1241,utoa1244,0.9600415711044944,0.7164362085089877
zaiw1241,sino1245,4.724656192690289,1.7261948810485848
zakh1243,sino1245,5.081027103084684,2.145898085386321
zamb1245,atla1278,4.787080828376191,2.146020132172445
zand1248,atla1278,4.907481949707813,2.055325970590829
zani1235,otom1299,-2.281957188812658,0.8109730673632569
zarm1239,song1307,2.636228992381937,2.480546787902412
zays1235,gong1255,3.7790619716702354,2.1879260515385752
zeme1240,sino1245,4.1611851951657135,1.3274033505521317
zenz1235,otom1299,-3.150889905244449,0.8508993246740886
zhab1238,sino1245,5.551958521842706,3.073584112566081
nort2795,atla1278,3.681197937426771,2.111533327827381
zoog1238,otom1299,-2.786668220003242,0.8242966326239909
zulg1242,afro1255,0.7438479447126738,0.4225966731553754
zulu1248,atla1278,3.5465596680665046,3.5816625180331982
zuni1245,zuni1245,1.267010107338902,2.38413544484375
