Glottocode,Family_ID,GPGLMM_Latent_Mean,GPGLMM_Latent_Variance
abad1241,aust1307,-1.793037654816913,1.6087380524396302
abau1245,sepi1257,-2.740866294106315,2.6094740500986333
abee1242,atla1278,1.2346764573150466,3.1591056229684327
abkh1244,abkh1242,-7.958373761858692,28.569801633478043
abua1245,nucl1708,0.5699348206171191,1.201391309576863
abui1241,timo1261,-3.207476988302073,5.864485421877291
abun1252,abun1252,1.596932355431516,5.046833773882483
achi1257,aust1307,-3.07858614281146,4.945293666056763
acha1250,araw1281,-9.036479831003762,28.520621910322948
ache1245,narr1279,3.319157921221807,6.546256451351525
achi1256,maya1287,-7.859704845593383,26.57437179920087
achu1248,jiva1245,-8.99084949937217,29.656483010743397
acol1236,nilo1247,2.912403864735793,5.019918708135627
adan1251,timo1261,-3.1663747467704217,5.874671612556892
adon1237,aust1307,1.9363040225787032,1.6805252653119958
adze1240,aust1307,0.8242159785304946,1.1925973498145304
afar1241,afro1255,-3.096698359812721,6.080020094976824
aghe1239,atla1278,1.885049577631916,1.2127688357400928
aghu1255,nucl1709,-4.6461232703481805,5.233842056725393
agob1244,paho1240,-4.438656849391685,12.930372617299906
agua1253,jiva1245,-8.979016588487157,29.761181046924065
agut1237,aust1307,-5.964144657075504,8.544621714733857
aime1238,bosa1245,-3.5364140677481783,11.5334512035174
musa1266,nucl1709,-4.917497022385804,2.3436838007678844
aito1238,taik1256,-6.194757626737742,8.838379406933562
ayiw1239,aust1307,3.680036095726214,4.082787781052968
ajab1235,atla1278,2.059127803106639,2.37709905859348
ajas1235,kres1240,-2.180903926373277,4.7748723477566735
ajie1238,aust1307,-1.9843214631948007,1.8194921702629256
ajyi1238,araw1281,-8.177815091240005,28.284073846736728
west2635,maya1287,-7.859176213487941,26.21629008865707
akei1237,aust1307,2.577924948270981,1.9597649610417636
akha1245,sino1245,-3.161767316242697,2.1571175653016503
akoo1248,atla1278,0.9227947963338146,1.1983364574671782
akun1241,tupi1275,-8.947221440076332,29.65932834811251
alab1254,afro1255,-3.998091926491094,4.0556839111811485
alab1237,musk1252,-7.477208423162995,28.53967678835238
alac1244,otom1299,-7.901450558256847,23.87064324573561
alag1248,afro1255,2.2288661237757488,2.719651779080891
alam1246,sepi1257,-2.574861863590302,2.727098740098249
aleu1260,eski1264,-8.652814816500108,30.513720289475955
alor1247,aust1307,1.822168849552208,1.9319439942898065
aluk1238,drav1251,-8.070064506167203,25.80559751478908
alya1239,pama1250,-4.603113041842082,10.568960223484794
amah1246,pano1259,-9.03340945623416,29.04292355815443
amam1246,kuni1270,-4.179858590912877,9.173745820081349
amap1240,left1242,-3.436132737183155,10.727200264800128
amar1272,aust1307,2.863534782860734,1.664809597863119
amar1274,hara1260,-8.986104357658698,29.83779581271335
amas1236,nyim1244,-1.8687509631623984,5.969049771490351
ambu1247,nduu1242,-3.841929920401253,6.902928171756908
amdo1237,sino1245,-5.425011744934094,9.382223955556396
amha1245,afro1255,-3.6681923306449633,5.280410585102814
amii1238,west2434,-0.1654953312825764,2.0141020891896773
amis1246,aust1307,-5.1145081836852455,8.949065486969523
hoaa1235,kxaa1236,1.409610889356138,4.809084655231064
amri1238,sino1245,-6.9399023976114105,6.526842883529415
gily1242,nivk1234,-8.026970618697653,30.01249005856989
anei1239,aust1307,1.0865401724340664,1.8327718489934988
anem1249,anem1249,2.0139570549266548,5.952532605480663
anfi1235,gong1255,-3.4801828195559903,7.453632518306684
anga1290,anga1289,-0.0085468732738327,2.04452160107412
anga1288,sino1245,-5.964395433846201,5.071509054988134
ango1257,chib1249,-8.995558530307282,29.05394611314687
anin1240,gunw1250,-5.208126386968259,15.734584877390764
wara1294,more1255,-4.576668816629673,11.14020594411504
anta1255,aust1307,-1.7489760558119718,5.08323784040762
anua1242,nilo1247,3.092846643379674,5.648196114109368
anuu1241,sino1245,-4.523899908025765,5.096244979650358
anut1237,aust1307,2.645497708352892,4.929272939829602
aona1235,sino1245,-5.834323712804434,5.300907924695327
aoua1234,taik1256,-4.736479592349477,7.719077924918405
apma1240,aust1307,3.5552264500512987,1.538200588447907
apma1241,kera1258,-3.43852536709422,9.27895815083619
apur1254,araw1281,-9.029524607407144,28.447263389088945
arak1252,aust1307,3.508329948270907,1.7284097287153095
aram1253,more1255,-4.534899251853749,11.174089034062485
arao1248,pano1259,-9.01092022641556,29.120112105075236
arap1274,algi1248,-7.944367230070182,26.70716963505572
arbo1245,afro1255,-1.81459960234976,2.1901895141924115
arch1244,nakh1245,-8.056225515450842,25.055579363878053
aree1239,aust1307,-0.8609532823009411,1.0698139337695451
area1240,aust1307,-2.540321855635944,1.540315669461961
argo1244,afro1255,-3.776764029301078,5.68324172016257
arhu1242,chib1249,-8.964527386372241,29.10469999207007
arig1246,atla1278,1.5255801167551866,1.792728600816048
arom1237,indo1319,-7.271502444930621,25.335992274625312
arop1243,aust1307,0.8614858600676225,1.4151053174329462
arop1242,aust1307,1.0177104143359958,1.7064153441695495
aros1241,aust1307,-1.5850608560435937,1.709340942089483
arta1239,aust1307,-5.668357578137556,7.30704489155578
asha1243,araw1281,-9.048451544485522,28.35478230871633
ashe1272,araw1281,-8.197885422136316,28.3355174383759
asoa1238,cent2225,1.7795153880607888,2.3504545456059773
assi1247,siou1252,-4.369696715930632,13.70491574697668
asur1254,aust1305,-5.102581903898182,9.992333759986067
asut1235,atla1278,4.587546085246329,4.392581803287037
athp1241,sino1245,-7.505921300397177,9.940014107965965
atii1237,aust1307,-6.15461294025907,8.302253662892152
aton1241,sino1245,-7.017102518672197,7.007699948400923
auuu1241,nucl1708,1.7028511040121028,1.5793344725053515
aulu1238,aust1307,3.295907684131876,1.1967606238834063
auye1238,nucl1709,-3.274245456614492,3.309553772431869
avac1239,tupi1275,-8.879679040070066,30.16147804036908
avat1244,atla1278,1.6066943194095202,1.3082018792412209
katb1237,aust1307,2.4011570794243937,1.1475046938769395
avok1242,cent2225,-0.5691533601044956,1.5279833769409803
awac1239,barb1265,-8.971146082309547,29.87748784771002
awad1244,aust1307,-0.7405431104904672,1.2225013541892693
awad1243,indo1319,-8.726104745481727,22.99746256598482
awap1236,nucl1709,-3.736581428521671,2.537639031100973
awar1249,ramu1234,-4.395171235870974,13.058656126610188
awar1248,nucl1709,-3.885177382746712,2.130588115485857
awet1244,tupi1275,-8.922591551928095,29.901038506707216
awji1241,afro1255,-4.848836030323888,13.414355489599693
awtu1239,sepi1257,-1.9405981485142032,1.987740359293202
axam1237,aust1307,3.158167037045594,1.2408984253943878
axiy1235,sino1245,-3.3503738440838537,3.105416269151064
ayac1239,quec1387,-8.982542329136017,29.67069352979855
azha1235,sino1245,-3.297828837221484,2.936089166594712
baba1264,atla1278,1.4174762522576785,1.0573081725203508
baba1266,atla1278,1.945981662655932,1.1630504972036988
bada1257,drav1251,-8.109590339331474,25.852313312084224
bafa1247,atla1278,0.0338583521301494,1.200520591949182
bafi1243,atla1278,1.8972464231284447,1.765158217844995
bafu1246,atla1278,2.386047020308545,1.18848730953885
baga1273,atla1278,1.5496773130306885,1.8128379560458363
baga1272,atla1278,0.8982804240734357,1.755158577708361
bagi1246,cent2225,4.243715841742581,3.976925012392101
bagv1239,nakh1245,-8.060907849420156,24.973273378187237
baha1259,afro1255,-5.163610900400663,14.312356772555546
bahn1262,aust1305,-2.643928486963783,2.475071186408048
baim1244,sino1245,-4.889821005049975,7.581106587570922
baka1272,atla1278,3.505481012613414,4.669699694427425
baka1274,cent2225,1.1183857272195503,1.7884346810353229
baki1244,aust1307,3.5536816182281328,1.4052146578143336
bala1316,aust1307,-2.0610617585235627,2.150572393434853
bala1311,aust1307,-4.473463279375942,6.603078622881863
bala1315,aust1307,-1.8320224255670867,3.254101502522708
bali1278,aust1307,-3.686450881065033,6.893979747942517
liki1240,atla1278,5.061522695313544,5.106369304770922
bamb1270,aust1307,0.1140379385869305,2.07547199408161
bamb1262,maoo1243,-2.649344064925793,6.087734127582554
bamu1253,atla1278,0.7999250130255326,1.367388893146309
bamw1238,atla1278,5.126706121304238,5.072091819259789
band1344,atla1278,5.093390802135879,6.020372449236561
band1340,atla1278,3.030025401019401,2.716906447599719
bang1363,bang1363,-3.1135538767278685,10.484015566526551
bang1369,sino1245,-6.510584587228662,7.456467130029807
guar1293,araw1281,-9.049382587597629,28.33640887017947
bani1255,araw1281,-9.044268424610468,28.302250502683314
bann1247,aust1307,-0.1418220791049602,1.3197654774880083
bant1281,sino1245,-7.524573195778991,10.155183090879888
bant1288,aust1307,-5.444445796347182,8.421372689609441
bara1357,sino1245,-7.580059223427938,11.804408856709369
nucl1630,koia1260,-5.079611422262307,11.12787489128241
bare1279,afro1255,0.27350428596875,2.08657906397184
bara1369,aust1307,1.7296943511321192,4.761873545634551
bara1370,aust1307,-2.9520331975774496,3.3052822145176464
bara1380,tuca1253,-9.01687639584334,28.92379737316629
bard1255,nyul1248,-6.080841166379705,22.12566035097581
bare1276,araw1281,-8.955041769406735,28.350177931298276
barg1252,nucl1709,-5.83459577253831,2.3723848273378607
bari1286,aust1307,2.856607267995283,1.6766748719119209
baro1253,aust1307,-1.1940093935982272,1.1911604950706902
basa1282,atla1278,3.142890668168256,2.8699722807176684
bash1264,turk1311,-8.061317071153145,29.10415042576671
basq1248,basq1248,-7.836271152425986,29.552007800472893
bata1293,aust1307,-3.8204285310922463,5.808785911725572
bata1289,aust1307,-3.7726857991581086,5.7542643639135065
bata1285,atla1278,-1.322034039711797,1.9306669816704272
bats1242,nakh1245,-8.057933335307833,25.08194036004233
baur1253,araw1281,-8.190239519634176,28.384843270445007
bauz1241,geel1240,-2.862033231928887,8.904616468636014
bawm1236,sino1245,-5.085647535957683,5.19552437332398
bayb1234,aust1307,-5.90075938950642,8.687514006464653
bebe1248,atla1278,3.077739682649419,3.129470552237436
beem1239,atla1278,2.855638370024314,4.948153953029429
beja1238,afro1255,-3.398084304219407,7.491394987314816
bekw1241,atla1278,2.822318395207823,2.2124121422754115
bela1256,nilo1247,4.967104958645095,8.028316374221895
bela1254,indo1319,-8.269967679920459,26.42290188115833
nyal1254,aust1307,-1.9601522877576365,3.0002183300017613
beli1257,cent2225,2.541374168654672,3.167652908325138
bell1243,sali1255,-7.77910487636469,29.221486424966304
belu1239,atla1278,3.0217476236515832,2.9734368470091503
bemb1257,atla1278,2.3920574946326383,4.103972868029835
benc1235,gong1255,-5.19328087338703,8.017589601963689
beng1282,atla1278,-1.268020261648271,2.0490259153805326
bent1238,dogo1299,-3.641961743958357,7.443889391929197
zagh1240,saha1256,-3.444997126367344,9.97262639984372
bert1248,bert1248,1.8412392183346853,5.701285437709334
bezh1248,nakh1245,-8.058898719124901,24.935042934161128
bhoj1244,indo1319,-8.734452624793029,21.61113061395474
biak1248,aust1307,1.9724602500413475,2.63100864404472
biao1254,hmon1336,-7.868490330322736,19.675542951003543
biao1256,hmon1336,-8.496556568517544,20.79232942158346
biat1246,aust1307,-4.103799250114973,6.042855867526697
bier1244,aust1307,2.723556944260805,1.368448806179792
bign1238,aust1307,3.3750968714908183,1.3485851921883096
biha1246,aust1307,-2.3804593799432148,2.5326791849441044
bilb1241,aust1307,-1.514332338041645,1.1381873862070364
bili1260,afro1255,-3.327048189860731,6.318356039876601
bilu1245,bilu1245,-5.520020001494684,14.79962762348395
bimi1240,nucl1709,-4.062794515568346,3.5365136203512684
bina1277,nucl1709,-4.881488528251212,3.6366525956756064
bine1240,east2503,-4.538393254437347,12.050289976657416
bini1246,atla1278,1.3931221793726412,2.041109064342187
gunw1252,gunw1250,-4.598584435968752,12.919191672007116
bisu1244,sino1245,-1.9750749991126444,2.2295218712310287
bitt1240,aust1305,-0.0286493768552587,1.2951694691976563
biwa1243,yuat1252,-3.8146556211975975,11.757668455911052
blab1237,aust1307,-2.4461726781763757,2.1803225853202197
blan1242,aust1305,1.3370149132223528,1.868886571698681
bang1354,atla1278,4.474707679914058,6.155586578954981
bodo1272,atla1278,4.50325444838203,5.412515099243393
bodo1267,aust1305,-4.928206913910915,10.303321243178395
bodo1269,sino1245,-6.810187741491944,6.207020977927801
bola1250,aust1307,2.789325606525768,1.8964178760612145
bolg1251,atla1278,2.8886649591840445,3.456292902311713
chim1302,quec1387,-9.004707941954145,29.57751664482705
bolo1262,atla1278,4.887738584366392,5.404219626139458
boly1239,aust1305,-0.9953615995837576,2.3177034985111007
bomb1262,atla1278,5.1688613995946255,5.158843765166353
bomk1234,atla1278,1.4705378118704164,2.318809552898845
bona1250,mong1349,-6.551724995930597,22.4193702977035
bond1247,atla1278,3.888849395456401,4.338931207893285
bond1245,aust1305,-4.899741277747113,9.59546249505869
bong1289,aust1307,-4.32082223934837,5.172896603029823
bong1284,atla1278,4.54095072052862,6.021104706046799
bong1285,cent2225,2.844841734191304,4.427295464428347
bora1263,bora1262,-8.971922092687834,29.63321091338664
bord1248,chib1249,-8.985449140563471,29.001469976171187
bori1243,sino1245,-6.036825280584878,6.335755630303659
boro1277,gong1255,-3.2028279118095515,7.495703618943409
boro1282,boro1281,-8.922298459017238,30.25001196107922
boto1242,aust1307,-5.553229822268042,8.079523519952623
boun1245,nucl1709,-3.8663976894765737,2.724466367344821
bouy1240,taik1256,-4.137583215115981,6.153630733520544
brah1256,drav1251,-7.931186260785136,28.265141950589346
lave1249,aust1305,0.9843035234287232,1.4148156618211305
bret1244,indo1319,-7.331944363033224,25.99104115526856
brib1243,chib1249,-8.71852198915929,28.741453862087443
bube1242,atla1278,-0.6384830620225497,1.7725681869754055
bubi1250,atla1278,2.777341592868332,4.075289062301241
budu1248,nakh1245,-8.020802859966734,25.44252769117045
budu1265,afro1255,2.6589586726586525,3.237891152565762
budz1238,atla1278,4.039962149893972,4.822324555057261
buga1247,aust1305,0.137660499105312,1.9233560637098852
buga1250,aust1307,1.7697305063485749,1.2693088333356035
bugi1244,aust1307,-1.9707321915501657,2.7061984672148114
bugl1243,chib1249,-8.72325995030701,28.8751536687723
buhu1237,aust1307,0.5038559670932035,1.485405241104825
bujh1238,sino1245,-7.597273068050556,11.921063230247746
buka1257,aust1307,-4.093088589714703,5.865107478990851
buki1249,nucl1708,0.0641622235126746,1.2674967008801872
buku1249,atla1278,4.396322301867135,4.855753853879818
bull1247,atla1278,2.02009033512736,2.508125823362583
bulo1242,aust1305,0.2162083753481791,1.7955467832912824
bulu1251,atla1278,2.08985445824063,2.467313236725495
bumt1240,sino1245,-7.096254977201369,8.664548851674855
buna1276,aust1307,-0.8037158739198347,1.399732602791076
gahr1239,sino1245,-7.39296131249402,15.862551391186363
bund1253,indo1319,-8.650530812745604,23.85425331871751
bura1292,afro1255,2.76110790782697,2.013251120186858
bura1267,mani1293,-4.7265280978133,14.688641702524489
bure1242,afro1255,2.126989642764645,2.0130904749000287
burj1242,afro1255,-2.9589213785360053,4.363486592311265
nucl1310,sino1245,-3.3829238732012072,4.094511322384598
buru1303,aust1307,2.041836649877565,3.6592524374439774
buru1320,afro1255,1.8751667250699209,2.779154542732055
buru1296,buru1296,-8.121894835335135,29.29155959850777
busa1253,mand1469,1.9435187123424136,3.746523826299804
bush1247,atla1278,3.1937129557852657,6.145983605576017
buwa1243,afro1255,2.0689408894349537,1.4426244118216829
bwai1242,aust1307,-1.429012249165912,1.0720751230516683
bwat1240,aust1307,-2.806047497217638,2.1078060535957164
byan1241,sino1245,-7.508225005871716,14.50959001539281
caac1237,aust1307,-1.7719484330869832,1.9315517024191955
cabe1245,chib1249,-7.8656705850612125,28.723044895612176
cahu1264,utoa1244,-8.490596489049219,27.97534423262582
cakf1236,afro1255,2.265635832024639,1.78861228580082
cald1236,quec1387,-8.985646275551032,29.521947206361432
caml1239,sino1245,-7.542049219757388,10.377365053418824
camp1261,indo1319,-8.002265180390499,25.63887190576756
cane1242,nucl1710,-8.803282888504333,30.141832643098105
caom1238,taik1256,-5.415027465123189,10.757442463572309
capa1241,pano1259,-9.015555673942972,29.095300704227128
carn1240,aust1305,-2.361454407509834,5.155694138769334
caro1242,aust1307,-4.731956200846321,11.380224441086028
cash1251,pano1259,-9.0128034367187,29.15717028381379
casi1235,aust1307,-5.6694517777132925,7.53613277292445
stan1289,indo1319,-8.046242488387104,25.873900036849623
cavi1250,pano1259,-8.977100862536242,29.137243798543345
cayu1262,cayu1262,-8.127663492210456,29.65081562850592
cemu1238,aust1307,-0.9468596119690832,1.6557175520160818
cent2127,eski1264,-8.640974141634736,30.510732825667706
cent2142,ayma1253,-8.094861149138454,29.81404132778525
cent2004,sino1245,-0.509373422109558,1.6572829198258816
cent2292,aust1307,-5.654514071778754,7.268831393302399
cent2084,aust1307,-5.597656262366728,7.959122239887353
cent2314,aust1305,3.3374534306317365,4.0821175843727175
qaua1234,taik1256,-4.96797732307647,7.283101863400113
guer1241,utoa1244,-7.842899627499677,26.07044335195183
cent2050,saha1256,1.905024588439371,4.478717657159333
cent1989,aust1305,2.1443035485696456,3.162513921334501
cent2058,aust1307,1.8354154214250311,1.6665658279879452
mala1479,aust1307,-5.12114042003628,7.338126332024089
cent2322,ural1272,-8.107736559198697,28.56976962718938
cent1992,aust1305,-1.2032341280378755,1.841953350385083
cent1990,aust1305,-2.4847981793034126,5.06918793404305
cent2126,japo1237,-8.930820438932093,28.086639878045226
cent2090,aust1307,-5.9406830339400205,8.655793241851178
cent2131,utoa1244,-8.274856434611547,26.96796360036481
cent2150,chib1249,-8.994031710994408,29.05957596751813
chac1251,pano1259,-9.006551113216645,29.122325605361823
chad1249,afro1255,1.6757346436574403,3.466573440465069
chak1270,sino1245,-4.802825496559198,5.620900379838727
chak1271,atla1278,-0.2654430214801717,1.5706858300372275
chal1275,afro1255,-6.365736027824148,15.003096974484436
cham1309,nakh1245,-8.066625769392939,25.00377000107001
cham1312,aust1307,-3.980071885042273,10.057268086521038
chan1313,sino1245,-5.540096676556748,5.188199351881337
chas1234,sino1245,-2.4209143091537486,2.249259138510631
chec1245,nakh1245,-8.07781491536407,25.48949684312832
chek1238,aust1307,-3.368663639084774,2.2532313290327544
chen1255,drav1251,-8.197025406219662,24.86423230919099
chep1245,sino1245,-7.598848003691857,11.563470600131865
cher1273,iroq1247,-7.80859541462497,29.48637164930535
chey1247,algi1248,-7.792322484516143,25.749877062920007
chig1238,atla1278,2.511614794517797,3.378702918356055
chil1280,atha1245,-8.61228802984354,29.546323728741523
chim1309,chib1249,-8.117589008810185,29.058203295472477
chhi1245,sino1245,-7.517263268343386,10.028113503450273
chip1261,atha1245,-8.286927793767868,29.493257249265337
chip1241,algi1248,-6.297148941514095,25.80228404845208
choc1276,musk1252,-7.596526394704392,28.800289016411146
chon1284,aust1305,3.296151081699671,4.06594078522274
chot1239,sino1245,-5.219276350061389,4.654682775105353
chra1242,aust1305,-1.6826787357694464,2.772016684737178
chuj1250,maya1287,-7.853381749387297,26.22107642431582
chuk1273,chuk1271,-7.977922743022729,30.29171459200442
chuu1238,aust1307,-3.652066616566136,7.049401870921361
chuv1255,turk1311,-8.082719485290665,28.79974744745844
chuw1238,atla1278,2.7552625591203004,5.546181865797372
cici1237,atla1278,4.309713222051341,4.637497137380507
cent2087,aust1307,-5.465210398536772,8.7699874504141
sout2912,aust1307,-6.207314629647737,9.326508516416425
coat1243,otom1299,-7.937767077670041,23.72114022366581
coca1259,tupi1275,-9.055564789880137,29.470641834183667
cogu1240,chib1249,-8.961635342449108,29.118959844151806
inga1252,quec1387,-8.982841202032,29.48185378715407
colu1241,sali1255,-8.514435517290233,28.861405680629552
coma1245,utoa1244,-7.177667223056824,26.52354439053372
como1259,sali1255,-7.739799746473637,29.046886847386933
cong1236,atla1278,1.8380455368503728,3.3626147976540466
copa1237,otom1299,-7.908176141594222,23.610196256108
cors1241,indo1319,-8.09207815552886,25.62588184554893
cosa1234,sino1245,-3.2835623734061503,2.162154057630968
cree1270,musk1252,-7.779024819772225,29.003381152674848
crim1257,turk1311,-8.006185848708272,28.573494031285243
cros1244,atla1278,1.5182821414208387,1.618226616019342
crow1244,siou1252,-4.309430047489335,14.006204861714709
cube1242,tuca1253,-9.008945554928554,28.963437053678778
culi1244,araw1282,-8.994822903975432,29.76616438927955
curr1243,araw1281,-9.045214889491874,28.26260688803356
cusc1236,quec1387,-9.00469338329159,29.61881549824072
cypr1248,afro1255,-6.262266628531683,15.201452615522062
czec1258,indo1319,-8.237323914098,26.04135568047532
daai1236,sino1245,-3.541917162620054,4.226676561346167
daas1238,afro1255,-1.7198537342838698,2.4212362465944004
dadi1250,tebe1251,-3.2877864902160034,10.35758286118153
dagb1246,atla1278,0.8333146038560688,1.836116522373164
dagi1241,narr1279,3.2839474789508483,6.870775273291951
daur1238,mong1349,-8.063476255053756,29.264177620750456
daha1245,afro1255,-0.6592162329706444,2.334076232570752
daka1243,aust1307,2.8052845131395543,1.313741651176592
damp1237,aust1307,-2.780030271456334,3.641714861194643
dana1252,aust1305,4.007482509621724,3.051609891107347
dand1238,drav1251,-8.35051435436439,23.052004530962108
dani1285,indo1319,-8.249985296426525,26.379912363678358
dara1250,indo1319,-8.73141757112668,22.297422684501896
darm1243,sino1245,-7.508000502856404,14.525431803974598
daww1239,nada1235,-8.13838354407898,29.491094778171306
dawr1236,gong1255,-5.636066342937088,8.180624080570148
daza1242,saha1256,-1.9724040246076864,4.848694872232628
dege1246,atla1278,0.871647701576773,1.5255905576021789
dera1245,sena1264,-3.6913849384914776,11.64055212219527
dera1248,afro1255,1.5616852142663102,1.889259537472064
desa1247,tuca1253,-9.01094138197048,28.91100071846639
dhao1237,aust1307,1.4375565888522548,2.00554487607058
dhar1247,pama1250,-7.273245911021905,17.647270635516932
dhim1246,sino1245,-7.403178277412739,9.39726543151972
dhuw1249,pama1250,-3.7228365084217216,6.956861186337122
dier1241,pama1250,-6.674881485428365,15.35324766185953
digo1243,atla1278,3.638421735296785,4.639344797724128
dima1251,sino1245,-6.242011573934944,5.173464070759376
djee1236,mani1293,-4.58717292169334,14.598636737688777
djeo1235,nucl1710,-9.000824025580808,29.422433689334973
djin1253,pama1250,-3.581291688087205,6.738660312938194
dobu1241,aust1307,-1.4170696465153485,1.283100396457872
domm1246,nucl1709,-3.0909806406261118,2.362027310727658
doma1260,indo1319,-8.386231294615483,26.16515212482053
dong1285,mong1349,-6.603982433241471,22.51609837461854
doro1266,manu1261,-4.772903907137751,13.66043837931523
drun1238,sino1245,-3.631188528295115,3.887016688978374
chug1252,sino1245,-6.782836544476647,7.48943135149139
dumb1241,aust1307,-2.552667336134368,3.001673346239748
dumi1241,sino1245,-7.541789119111761,10.44251166869531
dupa1235,aust1307,-5.6315574359785625,7.885912072021178
duru1236,drav1251,-8.326490479260764,22.17607959210687
dusn1237,aust1307,0.5466565135873402,1.5806917246035963
dutc1256,indo1319,-8.231662001231285,26.107391309042555
dyir1250,pama1250,-4.666982243665799,8.167884477046343
dzao1238,hmon1336,-8.182968336587498,20.25981761740296
dzon1239,sino1245,-7.278267783016612,9.2611872397616
east2443,aust1307,3.150229265678014,1.6415327900793386
tang1336,sino1245,-5.462812500217311,4.694250573903339
nucl1235,indo1319,-8.158827311650478,24.72447464175185
east2379,pama1250,-5.106369109799468,12.2801293581096
sout2896,aust1307,2.076722754345976,1.7573497452453886
east2555,tupi1275,-8.957088144401393,29.97295638324565
east2332,aust1305,-0.5005149239519593,1.7395221860302286
east2563,aust1307,-2.9537898014413315,3.62308779667142
east2690,afro1255,-5.744398392125309,14.192685846115785
east2556,otom1299,-7.758121920712039,24.668515067892496
east1236,aust1305,-1.7035446854825755,1.936680025178223
east2342,sino1245,1.114299139809983,2.026040947692472
east2782,atla1278,3.628223903604456,5.962726831823485
east2328,ural1272,-8.132564327268343,27.98338849085916
east2773,sino1245,-7.573029682950193,10.859945065226968
panj1256,indo1319,-8.48985587057497,25.3604897743518
east2485,aust1307,-2.174415477021155,2.3354707070348155
fina1242,aust1307,-6.517763603943868,7.227814338048873
east2447,aust1307,-1.0849878373935482,3.0855416563869795
east2516,nucl1709,-3.783584132979586,2.9054649579580385
east2440,aust1307,2.310309617110182,3.4344366476601493
huaa1248,tuuu1241,1.4284284671054053,4.973625268319889
wall1257,aust1307,0.9382147112662782,2.755846650533869
egyp1253,afro1255,-4.973872674302188,13.659309522562634
eipo1242,nucl1709,-4.413864194062317,4.071975860011754
ekar1243,nucl1709,-3.4188749394557085,3.615925391016969
elem1253,atla1278,0.0510107976430056,0.9939160269144552
emae1237,aust1307,3.366514538967584,1.6900817011759983
emai1241,atla1278,2.044176532935189,1.87295094409982
embe1260,choc1280,-8.944198402190741,29.714991048410603
embe1262,choc1280,-8.935187139648725,29.6699558516532
stan1293,indo1319,-8.228780355512159,26.186362858486024
enuu1235,sino1245,-1.7334749376448109,1.676883951960917
epen1239,choc1280,-8.965187029867296,29.704166430484765
ersu1241,sino1245,-1.1756831142765494,2.2225040712123167
erzy1239,ural1272,-8.131310160413658,27.92592570456466
esan1238,atla1278,2.038611841759417,2.070530339742632
esee1248,pano1259,-9.008042154706008,29.11904959437527
esim1238,atla1278,2.909132900228549,1.5147083665196206
esto1258,ural1272,-8.133450466564144,27.75236999820159
eton1253,atla1278,2.238366944953521,2.058753911359112
even1260,tung1282,-8.024499450389266,29.75197593428823
even1259,tung1282,-7.994878529704677,29.722983707638363
ewee1241,atla1278,1.9034193219278157,2.0851313702303145
fare1241,atla1278,-0.0563783522582905,1.8002301231669833
faro1244,indo1319,-8.238857950028022,26.96404327037434
fasu1242,fasu1242,0.938379493033688,3.818747795294843
fiji1243,aust1307,-2.041812207227742,4.404925216611503
fili1244,aust1307,-5.3674461853424535,8.52756236048782
filo1235,toto1251,-8.522080446517244,27.280991125576207
finn1318,ural1272,-8.129270266509574,27.89582976947828
fipa1238,atla1278,2.083254916892052,3.137228371955228
fonn1241,atla1278,2.876376796801827,2.442692175448535
fore1265,ural1272,-8.09089040056197,28.71212501481847
fran1266,mixe1284,-8.60397184179159,28.348338403290875
stan1290,indo1319,-7.339671346469841,25.86137013893656
fuln1247,fuln1247,-8.674040444908142,30.614270511431062
furr1244,fura1235,1.7135568357610786,5.615649584295035
furu1242,cent2225,3.2040679038764424,5.421306980270373
futu1245,aust1307,-0.2484612556191017,1.7094433225973091
fuyu1242,fuyu1242,-4.733452988131044,13.854284865769143
gaam1241,east2386,1.6769925967116883,5.362695340474346
gaan1243,afro1255,2.698881722129228,1.931260126071344
gade1242,atla1278,4.013588262816105,3.3353846931618527
gaga1249,turk1311,-7.993983771033813,28.71354694477398
gale1259,nort2923,-1.1593337833758035,2.4987409798379687
gali1262,cari1283,-8.882873189398268,29.904642284363728
gali1258,indo1319,-8.055528010414404,26.224743497175908
galo1242,sino1245,-5.922928412004451,6.432615150949783
gamo1243,gong1255,-5.537531384285424,8.069324491353115
gand1255,atla1278,3.1298145771561803,3.6994697734883104
gang1267,tang1340,-5.493735840181365,18.36841254331019
gant1244,nucl1709,-4.5906512460811655,2.563515665053039
gapa1238,aust1307,-0.4182105949767667,1.1433672140194524
boht1238,afro1255,-6.56683613281549,15.38607671933849
gari1256,araw1281,-7.825240935536859,28.39158456226524
gata1239,aust1305,-4.933970859953139,10.05679303264391
gayo1244,aust1307,-2.653267658416833,4.505327841640696
geba1237,sino1245,1.422483518808697,2.0340712760174924
gebe1237,aust1307,2.7736784927034783,3.855033750278984
geda1237,aust1307,-1.5814640066738344,1.141645252505615
gela1263,aust1307,-2.8261929007600166,1.928830725300024
nucl1302,kart1248,-7.944782859403141,27.91857107990747
gese1240,aust1307,3.0007420158761318,4.172657045294248
ghad1239,afro1255,-4.822103019268831,13.528488936489872
ghan1242,aust1307,-2.185218186394229,1.8447605971858396
ghar1239,aust1307,-2.840037962017112,2.2311278445156653
gheg1238,indo1319,-8.160235264468197,25.500620850878807
ghom1257,afro1255,-5.118177399944186,14.541347160770025
gida1247,afro1255,2.890940386986792,2.2114689662848197
gilb1244,aust1307,-1.9846009912305207,5.498567810136088
gira1247,nucl1709,-5.281553568331043,2.206595058565384
gizr1240,east2503,-4.559798049110434,12.126285842789454
glav1244,afro1255,3.195008900271852,1.6634282133070997
gobu1238,atla1278,5.323063616407335,5.625549655935814
ghod1238,nakh1245,-8.06984987504091,25.097670524080915
goem1240,afro1255,1.7489966725907156,1.885323856295948
gofa1235,gong1255,-5.566101333568357,8.053691709359448
gogo1265,suki1244,-4.092202019546952,13.589906092334148
gola1255,atla1278,-0.1879274763563572,2.119011368092181
goon1238,buna1274,-5.69548195009213,22.34466636041163
pare1266,aust1305,-4.8709649678128,9.6153696065158
gras1249,koia1260,-5.235277498955506,11.07473693353792
guah1255,guah1252,-8.951165302780687,29.771705222303407
guat1253,guat1253,-8.084673347553613,30.0927023923256
gube1234,atla1278,2.1117320878119354,3.1379022136220023
gude1246,afro1255,2.662534365385984,1.7228932336941725
guer1243,otom1299,-7.917838224234127,23.74253269527744
guhu1244,nucl1709,-4.521890248418216,3.176828747451445
guiq1238,sino1245,-2.8820613353330358,3.355040013371479
gulf1241,afro1255,-5.712365354023745,14.260034675854094
guma1254,aust1307,-1.6465498336247668,1.452350900391533
gura1251,indo1319,-7.149099309397919,24.379810692567187
guru1261,sino1245,-7.565190217200723,10.638161295092477
guru1271,afro1255,2.070888440535839,1.7242571733539904
gusi1247,atla1278,4.712236657732539,4.952760878243424
gugu1255,pama1250,-3.168032131893203,5.759392011829512
kwam1249,koma1264,2.432312272128227,4.884953727323374
gyel1242,atla1278,0.404814360113761,1.6088801860478448
haaa1252,atla1278,-0.0391568171656775,2.252618242771355
hadi1240,afro1255,-3.900136092531647,3.930216584661
hadz1240,hadz1240,2.1762500246560155,6.779375351009243
haka1240,sino1245,-5.370256981047339,5.267480956887248
hakk1236,sino1245,-7.661934576048892,13.424563041125095
hala1252,aust1305,0.0999827528429726,1.267505354916711
halh1238,mong1349,-7.830423265606032,28.52242695320988
hali1244,aust1307,-1.751064728566468,1.6197862785741783
halk1245,sali1255,-7.7401512833656785,28.894652842776654
hame1242,sout2845,-2.826810905859178,8.719235124426174
hang1263,nduu1242,-3.514117140453653,6.812856758811073
hani1248,sino1245,-2.6777856327036016,2.6045904987155524
hano1246,aust1307,3.284533358265934,1.6990722525891186
haro1237,aust1307,-3.2769470371128917,3.458946173852169
haru1245,piaw1238,-4.057361171752901,10.264082228972832
hass1238,afro1255,-3.374798472942902,7.583657020368907
hata1243,hata1242,1.4678825984863462,4.70062583816518
haus1257,afro1255,1.4468225029435775,2.1244845953004976
nige1253,atla1278,5.401729549934712,3.795120478812997
hawa1245,aust1307,-3.817856346759539,12.648729804858457
sabu1255,aust1307,-0.2514730427399918,1.8737836672704768
hdii1240,afro1255,2.95461321396712,1.417861730779407
hehe1240,atla1278,1.9850145170885936,2.440119697641734
here1253,atla1278,2.224800772370948,5.046611101401297
hida1246,siou1252,-3.560586580568282,10.91569148411606
high1243,toto1251,-7.657046618775774,27.3215892589583
hind1269,indo1319,-8.574372069452847,24.504920214723217
hinu1240,nakh1245,-8.065460510072842,25.010818786751383
hixk1239,cari1283,-8.932965859976173,29.790365233533343
hlai1239,taik1256,-6.91420375333967,9.579783353485396
hler1235,sino1245,-2.1802066532258166,2.0985079580675894
hooo1248,aust1305,-4.947177632482802,8.980578514705094
hoav1238,aust1307,-1.723212890166411,1.3612439078181635
ainu1240,ainu1252,-8.050315638019079,30.157333682763387
holo1240,atla1278,-0.2656761674392971,2.255315410407899
hone1235,atla1278,4.54472003425051,2.822121498549258
honi1244,sino1245,-1.220607545502773,1.7046811080279909
hopi1249,utoa1244,-8.129835180234913,27.166864358093164
hote1245,aust1307,1.440390136819273,0.9744050115831442
hozo1236,maoo1243,-2.839500115049913,6.158564614962106
huuu1240,aust1305,-0.5282112383679198,1.2189049111272112
hual1241,quec1387,-9.000451260682684,29.45270169087601
huam1247,jiva1245,-8.999194127321084,29.71829500219758
huar1255,utoa1244,-8.307471619001102,27.000012076522022
huas1242,maya1287,-8.471277376847723,27.25447977538412
huba1236,afro1255,2.715712988356506,1.7521860281723605
huic1243,utoa1244,-8.502356870715191,27.00853108200884
hula1239,aust1307,-0.8389305583130131,1.3283998048398509
hula1244,afro1255,-5.8944364842518535,14.484647539903126
huli1244,nucl1709,-3.931097155811933,3.42030704294271
humb1243,song1307,2.66657643317866,4.375934933826024
hung1275,aust1305,-0.7594758589658861,2.039210354763348
hung1274,ural1272,-8.06799812233244,28.153925711137028
hunz1247,nakh1245,-8.057799809534952,24.93433385952637
hupd1244,nada1235,-8.999155648009483,29.36197570154523
hyam1245,atla1278,4.73494048440463,3.452320027182047
iaai1238,aust1307,-2.4900401705506914,2.1423782012946404
iatm1242,nduu1242,-4.232424645984775,7.243876726928139
ibal1244,aust1307,-5.652972289482025,7.305545197600402
iban1264,aust1307,-3.5365865849054146,5.214422253134849
iban1267,aust1307,-5.626485957336375,7.656443987291226
ibat1238,aust1307,-5.509156370597516,8.735171527590694
ibib1240,atla1278,0.8007509307969514,1.380064746541649
icel1247,indo1319,-7.383539139555329,27.08979826171801
idaa1241,aust1307,-4.260401038799685,4.828255105704905
idii1243,paho1240,-4.375342248944138,12.809200569256369
idum1241,sino1245,-5.625518490414976,7.363160897333348
idun1242,aust1307,-1.503105348377631,1.2031948270693107
nucl1417,atla1278,0.2678886174827593,1.0683661451288486
ikkk1242,kuli1252,1.8056512788408408,4.739945108548788
iliu1237,aust1307,2.2832267892704063,2.506032325334907
ilok1237,aust1307,-5.652267434555579,7.38933467898044
ilon1239,aust1307,-5.634775891525948,7.259119670457814
imba1240,quec1387,-8.977883922922569,29.541399834396834
imon1245,bord1247,-3.606376400550911,11.282089485900716
ingr1248,ural1272,-8.135034807155304,27.69404342878642
ingu1240,nakh1245,-8.07156903211449,25.425313510114727
alba1269,aust1307,-6.27226550411238,8.732046887732636
iqui1243,zapa1251,-8.997746952264624,29.639817459256708
iran1262,aust1307,-3.928833863601575,4.811866998301639
iraq1241,afro1255,2.2800187047192217,2.9296995032972437
irar1238,aust1307,0.997369936325054,1.8649819526451097
iris1253,indo1319,-7.367033033639807,26.377370366022674
irul1243,drav1251,-8.084753712473562,25.484670727061346
kris1246,skoo1245,-3.0344475920977816,9.474223698231777
isco1239,pano1259,-9.013908519858909,29.07895209578069
isin1239,aust1307,-5.68259596036935,7.185845668380786
isir1237,kwer1242,-3.211293171602316,7.702687710993437
isna1241,aust1307,-5.559788811802248,8.033886120146384
isth1240,utoa1244,-8.692248085658735,26.35374025811708
ital1282,indo1319,-7.29393682347381,25.514655801397964
iton1250,iton1250,-8.978365943522196,29.794752741198057
itza1241,maya1287,-7.809403063068732,26.723878403477283
iumi1238,hmon1336,-4.050771534568012,11.315293782020015
iwal1237,aust1307,1.355595965865465,1.1567220552028663
iwam1256,sepi1257,-2.3823097502267405,2.214890310678008
iyoo1238,nucl1709,-3.807714507212525,2.2520450888144765
jahh1242,aust1305,-3.663396560617847,4.202358770201226
jalk1242,mand1469,-1.3866010211039166,1.7939604333918808
jamb1236,aust1307,-4.525356789085514,9.716290878678834
djam1255,mirn1241,-3.7492578362814015,12.4288282956934
jams1239,dogo1299,-3.811820532052126,7.331278926171294
nucl1643,japo1237,-8.246430677559047,29.885426667191503
japh1234,sino1245,-4.303468804790548,5.129150418957927
jaqa1244,ayma1253,-8.969740157564331,29.86882885083706
jara1266,aust1307,-1.6971825461764611,2.3462244671979
java1254,aust1307,-4.432095590254452,9.296182352347024
jede1239,aust1305,-2.220960895806857,2.278261081550074
jeha1242,aust1305,-1.6147053336842907,1.988037743922327
jeru1240,sino1245,-7.5690113998885025,10.552791084775038
jina1244,afro1255,3.198324864450923,2.482768230240623
jjuu1238,atla1278,4.7581245673991575,3.565621930473636
juan1238,aust1305,-4.842934426115895,9.37706571050764
juku1254,atla1278,3.1049295592134385,1.9126939591007288
jurm1239,cent2225,2.2771200161254583,2.868172441563562
kaba1281,cent2225,3.453877079714344,4.99416880768371
kaba1278,abkh1242,-7.985123929672776,28.294649879885892
kado1242,sino1245,-2.544630765649224,2.083109290108304
kafa1242,gong1255,-5.34489959625274,8.109222878772655
kaga1256,aust1307,-5.971569779324593,8.503420695815159
kagu1239,atla1278,3.535731283492348,3.525296957475401
kaik1246,sino1245,-7.573413141179602,13.061847439054024
kair1263,aust1307,0.3096139590231939,1.6330890042293191
kaki1249,kaki1249,-4.124119712813894,12.807685619182712
cacu1241,kaku1242,-8.144232343759393,29.470312350582734
kala1399,eski1264,-7.7760578383409245,30.347810021688836
kala1388,aust1307,-5.015687784468775,6.2715698289156805
kala1377,pama1250,-3.766846919591229,6.459933354548603
kala1384,atla1278,2.1088563580629227,3.5714337480217644
kali1308,sali1255,-8.382559366921265,28.506101173006893
kamm1249,atla1278,2.8658239075755407,2.07629950143928
kama1367,nucl1708,-0.6967224182218601,1.8357772446268257
kamb1316,afro1255,-3.1100118512648462,3.8030680565920743
kamb1297,atla1278,4.711662978322526,4.720225746782017
kamb1299,aust1307,-1.6564921246933515,2.707739227630462
kamo1255,nucl1709,-3.496192086780453,3.9806606179591455
kamu1260,kamu1264,-3.2185176982775063,10.521979864470984
kana1286,aust1307,-5.0274178115547405,8.899855920444587
kani1286,nucl1709,-3.842673830358901,2.454032149623892
kank1243,aust1307,-5.633082189910351,7.32395993657903
nucl1305,drav1251,-8.110348569417427,25.844260866748986
bidy1244,atla1278,2.630284220565386,3.414781879837392
kapi1249,aust1307,0.6480300265877439,2.760473145605637
kaqc1270,maya1287,-8.716017469700263,26.567683186614342
kara1482,cent2225,2.4178190454314183,4.405300900098148
kara1476,pama1250,-4.866209443586342,12.25874698024067
kara1500,nucl1710,-8.045541174996261,29.80414223456034
kara1487,aust1307,-5.675214643295584,7.156217841601688
kara1486,aust1307,0.1859639537883435,1.079708369338903
kare1338,atla1278,4.940148875986058,4.806838795160083
kare1335,ural1272,-8.128032854718281,27.93095627181277
kari1306,atla1278,4.412968971520506,5.1127268466937394
kari1311,tupi1275,-9.03566920635668,29.605857850697117
kark1258,pauw1244,-3.654551863720665,11.458202254358916
karn1252,aust1307,2.2548815504391,1.462184746072019
kash1277,indo1319,-8.405315896024614,25.933973653508826
newa1246,sino1245,-7.592058927069689,11.296435300446628
kats1235,sino1245,-2.6462253419330857,2.529824341093871
kana1291,katu1274,-8.144418526840834,29.705034897617697
kava1241,aust1307,-4.853858845626754,10.001838167958663
kaya1315,sino1245,1.5834876062440737,1.9542818910061504
kaya1319,tang1340,-5.312706355239479,17.92503790930738
keap1239,aust1307,-1.1116070774967497,1.4887126179355905
keda1252,aust1307,2.019629462823048,1.8119287581347656
kera1248,atla1278,3.023935642261069,2.859889151482996
keig1242,kadu1256,2.5021797520234887,8.060111097364285
kele1255,atla1278,2.399351676887182,3.1716232094833288
kele1258,aust1307,0.8382727275113204,1.088546334789136
keng1240,cent2225,1.687032712187916,3.0610504994236614
kens1248,aust1305,-0.3965903209115788,1.7795739260098884
kenu1236,nubi1251,-4.653976995702847,21.303624922099505
keoo1238,aust1307,0.5494549346302815,1.8196765592483857
kera1255,afro1255,3.1289152474218707,2.6126334474611674
keri1250,aust1307,-4.543802187939948,9.107834752099189
kesa1244,nucl1709,-4.661256821334107,2.276467218788323
kett1243,yeni1252,-7.9748380744804575,30.164532319972963
kgal1244,atla1278,2.9656104034378536,5.460070659504051
khak1248,turk1311,-7.894972525242183,29.042792318477296
khal1275,sino1245,-7.491486291980957,10.123494742383476
kham1282,sino1245,-6.803693031892875,12.063163978004525
khan1278,atla1278,-0.1053317021120125,1.0577345771346174
khan1274,aust1305,-0.4584611973355121,1.7296303769340715
khar1287,aust1305,-5.091547966006692,9.674984166834882
khas1269,aust1305,-3.4622800365471367,4.866992937016782
khez1235,sino1245,-5.725208795632302,4.940273171910391
khin1240,nakh1245,-8.022102370462989,25.32818263679947
khmu1256,aust1305,1.253378816858664,1.9146670503154863
guan1266,sino1245,-3.959934085416404,4.431785810227154
khum1248,sino1245,-5.259569525502434,5.1807325382606
khva1239,nakh1245,-8.06238800235925,24.95029398503229
kich1262,maya1287,-7.872185919617586,26.51640038290003
kiku1240,atla1278,4.916815501885509,4.551072859073795
kile1243,tung1282,-8.088771673710568,29.214365772167643
kima1246,kolo1268,-4.276233035882128,11.207447014787633
kima1244,aust1307,-4.983137704888119,4.136717577004667
kimm1245,hmon1336,-4.889487543109867,11.886118967651832
kina1250,aust1307,-5.27397787226288,8.241527879724437
kinn1249,sino1245,-7.420184954035305,15.600908671757145
kiow1266,kiow1265,-6.739689064879062,27.4576839639101
kips1239,nilo1247,5.072539427837027,7.339872213565663
kelo1247,timo1261,-3.155329587507348,5.845423680015035
miju1243,sino1245,-4.757214932450654,5.34285378624238
kobo1249,nucl1709,-4.496047806047254,2.701630481695517
koda1255,drav1251,-8.080784667033639,25.92267585729332
koho1244,aust1305,-2.534496398893208,2.6771817206670896
koir1240,sino1245,-5.644319008716569,4.777748616660411
koit1244,koia1260,-5.448128813556007,11.32914147756113
koka1244,pama1250,-6.858161897993519,16.357131614898577
koko1269,aust1307,-3.224180784929624,2.2402415629274444
kola1285,aust1307,1.5765480600767106,3.214111050271505
kolb1240,atla1278,3.334132343240473,3.182684300558876
kolc1235,atla1278,3.1984821493336177,3.219330040295926
kolp1236,kolp1236,1.2940712106166004,4.2864141067897705
kolu1245,aust1307,-1.5956975977589876,1.1473512685195573
komb1274,nucl1709,-4.551661914259644,4.765492838033666
komc1235,atla1278,2.2406792399217643,1.052273402207291
komi1270,sino1245,-4.414842062963116,4.644234106363285
komi1269,ural1272,-8.118194061266218,28.356148393332205
komi1268,ural1272,-8.106886262915262,28.482903355058745
kona1242,east2433,-3.580804890824305,11.67529043852484
konk1267,indo1319,-8.330796634937794,25.42718661022152
kony1248,sino1245,-5.53645063709773,5.296791639367356
koon1245,atla1278,3.543715708593803,3.9929237275158016
koor1239,gong1255,-5.576970921835703,8.795382159598176
kora1294,nucl1709,-5.200742715113126,3.436355833731561
kore1280,kore1284,-8.206115982798996,29.87165001675363
kore1283,tuca1253,-9.004527579660822,29.26406670309868
kork1243,aust1305,-5.065859021479402,13.488891711474071
koro1298,atla1278,1.3674514566006517,2.4299691306741664
koro1312,nucl1709,-4.521668937152445,4.5175166149836485
korr1238,drav1251,-8.102600404132208,26.09274537797785
kosa1249,nucl1709,-4.349031751090608,4.177255047357093
kosr1238,aust1307,-0.5548499251814789,2.7184996878965286
kota1263,drav1251,-8.049510356783733,25.760385100912597
koti1238,atla1278,2.965118728152341,5.487261810012349
guan1269,tuca1253,-9.00919282028348,28.93763380028101
kova1243,nucl1709,-2.123980006266275,2.316415706124758
kove1237,aust1307,2.4918469938955905,1.832011817422714
koya1251,drav1251,-8.272529681850584,23.45807086036362
koyr1242,song1307,2.6529988529818365,5.818965908793096
koyr1240,song1307,2.263277565978401,4.691393687034267
koys1242,afro1255,-6.300999749219367,14.852169864601947
kren1239,nucl1710,-8.846562177806572,30.180362721305908
gbay1288,kres1240,-2.1674003257558327,4.726142296680024
ngeq1245,aust1305,-0.225428220565707,1.2053828697829196
kryt1240,nakh1245,-8.020966679650398,25.377114058474397
puoc1238,aust1305,0.3804043488147464,1.7887186583182313
kuan1248,aust1307,-1.14258293144926,1.1389115126846896
kuii1252,drav1251,-8.27478246932067,21.65548737836815
kuik1246,cari1283,-8.923402504573257,29.930455170237583
kuku1280,pama1250,-0.9623398171096448,1.9430086860368332
kuku1273,pama1250,-4.2925489998110695,6.753182057174087
kulo1237,aust1307,-5.919765830712813,9.1374457016838
fait1240,nucl1709,-4.631241100110898,2.267237060330896
kuma1280,nucl1709,-2.7316494882379407,2.278183115705481
kumb1268,pama1250,-6.97292556054478,17.617202603039317
kumz1235,indo1319,-6.503745945488708,25.327488855322475
kuna1268,kuna1268,-4.044373417011188,15.073195967469555
kunb1251,gunw1250,-4.61372731397963,13.041973805180142
kuni1267,kuni1270,-4.610742407746513,9.306345244813537
kuot1243,kuot1243,-3.7416014898607743,11.183249619370416
kurt1248,sino1245,-7.065620752210523,8.435896801659773
kusa1251,aust1307,-1.6336168247791871,1.424186022185097
kusu1250,kusu1250,-8.454194835049172,26.21678689082249
kute1248,atla1278,3.1677893798031675,1.8538736500842816
kuyy1240,aust1305,2.792513669675889,3.0970577129135606
kwai1243,aust1307,-2.1339564888547398,1.4901676531054378
kwam1252,aust1307,1.8260790440056205,1.163073950459072
kwar1239,aust1307,-2.357254622144599,1.4903951912155158
kwaz1243,kwaz1243,-8.950383669585944,30.00106962146086
kweg1241,surm1244,0.2234000086385794,2.062015430483875
nucl1595,kwer1242,-3.2989449603085976,7.801935196246305
kwin1241,worr1236,-4.095635746300664,14.903141048513548
kwom1262,sepi1257,-1.5916999485413657,1.6497778127355822
nucl1593,kwom1263,-3.475977666063652,10.726512915246609
kxoe1243,khoe1240,-5.582936601775243,15.57717124734545
kyer1238,sino1245,-7.574460471249255,11.575415062724218
cori1240,atla1278,4.805347603802746,3.3779608248485573
laal1242,laal1242,2.306400209696889,7.185169348019727
labe1239,aust1307,-1.644405892003058,1.4202412047780513
labu1248,aust1307,1.4529204384539884,0.9255182949831138
labu1249,aust1307,-4.896054806449998,4.119210001269426
lach1248,taik1256,-3.010830252962693,4.625690124409189
lagw1237,afro1255,3.141050473165468,2.595833721449864
zaye1235,sino1245,1.1727896913239917,1.9838980698469832
lahu1253,sino1245,-2.5965535996382263,2.0751171774238024
lahu1252,sino1245,-3.1410410622100144,2.163174294592721
laiy1246,aust1307,-2.2500758999151014,2.638148278142729
lakk1252,nakh1245,-8.05484679760477,25.07338520226027
lala1268,aust1307,-1.8562917157881005,1.6099555301894206
lama1277,aust1307,1.633246154763242,1.6550719165388583
lama1288,afro1255,3.064698649689099,1.4986084417373
lamb1272,atla1278,0.7039288995313768,1.8888752733668213
lame1260,aust1307,2.77786641598249,1.364865152828845
hela1238,sino1245,-7.579340431392557,11.25791794410604
lamk1238,sino1245,-5.073418145295342,4.7044600204591305
lamo1244,aust1307,2.658967865182268,1.8574207055339544
land1256,atla1278,0.7090988669641334,1.6465260895834035
lang1324,nilo1247,3.498267308553773,5.835277624307164
laoo1244,taik1256,-1.5819791270459111,3.511988110912874
lard1243,tang1340,-5.113895723323113,17.717445309393696
lash1243,sino1245,-2.7071543294754434,2.417388094275473
teke1275,atla1278,3.940040072297535,5.682617787721284
latv1249,indo1319,-8.281769212405354,26.483259391561518
lauu1247,aust1307,-2.1158966363646465,1.691841719119143
lave1248,aust1305,1.5191573229890736,1.515956413408567
lavu1241,lavu1241,-6.8310912670579205,16.343010690002718
lazz1240,kart1248,-7.929631123099535,28.227282155122584
lega1250,atla1278,1.341652585551827,2.752129660579513
lele1276,afro1255,2.1047054716477067,2.881830949692006
lele1267,aust1307,2.921570622718974,1.6873487480817104
lele1270,aust1307,1.1090119180460487,1.1308772632323922
lemb1266,nucl1709,-4.266722401007555,2.930861168396806
leme1238,aust1307,3.5622139090962257,2.779608786414819
bela1260,aust1307,-1.4574567127456923,2.072694515046077
lena1238,aust1307,1.8832032002544548,1.1602434455483674
lend1245,cent2225,-1.57826619645677,1.9979517855526157
leng1259,aust1307,-3.485715727661338,1.8518612164128851
lepc1244,sino1245,-7.3924411156869105,9.5532928120041
lese1243,cent2225,0.2335330538318949,1.7815147096233233
leti1246,aust1307,3.792387386001552,3.425697263867395
lewo1242,aust1307,2.7220343475294104,1.5197200720351525
lewo1244,aust1307,1.694358105431956,1.69569120841728
lezg1247,nakh1245,-8.033310429177632,25.2636050600459
libi1244,atla1278,5.108720491793697,5.084305685806655
liby1240,afro1255,-3.5166226338433333,8.973388157613037
lihi1237,aust1307,-2.005537547430735,1.724889587337099
liji1238,atla1278,4.428230947792329,3.0846328166971944
lika1243,atla1278,3.466081774134887,3.2358531725480084
lill1248,sali1255,-7.741942755726003,28.90219548030931
limb1266,sino1245,-7.459532863456356,9.923330724268617
nucl1327,limi1242,-3.2407178578949303,11.299562675490666
lipo1242,sino1245,-2.161473883042784,1.869834384521706
lish1245,afro1255,-7.162070344663291,14.871402393382828
lisu1250,sino1245,-2.586449848492164,2.5283342601828167
lith1251,indo1319,-8.27794710641754,26.4194556398008
lito1235,atla1278,5.1960223475733045,5.147353909783046
livv1243,ural1272,-8.13486045435335,27.70876143185651
loba1239,atla1278,5.095764065400131,5.285464418451067
logo1259,cent2225,-1.4757070094782223,1.8379344132292417
balo1261,atla1278,4.895233074507347,5.443983510820601
loka1252,atla1278,0.8082537389123221,1.4604445944741222
araw1276,araw1281,-8.944787211598985,29.218945556569118
lolo1259,sino1245,-2.092107162407894,1.9415266728377036
loma1260,mand1469,0.3932538073818481,1.62894399296556
lomb1257,indo1319,-8.181023595100468,25.712849164863336
chiq1248,chiq1253,-8.955376983941427,30.073124040786144
acha1249,sino1245,-3.264423381293187,2.5228708530142114
long1395,aust1307,-2.270541617247506,1.76088984946486
loni1238,aust1307,1.2211666888111328,1.2408575430045303
lote1237,aust1307,1.161857904684501,1.4509774052033038
loth1237,sino1245,-5.947052672106243,5.215298891959414
lotu1250,aust1307,-3.659588305532197,3.206290352506116
louu1245,aust1307,1.2554309055812762,1.2882409508015442
vano1237,aust1307,3.843252613966202,3.941481716591412
lowl1260,tequ1244,-8.652288619601505,28.151282955638266
lowl1265,utoa1244,-8.307213246065695,26.979417627270927
lozi1239,atla1278,-0.8113041506748111,2.635011800835855
luan1263,aust1307,3.0279181065338427,3.5787013317152514
onto1237,aust1307,0.7502914407386658,2.573484566991489
lubu1243,aust1307,-5.638060392274154,7.42172614931432
luch1239,atla1278,-1.3129616854229835,2.8709065259832443
ludi1246,ural1272,-8.130152438227523,27.90447044121938
lugb1240,cent2225,-1.6972097098502363,2.010231691498298
lugu1238,atla1278,3.029766822178132,3.401206367366328
lule1254,ural1272,-8.119668587176363,28.117567140709472
lumb1249,atla1278,2.5249845408709746,4.711175506431918
lumu1239,narr1279,3.277406480380984,6.520936462757028
lund1266,atla1278,1.726478436116313,3.738394615401333
lund1271,aust1307,-2.682840523236524,2.7093463711548367
luok1236,nilo1247,4.896537970272938,7.537347971001552
luse1252,atla1278,4.733774032276944,5.755811108003549
lusi1240,aust1307,2.869899520798805,1.702346975859104
luya1241,atla1278,-1.5311419158409103,2.921344585014932
maan1238,aust1307,-2.9628837372249075,5.883397022226959
maas1239,atla1278,1.2271807074706516,1.6503964188731215
maba1270,atla1278,4.780237885386253,5.024997314076042
maba1277,maba1274,-2.7431570632353823,7.3100699286531
maca1259,guah1252,-8.115270547191137,29.72919016688424
mace1250,indo1319,-8.146176362183404,25.44592723582422
mach1267,araw1281,-9.05089942707625,28.332734966290204
maco1239,sali1297,-8.958301930876196,29.93671621864504
macu1260,tuca1253,-8.162652502308317,28.8989133528264
macu1259,cari1283,-8.930555092820768,29.7267735259025
mada1285,aust1307,-0.9175089639055348,1.1287498374825162
madi1260,cent2225,-1.052773315340942,2.210129685534447
madn1237,east2374,-3.0241322181630874,9.995216774328432
nucl1460,aust1307,-3.952546062481119,7.957543245642292
mafe1237,aust1307,3.521855709492049,1.6614954873747507
maga1260,indo1319,-8.688389412309647,21.03443519480997
magd1235,otom1299,-7.941627433459701,23.504165084590493
maia1254,nucl1709,-5.384725905683129,2.805897169151681
mail1248,mail1249,-3.785089852792889,11.874265834727328
nucl1594,mair1253,-3.274135382840204,10.416685266509871
mais1250,aust1307,-1.257064749585984,1.778696853570331
mait1250,indo1319,-8.690601372994998,20.9221086258219
maja1242,surm1244,-0.5204745257775727,2.0942127447935945
maka1304,atla1278,3.361327631087041,3.3213305588703754
maka1311,aust1307,-2.4743358549605112,2.9298739400838585
makc1235,taik1256,-5.609783381796737,8.477433170674992
makh1264,atla1278,3.055824855496457,4.722570171208979
makh1266,atla1278,2.8910503916497223,4.280150173521978
mako1251,atla1278,1.96235146172314,2.685398937505824
makw1236,atla1278,1.852691507864616,2.728500806041545
mala1463,drav1251,-8.038151268820112,26.52180137877066
mala1534,aust1307,-5.596809247306679,7.717218773655084
mala1464,drav1251,-8.027544038077853,26.335395709106614
mala1522,chib1249,-8.962150675969605,29.134917786559186
male1284,gong1255,-5.253356536297466,7.825469675839084
male1297,chib1249,-8.708821693903971,28.73377822409108
male1289,aust1307,2.726174001559276,1.6734885514980888
malg1251,afro1255,3.310344226153486,2.3724179478743537
mali1284,bain1263,0.7376056007006806,3.5191743618167983
mali1285,otom1299,-7.904581491548183,23.898946891763856
malt1254,afro1255,-6.277955404760785,16.157099258663184
malu1245,aust1307,3.4650700792499265,1.3800073890494176
mamm1241,maya1287,-7.871080487572131,26.385980616024646
sauk1252,nucl1709,-3.3794839032145845,1.9834044702817373
mama1275,aust1307,-4.762214093082175,8.102022466475141
mamb1306,aust1307,0.9185203934561824,1.631192608022726
mamb1294,atla1278,5.755175832112569,3.096555449510543
mamb1296,atla1278,2.088180036160676,3.053909408619724
mamv1243,cent2225,-0.8853538383574389,1.8556493794255928
mana1295,aust1307,-1.1262155044993092,1.737614261129309
mana1298,nduu1242,-3.5728639187673794,6.944407100128377
mana1288,sino1245,-7.581606254312527,12.486885327397378
payn1244,nucl1709,-5.017103896367949,2.657849828002462
mand1440,aust1307,-0.0114906486339707,1.2915427433840565
mand1415,sino1245,-6.969493129833911,17.13337079775966
mand1436,mand1469,0.9813331708300784,2.4882936662651467
mang1378,aust1305,0.4174459680767626,1.347486303296158
rapa1245,aust1307,-2.8293050002561504,8.487748480555101
mang1401,aust1307,0.7142923533058649,3.536882533651827
mang1381,mang1423,-4.826638449455706,17.71521485494713
mang1394,cent2225,1.1558360884583028,2.0779391292986027
mang1404,aust1307,1.4002326245041488,0.8977696538664262
mang1405,aust1307,-1.4800270120433527,2.3443938925558285
mang1403,aust1307,1.3273953052449663,1.454696180564131
moni1237,otom1299,-7.936330966439443,27.229757599518244
tong1308,aust1305,-0.4546056125330322,2.0290765024042656
manm1238,aust1305,-0.4859552926894066,1.23385729605765
mann1248,mand1469,-1.0467722564628126,2.256489979242442
manu1258,aust1307,3.371757946888588,3.802738663894676
maon1241,taik1256,-4.9572734091647135,8.554203210361454
maor1246,aust1307,-4.3915420113130805,13.964714543580584
mapo1242,aust1307,1.1782331777965478,0.8530939484723312
mapu1245,arau1255,-8.878316682006098,30.689796605657293
mara1382,sino1245,-4.838677840985255,5.123915666176714
mara1399,aust1307,3.4474645912751782,1.2495704533660614
mara1379,sino1245,-5.692422598787971,4.835020485258244
mara1386,west2434,-0.5463470118710276,2.020656447016613
mara1378,indo1319,-8.422415425414972,24.63388253603778
marg1265,afro1255,2.913715618351114,1.9051246285670016
mari1414,drav1251,-8.402113415238148,23.97254517243941
mari1440,coch1271,-8.173833700201518,29.428065719718404
mari1428,aust1307,-1.282194317511479,1.249904746785159
nucl1622,anim1240,-4.131229001764174,14.813591567236408
mari1416,sino1245,-5.28865750852264,4.692438475720472
maro1244,aust1307,-1.7708972203600464,1.5520228487629737
mars1254,aust1307,1.2266100180611268,3.896431130459224
mart1255,pama1250,-6.190222814933195,16.200001083572754
maru1249,sino1245,-1.61573312276548,1.903456853242304
masa1322,afro1255,3.072085625098236,2.6957093704272097
masb1238,aust1307,-6.190997936400253,8.600335564827361
mask1242,aust1307,3.3275631366158223,1.271155386833172
matb1237,aust1307,3.133747162196194,3.769097546768421
kemb1249,aust1307,-4.15668572285148,6.027855785974836
mati1250,aust1307,-4.503962887639988,6.580623695422446
mato1252,aust1307,0.1764234668982318,1.0733069846906034
matu1261,aust1307,-1.6381416430355005,1.2947264174486008
matu1259,atla1278,1.7561795806697766,2.7049693767249003
maun1240,iwai1246,-4.200448934257175,15.256275929458408
maxa1247,nucl1710,-8.832660613412404,30.169813755395158
maya1285,misu1242,-8.642924702066114,29.429848669380533
maib1239,mayb1237,-2.2994594357244558,6.999606996360036
mayo1264,utoa1244,-8.400561628332573,27.2001292028707
mayo1261,atla1278,3.4359373518241494,3.3479315232357223
maza1304,afro1255,2.767536366382643,1.7306786450012837
mbaa1245,atla1278,0.485309855823651,2.256752821813997
mban1263,atla1278,5.311641726694994,5.487665013586611
mbar1260,afro1255,2.953771957184836,2.775860830987128
mbay1241,cent2225,3.624112028216461,4.309997307897085
mboc1235,atla1278,1.1038952794188075,1.2953748704915211
mbol1247,atla1278,2.6793387881391446,3.97456297607328
mbug1242,atla1278,5.3571930045936895,3.931948463244421
mbul1263,aust1307,2.37322435203291,1.515880811792698
mbya1239,tupi1275,-8.91292686622346,30.27898892204723
meen1242,surm1244,-0.899597202807441,2.065402781795413
meke1243,aust1307,-1.145210732135312,1.5379584311992716
mele1250,aust1307,2.048866706557172,1.635105250784548
melo1242,gong1255,-5.432515180869153,7.983885585374516
melp1238,nucl1709,-3.992229019638679,2.64771162581998
mend1268,sepi1257,-1.6904830782947124,1.8651646250797749
mend1266,mand1469,-1.209166468695802,2.1430910999209694
meng1267,aust1307,1.0148406980554832,1.4831952061663536
meny1245,anga1289,-0.653525227808684,2.12313176039725
mere1242,aust1307,2.65353321598044,1.9380941553353104
meri1244,east2503,-4.646729223983907,12.715557420397356
meru1245,atla1278,4.444866067301781,4.370766735957947
meta1238,atla1278,2.2844191018653834,1.4483728105927651
meya1236,east1459,2.240239131774146,4.160256669652259
mezo1235,otom1299,-7.880215228045282,23.69090793026332
mezq1235,otom1299,-8.621615021295806,24.936176145375825
mian1256,nucl1709,-4.1036191333628,3.444363673852205
midd1327,aust1307,1.2881240098252924,1.1000876184680664
mids1243,atla1278,4.911933944232002,5.787902916800324
mikm1235,algi1248,-8.586903906268418,29.588962112417324
mila1245,sino1245,-5.751922131395152,6.6599579961027615
mina1276,afro1255,2.824059465484707,1.5867414580781514
mina1268,aust1307,-4.510802386723924,8.473512046500545
mini1256,huit1251,-8.151575478879305,29.472680682639066
mini1251,aust1307,-0.9716211606053218,1.1673376807064884
minn1241,sino1245,-7.249947523661575,12.859135389766085
misi1243,aust1307,0.7386906982935741,1.9800672329084816
misk1235,misu1242,-8.62492908258796,29.45849968075846
mixt1426,otom1299,-7.936401993145405,23.833236418695325
miya1266,afro1255,1.6100602881140968,1.787086099451006
miya1259,japo1237,-9.164551541104862,26.63787842535142
lush1249,sino1245,-5.360094586505644,5.427917146301752
mlab1235,aust1305,1.6008330013634955,2.2233204120323364
moba1244,atla1278,1.3309149055752345,2.288622890294995
moch1257,maya1287,-7.862794300119095,26.23502924744031
moco1246,guai1249,-8.89528050308179,30.475766591868357
mode1248,indo1319,-7.204978182577824,25.373080666944688
hebr1245,afro1255,-5.894326124086786,14.34947072972884
moha1258,iroq1247,-8.266399641689667,30.04587714494561
moii1235,west1493,-2.1810043966158963,6.710992661122461
moke1242,aust1307,2.370405450403952,4.206746884055754
moki1238,aust1307,0.7765576002037076,2.2230876534884487
mokl1243,aust1307,0.986326649518258,2.448239087613402
mokp1239,atla1278,0.840024646640952,1.36401060527853
moks1248,ural1272,-8.129645355932377,28.002390908380885
nucl1452,momb1255,-4.021048138243022,14.689990705275576
fass1245,baib1250,-3.368846982842091,10.39548237073933
mong1338,atla1278,4.014022580999782,6.228711019450408
mono1273,aust1307,-1.3356147414650232,1.9757340206187592
mono1270,atla1278,5.340386005417498,5.50257000235441
mono1275,utoa1244,-8.551337244612334,28.17106006750579
monz1249,atla1278,5.210952315356858,5.497815517994191
mopa1243,maya1287,-7.795994009469611,26.86823790227705
mori1268,aust1307,-1.941836788404028,2.2607697900689168
morm1235,aust1307,1.3732850942685495,2.001307091728009
moro1285,heib1242,3.3293201506741763,6.736914979976678
mort1237,aust1307,-2.161755167745306,4.290356640679118
mose1249,mose1249,-8.97870908610995,29.864024408275707
temb1272,atla1278,4.887561434620578,5.099621585488464
motu1246,aust1307,-1.5071149249074989,1.515494319491836
mouk1239,aust1307,2.83810336985934,1.7208940736818654
moun1252,koia1260,-5.253063622441393,11.249519829129373
movi1243,movi1243,-8.131744264184395,29.663649834132723
mpad1242,afro1255,2.9674883857252503,2.9785072109804425
mpii1239,sino1245,-0.9278212129453838,2.31376363059929
mpot1240,atla1278,2.2193137555364792,3.2131122246986266
mpur1239,mpur1239,1.587355854949763,4.997120031399106
mual1241,aust1307,-4.081256567150369,6.226835388161046
mudu1242,aust1307,2.159037566567637,2.162226613373086
mudu1239,drav1251,-8.049666134041704,25.92113475740593
mull1237,nort1547,-3.50183817994916,11.87856451076292
nucl1240,atla1278,2.6654185387439213,2.2189118696715084
muna1247,aust1307,-1.7043699613454235,2.249070342170011
munc1235,sino1245,-2.6380917431454955,3.947480850835042
mund1328,atla1278,2.761976305729512,1.2688506312952157
mund1325,atla1278,6.042433556585703,3.183223787847595
mund1320,aust1305,-5.002748623567827,9.30838634770022
mund1326,atla1278,2.208274566995387,2.5785707676302856
mund1330,tupi1275,-8.970313749770664,29.910202750325123
abar1238,atla1278,2.78814043032212,1.2643030310192422
murl1244,surm1244,1.3755019734222458,2.5054711256103417
murr1258,sout2772,1.1445400386513285,4.238710740442375
muru1274,huit1251,-8.983590460512024,29.515364467689405
muso1238,aust1307,1.39067062562229,0.9977466585076122
muss1246,aust1307,-1.1301441740836689,2.331977297550303
muyu1244,aust1307,-1.1845863153657188,2.301501115177526
mwag1236,afro1255,2.4124669988741267,1.7821877433643358
mwan1250,mand1469,-0.3637269916324399,1.571596152320602
mwan1247,atla1278,2.5690329007492707,4.0772649438695865
mwer1248,atla1278,0.3625481812941444,1.9960008184684772
motl1237,aust1307,3.515801636739573,2.9463152445134426
naba1256,nucl1709,-3.0118920405900056,1.971605297518288
nade1244,nada1235,-9.00953216462597,29.633974845387343
sout2857,aust1307,1.7584181275394268,1.2874122203408334
naka1262,aust1307,1.475070520626721,1.413547602499758
nali1244,aust1307,0.3011399178874061,1.0598722266726526
nama1268,aust1307,2.5914214930350408,1.7843107276737769
litz1237,aust1307,2.556075724171832,1.1832987034071678
namb1293,more1255,-4.614110469924963,10.959581495245711
nami1256,sepi1257,-2.3260837582588243,1.9940065940862797
namu1246,sino1245,-2.1361254454493004,2.212057178225095
nana1257,tung1282,-8.085628140997866,29.098976390399063
nand1266,nilo1247,4.794443393615362,6.8207031485985965
nang1262,aust1307,3.562376581916002,4.15274531906471
nant1250,araw1281,-9.05125993063647,28.32998858653094
naro1251,aust1307,-2.537744577198501,2.9934358514871318
nati1243,atla1278,-0.2001178589019989,0.9754271151958812
naue1237,aust1307,2.511381160580182,2.601108611300404
naur1243,aust1307,1.851711650704296,4.784540575517099
nava1243,atha1245,-7.931112097861157,28.59578194985196
nawu1242,atla1278,-0.1008450679888568,1.7519654836504692
ncan1245,atla1278,2.356203660783017,1.1974238126767744
ndam1239,atla1278,0.6258572890225089,1.9597731282792097
ndob1238,atla1278,4.990561364996477,5.228806451041344
ndog1248,atla1278,4.82674918417516,5.372328008558789
ndom1245,kolo1268,-4.143760864426407,11.315014922468194
ndun1249,atla1278,3.733035047871177,4.784857979680346
negi1245,tung1282,-8.033341107194762,29.10829178107245
neha1247,aust1307,-1.959889641637817,2.23454108055968
kuma1276,aust1307,-2.9046600826947966,2.207637717178777
nenn1238,more1255,-4.592624324069681,10.896926246810304
nend1239,nucl1709,-4.946180449497948,2.6105940507808114
neng1238,aust1307,-1.6665147897845047,2.784920161228648
nucl1706,afro1255,-5.901634229810099,14.628757914246195
nepa1254,indo1319,-8.724656373831909,21.947025900897824
nese1235,aust1307,3.4860246558591026,1.3729354136297405
vinm1237,aust1307,3.28425295085164,1.1804561974424104
ling1265,aust1307,3.3455733173232325,1.1577056768807452
nezp1238,saha1239,-8.414260106310985,29.43073536536161
ngaa1240,pama1250,-6.40144094572903,15.79282479871536
ngab1239,chib1249,-8.721568570508312,28.80562436840651
ngal1292,gunw1250,-5.076425332470896,14.079751354831409
ngam1268,cent2225,3.7123114411094233,4.122501816392315
ngan1291,ural1272,-8.091639193480201,28.744142583246607
ngar1235,pama1250,-2.987042859636002,6.3177178546079205
ngar1284,worr1236,-5.036545610315996,16.705272557898006
ngar1283,mirn1241,-5.888085675494246,17.84145833705528
ngas1240,afro1255,2.3674514976244847,1.609414687433489
ngba1284,atla1278,5.211101764888086,5.911079603429538
ngba1285,atla1278,5.193173194086771,5.269095165697728
ngge1241,nucl1709,-4.064800720370834,4.164252771909084
ngit1239,cent2225,-0.992923895368694,1.8944145078131636
ngom1268,atla1278,4.810516021065984,5.287982163541521
nhen1239,tupi1275,-8.9927727466559,29.48305275510488
nias1242,aust1307,-4.142208628621049,7.202866743243668
niha1238,niha1238,-8.249447563608149,27.340781893292583
nila1242,atla1278,4.350560625602164,4.093827835287954
nucl1633,nimb1257,-3.650917837781311,11.881722016854724
nina1238,yano1268,-8.90984337547993,30.116941105135695
labo1244,aust1307,2.902800062089719,1.2649387331428947
nisg1240,tsim1258,-7.775562246286807,30.1078437185642
niua1240,aust1307,1.3475225703643634,3.115476252460283
niue1239,aust1307,-1.9439496956573992,4.964982104913375
niva1238,mata1289,-8.930906258350552,30.36796290592183
njan1240,atla1278,1.5870259422292836,1.463780684543341
nkon1248,atla1278,0.9003862583082736,1.135702508358115
noct1238,sino1245,-5.437327972430456,5.4370072070963005
noku1237,aust1307,3.378927470663333,2.7037759492459017
noma1263,araw1281,-9.047997735111052,28.346145255807603
noon1242,atla1278,1.7434359653924574,3.1902462837783148
noon1243,atla1278,2.104877539308518,1.1183068387434822
nopa1235,otom1299,-7.926581733226544,23.713396972552022
nort2839,aust1307,3.69970443359022,1.4254327084540748
nort2697,turk1311,-7.994755840856031,26.924083109225755
darg1241,nakh1245,-8.057905350788577,25.241133640107297
nort2930,kiwa1251,-3.810561903727984,11.12756634044286
nort2836,aust1307,2.137139174344574,1.6107409847221348
nort2972,choc1280,-8.95818020414028,29.71967282584299
nort2702,drav1251,-8.307184017402319,23.163790652797445
gumu1244,gumu1250,-0.9710209542739748,2.7920112300502997
nort2938,haid1248,-8.631525552764952,30.252024219843754
sing1264,sino1245,-5.354783673364617,5.425037273122932
nort2877,aust1307,-5.642335735258987,7.346869720051526
nort2684,aust1305,3.275564068509791,3.7341843465119418
nort2774,atla1278,4.780078261878956,4.994550604633783
nort2954,utoa1244,-8.557435776742162,28.225264205617545
nort2957,utoa1244,-7.750914695220188,25.99266876405419
nort2723,sino1245,-2.410508510736058,2.4243518353713824
nort2747,hmon1336,-6.728889821033434,17.271435894808615
nort2722,sino1245,-4.441408038569136,5.78304364750684
nort2994,aust1307,-3.269004344089299,3.4423644915671687
nort2959,utoa1244,-8.336497518887581,27.05185521924528
tosk1239,indo1319,-8.128688570308126,25.394165243340986
nort2732,sino1245,-5.861237657304696,11.5197999797605
nort2690,turk1311,-8.069271700423299,29.069731240695383
yoku1256,yoku1255,-8.44997365112188,30.035764072321463
nort2745,yuka1259,-7.981788798300787,30.2885938865186
nort3047,afro1255,3.1680853749089017,1.7965968006871265
nort2980,quec1387,-8.993708861673051,29.537950925177498
nort3139,afro1255,-6.171418985191369,14.876762262339142
nort2845,aust1307,-3.88792697271961,12.364100191784676
nort2671,ural1272,-8.119741488592357,28.14398601551221
nort2942,atha1245,-8.617132761274464,30.0705398027286
nort2847,aust1307,1.8642992291099336,1.171250786212216
nort2961,algi1248,-7.660926921208711,28.177805308714472
nort2775,atla1278,4.591724443703086,5.329154646024957
yaki1237,saha1239,-8.478129346569165,29.802525999754007
nots1237,aust1307,-1.152524323418057,1.1089928672483147
nsen1242,atla1278,1.7204872466429286,3.567435973356556
nuer1246,nilo1247,4.560583003990459,7.285322484925551
nukn1238,nucl1709,-3.634264117043158,1.9812375685607293
nuku1260,aust1307,-1.8834524937812465,3.6325317163656337
nung1282,sino1245,-3.069057174362709,2.959507972683696
nupe1254,atla1278,3.473277707622824,3.61114436220366
nyah1249,aust1305,1.4626293038456095,1.36069827185122
nyah1250,aust1305,3.176407569835135,4.017478786826288
nyak1260,atla1278,1.6710225577765527,1.9579606574075363
nyam1285,afro1255,0.3669072338824222,1.6026122940370513
nyan1301,pama1250,-6.248061784707717,14.090137135383776
nyan1307,atla1278,2.762028146051017,3.3191265915667074
nyat1246,atla1278,4.311467397452427,3.888963507805258
nyis1236,sino1245,-6.288462041977135,6.462400213207367
nyor1246,atla1278,2.5647940185287155,3.143383040321126
nzad1234,atla1278,3.592849248722468,6.2952670054134
nzak1246,atla1278,5.37624816706726,4.470996116892902
nzak1247,atla1278,3.9314578571645376,5.364513037131655
obok1239,lake1255,-2.5794412312768777,7.982600646643597
occi1239,indo1319,-8.138115480587166,25.76007344690205
ocot1244,otom1299,-7.92525225456373,23.522274145313403
oriy1255,indo1319,-8.420841053559018,20.464696679448014
ofay1240,nucl1710,-8.929832683144864,30.000102340368635
kalm1243,mong1349,-8.06788309660601,28.31860649791914
okan1243,sali1255,-8.542149311895844,28.884215827452717
okin1246,japo1237,-8.762929028755016,28.54678020007892
okoe1238,atla1278,1.2184407871472531,1.7279896011864435
oksa1245,nucl1709,-3.943198559624945,3.4455847623348888
okuu1243,atla1278,1.8967338392820456,1.037419553166334
oloo1241,nucl1708,1.69461687685504,1.55860161551783
olut1240,mixe1284,-8.596217596432528,28.102601027472453
omah1247,siou1252,0.7402975541730736,3.7779878239513702
omie1241,koia1260,-4.926291904665035,11.501545555906958
bira1253,bira1253,-3.8231972672606913,12.192036892102884
orma1241,afro1255,0.8050702269151557,2.2394142127467163
oroc1248,tung1282,-8.073927365097417,29.05398375895373
oroh1237,aust1307,-0.4026568104250545,1.2447545141648746
orok1265,tung1282,-8.060897334649457,29.270409516634057
orok1269,nucl1709,-5.290512827049179,3.507174369787691
orok1266,atla1278,1.4594229132404148,1.395280732572484
orok1267,nucl1580,-3.4475991158842056,10.14062785454895
orow1242,aust1307,-2.324404577859574,2.101229313091704
orya1242,toro1256,-3.5952096095267185,11.70693393708751
otor1240,heib1242,3.256666476558964,6.533436101854928
otta1242,algi1248,-7.72105428478389,28.37499079427348
owaa1237,aust1307,1.0848691884119006,2.2701447225504765
paaa1242,afro1255,0.9363418470010636,1.6695561071590994
darl1243,pama1250,-7.071966005482707,17.536261041527204
paam1238,aust1307,3.693086204099785,1.4490938163220657
paas1238,atla1278,0.2917822687274665,1.5083994982856943
paco1243,aust1305,-1.484658555991242,1.9144071116470016
paez1247,paez1247,-9.030268948808578,29.88246618513728
pagi1243,atla1278,4.611988287890828,4.925933771483319
pagu1249,nort2923,0.8846984331316303,1.349061306761861
pahn1237,hmon1336,-5.0515639317495165,12.157132064723951
pala1344,aust1307,-2.864043572909424,6.5110887021805866
pali1279,araw1281,-8.889456791678803,29.44166441596967
balu1257,aust1307,1.9907699886954864,1.4991649402402842
pamb1243,atla1278,3.2577404551548668,3.906843907709419
pamo1252,aust1307,-1.8006999533812484,2.3238757574537914
pamp1243,aust1307,-6.418684619543356,8.105088212406216
pana1305,utoa1244,-8.481826928676986,28.03273583879861
pana1307,nucl1710,-8.919293665585784,29.76375781105022
enap1235,cari1283,-8.953791780746789,29.70225569856099
pang1290,aust1307,-5.6086413742796335,7.653046448986281
pang1287,atla1278,1.99246314941991,2.464234478735598
pano1254,pano1259,-9.017137491121144,29.05630537536614
pany1241,pama1250,-6.884649932008726,16.12321071721662
papa1238,toto1251,-7.644463584933857,27.39729846080329
papa1265,aust1307,-0.1607306718071406,1.2362832553400338
para1302,sino1245,-5.352258754707491,5.053726663967872
pare1272,araw1281,-9.002259914800403,28.8994628424538
pate1247,aust1307,1.3792248820564588,0.8865835795517114
patp1243,aust1307,-2.137114403150351,1.410230774193895
patt1248,sino1245,-7.35173401873098,16.252721897493668
paul1238,aust1307,3.3191199315526223,3.798720558308865
paun1241,araw1281,-8.181898138741094,28.455597171345204
pawa1255,pawa1255,-3.3820738521045497,10.6253311168627
pawn1254,cadd1255,-6.246415634534984,26.39488149406669
pech1241,chib1249,-8.643789425726062,28.717932352489203
peer1241,atla1278,1.794679595742377,1.9472139303840732
pela1242,sino1245,-3.1989474838113416,2.37601270644101
pemo1248,cari1283,-8.936900257813566,29.70924102527774
pend1242,aust1307,-2.248167615526886,2.644149275318121
peng1244,drav1251,-8.282664990070309,21.65708436541583
peri1253,mong1349,-7.675081746136252,27.989469336502083
phak1238,taik1256,-4.849436623753859,8.208279870156016
piap1246,araw1281,-9.03423664853226,28.48041533503257
pila1245,guai1249,-8.922944096716877,30.376259360811357
pima1248,utoa1244,-7.430987881734926,26.965935426228963
pina1252,piaw1238,-3.931974496220149,10.287696781691151
ping1243,aust1307,0.92131505531073,2.3295742736856297
pipi1250,utoa1244,-8.75828182358242,27.564471877832737
pite1240,ural1272,-8.12056629307948,28.09466781865437
plai1258,algi1248,-8.35335853876463,27.6217868608857
pnar1238,aust1305,-3.317311630856577,4.778307359925911
pohn1238,aust1307,-1.273878276569234,2.927252736008491
poko1263,nilo1247,4.4675537047228016,6.562539265285334
poli1260,indo1319,-8.254685019827349,26.2372886020832
popt1235,maya1287,-7.891395966396236,26.229298657042943
port1285,aust1307,3.2792475963921106,1.25490132457384
port1283,indo1319,-7.980892739344564,26.153098556747413
phai1238,aust1305,2.217383368991125,2.2791229302761664
pras1239,indo1319,-8.312904560255161,26.39204787670329
psik1239,afro1255,2.318575963312336,1.4218219484328074
puka1242,aust1307,-3.213055740855774,8.528906387230272
pula1263,atla1278,1.607654916644126,2.819816517102339
pula1262,atla1278,1.6065644280606008,2.569059087141955
pulu1242,aust1307,-3.8970504672088992,7.771288298013008
puma1239,sino1245,-7.537658682323986,10.225625194657963
pume1238,pume1238,-8.913252645148134,30.053146826264427
pura1257,pura1257,-3.834421426221957,12.244087310946108
pure1242,tara1323,-8.502756188054875,28.94039424019549
puri1258,sino1245,-7.308850881799193,16.653389049692457
puyu1239,aust1307,-5.967682079558394,8.989381014011215
qawa1238,kawe1237,-8.885955916490323,30.709390141318178
qima1242,afro1255,-2.35763666585553,4.289530794002559
quer1236,otom1299,-8.622135361901485,25.120497146227883
quio1240,otom1299,-7.903300307881728,23.564391273136486
rabh1238,sino1245,-6.990047526912408,6.658898110435974
rade1240,aust1307,-2.80333398491174,2.706619377416917
raji1240,sino1245,-6.709115963046676,13.719862956139988
rama1270,chib1249,-8.702713091718646,28.719344583253744
rapa1244,aust1307,-4.334553629544977,14.096864474742992
rapo1238,nort2933,-4.892043350485981,11.31999930405263
rata1244,aust1307,-2.0681802127847613,3.8619907665919726
reja1241,aust1307,-3.274570902774334,4.185099838009439
reng1252,aust1305,-1.6089079104081137,1.613741558625403
renn1242,aust1307,-1.6825128353364116,3.096363932290473
resi1247,araw1281,-9.064768721664734,28.20919564666297
reye1240,pano1259,-9.002795990378383,29.244318609984287
rian1263,kolo1268,-4.26169389689024,11.229874507682824
rikb1245,nucl1710,-8.960272343034523,29.698912745852773
beka1241,aust1307,-4.077570272701514,6.678258653056297
roma1326,indo1319,-8.192431372518204,25.74499013430839
romb1245,aust1307,-6.278362380655089,8.415327418584592
ronn1241,afro1255,1.5957386979931112,1.6492422322236422
rong1266,sino1245,-5.82716411145384,4.850284661477094
rong1264,sino1245,-7.469060989648565,15.055724193218222
roto1249,nort2933,-4.07953575268648,11.178956453565128
rotu1241,aust1307,1.1060815750465842,3.658493223379466
rovi1238,aust1307,-2.3275115149414987,1.3572820628276077
ruch1235,aust1305,2.648176819996824,2.969095424954567
ruka1240,aust1307,-5.9374527763988,8.980056771522914
ruma1248,aust1305,0.5885034986950508,1.83358070843979
rung1258,maba1274,-2.3230972171449817,6.326649517334488
rung1259,aust1307,-4.087918752074657,4.279266564682906
russ1264,mong1349,-7.891084980441307,28.752521426834583
russ1263,indo1319,-8.279058790719612,27.060184295713658
rutu1240,nakh1245,-8.04305984540161,25.098399927167407
saaa1241,aust1307,2.7518556964008134,1.5295570744433178
saaa1240,aust1307,-0.805153117159171,1.2467371193444414
saar1237,aust1307,-5.024330083256764,8.96233848786127
saba1267,aust1307,-2.6321292927195925,2.3592135568710084
saga1262,atla1278,4.2949075508012005,4.492688663558962
sais1237,aust1307,-5.787992912395644,9.876149418979374
yaku1245,turk1311,-8.053444534587111,29.491287205617866
tsis1238,atla1278,4.103496785592981,4.007172729356654
samb1311,atla1278,1.1326065632660445,1.4764898817415713
samb1305,atla1278,1.5278080142687005,1.5210985961851122
samo1305,aust1307,1.3389591155320666,3.5128624249944167
wara1292,atla1278,-0.2846481925351725,1.1037517267275732
sana1295,afro1255,0.1562339359169318,3.106422081634623
sanb1242,chib1249,-8.975082598289974,29.01686037883937
sand1278,huav1256,-7.790871969940227,28.102985420448128
sang1331,atla1278,1.7550217906069747,3.5167524872668
sang1321,sino1245,-5.577596701773459,4.97009917298125
sang1330,atla1278,2.1472315526515864,2.371455076983068
sanm1301,otom1299,-7.850124107289981,23.896439323281157
sanm1289,quec1387,-8.99704153253384,29.508763480973865
sanm1295,otom1299,-8.769162632758075,23.518363365642827
sant1410,aust1305,-4.978900680353933,8.84063275644916
sant1451,otom1299,-7.937738306901158,23.94989540339372
sant1436,otom1299,-7.922150711059812,23.65960117576054
sapo1253,aust1307,-0.7609238744369025,1.2613178316608715
sapu1248,aust1305,0.6223796531327395,1.140633567386658
sara1321,cent2225,2.519631654240797,4.064812116249804
sara1327,aust1307,-3.692470639424178,6.265619041192043
sars1236,atha1245,-8.420048564952152,28.994158492657583
sasa1249,aust1307,-3.4295215937388197,6.27733492349623
sata1237,aust1307,-4.024605840279446,8.126158596795328
saur1249,drav1251,-8.36637693073647,21.53177869882167
savo1255,savo1255,-7.045716875428539,15.882922676843105
saya1246,afro1255,1.486646001172554,1.556978705795462
seda1262,aust1305,-1.7076792381074046,1.7017149962033606
taro1264,aust1307,-4.97405201141858,9.23700837121038
seim1238,aust1307,-1.1560750223816436,2.4837746926593383
seke1241,aust1307,2.747507919929747,1.524839652999589
sela1259,aust1307,2.553229508730644,4.7469588737929165
sela1260,aust1307,-2.3390769998480403,2.5733698412082795
sele1249,atla1278,1.249758049897201,1.1378031884150095
sele1250,nucl1709,-2.986132832991657,2.0818273999673025
selk1253,ural1272,-8.09298341588061,28.69199920712688
sema1266,aust1305,-3.2318027157578357,3.495962222228684
sema1265,aust1305,-3.3917026293245893,4.342848402883689
seme1247,aust1305,-4.0636182925138,5.60786649434262
nucl1632,sent1261,-3.690165625832484,11.969157893456725
sout1528,indo1319,-8.185661203770142,25.65657038399644
seri1257,seri1257,-8.324267213779917,29.748372438231225
seve1240,algi1248,-7.755895884589631,28.26056047763582
shab1252,shab1252,-3.662150110062505,12.031426284524676
sham1280,atla1278,4.141235595957834,4.273166585586033
shan1283,pano1259,-9.031541145964022,29.040802125702758
shaw1249,algi1248,-7.697508891711194,28.41904196964594
shee1238,hmon1336,-8.96711953746412,20.95371182908081
biao1253,taik1256,-7.613373753787215,13.709388370148908
shil1265,nilo1247,5.246592900705329,7.939250739943418
ship1254,pano1259,-9.015435362829445,29.105312795613116
shix1238,sino1245,-2.7724909159601845,2.902384917173912
shol1240,drav1251,-8.113626084877358,25.696741567201634
shon1251,atla1278,-0.3612335005660192,2.4655726524336217
shor1247,turk1311,-8.00161235403375,29.30851066700901
shos1248,utoa1244,-8.430703666335814,27.853560845604385
shua1257,jiva1245,-8.96721910074891,29.7265823283768
shwe1236,aust1305,0.0384031370459769,1.6486583208132508
siam1242,siam1242,-3.293617598957693,10.113157679025452
siar1238,aust1307,-1.6974238857928912,1.623763134463136
siaw1243,amto1249,-3.567653752828412,11.124107278028042
sich1238,sino1245,-2.298066873065011,2.5158482770699564
sici1248,indo1319,-7.992096199688586,25.36156700581881
sici1249,atla1278,0.8415971588453495,1.3038417690652082
sida1246,afro1255,-3.9240947392389063,4.321591755739917
siee1239,aust1307,1.360872789518286,1.3999304672857136
sier1250,otom1299,-7.9081767072398685,23.53661729278214
sika1261,aust1307,0.832088885545252,2.375193318169579
siks1238,algi1248,-8.40706173759738,27.91765240719056
siku1242,aust1307,-3.636409738257421,6.31688223285423
simb1256,aust1307,-1.3909863255615995,1.7979389826026164
sina1266,aust1307,-1.274971205240676,1.3154011540874038
sioo1240,aust1307,1.4966020723760636,1.254795112701462
sion1247,tuca1253,-9.00497448646119,29.293746854594996
siri1274,tuca1253,-9.012824293734145,28.89778092531997
sile1255,nucl1709,-5.37634618898696,2.521010111099248
situ1238,sino1245,-3.9684676568387687,4.58804119576007
siwi1239,afro1255,-4.823919547576454,13.374938855211706
skol1241,ural1272,-8.119748607433811,28.163161745255245
slov1268,indo1319,-8.203551147974384,25.757350559802447
sooo1254,aust1305,1.2529835969734808,1.7382320609758573
sobe1238,aust1307,1.134816679671303,2.248402646657538
soch1239,otom1299,-7.894406262218549,23.6271336097528
soga1242,atla1278,3.8697250700718975,4.517092829061198
soni1259,mand1469,-1.2173441067752346,2.9223939231713274
sons1242,aust1307,-2.6218891408123586,5.720957075878012
sooo1256,kuli1252,2.884010171733898,5.812666774388145
mani1235,east1459,1.765873899276933,3.899368375209313
koon1244,atla1278,3.4329004996440027,5.8608886873179245
sout2859,aust1307,3.7089994142604006,1.4646505435010295
sout2976,utoa1244,-7.607544446980194,26.94732216281964
sout2856,aust1307,2.8231908148997533,1.6741330340880225
sout2954,japo1237,-8.679147167450786,28.834013383068264
sout2996,ayma1253,-8.942415001748653,29.90702479604709
sout2730,sino1245,-0.4797478161787953,1.5065833080823836
raro1241,aust1307,-3.8290495188996783,11.450781845509384
sout2741,taik1256,-6.171432693985867,10.292202533882524
sout2715,sino1245,-7.604594506354151,11.760222100452552
sout2826,krua1234,-3.9785593980698177,15.45783547209538
sout3236,gumu1250,0.3722789309741152,2.521833229728191
sout2956,haid1248,-8.627031509161839,30.24644123215805
kach1280,sino1245,-3.698248614231401,3.583899148110852
sout2949,kiwa1251,-4.499548846008728,12.394093913531808
sout2994,namb1299,-8.932284883674221,30.078133215197084
sout2649,indo1319,-8.12938045674066,26.428421804198035
sout2729,sino1245,-2.4541641837307,2.6471290722671554
sout2728,sino1245,-4.008170008860232,5.2455484597818085
sout2918,aust1307,-4.182086141045026,5.532301576021663
sout2807,atla1278,-1.731435811067227,4.103820329469947
sout2797,atla1278,1.0446684014457226,1.0022559254297576
sout2679,ural1272,-8.133325669748784,27.73551093050541
sout2782,atla1278,5.475366605243369,3.102746956685124
sout2674,ural1272,-8.134732544190092,28.33100547384943
sout2959,atha1245,-8.561799291654024,29.83877463767404
para1301,aust1305,1.508507362496255,2.1526726478860283
sout3261,nakh1245,-8.047774573782895,25.18694821397808
sout2869,aust1307,1.9068888306429468,1.1299142073061077
stan1318,afro1255,-5.261428330708455,13.919278661591107
indo1316,aust1307,-4.360339529171727,9.208129825009287
stan1306,aust1307,-3.82487847256178,5.277778262607441
horp1239,sino1245,-3.615188593480073,3.97113919028758
suab1238,sout3418,-2.3889376786623124,7.389987767561653
suba1238,atla1278,4.424708169297361,4.905526111257476
sude1239,aust1307,0.9050863849153128,2.407049061455016
suku1272,afro1255,2.0099134943803367,1.3866280545903962
sulk1246,sulk1246,0.9647068632455298,3.786583345494805
sumi1235,sino1245,-5.737711378683887,5.073163962589675
sund1252,aust1307,-5.295288861889564,10.886777914909466
mari1426,aust1307,1.5520841084014734,1.681228941841706
sunw1242,sino1245,-7.578971663693996,10.715389113516316
supy1237,atla1278,1.2168614522480468,2.116584384064055
surg1248,ural1272,-8.10229678623171,28.645655536524604
surs1246,aust1307,-2.132322511765051,1.5684962863766856
susu1250,mand1469,-0.9683935798754426,2.139740326506235
swah1253,atla1278,1.899524160630527,2.6102492307746807
swed1254,indo1319,-8.273297866692065,26.6812156058938
taba1263,nort2923,-0.1152080066971521,1.4645007708716804
tabo1241,tabo1241,-4.057458465818828,13.451154220289752
tafi1243,atla1278,1.6498855534310728,1.402620151800999
taga1272,aust1307,-4.261239739350667,6.208045803549048
taga1273,aust1307,-3.1227077949959128,3.1276396582358856
taga1270,aust1307,-6.401624148736522,8.40459984191643
tagi1241,sino1245,-6.121774083362604,6.745851724187332
tagw1240,atla1278,-0.5793590700431963,1.9562362519523295
taha1241,afro1255,-3.482573701493191,8.97070306259301
tahi1242,aust1307,-3.945444804758994,11.97511797980772
taia1239,taia1239,0.6866850941512634,3.493972280796985
taji1246,aust1307,-2.077040789341617,2.4939841480218234
taki1248,aust1307,-1.4678220500456982,1.4944861272405312
taku1257,aust1307,0.7858057696073395,2.383649347109845
tali1259,aust1307,-2.672411088405928,2.065907801106317
tama1331,tama1329,-2.8853691191963247,10.289841494382864
malo1243,aust1307,2.715258242908906,1.5094874788752437
tama1365,afro1255,-1.2382034118390806,2.436321294987465
tamb1254,aust1307,-3.5976746602098846,3.008644495481189
tami1289,drav1251,-8.03261932798693,25.97804950615014
tane1237,aust1307,3.834654210402306,3.9512432265995594
tang1377,sino1245,-5.87337490017676,7.215489519115188
tang1373,sino1245,-4.862206952284254,10.311065614971149
tani1257,tuca1253,-9.014912475436429,28.931378429615226
tara1313,sino1245,-5.283071435319192,4.658601254204235
tari1256,araw1281,-9.05722430750982,28.16866075854261
tari1263,afro1255,-5.1214698396174505,14.509686137320164
tata1258,otom1299,-7.93472544680478,23.665363244601597
tata1257,aust1307,-2.783509279357787,2.5000982801263305
tata1255,turk1311,-8.080407092159493,28.835001659663924
taul1251,taul1250,0.6265414599605919,3.40622991801844
taus1253,taus1253,-8.993316105600417,29.76296269837623
taus1251,aust1307,-4.264572717969003,5.059767930593562
tauy1241,nucl1709,-4.519919218800955,2.274004277626684
tawa1275,aust1307,0.1894474615076298,1.2778664680493108
tawa1286,afro1255,1.2957828477692264,3.336479789727456
diga1241,sino1245,-4.861327595255063,5.474942132176398
taya1257,afro1255,-1.5562056923977847,3.9781360059616446
tean1237,aust1307,3.8248605518731047,3.920166862302637
teda1241,saha1256,-3.1613809527173578,7.164040644180741
tedi1235,sino1245,-5.289657636022952,4.98847121859103
tega1236,rash1249,2.412567178587892,7.792930355975784
tehu1242,chon1288,-8.887321324169486,30.7045734774468
tekt1235,maya1287,-7.862584003439549,26.22921612209071
tele1256,nucl1709,-4.06666055992548,3.531022666609047
telu1262,drav1251,-8.226221984405575,24.93350619488391
temi1246,aust1305,-2.447821968901712,2.444568360609395
temp1235,aust1307,-3.87449363297112,3.5792888754844547
tene1248,dogo1299,-3.880057137452285,7.825947466972462
tenn1246,surm1244,1.7085016681416807,3.2845239606322245
teop1238,aust1307,-0.4546459234035449,1.164627465850792
tera1251,afro1255,2.762108286182258,2.568433274440178
tere1279,araw1281,-8.139340702729351,29.133516261461647
teri1250,chib1249,-8.720222221807656,28.768210710576795
term1237,aust1307,1.205031315732672,2.1105187807437247
tern1247,nort2923,1.2774137911443637,1.753494940661014
tete1251,utoa1244,-7.805375006425886,26.026803568318755
tetu1245,aust1307,1.186963578526118,1.6151380567544749
tezo1238,otom1299,-7.890668101228896,23.62245465422989
thad1238,sino1245,-5.419569498146945,4.8314852305562646
thai1261,taik1256,0.7320579338261926,2.850823268390023
thak1245,sino1245,-7.580291988415491,12.725420053712964
than1259,sino1245,-7.54588948578129,11.76109483684007
thar1283,atla1278,3.546530576256277,4.482654998048691
aheu1239,aust1305,1.261133077340883,2.070210117506896
thay1249,pama1250,-1.942620202291141,2.892962534519434
thul1246,sino1245,-7.481148943728367,10.188747827471117
tibe1272,sino1245,-7.177817592441138,9.71112118060894
ticu1245,ticu1244,-8.996001855988736,29.73320093150252
tido1248,nort2923,2.2898079516881413,2.589012334241556
tief1242,atla1278,0.9793390334408762,1.008809961628231
tief1244,atla1278,1.01546972571931,1.0535525503992318
tien1242,atla1278,4.124491279034739,6.201531571918345
tiga1245,aust1307,-0.2372886140425176,1.2135885798002235
tigo1236,atla1278,2.525162071482057,1.6907673772089993
tika1246,atla1278,1.7204464171675546,1.7100327904328338
tiko1237,aust1307,3.590749744684773,4.462400181474436
tilu1238,sino1245,-7.558697454711551,10.456102318422316
timn1235,atla1278,1.3704341389977586,2.1204249664706296
tina1248,aust1307,-5.562770957015946,7.968223357723815
tira1254,heib1242,3.2301795573769567,6.673175936432997
maee1241,aust1307,3.4960107652130734,1.2994082024537832
tiri1258,aust1307,-3.329361363408653,2.433144412195972
tiru1241,aust1307,-4.378384367789922,6.357572389148949
tita1241,aust1307,0.3083130253731134,1.228242263782196
tivv1240,atla1278,3.145763860666205,2.1819710328180406
tiwi1244,tiwi1244,-3.4118235387957068,12.129693862539622
toab1237,aust1307,-2.26657239903916,1.843080897317023
toar1246,nucl1580,-4.606794512533565,10.226615935904505
toba1268,leng1261,-8.936778955539545,30.32409328140655
tobe1252,nort2923,1.3300342781893786,1.6754214489201829
toda1252,drav1251,-8.063028786273899,25.76633175143113
toho1245,utoa1244,-8.333838646027434,27.391249159247792
tojo1241,maya1287,-7.84171749208715,26.26987715832346
toke1240,aust1307,-1.8474723378671327,4.77747503892159
toll1241,jica1245,-8.649275367606332,29.338714567282008
toma1245,mand1469,0.7052466627845178,1.7973422260211829
tomb1244,aust1307,-4.193665916759624,4.170379482537118
tomm1242,dogo1299,-3.722951526415069,7.586444642184009
tond1249,song1307,2.3398580993725115,3.914593416102214
tong1325,aust1307,1.3623883526239524,4.018529182597224
tong1318,atla1278,1.0668668861460944,2.6670859577453747
toto1302,sino1245,-7.340201429601725,9.126131902034611
touo1238,touo1238,-5.380399918190095,14.501158456498754
trin1274,araw1281,-8.186225520981836,28.442545308431008
trio1238,cari1283,-8.942517462708043,29.889880458713627
trum1247,trum1247,-8.908985445518883,30.230718896529577
colo1256,barb1265,-8.975767672902514,29.92777420685842
tsam1247,afro1255,-2.089516279285247,2.314795757379077
tsat1238,aust1307,-4.12339240984036,7.323157546186437
dido1241,nakh1245,-8.061880871060064,24.97222001366025
tsha1245,sino1245,-6.900059833708406,7.728522792159609
tsix1234,khoe1240,-4.170185388600627,14.596997611201068
tsog1243,atla1278,2.1456466591028622,3.633341939088851
tson1249,atla1278,-0.4322319258118678,2.284054217093818
tswa1255,atla1278,0.7303817299219109,2.3825446749627126
tswa1253,atla1278,2.958956507899252,4.686368893716384
tuca1252,tuca1253,-9.019283460788472,28.9053461572798
tugu1245,aust1307,2.747347780455728,2.879092022030008
tuka1248,aust1307,-0.9942105127417163,2.279140068983086
tuki1240,atla1278,2.257532162376016,1.9674998805753248
tula1252,atla1278,4.796457549495489,2.861537330649238
tulu1258,drav1251,-8.078343661016778,26.075733642363723
nene1249,ural1272,-8.100164536717577,28.667721863501637
tung1290,aust1307,-0.7106742206204597,1.6743401811370973
tunn1238,afro1255,-3.362708160394428,7.826207298403418
turk1308,nilo1247,2.0989806114173195,4.2436063152362
turk1303,turk1311,-7.642400624558698,27.32786923940617
nucl1301,turk1311,-7.8973437590469215,28.079705680096588
turk1304,turk1311,-7.886442455400877,28.717665303609003
tusc1257,iroq1247,-7.987795987449406,29.73984481730368
tutu1241,aust1307,3.557248739553396,1.5455951042892977
tuwa1243,aust1307,-5.682425863413041,7.13121504759712
tuwu1238,atla1278,1.1022569139291,1.2005030942623804
uuuu1243,aust1305,1.238252482218405,1.6413199773878446
udii1243,nakh1245,-8.015599410992424,25.271970495158744
udih1248,tung1282,-8.096683046447254,29.1356166867148
uduk1239,koma1264,2.2514137594550743,4.834760787649103
ughe1237,aust1307,-1.0057481324558069,1.4266036603850836
ugon1239,sino1245,-0.617104348505487,2.409722281312689
ukra1253,indo1319,-8.251920233150019,26.51654544979871
ulch1241,tung1282,-8.064277118512063,29.07595209245237
ulit1238,aust1307,-3.716058826857561,8.201879371310351
ulwa1239,misu1242,-8.657839407585763,29.52454066955912
yaul1241,kera1258,-4.21923261182697,9.359353530216676
umaa1242,aust1307,-0.6910845482604309,1.9140429965232608
uman1240,daga1274,-4.015326549261225,12.137231749597078
umbu1257,atla1278,1.9857376153547737,5.382283657043068
umbu1258,nucl1709,-3.852139939583504,2.782518007621228
umes1235,ural1272,-8.123723902579137,28.03742102950777
unaa1239,nucl1709,-4.457322708024969,4.186380285896199
unea1237,aust1307,3.343479058621581,2.150592754262508
unua1237,aust1307,3.3221725577885355,1.1678246919541913
uppe1427,aust1307,-3.7655072830628633,3.478598290773924
uppe1275,toto1251,-7.665600478383393,27.298745846042703
urak1238,aust1307,1.2223852778952295,2.330268273027272
urar1246,urar1246,-8.993216049899473,29.775089959924166
urav1235,aust1307,1.066237193370304,1.460542545201676
urim1252,nucl1708,1.7648539088607578,1.2999509547793906
urip1239,aust1307,3.491042301928818,1.2655419129575165
usan1239,nucl1709,-5.624903426461129,2.566767699473985
utes1238,utoa1244,-8.05456194004677,27.06987217202818
kagf1238,atla1278,4.287872770163574,4.810780141580548
pile1238,aust1307,2.805014992301569,4.071579554027963
veps1250,ural1272,-8.129481170037211,27.951147478967084
vera1241,aust1307,3.5333500689335047,2.601680809884634
viem1243,atla1278,0.7165814721438828,1.4029630275821496
viet1252,aust1305,-2.3222076679637995,3.4310397048483807
voti1245,ural1272,-8.135600555368146,27.66767895710566
vunj1238,atla1278,4.851631262996204,4.644740615162775
vure1239,aust1307,2.6841317017514186,2.57205430792218
vwan1235,atla1278,1.2134982744302114,1.832977096828941
waig1244,aust1307,2.617875194078392,3.628667090980734
waim1251,aust1307,-1.692780511265811,1.6284404806620891
waim1252,aust1307,2.3386800755239463,2.2558036915665483
waim1253,cari1283,-8.948224209296905,29.740118814782363
waja1257,pama1250,-6.389095957991324,17.988437992329253
waka1274,pama1250,-6.629815071043749,16.667169190154123
wala1266,aust1307,-2.4500682853230167,1.4970188741925092
wamb1258,mirn1241,-5.942265296553337,18.16745561621241
wamb1257,sino1245,-7.55897230197847,10.423539289250066
wann1242,mand1469,-0.6308366839963053,1.565946895814271
wand1278,afro1255,3.27986383004864,1.8851642878694823
wand1267,aust1307,0.1866251352444781,1.5376910848616134
saka1289,aust1307,3.458524173610879,2.054993041692573
wapi1253,araw1281,-8.9828926311901,28.990459212591965
wara1303,wara1303,-8.892025337792491,30.364442389375995
ward1246,yang1287,-4.7452828287078095,17.458163031182377
ware1255,araw1281,-9.036525394749235,28.40325310197878
ware1253,aust1307,1.6868649364833477,2.3253187207198778
wari1268,chap1271,-8.129788422800397,29.739812527639906
warj1242,aust1305,-3.590657133067377,5.297874346582027
warl1254,pama1250,-4.9916189567138165,11.353868721413775
warl1256,pama1250,-4.8920551753895065,11.526555002445846
waro1242,aust1307,1.7086338349367285,2.063881825544236
warr1255,pama1250,-4.959848215912601,9.82297931443009
waru1265,pama1250,-5.318501417763953,10.968704015070962
wask1241,nucl1709,-5.6183050202883145,2.804074081357271
wawa1246,atla1278,0.4062138046150103,1.485374186594374
waya1269,cari1283,-8.879877106447342,29.957209583482896
wayu1241,sino1245,-7.567275376496473,10.679777815216852
wayu1243,araw1281,-8.135121256752477,28.968862651729243
wels1247,indo1319,-7.368431335212881,26.09045794187804
nort2864,aust1307,3.342771739586075,3.732882444735427
weri1253,kuni1270,-3.75883983820951,9.12975869963818
west2560,aust1307,-3.5324114371038107,3.063231444849269
west2548,aust1307,3.1856382896093685,4.309520138321151
west2615,atha1245,-8.083820975476325,28.810983634232684
west2397,aust1305,1.941893493999883,2.110233146955945
west2555,aust1307,-4.556650355186628,6.491368813395717
west2650,aust1307,2.9816810024482017,4.504883857887997
west2594,nucl1709,-3.851734680067264,4.254236976465961
west2778,utoa1244,-7.631236925403893,27.041895854729788
west2369,indo1319,-6.933514650950687,25.250382344975
west2519,aust1307,-2.612408918826709,4.614898112501443
west2354,indo1319,-8.238934492964434,26.1943663495694
west2644,otom1299,-7.93489873503152,23.64867986395869
west2466,atla1278,0.7597053461579915,1.0267190154389
west2632,kere1287,-6.895779390675947,28.521940748331147
west2396,aust1305,3.211599851247895,3.081879786350875
west2418,sino1245,-7.5925772835179455,12.604292922605357
west2392,ural1272,-8.133114202817458,27.97145202271067
west2763,afro1255,-6.984103234098278,14.872348694225453
west2386,indo1319,-8.479520079124622,25.42872393979822
west2557,aust1307,-4.876750435304038,7.163329893627925
west2415,sino1245,-7.5905950602987105,11.60370838836642
sanj1284,otom1299,-7.91434511363655,23.524929359324005
west2430,hmon1336,-7.180302464271753,19.481200450357164
west2599,nucl1709,-3.804034209846313,3.001799138416917
west2600,nort2923,1.9619895160875824,1.9244158926339767
saka1291,aust1307,2.1004319426836826,5.120789024260645
west2516,aust1307,-1.4788880316575632,2.0825728961135823
whit1269,aust1307,1.0746263089791128,1.0657236204736549
wikm1247,pama1250,-1.1876298939766403,1.9794680339174209
wiru1244,wiru1244,-3.296221480142884,10.35958484164644
babi1235,atha1245,-8.634962766136443,29.75721101250865
woii1237,aust1307,1.800800954140092,2.142219064570174
wola1253,afro1255,-3.872192955893409,4.635966957016642
wola1242,gong1255,-5.738731984380337,8.59044994045825
wole1240,aust1307,-3.287515593428161,7.721969199534755
woli1241,aust1307,-2.54642643919068,2.2964890001217637
nucl1347,atla1278,-0.6022790582581141,2.42243567936314
wood1236,algi1248,-8.042607892027734,28.398816083117115
wotu1240,aust1307,-1.589039165994536,2.048938913570339
woun1238,choc1280,-8.94497563377599,29.764239007684235
wuch1236,sino1245,-7.594390276270265,15.526411556824016
wudi1238,sino1245,-2.892415287324864,2.660344167217876
wusa1235,sino1245,-2.813727311806968,2.72103225911685
wutu1241,sino1245,-5.558366600736847,9.656443499107112
wuvu1239,aust1307,-0.635540940884038,2.0738205331175976
xamt1239,afro1255,-3.5765240162885137,5.088075415530287
xara1244,aust1307,-3.2644350911680498,2.391415777423809
xava1240,nucl1710,-8.922818001805645,29.779279012943714
xhos1239,atla1278,-2.2998923472072788,5.323395778739915
xish1235,sino1245,-1.7365652385316963,1.7925057642363171
xokl1240,nucl1710,-8.907020667730116,30.20646603594684
yaak1241,afro1255,1.707753171483093,3.247454170513773
yabe1254,aust1307,1.9830876783667435,1.7098735854777125
yaey1239,japo1237,-9.30668128404153,25.378434080040076
yaga1260,nucl1709,-3.788262103252758,2.463549319729026
yagu1244,peba1241,-9.025251049762977,29.68310176309389
yaka1272,atla1278,5.04834503510947,6.05841924790959
yaka1277,aust1307,-4.597638696561368,6.681882467653473
yakk1236,sino1245,-7.4552679473136285,9.9690795706853
yako1252,atla1278,4.8017379686120645,5.184723018640113
yale1246,yale1246,-2.8827420247449744,8.760440053425839
yami1254,aust1307,-5.148989944410789,9.234789858619123
yami1256,pano1259,-9.019547497292248,29.0429918916486
yamp1242,sino1245,-7.52106280205532,10.45043924549757
yand1253,pama1250,-5.852243501953125,15.539779817333685
yane1238,araw1281,-9.04882281463234,28.366701866680792
yank1247,pama1250,-6.431721521007824,14.776254098485666
yany1243,pama1250,-4.161246085434808,7.946244372226296
yaoo1241,atla1278,2.591092509883026,4.59884723125484
yape1248,aust1307,-3.607192350597492,7.953162770465141
yaqu1251,utoa1244,-8.328048135325838,27.260531709208703
yare1248,yare1250,-4.665481432396531,13.70951071452512
yasa1242,atla1278,-0.1591663097477695,1.6776024053436416
yatz1235,otom1299,-7.914123575982341,23.6176474536222
yaum1237,nucl1709,-2.894551002974227,1.9432506135608243
nucl1454,yawa1259,-2.1642389879421917,6.492609721720015
yawa1261,araw1281,-8.974624478801884,29.06378080540845
yawu1244,nyul1248,-6.539070505283263,22.619600751137742
yecu1235,toto1251,-8.517081939797398,27.380030173525935
maqu1238,cari1283,-8.959536452387113,29.60732540948566
yele1255,yele1255,-3.4902120633354485,11.69068234366368
yems1235,gong1255,-5.787742158361525,8.72763289451649
yapu1240,nucl1708,1.0662416029187067,1.313013182615638
yess1239,sepi1257,-1.336536291559855,1.6481736338440491
yidi1250,pama1250,-4.689264131991149,8.105041524960079
yima1243,lowe1423,-3.6196643011849625,11.311416899151034
yinc1238,aust1305,4.408913308309073,2.867609090357387
yind1247,pama1250,-6.996961672455536,16.22146655846012
yine1238,araw1281,-8.998759078126724,28.27428932048408
yoga1237,aust1307,-5.6836493424445145,7.340974540528109
yong1276,taik1256,-5.03756986205835,8.765692716974343
yong1280,nucl1709,-4.546977245558259,4.705108813529751
yora1241,pano1259,-9.015374803353785,29.09191604210052
youl1235,sino1245,-3.559496183684714,1.9214882863751936
youn1235,hmon1336,-7.595572113211906,18.97419711424388
yuca1254,maya1287,-7.743941901004032,27.243684892805422
yuch1247,yuch1247,-7.407817904066323,29.10462157242452
yucu1253,araw1281,-9.06419152240449,28.17946736180368
yuec1235,sino1245,-7.230146685204305,12.28899631258631
yulp1239,pama1250,-4.913959371273727,12.348424271120836
yulu1243,cent2225,2.592111049203057,4.486411412150154
yura1255,yura1255,-8.965683412278175,29.98960232797791
gami1243,pama1250,-6.157531500216777,17.166860018044936
zaba1237,aust1307,-1.9672423333661435,2.216414051007888
zaca1242,otom1299,-7.935054519596782,23.730515680382485
zaca1241,utoa1244,-7.75537671850464,25.97724027985786
zaiw1241,sino1245,-2.8873137207918287,2.5036167880535203
zakh1243,sino1245,-4.684707363673919,5.092372196261167
zamb1245,atla1278,4.966121230764728,5.309646789096334
zand1248,atla1278,3.4608617733579123,4.4328510711464055
zani1235,otom1299,-7.926201845052637,23.51224187523329
zapa1253,zapa1251,-8.99142476548976,29.738540088644093
zarm1239,song1307,3.686054515476448,7.874474156441629
zays1235,gong1255,-5.415550050308994,8.085490641955204
zeme1240,sino1245,-5.987345990428127,4.984931911800018
zenz1235,otom1299,-7.923073086444337,23.56665348425692
zhab1238,sino1245,-3.518091342032892,4.237887761366764
nort2795,atla1278,1.925043996964714,3.262987414232871
zinz1238,atla1278,2.768110019846352,3.965407273807241
zoog1238,otom1299,-7.914056367583827,23.595096462861203
zulg1242,afro1255,3.137737363511949,1.627469672027317
zuni1245,zuni1245,-7.931660559167986,28.999420266234296
