Glottocode,Family_ID,GPGLMM_Latent_Mean,GPGLMM_Latent_Variance
abad1241,aust1307,1.6170601254207586,0.7520137834935152
abau1245,sepi1257,-1.4210862505280402,1.0217986965355443
abee1242,atla1278,-0.0406842959815123,1.290799160585678
abkh1244,abkh1242,2.00655747548188,3.4782018630238607
abua1245,nucl1708,1.7931861383033494,1.2117654132469615
abui1241,timo1261,-2.2513614803516933,2.015889190908643
abun1252,abun1252,-1.461704356655344,3.784556387300903
achi1257,aust1307,0.2347801549617756,1.0550020177418735
acha1250,araw1281,2.91208349252662,2.4793907880132924
ache1246,tupi1275,-1.1614436286278182,1.8325645610758023
ache1245,narr1279,0.7415425773077718,1.3758395619099095
achi1256,maya1287,2.445572022164099,1.3827822408429196
achu1248,jiva1245,-2.411164689544144,2.977807221287776
acol1236,nilo1247,0.8444610071782614,1.2768760359023317
adan1251,timo1261,-2.2617232865164456,2.058317465867852
adny1235,pama1250,-3.229866979529803,3.280315281443201
adon1237,aust1307,2.200253778892628,0.8180337679601983
adze1240,aust1307,-0.1180683501167267,0.5885309880526979
aeky1238,kamu1264,-3.2921158969007,5.8704946931361786
afar1241,afro1255,-1.1971194805981993,1.4317162313306395
aghe1239,atla1278,-1.7747705898807884,0.5581032646472934
aghu1255,nucl1709,-7.054177192278344,2.085865249212232
agob1244,paho1240,-2.2234746741526275,3.596578641009211
agua1253,jiva1245,-2.439473312429998,3.1648898217385444
agus1235,aust1307,-2.4720748917835142,1.0198196376341286
agut1237,aust1307,-3.3287749291401805,1.5208092988258564
ahin1234,aust1307,-0.494229395056583,0.592093711863571
aika1237,aika1237,1.4218275726468323,3.750731773854314
aime1238,bosa1245,-3.484859829757672,5.809717071555808
musa1266,nucl1709,-5.808222887362055,1.1654051794779718
aito1238,taik1256,-4.381403218096203,5.6073840191064495
ayiw1239,aust1307,1.6066126333826034,0.9571413757853424
ajab1235,atla1278,-0.7642728417244946,0.8257613668082815
ajas1235,kres1240,2.080816971764031,3.448505496927956
ajie1238,aust1307,-3.54126952576243,0.8974226329918054
akan1250,atla1278,2.5478139394229093,1.212963279135984
west2635,maya1287,2.5425637207439005,1.1793808837485606
akei1237,aust1307,1.176883464119033,0.5363302780064778
akha1245,sino1245,-4.166356823353569,1.636954012636867
akoo1248,atla1278,0.0653241295599125,0.6434285048075701
akun1241,tupi1275,0.7035242022029107,1.2072039796515206
alab1254,afro1255,-2.6304425484863336,0.9397818772342283
alab1237,musk1252,-0.0466785946825847,2.145919886409548
alac1244,otom1299,-0.3167297416479466,0.7732496959887012
alag1248,afro1255,0.3283806825565888,0.9604661778474792
alam1246,sepi1257,0.9937933539329252,1.0817956889614615
aleu1260,eski1264,-2.2962716657671263,4.2465762952743376
alor1247,aust1307,-0.4392476888602585,0.7827052770613765
aluk1238,drav1251,-5.323661403110837,3.965510032418986
alya1239,pama1250,-5.445772230414685,2.60307895015472
amah1246,pano1259,-2.516797247905475,1.603971048481739
amam1246,kuni1270,-0.143163907706336,1.0671915521607254
amap1240,left1242,-1.3069733360754991,3.5072942151716022
amar1272,aust1307,0.1744749335521831,0.6422235155023284
amar1274,hara1260,1.6260324389651224,4.14041411061365
amas1236,nyim1244,-2.4694818676638284,5.59265941416191
ambu1247,nduu1242,-3.684027074139304,3.32012554844614
amdo1237,sino1245,-3.1996936496767185,1.9281375521744355
amha1245,afro1255,0.689406735715648,1.0997296323035002
amii1238,west2434,1.880273060300836,1.8979634155452128
hoaa1235,kxaa1236,-2.4556861490708948,5.729508083119957
amri1238,sino1245,-3.1336469655456884,1.0607951249948258
gily1242,nivk1234,-1.8487025514426725,4.713220435012449
anei1239,aust1307,0.6615202246139124,0.8851582586105806
anem1249,anem1249,2.223671482969031,4.849915600024007
anfi1235,gong1255,-3.2114975176292413,2.060486268721162
anga1290,anga1289,-1.4874687588204127,2.273799828138449
anga1288,sino1245,-2.031403078986384,0.5959593048019727
ango1257,chib1249,-3.175300215335464,1.8028995043306413
anin1240,gunw1250,2.916384340256605,4.506676482417981
wara1294,more1255,-2.8986467930438065,2.8839604348635257
anuf1239,atla1278,-1.8740864555137808,1.1158717364632815
anuu1241,sino1245,-1.8317477319496287,0.9583131295160676
anut1237,aust1307,0.8140256917940298,1.2318675235297256
aona1235,sino1245,-2.6863536231234746,0.7277251412665109
aoua1234,taik1256,-5.14157537927834,6.06986444440777
apat1240,sino1245,-3.2577404466411246,1.023201894855136
apin1244,nucl1710,1.513268511919162,1.8558892994378555
apma1240,aust1307,-0.8270971046023681,0.4646052093251569
apma1241,kera1258,-1.576638290680084,2.7135377016017515
apur1254,araw1281,3.5252735162565174,2.5269718006667183
arak1252,aust1307,1.025542593689809,0.4597206680837047
aram1253,more1255,-2.810767041993745,2.9441711786211178
arao1248,pano1259,-0.694918183807515,1.4229200231586248
arap1274,algi1248,-0.0690320333701322,1.627788546922261
araw1273,tupi1275,0.1826258563803899,1.73996650289393
arbo1245,afro1255,-1.881940069798142,0.9951754134503724
arch1244,nakh1245,-0.3939105333825903,0.6509879908711618
aree1239,aust1307,1.8802596146415749,0.6652012933463656
area1240,aust1307,-1.8483993345894831,0.7522939488513494
argo1244,afro1255,0.2763383721009776,1.1152044291521523
arhu1242,chib1249,0.3712121497696006,1.1031481087112844
arig1246,atla1278,-1.9637343562276568,0.7844446036979065
arik1265,nucl1710,0.1758669327377391,1.2629871626889972
arom1237,indo1319,-4.284446820836844,2.9354123990134937
arop1243,aust1307,2.968413171923739,0.8059239774046247
arop1242,aust1307,2.044880409313582,0.7995498328420219
aros1241,aust1307,-1.3913620817718726,0.9210625494303796
arta1239,aust1307,-3.136472221692748,0.6830312837507506
asha1243,araw1281,3.077379584558817,2.0343178174015826
ashe1272,araw1281,3.070085838082167,1.967372345427826
asoa1238,cent2225,2.467593309966162,1.5655987006050829
assi1247,siou1252,2.957129716345288,4.177395883973528
asur1254,aust1305,-0.9934245663842348,1.268521131822915
asut1235,atla1278,1.5173063158210272,0.8897931782079205
atam1240,aust1307,0.2920327614925239,0.7786467538810093
atay1247,aust1307,-3.141099085210962,1.1092826739677548
athp1241,sino1245,-0.0857286494144322,0.5519769125435481
atii1237,aust1307,-3.053411222006849,1.2254384254021655
aton1241,sino1245,-2.829638612028241,1.1527078144818788
auuu1241,nucl1708,1.6068780963117857,1.2524096123076465
aulu1238,aust1307,2.242477320474736,0.3605656889379016
auye1238,nucl1709,-2.6874062673513293,1.668836202193514
avac1239,tupi1275,1.893477370889582,2.219080738742738
avat1244,atla1278,0.3834153766634531,0.7193109465515732
katb1237,aust1307,-0.1345991955642596,0.343166919022412
avok1242,cent2225,0.9215538060643218,1.0427656559824785
awac1239,barb1265,-1.63589653784733,3.76743311583104
awad1244,aust1307,2.697719127226541,0.7494522307120253
awad1243,indo1319,-4.7352902036219,2.035322931168785
awap1236,nucl1709,-3.453677804738733,1.1769420588546993
awar1249,ramu1234,-2.1735825107629148,4.788650922398039
awar1248,nucl1709,-2.8335241142781804,1.0170941029846965
awet1244,tupi1275,2.018507886070889,1.7559212652929812
awji1241,afro1255,1.8701255665469976,2.1232201021481742
awtu1239,sepi1257,-0.7099380187202897,0.8708673230353199
axam1237,aust1307,2.4514103194009405,0.375939956822652
axiy1235,sino1245,-4.18673567381702,1.8808321962957937
ayac1239,quec1387,-2.979160506241793,3.3457622750081804
azha1235,sino1245,-4.143604431856609,1.9542446569717224
baba1264,atla1278,-1.7172391204761337,0.5462166519831033
baba1266,atla1278,-1.4962007226237857,0.5440930253103868
baba1268,aust1307,-1.3577061976300704,0.8231231447895535
bada1257,drav1251,-2.746312573456695,3.896035752778099
bafi1243,atla1278,-0.2280857596168988,0.5554991823816842
bafu1246,atla1278,-1.5597805402114768,0.5508100862212473
baga1273,atla1278,-0.5242620959465172,0.9298230773432544
baga1272,atla1278,2.060310556030792,0.9689689445381616
bagi1246,cent2225,3.531709309642296,1.482311715188061
bagv1239,nakh1245,-1.2459184150239857,0.5995608072185235
baha1259,afro1255,1.693893529180452,1.97835689331065
bahi1252,sino1245,-0.7959610273105827,0.5205593796065671
bahn1262,aust1305,-4.238958691098539,1.9670586277835973
baim1244,sino1245,-3.3842641139683365,1.5801102169093078
baka1272,atla1278,2.11571368778892,1.057535725606952
baka1274,cent2225,3.6066732650576543,1.204024157573219
baki1244,aust1307,-0.2310383229510173,0.4299526736562793
bala1316,aust1307,-2.625625224717877,0.8913867650114469
bala1311,aust1307,-3.077418539013175,1.420699263183236
bala1315,aust1307,-0.3755238803639833,1.0619240987138312
bali1278,aust1307,-0.5392089462305709,1.1882663359545609
liki1240,atla1278,2.8142398041063275,0.8619601628487406
bamb1270,aust1307,0.8159360242505389,1.0536171998810475
bamb1269,mand1469,-3.0181283716538534,2.452792105894302
bamu1253,atla1278,-1.263049217583753,0.6010406033500217
bamw1238,atla1278,2.5665215592613,0.817737906153015
band1344,atla1278,-1.1771210230084592,1.1960480334550585
band1340,atla1278,1.9384542614133744,1.033082504170629
bang1363,bang1363,-3.308895845311351,7.108610747973726
bang1369,sino1245,-3.5019723749219773,1.2568469615550732
guar1293,araw1281,4.235204695681491,1.7610844417333933
bani1255,araw1281,4.08359602584127,1.904865102012856
bann1247,aust1307,-0.6411263170047329,0.6984311885927283
bant1281,sino1245,-2.740784485410769,0.5244690261767584
bant1288,aust1307,-3.115016649216056,1.2403504386179556
bara1357,sino1245,-3.598350550172234,0.9056576013625132
nucl1630,koia1260,-2.7918497460344684,2.2124415771909245
bara1369,aust1307,-2.0884728909164147,2.1776990471095097
bara1361,atla1278,2.403471187930972,1.1468191040486229
bara1370,aust1307,-3.311822271512543,1.388067850819187
bard1255,nyul1248,0.996800636939864,1.8178601833716852
bare1276,araw1281,1.721282582428958,1.7237427006462038
barg1252,nucl1709,-2.8903631386879787,1.1410935654095675
bari1286,aust1307,2.749335096189106,0.6797420115923316
baro1253,aust1307,-2.4616080457476794,0.6880122839939453
basa1282,atla1278,-2.0161031815096147,0.8272639443865764
bash1264,turk1311,-4.437657841089666,5.860367066528515
basq1248,basq1248,1.768301059175326,4.51005924139965
bata1293,aust1307,0.653699360695883,1.0804349987725637
bata1289,aust1307,3.065264589358602,1.2733828337643214
bats1242,nakh1245,-3.735583668134746,0.9367595822931564
baur1253,araw1281,2.8319270947639814,1.886246778790568
bauz1241,geel1240,-2.107458253799164,4.7615979359600775
bayb1234,aust1307,0.5260363292004805,0.9825288963043484
bebe1248,atla1278,-0.843043777631987,0.8572833134190052
beel1236,afro1255,-1.5301907973582194,0.6979021377664285
beem1239,atla1278,3.500023524018827,1.7887816721894012
beja1238,afro1255,0.887270337633012,1.4903255550491965
bekw1241,atla1278,-1.012401330428836,0.738325018200678
bekw1242,atla1278,-0.6833010375888189,1.0082729497025689
bela1256,nilo1247,0.0548434988174036,1.3815493217517858
bela1254,indo1319,-4.6028800310539735,3.3356767322079
nyal1254,aust1307,0.3081954169501062,1.0307065894966598
belh1239,sino1245,-0.0295288374654341,0.5160498317479458
beli1257,cent2225,1.3338483706526478,1.222108676166533
bell1243,sali1255,-1.8372358303027188,2.1557492932393707
bemb1257,atla1278,3.8515684705939193,2.168075984272729
bena1262,atla1278,3.5753643586572745,1.5553472155609
benc1235,gong1255,-2.99892449062493,1.6707771683534496
bent1238,dogo1299,-3.7373244596929514,5.3011217364785175
zagh1240,saha1256,-0.3081037770240939,2.0962565061727805
bert1248,bert1248,-1.4094323517786689,3.731116249398767
bezh1248,nakh1245,-1.2912840699734198,0.6264353428070564
bhoj1244,indo1319,-5.378970820476328,1.9394772151342643
biaf1240,atla1278,1.5338109119877943,1.044757068652272
biak1248,aust1307,0.594840463770518,1.088214475670302
bian1252,kuni1270,0.6363843970660757,1.1771349309235577
biao1254,hmon1336,-4.731551583085649,6.432835209702408
biao1256,hmon1336,-4.698098948376689,6.462791635605878
biat1246,aust1307,-3.030811936115376,1.7335996319661593
bier1244,aust1307,-0.2416479527716251,0.4179376597500468
bign1238,aust1307,1.9185819819322647,0.3910084343425453
biha1246,aust1307,-3.5224650687827928,1.824958594183277
bila1255,atla1278,2.325199546938997,1.194708934985414
bilb1241,aust1307,2.509531004141134,0.7724849212476208
bili1260,afro1255,0.1937509846578777,1.2800570831438185
bilu1245,bilu1245,0.6833796385551233,2.941364748248528
bimi1240,nucl1709,-4.708694573755101,1.6836773104115732
bina1277,nucl1709,-5.971373409851866,1.586430069107342
bine1240,east2503,-0.871697533559309,1.4897494514615843
bini1246,atla1278,-1.3739238884999287,0.9101702569991268
gunw1252,gunw1250,3.8107129601777703,4.387912395258361
birr1240,cent2225,2.192159780859177,1.6880151839822908
bisu1244,sino1245,-4.003588048114574,1.6203991895436616
bitt1240,aust1305,-4.527061308999027,1.915095054660892
biwa1243,yuat1252,-2.494160444404601,5.318740794023256
blab1237,aust1307,-1.9042961091668336,0.8336574930657932
blan1242,aust1305,-4.244507201709214,1.8433082363865747
bang1354,atla1278,3.2344258026410437,1.4531515951493592
bobo1255,aust1307,-1.3607873209921364,0.9887387851960376
bodo1267,aust1305,-3.352693052961059,1.5817802951120132
bodo1269,sino1245,-3.046419183329361,1.0177821546426775
boka1249,sino1245,-3.581875548675345,1.3868911103805424
bola1250,aust1307,1.6434776478717503,0.714376211917104
bolg1251,atla1278,-1.5762476875492006,1.309244208589698
chim1302,quec1387,-3.264384670247748,3.3344224942972023
bolo1262,atla1278,2.972905635541239,1.0262125555741974
boly1239,aust1305,-4.385931338498801,2.323847767961791
bomb1262,atla1278,2.2580981345491336,0.7912380809601061
bomk1234,atla1278,-0.6243744619211955,1.0624213869492518
bona1250,mong1349,-4.495355303918549,6.001048601171114
bond1247,atla1278,1.9476597992017932,0.9281833085947556
bond1245,aust1305,-3.091593326127928,1.1461801955617652
bong1289,aust1307,-2.4833678770186056,1.2081175080169064
bong1285,cent2225,1.4064779052140928,1.3223575252235094
bora1263,bora1262,-2.150602086465671,4.994558425898501
bora1271,afro1255,-2.214578729311943,1.2343305082749616
bord1248,chib1249,-3.349264989972886,2.1164192956278214
bori1243,sino1245,-3.406044716590982,1.1057992810805573
boro1277,gong1255,-2.712208983974732,2.2428031249029203
boro1282,boro1281,1.991875300393588,4.841684298745845
boto1242,aust1307,-3.332423331700004,1.1107996990259856
boun1243,atla1278,0.7399024444199878,1.017544144062425
boun1245,nucl1709,-6.83341608713129,1.470963528374405
bouy1240,taik1256,-5.290694647744239,6.003345663112928
brah1256,drav1251,-4.707480400474118,5.805470607463064
lave1249,aust1305,-4.344723500964778,1.8945922809364752
bret1244,indo1319,-2.1620346030084923,2.311211288624367
brib1243,chib1249,-0.5256857848048399,1.4040792573287852
bube1242,atla1278,0.0181833649104063,0.9251727624606368
bubi1250,atla1278,0.6451686453755525,1.075435207945457
budu1248,nakh1245,-0.767672611801369,0.8498297367469831
budu1265,afro1255,0.536781224948714,0.9715877073422304
budz1238,atla1278,3.4169342060126504,1.2333055068192813
buga1247,aust1305,-4.451611562699407,2.281907606852199
buga1250,aust1307,0.8264191962057512,0.5417380720400828
bugh1239,aust1307,-1.9274931433562,0.7967375658890834
bugi1244,aust1307,1.5146461876866586,1.0560919059534868
bugl1243,chib1249,-3.1763461816011658,1.995613030475054
buhu1237,aust1307,1.1786684426578518,0.7969991524228099
bujh1238,sino1245,-0.8670181829357351,0.8411286262090023
buka1257,aust1307,-3.11931367552024,1.7198374165342951
buki1249,nucl1708,1.6743226690661497,1.254666621227475
bull1247,atla1278,-0.1124313008172883,1.0094607122321424
bulo1242,aust1305,-3.8343080124591866,1.9276533766476904
bulu1251,atla1278,-0.2443024695567746,0.8200338319645404
bumt1240,sino1245,-3.709141323911733,1.1682243802919334
buna1278,timo1261,-2.2317978415990223,2.2904245132736207
buna1276,aust1307,1.8481883889744253,0.8362238433750946
gahr1239,sino1245,-3.534982370079672,1.8206810328199785
bund1253,indo1319,-2.766427952767554,2.380160559532275
bunu1267,aust1307,-2.8619895366213366,0.7122441458486843
buol1237,aust1307,0.1419926451054282,1.0465803610579112
bura1292,afro1255,-4.2421530726073815,0.8547192103952597
bura1267,mani1293,3.072566327826577,5.410809197587756
bure1242,afro1255,-1.5180883869031636,0.715209146834983
burj1242,afro1255,-2.1494988179755503,1.323991137879304
nucl1310,sino1245,-2.0224881568559265,1.0428044970446455
burm1264,burm1264,-0.9771744581733623,3.2031067105919018
buru1303,aust1307,3.3642334470723765,1.6136582466805134
buru1320,afro1255,-2.0565233696515586,1.1060529323073425
buru1296,buru1296,-2.094819623506188,5.12803510064262
busa1253,mand1469,-3.1719857750583813,2.380720783093679
bush1247,atla1278,3.671252100345977,2.214014363468909
buwa1243,afro1255,-0.9970744937167852,0.5481647118468587
bwai1242,aust1307,2.043071217177712,0.6692860932155895
bwat1240,aust1307,-1.0025776437834142,0.837415506525037
byan1241,sino1245,-2.8369213241719846,1.425770267209579
caac1237,aust1307,-0.392814598245792,0.802225228164362
cabe1245,chib1249,-2.904446051819495,1.5350912040299836
cahu1264,utoa1244,0.4987483684406183,1.4039841502250372
cakf1236,afro1255,-3.70820747853241,0.9094308008787788
cald1236,quec1387,-3.070029994027112,3.177501863608933
caml1239,sino1245,-0.2919687259101771,0.4771405928978112
camp1261,indo1319,-4.06273748644551,2.764293050909677
cams1241,cams1241,1.573925628168415,4.036560742824602
cane1242,nucl1710,1.4150937844344158,1.9433038272802656
caom1238,taik1256,-4.981425651890398,6.135390734882261
carn1240,aust1305,-3.0303440465255584,2.0045657145223856
caro1242,aust1307,1.1320840620800408,1.6566692993274543
cash1251,pano1259,-2.7794253565820872,1.8649041878536643
casi1235,aust1307,-3.1388837758448367,0.8000483493860937
stan1289,indo1319,-1.5139012948059525,2.056237359604502
cavi1250,pano1259,-3.105170626740771,1.6135172577608683
cayu1262,cayu1262,1.450267481123903,3.7797653916327514
cebu1242,aust1307,-2.922744889675129,0.9132975231306126
cemu1238,aust1307,-0.8321576583289739,0.782199826239351
cent2127,eski1264,-4.653137554574452,5.565100519547034
cent2142,ayma1253,-2.147832814005487,3.298178340434169
cent2004,sino1245,-3.63263740157748,1.2902957359820793
cent2292,aust1307,-3.14458914162287,0.6880959871515735
cent2084,aust1307,-3.086698907108976,0.8506137044347994
cent2314,aust1305,-3.5319587980531253,2.0179526967837944
qaua1234,taik1256,-5.182120422728323,6.022000523110733
guer1241,utoa1244,2.1457302527465405,1.35755421813567
cent2050,saha1256,-1.7106922709287666,2.1019697413182943
cent1989,aust1305,-3.764372673555495,1.9925133452688435
mala1479,aust1307,-0.7698739088745072,1.1423666824142291
cent2322,ural1272,-3.2908927673398,4.45816254526944
cent1992,aust1305,-4.02011021659773,1.868999803268487
cent1990,aust1305,-0.4304098885293522,1.6094138908706768
cent2126,japo1237,-4.189075898617386,6.029465534070168
cent2091,aust1307,-0.6979795678544641,1.261319491496769
cent2140,miwo1274,-2.1325684824109965,3.44982072734999
cent2090,aust1307,-3.2820999154256043,1.5557821625403072
cent2131,utoa1244,-0.8913030511119189,1.0412689345184931
cent2150,chib1249,-0.773545014882233,1.6126098290754207
mbal1255,atla1278,2.927286095443478,2.2853856163273285
chac1251,pano1259,-3.2407722268425205,1.6685407936510686
chad1249,afro1255,1.099007427626278,1.304590249710362
chak1270,sino1245,-1.8639144456889656,1.0473887278515903
chak1271,atla1278,0.5722459524683723,0.8654258120437799
chal1275,afro1255,-0.9022976532167408,1.3966358449217005
cham1315,zamu1243,0.9755060357511192,3.3211570959645087
cham1309,nakh1245,-1.2269429543075228,0.6413300159491069
cham1312,aust1307,1.006466766605634,1.549109738291646
chan1313,sino1245,-2.838073220827228,0.8199163852304583
char1269,gong1255,-3.069237959652724,1.470236877142483
chas1234,sino1245,-3.397138205862187,1.20126468706691
chec1245,nakh1245,-0.5784817059723073,0.945843650825994
chek1238,aust1307,-4.494119286469888,0.8492977361419456
chen1255,drav1251,-5.420381879572423,4.625642554591677
chep1245,sino1245,-1.0235341684511925,0.803451341711126
cher1273,iroq1247,3.4107438178615026,4.893442339143465
chey1247,algi1248,1.1124402092374397,1.770652924118174
chic1270,musk1252,1.6945164983301182,2.229286850014025
chig1238,atla1278,3.146714450061105,1.4457048350787076
chil1280,atha1245,2.852712395873336,3.6527962739980255
chim1309,chib1249,-0.2527403488139824,1.2317696127367768
chim1312,atla1278,1.8558720397545576,1.8098506783528592
chhi1245,sino1245,-0.1344739262723013,0.516380349404578
chip1261,atha1245,3.655010371796601,4.589737753364116
chip1241,algi1248,-0.0053170220299926,1.7976188035522398
chir1283,sino1245,-1.4032987936841357,0.540332129765055
choc1275,sino1245,-3.5948848189233185,1.13447879847139
choc1276,musk1252,1.5706838097633722,2.159601768325544
chon1284,aust1305,-3.554890019306666,2.006791943814479
chot1239,sino1245,-0.8039300932032256,0.5004175598012637
chra1242,aust1305,-3.688816834910305,2.056400747347052
chuj1250,maya1287,2.541481467813614,1.1745595545558256
chuk1273,chuk1271,1.5347163060698006,4.189704159273881
chuu1238,aust1307,-0.5719187250644373,1.3575981360505054
chuv1255,turk1311,-4.461228772849701,5.624869778564925
chuw1238,atla1278,0.9415459903245348,1.6476277243144055
cici1237,atla1278,1.30040374441002,1.188619957329033
chin1286,chin1490,1.7775755877687482,4.438776058452095
cent2087,aust1307,-2.6942447656648514,1.1709398251509349
coat1243,otom1299,-1.6160417387818762,0.8235022660248745
coca1259,tupi1275,2.5390818392401804,1.999655334155733
coeu1236,sali1255,-0.9039541937975466,1.467630704882943
cofa1242,cofa1242,0.5619114713171953,2.963041834548905
colu1241,sali1255,-0.8875332367100394,1.3404598158880567
coma1245,utoa1244,-2.3269015023000192,2.293739431828442
como1259,sali1255,-1.954418378399612,1.8891220147658243
cong1236,atla1278,3.87185082909051,2.1622708154283323
copa1237,otom1299,-3.2274045351737444,0.7929353312413348
cors1241,indo1319,-4.292331171939621,2.702128844654217
cosa1234,sino1245,-4.231664163225259,1.6881217358884903
cota1241,aust1307,0.0907009446782929,0.8772665755665283
crim1257,turk1311,-4.149795060116042,5.505184873412752
cros1244,atla1278,2.091465201929325,0.7387494237692724
crow1244,siou1252,2.5505835975290263,3.800048788498693
cube1242,tuca1253,-3.2191283924531886,3.5213877242555327
culi1244,araw1282,1.0122334996878468,3.063739386824444
curr1243,araw1281,4.384509886917648,1.848773057638013
cusc1236,quec1387,-2.920659576043918,3.385248087509225
cypr1248,afro1255,1.519508427033535,1.7749362696882365
czec1258,indo1319,-4.6266428814273945,3.115711543678491
daai1236,sino1245,-1.992972699951185,1.049338405367484
daak1235,aust1307,-1.1853450037568944,0.9639637221130322
daas1238,afro1255,-1.6616681130876754,1.0684377796076063
dadi1250,tebe1251,-2.7290067184516578,5.7543490909479775
dagb1246,atla1278,-2.0063506633561468,0.9731351201366678
dagi1241,narr1279,0.461114591589002,1.4406810944743835
daur1238,mong1349,-3.981620343577533,6.659659720052804
daha1245,afro1255,-0.2331773626939786,1.208222613934156
daka1243,aust1307,-0.443965928278073,0.3831756670122104
damp1237,aust1307,-2.5035557192865627,1.154723152772604
dana1252,aust1305,-3.279925689678381,1.7883884190498769
dand1238,drav1251,-5.461571413507311,4.346652048589523
dani1285,indo1319,-4.589016331904292,3.2320517008796736
dara1250,indo1319,-2.6458977732419404,1.7513366597213285
dard1243,daju1249,-3.405985439145587,7.044001069749088
darm1243,sino1245,-2.762688340892417,1.4254058620566443
daww1239,nada1235,-2.308921963352818,4.238120394053087
dawr1236,gong1255,-0.6738296129325261,1.267808439432148
daza1242,saha1256,0.8878445141580888,1.86097448381998
defa1248,ijoi1239,-2.3029501408951867,5.089528128369513
dege1246,atla1278,0.2815669718493456,0.8483003361384185
dehu1237,aust1307,-2.9724623543465047,1.0202713716818297
dera1245,sena1264,-1.2773885555377524,3.472558308805972
dera1248,afro1255,-4.314386844690801,0.8352566179617522
desa1247,tuca1253,-2.9414425720920576,3.315396250781633
dhao1237,aust1307,-1.1141888130216129,1.110496171768972
dhar1247,pama1250,-5.71443538677798,3.599754433244497
dhim1246,sino1245,-3.264869613003845,0.96024968895507
dhuw1249,pama1250,-3.9754067356933,1.9940093692940533
dibo1245,atla1278,-0.3955420956074271,0.9730560582031772
dier1241,pama1250,-5.760081014129546,3.3522466759381864
digo1243,atla1278,1.9370698469217624,1.0467519641957406
dima1251,sino1245,-2.136171697236166,0.715958286724149
dizi1235,dizo1235,0.7489275086144975,2.2070170498568924
djam1256,pama1250,-3.7504245739533135,2.1250386959058503
djee1236,mani1293,3.172563741010592,5.428120049847829
djeo1235,nucl1710,-0.0634621533076499,1.3381994764481109
dobe1238,aust1307,2.911393509401817,1.6481440055926022
dobu1241,aust1307,2.019598295910487,0.7495361322866305
domm1246,nucl1709,-6.40827420756821,1.289612503836434
doma1260,indo1319,-5.380630143217874,2.74919628676982
dong1285,mong1349,-4.550984532907728,6.018861540044892
doro1266,manu1261,-1.269588244687683,3.4584911332173967
drun1238,sino1245,-0.8889408653643043,1.0608415127457995
chug1252,sino1245,-3.49981275222221,1.1693813075548647
dumb1241,aust1307,-3.4581079149896152,1.2199454547335795
dumi1241,sino1245,-0.339613193759352,0.508949662757324
duna1248,duna1248,-2.993196210884331,6.225579536809316
dupa1235,aust1307,-0.707492774424494,0.7643469510505607
duru1236,drav1251,-2.7911112967346474,4.013322177690102
dusn1237,aust1307,0.983622182837682,0.9775272574512002
dutc1256,indo1319,-4.346580096998537,2.911445418481578
dyir1250,pama1250,-5.693618707272796,3.2101708638240662
dyul1238,mand1469,-3.714448716829725,1.838357247465769
dzao1238,hmon1336,-4.688585550352153,6.4314313952255535
dzon1239,sino1245,-3.550899578431439,1.191221323388861
east2443,aust1307,1.4998979326298774,0.554348114252134
tang1336,sino1245,-1.1874788115258672,0.5228864488429146
nucl1235,indo1319,-5.09307307237077,2.395227266981138
east2379,pama1250,-5.547298841841709,2.9342042560751134
sout2896,aust1307,-0.2902797736126512,0.7670950915589749
east2555,tupi1275,2.224987672288947,2.1874427963796315
east2332,aust1305,-4.5059907149682505,2.1170784270998624
east2563,aust1307,-3.192269827990793,1.9573585074036048
east2690,afro1255,1.5834198058166342,1.7328221345686077
east2556,otom1299,0.5586398216342299,1.1008763955836525
east1236,aust1305,-4.399504033705238,2.046656814585852
east2342,sino1245,-3.6171706601404634,1.5680439591580964
east2782,atla1278,3.540319666438368,1.9711623399526328
east2328,ural1272,-5.9287953989634445,4.584581751544363
east2333,aust1305,-4.120169583656926,1.9030285444938533
east2773,sino1245,-3.482206772581178,0.6759634727304817
panj1256,indo1319,-2.985242601117412,2.293053595874756
east2485,aust1307,-3.346126458216955,1.1883049656520477
fina1242,aust1307,-3.128690039713762,0.6445841627757005
east2694,aust1307,-3.148642093085931,0.9549373950929904
east2447,aust1307,-2.4447242545553016,2.095608828608219
east2516,nucl1709,-6.915932604509591,1.5320350706816015
east2440,aust1307,0.7699297309165454,1.1608910604605729
huaa1248,tuuu1241,-1.2617493180365538,3.6960792647818943
wall1257,aust1307,-2.2663895424876603,1.943966841122384
egyp1253,afro1255,2.2125436503514986,1.9995498773845792
eipo1242,nucl1709,-4.191992310715492,1.752049857891393
ekar1243,nucl1709,-2.835348799558186,1.714683125317693
elem1253,atla1278,2.850182852152624,0.8160985417248678
elip1238,atla1278,-0.0558995384622202,0.5659081914979041
elna1235,utoa1244,1.2014210657857556,1.049451464564207
emae1237,aust1307,-0.4438251690766943,0.5880254384797503
emai1241,atla1278,-1.7931294140100689,0.8073708580400378
embe1262,choc1280,-4.793734777060852,3.982118836207179
stan1293,indo1319,-3.8201667035322338,2.8355564693928166
enuu1235,sino1245,-4.249505422977261,1.6840018698570771
epen1239,choc1280,-2.319448090270539,3.6663378316051887
ersu1241,sino1245,-3.698725733448022,1.4337011635127208
erzy1239,ural1272,-3.3150034725338458,4.17684354599915
esan1238,atla1278,-1.2335524159771456,0.8366234766260536
esee1247,koia1260,-2.349734999300639,2.2941884855711105
esee1248,pano1259,-3.1504834582807346,1.6647734629153703
esim1238,atla1278,-1.589980795186224,0.6046373323498653
esto1258,ural1272,-5.874456185754858,4.880016848279669
eton1253,atla1278,0.0304270565624094,0.634090585453837
even1260,tung1282,-4.045726460842463,6.456544257707453
even1259,tung1282,-3.951157944128034,6.389151133624126
ewee1241,atla1278,2.7390206569943563,0.9360872766538328
fala1243,sino1245,-1.6494655891738697,0.8927573384680159
fare1241,atla1278,0.3027751868611168,0.940854876873466
faro1244,indo1319,-4.354846369615128,3.4211906207941336
fasu1242,fasu1242,-3.0895500619566967,6.394199281627828
fiji1243,aust1307,-0.9083356414648992,1.471707106951312
fili1244,aust1307,-2.5257507057824147,1.0461237198054256
filo1235,toto1251,3.616538886372493,4.228744406788563
finn1318,ural1272,-5.785188863344192,4.981217539069668
foii1241,east2499,-3.045182583906565,6.310933237083759
fonn1241,atla1278,-0.8079741516033878,0.8267889844690206
fore1270,nucl1709,-3.615994220854156,1.2149116640554318
fore1265,ural1272,-3.1853781590928065,4.201747255604872
fran1266,mixe1284,3.1069804338798663,4.543003166798851
stan1290,indo1319,-1.528441871201861,2.087797093862836
fuln1247,fuln1247,-2.819033502765123,6.800892411121081
furr1244,fura1235,1.803440575449533,4.45458696049442
furu1242,cent2225,1.5829277828972188,1.4582255165115043
futu1245,aust1307,-1.4399548946486478,0.934793466238979
fuyu1242,fuyu1242,-2.3973385838995727,5.151715256482803
gaaa1244,atla1278,0.4818792830723644,1.0587062161129452
gaam1241,east2386,1.586519113597232,4.0109457347502
gaan1243,afro1255,-4.300688146796015,0.8244142048095497
gada1258,aust1307,-3.1641526805522275,0.6709679240298421
gade1242,atla1278,0.6626354834351482,0.7732218482553392
gaga1249,turk1311,-4.183029473920987,5.59982383035282
gala1264,afro1255,-1.4897065946177237,0.7106736379992888
gale1259,nort2923,3.8706181519416254,3.328366061786225
gali1262,cari1283,1.647699998972835,1.9813136933240576
gali1258,indo1319,-1.6265120627794625,2.0232245668563387
galo1242,sino1245,-3.5366624936397058,1.194835766287465
gamo1243,gong1255,-2.982682049938948,1.3815501283218108
gand1255,atla1278,2.788426957212637,1.2856097030773448
gang1267,tang1340,-3.2692080984316467,4.7672929660848
gang1266,sino1245,-0.7045857632681378,0.4899541460426473
gant1244,nucl1709,-6.010615511069932,1.2745196346553982
gapa1238,aust1307,1.7702524269975972,0.684892682402241
boht1238,afro1255,-0.7779640717833128,1.4559565422862075
gari1256,araw1281,4.437456815051984,2.7749449236738464
garo1247,sino1245,-3.063017896667481,1.1879313953293682
gara1269,garr1260,-1.1896993500826902,3.554172580774072
gata1239,aust1305,-3.287203475050173,1.4772692122975997
gayo1244,aust1307,-0.2113656853582544,1.0650328104978222
geba1237,sino1245,-3.173092953720438,1.5317435411619105
gebe1237,aust1307,1.1121685536137131,1.1693837109887628
geda1237,aust1307,2.544045316287156,0.7768330978083657
gela1263,aust1307,-1.838707601117486,0.7239149286676856
nucl1302,kart1248,1.602720978800461,3.0522109564872157
geru1240,afro1255,-1.4361923700017016,0.7910650474041354
ghad1239,afro1255,1.8601467343711011,2.149613665873796
ghan1242,aust1307,-1.0326018206389642,0.7086680694873522
ghar1239,aust1307,-1.6115919077985008,0.7712748579716635
gheg1238,indo1319,-4.379570613908588,2.953427527089744
ghom1257,afro1255,1.6009709857091474,1.851791781818097
giiw1236,afro1255,-1.550296973517449,0.7000359517645087
gilb1244,aust1307,-0.8535612200768025,1.823151720814863
gira1247,nucl1709,-3.1553923105641704,1.105488927257765
giry1241,atla1278,1.7494843934008664,1.1233786577405669
gizr1240,east2503,-0.927285877596402,1.5034705083741962
glav1244,afro1255,-1.0070128755894232,0.5588476418879438
ghod1238,nakh1245,-1.0613616262128025,0.6766434039731628
gofa1235,gong1255,-3.1300042664088594,1.2902917305322583
gogo1265,suki1244,-3.338485479229805,6.811108859887599
gola1255,atla1278,-0.6657329111453514,1.2525823941729524
goli1247,nucl1709,-6.482759808997471,1.3232616188513298
goon1238,buna1274,1.894622978855014,4.66399857441568
pare1266,aust1305,-0.3051257792172194,1.053182423529762
gras1249,koia1260,-2.7264256154045747,2.25659481506238
guah1255,guah1252,-1.4689434158014292,3.907861774012191
guam1248,barb1265,-4.071310248875946,4.5368593549457295
guat1253,guat1253,2.0690117143135587,4.961436364842008
gube1234,atla1278,1.952772050484186,1.222213328001846
gude1246,afro1255,-4.300741607145706,0.7060747664903868
guer1243,otom1299,-2.971686029098439,0.8430206173157533
guhu1244,nucl1709,-5.774491253592965,1.4670088082752528
guiq1238,sino1245,-3.506140209269337,1.1758378635157456
gulf1241,afro1255,1.178938882740181,1.498981402626928
guma1254,aust1307,2.108304261262026,0.7637969116696937
guny1241,pama1250,-3.2685929130083995,3.31048780655561
gura1251,indo1319,-2.784697408460059,2.093847810034969
guro1248,mand1469,-2.744936053687142,1.7982546320359385
guru1261,sino1245,-3.417132772573666,0.5799866114882839
guru1271,afro1255,-3.8820145309898826,0.7879961414508898
gusi1247,atla1278,3.126186086828969,1.2183136069923748
gugu1255,pama1250,-5.620500009348392,2.987535328914876
kwam1249,koma1264,0.0695857277630473,1.7129818339184997
gwen1239,atla1278,1.810581197352235,0.8977067060803439
gyel1242,atla1278,0.4166523686859991,0.9900880785395358
haaa1252,atla1278,3.585192754028532,1.7171661746546736
hadi1240,afro1255,-2.684733895320247,0.942624722985812
hadz1240,hadz1240,-1.2783786065996263,3.5461655126894573
haka1240,sino1245,1.5645682046697715,0.7707700539005575
hakk1236,sino1245,-3.4177023959740893,2.4636273189682925
hala1252,aust1305,-4.371128645490269,1.9131353483028557
halh1238,mong1349,-4.032626723673424,6.276264961952975
hali1244,aust1307,-0.5937126807819685,0.7496263683510893
halk1245,sali1255,-1.6780047976174588,1.4504465372000013
hame1242,sout2845,0.5966176319523586,2.9113135589875387
hang1263,nduu1242,-3.824451789853272,3.264577143735594
hani1248,sino1245,-4.22065285201643,1.8291503850083932
hano1246,aust1307,1.413195027752184,0.5524232281931081
haro1237,aust1307,-3.4987443217281258,1.9280032287364277
haru1245,piaw1238,-2.719363430279548,4.550378963998872
hass1238,afro1255,0.8607313569352313,1.7034713647573092
hata1243,hata1242,1.9327680680726076,3.087659273170045
remo1247,aust1307,-3.211216327399105,1.1227523823728802
nige1253,atla1278,0.3969361372693152,0.8543254903629602
hava1248,coch1271,1.9940121620340705,3.816564128289288
hawa1245,aust1307,-2.375490477654931,2.537251645568908
hehe1240,atla1278,3.117827279394234,1.4114289754162923
heil1246,waka1280,-2.036555684585591,3.639059433090596
here1253,atla1278,2.731821046612092,2.1449230322808166
hida1246,siou1252,2.690370086346154,4.074140505181759
high1276,mixe1284,2.9572358513707035,4.207869382289722
high1278,utoa1244,2.487176854805028,1.2475355239462689
high1243,toto1251,3.63554330566327,4.200222880050568
hili1240,aust1307,-2.914913187618032,1.199788889886026
karb1241,sino1245,-2.4046846082480555,0.7874781838211788
hind1269,indo1319,-5.410967471623016,2.629080781952979
hinu1240,nakh1245,-3.8507689007738417,0.6930128319862039
hixk1239,cari1283,2.498771620902159,2.179648428355316
hlai1239,taik1256,-5.214152802297794,6.391992469005239
hler1235,sino1245,-4.102683726386903,1.5935858006589356
hooo1248,aust1305,-1.0757437526865838,1.1990535689965327
hoav1238,aust1307,-1.3908774813461529,0.6598459446963378
ainu1240,ainu1252,1.4479373561798392,4.038433576060345
holo1240,atla1278,3.830086919118251,1.935962142366336
hone1235,atla1278,0.179132815618447,0.6594227416264449
honi1244,sino1245,-4.186779847699614,1.683335155626153
hopi1249,utoa1244,-2.454315614022861,1.8269662228870496
hote1245,aust1307,0.500736212380887,0.4987366013547447
hozo1236,maoo1243,-3.1064845276339152,6.546027895517781
hrus1242,hrus1242,-3.997478720482284,7.976247067566065
huuu1240,aust1305,-4.402555252673176,1.8440636340346472
hual1241,quec1387,-2.7999742879712017,3.017685052917944
huam1247,jiva1245,-2.443483303679532,2.8983806485716777
huar1255,utoa1244,-1.1043232435759702,0.9950418956601564
huas1242,maya1287,-0.4201110214345993,1.7759760375628115
huba1236,afro1255,-1.6998902942653906,0.7091835516394038
huic1243,utoa1244,1.370100127314256,1.1396019159681767
hula1239,aust1307,0.9681205860008306,0.740736791326599
hula1244,afro1255,-0.2599322654110076,1.4318079700177773
humb1243,song1307,-3.822111650613339,5.09965465490156
hung1275,aust1305,-4.502777351458432,2.192613225473547
hung1274,ural1272,-3.2473847248035623,4.421754847270087
hunz1247,nakh1245,-1.2245547999617,0.6310746575033654
hupd1244,nada1235,-2.5450347819966943,4.276709667995218
wyan1247,iroq1247,3.107725417540618,3.7460910371364537
hyam1245,atla1278,-2.0960303565581864,0.7967024642137588
iaai1238,aust1307,-0.5669054758612722,0.8845711617854874
iama1237,aust1307,2.090184729732308,0.7063403939895441
iatm1242,nduu1242,-4.039431722507241,3.3531442874665505
ibal1244,aust1307,-0.5773734866856918,0.6321646388844897
iban1264,aust1307,-3.2197331279632664,1.741084456699845
iban1267,aust1307,-0.7210516796486999,0.677446952854158
ibat1238,aust1307,-2.8507812553687284,1.1668448463389591
ibib1240,atla1278,2.578692657403228,0.8317134277576095
icel1247,indo1319,-4.466459771778471,3.5384867843229806
idaa1241,aust1307,-3.0471852157700647,1.300380041351687
idii1243,paho1240,-2.2276966195540746,3.589792074642532
idom1241,atla1278,0.7539134492022361,0.7748851254349347
idum1241,sino1245,-3.5701507279642923,1.574135336315294
idun1242,aust1307,2.079702159469454,0.6933724688477607
nucl1417,atla1278,0.4283972255319552,0.7916600890442194
igna1246,araw1281,3.15855131338039,1.921760393899227
ikkk1242,kuli1252,-2.5813337866777366,5.729254094671618
iliu1237,aust1307,0.351595480995865,0.8034561198235011
ilok1237,aust1307,-0.7509947382181269,0.6945167813434505
ilon1239,aust1307,-0.6182611178700914,0.6308608286143844
imba1240,quec1387,-3.0880127078138333,3.234822258344023
imon1245,bord1247,1.6990432305439267,4.023680464386
ingr1248,ural1272,-5.808851907946005,4.875609164931388
ingu1240,nakh1245,-0.85706397814379,0.9699323245949074
alba1269,aust1307,0.2019385673977972,1.0093804191185392
iqui1243,zapa1251,0.1994997538490475,2.1070278543094627
iran1262,aust1307,-3.157053536091791,1.3772023020417556
iraq1241,afro1255,-1.9716099401480531,1.0746599530096486
irar1238,aust1307,3.486926075755873,1.139509903133984
iray1237,aust1307,-3.304288994010455,1.3935922001402208
iris1253,indo1319,-3.8251470915346992,3.0366459879689325
irul1243,drav1251,-5.242912832372559,4.630805691569113
kris1246,skoo1245,1.8167881797946288,4.222428452652215
isco1239,pano1259,-2.475030089634246,1.5964499502085123
isin1239,aust1307,-3.0099731439623394,0.6314534047160585
isir1237,kwer1242,0.9810486788334476,2.9719992520153893
isna1241,aust1307,-2.488696307620747,0.9149791808317378
isth1240,utoa1244,1.812997427234455,1.22826241854845
isth1242,utoa1244,1.8780250495460908,1.1965593125693257
isth1241,utoa1244,1.8991484562955472,1.2212741013447452
ital1282,indo1319,-1.928068462106297,2.3181167349997445
ivat1242,aust1307,-2.573088533021262,1.2801640186016705
iton1250,iton1250,1.4194883794468829,3.73340494179954
itza1241,maya1287,1.965342791389328,1.4371377152349254
iumi1238,hmon1336,-5.276185813233542,6.54643372887824
iwal1237,aust1307,3.0222753375745537,0.5568942267585122
iwam1256,sepi1257,-1.219002164890855,0.925456849356113
iyoo1238,nucl1709,-2.869887036325316,1.0350434282842116
jahh1242,aust1305,2.397467352237842,0.9862376038296006
jalk1242,mand1469,-3.704914577083199,1.8638383360309767
jamb1236,aust1307,-0.2098992662520354,1.406757386738093
djam1255,mirn1241,2.475991272884022,2.9115420451433494
jams1239,dogo1299,-3.741908843038801,5.198062737696736
nucl1643,japo1237,-3.9221951011024414,6.707602878069619
japh1234,sino1245,-0.3924737515148231,0.9138381810452464
jaqa1244,ayma1253,-2.2437391649812173,3.7404725998749786
jara1266,aust1307,-3.6613550141185063,1.8631777784741332
java1254,aust1307,-3.260458368709737,1.6658301604153287
jede1239,aust1305,-0.2719594460172465,0.798826915309931
jehh1245,aust1305,-4.3635057792961,1.9729242458090892
jeha1242,aust1305,-0.1794506354967437,0.8172921583749897
jenn1240,drav1251,-5.3292676698484325,3.975542280353504
jeru1240,sino1245,-0.7731176834802842,0.5436928125596641
jiba1237,atla1278,0.0812631900055729,0.6374936776344384
jina1244,afro1255,-0.4627314627973656,0.6376507000372094
djin1251,mirn1241,2.1041317206667336,2.3480112677963483
jita1239,atla1278,3.089526633111192,1.3301363630912952
jjuu1238,atla1278,0.5856256744156845,0.802142609584525
juan1238,aust1305,-0.2116980064152301,1.1542598311454275
juku1254,atla1278,-2.128715492643541,0.6909195470728733
jurm1239,cent2225,1.386637064090086,1.200931749541969
kaba1281,cent2225,2.6190941808316226,1.7147695215865395
kaba1278,abkh1242,1.7187612378380777,3.275615731381075
kaby1243,afro1255,1.6096992937900598,2.060748240406868
kach1284,gong1255,-2.698266126836554,1.4971362217374082
kada1242,drav1251,-5.306389024588823,3.999354547574669
cent2100,aust1307,-3.0928496571659743,1.0235463574405053
kado1242,sino1245,-4.011768621357014,1.5892613714622126
kafa1242,gong1255,-3.1509408154055043,1.6096968580822877
kaga1256,aust1307,-3.362955124394615,1.5119995296315256
kagu1239,atla1278,2.519700930944899,1.1669302357540108
kaik1246,sino1245,-2.681141518973888,1.1619951147580512
kain1272,nucl1710,-2.4734943610926856,2.0879141077110805
kair1263,aust1307,1.9545213006473707,0.9256308455661592
kaki1249,kaki1249,-1.1814356463020312,3.369360736322225
cacu1241,kaku1242,0.9403611451584912,3.2205166553644924
kala1399,eski1264,-2.304265215169561,4.26216591397934
kala1377,pama1250,-3.079096989530809,2.409328529142565
kara1499,west2604,-1.4803338114877482,3.8343937451256256
kala1384,atla1278,3.022341923946942,1.9703611649290789
kali1308,sali1255,-0.1474751786973913,1.6093657113400113
kalu1248,bosa1245,-3.387954099507592,5.784040503921901
kamm1249,atla1278,-2.472531069611696,0.7734382513915072
kama1367,nucl1708,1.7065726830385732,1.4510797079336175
kamb1316,afro1255,-0.1494570780535503,0.8642367467975411
kamb1297,atla1278,2.164326344001525,1.15730666593684
kamb1299,aust1307,1.0059444415182217,1.0260897613652045
kamo1255,nucl1709,-2.8480784715279777,1.7930396843288836
kamu1260,kamu1264,-3.5208303202966653,5.906245826099624
kana1286,aust1307,-0.2254230962536844,0.6509017406347759
kana1288,daga1274,-1.810144130484037,2.805563632329587
kani1286,nucl1709,-3.5008885789237065,1.1585502788395896
kank1243,aust1307,-3.1584903290264066,0.7251453512923884
nucl1305,drav1251,-5.368886776833514,4.401873129163798
bidy1244,atla1278,1.909027860931548,1.1923490231615863
kaon1241,atla1278,3.586587857459264,2.240965683954629
kaqc1270,maya1287,2.463626794481262,1.4137204362415972
kara1500,nucl1710,0.4041055702266111,1.523391815089422
kara1487,aust1307,-3.1476812029959365,0.6089222396552074
kara1486,aust1307,-0.0544185623347395,0.7100789797965685
kare1338,atla1278,-2.501927542629888,1.1545216180730176
kare1335,ural1272,-5.769086230733173,4.980965664212203
kari1311,tupi1275,-1.4397068583289565,1.7331632726240311
kark1258,pauw1244,-1.3646963411406008,3.576065083353272
karn1252,aust1307,0.6334518847858304,0.6484519785279073
karo1304,karo1304,1.5678075676402097,4.134402564664197
kash1277,indo1319,-2.8498121418675453,2.523717536433793
kask1239,atha1245,3.390644212760942,4.237549310034593
newa1246,sino1245,-3.6257280011792345,0.8159277259113757
kats1235,sino1245,-4.182781403702699,1.702185881661162
kana1291,katu1274,1.048595292883133,3.390469164109984
kaur1271,kaur1274,1.7224809936441918,4.103388076774582
kava1241,aust1307,-3.1766441247337798,1.234893289366152
kaya1315,sino1245,-3.254526324692043,1.542687631755392
kaya1319,tang1340,-3.151285992817526,4.683214689770249
keap1239,aust1307,1.140719279670029,0.7737240524728719
keda1252,aust1307,2.282790371592469,0.8288609998081125
kera1248,atla1278,1.980470959241455,1.0980013924544192
keig1242,kadu1256,0.6933994559158845,3.028983985163124
kele1255,atla1278,1.3813102995491562,1.2793495386239506
kele1258,aust1307,0.0441544779669027,0.758347674970425
kele1259,aust1307,-3.0778404738033744,0.6163442132115424
keme1240,atla1278,-2.0067448171120006,0.5913153833121214
keng1240,cent2225,3.5124743464043977,1.9045894466847968
kens1248,aust1305,-0.5388474580934597,0.90089621263267
kenu1236,nubi1251,-1.291575230097922,3.76929467860555
keoo1238,aust1307,-1.534216446926599,0.934917118990132
kera1255,afro1255,-1.5444648826284426,0.7678806159377558
keri1250,aust1307,-2.0738714887596883,1.4996583741782992
kesa1244,nucl1709,-3.1807772960283565,1.081121972894774
kett1243,yeni1252,1.473503718663686,4.077031083658916
kgal1244,atla1278,2.520349908559991,2.0074216697403475
khak1248,turk1311,-4.524422096701781,5.900906475356219
khal1275,sino1245,-3.118219436737089,0.6248397340820055
kham1282,sino1245,-3.5121665210130306,2.187367738137576
khan1278,atla1278,2.8335139651735286,0.8253680175705576
khan1274,aust1305,-4.558175237626759,2.1274787980108467
khar1288,sino1245,-1.0942412357679183,0.4981405701622172
khar1287,aust1305,-3.5717570436398662,1.3804203209862536
khas1269,aust1305,-2.6726496278411704,1.3729851824817167
khez1235,sino1245,-1.9779895199914024,0.5587212628892662
khin1240,nakh1245,-0.5938972528637851,0.8035868311087366
khmu1256,aust1305,-4.545936149966166,1.9447067267973104
guan1266,sino1245,-0.380682334779634,0.8575111065422316
khum1248,sino1245,-0.7417781042413623,0.7357899077289236
khva1239,nakh1245,-1.2931962318148726,0.6232038202492163
kich1262,maya1287,2.479078179851858,1.367453676015575
kiku1240,atla1278,2.6900125046497623,1.1356037631834042
kile1243,tung1282,-4.183720686601202,5.837886397604976
kili1267,aust1307,2.05214440218999,0.9066429765446512
kimm1246,atla1278,-2.403690206293562,0.987124901063142
kima1244,aust1307,-2.843538703296652,1.0921262401497491
kimm1245,hmon1336,-5.28360701694907,6.5939755045081405
kina1250,aust1307,-2.992954123553111,1.2669420156377758
kinn1249,sino1245,-1.0113556736867035,1.5172870552518545
kiow1266,kiow1265,1.758180194790808,4.461471838923245
kips1239,nilo1247,1.7199876931226328,1.2928034036148972
kelo1247,timo1261,-2.2971771799925755,2.0001383024126973
miju1243,sino1245,-3.464215080658924,1.3472263641067317
kobo1249,nucl1709,-6.263500347309516,1.344179565902003
koda1255,drav1251,-5.327906579376771,4.20313125417509
koho1244,aust1305,-3.9784953293098906,1.9526732595831755
koir1240,sino1245,-1.1269112311680791,0.492180101051586
koit1244,koia1260,-2.6719130793904005,2.334658724231833
koka1244,pama1250,-5.726330051962508,3.505193757931462
koko1269,aust1307,-1.842180404740244,0.8297348065065986
kola1285,aust1307,2.8836606938891203,1.526839025909963
kolb1240,atla1278,-0.4454721437509366,0.8088041978688238
kolc1235,atla1278,-0.9143190586760448,0.8590142464774999
kolp1236,kolp1236,0.5895709890407606,2.8771324245526184
kolu1245,aust1307,2.088289628601228,0.6959918951119484
komb1274,nucl1709,-6.891509601530085,1.9933618689415693
komc1235,atla1278,-1.7392678165379416,0.5266226053851923
komi1270,sino1245,1.6286741879672324,0.5731603056678978
komi1269,ural1272,-5.876955204602973,4.880193365184937
komi1268,ural1272,-5.785219710656109,4.966765171753396
komo1260,atla1278,3.5596797625658314,1.600274920883697
kona1242,east2433,-1.6031706340491487,3.7657587972726
konk1267,indo1319,-2.6582368403374987,2.624182551350689
kony1248,sino1245,-2.9103989198920432,0.8978094092797662
konz1239,atla1278,2.6199718850076947,1.240922560223357
koon1245,atla1278,-1.0458485087200744,0.926316970921606
koor1239,gong1255,-2.881918793489036,1.6180019920190247
kora1294,nucl1709,-6.170781051701836,1.6089295243887882
kore1280,kore1284,-3.484685781933688,8.173313738982081
kork1243,aust1305,-1.2929876104694151,1.8420792361116547
koro1298,atla1278,-1.358255907852012,1.180704352490336
koro1313,sout2948,-3.082321485194013,3.5574122149272185
koro1312,nucl1709,-6.905803012848533,1.929871022428076
korr1238,drav1251,-5.320526718480521,4.416355914696307
kosa1249,nucl1709,-3.984453444035084,1.7569364877486642
kosr1238,aust1307,-1.27074992498096,1.7654652060888338
kota1263,drav1251,-5.325393796162143,3.9998669125652047
koti1238,atla1278,3.025596367427229,2.0367086776452403
guan1269,tuca1253,-3.0033918135229056,3.3817710144315827
kova1243,nucl1709,-2.367972437765702,1.2180702532502412
kove1237,aust1307,1.9394213011840225,0.7067288307675348
koyr1242,song1307,-3.5792804771242657,5.505034975056177
koyr1240,song1307,-3.699328167349106,5.400733110986417
koys1242,afro1255,-0.927478823604769,1.3780709323849187
kren1239,nucl1710,-0.5943721894212337,1.731327328572922
gbay1288,kres1240,2.1304288990564766,3.4606067412972035
ngeq1245,aust1305,-4.350752650472064,1.9636747500411345
kryt1240,nakh1245,-0.7469942961852799,0.8018214799160042
puoc1238,aust1305,-4.511536039601508,2.1450968922180387
kuan1248,aust1307,-2.1270066559448746,0.5896800896794439
kuan1247,atla1278,2.936344675300003,2.259095545804085
bayo1255,atla1278,1.9083557464904064,1.0450271095805288
kuik1246,cari1283,2.480345204781321,2.624312232369455
kuku1280,pama1250,-5.457658615393335,2.6332125133450277
kuku1273,pama1250,-5.633304380952527,3.0890595567545915
kulo1237,aust1307,-3.097208171925966,0.7662535859542068
fait1240,nucl1709,-3.299869428543017,1.1324279832586228
kulu1253,sino1245,-0.5224788840901067,0.5876031705252611
kuma1280,nucl1709,-6.270144587753675,1.25511425994549
kumb1268,pama1250,-5.831616117133457,3.8433770394812754
kumz1235,indo1319,-1.864951946439518,2.404462992105554
kuna1268,kuna1268,1.6119442492881948,4.062634781072998
kunb1251,gunw1250,3.7230625546945246,4.429236041007044
kuni1267,kuni1270,-0.1506657253479846,1.1185232051508578
kunj1245,pama1250,-5.659742579165403,2.987052680273872
kuot1243,kuot1243,1.1536631357913665,3.3372064730342403
kurr1243,pama1250,-5.705689264513103,3.433209828830396
kurt1248,sino1245,-1.1343287667999271,1.0778694151077417
kusa1251,aust1307,-1.426244010307935,0.6630887663723293
kusu1250,kusu1250,1.263170338587296,3.576195365671901
kute1249,kute1249,-2.1843371037975,5.166511563693895
kute1248,atla1278,-2.0887064684312997,0.6796253159269803
kuyy1240,aust1305,-4.229735065286406,2.0040957372329213
kwai1243,aust1307,-1.950759894661643,0.7326587376859184
kwam1252,aust1307,1.6888113381467398,0.6618241274441985
kwar1239,aust1307,-1.9988272628546837,0.7409154015511135
kwaz1243,kwaz1243,-1.5618070885511646,3.973073528328885
kweg1241,surm1244,0.256819915120805,1.596110223813353
nucl1595,kwer1242,3.543119781744139,3.214947114262677
kwin1241,worr1236,2.7499255007014214,4.672809164076275
kwom1262,sepi1257,1.4678642309581256,0.8521894446517795
nucl1593,kwom1263,-1.23359610601655,3.4120051507095983
kxoe1243,khoe1240,-2.475539935274337,4.612477099370648
kyer1238,sino1245,-3.623209630318996,0.8717656608084567
cori1240,atla1278,-2.1197211625660746,0.7905913487374576
laal1242,laal1242,-2.0886408910649545,4.8192113687773
labe1239,aust1307,-2.2582444961374795,0.680330051348971
labu1248,aust1307,0.7154555499302466,0.4665089106146673
labu1249,aust1307,-3.0144193850148246,1.153301774540651
lach1248,taik1256,-5.4686466046846345,6.042074178673143
lagw1237,afro1255,-0.1795748207870037,0.6750124597730043
zaye1235,sino1245,-3.031915337613939,1.4610291714281178
lahu1253,sino1245,-4.136438673345987,1.5999843722240286
lahu1252,sino1245,-4.180609547370803,1.641629977764827
laiy1246,aust1307,1.509634986415353,0.9906915641247612
lakk1252,nakh1245,-0.3376019446735069,0.6486824001631497
lala1268,aust1307,1.6467228230385955,0.7663627741773258
lala1264,atla1278,3.7726141954283374,2.2032756515898875
lama1277,aust1307,2.068437066002274,0.8676175964749877
lama1288,afro1255,-1.149041991412892,0.5578822650012683
lamb1269,indo1319,-5.305300970958582,2.806397892865672
lamb1273,aust1307,0.8669362227147658,1.0974779320015582
lamb1272,atla1278,3.846546531998144,1.6025071724144873
lame1260,aust1307,-0.1923526332482605,0.433791274389689
hela1238,sino1245,-3.5532982213945843,0.7968454866533499
lamk1238,sino1245,-0.6771508570552931,0.558131547450671
lamo1244,aust1307,2.257405456009004,0.7027078881855306
land1256,atla1278,-0.3185923749942776,0.9294824977109784
lang1320,atla1278,2.015640569857391,0.917453278447006
lang1324,nilo1247,1.2896083025569125,1.2950098873410738
laoo1244,taik1256,-5.438668390125504,6.161145799781835
lara1258,lara1258,3.069099968911233,6.610460569375595
lard1243,tang1340,-2.979563043266805,4.715284147361223
lash1243,sino1245,-3.3450675585453458,1.1977974348265992
teke1275,atla1278,0.996818408630777,1.2229943596172657
latv1249,indo1319,-4.671465160098935,3.3524121343201454
lauu1247,aust1307,-2.0170283270052805,0.8001672077705635
lave1248,aust1305,-4.384638812053957,1.945915402239729
lavu1241,lavu1241,0.5197492102086806,2.866384249430185
lazz1240,kart1248,1.9662750364105015,3.256755028958488
lega1250,atla1278,1.317686079960855,1.5093419939165038
lega1249,atla1278,3.91979255327372,1.7844854500411564
lele1276,afro1255,-4.069525060961627,1.0964837877796416
lele1267,aust1307,2.131109270069262,0.7291101951850791
lele1270,aust1307,2.601258824195247,0.8122751526240108
lemb1266,nucl1709,-6.704596892449711,1.4414431510710362
leme1238,aust1307,-1.483085864735736,0.7178330739841918
bela1260,aust1307,-0.7705384047245062,1.00743276719707
lena1238,aust1307,-0.9623041713064652,0.6644195360785972
lend1245,cent2225,1.219608587926856,1.1455134251819388
leng1259,aust1307,-1.4148933119816691,0.713320592874263
lepc1244,sino1245,-3.3452175110788693,0.9804429405755304
lese1243,cent2225,4.373579652166767,1.4610129926475768
leti1246,aust1307,0.7342329301365065,0.9089892053559794
lewo1242,aust1307,2.267469825267922,0.529192809601641
lewo1244,aust1307,2.0158866474009405,0.875683720670029
lezg1247,nakh1245,-2.992100484933265,0.8340309272901507
lian1251,sino1245,-1.6754540548260426,0.5967307623940492
libi1244,atla1278,0.0911968587825504,0.7586048768902938
liby1240,afro1255,1.9515725978594236,2.0634127217197538
lihi1237,aust1307,-0.3472205731655517,0.7168446633882919
liji1238,atla1278,0.263466316794398,0.737657725397753
lika1243,atla1278,2.4663865226087536,1.129554265667597
lill1248,sali1255,-1.5782930442202083,1.607023802993357
nucl1327,limi1242,3.021535073357561,6.54635966701575
limo1248,aust1307,-3.137983796445698,0.7203749689126404
lipo1242,sino1245,-3.960761019818824,1.5341975721924346
lisu1250,sino1245,-3.3478716418077905,1.0999289114023227
lith1251,indo1319,-4.625574431059848,3.3202525256600506
lito1235,atla1278,2.144610572229287,0.8104555107047524
livv1243,ural1272,-5.83175628801142,4.902290390800138
loba1239,atla1278,2.3212983955607007,0.8464804875772867
logo1259,cent2225,3.002902497676537,1.1629178840599046
balo1261,atla1278,2.7619656330719504,1.014133998840169
loka1252,atla1278,-0.2462500371600771,0.7253534641985908
araw1276,araw1281,2.7329457910058985,2.4657909030715643
lolo1259,sino1245,-4.011184528039745,1.5295569299554614
loma1260,mand1469,0.6981963658981081,1.2927290983785795
lomb1257,indo1319,-4.511281419351571,2.775479891801046
chiq1248,chiq1253,1.841290339974521,4.49449975252093
acha1249,sino1245,-3.0901388475760214,1.2698311764324437
long1395,aust1307,-1.5873204220357249,0.7537413899203074
loni1238,aust1307,2.3707884549176867,0.8039467825312538
lonw1238,aust1307,-0.3493791940095252,0.3818120941472891
lote1237,aust1307,1.419357912873629,0.705273415362047
loth1237,sino1245,-2.4024099640899355,0.6527555948519996
lotu1250,aust1307,-3.052259556879957,1.0369012423736024
louu1245,aust1307,-0.2753748797309234,0.7681832212738016
vano1237,aust1307,0.0118909009347332,0.7030248988902024
lowl1260,tequ1244,-1.120353670278586,3.403481423049416
lowl1265,utoa1244,-0.9744611969639232,0.9463878977996654
lozi1239,atla1278,3.1779737130736145,1.9505608024477823
luan1263,aust1307,3.458061011001103,1.0584914667951253
onto1237,aust1307,-4.121569950844304,1.6935059690412562
lubu1243,aust1307,-0.6192807296569486,0.6709219578045591
luch1239,atla1278,3.357809156172891,2.1621823639034243
ludi1246,ural1272,-5.781000690801198,4.932134428413423
lugb1240,cent2225,0.7231670504644567,1.073856159761981
lugu1238,atla1278,2.553475043259719,1.2263028926276365
lule1254,ural1272,-5.761464606333892,5.035552749460441
lumb1249,atla1278,2.9428180601657066,1.75835446293266
lumu1239,narr1279,0.7637830615216998,1.4179034793848686
lund1266,atla1278,3.537302792498498,2.2923361977569705
lund1271,aust1307,-3.2506925319212723,1.154904874067034
luok1236,nilo1247,1.895155253642433,1.4040112185046605
luse1252,atla1278,3.2380211813046347,1.2423294840705168
lusi1240,aust1307,2.3435615853736302,0.6886620363375258
luva1239,atla1278,3.398762084577095,2.1836679082009702
maan1238,aust1307,-2.776316166537002,1.8439467789240207
maas1239,atla1278,1.101141644471788,0.8849458054127926
maba1270,atla1278,3.174689548287049,1.061658744041619
maba1277,maba1274,2.332248463698952,3.795849993832258
mace1250,indo1319,-4.328230295705517,2.9496360838407254
mach1267,araw1281,3.104692002296495,2.134872363393079
maco1239,sali1297,1.7399896906862415,4.319356078129997
macu1260,tuca1253,-3.0077860784029857,3.5044381742889943
mada1285,aust1307,-2.2207345539640917,0.7025288011310735
jama1261,araw1282,3.218282210107628,4.141590057985323
madn1237,east2374,2.851739832968406,6.177614628005468
nucl1460,aust1307,-2.765962600751555,1.4788949239092624
mafe1237,aust1307,-1.3645863668873015,0.4629442897581128
maga1260,indo1319,-2.8670901453154967,1.9800477445062972
maga1263,aust1307,-3.38895042645446,1.0529123464808272
magd1235,otom1299,-3.5222218808647074,0.7807501932652663
magu1243,aust1307,-2.667024616325911,0.8518660076026627
maia1254,nucl1709,-3.154865066998875,1.2286018322861365
maia1253,nucl1709,-3.0897677522308924,1.2056310716719274
mail1248,mail1249,-1.3134157808128284,3.5322225527253046
nucl1594,mair1253,-0.5294121774929933,2.8956634763217304
mais1250,aust1307,1.664566354783931,0.7685758837003611
mait1250,indo1319,-5.2648692592779565,1.767392851334581
maja1242,surm1244,-0.5268371482368042,1.6345246598368917
maka1311,aust1307,1.397611662047043,1.0421951630507102
makc1235,taik1256,-5.130316097998593,6.0165377233556345
makh1264,atla1278,3.312316857988095,1.9525552738917116
makh1266,atla1278,3.2169213526145035,1.9650489760467824
mako1251,atla1278,3.1386290074346044,1.883124916768628
mala1463,drav1251,-5.129939333118341,4.616385696991175
mala1534,aust1307,-0.5450422884265613,0.71513147953147
mala1464,drav1251,-5.187174450906746,4.4155733011216665
mala1522,chib1249,0.4524536701574066,1.159362497415442
male1284,gong1255,-2.8413538808315257,1.453571040636472
male1297,chib1249,0.6124011881556608,1.5457720111662103
male1289,aust1307,2.919390169054662,0.6941568041261235
malg1251,afro1255,-3.314259595104674,0.804153716554417
mali1284,bain1263,0.9739290011095184,2.389299752464453
mali1285,otom1299,-0.192668358042761,0.784596973618612
malt1254,afro1255,1.0657508997224647,1.904853276013576
malu1245,aust1307,-0.7233698238111488,0.403220323313441
mamm1241,maya1287,2.499005505813097,1.3227230726355472
sauk1252,nucl1709,-2.491484723395791,0.991770036966468
mama1275,aust1307,-2.3400472042342786,1.116209816804405
mamb1306,aust1307,-0.3559213177357798,0.7626642077860524
mamb1294,atla1278,-0.4459316316220556,0.6606016887552784
mamb1296,atla1278,3.8770055467962754,1.9311361565939096
mamv1243,cent2225,1.2209518075680903,1.1657271154718316
mana1295,aust1307,2.230587481610451,0.8726821956581325
mana1298,nduu1242,-1.4990226055484457,3.0975091175562675
mana1288,sino1245,-3.0325046190118297,1.0483744673593378
payn1244,nucl1709,-5.673902694188667,1.2482684103279258
mand1440,aust1307,-0.2621354512266394,0.7241598902442767
mand1415,sino1245,-2.924127286093672,2.924846175027348
mand1436,mand1469,-2.5307481253024635,2.133765029356539
mang1378,aust1305,-4.501910027782756,1.941369787359441
rapa1245,aust1307,-2.5021143208176917,2.549106122115456
mang1401,aust1307,-2.4302386779443057,2.532271139486191
penr1237,aust1307,-1.9861105367409515,2.271255935043777
mang1381,mang1423,3.0111626520632213,5.213009333060255
mang1394,cent2225,4.7852318770756295,1.499678113917266
mang1404,aust1307,0.4627926078214526,0.4655230378018942
mang1405,aust1307,0.7017805814585011,0.9275587873189632
mang1403,aust1307,-1.2052332236920935,0.7003552289429162
tong1308,aust1305,-0.705031376512417,1.1008905734191643
manm1238,aust1305,-4.387604698199187,1.8464791258374615
mans1262,aust1307,-2.380914136063326,1.1336951108702849
mans1260,hata1242,1.933903110111503,3.10136773936914
manu1258,aust1307,3.969624416660829,1.4717039687414228
maon1241,taik1256,-5.1414332695112535,6.028395838458407
maor1246,aust1307,-2.5018140765404246,2.57422779630625
mapo1242,aust1307,0.6019078460236895,0.4536758184945135
mapu1245,arau1255,-1.6315474919809183,4.349065458194923
mara1382,sino1245,-1.4175686738996536,0.852609660058306
mara1399,aust1307,-0.6546454210565895,0.3673136135711878
mara1379,sino1245,-1.4834729986206407,0.5141135254406137
mara1404,aust1307,-2.86069945827359,0.8925716693015744
mara1386,west2434,-0.7369822264376369,1.8469273408859368
mara1396,tama1329,1.344909004205029,2.4181051443092816
mara1378,indo1319,-2.828539488885872,2.558800714738588
marg1253,pama1250,-5.852382439853457,3.382216357289801
marg1265,afro1255,-1.3832733740279155,0.7050002482762352
mari1414,drav1251,-5.623208334427491,4.629968270900807
mari1440,coch1271,2.379383548962136,3.925592665576925
mari1428,aust1307,2.4029459801585418,0.7829611321588104
mari1416,sino1245,-0.826703299497072,0.5159859766980954
mari1424,west2434,1.9073636746921925,2.003024577158653
moro1289,moro1289,-1.6928505248922696,4.167510032391575
maro1244,aust1307,-1.1345851519506134,0.7124181683156507
mara1385,mang1423,2.919001759647557,5.204542933946172
mars1254,aust1307,-1.0354511692744697,1.841914559161962
mart1255,pama1250,-5.616387579760882,3.4981379604545837
maru1249,sino1245,-3.74807072359681,1.4218496411854191
maru1252,pano1259,-1.2048145428653956,1.3339157526744394
masa1322,afro1255,-1.3672279845793955,0.7877203283607876
masb1238,aust1307,-2.5243465454086764,1.079898698328705
mask1242,aust1307,-0.2554654493244817,0.381579337518044
matb1237,aust1307,1.5760314418514607,1.2171915098197026
kemb1249,aust1307,-3.1658436880205016,1.735740904424917
mati1250,aust1307,0.186276707856588,0.7188748476483902
mato1252,aust1307,2.97320410878555,0.6707260271894633
mats1244,pano1259,-1.5040157471991855,1.479734445176387
matu1261,aust1307,2.5716472808355326,0.7951469413144139
matu1259,atla1278,2.841608454592554,1.5602813444622097
mauw1238,nucl1709,-3.032291611415841,1.2082815021992168
maun1240,iwai1246,2.9887273971359423,6.5537297241982175
maxa1247,nucl1710,-1.3929388005192338,1.8803753155346816
maya1285,misu1242,-0.0945808812725594,1.530656348579214
maib1239,mayb1237,1.5328640650324816,3.870335414442235
mayo1264,utoa1244,-0.8258398396397472,1.1566296282919095
mayo1261,atla1278,-0.6457262840929792,0.9997724769706976
maza1304,afro1255,-4.197136471638651,0.6783662306993641
mbaa1245,atla1278,1.177138231582596,1.1917455068684966
mban1263,atla1278,-1.3955100230981063,0.8967208580970905
mbar1260,afro1255,-0.7075831250243176,0.7311310177893358
mbay1241,cent2225,2.396822246945959,1.5230212322048755
mber1257,atla1278,3.2615294183226817,1.1766692261765108
mboc1235,atla1278,-0.1847961477145792,0.5960538265469211
mbol1247,atla1278,3.989625973497577,1.5635782345085598
mbug1242,atla1278,2.14192184416522,1.008545299911157
mbul1263,aust1307,3.106760639475452,0.6919700861626623
mbya1239,tupi1275,1.307219093509928,1.8146675428630807
meen1242,surm1244,2.4017970625656493,1.6825232252240845
mehe1243,sepi1257,-0.965584682713138,0.8248613039503887
saki1248,tupi1275,0.6085863958869329,1.162388476797794
meke1243,aust1307,1.8976225430040377,0.7411305643687491
melo1242,gong1255,-3.0554841603902574,1.370054703737269
melp1238,nucl1709,-6.534034204681391,1.4012603870293567
mend1268,sepi1257,-0.8194049370139171,0.8553682268714269
mend1266,mand1469,-2.247309405051916,1.6614591956710445
meng1267,aust1307,1.3698702878292988,0.6825162859655709
meny1245,anga1289,-1.970315905284236,2.303259728470106
mera1242,aust1307,1.156062943862147,0.6559787223598583
mere1242,aust1307,0.9122533718213636,0.5154491155916716
meri1244,east2503,-0.195530603298662,1.6164802700387677
meru1245,atla1278,1.7526143586346978,1.066682305127058
mesc1238,atha1245,2.9385141070064327,3.759395644588367
meta1238,atla1278,-1.138408310420798,0.5943380157017728
meya1236,east1459,3.0538751247599847,6.402873296057948
mezo1235,otom1299,-0.5960354408179462,0.8227607554865184
mezq1235,otom1299,0.8047392312340316,0.993180533605889
mian1256,nucl1709,-4.42221070764997,1.6355797269651011
mich1245,utoa1244,1.6972484831112131,1.7128233302503375
midd1357,pama1250,-5.82318951621153,3.82056975258459
midd1327,aust1307,0.1228052069188838,0.5287931097513212
miga1249,afro1255,-0.3011462660601915,1.2122930464994042
mika1239,musk1252,1.5970734979010366,2.588850064057288
mikm1235,algi1248,-0.4409142707370032,2.054019724589221
mila1245,sino1245,-3.563263633405972,1.3397121273115855
mina1276,afro1255,-1.3827430226890551,0.5930642065728868
mina1268,aust1307,-1.404720501935106,1.3959226680539167
mini1256,huit1251,-2.568662945547345,4.48978712124301
mini1251,aust1307,0.4812538214106971,0.5907914905372564
minn1241,sino1245,-3.3143291132373154,2.1714137141385628
miri1266,jarr1235,2.3639746763125467,5.4612585289445255
misi1243,aust1307,1.6023035860444896,1.129802986672367
misk1235,misu1242,-0.4454940212272704,1.6462656862164715
mixt1426,otom1299,-4.130037280419151,0.9412335852181783
miya1266,afro1255,-1.3219247970747048,0.8782455106525244
miya1259,japo1237,-4.346745050392896,5.926049151506498
lush1249,sino1245,1.4221222529958826,0.8267378310033564
mlab1235,aust1305,-4.451128392388654,1.937901106594216
moba1244,atla1278,-1.9920951918370464,1.115200078493583
moch1257,maya1287,2.477718653663724,1.2640735242181318
moco1246,guai1249,2.121061295350676,4.115804155672475
mode1248,indo1319,-4.050025183894696,3.0851404623333645
hebr1245,afro1255,1.659412236103753,1.6359903692047624
moha1258,iroq1247,2.8610850689396177,3.879986008969734
moii1235,west1493,1.639530267352785,4.037765039088528
moke1242,aust1307,-2.1129507425225675,1.730445299751615
moki1238,aust1307,-3.639426174239072,1.9223407165604216
mokl1243,aust1307,-1.4922594616461846,1.3717114091551892
mokp1239,atla1278,2.700766100694622,0.868657485081421
moks1248,ural1272,-3.21482546154306,4.184667910306274
molo1266,afro1255,-0.6376984469313244,0.5411700373548314
nucl1452,momb1255,-2.620195316974588,5.884417552341446
fass1245,baib1250,-1.1536919338606542,3.3299160787054705
mong1338,atla1278,3.5876369087799778,1.7974430754372772
mono1273,aust1307,-0.4586245238753152,0.7594191922333202
mono1270,atla1278,-1.3172293443746337,0.9499370341362284
mono1275,utoa1244,-3.12862654832014,1.7576248815583213
nucl1458,monu1249,2.125202447389728,4.706910292315101
monz1249,atla1278,1.110059586235551,0.8041137211493936
mopa1243,maya1287,2.003768813530489,1.523226968714912
more1259,utoa1244,2.5782295965434083,1.277367757892904
mori1269,aust1307,-0.1308053122994112,0.815036967414386
mori1268,aust1307,2.2194979646278785,0.9240451240475736
morm1235,aust1307,2.933013280277216,1.1318097518766097
moro1287,aust1307,1.5049802467170976,1.0486154912062418
mort1237,aust1307,0.1121365367493049,1.374627930534297
mose1249,mose1249,-1.378876193866074,3.7283741190143935
temb1272,atla1278,3.0456248970237096,1.0440704417449282
motu1246,aust1307,1.2843057753970737,0.7461430645952554
mouk1239,aust1307,2.393929556015675,0.6807293384306234
moun1252,koia1260,-2.570266253264228,2.2307625840293888
movi1243,movi1243,-1.453941483911618,3.787376816819913
tang1347,aust1307,-1.5925329111291429,0.4626594331010487
moyo1238,sino1245,-0.6331928858942792,0.5119404150256308
mpad1242,afro1255,-2.517457134963963,0.933347790547714
mpii1239,sino1245,-1.5179603168408795,1.627529343710714
mpot1240,atla1278,3.7233936006500574,1.856600633665252
mpur1239,mpur1239,-1.4864072965790571,3.812024948106572
mual1241,aust1307,-3.1689532009441264,1.7875714140412209
mudu1242,aust1307,1.6279456836204915,0.7809696638434964
mudu1239,drav1251,-5.30598143262821,4.002849529177228
mull1237,nort1547,2.9427595631285666,6.340552430049215
nucl1240,atla1278,0.1503704950686795,0.6573676879361123
muna1247,aust1307,2.1720873420403763,1.0828804625246349
munc1235,sino1245,0.5882389925268665,1.0992853242634837
mund1328,atla1278,-1.9286100126044,0.5512013273204541
mund1325,atla1278,-0.1865994012904011,0.6783512761334904
mund1320,aust1305,-1.1042354539603874,1.198109248809228
mund1326,atla1278,-1.4381241604042274,1.0920502649263495
mund1330,tupi1275,2.15409682482894,2.04100829881574
abar1238,atla1278,-1.904600332084489,0.5502915564156261
murl1244,surm1244,2.2945405760910944,1.8894393398643
murr1258,sout2772,2.6373777649094032,5.845156304177947
muru1274,huit1251,-2.765076914612476,4.544618061363311
muru1266,pama1250,-5.804803208136191,3.528781919844808
musg1254,afro1255,-0.5534950126488847,0.6409865980880944
muso1238,aust1307,0.704546850552322,0.4906907791888422
muss1246,aust1307,1.07978327717786,1.095292823035443
muth1236,drav1251,-5.248201306022075,4.199518186800548
muyu1244,aust1307,1.5681238941541775,1.0833356063264183
mwag1236,afro1255,-1.2105641081710448,0.811977051474706
mwan1250,mand1469,-2.971720730090969,1.763456772410322
mwan1247,atla1278,2.9920136610147243,2.00336286726316
mwer1248,atla1278,3.052340906875456,1.7144559288863397
motl1237,aust1307,-1.3805323725573486,0.7736306634055126
naas1242,sout2948,-3.080026657065466,3.526603465083125
naba1256,nucl1709,-2.264263139774988,1.011269592212324
sout2857,aust1307,-0.0814658130306362,0.3892390025336176
naka1262,aust1307,1.1829254352416776,0.6627400176334035
nalc1240,nucl1709,-6.710191132992026,1.7631551304996336
nali1244,aust1307,-2.534094383571582,0.7388852022241181
litz1237,aust1307,2.187919794756854,0.3623313663388003
nama1266,more1255,-2.834966605791009,2.841352283330762
namb1293,more1255,-2.767422882637014,2.853111774058465
nami1256,sepi1257,1.265327266991969,0.8675331072979358
namu1246,sino1245,-3.784780812043944,1.4692867582216458
nana1257,tung1282,-4.191118322823719,5.644603696682262
nand1266,nilo1247,1.7301123697203111,1.1582695880422946
nang1262,aust1307,1.7114738313105058,0.9062326782849616
nara1262,nara1262,-2.771777658998049,6.11320512029918
naro1251,aust1307,-3.325724924988249,1.3700848812656314
yong1270,sino1245,-3.784468841427606,1.394842696185748
naru1238,pama1250,-5.811264870631804,3.7606059916156447
nati1244,aust1307,-0.1988298657350196,0.3685772664054667
nati1243,atla1278,-2.030526264721376,0.9516917849615112
natu1246,aust1307,1.652533893130557,0.9188144128987544
naue1237,aust1307,-0.0404505733739872,0.7714590878397924
naur1243,aust1307,-3.312614778160328,2.43932898975852
nava1243,atha1245,2.9143800171905605,3.491414705457977
nawu1242,atla1278,-1.0902124658088082,0.8993256824577358
naxi1245,sino1245,-3.629111328795497,1.27346142721877
ncan1245,atla1278,-1.7905692476931376,0.551461867168829
ndam1239,atla1278,3.3831690334851188,1.4842572704990769
nden1248,atla1278,2.6071044409121766,1.4241521164204318
ndob1238,atla1278,2.827629347285227,0.9340468162267506
ndog1248,atla1278,-0.980401716144102,1.194558923124708
ndun1249,atla1278,0.8469614484640915,0.9682016879971762
nege1240,aust1307,0.1669076168383387,0.9651328551542004
negi1245,tung1282,-4.346522299330093,5.621491340439038
neha1247,aust1307,-0.1074636861308231,0.8160002491443237
kuma1276,aust1307,-0.0172376099476691,0.8384814155382969
nenn1238,more1255,-2.849411136645451,2.8707128139037508
nend1239,nucl1709,-5.817303279107147,1.247865904320456
neng1238,aust1307,-0.495822874906515,1.0494480832383442
nucl1706,afro1255,1.139410158978376,1.5365741772399415
nepa1254,indo1319,-5.60402328893191,1.7566295463553558
nese1235,aust1307,1.765178019378402,0.4093619014142255
vinm1237,aust1307,-0.2646850566905567,0.3603172160823575
ling1265,aust1307,-0.2466175104169341,0.3491313309717103
nezp1238,saha1239,3.34953948536466,4.151735072909393
ngaa1240,pama1250,-5.4765221451545365,3.398433956986681
ngab1239,chib1249,-3.141111609940645,1.724541458267982
ngal1292,gunw1250,3.5222369144491616,4.388360996585199
ngam1268,cent2225,2.2634417639187454,1.4587888699674991
ngan1291,ural1272,-3.2956989121213622,4.2845788440318175
ngan1295,gunw1250,3.450000699885031,4.315086472917935
ngar1235,pama1250,-1.2318188547141216,1.7311679810537814
ngar1283,mirn1241,1.9000833724681947,2.137712542797482
ngas1240,afro1255,-3.4641143721148806,0.8826238042900929
ngba1284,atla1278,-1.8206430916748269,0.9782147160186448
ngba1285,atla1278,-1.0578590005064863,0.772015834144721
ngge1241,nucl1709,-3.695076810106823,1.7618474002477988
ngit1239,cent2225,4.2679983851252645,1.3923605385582452
wang1291,pama1250,-5.785480082019349,3.634521019482202
ngom1268,atla1278,3.205389834723655,1.1150566062239378
ngul1236,aust1307,-0.4104859294603198,1.2106229292316169
nhan1238,pama1250,-3.1772602365782623,3.4437320035011183
nhen1239,tupi1275,0.3115890417168625,1.523495963714483
nias1242,aust1307,0.3170355025807505,1.187167882508625
niha1238,niha1238,-4.0932738264024096,8.5345581930567
nila1242,atla1278,2.623493699807164,1.2171586112917616
nucl1633,nimb1257,-1.1794677249496015,3.395069108608784
labo1244,aust1307,-0.2029781679195883,0.3700742484538093
nisg1240,tsim1258,1.6914935270196514,4.3542314830168
niua1240,aust1307,-2.310764712226478,1.970117569180939
niue1239,aust1307,-2.234636947164416,2.2068374088815723
niva1238,mata1289,2.034538891420992,4.943305627151036
njan1240,atla1278,-2.1293722284038457,0.7276284880494579
nkon1248,atla1278,0.1905723082887322,0.6856945880356484
noct1238,sino1245,-3.117117945286289,1.0507520817646387
noku1237,aust1307,0.8035875123885919,0.6477161857295073
noma1260,atla1278,-0.4039412912140241,0.5444329799592094
noma1263,araw1281,3.0767677009330163,1.9893125942448755
noon1242,atla1278,1.097285937858524,1.357484941292471
noon1243,atla1278,-1.654920707719719,0.5485200429317985
nopa1235,otom1299,-4.047180794943136,0.8957634635883238
nort2839,aust1307,-0.5789153417612769,0.4165219316094664
nort2697,turk1311,-4.668403322477035,4.890545311962135
darg1241,nakh1245,-0.4447476724433495,0.7244381760543703
nort2930,kiwa1251,2.261961529203458,3.3315936529026238
nort2724,sino1245,-3.588967498571429,1.2180210043400717
nort2972,choc1280,-2.5020260588776706,3.546571094733916
nort2702,drav1251,-5.421374788070631,4.382679632130285
gumu1244,gumu1250,1.2709044674738652,2.362186473726183
nort2938,haid1248,1.1291554581127945,2.509056833928458
sing1264,sino1245,-3.2305490328209747,1.1103165884986996
nort2877,aust1307,-3.153603706718448,0.7304338435540405
nort2684,aust1305,-4.157161893023925,2.0422053514319405
lush1252,sali1255,-1.6276295013158464,1.525044278995285
nort2774,atla1278,0.2529987687001864,0.8533876264037659
nort2954,utoa1244,-0.5909229258084504,1.5284637634169709
nort2957,utoa1244,2.6449001493205664,1.1968164708035012
nort2723,sino1245,-3.764949310136448,1.4152841193366503
nort2747,hmon1336,-4.870743399238954,6.57290476243097
nort2722,sino1245,-0.8852703713255442,1.0647237830990868
nort2994,aust1307,-3.411170951001228,1.903801011450721
nort2885,aust1307,-0.5766021352322467,0.9214698476380274
nort2959,utoa1244,-0.1705680606755152,1.051609144680672
tosk1239,indo1319,-4.311440900554865,2.914626816254126
nort2732,sino1245,-3.557343081599276,2.5707008721532354
nort2690,turk1311,-4.622675480633903,5.920811183031745
yoku1256,yoku1255,-3.2847832837312483,7.224581359124762
nort2745,yuka1259,-3.250663916161188,7.762660649892161
nort3047,afro1255,-0.718019898268182,0.5424030827232826
nort2980,quec1387,-2.88973224771069,3.0641580052596584
nort3139,afro1255,1.5460713716506085,1.501504764432969
nort2845,aust1307,-2.406403696664618,2.529286225238236
nort2671,ural1272,-5.605685515092736,5.050368545057628
nort2942,atha1245,3.377214426181877,4.267518234529895
nort2847,aust1307,1.809292386333988,0.659973202112976
nort2961,algi1248,1.5000370326946,2.048020796857026
nort2775,atla1278,-2.288029825506597,1.2374719124332234
nort2951,maid1262,-3.2263785295736023,7.1078134979328205
yaki1237,saha1239,0.7986810546666314,2.966503734252158
nsen1242,atla1278,3.592580013974274,2.212795359279607
nuer1246,nilo1247,-0.252254596998901,1.322981590700774
nugu1242,atla1278,2.3950068694835744,0.5608502881768658
nukn1238,nucl1709,-2.383995173894518,1.0220792225336233
nuku1260,aust1307,-2.857149587100001,1.8264602929465676
nung1282,sino1245,-0.6082472604787938,0.9897276841324932
nupe1254,atla1278,-1.7162624324476528,1.0307097811977428
nusu1239,sino1245,-3.344443595004628,1.1152972849623914
nuuc1236,waka1280,-2.1168301462923558,3.706938215877459
nyah1249,aust1305,-4.381411624050235,1.925428139806732
nyah1250,aust1305,-4.132294779019524,2.1241988014399134
nyak1260,atla1278,3.87056626136117,1.6229896451439956
nyal1250,atla1278,1.185570195606993,1.0230649383266677
nyam1285,afro1255,-3.976344230081277,0.8831603317363736
nyan1307,atla1278,2.9389191478211822,1.3409655667031224
nyat1246,atla1278,2.563671954812599,1.1826958228751892
nyaw1247,pama1250,-5.671494173465274,3.35540688810607
nyig1240,nyul1248,0.4012018536441979,1.714265198097575
nyis1236,sino1245,-3.369508080397052,1.0397171106501837
nyor1246,atla1278,2.4925158328620483,1.1882084818327705
nzak1246,atla1278,-2.524068229971972,1.1261824402768674
nzak1247,atla1278,2.497661410740211,1.1908234584222814
obok1239,lake1255,-2.2365715361846705,4.989310761991051
obom1235,aust1307,-0.1104804941734374,0.7251721521333394
occi1239,indo1319,-4.338935613993255,2.7257093748404806
ocot1244,otom1299,-1.5457822135308763,0.7117274796594408
oriy1255,indo1319,-4.828611462048803,2.1410995305750973
ofay1240,nucl1710,-1.878578850330335,2.10021618471467
kalm1243,mong1349,-3.822100860445621,6.2290189773211
okan1243,sali1255,-0.3746084284919962,1.329623355744605
okin1246,japo1237,-4.254319279282555,6.05850937347796
okoe1238,atla1278,0.7570543616431809,0.7215123536267924
oksa1245,nucl1709,-4.633179528302376,1.6551280964740671
oloo1241,nucl1708,1.7504079100805994,1.2615156199691224
olut1240,mixe1284,2.884823200151287,4.21650560830258
omah1247,siou1252,2.5390318954078244,4.2589641935856815
omie1241,koia1260,-2.5146309620004894,2.2547208061929496
onge1236,jara1244,-3.517538805471376,7.834443783025471
bira1253,bira1253,1.5686081413657322,3.8897885544467057
onon1246,iroq1247,3.033553654158818,3.691376404960757
orma1241,afro1255,-2.5653737112743165,1.2813296790309252
oroc1248,tung1282,-4.247805970555833,5.581170938843897
oroh1237,aust1307,-1.605482170293093,0.8263195927326947
orok1265,tung1282,-4.109527464788767,5.84769462211796
orok1269,nucl1709,-6.254100021735085,1.582984558492937
orok1267,nucl1580,-1.4001414232453868,3.33425933184615
orow1242,aust1307,-1.0534997114810571,0.9080154195196856
orya1242,toro1256,1.8500566812148656,4.307925262052788
osam1235,atla1278,0.5803942464668674,1.042848637298512
otor1240,heib1242,2.197731794076843,3.441248878139457
otta1242,algi1248,1.721105231753838,2.270383587660506
owaa1237,aust1307,-3.3190297450156487,1.2717486292399478
paaa1242,afro1255,-3.719997693794277,1.0436795371197434
paas1238,atla1278,-1.880728834503288,0.8693423396642537
paco1243,aust1305,-4.476376053668739,2.071516380254069
pagi1243,atla1278,3.1767016251793385,1.018792480914641
pagu1249,nort2923,4.446505033380863,2.8113902239705606
pahn1237,hmon1336,-5.280635751991723,6.599822633517966
pait1244,sino1245,1.7479853177272051,0.6393352366598819
paiw1248,aust1307,0.3915055586338401,0.7811168051631263
pala1344,aust1307,-0.5481467196621146,1.382683365018842
pali1279,araw1281,1.5299291651924372,2.31740636751786
balu1257,aust1307,2.371890353699958,0.8156498286725729
pamb1243,atla1278,2.4268133638379017,1.1910274045130933
pamo1252,aust1307,-0.3351327925893419,0.8322624099606735
pamp1243,aust1307,-3.344317303033862,1.105356171971776
pana1305,utoa1244,-2.9955262509498035,1.6182184758489448
pana1307,nucl1710,1.2242653339270178,1.5895329462676386
enap1235,cari1283,1.6928248112204296,2.2657229441481945
pang1290,aust1307,-3.2907307294109165,0.8996022400620056
pang1291,aust1307,-3.1292867636618933,1.46638677917851
pang1287,atla1278,3.764741872989558,1.6593972317132462
pano1254,pano1259,-1.723116697654786,1.4259819366741446
pany1241,pama1250,-5.552969200759074,3.362578398762229
papa1238,toto1251,3.4847588179982174,4.278737555510025
papa1265,aust1307,-0.5158757816195261,0.6925818267339618
papa1268,aust1307,-3.134372357482317,0.9968042411887588
para1302,sino1245,-2.502149523767215,0.8356112865672038
pare1272,araw1281,3.5343781854620957,2.599797345889721
pate1247,aust1307,0.2524058315454267,0.477272671193564
patp1243,aust1307,-2.5413100236043684,0.6734964355777606
patt1248,sino1245,-3.5357683382342437,2.060841371629514
paul1238,aust1307,3.931747384710845,1.523956036015793
paun1241,araw1281,2.945447616281783,1.976540506754489
pawa1255,pawa1255,-2.581083429424184,5.476440942197594
pawn1254,cadd1255,1.8310731709660104,4.617577939299496
pech1241,chib1249,1.1842953390389177,1.9371608490949568
peer1241,atla1278,0.0488649948496777,0.7312509443049731
pela1242,sino1245,-3.147191208732837,1.2854272956652617
pele1245,pele1245,1.6467529201679345,3.945162866017011
pemo1248,cari1283,0.7968865426726122,1.7900966821016926
pend1242,aust1307,-2.193883287865803,1.0020804582794582
peng1244,drav1251,-5.148333541756092,4.087697831686343
peri1253,mong1349,-4.152298948006097,6.451930836221904
phak1238,taik1256,-4.596851355739116,5.824010218418943
phom1236,sino1245,-2.819634580769973,0.8005119145258632
phon1246,aust1305,-4.537768385069456,2.1647019620893357
pich1237,araw1281,3.14250086948349,1.9707562002502077
pila1245,guai1249,2.403865200226459,4.156541484704688
pima1248,utoa1244,-1.0478039264455163,1.0985064590347946
pina1252,piaw1238,-2.9345690503425224,4.57554159191418
ping1243,aust1307,-3.6281034759810944,1.9395333006781692
pint1250,pama1250,-5.3475024897578844,3.0228544286697403
pipi1250,utoa1244,2.0979799798056336,2.011714423563438
pite1240,ural1272,-5.765340511582678,5.027591511454524
plai1258,algi1248,1.6987551625951824,2.133953059665993
plat1254,aust1307,-0.1060011843353833,1.6489885234413393
pnar1238,aust1305,-2.4947234271703533,1.3467565490330813
pohn1238,aust1307,-0.9611469349203722,1.6003403161831358
poko1263,nilo1247,1.6265098108001632,1.2463908234879284
poli1260,indo1319,-4.631754000099724,3.242201955907369
popt1235,maya1287,2.5593357275026327,1.1701788691909147
port1285,aust1307,-0.1409829895939514,0.3741232703242243
port1283,indo1319,-1.7626783933070396,2.083732492321369
phai1238,aust1305,-4.351924992250844,1.933012104201836
pras1239,indo1319,-5.033033683594994,3.097868355121668
psik1239,afro1255,-3.836409077897693,0.6128315949260355
puka1242,aust1307,-0.2608722136123775,1.650905319186144
pula1262,atla1278,2.021670804402206,1.3436219438897157
pulu1242,aust1307,-0.3491354231751611,1.2932125700177224
puma1239,sino1245,-0.1855168532041771,0.5048795303369431
pume1238,pume1238,-1.5094578503345095,3.981903303974773
pura1257,pura1257,-1.3079410460550576,3.5220473095318674
pure1242,tara1323,-0.6600768960970271,3.037278250434236
puri1258,sino1245,-3.4855723141725705,2.2798587030394746
puyu1239,aust1307,0.3488472677689782,0.6919486185270731
qanj1241,maya1287,2.418099873152756,1.197047020506364
qaqe1238,bain1263,-1.836853985425268,2.508653699870198
qawa1238,kawe1237,-2.9808936163660413,7.171891119203491
qima1242,afro1255,-2.155945602305654,1.414396418608984
quer1236,otom1299,0.760439684583909,1.0596195319144943
quio1240,otom1299,-3.7740007736237855,0.8053881076962774
rabh1238,sino1245,-3.1331010641901345,1.090495653718662
rade1240,aust1307,-3.4926792284126638,1.8400493391448196
raji1240,sino1245,-0.102400442879603,1.115114698987265
ramo1244,aust1307,0.3892495224319953,0.5999816895784083
rapa1244,aust1307,-2.355160149802521,2.5345369575587924
rapo1238,nort2933,-4.233096947496007,6.963306702065285
rata1244,aust1307,0.942694539170022,1.2451922185851494
raut1239,sino1245,-2.219663554334989,1.251300915543352
rawa1267,nucl1709,-3.0927856127187576,1.045200895768959
reja1241,aust1307,-3.263485146981452,1.5649783333224043
remb1250,aust1307,-1.684147401714345,0.9288125346509446
reng1252,aust1305,-4.3512554342908505,1.9275180800800555
renn1242,aust1307,-3.314263031266905,1.4634520918327372
rere1240,aust1307,-0.3336603068416863,0.3511843943659158
resi1247,araw1281,3.992777544112856,2.322115919075575
reye1240,pano1259,-0.0179204454348424,1.4668582764896207
rian1263,kolo1268,0.7043356288687406,3.0529582811213887
rikb1245,nucl1710,1.0815310866152623,1.676374356095268
rita1239,pama1250,-1.1906112129587862,1.6442061321830457
beka1241,aust1307,-2.8549099506996978,1.807860639846968
roma1326,indo1319,-4.491141345081013,2.8132167348402604
romb1245,aust1307,-2.805925064411969,1.150109686838423
ronn1241,afro1255,-1.2063696780246689,0.8150524469077247
rong1266,sino1245,-1.4305911523766444,0.5438399122278668
rong1264,sino1245,-3.1476278671101685,1.6033105235537342
roto1249,nort2933,-4.330681873647404,6.949320901616935
rotu1241,aust1307,-2.897784195569998,2.2326802378176325
rovi1238,aust1307,-1.354386605671323,0.6681949458989038
ruch1235,aust1305,-3.573681045944324,1.8368483334589705
ruka1240,aust1307,0.4076780274681731,0.6776930408487409
ruma1248,aust1305,-3.063597459971784,1.7409764051028451
rumu1243,tura1263,-2.972517155399833,6.180447196962144
rung1258,maba1274,1.8218927072093165,3.57039159001088
rung1259,aust1307,-2.867918330428722,1.1327697359503546
russ1264,mong1349,-4.001846122518666,6.336856582938679
russ1263,indo1319,-4.636587349042481,3.494085754502878
saaa1241,aust1307,-0.8136977551821241,0.4515863713958818
saaa1240,aust1307,-1.650490010146867,0.8202004515192822
saam1283,atla1278,3.099170257643276,1.3140470220945897
saar1237,aust1307,-2.349167919035075,0.7006187010580796
saba1267,aust1307,-3.203017329100485,0.976201350911861
saba1268,namb1299,0.8839671950313315,2.309864774197381
safw1238,atla1278,1.2193361147699195,1.3642330505998856
saga1262,atla1278,1.8191960721856295,0.9686916741365028
sais1237,aust1307,-3.1989183364657428,1.1310540894520749
yaku1245,turk1311,-4.477763014332902,6.0250228563795645
tsis1238,atla1278,1.2755577127398734,1.102277307126693
salt1242,nucl1709,-6.371296837094134,1.285118154124211
samb1311,atla1278,-0.155701036409392,0.6752751833940103
samb1305,atla1278,-2.6819744871041946,0.7014607683963465
samo1303,east2433,-4.311829565157952,4.081655078082759
samo1305,aust1307,-1.7230878660533508,1.8446766034058408
sana1295,afro1255,-0.3541147708714783,1.6648332641097845
sanb1241,otom1299,-1.6035125269833888,0.8578990695766784
sanb1242,chib1249,-3.3170785848867714,2.134518642771553
sand1278,huav1256,1.0002296016649432,3.2839697586185466
sang1331,atla1278,3.7471380612399736,2.2503775258166634
sang1321,sino1245,-2.1961566547386315,0.6406289091090009
sang1330,atla1278,3.626078301458248,1.4316722956656136
sani1269,sino1245,-4.219524290795999,1.88901361472651
sanm1301,otom1299,-2.774853359479623,1.009965537152393
sanm1289,quec1387,-2.749318558889923,3.227017816662352
sanm1295,otom1299,-3.549691942951182,0.7697060104377123
sant1410,aust1305,-1.003331094507648,1.203939485605499
sant1451,otom1299,-1.520079232435971,0.9824769118633832
sant1436,otom1299,-0.8330933155204381,0.7752449297314765
sanu1240,yano1268,-3.274870722338602,5.3709342757535845
sapo1253,aust1307,-0.6122246957925979,0.7110508156212667
sapu1248,aust1305,-4.480720159619157,1.935539048900189
sara1327,aust1307,-2.377227885793077,1.1685497228984474
sars1236,atha1245,4.083813869122503,4.077813767390575
sasa1249,aust1307,-0.4200328017732614,1.1855165937338263
sata1237,aust1307,0.3563245135332634,1.319598855632643
saur1249,drav1251,-5.584121696025585,4.430242950098821
savo1255,savo1255,-2.972762825805782,6.129735205521507
seda1262,aust1305,-4.344497923344725,1.9616161060649
taro1264,aust1307,-0.5699719551310359,0.8198195045389411
seim1238,aust1307,-0.8847535054626197,1.145021079585428
seke1241,aust1307,-0.683698228902275,0.4590255071854159
sela1259,aust1307,1.0948530294045091,1.3798893429864698
sela1260,aust1307,1.5748938559494474,0.9812957321737644
sele1249,atla1278,2.7682455158182133,0.721496356089812
sele1250,nucl1709,-2.272120269649052,1.068215296947498
selk1253,ural1272,-3.1181211796436563,4.304524157436969
sema1266,aust1305,0.1507930352874402,0.8698831875960256
sema1265,aust1305,-0.1808398539954661,0.9801635827835432
seme1247,aust1305,1.9193661075843045,1.145954279382
sene1264,iroq1247,3.191982777205769,3.720526959225648
seng1281,aust1307,1.6574637785318185,0.7600332608961757
nucl1632,sent1261,-1.2038377761599324,3.417730755214293
sout1528,indo1319,-4.507813108136382,2.951438510405181
seri1257,seri1257,1.6144955174689746,4.168650422411599
seve1240,algi1248,1.4467765947957911,2.045070966751521
sgaw1245,sino1245,-3.448722436265964,1.8330182198607403
shab1252,shab1252,-3.15779156029697,6.604252260627826
sham1280,atla1278,1.8672172247605536,0.89924760297402
shan1283,pano1259,-2.1264546948528835,1.4461508326322878
shaw1249,algi1248,1.848017093670533,2.373612286861213
shee1238,hmon1336,-4.529117887647722,6.565365086429294
shek1245,dizo1235,-1.4180187424846449,2.322124643690312
biao1253,taik1256,-4.813994833103111,6.3257351887491495
shil1265,nilo1247,0.0734618546926057,1.3406998081255903
ship1254,pano1259,-2.4818979910374077,1.6719176941238754
shix1238,sino1245,-3.707788774145528,1.3564201337294275
shol1240,drav1251,-5.329794323664059,4.107666317138586
shon1251,atla1278,3.4414933458510086,2.16456995918726
shor1247,turk1311,-4.401994306120419,5.889727352763775
shos1248,utoa1244,-2.79805729592368,2.112520378961543
shua1257,jiva1245,-2.578083245723207,2.901623595573442
shwe1236,aust1305,-3.3653972109680206,1.747033667843473
siam1242,siam1242,-4.065012555347253,7.676618052312425
siar1238,aust1307,-2.31148052710612,0.7397488408309769
siaw1243,amto1249,-2.7774225086991184,5.781767428722784
sich1238,sino1245,-3.8410649183250896,1.5364527216140864
sici1248,indo1319,-3.779190167870527,2.601265964652857
sici1249,atla1278,-2.0183768195855083,0.9949608483126012
sida1246,afro1255,-0.0211158887707215,0.9330185334608904
siee1239,aust1307,1.8813699032086864,0.7729573663488694
sier1250,otom1299,-1.2601206189512069,0.7390591354735037
sier1248,utoa1244,1.607820699685437,1.234487419776837
sika1261,aust1307,-3.698243043556476,1.4170536338122588
siks1238,algi1248,1.7879422235965432,1.9987743113172804
siku1242,aust1307,0.4398670344376674,1.1710924158816542
simb1256,aust1307,-1.0058478412553171,0.7392088367278085
sina1266,aust1307,1.1756093670874612,0.7044492072449096
sini1242,mand1469,-3.1401802785768123,2.505868376848685
sioo1240,aust1307,3.202922447844045,0.6657563676655265
siri1274,tuca1253,-3.1007323117879,3.362337966443371
siri1273,tupi1275,1.7565240144394343,1.4977148362381278
siro1249,nucl1709,-2.959970151604267,1.0609731174643835
sile1255,nucl1709,-5.662560887694561,1.1720451320274243
sisi1250,aust1307,-3.649599140124228,0.8894259185248359
situ1238,sino1245,-0.798771913359948,0.9123953675701078
siwa1245,sout2948,-2.8861146888044527,3.553406283497618
siwi1239,afro1255,1.8022499351038932,2.0614809506428564
siwu1238,atla1278,2.7238950627646656,0.7226471460872474
skol1241,ural1272,-5.754854286535656,5.061261470954191
slov1268,indo1319,-4.606219543151312,2.8994058924003374
sooo1254,aust1305,-4.438699456090353,2.091292931797101
sobe1238,aust1307,2.118591213765118,1.1494433315119306
soch1239,otom1299,-3.5923124485814184,0.8806131865093416
soga1242,atla1278,3.0925046279858326,1.3286760689178043
soni1259,mand1469,-2.4770365960950893,2.3256131209585664
sons1242,aust1307,-0.0342302362195407,1.3784598332411662
sora1254,aust1305,-0.5401413266684051,1.0627113182520225
koon1244,atla1278,3.4475773404721552,2.02343723750856
sout2859,aust1307,2.2128059988061675,0.4360895553732327
sout2976,utoa1244,0.5981878978123423,1.137092201888116
sout2856,aust1307,2.106776507181397,0.7561786232004497
sout2954,japo1237,-4.092532433788357,6.151128036855932
sout2996,ayma1253,-2.274353186971123,3.393626878903506
sout2730,sino1245,-3.815165563009817,1.4138623611388397
raro1241,aust1307,-2.2868658115197067,2.4216859946500997
sout2741,taik1256,-5.019642117004462,6.093397746920291
sout2715,sino1245,-3.546156351692206,0.8622072049255536
sout2826,krua1234,-2.6992937958310805,6.247155708199617
sout3236,gumu1250,1.1029866522102685,2.3101028143583235
sout2956,haid1248,-1.636887785768358,2.5800217123925258
kach1280,sino1245,-2.9383207240474496,1.2237878589878104
sout2949,kiwa1251,1.6472401929858929,3.212675165170169
sout2994,namb1299,-1.467791565903248,2.5093263097687064
sout2649,indo1319,-4.452536208646643,3.2401951498324326
sout2729,sino1245,-3.7383750966542126,1.3584201933200577
sout2728,sino1245,-3.4734760047319444,1.21160223578695
sout2918,aust1307,-3.215219028955049,1.450111893824598
sout2985,miwo1274,-2.122137952909147,3.4562321923513544
sout2807,atla1278,2.6131285812881653,2.217806649245926
khan1277,sino1245,-2.018589136499629,0.5621877594460223
sout2679,ural1272,-5.820784036327517,4.867087493270747
sout2782,atla1278,-0.5478040491808156,0.7047260314046024
sout2895,aust1307,3.900466536211765,1.4972542615221247
sout2674,ural1272,-5.715589451630781,5.088265993702275
sout2959,atha1245,3.4944542913481302,4.377597640716278
para1301,aust1305,-4.005395846256704,1.863211014609929
sout3261,nakh1245,-0.2929421223606944,0.7016472393720008
sout2869,aust1307,-0.8468391957827284,0.6453726328089608
stan1318,afro1255,1.0628787608821837,1.6566399547384911
indo1316,aust1307,-0.7750770329476604,1.473198590649055
stan1306,aust1307,0.1692105665656189,0.9500619974988992
horp1239,sino1245,-0.6608297435903532,0.9197084639117924
suab1238,sout3418,3.17140066987056,6.649890552630795
suba1238,atla1278,3.179561658363309,1.2662479799860211
sude1239,aust1307,1.3842344793543642,1.2709135396918434
suen1241,nucl1709,-5.481498795496981,1.4868439864531382
suku1259,atla1278,3.6890588690467303,2.1447121260672617
suku1261,atla1278,3.064804859306419,1.4816767544521865
suku1272,afro1255,-1.2441713518643378,0.5677480593295563
sulk1246,sulk1246,0.556297769181703,2.8597941710759844
sumi1235,sino1245,0.1058488917758202,0.5980157755932325
sund1252,aust1307,-3.0525213925584245,2.049644348120877
mari1426,aust1307,1.4244784661825682,0.6707144783536663
sunw1242,sino1245,-3.481417335688281,0.5932014293666406
supy1237,atla1278,-1.8667035473162985,1.2003947863861235
surg1248,ural1272,-5.780309915472181,4.783960661862272
surs1246,aust1307,-0.0636841610367242,0.6449611659943173
swah1253,atla1278,3.042964314195772,1.4611154096003514
swed1254,indo1319,-4.589209255679359,3.428203103615592
taba1263,nort2923,4.225945283135241,2.9003470944588923
tabo1241,tabo1241,1.3213002027988543,3.5745301012639183
taga1272,aust1307,-2.595046207560741,0.8416370475542649
taga1273,aust1307,-3.1876266711540744,1.1465962129488467
taga1270,aust1307,-3.1396547834595294,1.2026293707560676
tago1246,rash1249,2.230074320823718,3.5438078522139884
tagw1240,atla1278,-1.6531677909214122,1.1826301987447767
taha1241,afro1255,1.7678559885051293,2.0372341315772218
tahi1242,aust1307,-2.4098029806555723,2.487997908654755
taia1239,taia1239,-1.031985610334261,3.220156095810709
tain1253,anga1289,-2.235074141465661,2.4398880317002973
taji1246,aust1307,0.5518728377170932,0.9113444457115172
taki1248,aust1307,2.6387975650799103,0.8402078218782627
taku1257,aust1307,-3.763379833741134,1.443692650546765
binu1244,aust1307,-2.621065888323379,0.8431810392915935
tali1259,aust1307,-1.523442490739197,0.7719169812205742
tama1331,tama1329,1.3770951515225658,2.431844614038845
malo1243,aust1307,1.2054879345853018,0.4378358153669097
tama1365,afro1255,-0.0310839513542525,1.19121678891738
tamb1254,aust1307,-2.9770720490982256,0.9900001877374364
tami1290,aust1307,0.8137210134091095,0.5923509714628157
tami1289,drav1251,-5.196385135411582,4.500702684794367
tane1237,aust1307,0.0249107161408295,0.7058045453971431
tang1377,sino1245,-3.543053052536181,1.4426664427818103
tang1348,aust1307,-2.7734306768973074,0.8794624671290059
tang1373,sino1245,-3.205810347621112,2.113768330062598
tara1313,sino1245,-0.6647896136101128,0.4812502302115682
tari1256,araw1281,1.7304172217708995,1.764868700930915
tari1263,afro1255,1.6687688282578512,1.853306830188888
tata1258,otom1299,-3.812951438104988,0.8806558875773973
tata1257,aust1307,-3.090346476040702,0.9874191612218244
tata1255,turk1311,-4.501193080586815,5.662810052222666
taul1251,taul1250,0.3482775330147487,2.764305269881888
taus1253,taus1253,1.7874469971272966,4.3514331358708445
taus1251,aust1307,-3.10809285071846,1.3531722996068556
tauy1241,nucl1709,-3.33988807979724,1.1255468738935337
tawa1275,aust1307,1.681889473031935,0.7788772209498216
diga1241,sino1245,-3.370209905970672,1.3500795756730444
taya1257,afro1255,1.1660281817314275,1.7124652574950725
tbol1240,aust1307,-2.442918412942784,0.9689672365024578
tean1237,aust1307,-0.020866904187728,0.7260357945512546
teda1241,saha1256,1.245410022928414,2.0498700952998767
tedi1235,sino1245,1.7823357815782566,0.718367141444002
tega1236,rash1249,2.194643718460548,3.53761660548252
tehu1242,chon1288,-2.97226490322488,7.139971992555191
teiw1235,timo1261,-2.297818686068988,2.0869156323374423
tekt1235,maya1287,2.512444191804684,1.2288697656224663
tele1256,nucl1709,-4.563568131374246,1.6784412379193174
tema1239,utoa1244,2.736789058596363,1.2947108834131544
temi1246,aust1305,0.1140532115235566,0.7903897737867531
temo1245,otom1299,0.7991564864152845,0.9662108018032836
temp1235,aust1307,-3.042867646829558,1.0513205551649245
teng1272,aust1307,0.0347189775298543,1.25788814926905
tene1248,dogo1299,-3.855364370004202,5.31113105509936
tenn1246,surm1244,2.438242072670145,2.250738928248113
teop1238,aust1307,-3.245625219871956,0.7227983180222868
tera1251,afro1255,-3.8849142514326194,0.9339807931255636
tere1278,sout2948,-3.052190204657515,3.560132087476002
tere1279,araw1281,3.817965108203656,2.786333656988578
teri1250,chib1249,-3.086880522846945,1.5740478796628814
term1237,aust1307,1.745452238677944,1.142348129563052
tern1247,nort2923,1.9655424574728704,2.573643243761243
tete1251,utoa1244,2.533417655743561,1.270492285350512
tetu1245,aust1307,-0.1592616250903349,0.7497921522423994
thad1238,sino1245,1.9480842700414027,0.5990571532619544
thai1261,taik1256,-4.746403278295611,6.309536011478184
thak1245,sino1245,-2.81935330696761,1.0917545084934035
than1259,sino1245,-1.0603125207406667,0.9243874271615448
thao1240,aust1307,-0.4300578394161178,0.7534056085112653
thar1283,atla1278,1.7939206403356929,1.1081361583933609
aheu1239,aust1305,-4.464950945798156,2.1326356049715187
thay1249,pama1250,-2.952791744732733,2.592177891656725
thul1246,sino1245,-0.6815228345154178,0.6511458668131844
tibe1272,sino1245,-3.698816732773009,1.372271717583443
ticu1245,ticu1244,2.3602739421795778,5.460300875631978
tido1248,nort2923,2.506473181805257,2.6665427211767785
tief1242,atla1278,-2.1609802986745263,0.8041090302104923
tief1244,atla1278,0.4400648267312901,0.7900593545289514
tien1242,atla1278,3.504182391653201,1.7198234301988489
tiga1245,aust1307,0.0012176370454763,0.7448709166319496
tigo1236,atla1278,-2.2498185091088714,0.6764885413113007
tika1246,atla1278,0.6829326647363039,0.6931635195977854
tiko1237,aust1307,-0.7508960198917334,1.0066876575425887
tilu1238,sino1245,-3.2557773778942227,0.535912842058325
timn1235,atla1278,2.2181812555748843,1.1174965149166385
timu1262,aust1307,-0.3311600182127421,0.893696826733418
tina1248,aust1307,-3.3117254282930686,1.06067154056878
tira1254,heib1242,2.13367556081072,3.4405664534001463
maee1241,aust1307,1.834727519677613,0.3955074790655857
tiri1258,aust1307,-3.5827616933271083,1.041883412978848
tiru1241,aust1307,-2.7219036102527703,0.9181110567227132
tita1241,aust1307,0.0181929614459437,0.764879008050567
tiwi1244,tiwi1244,3.1322738779802304,6.779515186978396
toab1237,aust1307,-2.037851365493412,0.8094637019040523
toar1246,nucl1580,-3.498531352501499,3.668733294838797
toba1268,leng1261,2.138671680704628,5.073392452692836
tobe1252,nort2923,4.587349292316605,2.867845404035089
toda1252,drav1251,-5.320034212280515,4.011454423165942
toho1245,utoa1244,-1.450587425835038,1.5098840844200063
tojo1241,maya1287,2.448160693191748,1.277506189056595
toke1240,aust1307,-0.3562948560199004,1.617403575482328
toll1241,jica1245,2.346584785866469,5.457451607489811
tolo1255,aust1307,0.9403683582265312,0.5458791454427612
toma1245,mand1469,0.6581490442764281,1.3099091472901971
tomb1244,aust1307,-2.859696260499891,1.1178435008388623
tomm1242,dogo1299,-3.7661536576022816,5.338769373557536
tond1249,song1307,-3.8517718092191418,5.105574991905161
tong1325,aust1307,-2.4529931450696703,2.336929668558817
tong1318,atla1278,3.352561742176152,2.075494835799629
toor1238,atla1278,2.548804179223332,1.182021751750998
tora1259,aust1307,-0.7067764511440349,0.6890102813874375
tote1238,atla1278,3.257100354786329,1.984735310528471
toto1302,sino1245,-3.352548977351211,1.0876811645469804
touo1238,touo1238,-2.5355276289801267,5.404227336852266
trin1274,araw1281,3.188085918456398,1.93844941109386
trio1238,cari1283,1.9740737137429685,1.948820190292928
trum1247,trum1247,-1.1308515412491464,3.444828302774167
colo1256,barb1265,-4.258744483847173,4.527177961395709
tsam1247,afro1255,-2.0442945876940324,0.9781213254558594
tsat1238,aust1307,-3.6558090948429394,2.4208183827595477
dido1241,nakh1245,-1.3087533434848069,0.6808124836627201
tsha1245,sino1245,-3.5395229882445536,1.156273230689182
tsix1234,khoe1240,-2.5917876739394505,4.596524055090128
tsog1243,atla1278,0.1409692177626791,1.1805719827967742
tson1249,atla1278,-0.0158454693773713,1.2957054609935792
tsou1248,aust1307,-0.1045520542994566,0.6527936638075253
tswa1255,atla1278,0.3448086253475391,1.302729172534992
tswa1253,atla1278,2.636060209997718,1.9221710017487796
tuba1278,utoa1244,-0.3197531716891024,1.3187065414367307
tuge1241,nilo1247,1.606242881014612,1.1796720300089412
tugu1245,aust1307,0.7326911913636445,0.8417737526914433
tuka1248,aust1307,2.505508014440673,1.2439576390374754
tuki1240,atla1278,2.1722286183574706,0.6629847546834728
tula1252,atla1278,-0.2841295547422195,0.6133061711326455
tulu1258,drav1251,-5.320212890800232,4.3901866788469786
tuml1238,aust1307,-0.4670710745668791,0.7803991079329702
tumu1242,atla1278,-1.635686045338367,0.9023043803625796
nene1249,ural1272,-3.2327701675738187,4.377555830532278
tune1261,atla1278,-0.5284768330757181,0.5656300019686924
tung1290,aust1307,-2.0150525829180688,0.935085493351126
tunn1238,afro1255,-2.3079263937293817,1.7920331963940883
turk1308,nilo1247,1.084951237645965,1.2956494412869797
turk1303,turk1311,-4.080626809629556,5.183718631722374
nucl1301,turk1311,-3.703709790369182,5.262741135740601
turk1304,turk1311,-4.191729863727034,5.724223695853043
tusc1257,iroq1247,3.253826904630195,3.9599225599951415
tutu1241,aust1307,1.3305361194399987,0.4363251303525963
tuva1244,aust1307,-2.6279465148038086,2.41359454775508
tuvi1240,turk1311,-4.480420383008913,5.911120704217097
tuwa1243,aust1307,-0.3934950002586186,0.5813689930147685
tuwu1238,atla1278,0.1943374469300858,0.6795807937698157
uuuu1243,aust1305,-4.484550274548179,1.929932100826548
ubir1237,aust1307,1.7070646671786742,0.7271117501188815
udii1243,nakh1245,-2.8469450789428574,0.9856191533594584
udih1248,tung1282,-4.14403040859814,5.683725766399974
uduk1239,koma1264,-0.1353580628133268,1.7129199175091188
ughe1237,aust1307,-1.2563041778282502,0.7065253476790865
ugon1239,sino1245,-3.5228605185101465,2.235502072681996
ukaa1243,atla1278,0.5159262115274821,0.7310921656254585
ukra1253,indo1319,-4.500773796166679,3.3905848227292967
ulch1241,tung1282,-4.357356707351656,5.522356721467375
ulit1238,aust1307,-0.4166287144439672,1.2965905962336457
ulwa1239,misu1242,-0.8000103872810775,1.7624591969143495
yaul1241,kera1258,-1.8469294132233467,2.7320069641611866
umaa1242,aust1307,1.6237091954740757,0.9208599980461488
uman1240,daga1274,-1.6666613487385868,2.7794397780622617
umbu1257,atla1278,3.086973951858558,2.5167640885110227
umbu1258,nucl1709,-6.88566921503647,1.5045388068348071
umes1235,ural1272,-5.765165993373807,5.009814280384749
unaa1239,nucl1709,-4.262068148406981,1.8050857692216056
unea1237,aust1307,1.798775647441287,0.7507284102403169
unua1237,aust1307,2.257413054015032,0.3510609958133432
uppe1427,aust1307,-3.0617987471649086,1.0756306741106876
uppe1275,toto1251,3.7008670515579953,4.246924653568357
urak1238,aust1307,-1.008155673828665,1.250836355442292
urar1246,urar1246,-2.4734358539598094,5.601350347025882
urav1235,aust1307,1.910062060840572,0.7940968602842684
urim1252,nucl1708,1.4737945886646222,1.1747736931878858
urip1239,aust1307,1.7502363571676804,0.3877037047870217
urni1239,giim1238,2.9314383016869416,6.396127921607232
usan1239,nucl1709,-3.004828662887191,1.15271220700458
utes1238,utoa1244,-0.6456453469344172,1.6551198758912005
pile1238,aust1307,-1.2443688935388355,0.9696299635971092
veps1250,ural1272,-5.791177716284459,4.914662613684241
vera1241,aust1307,-1.5336283758040918,0.6938406146478009
viem1243,atla1278,-1.4685947592422974,0.8557204510626608
viet1252,aust1305,-4.469145836335629,2.344884229749251
voti1245,ural1272,-5.786144449699606,4.869999054556187
vunj1238,atla1278,1.883682132841152,0.9361760334906624
vure1239,aust1307,-1.5121463014687908,0.7125974491342024
vwan1235,atla1278,3.6792432141526,1.4814699039123769
wadj1254,wadj1254,3.049045159004127,6.549694166472788
waga1260,pama1250,-2.9348818438259485,2.4688120766896717
wage1238,wage1238,2.916835465870518,6.342808971673722
waig1244,aust1307,1.1034642807387025,1.1383057194009538
waim1251,aust1307,1.7067727846027485,0.7742871296406015
waim1252,aust1307,-0.0317176898254376,0.7361620348331179
waim1253,cari1283,2.5560265797625545,2.346771219489044
waiw1244,cari1283,2.2416671613891554,1.9897934883635529
waja1259,atla1278,-0.3401727776254388,0.6327274540777399
waka1274,pama1250,-5.828857498571006,3.770445120040904
wala1266,aust1307,-2.0012174594759147,0.7136818803218361
wamb1258,mirn1241,-1.009548385997282,2.083519651108574
wamb1259,nucl1709,-7.050649308400866,1.908175893682662
wamb1257,sino1245,-0.6537000931654149,0.5201219200234029
wann1242,mand1469,-2.995102188349578,1.7703143506979746
wand1278,afro1255,-0.9228175112325416,0.5982508206719466
wand1267,aust1307,1.0786345873883687,0.9676483124063786
wanm1242,pama1250,-2.953356412647812,2.952556172873132
saka1289,aust1307,-1.3493523390938522,0.5537427871783525
waor1240,waor1240,-2.83253301945806,6.254733943155464
wapi1253,araw1281,3.0147364791096294,2.596698474261373
wara1303,wara1303,-1.7567108123835775,4.46709963001366
wara1300,aust1307,0.6181593401658962,1.0464907475280434
ward1246,yang1287,2.678257319186419,5.990894634495982
ware1255,araw1281,3.861770636795984,2.003526520218598
ware1253,aust1307,2.423955455984093,1.175823187633558
wari1268,chap1271,-3.1311004042405925,6.750108027870698
warj1242,aust1305,-2.893866594539872,1.429196236584234
warl1254,pama1250,-2.3720427602109355,2.3462705575910654
warl1256,pama1250,-5.683808240455518,2.9661584205532145
waro1242,aust1307,2.642892009864906,1.134863599751874
warr1255,pama1250,-5.666391952525126,3.33129388698826
waru1265,pama1250,-2.5994358419675967,2.345771849155861
wash1253,wash1253,1.281105966238281,3.628195986373155
wask1241,nucl1709,-5.407994429013183,1.2650374421831785
waur1244,araw1281,3.5769086660353198,2.4993641670888262
wawa1246,atla1278,-2.2796559767085967,0.7869304372624057
waya1269,cari1283,1.73776504857466,1.992355006533936
wayu1241,sino1245,-0.9916924429025198,0.5886782188750512
wayu1243,araw1281,3.218417267136976,2.749395325211489
weda1241,aust1307,1.6218253478841336,0.6971111846099021
wels1247,indo1319,-3.466172245763997,2.7361666350407283
nort2864,aust1307,3.869867251861565,1.4979909915299388
weri1253,kuni1270,0.3449456495636572,1.0787617819209796
west2564,aust1307,-3.2620844320506515,1.2982113571969889
west2560,aust1307,-3.0560783449319637,1.0212337930778723
west2548,aust1307,1.238994302397867,1.1684440235105615
west2615,atha1245,3.259736781008177,3.539092234092754
west2441,pama1250,-5.479529079937224,3.0529214419263138
west2397,aust1305,-4.387778038794505,2.0735904754401524
west2555,aust1307,-2.5914960273910164,0.7574122636864296
west2618,eski1264,-2.048163467143159,3.9730751442000702
west2650,aust1307,-3.01896659068698,2.0372006376314094
west2594,nucl1709,-3.5079048960648205,1.80254047326752
west2778,utoa1244,1.0432784184934265,1.1264998088745417
west2369,indo1319,-1.3828746001537884,2.110572722901507
west2519,aust1307,-0.9846113267485542,1.4489306991930704
west2354,indo1319,-4.405810720718293,3.019093770229791
west2644,otom1299,-3.94783114881864,0.8649923831594997
west2624,utoa1244,2.318632927009184,1.3201304589502296
west2466,atla1278,-2.0382337057481403,0.8652975315581948
west2632,kere1287,1.556463301828872,4.072194023890846
west2396,aust1305,-4.090473508772366,1.8643853689877476
west2418,sino1245,-2.510935562588561,1.0684967916003991
west2392,ural1272,-5.930597687466138,4.519612126919798
west2763,afro1255,1.5836316699715465,1.507906361064304
west2386,indo1319,-2.889536586837597,2.320222288878547
west2557,aust1307,-3.212072325750454,1.2823600133956568
west2415,sino1245,-3.61608233373457,0.8377792602312439
sanj1284,otom1299,-1.5094415005703867,0.7065768078028398
west2430,hmon1336,-4.676687781446429,6.635385351656308
west2599,nucl1709,-4.569890156522378,1.567851492910414
west2600,nort2923,2.2807333181799683,2.54994447467614
saka1291,aust1307,-2.1281806522948963,1.9932328493329337
west2516,aust1307,-2.9373344718254506,0.9478165443932056
whit1269,aust1307,-0.796275091473545,0.6411349205875467
wikm1247,pama1250,-5.465253854550266,2.641288258161927
wiru1244,wiru1244,-2.741456446698816,5.785748216242184
babi1235,atha1245,3.1078154240163154,3.742341236527338
woii1237,aust1307,3.354047005406439,1.1100455363002872
wola1253,afro1255,0.3434708786861685,0.9733495005151998
wola1242,gong1255,-2.879825219813381,1.4675300950512185
wole1240,aust1307,-0.2709413643683426,1.4063871064353464
woli1241,aust1307,2.143065158887178,1.0920493184680673
nucl1347,atla1278,1.770988908503424,1.4409887946403792
wood1236,algi1248,1.362267750236768,2.212104724770164
wotu1240,aust1307,2.2214471149624004,0.9020164689616764
woun1238,choc1280,-2.488776778452133,3.683744052748251
wuch1236,sino1245,-3.2393284518837384,2.7484323726157136
wudi1238,sino1245,-4.102571651452688,1.696109266113055
wuna1249,worr1236,2.5981478508077505,4.6673948012604765
wusa1235,sino1245,-4.073581904291931,1.6730893202038288
wutu1241,sino1245,-3.1989093139246005,1.9408417575561216
wuvu1239,aust1307,1.9599462243221089,1.1456893903691352
xamt1239,afro1255,-1.998966135965825,1.2557561275300737
xara1244,aust1307,-3.5496424874998893,1.0366195826886724
xhos1239,atla1278,2.567705103371287,2.344771025149088
xish1235,sino1245,-3.941739699484192,1.4979330617671618
xokl1240,nucl1710,-0.3083868980526411,1.7246429641043264
yaak1241,afro1255,0.7849394365753649,1.050262235504718
yabe1254,aust1307,0.7276130753515999,0.6010857061861152
yaey1239,japo1237,-4.444576175666096,5.733600861596048
yaga1260,nucl1709,-3.583371182291601,1.187555574729691
yagu1244,peba1241,2.286962331316557,5.242024299987388
yaka1272,atla1278,-1.7523764598335303,1.0608750115921897
yaka1277,aust1307,-3.1650925384923982,1.360734352711578
yaka1269,atla1278,3.649542844829194,2.11104977202564
yakk1236,sino1245,-3.237225917117012,0.776411678037638
yako1252,atla1278,-0.1669093115912003,0.8998203642004228
yale1246,yale1246,1.6545435545147469,3.9524051568300154
yama1264,yama1264,1.6746949261593729,4.425395940404439
yami1254,aust1307,-2.40891216859648,1.002907082564375
yami1256,pano1259,-2.345213405748778,1.568283884159115
yamp1242,sino1245,-0.6220608004508532,0.5756118331521112
yand1253,pama1250,-5.849697435196193,3.4052970720134947
yane1238,araw1281,3.036083633545914,2.0486578611978867
yano1261,yano1268,-2.5363011937256736,5.031197196780539
yany1243,pama1250,-0.9867399985337888,1.6074154396604283
yaoo1241,atla1278,3.5744214517702555,2.056169852176284
yaou1238,mand1469,-2.6409102276451453,1.880366345889943
yape1248,aust1307,-0.0106335189753359,1.1678353232131595
yaqu1251,utoa1244,-0.3345993244119015,1.2673311056638337
yare1248,yare1250,-1.2204265179609874,3.4089055072482357
yatz1235,otom1299,-1.4146838197151903,0.7596991822193218
yaum1237,nucl1709,-2.447157401269118,1.0033203067644294
nucl1454,yawa1259,2.6090538313220053,5.64348129888916
yawu1244,nyul1248,0.7688390839107274,1.685973947963685
yecu1235,toto1251,3.295226878306077,4.362030305256371
yele1255,yele1255,1.561946325883833,3.9788151906487697
yems1235,gong1255,-3.1960234143677737,1.6438479085295494
yapu1240,nucl1708,1.7772031882728994,1.1660909007789684
yess1239,sepi1257,-1.258855714305527,0.8506555108245344
yeyi1239,atla1278,3.0342572842535898,1.9503935818504328
yidi1250,pama1250,-5.6500884078299904,3.2177799897521373
yima1243,lowe1423,1.581641364497795,3.868636664928664
yinc1238,aust1305,-3.62819354571776,1.808028996042042
yind1247,pama1250,-5.7074677924583055,3.459518193935665
yine1238,araw1281,3.194993904680595,2.007440861149909
yoga1237,aust1307,-0.4790863097754695,0.6351641443947962
yona1241,japo1237,-4.528157245043613,5.635443612083551
yong1276,taik1256,-5.203317112704493,6.1651817873890025
yong1280,nucl1709,-4.818595121633615,1.9453755614859336
yora1241,pano1259,-2.666547528898795,1.7616652495075051
youl1235,sino1245,-4.152622390596405,1.6224156401623802
youn1235,hmon1336,-4.777935786128248,6.449366542521584
yuca1254,maya1287,0.7611630510516217,1.654874778847315
yuch1247,yuch1247,2.337244735900623,5.628578828929948
yuec1235,sino1245,-3.653430867194549,2.603987221804952
yulp1239,pama1250,-2.5635825892767845,2.6046625327099875
yulu1243,cent2225,1.9987284487683696,1.8264676222140004
yuqu1240,tupi1275,1.7871152499152574,1.6038556888914357
yura1255,yura1255,-1.2605356130938945,3.570916606611788
gami1243,pama1250,-5.795406965026364,3.728207030055734
zaba1237,aust1307,-1.7697844837998609,0.8909980090501257
zaca1242,otom1299,-3.961261041149815,0.926948113501762
zaca1241,utoa1244,2.602232473719325,1.201523725653555
zaiw1241,sino1245,-3.30045827112943,1.3353853362568735
zamb1245,atla1278,2.7529305368438672,0.9429983633144924
zand1248,atla1278,2.258092470384151,1.2694649649829015
zani1235,otom1299,-1.3526484587649827,0.7323174440382871
zapa1253,zapa1251,-1.0203600801657986,2.261826254816274
zarm1239,song1307,-4.08988937029126,5.770729781911271
zays1235,gong1255,-2.6912649223481604,1.4615841066089938
zeme1240,sino1245,-1.7532251031688848,0.5824400636102389
zenz1235,otom1299,-3.82837760325985,0.8040572372999364
zhab1238,sino1245,-3.438193423363179,1.2649213460051705
zigu1244,atla1278,-0.6633660864578665,0.9583811731765142
nort2795,atla1278,3.065154859667154,1.9724998766896744
zinz1238,atla1278,3.3394941836565843,1.5358069490087711
zoog1238,otom1299,-1.4274935053841773,0.7436525816833583
zulg1242,afro1255,-3.4743324570322542,0.559742275214024
zuni1245,zuni1245,-1.45125212500417,3.892955855744328
