Glottocode,Family_ID,GPGLMM_Latent_Mean,GPGLMM_Latent_Variance
abad1241,aust1307,-1.217154660284184,0.2808468888827224
abau1245,sepi1257,-1.5102408695229466,0.4512153134801089
abee1242,atla1278,-0.2265920771772539,0.4499554790012352
aben1249,aust1307,0.7210139737109706,0.2981995651872946
abkh1244,abkh1242,1.3107241488291304,0.8087443099896099
abua1245,nucl1708,0.7254407248323548,0.4427197242124681
abui1241,timo1261,-1.8658474581597453,0.6101467245703418
abun1252,abun1252,-1.5203816647346202,0.7360186024186852
achi1257,aust1307,-2.453503273371424,0.7555119064551832
acha1250,araw1281,-0.0398064065106671,0.4780832439759441
ache1246,tupi1275,-1.3582925014462215,0.6968147277247807
ache1245,narr1279,1.1159421180355222,0.581898380575133
achi1256,maya1287,0.4994971654271656,0.4330587692200707
achu1248,jiva1245,-2.0535750163778883,0.7412714415597055
achu1247,pala1350,-0.3472817442164377,0.7926286492912746
acol1236,nilo1247,-0.1979899737995787,0.5221581965098832
adan1251,timo1261,-1.9517761013105184,0.6127026137794376
adny1235,pama1250,-1.4271385647310078,0.6059158343803279
adon1237,aust1307,-1.091773788181431,0.3300271612010705
adze1240,aust1307,-1.511433623191497,0.2681848517836158
aeky1238,kamu1264,-1.942653090449828,0.6556361395658268
afad1236,afro1255,0.8733623389590401,0.3079568510665105
afar1241,afro1255,0.2003415335404061,0.5906428376712825
aghe1239,atla1278,2.0045757980282435,0.261813408105918
aghu1255,nucl1709,-0.6567273291003133,0.4056084638049189
agob1244,paho1240,-0.5495328317252837,0.6014770514741201
agua1253,jiva1245,-2.1308326489189264,0.8031069398941746
agus1235,aust1307,-0.9807723073255836,0.349587780841837
agut1237,aust1307,0.2378691509736155,0.3773018216606223
ahin1234,aust1307,-1.0937455574735653,0.272620954588878
aika1237,aika1237,-1.235129394543062,0.7565045382454256
aime1238,bosa1245,-0.3319474966493493,0.5865657871704268
musa1266,nucl1709,-2.3874403127883514,0.3285468526575297
aito1238,taik1256,-1.9053389057714112,0.6642413294297311
ayiw1239,aust1307,-0.3024644278613213,0.3630965259681638
ajab1235,atla1278,-0.1025540429732636,0.3252571482133728
ajas1235,kres1240,0.6790322276365668,0.6582315498793241
ajie1238,aust1307,-0.1688346899138952,0.3409643229729875
ajyi1238,araw1281,-0.4443456246395609,0.4584736790866186
akan1250,atla1278,-0.2605071262895216,0.3777826242767945
west2635,maya1287,-1.077973350842116,0.4047503496726632
akei1237,aust1307,-0.9665863258749938,0.2559499478516365
akha1245,sino1245,-2.3580624799256578,0.4093054703273058
akoo1248,atla1278,2.3031110231667475,0.2850178484608063
akun1241,tupi1275,-1.155392887736252,0.4974568837599991
alab1254,afro1255,2.2796963396726384,0.4365360862031648
alab1237,musk1252,-0.5641356743293078,0.7891165916508518
alac1244,otom1299,1.0830047421289797,0.3297629668353679
alag1248,afro1255,2.52114387309507,0.5039676416795986
alam1246,sepi1257,-1.2672086234427655,0.4570381377029378
aleu1260,eski1264,2.0252691187736565,2.272083145904724
alor1247,aust1307,-1.1526238934997737,0.3256529073420688
aluk1238,drav1251,-1.1417816661735434,0.4014902634239377
alya1239,pama1250,-1.5157345919281318,0.4797587097186815
amah1246,pano1259,-2.4914097019721924,0.592432470133355
amam1246,kuni1270,0.3076913434435463,0.4932361616700049
amap1240,left1242,-1.814363862347724,0.6380238555573037
amar1272,aust1307,0.4341833784541377,0.2641258385592744
amar1274,hara1260,-1.7440329437385096,0.811181378469076
amas1236,nyim1244,-0.9877103795501948,0.7278130922743475
ambu1247,nduu1242,-0.9996785308735447,0.5042220334513869
amdo1237,sino1245,-1.6780991786745665,0.5495430235535856
amha1245,afro1255,0.5163316841890664,0.500351030407935
amii1238,west2434,-0.9075618937641756,0.5902739860151298
amis1246,aust1307,-2.0930775475532584,0.4252620873371784
hoaa1235,kxaa1236,-0.0397251506529507,0.8951516335438336
amri1238,sino1245,-0.7683891911652843,0.2860573423129464
gily1242,nivk1234,-1.6211086633813747,1.2310895117920548
ando1256,ando1256,-1.618288753043446,0.7325862106374119
anei1239,aust1307,-0.86419221096693,0.3732336597845078
anem1249,anem1249,-1.943350947601208,0.6815453506099001
anfi1235,gong1255,0.1831318149307208,0.441805164068934
anga1290,anga1289,-0.0432155537263752,0.5441886675970657
anga1288,sino1245,-0.9314946694614804,0.2524598518930379
ango1257,chib1249,-1.010623455462379,0.5433809344923022
anin1240,gunw1250,-1.4466042120093998,0.6275801036167348
wara1294,more1255,-2.164808925596095,0.6299377065226066
anta1255,aust1307,0.6424606809948752,0.8619881848633248
anua1242,nilo1247,0.2516946330948315,0.4936708953757422
anuf1239,atla1278,-0.094584824000427,0.357481609202388
anuu1241,sino1245,-1.1316244330606615,0.3546104697232843
anut1237,aust1307,-0.240306485507836,0.4263079905546858
aona1235,sino1245,-1.0329022887475603,0.2532709902591943
aoua1234,taik1256,-2.829425800476243,0.7594824145032284
apat1240,sino1245,-1.2082789902275626,0.2721373979742356
apin1244,nucl1710,-0.5251103970783242,0.6686827294188769
apma1240,aust1307,-1.148709144689057,0.2370686664675894
apma1241,kera1258,-1.167317376665716,0.5744983531832233
apur1254,araw1281,-1.2035167353153862,0.5220409844389842
arak1252,aust1307,-1.0061147378972666,0.2476319876805925
aram1253,more1255,-2.163193837242244,0.6168823290519079
arao1248,pano1259,-0.411511239004579,0.5456948189154254
arap1274,algi1248,2.5221371595491275,0.7980348521397023
araw1273,tupi1275,-0.8820014655035139,0.6722331886315782
arbo1245,afro1255,2.2186620556133785,0.4141438467771232
arch1244,nakh1245,2.1557917698499725,0.4384522393605943
aree1239,aust1307,0.4924957407633482,0.2702873843720956
area1240,aust1307,0.4185758472970395,0.2841263376477165
argo1244,afro1255,2.335422811453121,0.5038060507937967
arhu1242,chib1249,-1.3655451657357327,0.55817103647989
arig1246,atla1278,0.4172213378722098,0.303912934012569
arik1265,nucl1710,-0.9071322349053456,0.5565410601146654
arom1237,indo1319,3.225837165367327,0.953509257311648
arop1243,aust1307,-1.3118832583271614,0.2678688438469851
arop1242,aust1307,-0.89043593629002,0.2945041265415442
aros1241,aust1307,0.279746345795707,0.3053401574500354
arta1239,aust1307,-0.8394714932434537,0.2802698120592408
asha1243,araw1281,-2.1637133475854133,0.5027377625021447
ashe1272,araw1281,-0.2145446857173858,0.4713532678520797
asoa1238,cent2225,-0.4968562120614943,0.4172909988011231
assi1247,siou1252,2.2991060797215246,0.9137922929293376
asur1254,aust1305,-0.5815855795800943,0.4451577564609001
asut1235,atla1278,2.898939638921723,0.4836955872443287
atam1240,aust1307,-1.1687774049994366,0.3295951583818954
atay1247,aust1307,-2.070327518818789,0.4696622662607099
athp1241,sino1245,0.8895452044027676,0.2615967993204187
atii1237,aust1307,-1.3622480300393018,0.3497923524710753
aton1241,sino1245,-0.8542487192527467,0.2956619997932277
auuu1241,nucl1708,0.5615105561596432,0.439684973327032
aulu1238,aust1307,-0.8925777123886709,0.2287409236845219
auye1238,nucl1709,-2.0569573341281777,0.4472172450791163
avac1239,tupi1275,-1.2106593755553,0.7306506845054175
avat1244,atla1278,0.190883431871571,0.3080200647593756
katb1237,aust1307,0.8360204528688688,0.2210834351936279
avok1242,cent2225,-0.7618924544707154,0.3822392055490997
awac1239,barb1265,-2.118365853180395,0.7575024011688951
awad1244,aust1307,-1.4587625923534573,0.271182220291764
awad1243,indo1319,1.0821320760719442,0.483726349698788
awap1236,nucl1709,-2.5864057974262527,0.3436537403145863
awar1249,ramu1234,0.0651327327807137,0.6090246723034785
awar1248,nucl1709,-2.4892278409925046,0.3381917567332042
awet1244,tupi1275,0.5917520340230735,0.5323768591398759
awji1241,afro1255,2.427798107540742,0.9065816878154244
awtu1239,sepi1257,-1.047050420055843,0.4392123791120248
axam1237,aust1307,0.9207193660585324,0.2228861945692992
axiy1235,sino1245,-2.0999728299078715,0.4201779495944482
ayac1239,quec1387,-1.9646940430843087,0.7409628484797821
azha1235,sino1245,-2.3237679655094325,0.4487988648502101
baba1264,atla1278,0.2327792267132793,0.2515120955223455
baba1266,atla1278,2.1386126538417183,0.2615182285031885
baba1268,aust1307,-0.0528907683162513,0.2930951224434581
bada1257,drav1251,-1.2756598922545104,0.4111633844795879
bafa1247,atla1278,2.42852105379159,0.3004149425366762
bafi1243,atla1278,2.31442838997134,0.2825881262449607
bafu1246,atla1278,1.9950294065887848,0.2521753687415566
baga1273,atla1278,2.389816605403773,0.5271556603847927
baga1272,atla1278,2.406546121668924,0.5364081659661171
bagi1246,cent2225,0.7065310915679346,0.4188026488572092
bagv1239,nakh1245,2.1614854027386468,0.437994548433231
baha1259,afro1255,1.4708183710721414,0.7799943960817082
bahi1252,sino1245,-1.1279486244869954,0.265759234130801
bahn1262,aust1305,-3.2202295180305294,0.6104759671355859
baik1238,aust1307,-0.9952940582638512,0.3325314737090279
baim1244,sino1245,-1.744470304879979,0.5195262659966495
baka1272,atla1278,0.7322867630838565,0.3722281621852925
baka1274,cent2225,1.1566220353302208,0.3855598157280884
baki1244,aust1307,-0.958004900716565,0.233771372512936
bala1316,aust1307,0.147076414710513,0.3472063557499476
bala1311,aust1307,-1.7250614868262704,0.3824240450244573
bala1315,aust1307,-1.4480245951859914,0.4169949324325674
bali1278,aust1307,-1.7257985645701868,0.546327090642885
liki1240,atla1278,2.114698861571896,0.354123591678019
bamb1270,aust1307,-2.147452846461308,0.4470052447838002
bamb1269,mand1469,-0.1172016295909184,0.5104918179067237
bamb1262,maoo1243,-0.0407736249034733,0.6286911997717191
bamb1266,atla1278,0.1602479218176793,0.2512138393750964
bamu1253,atla1278,2.1216846260039435,0.2681374283825537
bamw1238,atla1278,2.0150042841335063,0.3521413218974754
bana1288,aust1307,-0.8750044848766341,0.2809939249551014
band1344,atla1278,1.0478781894446492,0.360960871738361
band1340,atla1278,0.4888509326150043,0.5490528124984886
bang1363,bang1363,0.2910764014127378,0.7233379374207081
bang1369,sino1245,-1.242278096127169,0.3021058591813936
guar1293,araw1281,-1.4664555840055309,0.4372577576305962
bani1255,araw1281,-1.4270721249466036,0.4350317274041115
bank1256,atla1278,0.7178324052247977,0.2971759217904344
bann1247,aust1307,-0.3015051634278455,0.297476508635337
bant1281,sino1245,-0.8328007695763998,0.2659121720306761
bant1288,aust1307,-1.4888886395900256,0.3366424744430443
bara1357,sino1245,-1.097129389050235,0.2922134533855409
nucl1630,koia1260,-0.0032189756666614,0.4809621395989421
bare1279,afro1255,0.6171646940617043,0.3564619598114644
bara1369,aust1307,-0.0914011734419828,0.8867238978007261
bara1361,atla1278,-0.1055648546284739,0.3361296985663884
bara1370,aust1307,-2.5302213823127806,0.4663581317817087
bara1380,tuca1253,0.5489188316511434,0.4555925903450779
bard1255,nyul1248,-0.850794480362535,0.6913412643530128
bare1276,araw1281,-1.431413838722365,0.4401304783780775
barg1252,nucl1709,-2.31103066046982,0.3356796363353904
bari1286,aust1307,0.2862907705843211,0.2624157790019055
baro1253,aust1307,-0.5944791816582087,0.271195103260883
basa1282,atla1278,2.13543553387019,0.3133079468032864
bash1264,turk1311,-1.470593351337092,0.9585873614644108
basq1248,basq1248,0.5803912538832299,1.1910045272762204
bata1293,aust1307,-2.420292332537752,0.7155576968967079
bata1289,aust1307,-2.6260471451778846,0.6940426389992131
bata1285,atla1278,2.62598123151665,0.440181172022398
bats1242,nakh1245,2.126625484704291,0.4607572862303914
baur1253,araw1281,-0.973802618327043,0.4431904337840224
bauz1241,geel1240,-1.8761583202136296,0.7195261910696562
bawm1236,sino1245,-1.0414873813146217,0.3223899950473372
bayb1234,aust1307,-0.9612309542366876,0.3495488267151332
bebe1248,atla1278,1.9884042961325776,0.3324983704143802
beel1236,afro1255,-1.0137131997578694,0.2829790334004194
beem1239,atla1278,2.854455651311455,0.595583905907346
beja1238,afro1255,2.0439215849582526,0.6573750279146031
bekw1241,atla1278,0.3414038011683205,0.2736564683342255
bekw1242,atla1278,2.341983357168333,0.3966077281915154
bela1256,nilo1247,0.916464067096491,0.5464768644599127
bela1254,indo1319,3.295126093729229,1.0151627805229415
nyal1254,aust1307,0.1007699673739652,0.3745263861813113
belh1239,sino1245,0.8751648988545755,0.2586001983202042
beli1257,cent2225,-0.6899101362533722,0.3931798364512753
bell1243,sali1255,1.8984688377373624,0.730396988121762
belu1239,atla1278,1.7864471390619756,0.3690462146386037
bemb1257,atla1278,3.0235829172403164,0.6020646749621026
bena1262,atla1278,2.9631452384344525,0.5196708492008781
benc1235,gong1255,0.3117963893935997,0.4003475534098211
beng1282,atla1278,2.687281034338962,0.451040047155824
bent1238,dogo1299,2.015498479288222,0.6314616053904185
bera1262,aust1307,-2.2409703991148198,0.4563803809712308
zagh1240,saha1256,1.8673291075127043,0.8769670666330125
bert1248,bert1248,-0.0273276583095949,0.6741326618988506
bezh1248,nakh1245,2.1928120676452303,0.4345572893154736
bhoj1244,indo1319,0.7209742107224675,0.4485991513194154
biaf1240,atla1278,2.3763372264797957,0.5482622845351424
biak1248,aust1307,-1.1233855451627477,0.3783568023821022
bian1252,kuni1270,-1.818054392691713,0.5187501852248522
biao1254,hmon1336,-2.346182984531846,0.7833375351700198
biao1256,hmon1336,-2.3159531359497256,0.7940724250093574
biat1246,aust1307,-2.753053078480901,0.5742997955233697
bier1244,aust1307,-0.9608909019414744,0.2324537264445005
bign1238,aust1307,-1.0472156637673131,0.2345814440367926
biha1246,aust1307,-2.887291059244476,0.6122943218447121
bila1255,atla1278,1.8123532514839047,0.3676358441453287
bilb1241,aust1307,-1.2769975878105997,0.2700604155390866
bili1260,afro1255,2.1711638188958498,0.613608159291906
bilu1245,bilu1245,-0.6979071164086788,0.6738871625673504
bimi1240,nucl1709,-2.10059833874188,0.369265727600907
bina1277,nucl1709,-2.6146573095990053,0.3890778584268481
bine1240,east2503,-2.0215559286459923,0.6642422150327025
bini1246,atla1278,0.2367881297094827,0.3317651292444248
gunw1252,gunw1250,0.762456278182721,0.564175919140161
birr1240,cent2225,-0.6287218093448406,0.4329591256263789
bisu1244,sino1245,-2.028343065164916,0.4132776562748788
bitt1240,aust1305,-2.877090772535245,0.4884716386300471
biwa1243,yuat1252,-0.9969437037284103,0.6182123796059438
blab1237,aust1307,0.6345935981436479,0.2999367425324308
blan1242,aust1305,-2.544567827837064,0.4839673459064091
bang1354,atla1278,2.5575481546342798,0.45646877437719
bobo1255,aust1307,-1.9519693389123929,0.4213445807828604
bodo1272,atla1278,-0.6480727463351454,0.3716132267479795
bodo1267,aust1305,-0.5615233851110074,0.452208035225726
bodo1269,sino1245,-0.9553830432554876,0.2801862771033487
boka1249,sino1245,-1.2647026470365534,0.3181830330370125
bola1250,aust1307,-1.1337465813263945,0.270196647188003
bolg1251,atla1278,-0.9236455394069092,0.389601585421393
boli1256,aust1307,-1.1764900282140116,0.3129363770045614
chim1302,quec1387,-2.1784653873356072,0.7131550185193714
bolo1262,atla1278,2.318453933902987,0.3860555953527989
boly1239,aust1305,-2.673728645157084,0.5595574589032939
bomb1262,atla1278,2.100558849610179,0.3409333371940013
bomk1234,atla1278,2.325240031706024,0.5025855803885779
bona1250,mong1349,-2.3640938180225204,0.8665150189191886
bond1247,atla1278,2.8114492337483554,0.5050862041310582
bond1245,aust1305,-0.7366262362759097,0.4229368677855385
bong1289,aust1307,-2.23835137357418,0.4047606668409669
bong1284,atla1278,2.469156030335652,0.4239897773792496
bong1285,cent2225,0.6839506928228984,0.4281567451652739
bora1263,bora1262,0.7998794376844267,0.7043311918354096
bora1271,afro1255,2.474147087223537,0.4960444820467327
bord1248,chib1249,-1.3876017547770243,0.5510998534562059
bori1243,sino1245,-1.200721514309746,0.289505656453267
boro1277,gong1255,2.083687930847068,0.523718543274061
boro1282,boro1281,0.2816407927315503,0.7999023750240317
boto1242,aust1307,-1.2048083825615907,0.3079481518810958
boun1243,atla1278,1.6446018108739278,0.3657191255499032
boun1245,nucl1709,-2.4267995118912005,0.3455203335162302
bouy1240,taik1256,-3.0596336234862536,0.7637185262999315
brah1256,drav1251,-0.3070229174586949,0.8202711291109219
lave1249,aust1305,-3.352287284624436,0.587283794076237
bret1244,indo1319,1.624791022476468,1.09050108091495
brib1243,chib1249,-0.2688811403276947,0.557810805865727
bube1242,atla1278,0.7030053103275624,0.3414026577744877
bubi1250,atla1278,0.9670348889775362,0.4829434033596627
budu1248,nakh1245,0.4595241996093853,0.4455906280250428
budu1265,afro1255,0.8351691845047482,0.354100337010629
budz1238,atla1278,1.6078750182058126,0.3790740945242463
buga1247,aust1305,-2.7914308934670533,0.5479679336766949
buga1250,aust1307,-1.4395704288726203,0.2563633027977072
bugh1239,aust1307,0.6801569324762848,0.2828919797573563
bugi1244,aust1307,-1.844728486355366,0.4163837136358879
bugl1243,chib1249,-1.9575431589941463,0.6250605891861785
bugu1246,sino1245,-1.1378534191462617,0.2840365236183881
buhu1237,aust1307,0.4372428767019982,0.3128591730402892
bujh1238,sino1245,-1.197126223723155,0.3060042175025517
buka1257,aust1307,-2.787228104745585,0.573805209739235
buki1249,nucl1708,-1.3197874684696478,0.455213346372636
buku1249,atla1278,2.686984411448316,0.4299580943175591
bull1247,atla1278,2.35043854643643,0.5356352109140401
bulo1242,aust1305,-3.3727754259305858,0.6263877663710025
bulu1251,atla1278,2.4477165312519444,0.354368746073411
bumt1240,sino1245,-1.1058324047501444,0.2970252116440477
buna1278,timo1261,-1.6644155131396396,0.6016616953568903
buna1276,aust1307,-1.3266383831910895,0.3049029011915918
gahr1239,sino1245,0.0047198927896681,0.4811706055026841
bund1253,indo1319,1.780028341880933,0.5812401986189251
bunu1267,aust1307,-2.028892414408645,0.4238364334957829
buol1237,aust1307,-1.888740609293124,0.4252423106843848
bura1292,afro1255,0.499247260506767,0.2822558143158806
bura1267,mani1293,-1.221188802754127,0.6520637266414431
bure1242,afro1255,-0.8786464156052289,0.2901757264517872
burj1242,afro1255,2.2817732548783125,0.4710070136109259
nucl1310,sino1245,-1.019226834820314,0.3758540269042614
burm1264,burm1264,-0.0012491005121925,0.6470757140786825
buru1303,aust1307,-1.3432354853007893,0.3872551556956578
buru1320,afro1255,2.5505561731775126,0.5171118781037096
buru1296,buru1296,1.6938408765393642,0.9970945213024044
busa1253,mand1469,-0.6740422291573465,0.5546355659884687
bush1247,atla1278,2.866891988578124,0.5852112881952802
buwa1243,afro1255,-1.1099144235147202,0.2583600116401197
bwai1242,aust1307,0.3482795037161946,0.2815628690192264
bwat1240,aust1307,0.0265116128462989,0.3530140995254811
byan1241,sino1245,-0.2568980326198908,0.4027257899601597
caac1237,aust1307,0.1241314803031641,0.3348862581362404
cabe1245,chib1249,-0.3716848736280325,0.5617545998125468
cahu1264,utoa1244,1.5118057521452497,0.5757211658431016
cakf1236,afro1255,-0.7266456591022741,0.3084339161152929
cald1236,quec1387,-2.0270880249880765,0.6713641082511828
caml1239,sino1245,-1.081056420581885,0.256951517642384
camp1261,indo1319,3.503287748313552,1.0523161347457544
cams1241,cams1241,-1.830309295909749,0.7876660487848772
cane1242,nucl1710,-0.5626655910627636,0.738311436305219
caom1238,taik1256,-2.848796361052921,0.8035602797996475
capa1241,pano1259,-2.4907733540711385,0.6042598230875855
carn1240,aust1305,-2.4197880274142958,0.7693917683838354
caro1242,aust1307,1.246840355620924,0.7552504761351369
cash1251,pano1259,-2.781582354402417,0.6327104964673191
casi1235,aust1307,-0.7095262103039437,0.2775472087157249
stan1289,indo1319,3.3627151528585117,1.059615921690586
cavi1250,pano1259,-2.0299910887949557,0.5659381573879836
cayu1262,cayu1262,-1.043617044772976,0.718378326636107
cebu1242,aust1307,-1.3532679300761696,0.3265528781604709
cemu1238,aust1307,0.0187150278980512,0.33962516805917
cent2127,eski1264,1.774601804219743,2.0165404059829304
cent2142,ayma1253,-1.6563308439539863,0.7636014046323378
cent2004,sino1245,-1.927280403750549,0.3422157105886656
cent2292,aust1307,-0.9525880857422327,0.2764452583437045
cent2084,aust1307,-1.2900544169004815,0.3090096673482376
cent2314,aust1305,-3.160869931938012,0.6263961499461637
qaua1234,taik1256,-2.967859289713927,0.7692202283425926
guer1241,utoa1244,-0.965057582487442,0.4181087682636653
cent2050,saha1256,-0.4133094116304456,0.6051570566437352
cent1989,aust1305,-3.344895293739913,0.6307706276842211
cent1972,indo1319,0.2852280423107969,0.5750674595262026
cent2058,aust1307,-0.9307796172186098,0.2557074652006825
mala1479,aust1307,-2.630111260004676,0.6986965310031161
cent2322,ural1272,-0.8717543108203586,0.9103861802426936
cent1992,aust1305,-3.413766201334533,0.6048039880838063
cent1990,aust1305,-2.491133835656665,0.781159344336376
cent2126,japo1237,-2.0870965901147853,0.9055822463868132
cent2091,aust1307,-1.9718037043519685,0.4163218195697471
cent2140,miwo1274,0.3892769364694839,0.7019765172037671
cent2090,aust1307,-1.6606107284305156,0.3926696005695254
cent2131,utoa1244,-0.4502663068469215,0.4779264962635601
cent2150,chib1249,0.8282157419545746,0.5402972023176611
mbal1255,atla1278,2.837155809074251,0.8384797947304001
chac1251,pano1259,-0.2598222165618746,0.5362989892229706
chad1249,afro1255,1.2748042727472206,0.439801737707179
chak1270,sino1245,-1.07742089718468,0.3664314554527292
chak1271,atla1278,1.7130459694112867,0.360085379102399
chal1275,afro1255,1.7312745132892111,0.5424502398363247
cham1315,zamu1243,1.094488666452219,0.8399106256825517
cham1309,nakh1245,2.1516036904345803,0.4415028317211193
cham1318,araw1281,-2.2031202981995697,0.5228934604419759
cham1312,aust1307,-0.6784313692371822,0.6845508668245781
chan1313,sino1245,-0.9984429426704388,0.2695665264173765
chac1249,barb1265,-2.2252309571432263,0.776282958822482
char1269,gong1255,0.2430993258236509,0.3845251268948919
chas1234,sino1245,-1.8598870710059143,0.3354032193606517
chec1245,nakh1245,2.105222835527486,0.4988741875787097
chek1238,aust1307,0.6445894863494963,0.2970249643086813
chen1255,drav1251,-0.5477489216815101,0.4356850727714869
chep1245,sino1245,-1.200599167162648,0.2969283314575781
cher1273,iroq1247,1.090622127556295,0.8320959557142507
chey1247,algi1248,0.9258261291372734,0.7667706219769874
chic1270,musk1252,-1.0105515591508254,0.7455123818849891
chig1238,atla1278,0.3522839081453615,0.4019335600229912
chil1280,atha1245,0.0390237827616715,0.6711709627311464
chim1309,chib1249,-1.4849067072833904,0.5504326522254965
chim1312,atla1278,2.2092085337314256,0.7213213852578253
chhi1245,sino1245,-0.8027462384820587,0.2684029868191429
chip1261,atha1245,0.8076064760184805,1.0116545330812672
chip1241,algi1248,0.9797236781936832,0.8760164157848802
chir1283,sino1245,-1.0832196834056456,0.2454181870979885
choc1275,sino1245,-1.026980149791716,0.2926146706467802
choc1276,musk1252,-1.0957474842705148,0.7325974416361278
chon1284,aust1305,-3.2187792415975185,0.629391836148435
chot1239,sino1245,-1.2881472085772516,0.2638002191843469
chra1242,aust1305,-3.3446851689076,0.658761125358323
chuj1250,maya1287,0.5026092249929046,0.3928434322229757
chuk1273,chuk1271,1.1319113365578606,1.9370826505326328
chuu1238,aust1307,0.5955011054308821,0.5761989952683768
chuv1255,turk1311,-0.8230933108997852,0.7700686559264804
chuw1238,atla1278,2.688992598429525,0.7275595717519101
cici1237,atla1278,2.036375131475501,0.400121189291565
chin1286,chin1490,0.1639945494475438,0.7922450168866737
cent2087,aust1307,0.6055476671583195,0.3427855946255675
sout2912,aust1307,-1.288708412659343,0.3720805833291427
coat1243,otom1299,-0.9581324984596552,0.3059018948448937
coca1259,tupi1275,-1.4483221782692364,0.5730493047684115
coeu1236,sali1255,-0.3973375232857699,0.5968798004976863
cofa1242,cofa1242,-1.3050496924547528,0.7616362588788776
cogu1240,chib1249,0.5400543589826963,0.5566950284397114
inga1252,quec1387,-2.025351334250625,0.6584175715309772
colu1241,sali1255,-0.1286219277202893,0.5639904506685003
coma1245,utoa1244,-0.0421019609778354,0.6359211624636822
como1259,sali1255,0.3836776565793631,0.6345906973760265
cong1236,atla1278,2.973094133084598,0.5897003896925757
copa1237,otom1299,-0.5658256899593388,0.3076824193226803
cors1241,indo1319,3.571669127259023,1.031156595494381
cosa1234,sino1245,-2.4137331589611786,0.4174995908730228
cota1241,aust1307,-1.359158444686781,0.339273871430171
cree1270,musk1252,-1.2722814595734997,0.7572193265265224
crim1257,turk1311,-0.7971887393143551,0.8081919647117903
cros1244,atla1278,0.3864181295789133,0.2797747634383718
crow1244,siou1252,0.5536553033396905,0.7845530396869398
cuaa1241,aust1305,-3.260444315217496,0.6099633417641455
cube1242,tuca1253,0.7661493406368635,0.4642231499304667
culi1244,araw1282,0.9930053501040412,0.6922790474257932
curr1243,araw1281,-1.3939408225852623,0.4359208502854743
cusc1236,quec1387,-0.1360814514805889,0.6744263179017826
cypr1248,afro1255,1.943440147744521,0.7124843801365737
czec1258,indo1319,3.70042475055135,1.0289221073842327
daai1236,sino1245,-1.2337184480032626,0.3727795967775078
daak1235,aust1307,-2.264616760021857,0.4388493143180501
daas1238,afro1255,1.917414465272815,0.4163833289668091
dadi1250,tebe1251,-1.957825747168857,0.6638797538853805
dagb1246,atla1278,1.675222352142178,0.3486970915189733
dagi1241,narr1279,1.0769416974769772,0.5867658091968826
daur1238,mong1349,-2.3449037356469287,1.2883680120308698
daha1245,afro1255,2.2270803253507587,0.5945341534879942
daka1243,aust1307,-1.0852426208476451,0.2338317089787764
damp1237,aust1307,-2.119112408555172,0.4397870867440616
dana1252,aust1305,-2.0711866817932205,0.4941543627132656
dand1238,drav1251,1.6547052200675458,0.4144648345091548
dani1285,indo1319,3.715459686287844,1.1407245073476533
dara1250,indo1319,-1.1397131401604654,0.4563944301384488
dard1243,daju1249,-0.6699434891162181,0.7173670365135036
darm1243,sino1245,-0.3563005293607583,0.4021165876259003
daww1239,nada1235,-1.1173421699447572,0.6433381693012086
dawr1236,gong1255,0.180005055816631,0.3659581825491518
daza1242,saha1256,1.99185928044546,0.723006930332307
defa1248,ijoi1239,-0.1491448284411578,0.6220190985993375
dege1246,atla1278,2.2378471615683813,0.341865124932907
dehu1237,aust1307,-0.571004558864239,0.3398426996218475
dera1245,sena1264,-1.8115480487897908,0.6650911098096461
dera1248,afro1255,0.6612182059480213,0.286302158512659
desa1247,tuca1253,0.7907007266506616,0.446349510403512
dhao1237,aust1307,-0.4110606818053468,0.3820984166808197
dhar1247,pama1250,-0.255808777620734,0.6194679370886247
dhim1246,sino1245,-0.93449051312962,0.2919735625067163
dhuw1249,pama1250,-1.1878018622622912,0.4598850946914963
dibo1245,atla1278,2.490802549901841,0.3924863614395937
dier1241,pama1250,-1.3805777790640104,0.5716033861311649
digo1243,atla1278,2.664409110332639,0.5243593765429582
dima1251,sino1245,-1.1369626030309297,0.2566738448500203
dime1235,sout2845,2.288471188057632,0.7042782713614972
diri1252,atla1278,2.9803419445873884,0.6770678754763457
dizi1235,dizo1235,0.0569575460523044,0.6205179877827289
djam1256,pama1250,-1.162156246385506,0.4664223685947819
djee1236,mani1293,0.6277811403023351,0.6428851168802572
djeo1235,nucl1710,-0.931765371224192,0.5645440044269945
djin1253,pama1250,-1.1515489096423566,0.4406013837030169
dobe1238,aust1307,0.8507630494995958,0.3949639371474482
dobu1241,aust1307,0.5044099751813995,0.2857009046554442
domm1246,nucl1709,-2.431076199788853,0.3329745773120303
doma1260,indo1319,2.083768731308938,0.719801698346
dong1285,mong1349,-2.401331477495088,0.8721676319383986
doro1266,manu1261,-1.9320238035446888,0.6759005466127572
drun1238,sino1245,-1.6064118951588235,0.3436226067518309
dual1243,atla1278,2.42926117792804,0.3172032275286565
chug1252,sino1245,-1.0207587823753954,0.2829556718790309
dumb1241,aust1307,-0.1595672589623067,0.3758986134738089
dumi1241,sino1245,-0.9699126645318285,0.2582523432133579
duna1248,duna1248,-1.667954201187822,0.6437575674224778
dupa1235,aust1307,-0.8128759442052969,0.2950577601167943
duru1236,drav1251,1.646320937448623,0.4199953608374898
dusn1237,aust1307,0.8598920383863726,0.3448803530859994
dutc1256,indo1319,1.9532279390035896,1.0573506387454046
dyir1250,pama1250,-1.6394646867296605,0.5072854762382519
dyul1238,mand1469,1.1070008234229212,0.4306397938428858
dzao1238,hmon1336,-2.350256194740449,0.7872838095640278
dzon1239,sino1245,-0.9006192832931861,0.2997471923670689
east2443,aust1307,-1.000081438493995,0.2416851338911714
tang1336,sino1245,-1.2172380834030263,0.25092612694037
nucl1235,indo1319,2.180752982210877,0.5911420493749455
east2379,pama1250,-1.2770132017468714,0.4924020663318442
sout2896,aust1307,-1.0422885969684206,0.324136817319367
east2555,tupi1275,-1.0418069804075742,0.6444379627419368
east2332,aust1305,-3.251096291063244,0.5766587389673026
east2563,aust1307,-2.933811453270132,0.6412709934653744
east2690,afro1255,-0.1480146326905282,0.6985773852234427
east2556,otom1299,-0.2207307467527326,0.401997160780045
east1236,aust1305,-3.278280554617245,0.5945642164014915
east2342,sino1245,-1.8253347003770612,0.4151317198064674
east2782,atla1278,2.993734511428141,0.6189294631324271
east2328,ural1272,0.331523511174326,0.6300728260382886
east2333,aust1305,-3.372989877165155,0.6203012607905363
east2773,sino1245,-1.259854669612447,0.2651119461602578
panj1256,indo1319,2.1176702615203813,0.6077794792920281
east2485,aust1307,-2.515680851744566,0.4496505256067244
fina1242,aust1307,0.750823992810371,0.2596841519055655
east2694,aust1307,-1.271931390838379,0.3330242493083473
east2447,aust1307,-0.0453319327405137,0.8707755107460731
east2516,nucl1709,-2.523990520756618,0.3523653650274454
east2440,aust1307,-1.090218186943979,0.3738208202587536
huaa1248,tuuu1241,2.218187184222143,1.130082050991894
wall1257,aust1307,1.7173243250109154,0.843542904929337
egaa1242,atla1278,1.6052041689414578,0.477713587570336
egyp1253,afro1255,2.031753886176131,0.8251673208248471
eipo1242,nucl1709,-2.5015343883957923,0.3938640687030101
ekar1243,nucl1709,-2.000103481459769,0.4569889288318585
elem1253,atla1278,0.3383824834689546,0.2960777087166484
elip1238,atla1278,2.277543221370042,0.2904306804304388
elna1235,utoa1244,-0.3878793626601833,0.4825025750801481
emae1237,aust1307,-0.914281628140746,0.2503284635278389
emai1241,atla1278,2.1917400800109483,0.3173371084518841
embe1260,choc1280,-0.9534609524702268,0.6334344453726386
embe1262,choc1280,0.7163286986478774,0.6244111636250143
stan1293,indo1319,3.509894414158621,1.1994885164614777
enuu1235,sino1245,-2.3629723769693616,0.4032542057513009
epen1239,choc1280,-1.351614084192165,0.6466354444122597
ersu1241,sino1245,-1.777191544744581,0.393664460970168
erzy1239,ural1272,2.221005175478356,0.7036139996393604
esan1238,atla1278,0.3937449372129324,0.3124829264395199
esee1247,koia1260,-1.91896637493471,0.4887211477145845
esee1248,pano1259,-2.214102910082849,0.5624825437318979
esim1238,atla1278,2.059298311880577,0.2582032954690794
esto1258,ural1272,3.1243509665595983,0.9178563701358442
eton1253,atla1278,2.279326204127853,0.3104442955057847
even1260,tung1282,-1.9930466389033377,1.6761572321046485
even1259,tung1282,0.4861584526742489,1.1454322833846398
ewee1241,atla1278,1.7461801795153138,0.3317274113433353
fala1243,sino1245,-0.9359305128977672,0.303064324339048
fare1241,atla1278,1.7875498747027394,0.3678056317355498
faro1244,indo1319,3.319044303778425,1.6433517322555593
fasu1242,fasu1242,-1.8368060200691327,0.6616634410184039
fefe1239,atla1278,0.5188467793567295,0.2730820140437835
fiji1243,aust1307,0.6304208088153995,0.7360188228146338
fili1244,aust1307,-1.2956690855931574,0.3494724636991302
filo1235,toto1251,0.1998816563585213,0.5294225812467213
finn1318,ural1272,2.9400623533489028,0.9632345071158994
fipa1238,atla1278,2.864307444890706,0.5342551097592407
foii1241,east2499,-1.7856269874446444,0.6541054454510924
fonn1241,atla1278,0.1235457370267132,0.3386327360504717
fore1270,nucl1709,-2.622004801291024,0.3409838949383985
fore1265,ural1272,-1.6197061171873617,1.0775603860525864
fran1266,mixe1284,0.4248264908943526,0.6413730270414968
stan1290,indo1319,3.547114707146953,1.060869354039255
fuln1247,fuln1247,1.494988842395098,1.3061555547088242
furr1244,fura1235,1.0429023705082423,0.7755907675576896
furu1242,cent2225,0.8291593335206571,0.450783452140806
futu1245,aust1307,-0.9759322054482388,0.3654186382605644
fuyu1242,fuyu1242,-0.2373892126681991,0.6025993407842636
gaaa1244,atla1278,1.6643810390804556,0.4022015727008048
gaaa1245,atla1278,-0.8625723709771843,0.2736403636457725
gaam1241,east2386,1.914172029480828,0.7774304644398073
gaan1243,afro1255,0.3888882410456175,0.268421538464521
gada1258,aust1307,-1.2235969723786857,0.2729642890718757
gade1242,atla1278,1.9750549118506404,0.3069748857336769
gaga1249,turk1311,-0.4978966175702846,0.8354599699201017
gala1264,afro1255,-0.9779326197185362,0.2966734607707471
gale1259,nort2923,-0.6075233470372022,0.5354645385554022
gali1262,cari1283,1.6766258002545782,0.6498479288673069
gali1258,indo1319,3.24546348026844,1.2346409035129815
galo1242,sino1245,-1.1984424725814289,0.2918021657907834
gamo1243,gong1255,0.1996473628368471,0.3636059095465178
gand1255,atla1278,2.3863389336817558,0.40765379789541
gang1267,tang1340,-1.7836786032922372,0.784528857568846
gang1266,sino1245,-1.1298438252470018,0.2551166903937591
gant1244,nucl1709,-2.260874421040312,0.3271872228556667
gapa1238,aust1307,0.4722232003394777,0.2715534394172412
boht1238,afro1255,1.6792731033106465,0.5124822647908465
gari1256,araw1281,-2.2214657394379707,0.6507948040876652
garo1247,sino1245,-0.6734180520885884,0.3092066427173838
gara1269,garr1260,-1.5857752167095018,0.8315495939998652
gata1239,aust1305,-0.435240630386003,0.4407733202068247
gayo1244,aust1307,-2.521987567399649,0.7332329954378336
gbay1278,atla1278,-0.7363157610410025,0.3516910476209114
geba1237,sino1245,-1.532569230637559,0.4214675064695603
gebe1237,aust1307,0.7636785906019312,0.3758366665872801
geda1237,aust1307,-1.340424280576903,0.2629127285042276
gela1263,aust1307,0.6131736671788695,0.2770887439230431
geme1244,atla1278,-1.0272988736244073,0.3863109894821779
nucl1302,kart1248,-0.6301603430998485,0.7139440686003411
geru1240,afro1255,-0.8635517819281096,0.3097183080691605
gese1240,aust1307,-1.1834892138624002,0.3697802613957082
ghad1239,afro1255,1.0714369947307072,0.8920650183056376
ghan1242,aust1307,1.6672465079199783,0.299895789811325
ghar1239,aust1307,0.4076872323725025,0.282927626357055
gheg1238,indo1319,3.290772458384158,0.94035638226541
ghom1257,afro1255,2.7178448761483582,1.1488688650280334
gida1247,afro1255,0.6845348174787095,0.2822069961621558
giiw1236,afro1255,-1.0003402029773814,0.2847705021157107
gilb1244,aust1307,0.799642161392691,0.87761515593035
gira1247,nucl1709,-2.46496410945724,0.3151636372118371
giry1241,atla1278,2.528252023971333,0.5388463524805163
gizr1240,east2503,-2.1875111577970725,0.6570940040115847
glav1244,afro1255,0.7139425050491264,0.2692014293485849
gobu1238,atla1278,-0.8470354525481892,0.3274660899223809
ghod1238,nakh1245,2.1528611133414266,0.4409136832665918
goem1240,afro1255,1.1473595399356369,0.3211198041416034
gofa1235,gong1255,0.2322014232597129,0.3761932818209761
gogo1265,suki1244,-2.08608222508685,0.697111036510413
gola1255,atla1278,0.4068175523079118,0.5122172816565325
goli1247,nucl1709,-2.5651524231785228,0.3378496068555101
goon1238,buna1274,-1.3643762478504595,0.8170327732827793
goro1270,afro1255,0.5777611152147892,0.4733497542126876
pare1266,aust1305,-0.750877079092634,0.4273300335972179
gras1249,koia1260,-1.752897846184812,0.5052722394785425
guah1255,guah1252,0.9371373879549876,0.6919668993582899
guam1248,barb1265,-1.948526640944848,0.7402563275120242
guat1253,guat1253,-1.1608645182529107,0.8254954231579346
gube1234,atla1278,2.528508828364198,0.6069445772205793
gude1246,afro1255,0.4967266985848693,0.2710256177532271
guer1243,otom1299,1.142420214971018,0.3250236388240379
guhu1244,nucl1709,-0.7772798914064125,0.3603416663247332
guiq1238,sino1245,-1.7228875308356055,0.4036783014763792
gulf1241,afro1255,1.6061391680085055,0.6685240248491793
guma1254,aust1307,0.4059626521246124,0.2896259371036223
guny1241,pama1250,-1.3676457901429742,0.5607292657654899
gura1251,indo1319,0.3948846729256559,0.5550372462096451
guri1248,guri1248,-1.6665905149301614,0.632196535950138
guro1248,mand1469,-1.0862617412927025,0.4590786765240162
guru1261,sino1245,-1.0795454029244886,0.2606480174057726
guru1271,afro1255,-0.9697583632686566,0.29798629053463
gusi1247,atla1278,2.77338032376257,0.4365824324508054
gugu1255,pama1250,-1.5826578783182494,0.5110756278844599
kwam1249,koma1264,1.9695619174549568,0.685203913840871
gwen1239,atla1278,2.83038112258203,0.477198149017175
gyel1242,atla1278,0.8129562514486335,0.365880172586948
haaa1252,atla1278,2.661904593762277,0.4851834435461679
hadi1240,afro1255,2.2696992424758284,0.4266852441307449
hadz1240,hadz1240,2.562490100874562,0.8614586356032872
haka1240,sino1245,-1.0277724558245098,0.311337098710271
hakk1236,sino1245,-1.608726682745659,0.6336119342934792
hala1252,aust1305,-3.333939538726927,0.5896717848992843
halh1238,mong1349,-2.0864273586777857,1.071021188169846
hali1244,aust1307,1.651724706031543,0.3120312041958533
halk1245,sali1255,2.050184560356316,0.6186880269729444
hame1242,sout2845,2.302324625887307,0.7222982365221595
hang1263,nduu1242,-0.6998016624602538,0.5009402775848981
hani1248,sino1245,-2.441818766813626,0.4262302126032447
hano1246,aust1307,0.7711498978438882,0.243235419046405
haro1237,aust1307,-2.9491108463436086,0.6147788999080177
haru1245,piaw1238,-1.7659457236554508,0.6135982923227132
hass1238,afro1255,2.374960299232027,0.8427482703684621
hata1243,hata1242,-1.7309756461390076,0.6758168517777028
remo1247,aust1307,-1.0791398019435476,0.3084443324164621
haus1257,afro1255,1.2993819509248763,0.3590129423079009
nige1253,atla1278,1.2357040400370076,0.347232108914179
hava1248,coch1271,0.7862799302016106,0.7685754567918766
hawa1245,aust1307,0.7428004187447275,1.462328332891362
sabu1255,aust1307,-0.3926216631896861,0.3858679691726685
hdii1240,afro1255,-1.2554892923717986,0.2540972218318948
hehe1240,atla1278,2.952131723413699,0.4975346633054274
heil1246,waka1280,0.0420910381949879,0.7859684955287269
here1253,atla1278,2.786541113472386,0.7029334789396131
hert1241,afro1255,1.7826340006762802,0.5526381764157273
hida1246,siou1252,0.6881894697356605,0.8680674955701271
high1276,mixe1284,-1.0352297938258377,0.620978700068493
high1278,utoa1244,-0.7403061886134608,0.3886597209027389
high1243,toto1251,-1.6611193576593024,0.5507305559933222
hili1240,aust1307,-1.4119007699490127,0.346774670635507
karb1241,sino1245,0.8894677043251582,0.2629117019935334
hind1269,indo1319,1.8915885734838815,0.6197930679135677
hinu1240,nakh1245,0.2380928679710416,0.4199171654663871
hixk1239,cari1283,-0.3515498641052096,0.566049930606062
hlai1239,taik1256,-3.412891219237184,0.866376807914996
hler1235,sino1245,-2.2188620056527646,0.3821918067768584
hooo1248,aust1305,-0.8621345746737209,0.4212769826285001
hoav1238,aust1307,2.0683425704111498,0.3071787671345207
ainu1240,ainu1252,0.7832311166656887,1.1965918923354923
holo1240,atla1278,2.748613681328285,0.5453787990604786
hone1235,atla1278,1.2667011192820354,0.2938396053043108
honi1244,sino1245,-2.345056407620824,0.4012686237313234
hopi1249,utoa1244,-0.2436236460604339,0.5169466814018628
hote1245,aust1307,-1.5266698092825672,0.2557624477514943
hozo1236,maoo1243,1.8163115539443635,0.6276370592729377
hrus1242,hrus1242,-1.6622741555991123,0.7694938165093417
huuu1240,aust1305,-2.7355067869942165,0.4752012341813962
hual1241,quec1387,-1.9790603485245208,0.6697363684689268
huam1247,jiva1245,-2.2204744272869514,0.7742631990230313
huar1255,utoa1244,-0.378380046393888,0.4749271152127665
huas1242,maya1287,0.9733131861999588,0.5966699652504319
huba1236,afro1255,-1.3685292397255546,0.265388943687439
huic1243,utoa1244,-0.5659000714547706,0.4781852288223698
hula1239,aust1307,0.363675745916067,0.3008476141157068
hula1244,afro1255,1.3926982521553464,0.6317525458672479
huli1244,nucl1709,-2.190039842667915,0.3633614116455721
humb1243,song1307,-0.1746506314054061,0.5671599201074278
hung1275,aust1305,-3.1527911074691337,0.5589306603484419
hung1274,ural1272,1.4605464030908768,0.976389015944826
hunz1247,nakh1245,2.1110439962008094,0.4308850630652401
hupd1244,nada1235,-0.8266279122586812,0.6205803575530293
wyan1247,iroq1247,-0.8154835327378971,0.7510992517617838
hyam1245,atla1278,0.1004850503351693,0.29892753068843
iaai1238,aust1307,-0.3062360239286419,0.3268519288108011
iama1237,aust1307,-1.429223921813235,0.2871787944987556
iatm1242,nduu1242,-0.8506767221301321,0.5035433642009899
ibal1244,aust1307,-1.037267383631272,0.274307077866057
iban1264,aust1307,-2.75889824180038,0.5248096025262017
iban1267,aust1307,-1.1279267573157588,0.2943169890717172
ibat1238,aust1307,0.3645753791722474,0.3425856870749788
ibib1240,atla1278,0.1453732517335995,0.2827135362654402
icel1247,indo1319,2.9437977048409034,1.9691166643253968
idaa1241,aust1307,-2.0498216006992878,0.4028780727804131
idii1243,paho1240,-0.4946034851994521,0.5959028834523306
idom1241,atla1278,0.1473364302981474,0.2947512084069332
idum1241,sino1245,-0.9888464287813112,0.3522006221526821
idun1242,aust1307,0.4852057802182947,0.2811698502353881
nucl1417,atla1278,0.3043467696423214,0.3150667665679822
igna1246,araw1281,-1.3532597976311431,0.4718601545371639
ikkk1242,kuli1252,0.6059539723099701,0.6213169701868839
ilaa1246,atla1278,3.150126655236925,0.6185304308985664
ilia1236,aust1307,-1.3812617047022095,0.3184429526541263
iliu1237,aust1307,-1.1056863839918936,0.3395773366501506
ilok1237,aust1307,-0.9610322580329408,0.2770228560252743
ilon1239,aust1307,-0.8416038997923021,0.2777634087084095
imba1240,quec1387,-2.018666174496253,0.6740158486767811
imon1245,bord1247,-1.6982213869466871,0.6470316980753132
ingr1248,ural1272,2.9856733621741385,0.9115248326902012
ingu1240,nakh1245,2.0581074621644144,0.4929114059791297
alba1269,aust1307,0.5665246326272668,0.3411202842737335
iqui1243,zapa1251,0.5634880304971674,0.6857845832178473
iran1262,aust1307,-2.2084086620090484,0.4129020942758847
iraq1241,afro1255,2.4206995347092084,0.478972765692335
irar1238,aust1307,-0.9177544429790212,0.3542283778457369
iray1237,aust1307,-1.4486596280495727,0.3429545336028354
iris1253,indo1319,3.381020618295252,1.3863884676745526
irul1243,drav1251,-1.085033506568269,0.4842947461247444
kris1246,skoo1245,-1.5710527177883946,0.6513705711240991
isco1239,pano1259,-2.5648269842008338,0.6063934634728181
isin1239,aust1307,-0.9058984716564392,0.2695071183920587
isir1237,kwer1242,-1.9439424502142928,0.6872707586643507
isna1241,aust1307,-1.261196062126035,0.3177741151532345
isth1240,utoa1244,-1.127113435845262,0.4296401670018026
isth1242,utoa1244,-0.902998602641006,0.4238532875065495
isth1241,utoa1244,-1.302888056217974,0.427223372327087
ital1282,indo1319,3.598036253642882,1.0130641640202258
ivat1242,aust1307,-1.7342130758371583,0.4113941907191103
iton1250,iton1250,1.1600798377491803,0.724345269959314
itza1241,maya1287,0.5834842413155139,0.4710017284612711
iumi1238,hmon1336,-2.759053911387554,0.7649807373639073
iwai1244,iwai1246,-1.0814349998314383,0.6659625333930883
iwal1237,aust1307,-1.5268329247775267,0.2574684216934573
iwam1256,sepi1257,-1.2768463229678793,0.4406936157368788
iyoo1238,nucl1709,-2.542726798922038,0.3390569442020092
jahh1242,aust1305,-3.050385423412991,0.693882144485114
jalk1242,mand1469,0.8358727861249042,0.444266116950617
jamb1236,aust1307,-2.313854080926716,0.7310255681828712
djam1255,mirn1241,-1.0263456942651097,0.5953424270948835
jams1239,dogo1299,2.042508930346429,0.6062326927257926
nucl1643,japo1237,-1.1727479171766304,1.0919116088898928
japh1234,sino1245,-1.559708935162755,0.4333744899375471
jaqa1244,ayma1253,-2.0727224853691357,0.8441874346890685
jara1266,aust1307,-2.93339771950844,0.6038306401048441
jaru1254,pama1250,-1.0436559705116135,0.4664253805464469
java1254,aust1307,-2.190998763969218,0.6700816145758539
jede1239,aust1305,-3.0313436240666194,0.6643922206327906
jehh1245,aust1305,-3.290677100961684,0.5921896306537988
jeha1242,aust1305,-3.008835002301498,0.6633268096765867
jenn1240,drav1251,-1.2624607297900694,0.4043283137008693
jeru1240,sino1245,-1.1080892911722389,0.2683805811802138
jiba1237,atla1278,-0.7273946676275733,0.2802951060580643
jina1244,afro1255,0.9009163469946052,0.282294635774349
djin1251,mirn1241,0.5832403819312834,0.6175912771910923
jita1239,atla1278,2.722769903229868,0.4415667067590263
jjuu1238,atla1278,-0.0361988328702869,0.3178727213261254
juan1238,aust1305,-0.999918960390452,0.4474058069581001
juku1254,atla1278,-0.0790822993822848,0.2553190719493248
jurm1239,cent2225,-0.6640069592294784,0.3874240491710692
kaba1281,cent2225,-1.1896714817629035,0.4435037550061658
kaba1278,abkh1242,1.2046673846680156,0.7619933881054202
kaby1243,afro1255,3.049685140021087,1.085788369604237
kach1284,gong1255,0.4890747481624107,0.4097429123712688
kada1242,drav1251,-1.3041187229166662,0.4175889596826438
cent2100,aust1307,-2.238208716938575,0.3962947785278254
kado1242,sino1245,-2.2280760240266666,0.39530219187544
kafa1242,gong1255,2.1304543305709283,0.3923480776633372
kaga1256,aust1307,-1.7077798147486185,0.384452728393807
kagu1239,atla1278,2.920014702968324,0.4943001710069872
kaik1246,sino1245,-0.9988366594216732,0.3502215861503295
kain1272,nucl1710,-1.4169986066019185,0.8314797046040088
kair1263,aust1307,-0.8874223109677875,0.2956851911048064
kaki1249,kaki1249,-0.3778378132074882,0.6023250671866665
cacu1241,kaku1242,-1.1241456875642353,0.6994172412998516
kala1399,eski1264,-0.8421824125222562,1.8027648219749568
kala1388,aust1307,0.4309415228353117,0.3311238631214817
kala1377,pama1250,-1.869663063735475,0.5308266790322254
kara1499,west2604,-1.6617130627052896,0.732485533671495
kala1384,atla1278,2.4788670414338387,0.6280683003656957
kali1308,sali1255,1.387145715467701,0.6506952899770786
kalu1248,bosa1245,-1.9686362751373525,0.5961020932927692
kamm1249,atla1278,-0.5889541514098848,0.2708042070544456
kama1370,nucl1709,-2.6144002954195247,0.3339069741830291
kama1367,nucl1708,-1.427753038641654,0.4748971737424989
kamb1316,afro1255,2.268617835076521,0.4275017542510069
kamb1297,atla1278,2.923940459943642,0.488575314110423
kamb1299,aust1307,-0.6522473371430533,0.4068737862991467
kamo1255,nucl1709,-2.0703892509246584,0.461399223420452
kamu1260,kamu1264,-2.0374923526758453,0.6585094388827955
kana1286,aust1307,-2.1101480968596085,0.4256267847764405
kana1288,daga1274,-2.195226970559796,0.6707547266420582
kani1286,nucl1709,-2.6169625574529425,0.3352813919335702
kank1243,aust1307,-1.1300522236274808,0.2664186525739493
nucl1305,drav1251,-1.019166782053652,0.4439880859082583
bidy1244,atla1278,2.367387361763408,0.5884792266809136
kaon1241,atla1278,3.123329832406022,0.633580137066251
kapi1249,aust1307,0.5400253771650714,0.4832702661367687
kaqc1270,maya1287,0.3225821789898957,0.4303685754518671
kara1482,cent2225,0.6637777197079587,0.4865520646776557
kara1476,pama1250,-0.6195814766424635,0.4639210336788295
kara1500,nucl1710,-0.9080416090698674,0.6121206499681371
kara1487,aust1307,-0.9365452229159724,0.262233942751787
kara1486,aust1307,-0.756411518548297,0.3020100898788138
kare1338,atla1278,-0.8575420619044976,0.3220343053983656
kare1335,ural1272,2.838406857010604,0.9806073874919958
kari1306,atla1278,1.3483624606004436,0.3631953018642679
kari1311,tupi1275,0.5285134832657971,0.5442293220424892
kark1258,pauw1244,-0.120748598620249,0.6017237730317282
karn1252,aust1307,-1.4095493666018994,0.2608336261122064
karo1304,karo1304,-0.4111751451393104,0.8430396786174716
kash1277,indo1319,2.171698305009414,0.6697678561238103
kask1239,atha1245,-0.9630284934240756,0.9587197970464948
newa1246,sino1245,0.5255772747488785,0.2770667825657753
kats1235,sino1245,-2.2643706061227125,0.3965301144727782
kana1291,katu1274,-1.1875208810184337,0.7842545423356473
kaur1271,kaur1274,-1.8787245612932544,0.6883480564866771
kava1241,aust1307,-2.0786129416368784,0.4877254194134615
kawa1283,utoa1244,-0.4134707973009013,0.4977346659266191
kaya1315,sino1245,-1.6460453625918872,0.4180850434848304
kaya1319,tang1340,-1.925266842587263,0.7722778809675255
keap1239,aust1307,0.2029769042819217,0.3040128261386821
keda1252,aust1307,-0.9756837877993472,0.3240021980928116
kera1248,atla1278,2.320260992934465,0.5646236315822311
keig1242,kadu1256,1.535795259548303,0.6393211350515227
kele1255,atla1278,2.0600210452560264,0.4182799047935832
kele1258,aust1307,-0.9049369242195462,0.3168790956353966
kele1259,aust1307,-1.0491142146537582,0.2711717556151223
keme1240,atla1278,1.8637587071475716,0.2578229013686508
keng1240,cent2225,0.5879325166494926,0.4509780669936445
kens1248,aust1305,-2.827181881747008,0.6569660809247324
kenu1236,nubi1251,1.789326034792102,1.0031145431607946
keoo1238,aust1307,-1.006380088476699,0.3630514865813747
kera1255,afro1255,0.746482517069188,0.3015185954605464
keri1250,aust1307,-2.0632297373334505,0.7388837031004547
kesa1244,nucl1709,-2.483098057090629,0.3230817541846589
kett1243,yeni1252,0.5223209627386521,1.1740281581814598
kgal1244,atla1278,2.305671350261957,0.7215292669506086
khak1248,turk1311,-2.6909700639416885,1.2007579826085992
khal1275,sino1245,-0.8520471660867838,0.2641693131663034
kham1282,sino1245,0.4031255395100899,0.4824485308933255
khan1278,atla1278,0.3596140532756815,0.2923657572708009
khan1274,aust1305,-2.954884144394912,0.5224170829635764
khar1288,sino1245,-1.0072146448839503,0.2449749188828729
khar1287,aust1305,-0.9009162021650684,0.4430080144406085
khas1269,aust1305,-1.0008837974887836,0.4081769488541908
khez1235,sino1245,-1.1152717117323647,0.2531279339505463
khin1240,nakh1245,0.4225978593743751,0.4373461097665219
khmu1256,aust1305,-2.887911696395145,0.4985219186124432
guan1266,sino1245,-1.6907516461167558,0.4179635569334508
khum1248,sino1245,-1.078814390274161,0.3070271273398361
khva1239,nakh1245,2.1590645633760928,0.4370843703218332
kich1262,maya1287,0.3377140140678869,0.4292649368359003
kiku1240,atla1278,2.946637211255456,0.4593431602462354
kile1243,tung1282,-2.071856548569123,0.9486608174914686
kili1267,aust1307,0.5902810959815206,0.2925267803083295
kimm1246,atla1278,-0.8699331379341406,0.3279519734742839
kima1246,kolo1268,-2.013403872347316,0.6977436762429621
kima1244,aust1307,-2.085813160839791,0.3963293425334822
kimm1245,hmon1336,-2.809361219808182,0.7662590986572031
kina1250,aust1307,-1.352688913527221,0.3487295704046556
kinn1249,sino1245,0.1686261546141925,0.4437280649743087
kiow1266,kiow1265,1.7785199856292802,0.9846847424810372
kips1239,nilo1247,2.4757766528993264,0.6180925692713366
kelo1247,timo1261,-1.6472250695448551,0.6074925935452615
miju1243,sino1245,-1.3319742981244755,0.342822328183189
kobo1249,nucl1709,-2.3578823706456475,0.3349401769183711
koda1255,drav1251,-1.1955861634248934,0.4310211303699791
koho1244,aust1305,-3.2122610787130808,0.6385714734964383
koir1240,sino1245,-1.131006138653477,0.2528372282425835
koit1244,koia1260,-0.0402986775658695,0.4917061574572479
koka1244,pama1250,-1.490733038172742,0.6359497394844738
koko1269,aust1307,0.6046611084516424,0.3012737040086728
kola1285,aust1307,-0.869377905187088,0.3868559950711159
kolb1240,atla1278,-0.9827522824609388,0.2910706862725112
kolc1235,atla1278,0.5631326083829589,0.3352809318928678
kolp1236,kolp1236,-1.3799632323798752,0.6678621720396114
kolu1245,aust1307,-1.2645223501637672,0.287204824115248
komb1274,nucl1709,-2.5531313114041305,0.3955949745337479
komc1235,atla1278,1.9856648580838736,0.2531894984516123
komi1270,sino1245,0.6319117342967362,0.2544275144430603
komi1269,ural1272,1.540719168066739,0.8265874306917862
komi1268,ural1272,-0.4476243062454915,0.8831740015664549
komo1260,atla1278,0.1509971606148159,0.4178244932114925
kona1242,east2433,-1.2981093643180104,0.6089090766995344
konk1267,indo1319,1.6163524060361778,0.7023892655541601
kons1243,afro1255,2.265387950573672,0.4173120458197363
kony1248,sino1245,0.5175591584647361,0.2563084016010108
konz1239,atla1278,2.132186318631672,0.3918440768921645
koon1245,atla1278,2.190109272088536,0.3613514982927599
koor1239,gong1255,2.5239709491642235,0.4132188521085176
kora1294,nucl1709,-2.6928733848197304,0.4163163287945322
kore1280,kore1284,-2.1765528392551827,1.2823179602222092
kore1283,tuca1253,0.0578370660479157,0.5423966365723283
kork1243,aust1305,-0.4474922397428623,0.5711473188844227
koro1298,atla1278,2.116563805911732,0.4302786396245821
koro1313,sout2948,0.9892763893272156,0.5500064741047055
koro1312,nucl1709,-2.432495681601474,0.3925869867293965
korr1238,drav1251,-1.1284506888443755,0.4581168501305459
kosa1249,nucl1709,-2.472335882845541,0.411341727163383
kosr1238,aust1307,0.9778639880115508,0.685114282686488
kota1263,drav1251,-1.0935505463197817,0.3973882394774621
koti1238,atla1278,2.657703309082953,0.7181305158239866
guan1269,tuca1253,0.8014380059124331,0.4548217230630786
kova1243,nucl1709,-2.562205443986741,0.3836123934756443
kove1237,aust1307,0.5400832925755985,0.2599245042549851
koya1251,drav1251,-0.1382141596090149,0.4149456963931168
koyr1242,song1307,0.1640935120500666,0.6245959651735671
koyr1240,song1307,-0.0873397693241755,0.6080599190620006
koys1242,afro1255,1.7187130274044775,0.5283325073787042
kren1239,nucl1710,-0.8865421038891487,0.8869631839244967
gbay1288,kres1240,0.4132220394915069,0.6568924005378571
ngeq1245,aust1305,-3.3194408730093468,0.582142049878942
kron1241,kadu1256,-0.1894835574122488,0.6171806320341027
kryt1240,nakh1245,0.427752158253128,0.442402777402636
puoc1238,aust1305,-3.0052025545370515,0.5344963033851311
kuan1248,aust1307,0.8758660336462026,0.2618155003832498
kuan1247,atla1278,2.846340915910217,0.817224250815606
bayo1255,atla1278,2.376277429661932,0.5796553051904949
kuii1252,drav1251,-0.3653642231540203,0.3960944356215075
kuik1246,cari1283,-1.0792497258383076,0.6430056815113918
kuku1280,pama1250,-1.657277852456989,0.4885158533793641
kuku1273,pama1250,-1.5893562445474716,0.5082787494397714
kulo1237,aust1307,-2.12275515537005,0.4391686584206535
fait1240,nucl1709,-2.518231781177234,0.3275145583278736
kulu1253,sino1245,-0.793531277720106,0.2716579285463041
kuma1280,nucl1709,-2.5042792376274576,0.3346509692453505
kumb1268,pama1250,0.6098691671426546,0.6557501156461498
kumz1235,indo1319,1.3397649492440733,0.8563131460087909
kuna1268,kuna1268,2.3493562171727103,0.9261953478770132
kunb1251,gunw1250,0.8045064611686025,0.564279217243814
kuni1267,kuni1270,-1.799093059160697,0.5205164577372399
kunj1245,pama1250,-1.684712310202627,0.5084421723748829
kuot1243,kuot1243,0.8319450009993219,0.6690250299384903
kurr1243,pama1250,-0.0402408033007579,0.513097279230526
kurt1248,sino1245,-1.1047190741315396,0.3059266484187475
kusa1251,aust1307,2.0303695875553496,0.3067979374454523
kusu1250,kusu1250,-1.281694005515269,0.7594924928008666
kute1249,kute1249,-0.5672455714650404,0.8275866836961381
kute1248,atla1278,0.0205763007896824,0.2586810081963797
kuvi1243,drav1251,-0.3895307954974184,0.4016136152363838
kuyy1240,aust1305,-3.329186639305349,0.5889050186615963
kwai1243,aust1307,0.5416720501767187,0.2927642190734012
kwam1252,aust1307,-1.1662678249446574,0.3218928802427259
kwar1239,aust1307,0.4823067259494271,0.2782894903966628
kwaz1243,kwaz1243,-1.1040035933088133,0.748757837962482
kweg1241,surm1244,0.3649497666894523,0.5773015901687222
nucl1595,kwer1242,-1.8993185486607431,0.6834666046566111
kwin1241,worr1236,1.217699187617524,0.6721538422826097
kwom1262,sepi1257,-1.3229078958172962,0.4389506333709763
nucl1593,kwom1263,-1.816242327953506,0.6415477746354146
kxoe1243,khoe1240,0.9902946253872636,0.8648440352840838
kyer1238,sino1245,-1.217567492188749,0.2961884164488566
cori1240,atla1278,0.0788114212838106,0.2975628809891386
laal1242,laal1242,0.8811153035160364,0.6901590508936728
labe1239,aust1307,-0.7447538109874662,0.2715936711956459
labu1248,aust1307,-1.371098028307824,0.2574958823186586
labu1249,aust1307,-2.090920945367039,0.3894947638514869
lach1248,taik1256,-3.2580152576929624,0.7579122106004101
lafo1243,tege1244,0.8020843294731959,0.6692282490455037
lagw1237,afro1255,-0.8928957942077103,0.2878970249366972
zaye1235,sino1245,-1.4937144463615315,0.3997777826532882
lahu1253,sino1245,-2.225289600707016,0.3993287641178611
lahu1252,sino1245,-2.361717722908759,0.4076890192329623
laiy1246,aust1307,-1.6080607609227269,0.4005238849623609
lakk1252,nakh1245,2.190537240987904,0.4406409230620163
lala1268,aust1307,0.4592612020685708,0.2877647403066579
lala1264,atla1278,3.0126722116860454,0.6196891490994716
lama1277,aust1307,-1.101062110799472,0.3373279503706472
lama1288,afro1255,0.5775150321941993,0.2550776027466215
lamb1269,indo1319,1.6126592391845729,0.6361511815678504
lamb1273,aust1307,-0.8080241200618261,0.428536793859001
lamb1272,atla1278,2.849908803248032,0.5123476095985611
lame1260,aust1307,-0.96556935353055,0.2323138156763651
hela1238,sino1245,-1.219025575723885,0.2856727385426909
lamk1238,sino1245,-1.2509848970186428,0.2746930663458231
lamo1244,aust1307,-1.297139834616324,0.2617172363261009
land1256,atla1278,2.418447727170856,0.5212672830576226
lang1320,atla1278,2.931370224221445,0.449364950988274
lang1324,nilo1247,2.0118911821738106,0.5684684988470732
laoo1244,taik1256,-3.382171082864142,0.8018887669831685
lara1258,lara1258,0.8112121664789249,0.6816221211710038
lard1243,tang1340,-1.7246722116576414,0.7643267185749076
lash1243,sino1245,-1.7431587840106613,0.3371052140787167
teke1275,atla1278,2.5002349168520817,0.4880304497566721
latv1249,indo1319,3.384620136353794,1.0490561763955348
lauu1247,aust1307,0.4977148546542425,0.2863863544720271
lave1248,aust1305,-3.3397253406262664,0.5801180463573514
lavu1241,lavu1241,2.0154918437574727,0.7205888200597075
lazz1240,kart1248,-0.2814672865970342,0.7362244419763346
lega1250,atla1278,2.5552345509441734,0.4956258243218681
lega1249,atla1278,2.5903377508259835,0.5187044138103447
lele1276,afro1255,-1.099348366906661,0.3254845386080163
lele1267,aust1307,-1.0755446154898316,0.2608344336654316
lele1270,aust1307,-0.9854550053551364,0.3332962618407746
lemb1266,nucl1709,-2.1448633627650944,0.3420421718567361
leme1238,aust1307,-0.8627389311059726,0.2946174847550837
bela1260,aust1307,-2.4916991160110635,0.4407610461295341
lena1238,aust1307,0.615385582563033,0.321865204513152
lend1245,cent2225,-0.3080134148877778,0.3825645432537223
leng1259,aust1307,0.4112528685923917,0.2796314519331675
lepc1244,sino1245,-0.961918825886058,0.2933495587829755
lese1243,cent2225,1.5387745195734783,0.4093338319961974
leti1246,aust1307,-0.9726304602317752,0.3416625577451677
lewo1242,aust1307,-0.9834179881407028,0.2408103159175487
lewo1244,aust1307,-1.1209700285214523,0.3387486867178024
lezg1247,nakh1245,0.2032382176681129,0.4109124565936755
lian1251,sino1245,-0.9616164700151908,0.2475695740458086
libi1244,atla1278,2.0853183732844363,0.3484446526207714
liby1240,afro1255,2.104249465728371,0.7481607760036599
lihi1237,aust1307,-0.6023336886590491,0.2896751312063834
liji1238,atla1278,0.1470655087164694,0.2916233022506898
lika1243,atla1278,1.9237146387742048,0.3677556271179085
lill1248,sali1255,2.0015893289703306,0.6252631301562506
limb1266,sino1245,0.8227935336412278,0.2784250544701132
nucl1327,limi1242,0.9285708485098652,0.6895408500091413
limo1248,aust1307,0.7922345498536624,0.2872628803864669
lipo1242,sino1245,-2.141292669508069,0.3738755523147761
lish1245,afro1255,1.7393525478865977,0.5274042252823516
lisu1250,sino1245,-1.888913068210316,0.3345480846320203
lith1251,indo1319,3.356910280043296,1.0383662246174472
lito1235,atla1278,1.8779494801063616,0.3383220809422891
livv1243,ural1272,2.974963111338897,0.9217259360396372
loba1239,atla1278,2.071992017679477,0.3505448044312613
logo1259,cent2225,-0.2361517776625488,0.358246064722941
balo1261,atla1278,2.304628850671013,0.3849763534327248
loka1252,atla1278,2.231718560546579,0.2840650367642467
araw1276,araw1281,-0.3879156588142227,0.6354191127790951
lolo1259,sino1245,-2.112308759975477,0.3731552849461366
loma1260,mand1469,-0.5029182923771348,0.4624013461426282
lomb1257,indo1319,3.701865340030792,1.028106864774494
chiq1248,chiq1253,1.1913379084248006,0.7924073491587613
acha1249,sino1245,-1.716852421967487,0.3433067934111529
long1395,aust1307,0.3010954341037903,0.29431559081981
loni1238,aust1307,-0.8862078382862897,0.3183709644461441
lonw1238,aust1307,-1.1248374549896376,0.231224562712387
lote1237,aust1307,-1.0183105857086163,0.2721550111240933
loth1237,sino1245,-1.0309829592378397,0.2521240609086899
lotu1250,aust1307,-2.288429818648428,0.4029738272526462
louu1245,aust1307,-1.0386398577817575,0.3263616413465344
vano1237,aust1307,-0.628822550272777,0.3236395040791775
lowl1260,tequ1244,-1.5581852246997272,0.7502417887359236
lowl1265,utoa1244,1.4858107966060912,0.4834072522448949
lozi1239,atla1278,2.953368182847251,0.5950977683038046
luan1263,aust1307,-0.7474012866542346,0.3506842072682952
onto1237,aust1307,0.6695111227536199,0.3936104683359147
lubu1243,aust1307,-1.071508613359724,0.2795355716442715
luch1239,atla1278,3.2106866793542683,0.6552636812501458
ludi1246,ural1272,2.799602675431863,0.9409030177187088
lugb1240,cent2225,-0.1310757255221488,0.365406333703107
lugu1238,atla1278,2.8284393885476824,0.508035465669133
lule1254,ural1272,1.2735709151718402,0.9898055836014548
lumb1249,atla1278,2.8331889964410686,0.6200946619684862
lumu1239,narr1279,0.9687644601155596,0.5978124236115354
lund1266,atla1278,3.1238480039568253,0.6590515744779966
lund1271,aust1307,-2.409364136713255,0.4300919130618075
luok1236,nilo1247,2.398852064431321,0.6116774347745988
luse1252,atla1278,2.5401997942772447,0.4208138141887696
lusi1240,aust1307,0.4158521087211024,0.2559631230630703
luva1239,atla1278,3.214147007870565,0.6596471756210329
luya1241,atla1278,3.26835445679214,0.6310857502426606
maan1238,aust1307,-2.371976229333714,0.5335226392915864
maas1239,atla1278,1.8901798762114512,0.3688769857844036
maba1270,atla1278,1.817609067868668,0.3560369792132078
maba1277,maba1274,1.3395670630636574,0.7107713531788669
maca1259,guah1252,-1.0655015698298322,0.69754308662871
mace1250,indo1319,3.215648991510396,0.9427024955602272
mach1267,araw1281,-2.197727799112699,0.4962347930777619
maco1239,sali1297,1.1840777364755692,0.7609623389440348
macu1260,tuca1253,-1.0007103049827688,0.456582492227926
macu1259,cari1283,-0.5074776740381617,0.5234315716243891
mada1285,aust1307,-0.593004035691213,0.2726972179400846
madi1260,cent2225,1.3261991623155684,0.4155108852484988
jama1261,araw1282,-0.3501303525541221,0.6993691417398695
madn1237,east2374,-1.234078591105194,0.6737550284093441
nucl1460,aust1307,-2.029080709046111,0.5887533786265067
mafe1237,aust1307,0.7094618328852182,0.2359954704098985
maga1260,indo1319,-0.7120182103175123,0.4643777117571845
maga1263,aust1307,-1.1144610804291728,0.29932079132249
magd1235,otom1299,1.0286058597911776,0.2990898932806969
magu1243,aust1307,-1.1979908611066836,0.3240428327207469
maia1254,nucl1709,-2.2459921443771886,0.3476891010678358
maia1253,nucl1709,-2.274736659210004,0.3473943390654419
mail1248,mail1249,-2.09151499395599,0.7030927819514048
nucl1594,mair1253,-1.5278008333797206,0.7254181024827115
mais1250,aust1307,0.2331121336746514,0.2761928350247151
mait1250,indo1319,-0.8317584299492492,0.4447780762995119
maja1242,surm1244,2.14803208749131,0.6135434618018216
maka1304,atla1278,2.2477258226545347,0.3325667568732653
maka1311,aust1307,-1.787384135475866,0.4061018388388921
makc1235,taik1256,-2.883561898333394,0.7755810530479348
makh1264,atla1278,2.7842467747806303,0.6849361556350999
makh1266,atla1278,2.8059171796272877,0.6744729837589736
mako1251,atla1278,2.8536340909589657,0.627172843067461
maku1277,aust1307,-0.9856795580208576,0.3366274437874237
makw1236,atla1278,2.830909114236846,0.633555590644959
mala1463,drav1251,-1.449020097657228,0.5488884389442097
mala1534,aust1307,-0.9966112548362271,0.2960301183361933
mala1464,drav1251,-1.4244394642061713,0.5047412766336334
mala1522,chib1249,-1.27094056441661,0.5600872596283324
male1284,gong1255,0.4661899394635753,0.3905498766832966
male1297,chib1249,0.0122211100862403,0.5690672064137967
male1289,aust1307,0.2768857068793633,0.2637101349450459
malg1251,afro1255,0.7374007763754274,0.2819543497789887
mali1284,bain1263,-1.4533632012927595,0.6123424060547222
mali1285,otom1299,-0.5506852936792948,0.3308184940133127
malt1254,afro1255,2.838053134066134,1.008264822797523
malu1245,aust1307,-1.0860210140175763,0.2277300109584228
mamm1241,maya1287,-1.2173896032058027,0.4136294282099992
sauk1252,nucl1709,-2.5705462848480978,0.3419345346753824
mama1275,aust1307,-1.2371261746605815,0.3598025962999998
mamb1306,aust1307,-0.760444263351248,0.3342842277673234
mamb1294,atla1278,-0.9186198798585604,0.2916137991081902
mamb1296,atla1278,2.896499731628707,0.5486289469862102
mamv1243,cent2225,1.3722341244179237,0.3807592671725555
mana1295,aust1307,0.7626589451031094,0.2805602029536098
mana1298,nduu1242,0.9879732555624362,0.5064814233123451
mana1288,sino1245,-1.146307259646216,0.3281120232345413
payn1244,nucl1709,-2.3385206913609218,0.3237186682193966
mand1423,atla1278,2.9462352753227727,0.5491217378367397
mand1440,aust1307,-0.4468222010323306,0.3027906370346391
mand1415,sino1245,-1.8885922710068557,0.9763308960042494
mand1436,mand1469,-0.2420824923600832,0.604159344016991
mang1378,aust1305,-2.7814556322786426,0.4877177859303971
rapa1245,aust1307,-1.6935080914713652,1.368441021198528
mang1401,aust1307,-1.726727045979056,1.4403895968758285
penr1237,aust1307,-0.6258139440003957,0.9760729061553608
mang1381,mang1423,0.6582473243649704,0.6603195842154337
mang1394,cent2225,1.3208455540588022,0.4046023188663072
mang1404,aust1307,-1.5304876224618509,0.2559689522314512
mang1405,aust1307,-1.1925250564160934,0.3893138318924238
mang1403,aust1307,0.8758811850602585,0.2718407029384204
moni1237,otom1299,-1.1581977675606865,0.6543334339685112
tong1308,aust1305,-2.8423719755659818,0.6658663226944963
manm1238,aust1305,-2.7277815937126952,0.4755278444887914
mann1248,mand1469,1.1211715950331094,0.5065339700273288
mans1262,aust1307,-1.212486336560595,0.3624593406830563
mans1260,hata1242,-1.7229342466321724,0.6811500406854929
manu1258,aust1307,-1.278222805987023,0.3531241133802183
maon1241,taik1256,-3.083677883921543,0.7794027050668415
maor1246,aust1307,-0.0239364254679295,1.282341432228577
mapo1242,aust1307,-1.522159789456178,0.2543408792257899
mapu1245,arau1255,-1.4755285606606623,1.4039777048540545
mara1382,sino1245,-0.9234042870520308,0.3321065683090785
mara1399,aust1307,-1.0708968048019305,0.2304645109066285
mara1379,sino1245,-1.1352770084051809,0.2502917257728239
mara1404,aust1307,-1.3560444485492775,0.3249015237910297
mara1386,west2434,0.604081495467235,0.5799703990319038
mara1396,tama1329,0.7521700851693949,0.6864673681006579
mara1378,indo1319,1.7687819220283725,0.6309048078394826
marg1253,pama1250,-1.5663929968075463,0.5666287539906234
marg1265,afro1255,0.5015095931756952,0.2678563001685159
mari1414,drav1251,1.7917559631372308,0.4591448551881347
mari1440,coch1271,-0.8250457630021477,0.7597945858845225
mari1428,aust1307,0.4813537176074425,0.2633525415470892
nucl1622,anim1240,0.2528131698722418,0.6705338370188612
mari1416,sino1245,-1.2205702766068578,0.2679004809032381
mari1424,west2434,-1.3601270567474908,0.5955130248412237
moro1289,moro1289,-1.3643286519787594,0.7128691324815133
maro1244,aust1307,0.3042148990235001,0.3058413285181638
mara1385,mang1423,-1.3952959894808503,0.6864320348126443
mars1254,aust1307,1.028341365106699,0.9185918770777652
mart1255,pama1250,1.8040074206558576,0.5705016353633985
maru1249,sino1245,-2.0265630983323204,0.3590217151678505
maru1252,pano1259,-2.150680592556093,0.5869622908568637
masa1322,afro1255,-0.9841736551620076,0.3050503204577319
masb1238,aust1307,-1.1788454173511358,0.3464406313615882
mask1242,aust1307,-1.0299255978768982,0.2326433951707365
matb1237,aust1307,-1.1208373583609663,0.353263562883618
kemb1249,aust1307,-2.779270528897261,0.5792043869293044
mati1250,aust1307,-1.1896785270419894,0.3112976433225585
mato1252,aust1307,0.5289361302749349,0.2582768295917237
mats1244,pano1259,-2.24151786809566,0.6003745094133048
matu1261,aust1307,-1.2782878952382797,0.2736956929889391
matu1259,atla1278,2.8857772985883408,0.5764008496736981
mauw1238,nucl1709,-2.231969139049697,0.3443873669747548
maun1240,iwai1246,0.7281154580517669,0.6463068281264075
maxa1247,nucl1710,-0.5373824166978413,0.8623734674826755
maya1285,misu1242,-2.1776860133370395,0.763974670652706
maib1239,mayb1237,-1.2782207359100142,0.7020606848625706
mayo1264,utoa1244,1.5322161324503225,0.5180470627225153
mayo1261,atla1278,-0.2943926141044286,0.34314565159002
maza1304,afro1255,-1.1064787256904751,0.2734182818872748
mbaa1245,atla1278,1.7575132397909214,0.3949794975266334
mban1263,atla1278,-0.2833336408929114,0.3276011399645693
mbar1260,afro1255,0.6036342484883197,0.3049974629043097
mbay1241,cent2225,-0.9599431240246784,0.4331064708404506
mber1257,atla1278,2.383484856725014,0.4500175754647255
mboc1235,atla1278,2.2520186924621424,0.277736555904374
mbol1247,atla1278,2.2109598083765407,0.4448071226070356
mbug1242,atla1278,2.8371795057545426,0.4475788900519317
mbul1263,aust1307,0.2518748643973465,0.262463373957166
mbya1239,tupi1275,0.1525678643497787,0.746490842141454
meen1242,surm1244,2.136303197068804,0.5753585170747693
mehe1243,sepi1257,0.979367875792,0.4235870379552278
mehi1240,araw1281,-1.4739693332078063,0.52662137865648
saki1248,tupi1275,0.8146179497067405,0.4879822405296643
meke1243,aust1307,0.4825625219599197,0.2660770314584333
mele1250,aust1307,-0.8685839993603086,0.2676462709123557
melo1242,gong1255,2.2974158128640805,0.3922167763381496
melp1238,nucl1709,-2.3536547145872038,0.3338243969384766
mend1268,sepi1257,-1.1872648505102912,0.4437396430310425
mend1266,mand1469,-0.2440538607337327,0.5079648062732849
meng1267,aust1307,-0.9821210058930108,0.2693263972254112
meny1245,anga1289,-1.6736201395139154,0.5595549412898251
mera1242,aust1307,-1.019257985337613,0.2761042942676921
mere1242,aust1307,-0.8149582874727936,0.2554944462589432
meri1244,east2503,-2.160966775022856,0.6731885463981797
meru1245,atla1278,2.76834418296627,0.4850875824823015
mesc1238,atha1245,-0.5438787658099922,0.7005683641446279
meta1238,atla1278,2.280025455076684,0.2729195895415417
meya1236,east1459,-1.7609662517114577,0.6865886197299815
mezo1235,otom1299,-0.3785920336171464,0.3179089707297731
mezq1235,otom1299,-0.0464946506657659,0.398223180392506
mian1256,nucl1709,-2.263574000555203,0.374121705497636
mich1245,utoa1244,1.1300702816321433,0.552139245101265
midd1357,pama1250,-0.9694649062651944,0.6410408352075683
midd1327,aust1307,-1.5134737809717171,0.2668599851991917
mido1240,nubi1251,-0.8391662913430549,0.7813597650718247
mids1243,atla1278,-0.6184201230084554,0.3573230251936996
miga1249,afro1255,0.6824742123050245,0.3961403098028864
mika1239,musk1252,0.3302732345480386,0.8010730443824441
mikm1235,algi1248,2.3482690987767203,1.4784458283348707
mila1245,sino1245,-1.0448847194498854,0.3225054260253515
mina1276,afro1255,-1.1263102014687765,0.2609345549586317
mina1268,aust1307,-2.3193097794296262,0.726798342650655
mini1256,huit1251,-1.513394393532756,0.6834972371676518
mini1251,aust1307,-0.9673427753744406,0.2618428458307296
minn1241,sino1245,-1.6423588054592106,0.6284590865072719
miri1266,jarr1235,1.006681900869102,0.7526897730095703
misi1243,aust1307,-1.21282037228256,0.3616637343386042
misk1235,misu1242,-2.0951342230191448,0.8267949298199877
mixt1426,otom1299,-0.991690330529424,0.3247500525337701
miya1266,afro1255,1.1345638776987022,0.3144338334291019
miya1259,japo1237,-2.2296934684972314,0.8497200681535642
lush1249,sino1245,-0.8621508536492949,0.3213791840263287
mlab1235,aust1305,-2.8985023763493274,0.5251101578535522
mmen1238,atla1278,0.0555192980890086,0.2525246604602102
moba1244,atla1278,0.2052211727688593,0.3679750485507211
moch1257,maya1287,-1.2543969376173387,0.4153145998692666
moco1246,guai1249,1.0117849640914007,0.950835732996194
mode1248,indo1319,3.042709315685687,0.968655155875541
hebr1245,afro1255,1.81090422985514,0.696385297425957
moha1258,iroq1247,-0.6065281824580064,0.8028487529713875
moii1235,west1493,0.6833121173427913,0.6922042761107781
moke1242,aust1307,-2.5333908476743656,0.6878251164090345
moki1238,aust1307,2.6393299747566448,0.6760408305960715
mokl1243,aust1307,-2.518147662303975,0.6868228588268677
mokp1239,atla1278,2.29981539198992,0.3065771206925642
moks1248,ural1272,0.5940331535559649,0.7197225372899609
molo1266,afro1255,-1.2235613786083248,0.2639398102443255
nucl1452,momb1255,-1.714741291645007,0.7508125613602621
fass1245,baib1250,-1.64509917943505,0.655896981539855
monn1252,aust1305,-2.6429548014772424,0.6106394342242725
mong1338,atla1278,2.5783687618550952,0.4866926990229592
mono1273,aust1307,-0.2931363546459925,0.2962970602905272
mono1270,atla1278,1.049845931663174,0.3222648617723056
mono1275,utoa1244,-0.3474264826548392,0.4868835103548345
mont1268,algi1248,2.260322054645868,1.3440631381156836
nucl1458,monu1249,0.5277450550253763,0.6006697030337378
monz1249,atla1278,0.0401977111017641,0.3172766209389683
mopa1243,maya1287,-1.4334115695103071,0.4866715939285235
more1259,utoa1244,-0.7627024348733751,0.3888419201819166
mori1269,aust1307,-1.971113076908169,0.4128908329009038
mori1268,aust1307,-1.973263759463556,0.4105220071591251
morm1235,aust1307,-1.0964084448875508,0.3543298697385362
moro1285,heib1242,1.393870181075167,0.6122374550739664
moro1287,aust1307,-1.8797256574117196,0.3957771076577847
mort1237,aust1307,0.7083373246765907,0.5492210378574258
mose1249,mose1249,0.7811190568829339,0.7525904853800469
mota1237,aust1307,-0.8279165716545205,0.2910456512492541
temb1272,atla1278,1.8779840658687423,0.3647089711195246
motu1246,aust1307,-1.2638381106576764,0.2905223914394881
mouk1239,aust1307,-1.3323291181977093,0.2594868774755294
moun1252,koia1260,-1.8163206886778955,0.4798661867825826
movi1243,movi1243,-0.5930814463026239,0.7074046661657327
tang1347,aust1307,-1.000797121798197,0.2483724295452685
moyo1238,sino1245,-1.251270131536504,0.2670469275267964
mpad1242,afro1255,0.9082156864938816,0.3252929307557393
mpii1239,sino1245,-2.36523611299556,0.5058919375922821
mpot1240,atla1278,3.0436251562881584,0.5717540337120068
mpur1239,mpur1239,-1.1631567492086314,0.7107903738830137
mual1241,aust1307,-2.805627229090069,0.5673936303799154
mudu1242,aust1307,-1.2904355387291906,0.2777668938191082
mudu1239,drav1251,-1.2918474407886011,0.4187112784297175
mull1237,nort1547,0.4504703837947347,0.6481325859365183
nucl1240,atla1278,-0.864017349056742,0.2815399264235569
muna1247,aust1307,-1.5246943995580855,0.3760735948767326
munc1235,sino1245,-1.3399234366324466,0.3932010678112938
mund1328,atla1278,1.9564842595493024,0.2565942396039524
mund1325,atla1278,0.95297140406873,0.298308180595451
mund1320,aust1305,-0.7651827216733089,0.4245009044628771
mund1326,atla1278,-0.3692755466971893,0.3550392799057995
mund1330,tupi1275,1.0196166052370002,0.6111019344033677
abar1238,atla1278,1.967966201430014,0.2566242496798621
murl1244,surm1244,1.804774302195425,0.6016012178986481
murr1258,sout2772,-1.1481655119876013,0.716625125976746
muru1274,huit1251,-1.6233836102885386,0.6904872224055847
muru1266,pama1250,0.407615892052864,0.5609793401009577
musg1254,afro1255,0.6031375880717931,0.2907822820351606
muso1238,aust1307,0.4212346056540208,0.2558666355836756
muss1246,aust1307,-0.7545935571895207,0.3657341690083537
muth1236,drav1251,-1.3344468162169223,0.4531139041355558
muyu1244,aust1307,-1.05385624509258,0.333080486323202
mwag1236,afro1255,1.0695654705998194,0.3219167843927133
mwan1250,mand1469,-1.079233863297574,0.4461158678100396
mwan1247,atla1278,2.7813985980771627,0.6810138175161002
mwer1248,atla1278,2.9232733167850644,0.5970992076383839
motl1237,aust1307,0.8568013144757682,0.2896360694699638
naas1242,sout2948,-0.8395409500309361,0.5432141332423415
naba1256,nucl1709,-2.532249776220621,0.3423531834893651
nade1244,nada1235,-0.9681215236828712,0.6853069177300348
sout2857,aust1307,-0.9631650643855646,0.2266500856676572
naka1262,aust1307,-1.104544206212038,0.2788729256376898
nalc1240,nucl1709,-2.497852656796637,0.4012510001793048
nali1244,aust1307,-0.5891058925691341,0.2952626074528046
nalo1235,aust1307,-0.4141668760387649,0.3309500866851582
nama1268,aust1307,0.6611674445275945,0.259610589216285
litz1237,aust1307,-1.0521778747096011,0.2301095548360221
nama1264,khoe1240,-0.0772082852951983,1.031069311382339
nama1266,more1255,-2.260493533215932,0.624088868589384
namb1293,more1255,-2.28621020700192,0.6230099695457092
nami1256,sepi1257,-1.3128812809187318,0.4378770186045075
namu1246,sino1245,-1.774643407517856,0.3887197530490835
nana1257,tung1282,-1.990166219857255,0.8825237680722671
nand1266,nilo1247,2.428090472871494,0.5930960576628053
nang1262,aust1307,1.543287040690283,0.3547212408738058
nant1250,araw1281,-2.190058365954853,0.4960840740429413
nara1262,nara1262,2.252715756057324,0.954152218212548
naro1251,aust1307,-2.5831250205599217,0.4728801581332593
yong1270,sino1245,-1.8279115858600328,0.3588725223000963
naru1238,pama1250,-1.3286668920095326,0.7929718132382408
nati1244,aust1307,-0.9192656560220192,0.2295604178671997
nati1243,atla1278,1.849038309670458,0.3486666122847373
natu1246,aust1307,-0.3957261522699441,0.3326682229042328
naue1237,aust1307,-0.9685645127536322,0.3444056089320959
naur1243,aust1307,0.9329356570722858,0.681436434218571
nava1243,atha1245,-0.7438737764707986,0.6537287132348908
nawu1242,atla1278,-0.0059227179468783,0.324418545254554
naxi1245,sino1245,-1.8112019382921547,0.3468995253770588
ncan1245,atla1278,0.0579581205399775,0.2438766491784765
ndam1251,afro1255,0.6260861001095495,0.3507548862894172
ndam1239,atla1278,2.9302921772975346,0.5147769076004227
nden1248,atla1278,2.873341466625274,0.5583678757920199
ndob1238,atla1278,2.2756341826096387,0.3633973562110801
ndog1248,atla1278,-0.7295511341902231,0.4035039177596307
ndom1245,kolo1268,-2.044673663241241,0.6930556176664711
ndun1249,atla1278,1.4809792882397073,0.3512997620218812
nege1240,aust1307,-2.579585657429865,0.6752662219255257
negi1245,tung1282,-1.6734003875420769,0.9125280184246104
neha1247,aust1307,-0.1754548397724449,0.3041498206296804
kuma1276,aust1307,0.15661232618148,0.3484844044181931
nenn1238,more1255,-2.238422359528097,0.6111252333527206
nend1239,nucl1709,-2.347963579182461,0.3338007154577891
neng1238,aust1307,-0.6460545498529092,0.3792695043708196
nucl1706,afro1255,1.5092575748297032,0.6540484135669882
nepa1254,indo1319,0.6924398199062604,0.4455999561958883
nese1235,aust1307,-1.0892455571886115,0.2274297109279279
vinm1237,aust1307,-1.0983708267210768,0.2207148104983947
ling1265,aust1307,-1.10326604313364,0.2194499122703241
nezp1238,saha1239,1.1774760762468972,0.8010132904979521
ngaa1240,pama1250,-0.9155093341157984,0.6011510772270867
ngab1239,chib1249,-2.146991118680704,0.6088899762037805
ngal1292,gunw1250,-1.4666931259706646,0.5811533322150462
ngam1268,cent2225,-1.1851542604554637,0.4182636379737747
ngan1291,ural1272,0.0433011976457754,1.0997388890623494
ngan1295,gunw1250,-1.2416278849809266,0.5556540031455448
ngar1235,pama1250,-0.8168636282659906,0.4325489604986581
ngar1284,worr1236,1.12776114755825,0.6950491007129544
ngar1283,mirn1241,0.5169478099410146,0.6064128745961463
ngas1240,afro1255,-0.8432169225773267,0.2985351313279656
ngba1284,atla1278,-0.1808979592684096,0.3256876690244787
ngba1285,atla1278,0.0039460198589087,0.3186406702897804
ngge1241,nucl1709,-2.52021377259405,0.4224184537263111
ngit1239,cent2225,1.6124553648817126,0.4067261214458728
wang1291,pama1250,-1.219798605917383,0.6001800899862424
ngom1268,atla1278,2.1224823513686,0.3709350096059083
ngul1236,aust1307,-0.8283390518801956,0.5308634390671987
nhan1238,pama1250,-0.1559070451925268,0.701429767135985
nhen1239,tupi1275,-1.0229989705655096,0.5389701406192513
nias1242,aust1307,-2.414737152049894,0.7687900114573001
niha1238,niha1238,-0.6543821141465984,0.8446205537960907
nila1242,atla1278,2.91529633135035,0.4547947234488596
nucl1633,nimb1257,-1.8638100546267076,0.6871297335061
nina1238,yano1268,-0.6192832121146796,0.6389295637680101
labo1244,aust1307,-0.874950744241726,0.2328045211312961
nisg1240,tsim1258,1.0399415762430797,0.9687031238749926
niua1240,aust1307,-0.482636073825746,0.7910580649356094
niue1239,aust1307,-0.9958434295655144,0.8358379714337003
niva1238,mata1289,-0.4836554778066654,0.860257431980302
njan1240,atla1278,-0.1634338676025812,0.2690295610279882
nkon1248,atla1278,0.0867223157527248,0.3056853751550452
nkor1239,ijoi1239,0.1813285545298901,0.6376918530526776
noct1238,sino1245,-1.035770086395842,0.2870410498648263
noku1237,aust1307,-0.7568887828407564,0.267054283680106
noma1260,atla1278,2.271010746961106,0.2978353881239242
noma1263,araw1281,-2.20217624395679,0.4917377959418418
noon1242,atla1278,2.633069649086637,0.6832748765661556
noon1243,atla1278,1.9088596287534867,0.2446711386458542
nopa1235,otom1299,-1.0090170932052345,0.3201608290091782
nort2839,aust1307,-1.107340852824109,0.2383103923439602
nort2697,turk1311,-1.0143611517597046,0.6104205849458006
darg1241,nakh1245,2.2011918348884736,0.449146265968193
nort2930,kiwa1251,-2.266113870247988,0.6463848765556355
nort2836,aust1307,-1.1013392503842712,0.2623113675634672
nort2724,sino1245,-1.874525405852704,0.3445988673544473
nort2972,choc1280,-1.1805970875947276,0.6393966809755725
nort2702,drav1251,1.6853653332025105,0.4247982413988502
gumu1244,gumu1250,0.6924183810835045,0.6430781912750474
nort2938,haid1248,-0.1569025777287096,0.8808467989224606
sing1264,sino1245,0.8344835841030338,0.2887891065543915
nort2877,aust1307,-1.0568163772466612,0.2751886970538129
nort2684,aust1305,-3.319656779465931,0.5818671195085008
lush1252,sali1255,0.2821488613004654,0.5971916892485671
nort2774,atla1278,1.2871611086835195,0.3318570108695855
nort2954,utoa1244,1.6639322002017716,0.5249649168349464
nort2957,utoa1244,1.074579273672002,0.3856512341568905
nort2723,sino1245,-1.7510418169255706,0.3790705707656716
nort2747,hmon1336,-2.4513869925451965,0.7872775408869179
nort2722,sino1245,-1.7547058090108334,0.4654270912459708
nort2994,aust1307,-2.902181436464492,0.6230261323080812
nort2885,aust1307,-1.2420463358413725,0.3273635521310352
nort2959,utoa1244,-0.4916509952385475,0.4857056448922821
tosk1239,indo1319,3.306817996640362,0.961161936162494
nort2732,sino1245,-1.9591132334526475,0.6281981254386677
nort2690,turk1311,-1.4389167714283415,0.9662297312744226
yoku1256,yoku1255,1.6612825679753316,0.8704844024569329
nort2745,yuka1259,-1.403051226431255,1.836913990489757
nort3047,afro1255,-1.2009282962794332,0.2718040106766626
nort2980,quec1387,-1.756356656939951,0.6829696418331954
nort3139,afro1255,1.8666741242382825,0.6572442900470303
nort2845,aust1307,-1.1434463980042928,1.2586562480246428
nort2671,ural1272,2.533793723371616,1.0573237947111842
nort2942,atha1245,-1.0716048444737627,0.997470416915915
nort2847,aust1307,0.5214909636933751,0.306045407483662
nort2699,drav1251,0.0254102620250293,0.4611157989096961
nort2961,algi1248,0.841989421688998,0.961195326442902
nort2775,atla1278,-0.4593681527713451,0.3340361989338198
nort2951,maid1262,0.2813072634639533,0.7871224988584062
yaki1237,saha1239,1.656645346912763,0.8292961052354597
nots1237,aust1307,-0.725286548456769,0.2809694442846693
nsen1242,atla1278,2.9101329852392936,0.6508689257459244
nuer1246,nilo1247,-0.1253452925031635,0.5188355002827629
nugu1242,atla1278,0.4309556110881822,0.2845230505261291
nukn1238,nucl1709,-0.7544191079075828,0.3412597593431226
nuku1260,aust1307,2.562116915919991,0.5562246967445779
nung1282,sino1245,-1.7048599034365477,0.3332902237242985
nupe1254,atla1278,0.034182509564373,0.3457937153718227
nusu1239,sino1245,-1.8451403236288535,0.3351808989900888
nuuc1236,waka1280,0.0056644979244822,0.7850917014719627
nyah1249,aust1305,-3.349354948921797,0.5768975092052377
nyah1250,aust1305,-3.0830507948940555,0.5811050948692875
nyak1260,atla1278,3.0984783073427624,0.5284928157878621
nyal1250,atla1278,1.831531593421036,0.3655936698344959
nyam1285,afro1255,-0.9441066036948018,0.2954303841854377
nyan1301,pama1250,-0.6564988266892002,0.48742033364171
nyan1307,atla1278,2.1983118135421518,0.3935507954171955
nyat1246,atla1278,2.946579738343179,0.4562792143113174
nyaw1247,pama1250,-1.769590806155093,0.5482286518773627
nyig1240,nyul1248,-0.822082164657598,0.6559315768130256
nyis1236,sino1245,-1.1839470606606977,0.2721143492100051
nyor1246,atla1278,2.256579179366604,0.3931751878274818
nyun1247,pama1250,-0.072831228655372,0.8490939746750206
nzad1234,atla1278,2.8030048082071497,0.5658968562306379
nzak1246,atla1278,0.886224648447161,0.3211676710788085
nzak1247,atla1278,0.9696451215768254,0.3469375987779024
obok1239,lake1255,-1.876513748580579,0.6991299754513465
obom1235,aust1307,-1.3105373476775226,0.326115376147599
occi1239,indo1319,3.585495547872246,1.038693678727995
ocot1244,otom1299,1.0055464680082868,0.2920892141731332
oriy1255,indo1319,1.2257212430011095,0.5339954465048269
ofay1240,nucl1710,-1.0463877479916994,0.6860014809049666
kalm1243,mong1349,-0.4259630557862415,0.8190740540800725
okan1243,sali1255,-0.1337928583355327,0.5857537794972592
okin1246,japo1237,-2.0511174274777497,0.9063586808857202
okoe1238,atla1278,0.4198763739286082,0.2991435359403329
oksa1245,nucl1709,-2.191318241832963,0.3643099634033948
okuu1243,atla1278,1.9659801155933023,0.2545037069945328
oloo1241,nucl1708,0.6031032894972477,0.4294155156994907
olut1240,mixe1284,-1.246725677222435,0.609607888272869
omah1247,siou1252,0.7021238200579725,0.8842480665155668
omii1238,cent2225,-0.3899124670791973,0.3729821344551398
omie1241,koia1260,-0.1465175441972372,0.4808371233507955
onge1236,jara1244,-2.4049338313169226,1.1087173085672646
bira1253,bira1253,0.6415657397612378,0.6799175026530033
onon1246,iroq1247,-0.8736131745265283,0.7481868312610551
orma1241,afro1255,2.3970055653510274,0.5593973900867502
oroc1248,tung1282,-1.830984689723547,0.8311721845833127
oroh1237,aust1307,0.3583934175862486,0.296425958319702
orok1265,tung1282,-1.588814746439242,0.9741450222332269
orok1269,nucl1709,-0.850857477744769,0.3820994662343917
orok1266,atla1278,2.2153911427636057,0.2901906165372372
orok1267,nucl1580,-1.932724021376695,0.6438081469209989
orow1242,aust1307,-0.1649015622869447,0.3444324606051046
orya1242,toro1256,-1.7892241680228542,0.6854979477584537
osam1235,atla1278,0.8084247077879889,0.4306532031596273
otor1240,heib1242,1.395976430644258,0.6315596133927217
otta1242,algi1248,2.275104810483344,0.9470587963818692
owaa1237,aust1307,0.1743847438003114,0.3347502819140349
paaa1242,afro1255,1.2265625969275993,0.3274569091063091
darl1243,pama1250,-1.331233591993226,0.6501490308831475
paam1238,aust1307,-1.086476413621868,0.2419036588768026
paas1238,atla1278,1.3606932094452155,0.3433985070228083
paco1243,aust1305,-3.274981855507884,0.5891694967607171
paez1247,paez1247,-1.816301085916923,0.8039532689515942
pagi1243,atla1278,1.5681626296612852,0.3540286540679362
pagu1249,nort2923,0.7228806884378967,0.4950737307668866
pahn1237,hmon1336,-3.0199751021266508,0.7662748570640314
pait1244,sino1245,-1.1348824584041572,0.2745442543714436
paiw1248,aust1307,-2.113591352521671,0.406376049879257
pala1344,aust1307,-0.8442094102954247,0.5379263666188896
pali1279,araw1281,0.8011945536977894,0.7767580762414541
balu1257,aust1307,-1.0007220278739888,0.3113184601349834
pamb1243,atla1278,-0.1603664108816143,0.3380890766094691
pamo1252,aust1307,-1.9396607754175887,0.4126623289269826
pamp1243,aust1307,-1.067490151751786,0.3012349304928401
pana1305,utoa1244,-0.3534601948776867,0.4942650827855175
pana1307,nucl1710,-0.6713047466169355,0.5803976201907979
enap1235,cari1283,-0.8104254416896086,0.6038290961269279
pang1290,aust1307,-0.9295035811913792,0.2881799377362615
pang1291,aust1307,-1.860679949208715,0.3973261728819937
pang1287,atla1278,2.8863786676132115,0.5360583005704083
pano1254,pano1259,-2.239400428754561,0.5868489151589031
pany1241,pama1250,-0.1847623978321899,0.5072671086584073
papa1238,toto1251,-1.741011013216028,0.5674698836970204
papa1265,aust1307,1.7678059273550737,0.2968950897065046
papa1268,aust1307,-2.367044966680284,0.4029341087136702
para1311,tupi1275,-1.4275820451594456,0.6933482372401532
para1302,sino1245,-1.0421996068402035,0.2661421888659028
para1316,araw1281,0.0294339533330105,0.5966455661226586
pare1272,araw1281,0.1573777356114575,0.528311159636023
pate1247,aust1307,-1.507379508408867,0.2627860443566616
patp1243,aust1307,-0.5429452025100853,0.2807722091425386
patt1248,sino1245,0.3518551077543268,0.4947889542284631
paul1238,aust1307,0.3930396683201463,0.3342914307143854
paun1241,araw1281,-1.3338416824735362,0.4718178729249898
pawa1255,pawa1255,-2.1026442394356875,0.6590944795104079
pawn1254,cadd1255,-0.4981882220535423,0.918288839248138
pech1241,chib1249,-1.7583614252727,0.6636422135965514
peer1241,atla1278,0.9710912622166126,0.2870599969507097
pela1242,sino1245,-1.7606504375034344,0.3465777954819353
pele1245,pele1245,-1.572253012041679,0.683954915117539
pemo1248,cari1283,1.276946037759072,0.5348641482524839
pend1242,aust1307,-2.1785974684255502,0.4392128472106087
peng1244,drav1251,-0.3516056492664289,0.4171974678134242
peri1253,mong1349,-2.3785110143528727,1.0984485335483667
phak1238,taik1256,-2.0025487483922952,0.7076899065669924
phom1236,sino1245,-1.2903595460630262,0.2484106410109534
phon1246,aust1305,-3.0712426396710377,0.5401319532019517
piap1246,araw1281,0.2652124727616947,0.4438665181868968
pich1237,araw1281,-0.2049709384777568,0.4591341140042404
pila1245,guai1249,1.3328242732113789,0.8650135803801877
pima1248,utoa1244,-0.2055219688124989,0.4784637428274454
pina1252,piaw1238,-1.8160916329573855,0.6019383510141374
ping1243,aust1307,0.7274475122085116,0.6463624985064378
pint1250,pama1250,-0.8911085227799531,0.5108436346873724
pipi1250,utoa1244,0.0883124123197622,0.5725678181093805
pite1240,ural1272,3.002126537202316,0.9966328367066684
plai1258,algi1248,2.333609112381337,0.8455051688950439
plat1254,aust1307,0.0661463726911242,0.8049083458076449
pnar1238,aust1305,-1.0300646048541036,0.4078092377633417
pohn1238,aust1307,0.8465943091467933,0.6407723263487854
poko1263,nilo1247,2.3182753040114488,0.587052259773766
poli1260,indo1319,3.5848585734022467,1.040152015784832
popt1235,maya1287,-1.071786381931328,0.4032625139540924
port1285,aust1307,0.9119564923228162,0.2233161137022525
port1283,indo1319,3.212049946389031,1.265993692901941
pott1240,drav1251,-0.1750812163321644,0.407267862105285
phai1238,aust1305,-2.880732235554229,0.5168547268071624
pras1239,indo1319,0.343344693998183,0.7112799750483196
psik1239,afro1255,-1.0962195790448803,0.2673028915151558
puin1248,puin1248,-1.1218583293101152,0.7353321501565926
puka1242,aust1307,-0.1967660663977672,0.8286784264087634
pula1263,atla1278,2.5235102999132897,0.5651111487714768
pula1262,atla1278,2.4449122522559987,0.5214316728605084
pulu1242,aust1307,2.143976912346745,0.6089894610331461
puma1239,sino1245,-1.0329606786457894,0.2582645232819169
pume1238,pume1238,-0.5270596972562321,0.7789948751578173
pura1257,pura1257,-1.5175784828369934,0.6514616187795124
pure1242,tara1323,1.2723881872112548,0.8178384344746146
puri1258,sino1245,0.372391128190731,0.5580852642481897
puyu1239,aust1307,-2.0975489149880984,0.4147984866962151
qanj1241,maya1287,-1.0895326817361837,0.408311273963732
qaqe1238,bain1263,-1.5096521937850544,0.6117214957210395
qawa1238,kawe1237,-1.4868516602297968,1.5814004131793975
qima1242,afro1255,0.4727609017175624,0.486533755690842
quer1236,otom1299,-0.1070182570933211,0.410287480501915
quey1238,sino1245,-1.678027870956487,0.4027407622539281
quio1240,otom1299,1.309997728258166,0.3104212635965426
rabh1238,sino1245,-0.9133173389711532,0.2821274198775718
rade1240,aust1307,-2.8648933071676623,0.6108749987756834
raji1240,sino1245,-0.4808334032160283,0.3797088673726181
rama1270,chib1249,-2.0434676536884866,0.5857929041125765
ramo1244,aust1307,-0.8068275173867764,0.2723709330604373
rapa1244,aust1307,-1.9397006892248567,1.804395013034556
rapo1238,nort2933,-0.3512319545687776,0.6186907322524196
rata1244,aust1307,-1.4528305046286056,0.4213357026470739
raut1239,sino1245,-0.5270444457564617,0.3898260575797287
rawa1267,nucl1709,-2.493798839630104,0.3295083394432989
reja1241,aust1307,-2.6845636129919943,0.4888490507682936
remb1250,aust1307,-0.8764866051795258,0.368163612994695
rend1243,afro1255,2.3333422139971933,0.4742937183203359
reng1252,aust1305,-3.3250796246873757,0.594881011144861
renn1242,aust1307,0.2477779956188981,0.3630083249822791
rere1240,aust1307,-0.9071830339404836,0.2214554814347931
resi1247,araw1281,-1.733237859880706,0.453040522773783
reye1240,pano1259,-2.0288407901276297,0.6024535737998491
rian1263,kolo1268,-2.0752726629713694,0.6805554562770277
rikb1245,nucl1710,-0.7053195130306819,0.5953108682836596
rita1239,pama1250,-1.3249307203026015,0.4224016859676558
beka1241,aust1307,-1.0375765816434337,0.5692076383096154
roma1326,indo1319,3.676023006187992,1.0280055392327077
romb1245,aust1307,-1.4602863583289167,0.3418601500045284
ronn1241,afro1255,1.2085754231813746,0.3220755251279792
rong1266,sino1245,-1.0938474603044104,0.2547283636849142
rong1264,sino1245,0.0154189862341318,0.4292894680799195
roto1249,nort2933,1.6417611323007617,0.6406452535359151
rotu1241,aust1307,1.334017478677312,0.7377072610891648
rovi1238,aust1307,1.9988627095591316,0.31313532778326
ruch1235,aust1305,-2.27040201810394,0.4832731139852546
ruka1240,aust1307,-0.1910815793812728,0.4019437289544472
ruma1248,aust1305,-2.100689224205234,0.4828774298024711
rumu1243,tura1263,-2.005983373983694,0.6592641809662698
rung1258,maba1274,-0.6225750123203011,0.6709261671936826
rung1259,aust1307,-2.1965579434853058,0.4008907011660279
russ1264,mong1349,-0.0103290473065434,1.0348756131487438
russ1263,indo1319,2.162956187587867,0.9647791594351024
rutu1240,nakh1245,2.188994282797676,0.4387354242921351
saaa1241,aust1307,-1.0499251994231409,0.2375176159732799
saaa1240,aust1307,0.4549345894802816,0.3059398449560273
saam1283,atla1278,2.641728382626504,0.4249146716567145
saar1237,aust1307,-2.098638600369512,0.4270650923573003
saba1267,aust1307,-2.357228503266348,0.4217820083942509
saba1268,namb1299,-1.2524551324266782,0.7178177462563147
safw1238,atla1278,0.974570711805142,0.4862729607874776
saga1262,atla1278,2.810165762888845,0.5030394510229597
sais1237,aust1307,-1.9686642640579688,0.4739841623550562
yaku1245,turk1311,-2.741559084325145,1.5567439542388524
saki1247,aust1307,-2.1254161287636237,0.4553513315786262
tsis1238,atla1278,2.021223423968474,0.3793238682265496
salt1242,nucl1709,-2.6100083744541536,0.3339208589976898
samb1311,atla1278,-0.7584450148158666,0.2691536174009048
samb1305,atla1278,-0.8737638332657015,0.2657728373799406
samo1303,east2433,-1.4742394213856316,0.6208187704061423
samo1305,aust1307,1.5898976951923849,0.7905759152970333
wara1292,atla1278,1.8760071817587272,0.3549924180343895
sana1295,afro1255,1.8319319878823368,0.8452157704393848
sanb1241,otom1299,-0.969732386521592,0.3113230211154398
sanb1242,chib1249,0.3833035408223337,0.564193962097292
sand1273,sand1273,0.9622429806802412,0.7819539446256796
sand1278,huav1256,-0.8333634698168779,0.716564967418214
sang1331,atla1278,3.073761354406701,0.6183932471560247
sang1321,sino1245,-0.9904262036667132,0.2590278746724221
sang1330,atla1278,2.882640378450953,0.4971624240733723
sani1269,sino1245,-2.1530063696222155,0.4222452361920723
sanm1301,otom1299,1.4636752133582926,0.3448010928050564
sanm1289,quec1387,-1.9779556176370627,0.6987815085365146
sanm1295,otom1299,-0.804509741127081,0.2982478244564817
sant1410,aust1305,0.7021730190881886,0.4280848614380641
sant1451,otom1299,-0.9911522631780638,0.3442343206756115
sant1436,otom1299,-0.8123045796344881,0.3148554596835629
sanu1240,yano1268,-0.7322180480227464,0.6287813191048643
sapo1253,aust1307,-0.1164788775696521,0.2920986194320001
sapu1248,aust1305,-3.3357546919480487,0.5773291898788466
sara1321,cent2225,-1.2840499164262171,0.4532965858884532
sara1327,aust1307,-1.2880050753101937,0.3613751570429118
sars1236,atha1245,-0.3209442841671499,0.6939477821421303
sasa1249,aust1307,-1.486495849780305,0.5168275865815906
sata1237,aust1307,0.1176470919742398,0.5575253010264571
saur1249,drav1251,0.8516327478029448,0.5226784881531206
savo1255,savo1255,0.179936684573736,0.6536297280529251
saya1246,afro1255,0.8436336739275611,0.2926259269873235
seda1262,aust1305,-3.3098636923146127,0.5949216381178122
taro1264,aust1307,-2.1275048876209093,0.4471001129208716
seim1238,aust1307,-0.6344813240477313,0.3637487657141705
seke1241,aust1307,-1.150075229941459,0.2367159950813357
sekp1241,atla1278,0.2587626846447051,0.3055762558919239
sela1259,aust1307,1.0282960981190787,0.4079535853515681
sela1260,aust1307,-1.6718563516621008,0.3870969501303953
sele1249,atla1278,0.2517830783244306,0.3041667427640755
sele1250,nucl1709,-2.5529586435455576,0.3602292165147673
selk1253,ural1272,-1.3232839022387188,0.9919587913737562
sema1266,aust1305,-3.017511502062636,0.6804557888541067
sema1265,aust1305,-3.082329399107862,0.6946928031179436
seme1247,aust1305,-3.042147675286853,0.7215017350617776
sene1264,iroq1247,-0.8551179482196003,0.7285801970385544
seng1281,aust1307,-1.0982883457887176,0.2695948297599164
nucl1632,sent1261,-1.7776540732361887,0.683895185292414
sout1528,indo1319,3.4582182570238547,0.963124543680351
seri1257,seri1257,0.0742804935259517,0.8647479294277929
seve1240,algi1248,2.5130895007617644,1.0629991519825674
sgaw1245,sino1245,-1.847774687930989,0.4930922955517554
shab1252,shab1252,2.281393234273403,0.731220499585949
sham1280,atla1278,2.8107599539552752,0.4950176468816778
shan1283,pano1259,-2.483820322405623,0.5855236207174395
shaw1249,algi1248,2.159475499826064,0.9260572335088596
shee1238,hmon1336,-2.275148276202701,0.8117799432731871
shek1245,dizo1235,1.9116452124769083,0.6283651953735694
sher1257,sino1245,-1.017905071037528,0.2714728274948648
biao1253,taik1256,-2.9037928805247324,0.8357685417067788
shil1265,nilo1247,-0.4544039194673994,0.5350262197705744
ship1254,pano1259,-2.5859448761990715,0.6187714375912678
shix1238,sino1245,-1.5452529543400544,0.36363778646695
shol1240,drav1251,-1.229502853953848,0.4105343342251935
shon1251,atla1278,2.832297047459805,0.6415939001848558
shor1247,turk1311,-2.3057886986146885,1.190776033288424
shos1248,utoa1244,1.662717623549106,0.5953796637327473
shua1257,jiva1245,-2.152951505270757,0.7777081996258257
shwe1236,aust1305,-2.188475010589233,0.4821578261954595
siam1242,siam1242,-0.5998331138612498,0.7032709887322408
siar1238,aust1307,-0.6731222877776326,0.2783788996104404
siaw1243,amto1249,-1.64132778629601,0.6453951537530767
sich1238,sino1245,-1.6616265515516728,0.3917890118515101
sici1248,indo1319,3.4145893605091984,1.0369631092024072
sici1249,atla1278,0.020248618221724,0.3528838354501591
sida1246,afro1255,2.26525984259246,0.4390704313291227
siee1239,aust1307,-1.2582458782606147,0.3015164435061219
sier1250,otom1299,-0.720530970289813,0.3063557002283783
sier1248,utoa1244,0.8703990773103123,0.3931863697775908
sika1261,aust1307,0.4822765790715355,0.3623332855344845
siks1238,algi1248,0.6615802869271554,0.7236497939952411
siku1242,aust1307,-2.3335038790183305,0.7825695135796833
simb1256,aust1307,-0.1743885480926172,0.3039205419741764
sina1266,aust1307,0.2128855436021651,0.2911123374883768
sini1242,mand1469,-0.3154235518995344,0.5408950702014561
sioo1240,aust1307,-1.4935828311493526,0.2650623229307047
sion1247,tuca1253,-1.8303189625991727,0.5804490317856148
siri1274,tuca1253,0.6859626040626732,0.4359798763769573
siri1273,tupi1275,-0.8432881057828778,0.5028054480071518
siro1249,nucl1709,-2.5076615273374654,0.3398105927791466
sile1255,nucl1709,-2.211403164669918,0.3357257350891807
sisi1250,aust1307,-0.1258055453396802,0.2930827129310911
situ1238,sino1245,-1.5270335819502985,0.4234459650567999
siwa1245,sout2948,-1.0464865552748763,0.5502964911837518
siwi1239,afro1255,2.2595737517547176,0.876818855937719
siwu1238,atla1278,0.1259108615317061,0.3125657411177105
siyi1240,sino1245,-1.0415796732836824,0.2722054879459987
skol1241,ural1272,0.9627438333338924,1.0125439623090884
slov1268,indo1319,3.630426241502712,1.0082843074345362
sooo1254,aust1305,-3.2536230748353168,0.5714955534773285
sobe1238,aust1307,0.3805001741762586,0.3609913669350089
soch1239,otom1299,1.2669877910749163,0.3205224434987554
soga1242,atla1278,2.569985933578992,0.4198051746586841
soli1239,atla1278,2.966357948322687,0.6343808276778518
soma1255,afro1255,1.977216922556632,0.7540196277831379
soni1259,mand1469,0.0323216908259342,0.5478346611172844
sons1242,aust1307,-0.6807715277734002,0.4972020607163445
sooo1256,kuli1252,0.7759582145667465,0.6341307971449446
sora1254,aust1305,-0.7903063685514542,0.4323800772543986
mani1235,east1459,-1.595813196774943,0.6774376001046489
koon1244,atla1278,3.0011854581755677,0.645076093728508
sout2859,aust1307,-1.0538320150285032,0.2364528867358153
juho1239,kxaa1236,2.2908482433214727,0.962027491314438
sout1549,drav1251,-0.02763789087682,0.4486256229093213
sout2976,utoa1244,-0.5377825654696831,0.4817754253518256
sout2856,aust1307,-1.066885752764429,0.2749864791781
sout2954,japo1237,-1.9915505300921503,0.9348666188630412
sout2996,ayma1253,-0.1992191455888911,0.7765049958428127
sout2730,sino1245,-2.050746774472656,0.3519766006473928
raro1241,aust1307,-1.2065233186065547,1.0271724470615906
sout2741,taik1256,-2.871343183086168,0.7982422569987477
sout2715,sino1245,-1.209496436511761,0.2983708529977518
sout2826,krua1234,1.5976541572711134,0.940583473247731
sout3236,gumu1250,0.6581590010567411,0.615570844163928
sout2956,haid1248,-0.2457420747594876,0.8758061198951941
kach1280,sino1245,-1.3387875274754757,0.3210504754420133
sout2949,kiwa1251,-1.99089395979374,0.6804510503318024
sout2994,namb1299,-1.266990594365669,0.7396193688590706
sout2649,indo1319,1.8434668692646663,0.8073212890542463
sout2729,sino1245,-1.7886787259031616,0.3624966522637232
sout2728,sino1245,-1.5146245737014836,0.4550562051957048
sout2918,aust1307,-2.092825521463916,0.4092438668274543
sout2985,miwo1274,0.3807650347619711,0.7072351201207798
sout2807,atla1278,2.0090939416719253,0.8258468150325005
khan1277,sino1245,-1.1397892589353913,0.2460145255111925
sout2797,atla1278,1.7728593781417623,0.3429015723035231
sout2679,ural1272,3.076270901544539,0.9209671132331874
sout2782,atla1278,-0.8743112447654817,0.3027208441671574
sout2895,aust1307,0.4103590390181417,0.3301938905086903
sout2674,ural1272,1.574330476275897,1.0211785458595877
sout2959,atha1245,-0.8925747816221989,0.9141786267068142
para1301,aust1305,-2.4783414903963346,0.4850024089487093
sout3261,nakh1245,2.205707427528969,0.4385253378799394
sout2869,aust1307,-1.1718891970453096,0.3183369079718039
stan1318,afro1255,1.65284224717892,0.7218967426383642
indo1316,aust1307,-2.227395709261829,0.6621793182513027
stan1306,aust1307,-2.6551445514353302,0.6632311304420178
horp1239,sino1245,-1.7035964201305172,0.4064623325993457
suab1238,sout3418,-1.596721377785672,0.7278096652946866
suba1238,atla1278,2.7393196815382,0.4338362390627646
sude1239,aust1307,0.6512171700564724,0.4056769056281286
suen1241,nucl1709,-2.5698593506460385,0.3753278105830899
suku1259,atla1278,2.879403883862337,0.6181649523834967
suku1261,atla1278,2.7747553504271703,0.463648255940428
suku1272,afro1255,-1.2211505414942965,0.2678977275089371
sulk1246,sulk1246,-1.5100086083635065,0.6639723315334596
sumi1235,sino1245,-1.1194969496264942,0.2570075554827173
sund1252,aust1307,-0.5104049487834348,0.684607141667005
mari1426,aust1307,-0.9070528391072274,0.257221971693129
sunw1242,sino1245,-1.1530121888013845,0.2707443016338402
supy1237,atla1278,1.9718713674578845,0.3869110346036724
surg1248,ural1272,-1.2332254324447398,0.9639642968302377
surs1246,aust1307,-0.673847509579899,0.2827910548993184
suru1262,tupi1275,-1.0726632483374623,0.5129247881005172
suru1261,tupi1275,-0.878873005857691,0.6998491849773281
susu1250,mand1469,-0.1109261146671549,0.5362930655913241
swah1253,atla1278,3.025086023558869,0.539102796487752
swed1254,indo1319,3.4775844684528834,1.112027282135453
taba1263,nort2923,-0.7845038230318855,0.4958490949773129
tabo1241,tabo1241,0.3554900063815917,0.622714120233546
tafi1243,atla1278,0.1847784658876308,0.3108730565597293
taga1272,aust1307,-1.182226650306044,0.3240672466910412
taga1273,aust1307,-2.1984686523836414,0.4161940243414861
taga1270,aust1307,-1.1444555434504382,0.3209607020931786
tagb1258,aust1307,-1.923355829344176,0.4171845536766891
tagi1241,sino1245,-1.2184597988219326,0.3000202334424031
tago1246,rash1249,0.9976564320184776,0.6387759191670233
tagw1240,atla1278,1.7738368372537017,0.3957571337382104
taha1241,afro1255,2.3912883325692675,0.788425871747017
tahi1242,aust1307,0.7987351571209398,1.0611597306996572
taia1239,taia1239,-0.973191964030548,0.6221612236125278
tain1253,anga1289,-1.8274791164438435,0.5798311458390009
taji1246,aust1307,-2.1073282449984747,0.423401302761663
taki1248,aust1307,-1.3263260780326076,0.2820342775039233
taku1257,aust1307,0.3629661295784834,0.365171321059341
binu1244,aust1307,-1.0947243933826336,0.3254690241751472
tali1259,aust1307,0.4582031127260932,0.2982658466339165
tama1331,tama1329,0.748576852534435,0.6951020150517628
malo1243,aust1307,-1.043741971252003,0.2406056072566977
tama1365,afro1255,1.8340869532173487,0.4705499483844306
tamb1254,aust1307,-2.2621595229773512,0.3972205896758076
tami1290,aust1307,-1.510282646508582,0.2668237991219682
tami1289,drav1251,-1.3108045236260963,0.4932271446447789
tane1237,aust1307,-0.6456132053464587,0.3242897022014777
tang1377,sino1245,-1.2037087057417435,0.3382783538385387
tang1348,aust1307,-0.472178401788089,0.3039023617537113
tang1373,sino1245,-1.804931853464606,0.6119138279546457
tani1257,tuca1253,-1.203553689286353,0.4722825345659132
lowe1412,aust1307,-0.9299642185340148,0.2727202914879205
tara1313,sino1245,-1.234178505279974,0.2656329964463353
tari1256,araw1281,0.4679492543326611,0.4192244873898261
tari1263,afro1255,2.886250329059315,1.1388139984652126
tata1258,otom1299,-0.9777845792558328,0.3075465723478672
tata1257,aust1307,-2.370062818430136,0.4033229025091609
tata1255,turk1311,-1.0035828558750637,0.7833255688641074
taul1251,taul1250,-0.9824109258893196,0.6380957998290695
taus1253,taus1253,-1.7730010883989986,0.7802093456561696
taus1251,aust1307,-1.8838109807955763,0.3993650293212676
tauy1241,nucl1709,-2.5047259643489768,0.3320113264553423
tawa1275,aust1307,-1.501888049562906,0.3033488463222422
tawa1286,afro1255,1.9158234112379504,0.5206740252239923
diga1241,sino1245,-1.086934162255909,0.3284977538057605
taya1257,afro1255,0.2228834258759529,0.5646188392620024
tbol1240,aust1307,-1.682593379709059,0.3367374769822229
tean1237,aust1307,-0.5981449649990087,0.3374435925021446
teda1241,saha1256,0.5671392316415218,0.7815979016917893
tedi1235,sino1245,-1.065560834084858,0.2815335705737851
tega1236,rash1249,1.0152848815251367,0.6375900269952295
tehu1242,chon1288,-0.7373921505643816,1.3794818086139164
teiw1235,timo1261,-1.8424676049037751,0.5881204121723735
tekt1235,maya1287,-1.141725277859261,0.3992203732544475
tele1256,nucl1709,-2.321239042612116,0.3675248562686821
telu1262,drav1251,-0.250158073303421,0.4275156477618074
tema1239,utoa1244,-0.7504272206025018,0.3991502829110862
temi1246,aust1305,-1.2173997258765348,0.6427097347331872
temo1245,otom1299,-0.1265198638174995,0.3884872219872743
temp1235,aust1307,-2.2294197408944334,0.3983021089919543
teng1272,aust1307,-1.9429592145065124,0.5969419633595265
tene1248,dogo1299,0.2116462635454603,0.599300625243484
tenn1246,surm1244,1.4515735191074226,0.6245826862507107
teop1238,aust1307,1.7531848757909274,0.2932651409870725
tera1251,afro1255,0.536678513175618,0.2884287722177507
tere1278,sout2948,-0.915209216014276,0.5526114835742302
tere1279,araw1281,-1.3191669436851643,0.6263716924404807
teri1250,chib1249,-2.1828842115849447,0.5944219643886965
term1237,aust1307,-0.4686790041232878,0.3764913209777365
tern1247,nort2923,-0.9543111383411734,0.4959726466892924
tete1251,utoa1244,-0.7120124537874821,0.3872423075339597
tetu1245,aust1307,-0.8321508255849502,0.3338501503586997
teun1241,aust1307,-0.8901019759156767,0.3653710751602146
tezo1238,otom1299,-0.4646967704652063,0.309133766834166
thad1238,sino1245,-1.0608014516752426,0.2652251304894628
thai1261,taik1256,-3.342980090118819,0.8944197843993793
thak1245,sino1245,0.6722421313341571,0.3342695005210165
than1259,sino1245,-1.1077241789443242,0.3054392968701318
thao1240,aust1307,-2.121161854936513,0.4427606810858844
thar1283,atla1278,2.760421487213232,0.4954346594063779
aheu1239,aust1305,-3.190764275912181,0.5584152380084815
thay1249,pama1250,-1.6714543972372495,0.476691933298782
thul1246,sino1245,-0.9687671731510288,0.2779898822992477
tibe1274,atla1278,0.3197752543117602,0.2738744449167765
tibe1272,sino1245,-1.1315734276302205,0.3360520974933889
ticu1245,ticu1244,-0.5877772563785577,0.7353586751337238
tido1248,nort2923,-0.9393931903206562,0.5172855403739289
tief1242,atla1278,1.8374042226701808,0.3435921372983683
tief1244,atla1278,1.8587001382074533,0.3448686219813419
tien1242,atla1278,2.822624513266371,0.5284739392405413
tiga1245,aust1307,-0.8231901826540211,0.2979693029732315
tigo1236,atla1278,1.71752434921303,0.2671138180139296
tika1246,atla1278,1.8475817726371755,0.2897267057039796
tiko1237,aust1307,-0.5125221754981898,0.3676649155399829
tilu1238,sino1245,-1.043030226559189,0.2632049207847071
tima1241,katl1246,0.6122069239226131,0.7096483991473086
timn1235,atla1278,2.3451437688942978,0.5204612331689553
timu1262,aust1307,-2.295649667312256,0.4096172310788724
tina1248,aust1307,0.8259643088028786,0.301978941164962
tira1254,heib1242,1.485566259817919,0.6167433192271385
maee1241,aust1307,-1.0618080119894948,0.2331485913157207
tiri1258,aust1307,0.061177183514856,0.337292880513889
tiru1241,aust1307,-1.4906193729805226,0.3269324772614617
tita1241,aust1307,-1.0143301512151988,0.3255371815240284
tivv1240,atla1278,2.048643579394501,0.2712528246806842
tiwi1244,tiwi1244,-1.1263322639502102,0.7142264811436494
toab1237,aust1307,0.5362778380407793,0.285878730573545
toar1246,nucl1580,-1.9653433413323576,0.6369367771355048
toba1268,leng1261,1.087455418125145,0.8505157741172118
tobe1252,nort2923,-0.9757253647670968,0.5003251821521939
toda1252,drav1251,-1.25218818021765,0.4079388551371306
toho1245,utoa1244,1.6021291399732862,0.5384360978254836
tojo1241,maya1287,0.7146876987438189,0.4137127496786492
toke1240,aust1307,0.2557309446356475,0.8525836463704968
toll1241,jica1245,-1.9637329463139723,0.8714365856485262
tolo1255,aust1307,-0.8219824164664596,0.2533248609492897
toma1245,mand1469,-0.5239660670839915,0.4549106765792494
tomb1244,aust1307,-2.0733065019696184,0.3929432378164099
tomm1242,dogo1299,0.0874693651967364,0.6174385136653049
tond1249,song1307,-0.1049989617623834,0.5385176696821343
tong1325,aust1307,0.6673976340045031,0.9373736719918472
tong1318,atla1278,3.0077854261579104,0.6128714789611927
toor1238,atla1278,2.224224890531513,0.3906251696024601
tora1259,aust1307,1.6241171965182133,0.2937839223399612
tote1238,atla1278,3.0369261107887198,0.6137376886925718
toto1302,sino1245,-0.9494586053399584,0.2989151571291248
touo1238,touo1238,-0.085421394795782,0.6649116688955674
trin1274,araw1281,0.5090603300177815,0.4653754945245723
trio1238,cari1283,-0.1811074013882037,0.5911302954465425
trum1247,trum1247,-1.109198222012948,0.7953937208446185
colo1256,barb1265,-2.1096306832192493,0.790078055271696
tsam1247,afro1255,2.23027496294485,0.4062549991246627
tsat1238,aust1307,-2.618495228533373,0.6331456815259076
dido1241,nakh1245,2.0742513902237456,0.4182627174314
tsha1245,sino1245,-1.1077741935696164,0.2961385429486096
tsix1234,khoe1240,2.5901390584530137,0.8573031561672728
tsog1243,atla1278,2.6847040628952774,0.5357765608420824
tson1249,atla1278,2.2552516631668738,0.7274773180623857
tsou1248,aust1307,-2.1010332372908884,0.4244533616754848
tswa1255,atla1278,2.297069429089882,0.7301244723746949
tswa1253,atla1278,2.282128398415086,0.6664507549362231
tuba1278,utoa1244,-0.4542719150071779,0.5136777856790529
tuca1252,tuca1253,0.6021709679850522,0.4402258870124669
tuge1241,nilo1247,2.4558283474065825,0.6028229228162703
tugu1245,aust1307,-1.0088019599822,0.3332509496909273
tuka1248,aust1307,-1.5999551482758445,0.3751267438647048
tuki1240,atla1278,2.1622348757426035,0.3098042345086877
tula1252,atla1278,0.9186957035648512,0.2833148080901262
tulu1258,drav1251,-1.1292515008972903,0.458423513923166
tuml1238,aust1307,-0.8741613694097264,0.2913102779992504
tumu1242,atla1278,1.397302338239791,0.3477480848565326
nene1249,ural1272,0.845039342005711,0.9944235910931
tune1261,atla1278,2.2817429643682074,0.2924718406274476
tung1290,aust1307,-0.9103324819268724,0.3134470354279877
tunn1238,afro1255,1.9383203895088903,0.688726966365274
turk1308,nilo1247,2.1842465894961074,0.5598520714552029
turk1303,turk1311,-0.8774821539339983,0.7561720174114654
nucl1301,turk1311,-0.8640951539521173,0.7803072343278661
turk1304,turk1311,-1.3999932469252103,0.9185450922330832
tusc1257,iroq1247,-0.8423815699722534,0.7460733708901479
tutu1241,aust1307,-1.135098070493321,0.2318102440575851
tuva1244,aust1307,1.8056340030028448,0.938935095684564
tuvi1240,turk1311,-2.4838964405988277,1.2076727059737635
tuwa1243,aust1307,0.952627222532611,0.2652227642622069
tuwu1238,atla1278,0.2166749233058873,0.317214386120618
uuuu1243,aust1305,-2.799520644054157,0.4916670805815331
ubir1237,aust1307,-1.5415730099547047,0.2898313469992217
udii1243,nakh1245,0.193746235479576,0.4180374111386715
udih1248,tung1282,-0.1759456354549082,0.8211727731438527
uduk1239,koma1264,2.0630895133582543,0.7038152289357624
ughe1237,aust1307,1.97184768390138,0.3166878247295495
ugon1239,sino1245,-2.551246858311869,0.6298053983121408
ukaa1243,atla1278,0.3587720433520676,0.3083163474331751
ukra1253,indo1319,2.898334479707897,0.9711036087595666
ulch1241,tung1282,-1.4086889651702184,0.8822521110940009
ulit1238,aust1307,-0.4265141716976154,0.5792542756583057
ulwa1239,misu1242,-0.4482297885249773,0.759794290301679
yaul1241,kera1258,-1.2187933172816725,0.5723775350636071
umaa1242,aust1307,-2.1913647129040217,0.4312537329086598
uman1240,daga1274,-2.1986601920424014,0.6624319999683799
umbu1257,atla1278,3.012719064793157,0.8514713685387978
umbu1258,nucl1709,-2.5054982214653343,0.3450379245978343
umes1235,ural1272,1.392110556715599,0.904641559266646
unaa1239,nucl1709,-2.4983843782273807,0.393891342313716
unea1237,aust1307,-1.3667395962023103,0.2732142420916679
unua1237,aust1307,0.8708030335954433,0.2278144670890709
uppe1427,aust1307,-2.0403382151703595,0.394011433442305
uppe1275,toto1251,0.0390547795747269,0.533332484075812
urak1238,aust1307,-2.6062925932197354,0.6752801353130771
urar1246,urar1246,-0.122829001090275,0.7237605015598962
urav1235,aust1307,0.5704087866497891,0.2977795939754388
urim1252,nucl1708,0.613937291399395,0.4201209368202097
urip1239,aust1307,-1.1104146485445583,0.2281126944544285
urni1239,giim1238,0.9225791234245826,0.6872368479978688
usan1239,nucl1709,-2.2371446575024696,0.3332761310009156
utes1238,utoa1244,-0.4140675392346027,0.5963596393594628
kagf1238,atla1278,2.1654083295694937,0.4244091662968881
pile1238,aust1307,-0.1061940966869687,0.3568605631345356
veps1250,ural1272,2.7569857191476417,0.9313841447343592
vera1241,aust1307,-0.7426957402586496,0.2891044455252807
viem1243,atla1278,1.5884619836524123,0.3542337708617786
viet1252,aust1305,-3.0386467346722714,0.5758995282993986
voti1245,ural1272,3.021985371711836,0.9031404077412262
vunj1238,atla1278,2.8263316751084657,0.475794284028912
vure1239,aust1307,-0.9668658738725536,0.2788683580469477
vwan1235,atla1278,2.9053398727155533,0.5065007330561695
wadj1254,wadj1254,-0.6554805926947954,0.6820204825469665
waga1260,pama1250,-1.5312218319367104,0.4751702382445009
wage1238,wage1238,-1.224576669282881,0.7003098278983835
waig1244,aust1307,-0.9915421733614008,0.3726527303065143
waim1251,aust1307,0.5001128292224427,0.2753648172030791
waim1252,aust1307,-0.9080665984574684,0.3368716661198281
waim1253,cari1283,-0.5768951925118826,0.5672966827175303
waiw1244,cari1283,-0.3172614318762334,0.5373105604056629
waja1259,atla1278,0.8781678490947943,0.2849836327512864
waja1257,pama1250,-0.2438241282278681,0.6684686794532908
waka1274,pama1250,-1.3683004627470663,0.6323704373935346
wala1266,aust1307,0.4853623957039137,0.2765211652724364
walm1241,pama1250,-0.7680102609885816,0.4691687461974432
wamb1258,mirn1241,-1.420437109132494,0.6598714988443577
wamb1259,nucl1709,-2.52082884810902,0.3814877115064483
wamb1257,sino1245,0.6967056124866625,0.2658335909350429
wann1242,mand1469,-1.0865832355237026,0.446479392382753
wand1278,afro1255,0.6484492742006369,0.2640004885467961
wand1267,aust1307,0.5573472208785865,0.3455033483361163
wanm1242,pama1250,1.2760079355173382,0.5135391245763286
saka1289,aust1307,1.0532839561909744,0.2563209775047532
waor1240,waor1240,0.2941707015634585,0.722888105175171
wapi1253,araw1281,-0.8929576310738646,0.5629034501493431
wara1303,wara1303,0.0319682052076233,0.8806942631683174
wara1300,aust1307,-0.9925724402208248,0.3640162853068407
ward1246,yang1287,0.2836346573447072,0.6790684325083243
ware1255,araw1281,-1.202730684649559,0.445597560097986
ware1253,aust1307,-1.4459341815577156,0.3618913648112531
wari1268,chap1271,0.969548399613084,0.7456143002397049
warj1242,aust1305,0.6826828288335629,0.4259082643416425
warl1255,pama1250,-1.332681852204897,0.4554080369014572
warl1254,pama1250,-1.0504234890438322,0.4628222846297296
warl1256,pama1250,-1.6475034283126526,0.5211960281607002
waro1242,aust1307,-1.2297953366639514,0.3590349410737143
warr1255,pama1250,-1.5411830087251586,0.5469897448598573
waru1265,pama1250,-1.1190622278877846,0.460997539358611
wash1253,wash1253,0.2027658648770638,0.7656200270126616
wask1241,nucl1709,-2.379560957044877,0.3607296933211392
waur1244,araw1281,-1.535878001151132,0.5410509113644091
wawa1246,atla1278,1.53811654993307,0.2761187131450953
waya1269,cari1283,-0.4942200937780834,0.6356728278831598
wayu1241,sino1245,-1.1431731781830308,0.2721355936489757
wayu1243,araw1281,-1.7972599658340775,0.6327714345119979
weda1241,aust1307,0.2765435827448591,0.2874939213795482
wels1247,indo1319,3.3850515129636354,1.2252996709218786
nort2864,aust1307,0.61243250069499,0.349565572186381
weri1253,kuni1270,0.3045537816355076,0.4924761292948174
west2564,aust1307,-2.630069225664327,0.457405338369325
west2560,aust1307,-2.2927301343095072,0.4086170458139282
west2548,aust1307,-1.0169246865167008,0.3664083614452194
west2615,atha1245,-0.3940380482975198,0.64388951293048
west2441,pama1250,0.6659246362166278,0.4865149317569592
west2397,aust1305,-3.264829374487867,0.5729431788556099
west2555,aust1307,-1.2492144078490544,0.3160216421810631
west2618,eski1264,-0.9733567523228592,1.3502309188492312
west2650,aust1307,-2.986852035831276,0.6429365558715254
west2594,nucl1709,-0.6893633854171708,0.4182351140423499
west2778,utoa1244,1.3929628468210389,0.5031561136835307
west2369,indo1319,-0.1485837225180759,0.7075873426869146
west2519,aust1307,-1.0585679180999643,0.7128229969038875
west2354,indo1319,3.703703077863357,1.1126721650122544
west2644,otom1299,-0.9687074567427902,0.3150033877715721
west2624,utoa1244,0.942337262855037,0.4256330935870913
west2466,atla1278,-0.0121982496479666,0.34101529487147
west2632,kere1287,-0.6323622233520056,0.8203067003235427
west2396,aust1305,-2.514790386354884,0.494800334703239
west2418,sino1245,-1.064497906257615,0.3350216802322432
west2392,ural1272,0.4688512553869537,0.6369461317952458
west2763,afro1255,1.7823795105467777,0.6627798307187209
west2386,indo1319,2.0902110649842207,0.6310369930192579
west2557,aust1307,0.1808644301787105,0.3484040337767515
west2415,sino1245,-1.2117333217551136,0.2933814741944172
sanj1284,otom1299,-0.7740735331314461,0.2929683972123502
west2430,hmon1336,-2.350376987403306,0.8280412536543
west2599,nucl1709,-2.45462179080618,0.3502161187745969
west2600,nort2923,-0.8270889087317763,0.5021844323485372
saka1291,aust1307,0.5296465022868886,0.7514402808605611
west2538,aust1307,0.6996619790794831,0.3983406234627278
west2516,aust1307,-0.5610050769060655,0.3192062601103176
whit1269,aust1307,0.5339531780466111,0.310555728132087
wikm1247,pama1250,-1.4110789834435484,0.4912189153299007
wira1262,pama1250,-1.1769764876161826,0.7251857085966424
wiru1244,wiru1244,-2.122927263922169,0.655337408081837
babi1235,atha1245,1.4862114197378589,0.7495840377223608
woii1237,aust1307,-1.0124188635480942,0.3512207263625058
wola1253,afro1255,2.294875298321198,0.450827424073708
wola1242,gong1255,0.301195524609321,0.3968520550550858
wole1240,aust1307,-0.0397220652184049,0.563456491569533
woli1241,aust1307,-1.80829411190318,0.3786829984707704
nucl1347,atla1278,0.9006917463201314,0.615248259844889
wood1236,algi1248,2.128966502628701,1.0661922711349936
wotu1240,aust1307,-2.037233986053851,0.4178312601217602
woun1238,choc1280,0.7455839044692791,0.6626469293951311
wuch1236,sino1245,-1.8987043689207737,0.7778966696139031
wudi1238,sino1245,-2.1471683765172247,0.3982895357068603
wuna1249,worr1236,1.5793147951022946,0.6982407830140129
wusa1235,sino1245,-2.11379477698416,0.3959687079213383
wutu1241,sino1245,-1.747879157628919,0.5707189360375109
wuvu1239,aust1307,-0.6154866200386526,0.3492506652784861
xamt1239,afro1255,2.2921566694007365,0.5194360321958591
xara1244,aust1307,0.0296771658660819,0.3317067420198869
xava1240,nucl1710,-1.1386655295579755,0.5925135517006348
xhos1239,atla1278,1.9579276615130328,0.90438327933028
xish1235,sino1245,-2.130046914299136,0.368374723221514
xokl1240,nucl1710,-1.4059325914411689,0.8771846823949634
yaak1241,afro1255,2.391223697875783,0.4876398677035114
yabe1254,aust1307,-1.5126842810391343,0.2676311440106182
yaey1239,japo1237,-2.3316459285631552,0.8106825075990916
yaga1260,nucl1709,-2.374031355763522,0.3316282074354824
yagu1244,peba1241,-0.8175817006019404,0.7215514790286868
yaka1272,atla1278,1.93458341618027,0.3589071483191555
yaka1277,aust1307,-1.720548383227674,0.3770035182190279
yaka1269,atla1278,2.9001951880904406,0.6305683895919687
yakk1236,sino1245,-0.8540023007158664,0.2745817521518701
yako1252,atla1278,-0.6351966618506053,0.3317700712749341
yala1266,aust1307,0.5888437956403914,0.3453013212045199
yale1246,yale1246,-1.7018165705371855,0.6307430221905879
yama1264,yama1264,-1.4585080498681275,1.7080159601007825
yami1254,aust1307,-2.065571133207304,0.4089004428136817
yami1256,pano1259,-2.425390555657285,0.5824547342454238
yamp1242,sino1245,-0.8887218242249616,0.2728420041483597
yand1253,pama1250,-1.454082345304767,0.5814489653009272
yane1238,araw1281,-0.370976363987115,0.4797743785479484
yank1247,pama1250,-0.7282459909449791,0.5429486852292706
yano1262,yano1268,-0.7615681154171741,0.6387590066496767
yano1261,yano1268,-1.0598169990111428,0.6320415938460728
yany1243,pama1250,-1.5510692244410411,0.452207090636918
yaoo1241,atla1278,2.944085668856792,0.6374558281433034
yaou1238,mand1469,-1.1311066079001515,0.4741332218563414
yape1248,aust1307,-0.7628404224006722,0.5450280307108875
yaqu1251,utoa1244,1.6671045973937566,0.5211731511892852
yare1248,yare1250,-0.3229655753376104,0.6223946933726143
yasa1242,atla1278,2.6803687515875665,0.3948624278652737
yatz1235,otom1299,-0.6385308535860099,0.3119995430105282
yaum1237,nucl1709,-2.562382534014234,0.3477774997312552
nucl1454,yawa1259,-1.565773748098457,0.7206258112801791
yawa1261,araw1281,0.4340322096472295,0.516510895032412
yawa1260,pano1259,-2.3828560509628964,0.5794187587941932
yawu1244,nyul1248,-0.6936848499713717,0.6628715160011387
yecu1235,toto1251,-0.0561391379438376,0.5498013478078461
maqu1238,cari1283,-0.5862450528517125,0.5374456562406182
yele1255,yele1255,-1.495683877383041,0.7902446006025894
yems1235,gong1255,0.4833983981789402,0.4218278678974414
yapu1240,nucl1708,0.765937350929363,0.4434085664655249
yess1239,sepi1257,-1.260634596156346,0.4398650367351662
yeyi1239,atla1278,1.2135165674351651,0.5859558362747483
yidi1250,pama1250,-1.5373532896972977,0.515395868463802
yima1243,lowe1423,-1.5651189015246576,0.6368664924293634
yinc1238,aust1305,-2.260028536847102,0.4894705259769942
yind1247,pama1250,-0.1345263144555741,0.5291594366909429
yine1238,araw1281,-2.117006406647128,0.4855453405922469
yoga1237,aust1307,-1.0972480824092954,0.2772668519641232
yona1241,japo1237,-2.3907156017909807,0.7960371121118657
yong1276,taik1256,-3.138630767185542,0.8026568751467282
yong1280,nucl1709,-2.3791887656004453,0.3997226837445415
yora1241,pano1259,-2.545367992949961,0.5988763693324692
youl1235,sino1245,-2.337896155935246,0.4010511689371121
youn1235,hmon1336,-2.2019321526575664,0.7781343171203812
yuca1254,maya1287,0.3789331615451417,0.5634819029726659
yuch1247,yuch1247,-0.2114401504731862,0.9256415502909938
yucu1253,araw1281,0.1697926086308074,0.4326883468216458
yuec1235,sino1245,-1.9421965811337247,0.6237092640262318
yukp1241,cari1283,-1.4070832202707402,0.6798954248279871
yulp1239,pama1250,-0.71348562733624,0.4606769397308747
yulu1243,cent2225,0.4561582163862103,0.4524713531283613
yuqu1240,tupi1275,-0.7552170517200231,0.5387772671535744
yura1255,yura1255,-1.2019970622249063,0.7686000522576348
gami1243,pama1250,-1.279531040013393,0.6217803832188427
zaba1237,aust1307,2.324778388951943,0.3221636033642312
zaca1242,otom1299,-1.0274201511522678,0.3210679424011156
zaca1241,utoa1244,1.0659602752245827,0.3848420205724441
zaiw1241,sino1245,-2.014868172651351,0.3448103689704913
zakh1243,sino1245,-1.376870313568141,0.3325294711174589
zamb1245,atla1278,2.225663036546852,0.3697196316268751
zand1248,atla1278,1.570247326507564,0.3684273784212228
zani1235,otom1299,-0.8433894248218512,0.2977340487736573
zapa1253,zapa1251,-1.7011798960487718,0.7295755715907113
zarm1239,song1307,0.0101675452264224,0.6301548662287297
zays1235,gong1255,0.6773078762552107,0.388046597971182
zeme1240,sino1245,-0.9522020404757668,0.2449762619771345
zenz1235,otom1299,-0.9130613560997928,0.3064516117397788
zhab1238,sino1245,-1.6782821529727443,0.4108978562881615
zigu1244,atla1278,2.80917460937879,0.5140105318033568
nort2795,atla1278,0.6031051748302241,0.5924261688983856
zinz1238,atla1278,2.6398247119350264,0.4564595014219597
zoog1238,otom1299,-0.7593087438011585,0.3114060960071905
zulg1242,afro1255,-1.23108944994573,0.2606780387591936
zulu1248,atla1278,0.1126190112527167,0.7878985739362969
zuni1245,zuni1245,-0.6323255515747961,0.8024121189266875
