Glottocode,Family_ID,GPGLMM_Latent_Mean,GPGLMM_Latent_Variance
abad1241,aust1307,-4.582441424133746,3.367226661857785
abau1245,sepi1257,-15.112977100235376,233.18439560264028
abee1242,atla1278,-4.713281202033588,6.6034978553016686
abkh1244,abkh1242,-11.366623567835395,234.74391497840017
abua1245,nucl1708,-15.095256497846131,232.82000965156035
abui1241,timo1261,-13.8992113261962,230.2658318208892
abun1252,abun1252,-14.034751050133131,232.2270168255927
achi1257,aust1307,-1.1840661817814766,2.028076118999934
acha1250,araw1281,-0.9325903692000636,2.60396684563841
ache1245,narr1279,-12.830730760975156,233.9401356658733
achi1256,maya1287,1.336914626005839,1.701033206047157
achu1248,jiva1245,-7.733455768972979,164.54047568870374
achu1247,pala1350,2.762541675251919,16.64078733597225
acol1236,nilo1247,-1.0249083862160404,1.971076267148845
adan1251,timo1261,-13.86880304685743,230.2032481992489
adon1237,aust1307,-2.824260788261705,1.896455923833344
adze1240,aust1307,-4.8860318217420735,3.342951244753607
aeky1238,kamu1264,-14.927286809786208,233.4702377598381
afar1241,afro1255,-3.990941947341046,5.857833451660753
aghe1239,atla1278,-4.994669281565681,2.531650351413532
aghu1255,nucl1709,-14.6008992193728,232.92254013866236
agob1244,paho1240,-14.43301747966336,233.3610027857968
agua1253,jiva1245,-7.669165546973655,164.5678804762698
agus1235,aust1307,1.7207053189132822,1.6595765881668854
agut1237,aust1307,2.433692373278552,2.7297912348275304
aime1238,bosa1245,-14.986991732777817,233.22662740636304
musa1266,nucl1709,-15.650866653122478,231.19539523701556
aito1238,taik1256,-11.127348340378918,230.33706177526565
ayiw1239,aust1307,-2.1831006525660683,1.7789834731351275
ajab1235,atla1278,-3.949549113199304,3.666267348091907
ajas1235,kres1240,-12.941636005031787,234.87415225512072
ajie1238,aust1307,0.6989610120185876,0.8934754384975747
west2635,maya1287,2.694667729424875,1.546981520802433
akei1237,aust1307,-3.798795673903281,1.9149278403810968
akha1245,sino1245,-14.416121379920387,200.51218422822024
akoo1248,atla1278,-3.9342134084699953,2.203173088426155
akun1241,tupi1275,-9.452099192922772,192.06922362764485
alab1254,afro1255,-4.4092689024204255,4.392353898625942
alab1237,musk1252,-8.521554543906763,185.2628593266737
alac1244,otom1299,1.4495811728007038,1.2181209014319163
alag1248,afro1255,-3.489756541819567,4.56256418374727
alam1246,sepi1257,-15.352074247257026,232.77048662570456
aleu1260,eski1264,-10.621299073477084,235.05919220348943
alor1247,aust1307,-3.05445949982567,2.347615247657444
aluk1238,drav1251,-11.832140686195784,230.1044695314145
alya1239,pama1250,-0.4502424300014986,2.099467713152819
amah1246,pano1259,-3.335341798529182,3.0434011729727786
amam1246,kuni1270,-15.330424855774467,231.06953436719556
amap1240,left1242,-15.108044777755213,233.2486713553089
amar1272,aust1307,-4.777011796280098,2.8224140377531057
amas1236,nyim1244,-12.869762331862605,235.01882548385132
ambu1247,nduu1242,-15.340582251409028,232.8581920389728
amdo1237,sino1245,-12.33654719618466,204.8572075281355
amha1245,afro1255,-3.916994668115621,4.996151130782039
amii1238,west2434,-12.63198821705968,233.27516082922543
amis1246,aust1307,0.8829044258543632,0.9181608424005104
hoaa1235,kxaa1236,-11.13924302991745,236.8941600233876
amri1238,sino1245,-11.61398623370903,199.34950844430156
gily1242,nivk1234,-11.3833692668336,238.61490169066045
anei1239,aust1307,-2.293912207283242,2.0278712303664577
anem1249,anem1249,-15.190024957961406,230.7082440923489
anfi1235,gong1255,-12.714781504808933,231.7457308266392
anga1290,anga1289,-15.237919614480344,231.1610245808513
anga1288,sino1245,-11.652751923665388,200.0233678376087
ango1257,chib1249,-9.275004882281843,102.25996705890478
wara1294,more1255,-14.33444650756675,233.54435959376912
anta1255,aust1307,-1.719354586333722,4.183231307544986
anuu1241,sino1245,-12.111791871028526,201.4688465407016
anut1237,aust1307,-3.3013853420165717,3.754590486397831
aona1235,sino1245,-11.858085511118311,200.57034902268893
aoua1234,taik1256,-12.95553777316236,233.04033025624864
apin1244,nucl1710,-11.352505554130982,203.60271253432632
apma1240,aust1307,-4.426805408338392,1.8043965379554263
apma1241,kera1258,-15.52145123385228,232.57998519645025
apur1254,araw1281,-1.5505135967227943,3.151174857837077
arak1252,aust1307,-3.972511660312862,1.7796008862717656
aram1253,more1255,-14.403188701141616,233.55182069937732
arao1248,pano1259,-2.7839059508412305,2.9384771642614
arap1274,algi1248,-2.461116175169,5.2080753431648645
araw1273,tupi1275,-11.454545465546875,195.51573861258876
arbo1245,afro1255,-3.9189322736078473,3.811340866132213
arch1244,nakh1245,-11.971416336905998,227.9092851300994
aree1239,aust1307,-3.5966747438011497,1.8584265598496472
area1240,aust1307,-1.472887153266159,0.966528297787704
argo1244,afro1255,-3.975229658348383,5.077192081718778
arhu1242,chib1249,-7.940636287500009,101.10630320598968
arig1246,atla1278,-3.228348054444094,2.404105173584753
arom1237,indo1319,-4.704971411113786,7.810231193627146
arop1243,aust1307,-5.000711497260321,3.2835013184467243
arop1242,aust1307,-4.448742481453755,5.207363150005165
aros1241,aust1307,-1.358124760217969,1.3528458092627034
arta1239,aust1307,2.9779919523119105,1.3296868039893184
asha1243,araw1281,-0.0327762335757917,1.3284331899058657
ashe1272,araw1281,1.0295479914725938,1.417506536636239
asoa1238,cent2225,-12.788608680660158,231.34110203244865
assi1247,siou1252,-11.000452797716893,223.7149789337332
asur1254,aust1305,-3.60913311053562,4.732537375666851
asut1235,atla1278,-7.238437323835139,6.687610915461676
athp1241,sino1245,-12.492411254939691,201.12006919637065
aton1241,sino1245,-11.777907731386776,199.49674923979927
auuu1241,nucl1708,-14.909659784418167,232.9846293265832
aulu1238,aust1307,-4.206538527790279,1.4890085141441889
auye1238,nucl1709,-14.85397336348102,231.5138320250384
avac1239,tupi1275,-10.8532441506609,195.25420641161892
avat1244,atla1278,-4.275859936243969,3.717285324478951
katb1237,aust1307,-4.1634857191388885,1.4859315091021583
awac1239,barb1265,-7.624463546541907,175.76199475249862
awad1244,aust1307,-5.27006764814094,3.452761869500904
awad1243,indo1319,-6.455146714750952,11.44766384367918
awar1249,ramu1234,-15.637137742910344,232.31991899568368
awar1248,nucl1709,-15.70026400109082,230.4474056001597
awet1244,tupi1275,-11.140278954049371,191.78866883484253
awji1241,afro1255,0.6495764528730064,2.6578975130999822
awtu1239,sepi1257,-15.188579020722257,233.0243350630389
axam1237,aust1307,-4.169342008671904,1.5149691643212575
axiy1235,sino1245,-13.94127020883242,201.58874472695103
ayac1239,quec1387,-8.174386459194311,144.17762374291308
azha1235,sino1245,-14.08380039862748,201.3459978436936
baba1264,atla1278,-5.025398351419921,2.6186703317427487
baba1266,atla1278,-4.871038788751963,2.5162555227121857
bada1257,drav1251,-11.835536659627524,230.13739878158455
bafa1247,atla1278,-3.831415014965713,2.1457263738453776
bafi1243,atla1278,-4.739621004317502,2.8264732998850377
bafu1246,atla1278,-4.860345250647572,2.4899871475527675
baga1273,atla1278,-4.942211994080256,6.367813756621729
baga1272,atla1278,-4.925460223589886,6.332562268942979
bagi1246,cent2225,-11.19115259859236,226.10871763456493
bagv1239,nakh1245,-11.948713258131956,227.61823616109143
baha1259,afro1255,-2.670573544493521,5.337810268721597
bahi1252,sino1245,-12.573429693608468,201.55355709452917
bahn1262,aust1305,-4.856485981197088,4.719929264092514
baim1244,sino1245,-12.53089028741782,204.7243869202549
baka1272,atla1278,-5.508116414167627,5.423566706198443
baka1274,cent2225,-12.933324131792189,230.2235336439362
baki1244,aust1307,-4.166056016427657,1.6596766570204975
bala1316,aust1307,1.855217028835616,1.389631049109198
bala1311,aust1307,2.2551757304389586,2.0304244700425897
bala1315,aust1307,-1.798107074805328,2.264794088513298
bali1278,aust1307,-2.872189715207705,3.5526776317188364
liki1240,atla1278,-6.919583730120586,7.446717697358906
bamb1270,aust1307,-1.5070020726301685,1.8505002006161817
bamb1262,maoo1243,-12.95622238011302,233.40645797683615
bamu1253,atla1278,-4.90447120526953,2.7381157443036277
bamw1238,atla1278,-6.984302051054375,7.434121418387463
bana1288,aust1307,1.664631054985488,1.0174991911467828
band1344,atla1278,-7.577861914620509,7.900511919638234
band1340,atla1278,-4.7356605414328605,6.250992589097137
bang1363,bang1363,-8.553863114331854,222.85644894169243
bang1369,sino1245,-11.82423777761876,201.12053565731813
guar1293,araw1281,-0.8756581521158893,1.2565232614043964
bani1255,araw1281,-0.4161362738470586,1.364780646489578
bann1247,aust1307,-2.660118489327443,1.7011138775770291
bant1281,sino1245,-12.511585746459431,201.3014647410708
bant1288,aust1307,3.593776738044776,2.7056457245518573
bara1357,sino1245,-12.5981711537345,202.33809955356796
nucl1630,koia1260,-14.836305555558363,230.78610827691023
bare1279,afro1255,-3.4668556908509984,3.878639979940601
bara1369,aust1307,1.18322074688988,3.073418977016616
bara1370,aust1307,-2.6727716444129914,2.0353146276341363
bard1255,nyul1248,-12.155861553150206,232.74188875827664
bare1276,araw1281,-1.2231006357322247,1.3044723511605127
barg1252,nucl1709,-15.751141546678882,230.98536439477752
bari1286,aust1307,-4.789687974733201,2.836489982475115
baro1253,aust1307,-4.40237718334748,2.875464612775602
basa1282,atla1278,-4.137432830884077,2.74501762577853
bash1264,turk1311,-11.729060090086664,231.93556858426584
basq1248,basq1248,-8.679182195914024,226.22091795795848
bata1293,aust1307,-0.7144794772794931,1.5401392942087
bata1289,aust1307,-0.4274357075579473,1.6236071224283537
bats1242,nakh1245,-11.920643482385032,227.23929393252547
baur1253,araw1281,0.0974066510792681,1.7183335364023264
bauz1241,geel1240,-14.830114686655014,232.49738507666893
bawm1236,sino1245,-11.891443972855736,200.8665566845015
bayb1234,aust1307,2.500158394592942,2.252676971903384
bebe1248,atla1278,-5.557375877079384,4.103717549509952
beem1239,atla1278,-5.606525106896942,8.074578759965306
beja1238,afro1255,-3.2151684619601006,5.711878890739911
bekw1241,atla1278,-4.449229829170193,2.54599564688732
bela1256,nilo1247,-1.8091861544565724,3.67324983226419
bela1254,indo1319,-5.1373070254012845,10.516968514270786
nyal1254,aust1307,1.329373157421184,1.865823617352248
beli1257,cent2225,-13.032383795101827,229.98489947198257
bell1243,sali1255,3.357846907233334,6.606771878254847
belu1239,atla1278,-7.798941503426761,8.431396450939303
bemb1257,atla1278,-7.019390140553252,10.044725492267103
benc1235,gong1255,-13.109361707698458,231.3860386707524
bent1238,dogo1299,-8.53946047521427,197.87831302926097
zagh1240,saha1256,-11.702384334649318,232.7945724242833
bert1248,bert1248,-12.71758012394415,233.7277481586417
bezh1248,nakh1245,-11.661134672178504,227.4436218576891
bhoj1244,indo1319,-6.47553274830177,10.58958775611282
biak1248,aust1307,-3.825115767585405,4.271528459544356
biao1254,hmon1336,-12.38580711870406,233.7070224379061
biao1256,hmon1336,-12.010623243758126,233.15634195076305
biat1246,aust1307,-3.722419846420018,4.032792667560443
bier1244,aust1307,-4.20825586936291,1.6464474142447898
bign1238,aust1307,-4.048936209239322,1.5653484855656077
biha1246,aust1307,-3.996501502345912,4.041077361238536
bilb1241,aust1307,-5.249438977296881,3.776374969244557
bili1260,afro1255,-3.5725678566931443,5.484938196585205
bilu1245,bilu1245,-9.991055353954035,226.7586077692557
bimi1240,nucl1709,-15.088750624122012,232.55286600831784
bina1277,nucl1709,-15.033308157737633,230.16889560395865
bine1240,east2503,-14.544065150012468,233.23259889903463
bini1246,atla1278,-1.8392415871874728,2.0931249073594813
gunw1252,gunw1250,-1.7250659215323625,2.3012237320939164
birr1240,cent2225,-12.888148661764228,231.02151699164585
bisu1244,sino1245,-14.27150009649177,200.589034492418
bitt1240,aust1305,-4.599512598481742,4.324212306008036
biwa1243,yuat1252,-15.484143751929963,232.6660277753735
blab1237,aust1307,-0.0109289528936873,0.8185951030957028
blan1242,aust1305,-4.220206687643464,4.0469805810099615
bang1354,atla1278,-6.328599078820169,7.611501299885447
bodo1272,atla1278,-8.159745014441032,7.963755144504319
bodo1267,aust1305,-3.4322947603584044,4.68373823002662
bodo1269,sino1245,-11.521738068506536,199.3455351890839
bola1250,aust1307,-4.38493341673718,2.677596740508932
bolg1251,atla1278,-7.472190473459237,6.45709316711546
boli1256,aust1307,2.4030161395580887,1.8115734500384804
chim1302,quec1387,-7.963602540324587,144.7297120096988
bolo1262,atla1278,-6.720236479740084,7.455925244993665
boly1239,aust1305,-3.9810041648085406,6.280149362200802
bomb1262,atla1278,-6.9329292261968325,7.285054767488077
bomk1234,atla1278,-4.889884625425639,6.610436145774202
bona1250,mong1349,-12.143991459893998,235.1381559383576
bond1247,atla1278,-7.286908945382494,7.281663371270838
bond1245,aust1305,-3.505124601913974,4.2128154005702925
bong1289,aust1307,0.1447438950393049,1.2800553863750397
bong1284,atla1278,-6.271397472011134,7.065777480434463
bong1285,cent2225,-13.256168928377909,229.82078083990484
bora1263,bora1262,-9.066305004410436,227.19060700502237
bord1248,chib1249,-8.408875324073673,102.12682927102752
bori1243,sino1245,-11.942973199743522,201.2531941183705
boro1277,gong1255,-12.999135839857892,232.2912349231898
boro1282,boro1281,-9.331822383134146,229.3982764468319
boto1242,aust1307,2.9900564891243544,2.084996993893298
boun1243,atla1278,-4.591873498676383,4.718874284529647
boun1245,nucl1709,-15.432370216416674,231.8181418575384
bouy1240,taik1256,-13.304840056510926,232.239491142619
brah1256,drav1251,-11.942935477838466,230.6434359585488
lave1249,aust1305,-5.135947718117617,4.454381840793445
bret1244,indo1319,0.387830975152605,2.40538890027068
brib1243,chib1249,-7.8733335137862674,101.20750509590005
bube1242,atla1278,-1.846847485627064,2.224207874291949
budu1248,nakh1245,-12.014526619678618,228.35349378880355
budu1265,afro1255,-2.4489532537749668,2.128434076609153
budz1238,atla1278,-7.484866871781694,8.458672706803611
buga1247,aust1305,-4.190659538810266,5.820949418019268
buga1250,aust1307,-4.802585830054543,2.9260549905133644
bugh1239,aust1307,0.1173784004279294,0.8146265267301374
bugi1244,aust1307,-1.449615968461412,1.6492909804082956
bugl1243,chib1249,-8.070038829051153,101.68870416717544
buhu1237,aust1307,-3.255430593192094,2.2146569051751044
bujh1238,sino1245,-12.667331610896516,202.31509842910864
buki1249,nucl1708,-15.088773000110749,232.7715018152961
buku1249,atla1278,-5.907889537003999,5.979350911334507
bull1247,atla1278,-5.002442611452448,6.756314867383594
bulo1242,aust1305,-5.149274454488165,5.05422281752584
bulu1251,atla1278,-4.589156967539828,3.709639079322472
bumt1240,sino1245,-11.887130467086626,200.82157722108872
buna1278,timo1261,-13.946476483464972,230.5524661792436
buna1276,aust1307,-3.075779171567955,1.887583124079896
gahr1239,sino1245,-12.473114458175528,204.5933004049587
bund1253,indo1319,-6.613255540723783,11.391054325535094
buol1237,aust1307,-1.4501510372751305,1.9411966021679632
bura1292,afro1255,-1.6752233378655248,1.1383557247557403
bura1267,mani1293,-11.555387592467245,231.17721496470173
bure1242,afro1255,-2.504985765785385,1.3868727180419569
burj1242,afro1255,-3.758301594770348,4.431502089493932
nucl1310,sino1245,-12.40396728311272,201.74385568710733
buru1303,aust1307,-3.208300737622322,3.4418692861808324
buru1320,afro1255,-3.5017949848709264,4.882137753217961
buru1296,buru1296,-12.130007298370751,237.45195617470532
busa1253,mand1469,-9.404857725282149,207.19305731670872
bush1247,atla1278,-6.778813251534054,9.586609113012573
buwa1243,afro1255,-1.5401722141228404,0.6955694276504119
bwai1242,aust1307,-3.3953862054521675,1.6750422506290192
bwat1240,aust1307,1.2462464893797538,1.0625165727167314
byan1241,sino1245,-12.592625101673155,203.8356067811652
caac1237,aust1307,1.7360191626101162,1.2864124139291846
cabe1245,chib1249,-7.787344764031525,101.17166461450596
cahu1264,utoa1244,-3.96461102907538,6.759059199825401
cakf1236,afro1255,-1.6391491135694096,1.2968478862138682
cald1236,quec1387,-7.973285611402774,144.35247319415893
caml1239,sino1245,-12.529657949013252,201.4716132689254
camp1261,indo1319,-3.966498522594295,7.0387109161391095
cams1241,cams1241,-7.442719115474884,205.81051966371183
cane1242,nucl1710,-11.315098236843914,204.0529414928899
caom1238,taik1256,-12.62245117383485,233.2674670245552
capa1241,pano1259,-2.9592224590371465,3.09135610147348
carn1240,aust1305,0.7630139928700661,2.323650963805534
caro1242,aust1307,-0.9968433063796952,2.6155276253214765
cash1251,pano1259,-2.530195745067406,3.267412594132196
casi1235,aust1307,3.150036535989056,1.604943518289275
stan1289,indo1319,-3.015664945380312,5.801544915194029
cavi1250,pano1259,-2.1080321638094937,2.577745268709151
cayu1262,cayu1262,3.0262256941806798,20.65530132879465
cemu1238,aust1307,1.3668496788633284,1.0936694065192685
cent2127,eski1264,-10.882521844265304,235.07505119563632
cent2142,ayma1253,-7.5507179016463395,175.8821334373579
cent2004,sino1245,-12.973804499368033,201.8834354062
cent2292,aust1307,1.6546091474429598,0.8890728583432974
cent2084,aust1307,2.3574061303792124,1.452636925446768
cent2314,aust1305,-4.798862433180755,5.411829594819977
qaua1234,taik1256,-13.344364232868722,232.7964736952691
cent2050,saha1256,-10.303864327097578,226.88250835710605
cent1989,aust1305,-5.163129517003161,5.316003351002649
mala1479,aust1307,-3.2544195886546223,3.679128845717088
cent2322,ural1272,-11.637405250308698,223.83976889470665
cent1992,aust1305,-5.136021274140592,4.7265375089197335
cent1990,aust1305,0.6403494441383373,2.23787342221425
cent2126,japo1237,-10.46338677049386,225.90394433864927
cent2140,miwo1274,-10.755795586296925,233.08442043523297
cent2131,utoa1244,-1.7787441198254577,2.0076723919873416
cent2150,chib1249,-9.12169840051037,102.2695645620176
mbal1255,atla1278,-6.064370685540529,11.9918125658902
chac1251,pano1259,-2.961497608481123,3.022359384325995
chad1249,afro1255,-2.172182571793364,2.935848886249829
chak1270,sino1245,-12.067286020553542,201.5352460477353
chak1271,atla1278,-4.743236110338918,4.181727087508165
cham1309,nakh1245,-11.949957598375986,227.6361863084237
cham1318,araw1281,0.8657953516361303,2.486964710069316
cham1312,aust1307,0.1728403622220078,2.1916973410137643
chan1313,sino1245,-12.028052001747325,200.87775790258812
chac1249,barb1265,-7.635900635996696,175.88892330139166
char1269,gong1255,-13.305635921326322,231.21509944002472
chas1234,sino1245,-13.1044246253582,201.6843988097661
chec1245,nakh1245,-11.8743724352099,228.16078085036185
chek1238,aust1307,-0.1628713040039286,0.7999480339695992
chen1255,drav1251,-12.3570374051841,228.6578936742763
chep1245,sino1245,-12.669765171615518,202.0945869864092
cher1273,iroq1247,-7.82840925336735,192.15317907484032
chey1247,algi1248,-2.527745352068955,5.234268215077549
chig1238,atla1278,-7.561468871565813,8.395769728023907
chil1280,atha1245,-10.271134071273195,226.3814637694568
chim1309,chib1249,-8.07111696172957,101.39236556310226
chim1312,atla1278,-7.283240794106362,8.584432823096591
chhi1245,sino1245,-12.520878064110851,201.1902030304658
chip1261,atha1245,-10.807459470929349,228.8968469562328
chip1241,algi1248,1.0781906099610268,3.403307962492079
choc1276,musk1252,-8.026512421332322,184.5171552407884
chon1284,aust1305,-4.851467359733771,5.391108396808136
chot1239,sino1245,-11.834704492424711,200.20715456559049
chra1242,aust1305,-5.007606020896023,5.589276353697642
chuj1250,maya1287,2.683013522134047,1.5856018059405983
chuk1273,chuk1271,-11.399977040000977,238.67244278779503
chuu1238,aust1307,-3.517491243539196,5.305821054547721
chuv1255,turk1311,-11.67721557320168,231.58593567275645
chuw1238,atla1278,-6.60876429403868,10.35885258149682
cici1237,atla1278,-4.940639272058405,4.343887812809385
chin1286,chin1490,-10.954140427286394,234.7889778506648
cent2087,aust1307,3.559563642322248,2.7428315763814624
sout2912,aust1307,3.371519534208524,3.062290232370401
coat1243,otom1299,3.4608625822327053,1.847991083088232
coca1259,tupi1275,-8.244810447718862,191.36404709405693
coeu1236,sali1255,2.065390536835908,3.187745337221429
cogu1240,chib1249,-7.92937590201605,101.16923339103283
inga1252,quec1387,-7.94810050087308,144.00591901630722
colu1241,sali1255,1.5691495709053598,2.37119276687244
coma1245,utoa1244,-2.415512408131022,5.532792009104185
como1259,sali1255,2.9139557036589405,4.673505548263478
cong1236,atla1278,-7.137077320215399,9.813476212855164
copa1237,otom1299,2.4208100343886088,1.1861833332276035
cors1241,indo1319,-4.26060828360414,6.711398107129867
cosa1234,sino1245,-14.44917641553968,200.49801925423156
cota1241,aust1307,1.6337070010238277,1.3455024349746054
cree1270,musk1252,-7.936822097814096,184.47013464145343
crim1257,turk1311,-11.127506303895723,230.12843931396773
crow1244,siou1252,-11.461189322204428,221.7938498214085
cube1242,tuca1253,-3.110232505504017,3.5148701792493284
culi1244,araw1282,-9.030615744122308,224.1446804463905
curr1243,araw1281,-0.2931528259869935,1.5203508012638167
cusc1236,quec1387,-7.768619181205419,144.36950508053573
cypr1248,afro1255,-0.9001738410467084,2.489475236355247
czec1258,indo1319,-4.956502413560695,8.595460861569308
daai1236,sino1245,-12.366783612477874,201.7922347836807
daas1238,afro1255,-3.3739423812072538,3.767775935997065
dadi1250,tebe1251,-15.37226654685676,232.37408334841268
dagb1246,atla1278,-4.410406919841924,4.127805496998519
dagi1241,narr1279,-12.838026342308227,233.99209640132617
daur1238,mong1349,-11.436079892222043,236.18912284575973
daha1245,afro1255,-3.54989128994389,4.945080463332175
daka1243,aust1307,-4.363960112766872,1.5792037772772574
damp1237,aust1307,-1.6111181618349022,1.7472107392390512
dana1252,aust1305,-3.545595028239788,4.33854982514265
dand1238,drav1251,-12.882454744071046,226.99463709995743
dani1285,indo1319,-4.466907681162892,8.248681902861733
dara1250,indo1319,-6.3765028693597845,11.196848213019166
darm1243,sino1245,-12.61566106308335,203.83537471048825
dawr1236,gong1255,-13.28147106887114,231.220708445718
daza1242,saha1256,-11.5672939902206,229.9465461641661
dege1246,atla1278,-2.672905568754368,2.123193733760644
dera1245,sena1264,-15.070609020604213,233.27676668177097
dera1248,afro1255,-1.9341174646024089,1.3258609462455129
desa1247,tuca1253,-3.292781086585377,3.241063501622989
dhao1237,aust1307,-1.8574060447098797,1.9443413144319948
dhar1247,pama1250,0.5213213248501027,2.1612166959627928
dhim1246,sino1245,-12.031533899040047,200.7919091614441
dibo1245,atla1278,-6.447618398448622,7.064164998875526
dier1241,pama1250,-3.10847865727899,5.0940239270094025
digo1243,atla1278,-7.2513356419323,7.336821850293916
dima1251,sino1245,-11.398129989832976,199.43594620158143
djee1236,mani1293,-11.711480329777215,231.335252354094
djeo1235,nucl1710,-8.375748523721562,198.7881074123368
djin1253,pama1250,-1.411612440712176,2.4028704793740587
dobe1238,aust1307,-3.6456959182088537,4.647124463512824
dobu1241,aust1307,-3.054766804637796,1.659620707119359
domm1246,nucl1709,-15.238720678982698,231.35971755770927
doma1260,indo1319,-5.957814277574392,13.252792314200237
dong1285,mong1349,-12.15223670899587,235.18925986702865
doro1266,manu1261,-14.797657140191692,230.8504010905214
drun1238,sino1245,-12.755204085076745,202.48657660418456
dual1243,atla1278,-3.3251161014394057,2.244009905786584
chug1252,sino1245,-11.733230652491743,200.5521568457173
dumb1241,aust1307,-0.1329355504863212,1.2441317175717472
dumi1241,sino1245,-12.519409850129955,201.53296591584663
duna1248,duna1248,-15.159616701562012,233.1959146322777
dupa1235,aust1307,2.670755905011676,1.6030698764554074
dusn1237,aust1307,-4.079295236336748,3.98693768673553
dutc1256,indo1319,-3.686140917301469,5.911176586356902
dyir1250,pama1250,-3.71928949536138,4.76114187929997
dzao1238,hmon1336,-12.2323802188473,233.46420738832973
dzon1239,sino1245,-12.056701293267055,200.9380926018787
east2443,aust1307,-4.364279966632912,1.9240924450078296
tang1336,sino1245,-11.824000935493777,200.21378951144132
nucl1235,indo1319,-5.357077771181336,9.183019623139243
east2379,pama1250,-2.330420916460044,2.98706663481218
sout2896,aust1307,-2.8952098323899538,2.026910346103904
east2555,tupi1275,-8.2354370440046,193.34639547740545
east2332,aust1305,-5.02139671336719,4.862287387455041
east2563,aust1307,-3.8066482844002394,4.425409595105521
east2690,afro1255,0.7327601524157714,2.159842386681049
east2556,otom1299,0.6530245488726578,1.562893485063796
east1236,aust1305,-4.90916008663358,4.737819033432402
east2342,sino1245,-13.596684895121196,200.83381407570383
east2328,ural1272,-11.726134308015457,223.04116750097063
east2333,aust1305,-4.93776721117698,4.787353956350898
east2773,sino1245,-12.588732545366232,201.7557630910224
panj1256,indo1319,-6.246813603074867,12.48224073775458
east2485,aust1307,-2.0856662247892164,1.6073439993720626
fina1242,aust1307,1.97304335744378,0.9158627631243804
east2694,aust1307,2.746538171097489,1.7819070825320011
east2447,aust1307,-0.1573665039603184,2.2973532811011523
east2516,nucl1709,-15.325292147517064,231.9177368550371
huaa1248,tuuu1241,-11.056575414029243,237.23654470910623
wall1257,aust1307,1.5240871355363923,2.6107153916953223
egyp1253,afro1255,0.9689965941142802,2.468215196034521
eipo1242,nucl1709,-14.91483140105866,232.64140805387177
ekar1243,nucl1709,-14.819460727720958,231.6363561984988
elem1253,atla1278,-2.7472604171209447,1.8759154077598623
elip1238,atla1278,-4.657370326200061,2.920267029465492
emae1237,aust1307,-4.0108987729869625,1.817367536721207
emai1241,atla1278,-2.7740536945686483,2.195629012319841
embe1260,choc1280,-7.650534174540782,154.27657895670444
embe1262,choc1280,-8.013074016160237,154.37193176740865
stan1293,indo1319,-1.8722492940953772,3.402063692741791
enuu1235,sino1245,-14.240580241876753,200.78613244560051
epen1239,choc1280,-7.834965736475762,154.66454428758536
ersu1241,sino1245,-12.6724491146091,203.45369439484384
erzy1239,ural1272,-11.7215271560864,222.8542088522466
esan1238,atla1278,-2.5120415701704104,2.0479299945351954
esee1247,koia1260,-14.780032113347277,230.63246469699257
esee1248,pano1259,-3.110679090709821,3.15748474316581
esim1238,atla1278,-4.897657642246562,2.5365608655426968
esto1258,ural1272,-11.35332434863344,222.29324587671803
eton1253,atla1278,-4.713463144117485,3.130501004008295
even1260,tung1282,-11.41567748466045,234.13589127424888
even1259,tung1282,-11.504332857893218,234.16268586509528
ewee1241,atla1278,-4.100774462420607,3.895213010279207
fare1241,atla1278,-4.538991189612731,4.235196463200509
faro1244,indo1319,-3.664359575571508,8.507936530025262
fasu1242,fasu1242,-14.82081437385458,232.990582069552
fiji1243,aust1307,-0.6044171752685674,1.9898807796573408
fili1244,aust1307,3.5014589564197074,2.512823531165452
filo1235,toto1251,4.158977657956502,17.60448218286524
finn1318,ural1272,-11.270220638563766,223.0573471678533
fipa1238,atla1278,-7.237590980019526,9.059676142284104
fonn1241,atla1278,-3.961611559394621,3.664007473540977
fore1270,nucl1709,-15.540758678025636,230.9736966174591
fore1265,ural1272,-11.52023920823685,224.09341444523383
fran1266,mixe1284,0.676639895810137,2.7709813079223977
stan1290,indo1319,-2.6722033998881063,4.628055736303423
fuln1247,fuln1247,-10.92593015889467,237.8158328509944
furr1244,fura1235,-12.379153057140975,235.4733466715399
furu1242,cent2225,-12.349989001052183,231.01267862372268
futu1245,aust1307,-2.798650642197435,2.192300737105427
fuyu1242,fuyu1242,-15.089499143892874,231.0475705919616
gaaa1245,atla1278,-6.0103055432452805,3.6174838001476246
gaam1241,east2386,-12.717872499721755,233.97972360389343
gaan1243,afro1255,-1.2664264762808486,1.038893864061265
gade1242,atla1278,-4.7885227202075376,3.0218038616849867
gaga1249,turk1311,-11.198775193149892,230.04701478109197
gala1264,afro1255,-2.456541536868386,1.2833704990938202
gale1259,nort2923,-12.570459819117094,231.37143304911888
gali1262,cari1283,-3.6635366657506143,5.920200353534568
gali1258,indo1319,-2.719761952870288,5.1867243049924525
galo1242,sino1245,-12.021903745576545,201.5595536787712
gamo1243,gong1255,-13.251922536673325,231.07528211078164
gand1255,atla1278,-7.432395407023439,7.231862471060225
gang1267,tang1340,-11.684626820142316,233.4764067435601
gant1244,nucl1709,-15.58888990108052,231.45232496403167
gapa1238,aust1307,-3.3778851593559827,1.9661920227780456
boht1238,afro1255,-2.769185138862668,5.994196279246154
gari1256,araw1281,2.909199624527716,6.814322821817427
gata1239,aust1305,-3.470023305551937,4.490074844969371
gayo1244,aust1307,-1.507994569435407,2.037524923174089
geba1237,sino1245,-13.133299347207275,201.31750759178277
gebe1237,aust1307,-3.1315536097511147,3.7362414048091352
geda1237,aust1307,-5.25612692429206,3.781867453736396
gela1263,aust1307,0.202113993408231,0.78777638047913
nucl1302,kart1248,-11.40992428880916,233.13969627528107
gese1240,aust1307,-4.019553103598803,3.886153470202544
ghad1239,afro1255,1.277902587511889,3.3242395457629077
ghan1242,aust1307,0.8784253026400446,1.0940828861651823
ghar1239,aust1307,0.6300027168036451,0.9214913164939276
gheg1238,indo1319,-4.84559273079089,8.008628151095309
ghom1257,afro1255,-0.4787683192299212,2.2301582878813804
gida1247,afro1255,-2.3247806389624586,1.3173248113278646
giiw1236,afro1255,-2.501807894433888,1.347488746328878
gilb1244,aust1307,-2.341534236041777,5.186341292936362
gira1247,nucl1709,-15.698786483413633,231.0596731840599
giry1241,atla1278,-7.197019169353769,6.919620508045512
gizr1240,east2503,-14.501523405089138,233.26255684740556
glav1244,afro1255,-0.7689523786461123,0.6664972183256737
ghod1238,nakh1245,-11.940484551725236,227.85755857248216
goem1240,afro1255,-1.7814354189285595,1.4832040073432609
gofa1235,gong1255,-13.281605830016185,231.1415776104697
gogo1265,suki1244,-14.769868317414732,233.2506088986732
gola1255,atla1278,-5.3177810837072,7.576314809887094
goli1247,nucl1709,-15.500633007133272,231.39047946426828
goon1238,buna1274,-12.107044880599396,234.3351283253392
pare1266,aust1305,-3.4799749625496146,4.243242579446218
gras1249,koia1260,-14.89459160836527,230.9627619228733
guah1255,guah1252,-8.11614819406986,218.46517314912947
guat1253,guat1253,2.965317666624774,19.65189419687036
gube1234,atla1278,-4.771631859582214,6.651545233067509
gude1246,afro1255,-1.756413466715408,0.9164378451201288
guer1243,otom1299,2.3111501768416947,1.3400497034418208
guhu1244,nucl1709,-15.268808403016504,230.2789372062054
guiq1238,sino1245,-12.790837492593404,203.850301780723
gulf1241,afro1255,-2.3082378990369605,3.556496958732936
guma1254,aust1307,-2.9273873312950816,1.6409517934725957
guny1241,pama1250,-3.3945269987991398,5.561037334784402
gura1251,indo1319,-5.1577333555666725,8.315590426826844
guru1261,sino1245,-12.577094788369868,201.61894065073852
guru1271,afro1255,-2.345797986907101,1.2690256488821203
gusi1247,atla1278,-6.684078925573658,5.586624763378666
gugu1255,pama1250,-4.086803209692847,4.704092016661804
kwam1249,koma1264,-12.658826139625386,233.21977560429676
gyel1242,atla1278,-3.535229294163101,3.3875896873450984
haaa1252,atla1278,-7.717397757697687,8.485752575664833
hadi1240,afro1255,-4.417303104710211,4.3731591757730826
hadz1240,hadz1240,-12.25812816251209,232.52992631630147
haka1240,sino1245,-11.759066008149617,200.531411964034
hakk1236,sino1245,-11.700309402570287,201.62911432968392
hala1252,aust1305,-5.056310376526116,4.460851718313535
halh1238,mong1349,-11.631757566717178,236.14453542656065
hali1244,aust1307,-3.20284192481086,2.139639609495987
halk1245,sali1255,2.584207367342877,3.114126121304309
hame1242,sout2845,-12.86204578337541,232.0568991986489
hang1263,nduu1242,-15.33553171871721,232.9198015483012
hani1248,sino1245,-14.33311373620931,200.90121425785696
hano1246,aust1307,-4.415477223692252,1.9523345316301004
haro1237,aust1307,-3.705327392337512,4.1543015052435806
haru1245,piaw1238,-15.525382395847366,232.44005007624725
hass1238,afro1255,1.0603205351517175,3.345332749108195
hata1243,hata1242,-14.27236387474716,232.14816907165712
remo1247,aust1307,3.476515629248905,2.3366742211853198
haus1257,afro1255,-2.1993573695686024,1.9907106802873216
nige1253,atla1278,-6.179895192674471,3.997337999976935
hava1248,coch1271,-11.31940270331822,234.14152272742663
hawa1245,aust1307,1.829939574339452,5.102524714556921
sabu1255,aust1307,-1.1082074451594917,1.7645472140541187
hdii1240,afro1255,-0.5339153159931413,0.573401500302424
hehe1240,atla1278,-7.326195200733415,8.021468386136974
heil1246,waka1280,3.711556832708318,17.943745646955335
here1253,atla1278,-6.224590689929485,12.035149679827327
hida1246,siou1252,-10.263027551207324,223.91803040243045
high1278,utoa1244,-1.0928703033271017,1.2699742290112113
hind1269,indo1319,-6.5332664814058745,11.703423143061997
hinu1240,nakh1245,-11.934567266494737,227.5410184925048
hixk1239,cari1283,-3.5507195151545474,5.5736539204102655
hlai1239,taik1256,-13.527499107634071,230.6566476632536
hooo1248,aust1305,-3.183995804079087,4.015267704749476
hoav1238,aust1307,1.6678708286174295,0.958240249875928
ainu1240,ainu1252,-11.362095563386228,238.51394351833773
holo1240,atla1278,-7.581533370830211,9.373009459772334
hone1235,atla1278,-6.212186244700875,3.4790089161127185
honi1244,sino1245,-13.895987993716494,200.8981083678676
hopi1249,utoa1244,-3.892322764083776,6.436689827267315
hote1245,aust1307,-4.76802432406033,3.037359468079444
hozo1236,maoo1243,-12.89915720168078,233.2886206029753
huuu1240,aust1305,-4.410963819657669,4.151341396140737
hual1241,quec1387,-7.986805711142599,143.25698552197824
huam1247,jiva1245,-7.66820806468772,164.4158648470754
huar1255,utoa1244,-2.4521600164882607,2.185949020974334
huas1242,maya1287,-1.1017821659224332,2.875660021050521
huba1236,afro1255,-1.5361617020253675,0.9030204211426848
huic1243,utoa1244,-1.285138457390996,2.171645756026805
hula1239,aust1307,-3.998784052609473,3.2220613475240896
hula1244,afro1255,-1.6337836479789871,3.009052045317105
huli1244,nucl1709,-15.181927498583375,232.3224057745608
humb1243,song1307,-8.412158138688321,189.7756138822348
hung1275,aust1305,-4.889091272793004,5.019784504946102
hung1274,ural1272,-11.553541295802278,221.4590465460481
hunz1247,nakh1245,-11.959922116657234,227.4735193485796
hupd1244,nada1235,-0.9456537270655758,3.328953442378321
hyam1245,atla1278,-5.366018642712604,3.296906506712901
iaai1238,aust1307,0.7247247713892655,1.10123530124622
iama1237,aust1307,-2.885077891093204,1.5978334695431613
iatm1242,nduu1242,-15.397696883911811,232.8142500459861
ibal1244,aust1307,2.3240200313033643,1.1597524664355203
iban1264,aust1307,-3.327762484773789,3.349498208598476
iban1267,aust1307,2.5096078620872024,1.3502669956010322
ibat1238,aust1307,2.099272091386375,1.957949101432092
ibib1240,atla1278,-3.109445244713669,1.9957026769208424
icel1247,indo1319,-4.343937207920619,11.475315796638398
idaa1241,aust1307,0.5417180750139057,1.1891775643021276
idii1243,paho1240,-14.495457166683895,233.42261801764505
idum1241,sino1245,-12.19624602279032,202.56516268679565
idun1242,aust1307,-3.3751554019566337,1.728477863711248
nucl1417,atla1278,-2.7696043261607795,1.9271155052501
ikkk1242,kuli1252,3.182715136977567,15.173783673130345
ilaa1246,atla1278,-6.625035037260194,10.892788993463768
iliu1237,aust1307,-3.447400705688472,2.786260408151577
ilok1237,aust1307,3.056340249996889,1.4400258116693294
ilon1239,aust1307,2.9706006432711938,1.2856760618229828
imba1240,quec1387,-7.952539460999242,144.48101802675097
imon1245,bord1247,-15.077726444828476,233.2371757306098
ingr1248,ural1272,-11.328142287583535,222.73324770958197
ingu1240,nakh1245,-11.856529228344952,227.87979470782696
alba1269,aust1307,3.573319380168222,2.64829976102763
iqui1243,zapa1251,-8.248252624201573,199.24673196646364
iraq1241,afro1255,-3.462749472937851,4.552168666972733
irar1238,aust1307,-4.068947273187124,4.031152942406777
iris1253,indo1319,-1.891245489295981,3.848280453174368
irul1243,drav1251,-11.855745948037962,229.46136270443216
kris1246,skoo1245,-15.097656409757954,233.21190305261905
isco1239,pano1259,-2.9791148290184406,2.918642410829221
isin1239,aust1307,2.856376822625542,1.1666216757280663
isir1237,kwer1242,-14.825854833347895,232.7214438888577
isna1241,aust1307,1.95639421277788,1.4128819641098571
isth1240,utoa1244,0.2487196189293694,1.955229348047908
ital1282,indo1319,-4.698948605199937,7.261318426812949
iton1250,iton1250,2.9803149459938734,19.886112233916837
itza1241,maya1287,2.262449119269906,2.359631238609865
iumi1238,hmon1336,-14.02446590063634,231.517068619514
iwal1237,aust1307,-4.724734733987195,3.039189853375376
iwam1256,sepi1257,-15.143066611217144,233.1374235391064
iyoo1238,nucl1709,-15.717333437977056,230.64835242824492
jahh1242,aust1305,-4.277528538625791,4.553387981492222
jalk1242,mand1469,-9.818378790141953,207.51455281938445
jamb1236,aust1307,-2.651529597432674,4.336699875272444
djam1255,mirn1241,-12.65332685531516,232.1160082723366
jams1239,dogo1299,-8.49950775945089,197.2656452873452
nucl1643,japo1237,-11.176028547088796,229.08051192885185
japh1234,sino1245,-12.60500100821043,204.3538809364596
jaqa1244,ayma1253,-7.661171326669253,175.27394893787402
jara1266,aust1307,-4.058995987413844,4.1819133294957
jede1239,aust1305,-4.339311401394959,4.544880101330591
jehh1245,aust1305,-5.246538705467116,4.604521547766893
jeha1242,aust1305,-4.3263733283304,4.567639624605647
jenn1240,drav1251,-11.855193000178224,230.1076672236556
jeru1240,sino1245,-12.605946655036227,201.514585826343
jina1244,afro1255,-2.522673849455984,1.41154764942695
djin1251,mirn1241,-11.482014548332664,232.63949780760203
jjuu1238,atla1278,-5.481653286939646,3.433659032397685
juan1238,aust1305,-3.43386976837241,4.331393854395486
juku1254,atla1278,-5.322573460836342,2.8395732570268706
jurm1239,cent2225,-12.965736259473548,230.0039393584936
kaba1281,cent2225,-12.021141462512414,228.8333021350169
kaba1278,abkh1242,-11.65570639507148,234.4058492470707
kach1284,gong1255,-13.196058212797467,231.17982452322707
cent2100,aust1307,0.5917675269262368,0.8192526537138747
kado1242,sino1245,-14.24486768892275,200.4647126357737
kafa1242,gong1255,-12.833078472033934,231.40244693958795
kaga1256,aust1307,2.8412045437353424,2.7155844844275805
kagu1239,atla1278,-7.361050345439266,7.366994847122413
kaik1246,sino1245,-12.650270033038762,203.0053800747588
kain1272,nucl1710,-9.257587790723615,202.7768784706954
kair1263,aust1307,-4.666795961774665,4.914452753363264
kaki1249,kaki1249,-15.312240386997356,231.6793424647968
cacu1241,kaku1242,-9.888727321338104,229.3019208577529
kala1399,eski1264,-11.006665420114304,235.0774789697141
kala1388,aust1307,1.8632945788659825,1.389266678449644
kala1377,pama1250,-4.394539456951002,5.8305887924013575
kala1384,atla1278,-6.379734304602599,11.50226332838838
kali1308,sali1255,2.0976724167779963,4.181661796134335
kalu1248,bosa1245,-15.111148651867262,233.16475352182795
kamm1249,atla1278,-5.921529811852475,3.340000872303847
kama1367,nucl1708,-15.527115071489426,232.586577560195
kamb1316,afro1255,-4.420723978854159,4.333495805528798
kamb1297,atla1278,-6.802449097782932,6.042365423279364
kamb1299,aust1307,-2.142019802100952,2.0860829339644624
kamo1255,nucl1709,-14.776688980828547,231.7119953760617
kana1286,aust1307,0.4053492390521818,0.7093689037272384
kani1286,nucl1709,-15.589776738790096,230.9351616745228
kank1243,aust1307,2.097489518728544,1.0349572903882631
nucl1305,drav1251,-12.07588285687638,229.82993091199864
bidy1244,atla1278,-4.923436262109943,6.649076139187315
kaon1241,atla1278,-6.749311899503083,10.608952206716026
kaqc1270,maya1287,2.0952971446833075,1.798709579931284
kara1482,cent2225,-12.643361174809211,231.05258062465265
kara1476,pama1250,-2.1094976032982533,2.7733301081873094
kara1500,nucl1710,-11.11986878606266,201.65338950471292
kara1487,aust1307,2.269393009391276,1.0184498541381686
kara1486,aust1307,-4.618894058890506,3.3261992280953336
kare1338,atla1278,-6.643113259973277,5.130509506129954
kare1335,ural1272,-11.281788886781293,223.254663492982
kari1306,atla1278,-8.067759143067809,8.182403936554579
kari1311,tupi1275,-9.36306685185914,192.5408215318532
kark1258,pauw1244,-15.075724086495336,233.28248250831825
karn1252,aust1307,-4.881282957417643,2.947678490539261
karo1304,karo1304,-10.54542864077328,235.0147893905985
kash1277,indo1319,-6.046462825489817,12.9427427009594
newa1246,sino1245,-12.64327140607664,201.9672313139168
kats1235,sino1245,-13.907892884450575,201.53834614182531
kana1291,katu1274,-9.332231353920625,229.66237275612903
kava1241,aust1307,0.5181228101983599,1.3414490614144086
kaya1315,sino1245,-13.293743135264158,201.1660346826758
kaya1319,tang1340,-11.78147931712664,233.44515161512723
keap1239,aust1307,-4.218096146953605,3.1857056844060594
kera1248,atla1278,-4.777972211738852,6.386643239393948
keig1242,kadu1256,3.3844446570950577,14.28178756179679
kele1255,atla1278,-7.516449787962804,8.953093716998353
kele1258,aust1307,-4.926081608971397,4.272509401381001
keng1240,cent2225,-12.290164310578106,228.58294641964795
kens1248,aust1305,-4.221688020011432,4.576298356464292
kenu1236,nubi1251,-10.746806098883942,234.87050775484963
keoo1238,aust1307,-2.3794235310620184,1.7871211830138805
kera1255,afro1255,-2.892707254252066,1.8491698847844589
kesa1244,nucl1709,-15.669593579240392,230.93908580651117
kett1243,yeni1252,-11.189374844781458,238.487044082514
kgal1244,atla1278,-6.170888047575385,12.33539676870268
khak1248,turk1311,-11.60139834670978,232.42000901850292
khal1275,sino1245,-12.423925602592083,201.3442582079794
kham1282,sino1245,-12.040897633516018,203.39951014458188
khan1278,atla1278,-2.7687880240917586,1.8800256177492545
khan1274,aust1305,-4.590311975930693,4.922304523528368
khar1288,sino1245,-11.698733352906022,200.0452344495243
khas1269,aust1305,-1.3209574276523846,1.730666819479211
khez1235,sino1245,-11.812043658643477,200.3005190207828
khin1240,nakh1245,-12.011258101362786,228.20989688293588
khmu1256,aust1305,-4.6637530982722994,4.42275330684086
guan1266,sino1245,-12.648354973581542,204.1673849798512
khum1248,sino1245,-11.78602813763915,200.5582752346085
khva1239,nakh1245,-11.94911726037191,227.50809935504464
kich1262,maya1287,2.2041515117251844,1.7592897560534766
kiku1240,atla1278,-6.14533848919577,5.408841132780196
kile1243,tung1282,-11.38119669977498,233.8307745426298
kili1267,aust1307,-1.8754256655427517,1.809531861605052
kima1246,kolo1268,-13.873042686310596,233.59079973271704
kima1244,aust1307,0.4167933971061686,0.8961838584351653
kimm1245,hmon1336,-13.752870544842157,232.119198080487
kina1250,aust1307,3.31017287748178,2.731121017554216
kinn1249,sino1245,-12.52193406073552,204.41606889779496
kiow1266,kiow1265,-9.241294933988415,230.58990725623207
kips1239,nilo1247,0.6944550219245382,1.5271436815652637
kelo1247,timo1261,-13.851549674546838,230.20459663880155
miju1243,sino1245,-12.452289620787251,202.40737963664975
kobo1249,nucl1709,-15.545471123468996,231.62563647089277
koda1255,drav1251,-11.944010926122544,230.08688070102448
koho1244,aust1305,-4.959162511490864,5.086027467798658
koir1240,sino1245,-11.762118622187383,200.15028407992568
koit1244,koia1260,-14.980194932190598,231.11360122962355
koka1244,pama1250,-3.1423717659794264,5.534153715639036
koko1269,aust1307,0.4934366895045574,0.8743321021229349
kola1285,aust1307,-3.864974472508199,4.484821167693127
kolb1240,atla1278,-6.2140783377327455,3.998570937235229
kolc1235,atla1278,-5.324168768763793,4.32377925261315
kolp1236,kolp1236,-14.554644608008694,230.59612710309355
kolu1245,aust1307,-3.251673736825457,1.6201836270019214
komb1274,nucl1709,-14.737364648868445,232.8188952905424
komc1235,atla1278,-5.018766676140286,2.56348188288689
komi1270,sino1245,-11.907082193302054,200.30666145001717
komi1269,ural1272,-11.683362622114217,223.46239409380448
komi1268,ural1272,-11.625674725507944,223.66197770139183
kona1242,east2433,-15.054987474403362,233.3132712234144
konk1267,indo1319,-6.251609092868907,12.705286459277318
kony1248,sino1245,-12.061257253661324,201.0274154364122
koon1245,atla1278,-5.561139818372014,4.899771029030319
koor1239,gong1255,-13.083164887703632,231.11990757499285
kora1294,nucl1709,-14.382362175259066,229.6150295414775
kore1280,kore1284,-11.266027062379564,237.6157405040484
kore1283,tuca1253,-0.3501151407031866,2.09906040217561
kork1243,aust1305,-3.3825396617126886,7.223098284850664
koro1298,atla1278,-3.2588535392872044,3.840030156671503
koro1313,sout2948,-12.967057378635012,229.2222099791935
koro1312,nucl1709,-14.801300330843803,232.78072094666345
korr1238,drav1251,-12.017044791870353,230.0962747742064
kosa1249,nucl1709,-14.898506775113422,232.5727829793391
kosr1238,aust1307,-3.527574016989818,5.779509254329639
kota1263,drav1251,-11.842564725059072,230.06087330100328
koti1238,atla1278,-6.651271062422602,9.76690943971704
guan1269,tuca1253,-3.140258349103769,3.367135923378896
kova1243,nucl1709,-15.689514906023296,230.1590968608219
kove1237,aust1307,-4.521328006019437,2.698850309521106
koya1251,drav1251,-12.71481318537883,227.3748688386688
koyr1242,song1307,-8.469885363020659,191.1912533675881
koyr1240,song1307,-8.374307683978003,190.7770370198143
kren1239,nucl1710,-10.63292176456865,204.3035369437094
gbay1288,kres1240,-12.89955700246853,234.96853858264876
ngeq1245,aust1305,-5.0745949116035245,4.525671959708518
kron1241,kadu1256,3.229007068037673,14.136521813912111
kryt1240,nakh1245,-12.013046275119349,228.27205201536609
puoc1238,aust1305,-4.689622208683593,4.905090541587612
kuan1248,aust1307,-4.259475544543897,2.646384873726163
kuii1252,drav1251,-12.976473436074077,226.04017257527585
kuik1246,cari1283,-3.357869240964561,6.947093362755737
kuku1280,pama1250,-3.2314807578807,4.04168537877942
kuku1273,pama1250,-3.936537367567996,4.592870411357239
kulo1237,aust1307,-0.1310778651329212,0.7622982623501002
fait1240,nucl1709,-15.646763120962136,231.11798179547105
kulu1253,sino1245,-12.431501355430498,201.2119952748532
kuma1280,nucl1709,-15.56283137917935,231.30882229164268
kumb1268,pama1250,-3.0517660550810195,5.192838072604189
kumz1235,indo1319,-5.636659485834959,11.879551754556816
kuna1268,kuna1268,-12.647193072370191,233.9367372903729
kunb1251,gunw1250,-1.754203539193293,2.374127747991537
kuni1267,kuni1270,-15.308401962387787,231.09866766931205
kunj1245,pama1250,-3.568714532528896,4.451184309186488
kuot1243,kuot1243,2.483103089988276,13.25532259857303
kurr1243,pama1250,0.485675981373447,1.453065031156541
kurt1248,sino1245,-11.85500685422078,200.707784660102
kusa1251,aust1307,1.5026680010696936,0.9670814107817024
kusu1250,kusu1250,-12.531888279676457,235.7101051969358
kute1249,kute1249,2.762501117873708,16.634340543134954
kute1248,atla1278,-5.248934642675049,2.755063215058101
kuyy1240,aust1305,-5.180502491498983,4.85732517568411
kwai1243,aust1307,-1.422572098558728,0.8757834395752297
kwam1252,aust1307,-2.7254679450594903,1.5734907581292532
kwar1239,aust1307,-1.3461724853669583,0.8398129622335091
kwaz1243,kwaz1243,-9.30330379299808,229.4878377703254
kweg1241,surm1244,-0.0470953680036636,1.833230610543381
nucl1595,kwer1242,-14.886278454899593,232.7182203949048
kwin1241,worr1236,-12.877187664435576,233.3731334696566
kwom1262,sepi1257,-15.308558192356008,232.91978745904416
nucl1593,kwom1263,-15.141237458583165,233.20210510767168
kxoe1243,khoe1240,-11.32189737257363,236.4518282469325
kyer1238,sino1245,-12.57824787769869,202.2203786478832
cori1240,atla1278,-5.420729363754511,3.2708394335512025
laal1242,laal1242,-12.289131025050722,232.3916113737372
labu1248,aust1307,-4.835189501776628,3.000762281296176
labu1249,aust1307,0.932807427493854,1.1031947677051337
lach1248,taik1256,-13.79845031128933,231.3950931812786
lagw1237,afro1255,-2.537106196153303,1.5091839193372325
zaye1235,sino1245,-13.133314323255584,201.01263169665395
lahu1253,sino1245,-14.28871243313627,200.5087437089853
lahu1252,sino1245,-14.418898131049446,200.51592296546116
laiy1246,aust1307,-1.8172573804593988,1.5796266081176211
lakk1252,nakh1245,-11.98140630396156,227.9599726717251
lala1268,aust1307,-4.622693340895367,3.465654517808872
lala1264,atla1278,-6.901203623958079,10.35043943873913
lama1277,aust1307,-2.7341264595818107,1.8232639900352865
lama1288,afro1255,-0.5337340397238961,0.5917467873473186
lamb1273,aust1307,-2.3077483036078146,2.4299282898774948
lamb1272,atla1278,-7.495305974461859,9.127781021719358
lame1260,aust1307,-4.242248557710367,1.6460700258994052
hela1238,sino1245,-12.594706782614455,202.00670971507705
lamk1238,sino1245,-11.8793025831405,200.27675181909717
lamo1244,aust1307,-4.524201551649388,2.696676191110555
land1256,atla1278,-5.146808553447802,6.161761096754702
lang1324,nilo1247,-0.8380074687560555,1.844130364762634
laoo1244,taik1256,-14.253533063673562,231.09458501926605
lara1258,lara1258,-13.04557492919039,233.209605882392
lard1243,tang1340,-11.826696116613336,233.3809545285253
lash1243,sino1245,-13.061698369093548,201.6472413720081
teke1275,atla1278,-5.725792918195296,7.226059120470722
latv1249,indo1319,-5.150773987224839,10.839867328866603
lave1248,aust1305,-5.156433243570025,4.526195960357399
lavu1241,lavu1241,-9.83434774166215,226.58888704301395
lazz1240,kart1248,-11.083910854230488,233.70176102961355
lega1250,atla1278,-7.417422227657446,9.123786582832366
lega1249,atla1278,-7.33684198339193,9.39589916932306
lele1276,afro1255,-3.132534254147778,2.7966565935568326
lele1267,aust1307,-3.575676033606032,1.8320430467753115
lele1270,aust1307,-4.923556914456229,4.268676058720217
lemb1266,nucl1709,-15.45792593571732,231.89736187503277
leme1238,aust1307,-3.832992364238137,2.377839994421521
bela1260,aust1307,-1.5467740508715924,1.3801424402479938
lena1238,aust1307,-2.742350969629605,1.539740215122379
lend1245,cent2225,-13.018253257954244,230.1256014528732
leng1259,aust1307,0.1366234149943963,0.7663795270834157
lepc1244,sino1245,-12.263925606933016,200.98313769492088
leti1246,aust1307,-3.6537090763211992,3.2380545814366144
lewo1242,aust1307,-4.209925700823836,1.7464840295565125
lewo1244,aust1307,-2.701599289160166,1.8214900005505967
lezg1247,nakh1245,-12.005138983246049,228.19622143710984
lian1251,sino1245,-11.497810835152867,199.668909222716
libi1244,atla1278,-6.915264604035314,7.366184915995262
liby1240,afro1255,-1.3924482419534598,3.303752931676996
lihi1237,aust1307,-4.352183821828005,3.105056099576359
liji1238,atla1278,-5.122588080657087,2.8536683323570173
lika1243,atla1278,-7.870662705451026,8.571602013536108
lill1248,sali1255,2.42514402958963,3.439939426686521
limb1266,sino1245,-12.373588583585509,201.20825171294567
nucl1327,limi1242,-12.815915650498392,233.02186921589592
lipo1242,sino1245,-13.681833654805208,201.69784635557028
lish1245,afro1255,-2.389670408177487,4.207853651924921
lisu1250,sino1245,-12.996608785361255,202.08729852155665
lith1251,indo1319,-5.156979036440704,10.436625934693268
lito1235,atla1278,-7.040646772814031,7.412842014358233
livv1243,ural1272,-11.29287830811398,222.8864931879011
loba1239,atla1278,-6.804949458624298,7.204619463026091
logo1259,cent2225,-13.13078432141235,230.31741815894492
balo1261,atla1278,-6.663266977898724,7.333191827218684
loka1252,atla1278,-3.872582786727546,2.255552360910144
araw1276,araw1281,-3.208241171255853,5.927014716782935
lolo1259,sino1245,-13.620232302349027,201.8190964970872
loma1260,mand1469,-9.936559911719714,209.35032959223457
lomb1257,indo1319,-4.4441350805288105,6.653341466273815
chiq1248,chiq1253,-8.358938004576544,221.79939810660184
acha1249,sino1245,-13.216339499533827,200.64308577444
long1395,aust1307,-0.1334917101648169,0.8614952463417751
loni1238,aust1307,-4.925610149760173,4.253663066050876
lonw1238,aust1307,-4.360823499612377,1.585642340207329
lote1237,aust1307,-3.9436732075980414,2.593940164921264
loth1237,sino1245,-11.736542724276203,200.25638787884617
louu1245,aust1307,-4.964303639796133,4.13638533146144
vano1237,aust1307,-2.822086002976196,1.9775440048395008
lowl1260,tequ1244,3.264110196165184,25.15355933668627
lowl1265,utoa1244,-1.9981677027489848,1.843650269799724
lozi1239,atla1278,-6.760541817298364,11.249021172247382
luan1263,aust1307,-3.662374851779761,3.351222582553703
onto1237,aust1307,-2.082350168635534,2.673961994749277
lubu1243,aust1307,1.5030633658041292,0.9456924282434044
luch1239,atla1278,-6.791374730017535,11.032618003754692
ludi1246,ural1272,-11.305591906340132,223.1691001907365
lugb1240,cent2225,-13.043204383179194,229.8651269681609
lugu1238,atla1278,-7.329282517979832,7.772771836735444
lule1254,ural1272,-11.133480898557204,223.23308292678425
lumb1249,atla1278,-4.841583826157447,7.538826699113599
lumu1239,narr1279,-12.834941679090669,233.94676863525623
lund1266,atla1278,-6.709014550313881,10.62086695180733
lund1271,aust1307,-1.7411593636917058,1.4049691831419295
luok1236,nilo1247,-0.3773671412298913,1.7837217952743174
luse1252,atla1278,-6.692652183977185,7.624535037011157
lusi1240,aust1307,-4.668381702870613,2.746798590631528
luya1241,atla1278,-6.469373429977542,11.094156177096464
maan1238,aust1307,-2.8548981283239883,3.818134147257865
maas1239,atla1278,-4.301665689483559,4.089040148203651
maba1270,atla1278,-7.258013091427342,8.021306019854137
maba1277,maba1274,-12.525638290462336,234.5146467681689
mace1250,indo1319,-4.792719860443326,7.9576641709777505
mach1267,araw1281,0.41320078973758,1.695708988730928
maco1239,sali1297,-8.613946860335457,223.586203131106
macu1260,tuca1253,-3.318261394430537,3.468126456886665
mada1285,aust1307,-4.448272126774223,2.938498889407583
madi1260,cent2225,-12.913185554461863,229.10528348141744
jama1261,araw1282,-9.579646170250031,223.8713565832596
madn1237,east2374,-12.727432437878756,233.42307330034785
nucl1460,aust1307,-3.160717171464415,3.975553722204154
mafe1237,aust1307,-4.152707477131308,1.7663290511097784
maga1260,indo1319,-6.580534189294207,10.07471153016084
magd1235,otom1299,2.8056308001045647,1.2343743635454132
magu1243,aust1307,1.6146453421238736,1.164495633197589
maia1254,nucl1709,-15.69904078911685,231.387594513582
mail1248,mail1249,-14.292386000410342,230.38173076391516
nucl1594,mair1253,-14.854273092722629,232.0036780563486
mais1250,aust1307,-4.13188602727802,2.6882166976762107
mait1250,indo1319,-6.364520423506016,10.263678152296563
maja1242,surm1244,0.466283355571381,1.800861010375769
maka1304,atla1278,-5.519015845356719,4.362480827987611
maka1311,aust1307,-0.9179829673022885,1.5273688230456628
makc1235,taik1256,-12.967360561065997,232.86780462960752
makh1264,atla1278,-6.80642776083395,9.915037319894113
makh1266,atla1278,-6.89065617088387,9.788457602426377
mako1251,atla1278,-7.08179322340409,9.494359498310644
makw1236,atla1278,-7.104350488124048,9.45089418305534
mala1463,drav1251,-11.592183066949312,230.47775483016176
mala1534,aust1307,2.0934207997952257,1.1901442237816298
mala1464,drav1251,-11.676287214964628,230.40926618080331
mala1522,chib1249,-7.886491936462329,101.04373405307052
male1284,gong1255,-13.219009013890611,230.9553543824708
male1297,chib1249,-7.563094261941687,101.16546068759568
male1289,aust1307,-4.812081916176264,2.8634291180540004
malg1251,afro1255,-1.516266812939179,1.16872573108202
mali1284,bain1263,-14.578707849866294,230.5687345774176
mali1285,otom1299,1.3012031948306912,1.2484889262773322
malt1254,afro1255,-1.6829619604498802,3.966919974051877
malu1245,aust1307,-4.087664802370403,1.5827845712282738
mamm1241,maya1287,2.4796915150676906,1.8120222468987488
sauk1252,nucl1709,-15.687535050449934,230.24674026370823
mama1275,aust1307,1.1771227977848715,1.724677000404796
mamb1306,aust1307,-3.5125777060775256,2.912480746322416
mamb1294,atla1278,-6.257390055649316,3.429376494299845
mamb1296,atla1278,-7.195891539478657,9.341210041633786
mamv1243,cent2225,-13.131861238586485,230.74975835222835
mana1295,aust1307,-5.182442507212223,4.39559230122245
mana1298,nduu1242,-15.366855867346455,232.9417392218056
mana1288,sino1245,-12.632816885706587,202.6974487811067
payn1244,nucl1709,-15.599625671676923,231.42611518512183
mand1440,aust1307,-4.488737937723258,3.2761847852549977
mand1415,sino1245,-11.509306088587143,206.0287678575218
mand1436,mand1469,-9.648192966727844,208.26194132103635
mang1378,aust1305,-4.603467428701901,4.385675353062425
rapa1245,aust1307,2.395538649763129,5.8795877596938055
mang1401,aust1307,2.331475466827678,5.822214675596058
mang1381,mang1423,-11.559282821572047,231.48499246317775
mang1394,cent2225,-12.831790650029204,231.2179271932077
mang1404,aust1307,-4.794562970038754,3.0942736186551087
mang1405,aust1307,-2.4230142511496364,1.946165156266204
mang1403,aust1307,-4.053971974028149,2.5935920480456502
moni1237,otom1299,3.1864400999606257,6.678964505835239
tong1308,aust1305,-4.06349604968455,4.585545191144092
manm1238,aust1305,-4.396571177877249,4.154613488202841
mann1248,mand1469,-10.24289140357782,209.617461267236
mans1260,hata1242,-14.207336215209402,232.2165489258103
manu1258,aust1307,-3.8956657536707135,3.398933116101375
maon1241,taik1256,-13.012985671420338,232.73245628489792
maor1246,aust1307,1.6136063549406323,4.526723255953698
mapo1242,aust1307,-5.113979489168856,3.043807663362088
mapu1245,arau1255,-9.748663228119636,235.79753958733485
mara1382,sino1245,-11.987090808872544,201.0953144303598
mara1399,aust1307,-4.143797922573693,1.5215132406362954
mara1379,sino1245,-11.765669855762892,200.1800951882471
mara1404,aust1307,2.418656929955977,1.4248727613211258
mara1386,west2434,-12.885080128449513,233.28975952992167
mara1378,indo1319,-6.3503384112259385,12.15095751560267
marg1265,afro1255,-1.2646263085084757,0.9283749816601414
mari1414,drav1251,-12.886223204402244,227.52248732380917
mari1440,coch1271,-11.125354729553216,233.99037869354552
mari1428,aust1307,-5.223282601103708,3.861271590686584
nucl1622,anim1240,-13.823579014189264,233.7848989083194
mari1416,sino1245,-11.776243621531895,200.1405122137365
moro1289,moro1289,-14.148350326802696,233.7611358488421
maro1244,aust1307,1.7084293919942797,1.0727624996224563
mara1385,mang1423,-10.588576135823152,231.30605288309317
mars1254,aust1307,-2.860924003074325,6.297257984318719
mart1255,pama1250,-0.4277364475258771,1.6945854013804649
maru1249,sino1245,-13.55207148144824,201.34632439565812
maru1252,pano1259,-3.5989360212684183,3.6489868129822014
masa1322,afro1255,-3.0194016473673173,1.9826105132898988
masb1238,aust1307,3.4367221104085903,2.5240326669829187
mask1242,aust1307,-4.200162253895972,1.531467763096657
matb1237,aust1307,-3.7553093186577513,3.625426721535604
kemb1249,aust1307,-3.7210118262591614,4.025572296462741
mati1250,aust1307,1.8720859780360504,1.2490518046368493
mato1252,aust1307,-4.955626508613069,3.1672939019384785
mats1244,pano1259,-3.47933814683669,3.90233174484095
matu1261,aust1307,-5.265489480427048,3.8561960678982814
matu1259,atla1278,-7.223007563090118,8.832874421092583
mauw1238,nucl1709,-15.712991858295467,231.25338062593937
maun1240,iwai1246,-12.329539003033176,232.3021781978072
maxa1247,nucl1710,-10.752730164680408,204.3618797646172
maya1285,misu1242,-6.682036476433436,128.56091680592473
maib1239,mayb1237,-14.55374391519846,232.1473216836092
mayo1264,utoa1244,-1.782272945405051,2.413014151533332
mayo1261,atla1278,-7.933021393512853,8.421331952666947
maza1304,afro1255,-1.9369637313603436,0.9350696528669288
mbaa1245,atla1278,-7.914537712752651,8.893691602638683
mban1263,atla1278,-7.183071327412865,7.44104718292192
mbar1260,afro1255,-2.946238626889283,1.847491552547183
mbay1241,cent2225,-11.845558792071534,227.94980886686253
mber1257,atla1278,-5.558074367330217,6.636616932630716
mboc1235,atla1278,-4.248323368604634,2.31661329943222
mbol1247,atla1278,-7.403345831831475,9.081776259472065
mbug1242,atla1278,-7.29115302126419,6.020770837150224
mbul1263,aust1307,-4.873659906409014,2.9373440375848645
meen1242,surm1244,-0.4052607324752131,1.6009554755315776
meke1243,aust1307,-4.789636264668284,3.433564706272193
mele1250,aust1307,-3.539166960684102,1.841389812562284
melo1242,gong1255,-13.294633108793546,231.14820759439576
melp1238,nucl1709,-15.482629437150973,231.68001056587957
mend1268,sepi1257,-15.305174403123726,232.88292188879785
mend1266,mand1469,-10.012179601832644,209.35614697502663
meng1267,aust1307,-4.02372237630996,2.629911629246891
meny1245,anga1289,-15.522678609379485,231.3525063182008
mera1242,aust1307,-4.1793298369921335,2.670647559763552
mere1242,aust1307,-3.9304584773906095,1.934607361029464
meri1244,east2503,-14.61112744733921,232.96502796359772
meru1245,atla1278,-6.386320171816784,5.6151326166798015
meta1238,atla1278,-4.595667504273357,2.4187803602358144
meya1236,east1459,-14.260428291004834,232.1566082652757
mezo1235,otom1299,2.307353056313735,1.3941150593410043
mezq1235,otom1299,-0.6257366215027602,1.3033656674936085
mian1256,nucl1709,-15.07705036710414,232.5810527834082
mich1245,utoa1244,-2.147763609621709,3.5319076983406887
midd1357,pama1250,-3.0615072979529216,4.985157841204824
midd1327,aust1307,-4.811902129785939,3.2570018232153477
mido1240,nubi1251,-12.017409745126942,234.84987366068705
miga1249,afro1255,-3.4352872014699685,4.677122308543687
mika1239,musk1252,-7.941416407648727,184.83887339726112
mikm1235,algi1248,-2.154568156290715,6.323554806448215
mila1245,sino1245,-12.124579267486247,202.0076636771537
mina1276,afro1255,-1.835517438889923,0.8096847678172026
mina1268,aust1307,-1.7746481609690878,2.921656256650237
mini1256,huit1251,-8.728000385868931,213.9007745511162
mini1251,aust1307,-4.278020397068295,2.65939539381543
minn1241,sino1245,-11.325460894521882,199.8403213239017
miri1266,jarr1235,-12.51277484548651,234.10368689377697
misi1243,aust1307,-2.1950868373096206,2.247303685557597
misk1235,misu1242,-6.666160626546089,128.83673921231082
mixt1426,otom1299,3.5327439560587823,2.103935387630372
miya1266,afro1255,-2.4480554320299603,1.6216760379977586
miya1259,japo1237,-10.29972628830233,223.96051601688995
lush1249,sino1245,-11.809245753581113,200.7170813107812
mlab1235,aust1305,-4.633190608868152,4.768151304994518
moba1244,atla1278,-4.315066782273733,4.3551471685102
moch1257,maya1287,2.7001701541677914,1.7615518417298404
moco1246,guai1249,-8.720913414723881,215.38058326384888
mode1248,indo1319,-4.329708546132108,8.41019730810558
hebr1245,afro1255,-0.3114999651573455,1.9166390757432907
moha1258,iroq1247,-9.427726036171975,193.21124124613576
moii1235,west1493,-14.404279636503208,231.9891998287662
moke1242,aust1307,-2.601756062039142,4.147228370748422
moki1238,aust1307,-3.6549755871863,5.414648010798402
mokl1243,aust1307,-2.4041474574639885,3.291810062610523
mokp1239,atla1278,-3.078863064826866,2.0954890489293803
moks1248,ural1272,-11.666165986850428,222.96568455482551
molo1266,afro1255,-1.8536395877300365,0.8265881406845494
nucl1452,momb1255,-13.842433924703824,233.74975223562117
fass1245,baib1250,-15.185355106846412,233.1491382829245
mong1338,atla1278,-6.85875254689864,8.67083548309904
mono1273,aust1307,-1.4842872634300868,1.4739005124058622
mono1270,atla1278,-7.306057691882746,7.560375884995921
mono1275,utoa1244,-3.8839210051466617,7.232672015753735
nucl1458,monu1249,-15.651395835758976,232.24986043313743
monz1249,atla1278,-6.942672235960346,7.150906289700117
mopa1243,maya1287,2.118668375726505,2.464506049383488
more1259,utoa1244,-0.9403401000417286,1.3828653015794146
morm1235,aust1307,-4.101610117991907,4.194875736667996
moro1285,heib1242,-12.810661895485753,233.99416431674743
moro1287,aust1307,-1.5125247513047402,1.5834603567454053
mort1237,aust1307,-3.8927542957103496,5.571897520706784
mose1249,mose1249,-6.950734904969094,190.63154307083224
temb1272,atla1278,-7.161613884073374,7.8705915694816895
motu1246,aust1307,-4.398263175573047,3.286714406190129
mouk1239,aust1307,-4.622353309558846,2.721564530968124
moun1252,koia1260,-15.007045614828966,230.95081420143015
movi1243,movi1243,3.0097938398844626,20.375238721375325
tang1347,aust1307,-3.978278007305227,1.7942198720524516
mpad1242,afro1255,-2.354478455621092,1.799987967402927
mpii1239,sino1245,-14.35846908926178,201.2276898275601
mpot1240,atla1278,-7.10464784564992,9.50437816918219
mpur1239,mpur1239,-14.12163052896452,232.285061161966
mual1241,aust1307,-3.675586878402808,4.063409131524992
mudu1242,aust1307,-4.745304454619482,3.01187199106937
mudu1239,drav1251,-11.813053885311872,230.18551352672736
mull1237,nort1547,-12.827837599722612,233.38046289548532
nucl1240,atla1278,-6.034989926863263,3.5433498765970057
muna1247,aust1307,-1.377669655992408,1.3769925245499903
munc1235,sino1245,-12.561853187395297,201.8681711889783
mund1328,atla1278,-5.134367654259423,2.631970539534421
mund1325,atla1278,-6.440671983023536,3.4914642496308943
mund1320,aust1305,-3.4091963602483206,4.270732848371949
mund1326,atla1278,-7.913916654563292,7.728363404634905
mund1330,tupi1275,-10.702400427534029,194.31876738360705
abar1238,atla1278,-5.106883338279765,2.613540836431582
murl1244,surm1244,0.948518991682521,1.8031566230772569
murr1258,sout2772,-12.432701201502468,233.5495169627195
muru1274,huit1251,-8.367348044894635,214.0142044585933
muru1266,pama1250,-3.421626994273584,5.6055743128824815
musg1254,afro1255,-2.700304027854145,1.4843450471894926
muso1238,aust1307,-4.870169085112894,3.013084429346719
muss1246,aust1307,-4.757900886124054,4.436959416200693
muyu1244,aust1307,-2.0089116207981395,2.109115802263773
mwag1236,afro1255,-1.823736807820332,1.300808047799734
mwan1250,mand1469,-9.78380217290844,208.81769306397663
mwan1247,atla1278,-6.960107288206392,9.70702306506172
mwer1248,atla1278,-7.46113064919781,9.16878874225506
motl1237,aust1307,-3.879387680477604,2.462997609815943
naba1256,nucl1709,-15.669382671516116,230.1574271272173
nade1244,nada1235,0.7529836844184778,3.2006085222365077
sout2857,aust1307,-4.025407154406826,1.564011024395029
naka1262,aust1307,-4.136543618132702,2.6072129844786787
nalc1240,nucl1709,-14.91659605083334,232.62389083089448
nali1244,aust1307,-4.569763830250511,3.2097036092685016
nama1268,aust1307,-4.085365712779514,1.897799707289039
litz1237,aust1307,-4.181294524869751,1.4969825520796007
namb1293,more1255,-14.401261128744608,233.45261223224253
nami1256,sepi1257,-15.186156569364236,233.0886418323203
namu1246,sino1245,-13.06097886071789,203.16728735301328
nana1257,tung1282,-11.382545737607042,233.83299349519143
nand1266,nilo1247,1.2269201505698284,1.3688213358926191
nang1262,aust1307,-1.73693198622715,1.5671586228768888
nara1262,nara1262,-12.505752895455853,233.9622602693543
nati1244,aust1307,-4.065472012386467,1.535790351537628
natu1246,aust1307,-1.5886136327307518,1.5710710399447407
naue1237,aust1307,-3.517911101028917,3.0182603333352063
naur1243,aust1307,-3.105415883692892,5.674494932859886
nava1243,atha1245,-11.149924251055022,225.95763349897007
nawu1242,atla1278,-4.696290655846966,3.9867602063313257
ncan1245,atla1278,-5.243316713332211,2.7042785291372127
ndam1239,atla1278,-7.590619493023507,8.382308500798729
ndog1248,atla1278,-8.276971607374183,7.635413777139263
ndom1245,kolo1268,-13.862291903398951,233.5306042739346
ndun1249,atla1278,-7.359875029566392,8.191150729664116
nege1240,aust1307,-3.1094878133003245,3.1858224053945605
negi1245,tung1282,-11.402231164692129,233.90922782802485
neha1247,aust1307,-3.625235879515781,2.6418377112012763
kuma1276,aust1307,1.866724680054208,1.3787875200291635
nenn1238,more1255,-14.455475221786182,233.42564225354548
nend1239,nucl1709,-15.596505781631535,231.40785894775476
neng1238,aust1307,0.1428566988103377,1.5495082129507978
nucl1706,afro1255,-2.7373924423199654,4.273983136687576
nepa1254,indo1319,-6.312657271260887,11.110878690703627
nese1235,aust1307,-4.114042727736794,1.5777820355964138
vinm1237,aust1307,-4.160260589014835,1.4959939980863908
ling1265,aust1307,-4.20618159364146,1.4800237490445056
nezp1238,saha1239,-10.92454605084614,232.9288180248376
ngaa1240,pama1250,-2.357073657093977,4.317490354160498
ngab1239,chib1249,-7.987199883050763,101.44142911096202
ngal1292,gunw1250,-1.121065683226508,2.376732292694527
ngam1268,cent2225,-11.819163060283252,227.5489336792729
ngan1291,ural1272,-11.50502159183848,224.09848804290155
ngan1295,gunw1250,-0.364124582445438,1.9761329195194437
ngar1235,pama1250,-2.7353982592273223,4.252881821142836
ngar1284,worr1236,-12.443128053724068,233.95919304952747
ngas1240,afro1255,-1.532273188417804,1.146530843620127
ngba1284,atla1278,-6.94256790056425,6.981467870270478
ngba1285,atla1278,-7.028638297598295,7.313890575411392
ngge1241,nucl1709,-14.881539623135104,232.39682904022743
ngit1239,cent2225,-12.97437110166926,230.5181599166824
ngom1268,atla1278,-7.083932117754662,7.886444386500074
nhan1238,pama1250,-1.5586731460802312,3.0332854586596625
nhen1239,tupi1275,-8.90919468179528,189.99334592181947
nias1242,aust1307,0.27362745932375,1.8892390271819863
niha1238,niha1238,-12.70868950069967,235.41053430980708
nila1242,atla1278,-7.421242379006154,6.638232641349248
nucl1633,nimb1257,-14.959578339768766,233.22149461091036
nina1238,yano1268,-9.99219322418565,221.62270041270145
labo1244,aust1307,-4.054395319431244,1.540349813933318
nisg1240,tsim1258,2.862356322158213,18.07222631420524
niua1240,aust1307,1.853260263467158,2.8820148803793018
niue1239,aust1307,2.780540983621945,5.215687430171897
niva1238,mata1289,3.016659409776496,20.51916191181553
njan1240,atla1278,-5.519874887956639,3.2541535674428133
nkon1248,atla1278,-4.6206313949929685,3.6603939273915103
nkor1239,ijoi1239,-8.023553162261567,215.43044929945043
noct1238,sino1245,-12.149731758265734,201.3622294187166
noku1237,aust1307,-3.670426682070101,2.260909824813126
noma1260,atla1278,-4.5657480271183575,2.7429136117348776
noma1263,araw1281,0.6793125809016001,1.293170658931558
noon1242,atla1278,-4.335894893210839,6.403255692256209
noon1243,atla1278,-5.207477101841414,2.687273642797948
nopa1235,otom1299,3.3425720797941576,1.7449222177714034
nort2839,aust1307,-4.386017549321417,1.6608686959750685
nort2697,turk1311,-11.97715601635858,227.78277158521252
darg1241,nakh1245,-11.980719152709192,228.23445317303373
nort2930,kiwa1251,-15.271352882532636,232.31649745601305
nort2836,aust1307,-3.6615291055182233,1.8380330012744253
nort2972,choc1280,-7.63142319526934,154.36320938805778
nort2702,drav1251,-12.803200772619777,227.11696260496612
gumu1244,gumu1250,-12.695772636295724,233.5532997666852
nort2938,haid1248,-9.8595167527644,231.96617106126368
sing1264,sino1245,-12.20117876626184,201.5001145694868
nort2877,aust1307,1.7518556772257678,0.9574309208987302
nort2684,aust1305,-5.090610573225555,5.077860256300198
lush1252,sali1255,2.59036828397216,3.3769879758922343
nort2774,atla1278,-7.519396947539438,8.16552446603697
nort2954,utoa1244,-3.721523097724696,7.56776867486235
nort2957,utoa1244,-1.036997347243002,1.0949492655819313
nort2723,sino1245,-13.006566842839836,203.13407595001533
nort2747,hmon1336,-12.754865315143755,233.93644710137005
nort2722,sino1245,-12.6073205573571,204.4626445400025
nort2994,aust1307,-3.746113066943876,4.128614434047506
nort2885,aust1307,2.766454839853832,1.8445590582792304
nort2959,utoa1244,-0.6645580677954435,1.7840705220922928
tosk1239,indo1319,-4.770769869937215,7.75294417376179
nort2732,sino1245,-12.718848380167715,204.0492858602549
nort2690,turk1311,-11.968096342392878,231.74449833055183
yoku1256,yoku1255,-10.8620949401615,234.5011193933457
nort2745,yuka1259,-11.102024088517018,238.45081148135088
nort3047,afro1255,-1.9027506496820124,0.8349802922784875
nort3139,afro1255,0.8817731413029861,1.8175621227943568
nort2845,aust1307,2.293824011166436,5.881711829521123
nort2671,ural1272,-11.196446674354329,223.35174618163535
nort2942,atha1245,-10.536638634571013,228.83553146369223
nort2847,aust1307,-2.839115631957448,1.5635535322309977
nort2961,algi1248,-1.2842861206352971,3.631166189314911
nort2775,atla1278,-6.530092105614163,5.440689969380173
yaki1237,saha1239,-10.894004020717386,234.03241885132485
nots1237,aust1307,-4.492703020389778,3.0991827314265947
nsen1242,atla1278,-6.742155586399664,10.666352250433476
nuer1246,nilo1247,-1.4403461918922569,2.553029113641287
nugu1242,atla1278,-4.719574164081161,2.881367070142602
nukn1238,nucl1709,-15.72145789782763,230.24584198497973
nuku1260,aust1307,-4.032149004090108,5.702372812225633
nung1282,sino1245,-12.90026720192899,202.21835831428297
nupe1254,atla1278,-4.230703427317705,3.558437512325355
nuuc1236,waka1280,3.365846357185312,17.389381687484814
nyah1249,aust1305,-5.153312784909747,4.480831139110421
nyah1250,aust1305,-4.661701763904128,5.359248792002632
nyak1260,atla1278,-7.212006739243588,9.10021434598704
nyam1285,afro1255,-2.215682432341957,1.6360049858001275
nyan1307,atla1278,-7.567801775061846,8.09640006649326
nyat1246,atla1278,-7.439571488869464,6.672501795967605
nyis1236,sino1245,-11.799017399156948,200.80365593390488
nyor1246,atla1278,-7.628140327522271,7.560885625419416
nyun1247,pama1250,-2.424358485258676,5.170050231031269
nzad1234,atla1278,-6.635486190913932,9.278016203275456
nzak1246,atla1278,-6.834398724852388,5.117224444798239
nzak1247,atla1278,-7.745081766620137,8.296313887286374
obok1239,lake1255,-14.854551602059772,232.6881405292845
obom1235,aust1307,2.06685880590363,1.1865127514284666
occi1239,indo1319,-3.98347342741999,6.346443630910983
ocot1244,otom1299,3.364843222806339,1.5192313506222774
oriy1255,indo1319,-6.782103436255681,9.859990215970925
ofay1240,nucl1710,-8.457797093374886,200.17803173535992
kalm1243,mong1349,-11.754477166420852,233.9777741352889
okan1243,sali1255,0.5954540916608426,2.1038002371501534
okin1246,japo1237,-10.611540475676762,226.5787006736946
okoe1238,atla1278,-3.312288192167716,2.362920358108056
oksa1245,nucl1709,-15.138799691634873,232.4998648831937
okuu1243,atla1278,-5.088573544072892,2.6290634163634365
oloo1241,nucl1708,-14.936852193953648,232.95102308309276
olut1240,mixe1284,-0.7956166207789792,2.807894281792727
omah1247,siou1252,-8.552454752565344,223.49290716928687
omie1241,koia1260,-14.848503933605562,230.7285552261697
onge1236,jara1244,-9.831004555070322,230.38660410853777
bira1253,bira1253,-12.991489818097184,232.2026496252639
onon1246,iroq1247,-9.044946207733757,192.71589453083467
orma1241,afro1255,-3.16391432661473,4.495068199002503
oroc1248,tung1282,-11.392772646617978,233.86418911996748
orok1265,tung1282,-11.403870832574556,233.93290462437352
orok1269,nucl1709,-14.895272284904827,230.098538875967
orok1266,atla1278,-3.5297925053353048,2.1090127700402377
orok1267,nucl1580,-15.285269098353847,231.95124504609345
orow1242,aust1307,0.8865437002832675,0.9145922999338438
orya1242,toro1256,-14.957225825002531,233.19044062232243
otor1240,heib1242,-12.820602282005572,233.93559249014663
otta1242,algi1248,1.421218506703573,3.530903224860793
owaa1237,aust1307,-1.7615318042118933,1.96480284107588
paaa1242,afro1255,-2.3702164357586497,1.7191158271116365
paam1238,aust1307,-4.302798030571571,1.6773626249613187
paas1238,atla1278,-4.397809252703317,4.132148860242523
paco1243,aust1305,-4.958713006325081,4.768462560659572
paez1247,paez1247,-7.486883693949764,207.1188855438149
pagi1243,atla1278,-7.513743504451908,8.252873923903962
pagu1249,nort2923,-12.671870415239198,231.1544765264608
pahn1237,hmon1336,-13.769760209970636,232.12190573133
pait1244,sino1245,-11.635475270771195,199.9855604333625
pala1344,aust1307,0.7204573841188626,2.35191847041574
pali1279,araw1281,-3.5660969539878664,7.6340412897150145
balu1257,aust1307,-4.971642837514831,4.102307294433928
pamb1243,atla1278,-8.01312320075263,8.357691560960802
pamo1252,aust1307,-0.356731375452652,1.396384230518578
pana1307,nucl1710,-11.192939321733435,200.81476222153924
enap1235,cari1283,0.2600208514387354,2.605785760477005
pang1290,aust1307,2.888521534695992,1.5629384933818642
pang1291,aust1307,2.150912550060079,2.01721415836866
pang1287,atla1278,-7.191141517280282,9.09223570920551
pano1254,pano1259,-3.7508154907255298,3.659174505594081
pany1241,pama1250,-0.5256106616328164,1.770574749768997
papa1238,toto1251,4.422683704366049,17.885951747993147
papa1265,aust1307,-2.8659997809201982,1.721666080348598
para1302,sino1245,-12.096216642992244,200.87759205263595
para1316,araw1281,1.913581528692351,3.2068223177184336
pare1272,araw1281,-1.907736829464877,3.487105509279189
pate1247,aust1307,-4.811626051695976,3.1090770788409543
patp1243,aust1307,-4.304598009752744,2.785595958110889
patt1248,sino1245,-12.44580720975818,204.73052374813452
paul1238,aust1307,-3.795774029191224,3.3427550268248183
paun1241,araw1281,-0.5095242600064847,1.796975099736045
pawa1255,pawa1255,-15.435959057824554,232.0311731609712
pawn1254,cadd1255,2.9399848007120486,19.263378841366745
pech1241,chib1249,-6.949639475070199,101.36265610129492
peer1241,atla1278,-5.995814897838667,3.749868195788565
pela1242,sino1245,-13.297312268114812,200.60000065701843
pele1245,pele1245,-14.56992997104931,230.5555546419951
pemo1248,cari1283,-2.6908671539668507,4.2113196817015535
pend1242,aust1307,-1.6199178269154668,1.5215565630544177
peng1244,drav1251,-13.013439678685517,226.0550279779476
peri1253,mong1349,-11.743094016805786,235.88216471897792
phak1238,taik1256,-11.791402783273645,232.448684555671
phom1236,sino1245,-11.969117855095927,200.8049599600339
pila1245,guai1249,-8.196705990034182,214.2593318025636
pima1248,utoa1244,-2.688122379804595,2.668953594073741
pina1252,piaw1238,-15.488206350020931,232.5362026475647
ping1243,aust1307,-3.664938699780869,5.428734559378029
pipi1250,utoa1244,2.161917849644091,3.7836939004743897
pite1240,ural1272,-11.129847424408553,223.15658223179975
plat1254,aust1307,0.7905732670010028,2.5168801604394844
pnar1238,aust1305,-1.0013592445998292,1.8003933415309064
pohn1238,aust1307,-3.682780320391979,5.637361514684869
poko1263,nilo1247,1.0708665095122054,1.555469424191557
poli1260,indo1319,-5.07921646911545,9.508748668050828
popt1235,maya1287,2.6567589833707483,1.510677651470928
port1285,aust1307,-4.19644704220332,1.5239669031311678
port1283,indo1319,-3.174512177141982,5.871588989590066
phai1238,aust1305,-4.644187794208279,4.633647798552715
pras1239,indo1319,-5.691729135653088,13.157589684180778
psik1239,afro1255,-1.1904556100664507,0.6746992649550805
puin1248,puin1248,2.928404304872421,19.05217824148602
puka1242,aust1307,2.762919330353668,5.797581647471077
pula1263,atla1278,-4.2207918349678994,5.768205408157371
pula1262,atla1278,-4.542445439460044,5.991006623793652
pulu1242,aust1307,-3.332554866985533,4.799187366715358
puma1239,sino1245,-12.54365122444742,201.32705711740817
pura1257,pura1257,-15.290601023299027,232.1303394147909
pure1242,tara1323,-9.133090034265944,227.8715541386192
puri1258,sino1245,-12.366727922396093,204.9626770592543
puyu1239,aust1307,0.8160176627224232,0.9394353884324572
qanj1241,maya1287,2.4572796970645268,1.5686794049554749
qaqe1238,bain1263,-14.785835382550998,230.6212218930694
qawa1238,kawe1237,-10.597869672959344,237.86137418404877
qima1242,afro1255,-4.082807256773062,5.300002697804956
quer1236,otom1299,-0.8224626327930675,1.4682755187037628
quio1240,otom1299,3.052255299179945,1.5017340669623422
rabh1238,sino1245,-11.670439274088436,199.33627855051213
rade1240,aust1307,-3.9044713639928874,3.979243415604316
raji1240,sino1245,-12.703426756668192,203.29390161920608
rama1270,chib1249,-7.546403777171792,100.98180787468443
ramo1244,aust1307,-4.229531042874716,2.660474531548573
rapa1244,aust1307,1.931941985775252,5.335551742771486
rapo1238,nort2933,-0.0437709395126812,2.165696544372281
rata1244,aust1307,-1.8133761332337777,2.722477051781368
rawa1267,nucl1709,-15.704169590387735,230.7316711829632
reja1241,aust1307,-2.954886525396547,2.602656861356735
remb1250,aust1307,-2.4366690476786026,1.799392620284948
reng1252,aust1305,-4.976043422662072,4.538862134363001
rere1240,aust1307,-4.241348377927899,1.4791347918022666
resi1247,araw1281,-1.55230572829862,2.751997523456623
reye1240,pano1259,-1.157253791016343,2.5196325662842867
rian1263,kolo1268,-14.067240588294798,233.56916346007424
rikb1245,nucl1710,-10.306354894320467,200.898646351136
rita1239,pama1250,-0.4133815364961855,2.093449108694955
beka1241,aust1307,-3.713460481558096,4.308682491470222
roma1326,indo1319,-4.521117276774215,6.838321382839155
romb1245,aust1307,3.601898601673284,2.602908174691777
ronn1241,afro1255,-1.764100677146267,1.2528519598503465
rong1266,sino1245,-11.593148645861485,199.84811932432385
rong1264,sino1245,-12.573777998761328,204.1275291801148
roto1249,nort2933,-0.1951807465474715,2.167795326351097
rotu1241,aust1307,-1.5149746388275336,3.0645394937371577
rovi1238,aust1307,1.6455964556374545,0.95661623951014
ruch1235,aust1305,-3.836268000219105,3.9871004898911337
ruka1240,aust1307,0.8297627198221953,0.8941904302992612
ruma1248,aust1305,-3.306387403779773,4.052637098349265
rung1258,maba1274,-12.828504837270486,234.4083922968031
rung1259,aust1307,0.2698171640423137,0.958548782231901
russ1264,mong1349,-11.589749635464832,236.21388494611503
russ1263,indo1319,-5.183499210588323,13.898615696768983
rutu1240,nakh1245,-11.994900767031767,227.9331639339157
saaa1241,aust1307,-4.419449854566746,1.7890893885115131
saaa1240,aust1307,-1.576048060914955,1.1691118430866825
saar1237,aust1307,0.6486394626383003,0.7697171332591211
saba1268,namb1299,-9.424830082853097,225.73949810814128
sais1237,aust1307,-0.1985219519940742,1.1941678298330771
yaku1245,turk1311,-11.421890006984912,232.5536659113683
saki1247,aust1307,0.2833645749663418,1.0104878440698144
tsis1238,atla1278,-4.643737207341167,4.095191142833642
salt1242,nucl1709,-15.52373058339657,231.28424277386264
samb1311,atla1278,-5.949158952226314,3.5429685233868327
samb1305,atla1278,-5.982992525253272,3.5538722811282923
samo1303,east2433,-15.004478244945728,233.32621999158152
samo1305,aust1307,2.697737105156012,4.218424366337217
sana1295,afro1255,-3.343039912629031,6.740878488120217
sanb1242,chib1249,-8.197951027739137,101.98298881860823
sand1273,sand1273,-12.617384498396854,232.80754257226647
sand1278,huav1256,3.2532604290833103,24.929383029680597
sang1331,atla1278,-6.934682531481254,10.24766855583323
sang1321,sino1245,-11.917179204962764,200.51648157070437
sang1330,atla1278,-7.28965977823119,8.58170801862525
sanm1301,otom1299,1.8388335315511792,1.5545464753664646
sanm1289,quec1387,-8.070511298399197,143.96088729057493
sanm1295,otom1299,2.84027488741655,1.2205887227423204
sant1410,aust1305,-2.980389183528958,4.050786014999886
sant1451,otom1299,3.560243503789497,2.324915995741208
sant1436,otom1299,2.6423310624722003,1.3301663008544722
sanu1240,yano1268,-9.397488957082722,220.80323117730492
sapo1253,aust1307,-2.956586993067601,1.9207929602956424
sapu1248,aust1305,-5.103190074917904,4.476200106087305
sara1321,cent2225,-12.449694579555787,229.59345548203456
sars1236,atha1245,-11.28913717147744,225.62594536759772
sasa1249,aust1307,-2.686387452409887,3.353134840069288
sata1237,aust1307,-3.0243299246528297,4.418950650663874
saur1249,drav1251,-12.5169605686885,226.03226247007925
savo1255,savo1255,-10.19900771113521,227.0466198259202
saya1246,afro1255,-2.065882545877379,1.214889920475656
seda1262,aust1305,-4.927821384421726,4.606654601673171
seim1238,aust1307,-4.553673383899748,5.172948397203072
seke1241,aust1307,-4.42653435112525,1.7938789363918204
sela1259,aust1307,-3.453689824471184,4.4324422487184165
sela1260,aust1307,-1.6477944037219905,1.4815134685196083
sele1249,atla1278,-4.306055625767517,3.6185425876964814
sele1250,nucl1709,-15.718866727605286,230.1773524865451
selk1253,ural1272,-11.592858249683728,224.04194015326183
sema1266,aust1305,-4.030912617132728,4.382539798256431
sema1265,aust1305,-4.478365505293258,4.88281111435947
seme1247,aust1305,-4.340592124035521,4.896139794282618
sene1264,iroq1247,-8.66951058311474,192.22380799301848
seng1281,aust1307,-4.249566301554283,2.668943459853722
nucl1632,sent1261,-15.00400056373239,233.25064188382188
sout1528,indo1319,-4.964645318777864,8.222484956356709
seri1257,seri1257,-10.622935360833148,233.9369585206171
shab1252,shab1252,-12.607133627355106,232.867331152846
sham1280,atla1278,-7.278655206201423,7.072833835559379
shan1283,pano1259,-3.341168705792781,3.099114967326443
shaw1249,algi1248,1.7620163642602744,4.210857911666608
shee1238,hmon1336,-11.66419726823226,232.40780361011176
biao1253,taik1256,-12.0406696406363,232.34578341511715
shil1265,nilo1247,-1.6465660977048753,3.0330646771263616
ship1254,pano1259,-2.8621221570078763,3.00102369296161
shix1238,sino1245,-12.96502026842878,202.9252344708741
shol1240,drav1251,-11.88002999811308,229.95073636380775
shon1251,atla1278,-6.919883382497579,10.969439824441508
shor1247,turk1311,-11.624435579195492,232.41451017136532
shos1248,utoa1244,-3.9696999105300224,7.438583378697331
shua1257,jiva1245,-7.692859988062218,164.60471598753503
shwe1236,aust1305,-3.4715087227651624,4.07892502428686
siam1242,siam1242,-9.62167659786485,229.5385741220715
siar1238,aust1307,-3.9528921212452577,2.653580735177627
siaw1243,amto1249,-15.106331893986884,233.27204924090773
sich1238,sino1245,-13.142959998241366,203.0370720969688
sici1248,indo1319,-4.457749990795675,6.827569054138792
sici1249,atla1278,-4.392702621008428,4.536497821948927
sida1246,afro1255,-4.354440634056576,4.448452220017884
siee1239,aust1307,-3.105341457827916,1.8017920981526745
sier1250,otom1299,3.1311185428570365,1.4754597886660292
sier1248,utoa1244,1.093099112167062,1.587850486051252
sika1261,aust1307,-2.344099512981982,2.331693852036608
siks1238,algi1248,-2.4054207655408213,5.84344356511528
simb1256,aust1307,1.083297291773846,1.1588143912228477
sina1266,aust1307,-4.304366562474546,3.0963812150679075
sioo1240,aust1307,-4.920154255841612,3.018943910656759
sion1247,tuca1253,-0.8611967854417291,2.257567774366862
siri1274,tuca1253,-3.388140436000211,3.257732120716753
siro1249,nucl1709,-15.737963063440382,230.74320940011825
sile1255,nucl1709,-15.650747205704846,231.23389745281443
sisi1250,aust1307,-0.7568592484860588,1.302439041154514
situ1238,sino1245,-12.672130865255513,204.2318401107898
siwa1245,sout2948,-12.856834915044702,229.22606393014885
siwi1239,afro1255,-0.9919900226310788,2.758901060804845
siwu1238,atla1278,-4.307931007241662,3.611101595550309
skol1241,ural1272,-11.248399560249446,223.4655345664552
slov1268,indo1319,-4.920315510269004,7.955224560871756
sooo1254,aust1305,-5.063481486676267,4.8218331819145135
sobe1238,aust1307,-4.053273602275661,4.937352421131493
soch1239,otom1299,2.88535546861492,1.573448453985634
soga1242,atla1278,-6.932299312975593,6.706287632135911
soni1259,mand1469,-9.59280770641652,208.50445463743768
sons1242,aust1307,-1.207923806200002,2.64306826748188
sooo1256,kuli1252,3.648482121279118,15.543286215686493
mani1235,east1459,-14.354093363121828,232.0471810216264
koon1244,atla1278,-5.699307927388051,8.86203317935366
sout2859,aust1307,-4.361916393284008,1.6790475729616787
sout2976,utoa1244,0.0435816892096916,1.935995348800816
sout2856,aust1307,-3.568011182611521,1.8549523023127108
sout2954,japo1237,-10.684537398070267,227.02519099786423
sout2996,ayma1253,-7.704845713045055,176.41557107652807
sout2730,sino1245,-13.199893780573657,201.6858766531986
raro1241,aust1307,2.6534797602907183,6.227244199101278
sout2741,taik1256,-12.710682159482984,233.14915073312687
sout2715,sino1245,-12.637530564048484,202.26449308990448
sout2826,krua1234,-10.137631115556902,234.2742418200613
sout3236,gumu1250,-12.661127502010633,233.35632445302332
sout2956,haid1248,-9.843376179698312,231.906682036375
kach1280,sino1245,-12.846452588896868,201.14091668150817
sout2949,kiwa1251,-14.723192168096585,233.13406845906545
sout2994,namb1299,-9.442942959158575,225.56655856036355
sout2649,indo1319,-5.711742034718235,13.14633832221557
sout2729,sino1245,-13.079538275072144,202.7340962814598
sout2728,sino1245,-12.695924120341534,204.27385340999345
sout2918,aust1307,1.1360562951265898,1.5450047376676252
sout2985,miwo1274,-10.720596906754157,233.157590452863
sout2807,atla1278,-6.3566888776580335,12.675414168435507
sout2797,atla1278,-4.426909393640194,4.191239421095986
sout2679,ural1272,-11.354972705470384,222.31103283549152
sout2782,atla1278,-6.118392650389273,3.4458965120797416
sout2895,aust1307,-3.8735258703791153,3.343150292622454
sout2674,ural1272,-11.012412525399728,222.91827069594817
sout2959,atha1245,-10.935668466177075,228.52172880626625
para1301,aust1305,-4.008341919235954,4.160294126261476
sout3261,nakh1245,-11.992903959852136,228.1494430273976
sout2869,aust1307,-2.7083561167611823,1.540722831260382
stan1318,afro1255,0.1995786953827973,2.431541682412046
indo1316,aust1307,-3.018637644115346,5.104361726916011
stan1306,aust1307,-2.9084714041190782,3.0290772021621137
horp1239,sino1245,-12.692826587012648,204.0108123449484
suab1238,sout3418,-14.674049634411732,232.04314411171384
suba1238,atla1278,-7.068515880780932,5.951970689712425
sude1239,aust1307,-1.818894525330741,2.601144701513306
suen1241,nucl1709,-15.267163983051743,230.19819958088524
suku1272,afro1255,-0.6242512695772291,0.5952476706777361
sulk1246,sulk1246,-14.532214361935283,230.61022926246693
sumi1235,sino1245,-11.853662141513151,200.45856481465145
mari1426,aust1307,-4.313162995456701,2.1973416487485906
sunw1242,sino1245,-12.572048577359585,201.67827736814587
supy1237,atla1278,-4.30961461266294,4.949490737774539
surg1248,ural1272,-11.602717205187934,223.98991852502803
surs1246,aust1307,-4.186825494692548,2.7481452209448207
suru1262,tupi1275,-9.555220464229462,192.72399225521733
swah1253,atla1278,-7.283232187344823,8.45720524623431
swed1254,indo1319,-4.980034253960321,10.978598280887836
taba1263,nort2923,-12.825568047111169,231.170621670086
tabo1241,tabo1241,-14.859982775535492,233.08814229068852
tafi1243,atla1278,-4.267467679158474,3.761026755402952
taga1272,aust1307,1.9306847527564468,1.240966383330914
taga1273,aust1307,-1.0737311086409758,1.308400986802155
taga1270,aust1307,3.5844511027576047,2.5538906673695863
tagi1241,sino1245,-11.946821686947327,201.4248560180722
tagw1240,atla1278,-4.948116765860847,5.412401225431552
taha1241,afro1255,1.372889504647148,3.1875622359808915
tahi1242,aust1307,2.678111499935703,6.27527884507424
taia1239,taia1239,-15.29472980030377,232.45756684997005
tain1253,anga1289,-15.447331803254656,231.65518400987787
taji1246,aust1307,-1.513994615927157,1.4641363083215992
taki1248,aust1307,-5.285636296619832,3.850273003658288
taku1257,aust1307,-2.7056169105281604,2.7501946740808307
binu1244,aust1307,2.241845188344371,1.3709495998128889
tali1259,aust1307,0.0975352821772936,0.8829648534213845
tama1331,tama1329,-12.29969160133033,235.4051544381014
malo1243,aust1307,-4.06593904184087,1.6744414206803526
tama1365,afro1255,0.8578363655366488,2.701940963033593
tamb1254,aust1307,0.2604710516554736,0.8508082620688242
tami1290,aust1307,-5.014091454994499,2.8891254650265523
tami1289,drav1251,-11.647008561493502,230.03843270361904
tane1237,aust1307,-2.9360111325915623,2.047585914986314
tang1377,sino1245,-12.100578149932414,202.1685053825241
tang1373,sino1245,-12.296427854470457,205.2832207432463
tani1257,tuca1253,-3.211325062157705,3.743972098481038
tara1313,sino1245,-11.801326415736414,200.16401461658265
tari1256,araw1281,-1.3195112356208245,1.842574982995956
tari1263,afro1255,0.5032573284224142,2.2252295247777454
tata1258,otom1299,3.103828564134467,1.5478194190132797
tata1257,aust1307,-0.1304586221234256,1.0993260556227824
tata1255,turk1311,-11.691167519595645,231.58496302102515
taul1251,taul1250,-14.704998788657356,230.57631001414373
taus1253,taus1253,3.0278898996141344,20.69088793842542
taus1251,aust1307,0.9562761274653332,1.2509780715413967
tauy1241,nucl1709,-15.642406236729204,231.0701125476808
tawa1275,aust1307,-3.049916351022362,1.96330820711853
tawa1286,afro1255,-1.0821265853423654,2.6397271549819266
diga1241,sino1245,-12.421114632509031,202.38411818897973
taya1257,afro1255,0.6831940679151458,2.456284996044218
tbol1240,aust1307,1.81305263685225,1.4558094973176594
tean1237,aust1307,-2.901743001524464,1.9996375091562868
teda1241,saha1256,-10.878435266016943,230.33069450154665
tedi1235,sino1245,-11.706671176687712,200.1850180564273
tega1236,rash1249,-12.69360508434132,234.4561862849982
tehu1242,chon1288,-10.48603864804781,237.66433578944185
tekt1235,maya1287,2.7047046963948382,1.7075854206221663
tele1256,nucl1709,-15.072955304422464,232.58660520077024
telu1262,drav1251,-12.472828420123603,228.6259722441806
temi1246,aust1305,-4.1872805668115145,4.423624018371356
temo1245,otom1299,-0.5465414084123452,1.2927449369285569
temp1235,aust1307,0.785831493861938,0.8586316961483362
teng1272,aust1307,-3.067395946086913,3.973465290856524
tene1248,dogo1299,-8.699718868406874,197.95224200398383
tenn1246,surm1244,0.942450332968507,2.392309556382088
teop1238,aust1307,-2.935600159453772,1.8485597187210487
tera1251,afro1255,-1.9967431845532888,1.4961657324745945
tere1278,sout2948,-12.644424976338954,229.1548667655251
tere1279,araw1281,0.9017159457560328,3.1435364599429363
teri1250,chib1249,-7.924971405369463,101.31975990444867
term1237,aust1307,-2.165192081047381,2.1469061696577967
tern1247,nort2923,-12.774065647900096,231.03564452645404
tete1251,utoa1244,-0.7066496178248958,1.3326603922605784
tezo1238,otom1299,2.310451237465907,1.2471651577602645
thad1238,sino1245,-11.665704784678487,200.0180027734873
thai1261,taik1256,-13.848839623681153,231.36330342717443
thak1245,sino1245,-12.645200601603422,202.82276045182428
than1259,sino1245,-12.511243950424596,202.37441165257823
thao1240,aust1307,-0.1943224833048713,0.7929060645573713
thar1283,atla1278,-6.535301048361174,5.837866145850228
aheu1239,aust1305,-4.982378479195026,4.920517321597288
thay1249,pama1250,-3.4958315659732992,4.105240425726151
thul1246,sino1245,-12.398413273714604,201.4026133418793
tibe1272,sino1245,-12.003853281771162,201.4160226678445
ticu1245,ticu1244,-8.98331076563165,227.50849218603096
tido1248,nort2923,-13.18171618631736,230.98898791535495
tief1242,atla1278,-4.452957186587175,4.165043795462623
tief1244,atla1278,-4.422058830192093,4.130773741849509
tien1242,atla1278,-6.073216992744159,8.101077830637394
tiga1245,aust1307,-4.660254739258551,3.4459951458092064
tigo1236,atla1278,-5.452183994290258,2.942366549639587
tika1246,atla1278,-5.37267969756671,3.254417422414462
tiko1237,aust1307,-3.5356539810466545,3.1190584260789933
tilu1238,sino1245,-12.575500700958225,201.4824719211533
timn1235,atla1278,-4.983803045541095,6.721642603110212
tina1248,aust1307,2.8365951343457,1.8854142334175776
tira1254,heib1242,-12.840853087833503,233.8346423168913
maee1241,aust1307,-4.138734711546452,1.5440025418969583
tiri1258,aust1307,0.5813209924771403,0.920004281585136
tiru1241,aust1307,2.0303205115272966,1.2933681148875849
tita1241,aust1307,-4.9280282755858105,4.291487542438858
tivv1240,atla1278,-4.747141456235139,2.5985315147866004
tiwi1244,tiwi1244,-12.987561999869143,233.0383005545832
toab1237,aust1307,-1.2376529639983147,1.0148103774250217
toar1246,nucl1580,-15.30716685558929,231.4328209706107
toba1268,leng1261,3.043339424259104,20.962796301932087
tobe1252,nort2923,-12.804578472867393,231.17095717853988
toda1252,drav1251,-11.831726151260613,230.06540538768976
toho1245,utoa1244,-3.717969565346959,5.485553629605136
tojo1241,maya1287,2.6046831425339043,1.8793478264656187
toke1240,aust1307,2.430612037512546,4.78959937613331
toll1241,jica1245,-6.021232446605925,149.1747187646415
toma1245,mand1469,-9.889581014898264,209.26006048138865
tomm1242,dogo1299,-8.591763444028011,198.08737613317868
tond1249,song1307,-8.274765229191374,189.69390364291175
tong1325,aust1307,2.1219278428094555,4.494324426757373
tong1318,atla1278,-6.55597561912704,11.049051232201862
tora1259,aust1307,-2.545848917800676,1.649183623564625
toto1302,sino1245,-12.199716402953408,200.69325922946135
touo1238,touo1238,-9.132183450696049,223.67275135063392
trin1274,araw1281,0.0047228782319788,1.9381769725766844
trio1238,cari1283,-3.966183426099565,6.229870018517545
trum1247,trum1247,-10.932842312435442,232.89863637609176
colo1256,barb1265,-7.657697287612499,176.0253090454882
tsam1247,afro1255,-4.170324701361057,3.892007428109025
tsat1238,aust1307,-3.1465579563084205,5.520283620525845
dido1241,nakh1245,-11.94197402076032,227.4294044805012
tsha1245,sino1245,-11.75171811334422,200.49418284096197
tsix1234,khoe1240,-11.583695473728715,236.41689874976035
tsog1243,atla1278,-4.624873400329305,6.493932006027478
tson1249,atla1278,-6.492121737526875,11.709209187408646
tsou1248,aust1307,0.4312019997352649,0.7257211681412059
tswa1255,atla1278,-6.220169886218952,11.583002471908287
tswa1253,atla1278,-6.215563354117697,12.084262301921058
tuba1278,utoa1244,-3.741079811458386,6.59010211226115
tuca1252,tuca1253,-3.3509809705466784,3.2063050673228872
tuge1241,nilo1247,1.226682019932369,1.4967296485946235
tugu1245,aust1307,-3.5987190449205317,2.959176729550961
tuka1248,aust1307,-2.006828462436701,1.966320594635817
tuki1240,atla1278,-4.9553733330389935,3.139830552807382
tula1252,atla1278,-6.099258479821479,3.524711467543085
tulu1258,drav1251,-12.00685607121047,230.10158294484052
nene1249,ural1272,-11.565374933765158,224.00652002833655
tune1261,atla1278,-4.47744401747428,2.616093608503149
tung1290,aust1307,-4.759113846730608,3.7453196088186473
tunn1238,afro1255,-3.6456064485707063,6.571885964424041
turk1308,nilo1247,0.0972280848640032,1.8940582396827492
turk1303,turk1311,-12.053735260663418,228.1297969948756
nucl1301,turk1311,-10.520303077729894,228.35858509886128
turk1304,turk1311,-12.07442324903878,231.05790640883677
tusc1257,iroq1247,-8.296914576791611,191.6294698968203
tutu1241,aust1307,-4.173803067436429,1.6919792681552224
tuva1244,aust1307,0.6368983715091847,2.800746492763892
tuwa1243,aust1307,2.213060544043639,0.9918362665218864
tuwu1238,atla1278,-4.322143574462906,3.640869041873202
uuuu1243,aust1305,-4.381503501374188,4.594422003131285
udii1243,nakh1245,-12.007625883734107,228.0020207587397
udih1248,tung1282,-11.370187629457668,233.8186509878492
uduk1239,koma1264,-12.60193727202045,233.134517299675
ughe1237,aust1307,1.714651677247728,1.0852692884952262
ugon1239,sino1245,-14.113474322258076,201.38345910659152
ukra1253,indo1319,-4.99243261289154,11.103847282902109
ulch1241,tung1282,-11.413698407259195,233.90101618505815
ulit1238,aust1307,-0.6981825452551256,2.134833460035509
ulwa1239,misu1242,-6.887792449259848,129.30914380373304
yaul1241,kera1258,-15.492579527798174,232.61678324155557
umaa1242,aust1307,-0.4178810868995537,1.3820481141619323
uman1240,daga1274,-14.238403296398426,230.05596001817716
umbu1257,atla1278,-5.891593689948643,11.175263881992947
umbu1258,nucl1709,-15.383773293165852,231.8799545866998
umes1235,ural1272,-11.175936657471713,222.96616355276905
unaa1239,nucl1709,-14.88401562896069,232.69610877875704
unea1237,aust1307,-4.778406955743752,2.9794457164479127
unua1237,aust1307,-4.230415789323123,1.476189297824618
uppe1427,aust1307,0.6299321259126671,0.9996664236848574
uppe1275,toto1251,4.0206114610742,17.66323008954714
urak1238,aust1307,-2.7593497327509287,3.3054301141488054
urar1246,urar1246,-7.491355110551769,206.0319629956048
urav1235,aust1307,-3.165779518745889,1.8521224031570116
urim1252,nucl1708,-15.012040302445897,232.88000842933843
urip1239,aust1307,-4.175167307139959,1.5272702329936578
usan1239,nucl1709,-15.703647980317813,231.18768961499356
utes1238,utoa1244,-4.097865765866514,7.294836618103915
kagf1238,atla1278,-4.888419144309203,4.508168626036706
pile1238,aust1307,-2.1682431701505624,1.8185491081238467
veps1250,ural1272,-11.311686548272553,223.1402231424043
vera1241,aust1307,-3.888467132883578,2.33355874029769
viem1243,atla1278,-4.666947596688159,4.104558665164291
viet1252,aust1305,-4.573656269557461,5.511963410296005
voti1245,ural1272,-11.333723697212742,222.63232826694644
vunj1238,atla1278,-7.139884556665039,6.408131458180151
vure1239,aust1307,-3.90023233118251,2.3327873904008527
vwan1235,atla1278,-7.252281551170254,8.792159240785168
wadj1254,wadj1254,-12.953852358979471,233.3025368946597
wage1238,wage1238,-12.386543884380306,233.2161172908709
waig1244,aust1307,-3.36265666624126,3.884705529168457
waim1251,aust1307,-4.690089935786072,3.526607481989714
waim1252,aust1307,-3.494092346023132,2.85157542149608
waim1253,cari1283,-3.1683056474359947,5.536589969061822
waiw1244,cari1283,-3.5789940598797845,5.0062703127897805
waja1257,pama1250,-1.8487714405776856,3.208038002051353
waka1274,pama1250,-3.1192265827788663,5.477837751110684
wala1266,aust1307,-1.2050261980287793,0.8049264736430359
wamb1258,mirn1241,-11.032645832314374,232.7232697013249
wamb1259,nucl1709,-14.83670978853034,232.7940534077608
wamb1257,sino1245,-12.581572457308884,201.4467194731926
wann1242,mand1469,-10.073201025692292,208.7834717057953
wand1278,afro1255,-1.1499869553608306,0.7905020353036036
wand1267,aust1307,-4.024733684801825,3.98341907777683
wanm1242,pama1250,0.1380274157465901,2.2002031623703147
saka1289,aust1307,-4.003816933088281,1.9870159662450533
waor1240,waor1240,-7.577734663605394,208.92461805224616
wapi1253,araw1281,-2.999937585035392,5.083273027484722
wara1303,wara1303,-10.348245558807148,233.9352444217101
wara1300,aust1307,2.739057261136318,2.572353656609266
ward1246,yang1287,-11.877183175281802,233.38682267406583
ware1255,araw1281,-1.0737545966054434,1.6602656341241016
ware1253,aust1307,-4.0058998836072535,4.55012825860436
wari1268,chap1271,2.947244930392655,19.359560127511514
warj1242,aust1305,-1.5969879156191826,1.974803785952332
warl1254,pama1250,-2.491786232265968,3.7936007615752487
warl1256,pama1250,-1.9454556395260223,3.0837594568128
waro1242,aust1307,-4.069935134788232,4.266077658334382
waru1265,pama1250,-1.8706072273160448,2.7461766331202
wash1253,wash1253,-11.068436947862102,234.375781634268
wask1241,nucl1709,-15.773016881670124,231.00866929735992
waur1244,araw1281,-2.726084113356844,4.125207861393051
wawa1246,atla1278,-5.677098193242006,3.45861300697689
waya1269,cari1283,-4.018352447857839,6.869742710957979
wayu1241,sino1245,-12.605449798376435,201.6080419105324
wayu1243,araw1281,1.966521699937516,3.344568637768077
weda1241,aust1307,-3.2663961883789883,1.941833961326438
wels1247,indo1319,0.2099191724610172,2.2121217720277
nort2864,aust1307,-3.7988876305361448,3.326959010676461
weri1253,kuni1270,-15.37762153585084,231.0386068771486
west2564,aust1307,-2.4855781159442696,1.7886409821975349
west2560,aust1307,0.5379110827666338,0.9142070990130832
west2548,aust1307,-3.749285890916448,3.664861470265862
west2615,atha1245,-11.035004640668458,225.8871737871297
west2441,pama1250,-2.7449718756711388,3.502255666231548
west2397,aust1305,-5.089540091775065,4.830141862699065
west2555,aust1307,2.2398205174852883,1.2011879934808576
west2618,eski1264,-10.758572372399838,234.70482864261336
west2650,aust1307,-4.067249558988515,5.383727991184571
west2594,nucl1709,-14.837307865817804,232.24035178010243
west2369,indo1319,-5.645967729659837,10.943456140188433
west2519,aust1307,-0.1472088893722318,1.8891787863490777
west2354,indo1319,-3.9249349014647943,6.415913359510142
west2644,otom1299,3.265531025487336,1.574637782336055
west2624,utoa1244,-0.5576274848580525,1.523305891872468
west2466,atla1278,-4.471869807539325,4.288803948248528
west2632,kere1287,-10.749148901214252,234.72026029120693
west2396,aust1305,-4.215870434157622,4.370168889766035
west2418,sino1245,-12.691441765082228,202.6846515267909
west2392,ural1272,-11.704205314290563,223.0635541596328
west2763,afro1255,0.9371929256187456,1.855950609142127
west2386,indo1319,-6.2376087280350125,12.507825462047409
west2557,aust1307,2.8394288801378185,2.1813741901868298
west2415,sino1245,-12.630891813036596,202.17671937445516
sanj1284,otom1299,3.3093452832005887,1.5127082874329858
west2430,hmon1336,-12.373448988575143,234.51435559060127
west2599,nucl1709,-15.280208649921033,232.017340348037
west2600,nort2923,-12.988276022163769,231.036256999359
saka1291,aust1307,-0.7162451570188342,2.4762935337355145
west2516,aust1307,0.6946227665134721,1.161524641468873
whit1269,aust1307,-2.781663670377029,1.536320011434725
wikm1247,pama1250,-3.6005484166755046,4.068211032784262
wiru1244,wiru1244,-15.36440683060786,232.527828301974
babi1235,atha1245,-9.901431424645745,227.0903798817678
woii1237,aust1307,-3.969207867117613,4.073314482360871
wola1253,afro1255,-4.387620968729284,4.6170604153027455
wola1242,gong1255,-13.202075481695529,231.14247612126087
wole1240,aust1307,-2.4630203345904427,3.963187962140296
woli1241,aust1307,-1.2031599827513428,1.3907751778390036
nucl1347,atla1278,-4.037568976645838,5.717890665151288
wotu1240,aust1307,-1.0537882328273138,1.4612695298072538
woun1238,choc1280,-7.451843341376942,154.7048151035574
wuch1236,sino1245,-11.365972677480611,202.65345947439312
wudi1238,sino1245,-13.713175815189311,201.92107392771132
wusa1235,sino1245,-13.642800603075,202.04025428539
wutu1241,sino1245,-12.31337844173115,205.1026219690686
wuvu1239,aust1307,-4.456393434247581,5.219162046308043
xamt1239,afro1255,-4.146167768554033,5.053752005559318
xara1244,aust1307,0.2523891281465555,0.90842396208933
xava1240,nucl1710,-10.628157529957916,200.1128301916833
xhos1239,atla1278,-5.997890238980074,13.024836287133835
xish1235,sino1245,-13.696269678041984,201.4597921064241
xokl1240,nucl1710,-9.585984234392711,203.0948579752917
yaak1241,afro1255,-2.2102902936639524,3.402325959761328
yabe1254,aust1307,-4.709743939015216,2.881137948120056
yaey1239,japo1237,-10.309121210530591,222.37267773371155
yaga1260,nucl1709,-15.5729552226308,231.04691358857704
yagu1244,peba1241,2.9170496924779723,18.88250407494453
yaka1272,atla1278,-6.707403222896282,6.711226022603256
yaka1277,aust1307,2.472139362385345,2.010677056800376
yakk1236,sino1245,-12.33719434484546,201.2526932959435
yako1252,atla1278,-7.606318757235913,8.2078790404517
yale1246,yale1246,-15.110563887493203,233.216959955645
yama1264,yama1264,-10.451465665228548,237.66447411055412
yami1254,aust1307,0.3021734701680287,1.3648632323017011
yami1256,pano1259,-3.4773133375315206,3.2693233003997197
yamp1242,sino1245,-12.468749146811644,201.5613282612753
yane1238,araw1281,1.0878570701348291,1.689936458533026
yank1247,pama1250,-2.951084408296799,4.216807610874668
yano1262,yano1268,-10.07772393449692,221.5912752588592
yano1261,yano1268,-9.451681925588543,220.55846452359052
yaoo1241,atla1278,-6.921936532474765,10.100213066746562
yape1248,aust1307,0.5499096371784926,2.07700276752675
yaqu1251,utoa1244,-3.359645282206058,4.427989814218279
yare1248,yare1250,-14.611870468539143,230.628388101665
yasa1242,atla1278,-3.889140497865116,3.830804190755941
yatz1235,otom1299,3.199663014374991,1.6506706799308404
yaum1237,nucl1709,-15.723598035969406,230.2694832371052
nucl1454,yawa1259,-14.77509143719164,232.0820164932326
yawa1261,araw1281,-2.8999153637159125,4.248710113532809
yawa1260,pano1259,-3.621636052643976,3.364144579308032
yawu1244,nyul1248,-11.96043543605395,232.2710202549464
yecu1235,toto1251,4.681787055386765,18.14242681884073
maqu1238,cari1283,-1.7495959718621543,3.0984749053210408
yele1255,yele1255,-12.111325195830709,230.6820511720099
yems1235,gong1255,-13.228855485977604,231.34010821975627
yapu1240,nucl1708,-14.986358649213438,232.91450600949173
yess1239,sepi1257,-15.000140470631996,232.94833954103223
yidi1250,pama1250,-3.525171718921354,4.77276486422997
yima1243,lowe1423,-15.418481571035828,232.77952990510948
yinc1238,aust1305,-3.857857335155134,4.307384136224272
yind1247,pama1250,0.3784424655195195,1.4075887181970472
yine1238,araw1281,-0.3674331024770403,1.3961393116510408
yoga1237,aust1307,2.7938396419055422,1.2973865102172226
yona1241,japo1237,-10.388513204549016,221.4875850024374
yong1276,taik1256,-13.28138933391586,232.19664742637448
yong1280,nucl1709,-14.777911116001054,232.8268096277792
yora1241,pano1259,-2.946076390338773,3.0593151362208744
youl1235,sino1245,-14.340323680000548,200.43915043789
youn1235,hmon1336,-12.518237667500792,233.80282040985537
yuca1254,maya1287,2.0137737540576897,3.4245662896700253
yuch1247,yuch1247,-7.722364468384249,214.57033128047811
yuec1235,sino1245,-12.287011853174526,202.3395760763792
yulp1239,pama1250,-2.0281144527413897,2.7064037771169183
yulu1243,cent2225,-12.80076687723034,231.01696858925865
yura1255,yura1255,-8.141666784241888,218.3455136144924
gami1243,pama1250,-3.343874085083057,5.477405238013887
zaba1237,aust1307,0.6993947445648807,1.1140707658387896
zaca1242,otom1299,3.249048483740456,1.72955633337898
zaca1241,utoa1244,-0.995742016667112,1.088443475090088
zaiw1241,sino1245,-13.128617344461343,200.68279127355825
zakh1243,sino1245,-12.47210593851323,202.25048615950465
zamb1245,atla1278,-6.718460329831059,7.315709259212042
zand1248,atla1278,-8.131987544204394,8.109041327301611
zani1235,otom1299,3.2107647300456463,1.3728588488591529
zapa1253,zapa1251,-7.628998459256421,199.2907293149057
zarm1239,song1307,-9.645325659334604,190.7158633405828
zays1235,gong1255,-13.152863012015324,230.98320555552223
zeme1240,sino1245,-11.54913898786135,199.77789536322695
zenz1235,otom1299,3.139025329732096,1.3987679156203685
zhab1238,sino1245,-12.693572577983534,203.832916984762
nort2795,atla1278,-6.420638549207009,11.360113522299798
zinz1238,atla1278,-7.373639593368873,7.510809153020148
zoog1238,otom1299,3.218362450384665,1.6081039078915182
zulg1242,afro1255,-1.4952837878445138,0.7036195786319297
zuni1245,zuni1245,-10.63388402928496,234.40367035413595
