Glottocode,Family_ID,GPGLMM_Latent_Mean,GPGLMM_Latent_Variance
abad1241,aust1307,-2.8831472811083425,0.5655693131294135
abau1245,sepi1257,0.7225177363055197,0.6620762462460577
abee1242,atla1278,-0.1955855480730439,0.684653292670117
aben1249,aust1307,-1.9160939695684576,0.5253202553607674
abkh1244,abkh1242,1.1179743563843338,1.66822901200683
abua1245,nucl1708,1.9023132701877037,0.9618750899626748
abui1241,timo1261,-2.2485893556694925,1.284968183300677
abun1252,abun1252,-1.784043251096947,2.202121029103392
achi1257,aust1307,-3.205257308380453,1.0445820120656837
acha1250,araw1281,2.564048224302365,0.9851435295138108
ache1246,tupi1275,-1.37322236737334,1.0849258949036371
ache1245,narr1279,1.1703925618895132,1.1742328683604693
achi1256,maya1287,-1.0501861004583155,0.6462820068252966
achu1248,jiva1245,-2.362140910622068,1.8226493712923588
achu1247,pala1350,-1.293306492290064,2.108688171284619
acol1236,nilo1247,-2.6315631833961084,1.1892227913979645
adan1251,timo1261,-2.2802131563109,1.296053787807931
adny1235,pama1250,-2.7148558932957103,1.1192441212529365
adon1237,aust1307,-3.05919411793113,0.7414783853146507
adze1240,aust1307,-2.9722282993202818,0.49340481477866
aeky1238,kamu1264,-2.049247033076473,1.945290480936721
afad1236,afro1255,-0.5143501560039738,0.4738602307416517
afar1241,afro1255,3.018578272926548,1.0819193133722602
aghe1239,atla1278,0.2519329570948898,0.3281164310203968
aghu1255,nucl1709,-2.160588745420012,0.6515598195909797
agob1244,paho1240,-2.263129132640553,1.969469235097557
agua1253,jiva1245,-2.4932827165286,1.918789964956754
agus1235,aust1307,-2.876322773458277,0.7538901070064599
agut1237,aust1307,-2.9873899962201835,0.7857896573623595
ahin1234,aust1307,-2.2051990859810635,0.462129124319441
aika1237,aika1237,-1.6724817962920062,2.2204547932818643
aime1238,bosa1245,-0.379546140851503,1.56592664537933
musa1266,nucl1709,-2.7856122503446983,0.5057910491357709
aito1238,taik1256,-2.6942585389581493,1.5595127734235752
ayiw1239,aust1307,-2.088805484178624,0.6858098768225198
ajab1235,atla1278,-0.5971723204206152,0.4829948823073193
ajas1235,kres1240,-3.2508810762342044,2.69718746644709
ajie1238,aust1307,-1.762635611125066,0.5750898747585187
ajyi1238,araw1281,0.4524868484593991,0.7390419944715756
akan1250,atla1278,2.2688162175217155,0.6283901190896195
west2635,maya1287,1.6471565084267827,0.5621945020993526
akei1237,aust1307,-2.671658436750851,0.493246198351366
akha1245,sino1245,-3.5724742013256647,0.7777057143786963
akoo1248,atla1278,3.2005287776724654,0.4148713091841487
akun1241,tupi1275,-2.386638538138455,1.009936408279343
alab1254,afro1255,2.8659389849051893,0.762418379501606
alab1237,musk1252,-2.380745847385361,2.0032645567667826
alac1244,otom1299,1.6831528566366594,0.4898968317812522
alag1248,afro1255,2.9403760599981466,0.6526643720787537
alam1246,sepi1257,0.8421869846731055,0.7024099195310707
aleu1260,eski1264,-2.275446288231044,2.26853133966063
alor1247,aust1307,-3.074001209496241,0.7092097275496307
aluk1238,drav1251,1.9198763705285653,0.566725906196428
alya1239,pama1250,-2.441855309774025,0.862420073822395
amah1246,pano1259,-1.7487245465568877,0.8483332764098179
amam1246,kuni1270,0.2018678132322016,0.8292219080487686
amap1240,left1242,-0.159240670547117,1.6535088263231432
amar1272,aust1307,-2.784737092713782,0.514728131799238
amar1274,hara1260,-1.5522364602225036,2.2093303142164067
amas1236,nyim1244,-1.458721520373877,2.100417856370296
ambu1247,nduu1242,1.9873600896519923,1.4071985503187587
amdo1237,sino1245,-0.4902014519866084,0.8268648945767731
amha1245,afro1255,3.112291565096357,0.9510615065410976
amii1238,west2434,1.025899838304633,1.1815838299557595
amis1246,aust1307,-2.097535472659286,0.5860891617877106
hoaa1235,kxaa1236,-1.7537099192421552,1.9711230598510956
amri1238,sino1245,-2.0422222814954574,0.5080879826698923
gily1242,nivk1234,-2.346042057387317,2.7730098813135164
ando1256,ando1256,0.3994351551911339,1.776765353651489
anei1239,aust1307,-1.5756054791186225,0.6360074914138498
anem1249,anem1249,1.1165785182231942,1.9010949291391843
anfi1235,gong1255,1.1331159300847355,0.7808583301822458
anga1290,anga1289,-0.432638095694752,1.0416282309297515
anga1288,sino1245,-2.6834638909320256,0.4259312925432126
ango1257,chib1249,-1.9211988032986185,1.1159433004472676
anin1240,gunw1250,1.772947718425816,1.3886719280824704
wara1294,more1255,-1.7673049599492896,1.110381055218491
anta1255,aust1307,-2.3082560252886006,1.228934054252314
anua1242,nilo1247,-1.8100592514317269,1.122909484360219
anuf1239,atla1278,0.0066612912123107,0.5790266689872383
anuu1241,sino1245,-2.558080734849616,0.7083055286831761
anut1237,aust1307,-2.021579750405774,0.8044362359862967
aona1235,sino1245,-2.8137550355066976,0.4341443445656896
aoua1234,taik1256,-3.077063069608802,1.6271940028844676
apat1240,sino1245,-2.3407486071188237,0.4873751591076183
apin1244,nucl1710,-1.887306300504245,1.225630852320983
apma1240,aust1307,-2.6512750025410927,0.4489037605391273
apma1241,kera1258,-2.1256561933169857,1.877417352666208
apur1254,araw1281,2.8285697313121285,1.037338334456225
arak1252,aust1307,-2.6960303701036565,0.4712317546906033
aram1253,more1255,0.4996563989862517,1.0679539649276202
arao1248,pano1259,-1.770432146789599,0.9271858376792754
arap1274,algi1248,1.9201663623377536,1.4278989010557115
araw1273,tupi1275,-2.366843007117688,1.3507434038766504
arbo1245,afro1255,2.893579324691866,0.664937206549475
arch1244,nakh1245,1.446725703460117,0.6296223357659021
aree1239,aust1307,-2.9758166228618204,0.5723189402135169
area1240,aust1307,-2.548202854627187,0.5800754513624318
argo1244,afro1255,3.0831561912810512,0.9553769860268684
arhu1242,chib1249,-2.287591212263396,1.063891241102025
arig1246,atla1278,-0.6413853069864495,0.4361226815737997
arik1265,nucl1710,-1.7279216156447792,1.043464439728757
arom1237,indo1319,2.965851357653566,1.1554471871669951
arop1243,aust1307,-2.8419026246720485,0.5266017693148535
arop1242,aust1307,-2.3764903203901726,0.52867786526798
aros1241,aust1307,-2.5767688267423488,0.6467640917378907
arta1239,aust1307,-1.9532381976562951,0.4790887685348486
asha1243,araw1281,2.907268638101648,0.8473005360000987
ashe1272,araw1281,2.912178345309253,0.8030623800098788
asoa1238,cent2225,-5.02179435959418,1.640429615038665
assi1247,siou1252,-0.6283664744932871,1.3616866546288056
asur1254,aust1305,-2.9864056024758234,0.9302910705183898
asut1235,atla1278,0.9070914865486754,0.5041115071352409
atam1240,aust1307,-2.9265892205538844,0.7191037405953771
atay1247,aust1307,-2.309085794384192,0.6588153391328353
athp1241,sino1245,-2.214220200032609,0.4651024293220076
atii1237,aust1307,-2.650145289610789,0.6983422621615292
aton1241,sino1245,-2.034859393227257,0.5510103800645267
auuu1241,nucl1708,2.0054887690323,0.9756106885344992
aulu1238,aust1307,-2.619052581132635,0.4153592766165439
auye1238,nucl1709,-1.4408230071914705,0.6674475556945416
avac1239,tupi1275,-2.4919560278957187,1.382867002873739
avat1244,atla1278,2.194315343295605,0.4401953414253294
katb1237,aust1307,-2.6710045463470893,0.4133377001240705
avok1242,cent2225,-4.385407748659132,1.4940307708423073
awac1239,barb1265,-1.928011715529571,1.383660418028044
awad1244,aust1307,-2.671718073534082,0.505149623901036
awad1243,indo1319,2.9151217812113703,0.7983109101802754
awap1236,nucl1709,-3.0088547333637563,0.5485539794137773
awar1249,ramu1234,-1.9810497816768773,2.201705009210718
awar1248,nucl1709,-2.9522244110091025,0.5510099479074673
awet1244,tupi1275,-2.2909374816389967,1.035332571952638
awji1241,afro1255,2.815749370130092,1.2468459974421302
awtu1239,sepi1257,0.7071461980323506,0.6250167855467748
axam1237,aust1307,-2.454384302797396,0.4133988425575361
axiy1235,sino1245,-2.246387840364985,0.718858230089622
ayac1239,quec1387,-2.706732859762255,1.733684720407163
azha1235,sino1245,-2.661423994243614,0.7690538036585215
baba1264,atla1278,2.631038362391294,0.3520100468812535
baba1266,atla1278,0.4072815066926758,0.3392097707774728
baba1268,aust1307,-2.3283170921937604,0.555125944720853
bada1257,drav1251,-0.4742380721454677,0.5592578671144928
bafa1247,atla1278,0.8891724238571928,0.4107589766137614
bafi1243,atla1278,2.9178554981842013,0.4099540407264181
bafu1246,atla1278,0.3593650811693805,0.3276993231035643
baga1273,atla1278,1.8450215407892712,0.727572304796944
baga1272,atla1278,1.8853534879743528,0.7387253474324362
bagi1246,cent2225,-3.977762986086751,1.575658590095396
bagv1239,nakh1245,3.9352912603644423,0.674813012967368
baha1259,afro1255,2.296210273740045,1.184654030482153
bahi1252,sino1245,-2.241700320536168,0.4439218388074617
bahn1262,aust1305,-4.157084246840467,0.9213701170503704
baik1238,aust1307,-3.051395103420369,0.743139639006325
baim1244,sino1245,-2.580582413074068,0.879666241554907
baka1272,atla1278,0.344226784512919,0.5790377616990483
baka1274,cent2225,-4.441960541860522,1.4932704727880777
baki1244,aust1307,-2.537103287357552,0.4369224319929312
bala1316,aust1307,-1.5295996199043955,0.5988338105078745
bala1311,aust1307,-3.091848027227149,0.8039154310292207
bala1315,aust1307,-2.466234823937912,0.7986893584948742
bali1278,aust1307,-1.123196772735771,0.8665127995445192
liki1240,atla1278,2.64250711901722,0.5150191454112778
bamb1270,aust1307,-2.9607593724474617,0.8308771709221947
bamb1269,mand1469,-3.1697674660297155,1.587432937080636
bamb1262,maoo1243,-1.16349259778561,1.4857182824677313
bamb1266,atla1278,2.7881034739423347,0.3294395485376076
bamu1253,atla1278,2.795455802653848,0.3945192742049865
bamw1238,atla1278,2.31701736270454,0.5082738883678637
bana1288,aust1307,-2.2023723240786053,0.4868766749511066
band1344,atla1278,-2.2195015243984604,0.6116633850712572
band1340,atla1278,4.273281423955425,0.843612271433265
bang1363,bang1363,-1.954946750746352,2.368816243956378
bang1369,sino1245,-2.299316999923307,0.5553791309231411
guar1293,araw1281,3.370829081371369,0.9236701911689208
bani1255,araw1281,3.3642649241660743,0.9152268432244046
bank1256,atla1278,0.9131583849713052,0.4186341212203168
bann1247,aust1307,-1.6477239493297318,0.5023342646957873
bant1281,sino1245,-2.2363883352594778,0.4553148908008695
bant1288,aust1307,-2.444455680127268,0.664511274623675
bara1357,sino1245,-2.433741134275223,0.507110582593798
nucl1630,koia1260,-2.83635043141036,1.7079044290540133
bare1279,afro1255,1.0391319137622814,0.5984885150282566
bara1369,aust1307,-2.39500813353317,1.2250583667504285
bara1361,atla1278,0.8082603224752697,0.5351364153387705
bara1370,aust1307,-3.4254278841877444,0.788061025429271
bara1380,tuca1253,2.0322156385670875,1.2632670605511875
bard1255,nyul1248,-2.336699384635144,2.066418746831036
bare1276,araw1281,3.3678314431262857,0.9273596187749296
barg1252,nucl1709,-2.811773279452124,0.5468897411473193
bari1286,aust1307,-2.795068021570693,0.515387751510187
baro1253,aust1307,-2.3586184184672927,0.5169863326186959
basa1282,atla1278,-0.4360928169641938,0.4458028371358717
bash1264,turk1311,-3.200392802757352,2.117713259669677
basq1248,basq1248,-2.0160751503864525,2.6317404134220768
bata1293,aust1307,-2.933594017806011,0.9946114625127578
bata1289,aust1307,-3.0941031088228703,0.9811013248977511
bata1285,atla1278,1.1541721181858744,0.6299633101051847
bats1242,nakh1245,1.4750884829163755,0.7231641495577947
baur1253,araw1281,2.368668158490099,0.8147418099177046
bauz1241,geel1240,-1.6412860265328022,2.1102404215281814
bawm1236,sino1245,-2.427027610067018,0.6226695188784568
bayb1234,aust1307,-2.349545063633763,0.7233583398266088
bebe1248,atla1278,0.3098697008984699,0.5007732505224487
beel1236,afro1255,1.1108862239755752,0.3922641584649962
beem1239,atla1278,1.4365365321724075,0.8046892722545147
beja1238,afro1255,2.905275455078801,1.0792265439243969
bekw1241,atla1278,-0.0794874156377127,0.392899224448858
bekw1242,atla1278,0.5716697984023948,0.5928972143905065
bela1256,nilo1247,-3.460148031173693,1.3263626567838225
bela1254,indo1319,2.954060868794341,1.1565988171494124
nyal1254,aust1307,-1.7251997623200772,0.6752438207969775
belh1239,sino1245,-2.235539419411497,0.4563656715383515
beli1257,cent2225,-4.0085965146480085,1.4384503971865712
bell1243,sali1255,1.3092452695189367,1.1811475658011434
belu1239,atla1278,-0.0042845525939394,0.5255538682013063
bemb1257,atla1278,1.7344879640730104,0.7834453299925728
bena1262,atla1278,3.8427482538606936,0.631566860474015
benc1235,gong1255,1.196607290879432,0.6415376426679349
beng1282,atla1278,1.2907891852359032,0.6502292773477594
bent1238,dogo1299,-1.5884161890365884,1.2442559099710129
bera1262,aust1307,-3.0445418306002487,0.8486885915650708
zagh1240,saha1256,-2.480285956888321,2.308161835333953
bert1248,bert1248,-1.4794727982222535,2.084130013128288
bezh1248,nakh1245,3.916240773761087,0.6704123248375793
bhoj1244,indo1319,0.5681168877053442,0.6320243910809098
biaf1240,atla1278,1.866528599279444,0.7784338783388374
biak1248,aust1307,0.4743446454216088,0.6013616585594677
bian1252,kuni1270,0.0289811945981424,0.8625456294772693
biao1254,hmon1336,-2.84854555706357,1.6813051435934685
biao1256,hmon1336,-2.5995846780366,1.6871383177444943
biat1246,aust1307,-3.487973434095394,0.9337059578099258
bier1244,aust1307,-2.5489067890521997,0.4340071741669602
bign1238,aust1307,-2.695904497198229,0.434197931225686
biha1246,aust1307,-3.3971001466534068,0.9284186481145168
bila1255,atla1278,2.38870309048855,0.5624141609685434
bilb1241,aust1307,-2.868747440040704,0.4997238845814729
bili1260,afro1255,2.9503340026845986,1.006488402670318
bilu1245,bilu1245,1.4537621326309171,2.056924514986439
bimi1240,nucl1709,0.039972519169424,0.4956141448487416
bina1277,nucl1709,-2.9678823595200763,0.6755786235128611
bine1240,east2503,0.1251732182346874,1.1751468392617688
bini1246,atla1278,-0.6773906795123643,0.4978871083442722
gunw1252,gunw1250,2.140752735994184,1.2844413259062142
birr1240,cent2225,-3.325263169190202,1.6208173016817664
bisu1244,sino1245,-3.5800948787581883,0.8188993666761255
bitt1240,aust1305,-1.9227872620874464,0.795113854684272
biwa1243,yuat1252,-1.8795832869792013,2.1416019024410176
blab1237,aust1307,-2.782048525670373,0.5239518927735447
blan1242,aust1305,-4.2276784377735215,0.934872506358288
bang1354,atla1278,3.3025502520372565,0.7196604219329554
bobo1255,aust1307,-2.5381897900247496,0.7780969134590663
bodo1272,atla1278,-1.339644261835025,0.6164325018392063
bodo1267,aust1305,-2.8813993716902333,0.9319523651288376
bodo1269,sino1245,-2.0279660649841107,0.4917829826675293
boka1249,sino1245,-2.244180232870298,0.6068429190056017
bola1250,aust1307,-2.605599166086082,0.5115697187687593
bolg1251,atla1278,1.3433419180578283,0.6525261831440003
boli1256,aust1307,-2.08249651973267,0.5573837035095748
chim1302,quec1387,-0.9285615269527824,1.4302317775172613
bolo1262,atla1278,2.9902241339572697,0.5773209513974829
boly1239,aust1305,-3.336422399256713,0.9767419636782856
bomb1262,atla1278,2.3804909160142125,0.4956377888014982
bomk1234,atla1278,1.6412094971975626,0.745730688585653
bona1250,mong1349,-2.9994697686473435,2.0286398379240005
bond1247,atla1278,3.28471027186238,0.5385801749461305
bond1245,aust1305,-2.9767588097074302,0.8356263198527056
bong1289,aust1307,-3.384763555752084,0.7532053550517137
bong1284,atla1278,3.1922983952463118,0.6627770614466328
bong1285,cent2225,-1.6584889344720803,1.439129900252594
bora1263,bora1262,0.3075592701486223,1.7615612003437238
bora1271,afro1255,2.7380602778801686,0.7397419787289472
bord1248,chib1249,-2.133193369995486,1.1054398303334438
bori1243,sino1245,-2.589277429268212,0.5281254420319179
boro1277,gong1255,1.61742486533794,0.9251272251822776
boro1282,boro1281,-1.7431094125305884,2.34124844226026
boto1242,aust1307,-1.9947275745675528,0.5445086247227882
boun1243,atla1278,0.5128194773095243,0.560530883396102
boun1245,nucl1709,-2.6765437406879697,0.5252988682445014
bouy1240,taik1256,-3.2817230262656443,1.5969736995877133
brah1256,drav1251,-0.5316689724646269,1.1953197370679307
lave1249,aust1305,-4.348132856904799,0.8584680526298709
bret1244,indo1319,2.503119649488542,1.1799277534880948
brib1243,chib1249,-1.7066233624882656,0.8938598551211379
bube1242,atla1278,3.14034554024288,0.5486294762489687
bubi1250,atla1278,3.583957834253596,0.7724417314443697
budu1248,nakh1245,0.9922096009049032,0.6770779039272656
budu1265,afro1255,1.9998067881314772,0.6113475629695637
budz1238,atla1278,1.651297986117116,0.5894200977474502
buga1247,aust1305,-3.590869217565379,0.93868581632008
buga1250,aust1307,-2.905355538999929,0.490439351534532
bugh1239,aust1307,-0.3825375954933612,0.4887443280728893
bugi1244,aust1307,-2.976803468355737,0.8209190269561195
bugl1243,chib1249,-1.4673992651506949,0.9811064054379846
bugu1246,sino1245,-1.9047641568218348,0.4955862210401398
buhu1237,aust1307,-2.9532027562702234,0.6460644087673062
bujh1238,sino1245,-2.297740816993186,0.5300151947770053
buka1257,aust1307,-3.5309828989542345,0.9177117316535824
buki1249,nucl1708,1.9403665036720996,0.9837421697382802
buku1249,atla1278,3.13688899686276,0.5983850471644203
bull1247,atla1278,1.8155110380267836,0.748539504161402
bulo1242,aust1305,-1.9754559053912613,0.8360019812984825
bulu1251,atla1278,3.3284397210541528,0.5586969165229974
bumt1240,sino1245,-2.3944085206293195,0.5510032548136365
buna1278,timo1261,0.4167186094837013,1.2383968307997195
buna1276,aust1307,-2.78594965461577,0.629823633062911
gahr1239,sino1245,-2.4482979036387533,0.9350960554636932
bund1253,indo1319,3.0751443914852725,0.9739421660148944
bunu1267,aust1307,-2.119910056982414,0.5705129545322936
buol1237,aust1307,-2.5237295291557915,0.8019860319569374
bura1292,afro1255,-1.1530016870601942,0.4155266273392666
bura1267,mani1293,2.2782221587413227,2.0984243470049853
bure1242,afro1255,0.954659867775074,0.4099965735426578
burj1242,afro1255,2.907816227509985,0.7967340031664638
nucl1310,sino1245,-2.742571377055131,0.7713637095814256
burm1264,burm1264,-0.0576636557283083,1.7017198303303456
buru1303,aust1307,-2.197454392860542,0.7380679405369421
buru1320,afro1255,2.991796734213256,0.6782774014432298
buru1296,buru1296,1.308755141834745,2.188856785161332
busa1253,mand1469,-4.301455305878582,1.6243666254188631
bush1247,atla1278,0.8579105807827418,0.7961375671379889
buwa1243,afro1255,-1.26139860298635,0.3455951030809379
bwai1242,aust1307,-2.89991087118764,0.5730548332663381
bwat1240,aust1307,-1.696151885616243,0.5930614863008428
byan1241,sino1245,-2.442436584521152,0.8229176123844324
caac1237,aust1307,-1.2378030998955207,0.5669612113876337
cabe1245,chib1249,-1.7783385296553464,0.913854421110885
cahu1264,utoa1244,-1.432353622873678,0.904910474985535
cakf1236,afro1255,0.7417318186731983,0.4281468069949916
cald1236,quec1387,-3.330518991336671,1.5141911223654128
caml1239,sino1245,-2.259467617544816,0.4410434247014887
camp1261,indo1319,2.985413706496303,1.205091246310655
cams1241,cams1241,-0.2868099644491546,1.7741222061876
cane1242,nucl1710,-1.834459338138961,1.2757793875396466
caom1238,taik1256,-3.2721055574101205,1.6576363463522656
capa1241,pano1259,-2.240224851897844,0.9082857997180565
carn1240,aust1305,-1.6812003317348188,1.154275279042949
caro1242,aust1307,-2.616518651777979,1.138618117218713
cash1251,pano1259,-2.056703824585667,0.9672206036375672
casi1235,aust1307,-2.0371068713384224,0.4995243687543231
stan1289,indo1319,2.779827513015043,1.21727543505563
cavi1250,pano1259,-1.946973726434948,0.9542912799652116
cayu1262,cayu1262,-1.7017350439263792,2.203689968485339
cebu1242,aust1307,-3.0067612635684275,0.7051485006600093
cemu1238,aust1307,-1.5219692571603425,0.5700627572662369
cent2127,eski1264,-2.283432714246467,2.270204067403601
cent2142,ayma1253,-1.968202893786407,1.887171226467748
cent2004,sino1245,-2.7762162064738,0.6369073473445077
cent2292,aust1307,-2.243989335506862,0.4647383260474136
cent2084,aust1307,-2.036225319136643,0.5374456372460776
cent2314,aust1305,-4.608354835415069,1.044326905619307
qaua1234,taik1256,-3.1654868467938684,1.605938557652745
guer1241,utoa1244,-1.5239116938343888,0.7178668455899815
cent2050,saha1256,-3.1696330149585488,2.020964373847076
cent1989,aust1305,-4.51678353961767,0.9681736837698712
cent1972,indo1319,-0.3159363116279321,0.796052396202751
cent2058,aust1307,-2.5728289601852445,0.5018967568514139
mala1479,aust1307,-1.1098015367289298,0.941932749649645
cent2322,ural1272,-3.658879099064609,2.02807431320402
cent1992,aust1305,-1.7908696755923206,0.8175433259802927
cent1990,aust1305,-4.03643650959696,1.234093537775519
cent2126,japo1237,-3.1198326472789395,1.938867384108248
cent2091,aust1307,-3.095298861564234,0.8209065485836105
cent2140,miwo1274,0.8673473258009237,1.4402289343171444
cent2090,aust1307,-2.962502513548036,0.798918077312492
cent2131,utoa1244,-2.0358036851016235,0.8731986532566416
cent2150,chib1249,-1.807358882930009,1.10490244464776
mbal1255,atla1278,1.8039251500704865,0.9280675833745148
chac1251,pano1259,-1.9560411425275597,0.9348556039867644
chad1249,afro1255,2.1579685800998165,0.7976250518720365
chak1270,sino1245,-2.498231534129295,0.7314601786124526
chak1271,atla1278,0.5308478893775046,0.5175123527202681
chal1275,afro1255,2.2342466054152217,0.8420843765112762
cham1315,zamu1243,1.845131990947431,2.379830636271902
cham1309,nakh1245,3.9391133612128177,0.6891041578518737
cham1318,araw1281,-0.3547150244305805,0.8126929129106424
cham1312,aust1307,-2.6823029656865733,1.1114818818116556
chan1313,sino1245,-2.90471477513954,0.464755793545458
chac1249,barb1265,-1.9175968401681245,1.369522196004889
char1269,gong1255,-1.283218613413649,0.5763589958940787
chas1234,sino1245,-2.945267707136098,0.6469780268286818
chec1245,nakh1245,1.4645056933625926,0.795576383444839
chek1238,aust1307,-0.3926234614344661,0.4950440949181609
chen1255,drav1251,2.6045261775171595,0.925172041476622
chep1245,sino1245,-2.3290377966319658,0.5042184416333089
cher1273,iroq1247,0.5595582131368291,1.4033063269028707
chey1247,algi1248,1.9730188978667949,1.4246016082237447
chic1270,musk1252,-2.146704036824483,1.7596024973631987
chig1238,atla1278,3.1674174367526766,0.6225670893454414
chil1280,atha1245,0.5617778213589526,1.071943593209478
chim1309,chib1249,-2.270536109204163,1.0736790844291009
chim1312,atla1278,1.2851066318218485,0.9290301188972188
chhi1245,sino1245,-2.218134501215556,0.4637679997222372
chip1261,atha1245,-0.2451326992294262,1.2318236548783292
chip1241,algi1248,1.875065578308639,1.546692335891203
chir1283,sino1245,-2.9073563633072306,0.4277818594834617
choc1275,sino1245,-2.367771143703848,0.5264135142223183
choc1276,musk1252,-2.243084412856936,1.7371901655072826
chon1284,aust1305,-4.602239359054964,1.040048929514101
chot1239,sino1245,-2.7519253036941693,0.4816313081755328
chra1242,aust1305,-1.9564049288760723,0.8987210408191975
chuj1250,maya1287,1.6083593366891409,0.564472207748747
chuk1273,chuk1271,-2.1207699878143687,2.733195464650948
chuu1238,aust1307,-2.629439348330933,1.044103956541019
chuv1255,turk1311,-3.1992719235810263,2.013466272801756
chuw1238,atla1278,1.6183806001556156,0.9083073275687976
cici1237,atla1278,0.4427348853719102,0.590290313238802
chin1286,chin1490,1.7505529695906985,2.359451061588404
cent2087,aust1307,-1.879273123471338,0.6550326710684451
sout2912,aust1307,-2.009151856694582,0.7081936330893983
coat1243,otom1299,0.9827586748185052,0.427901239667968
coca1259,tupi1275,-0.0881104694292448,0.9659356550838996
coeu1236,sali1255,-1.549690287222709,1.1003402180030228
cofa1242,cofa1242,-1.944581062316233,2.317001817448479
cogu1240,chib1249,-2.2789956923541808,1.0779729753804212
inga1252,quec1387,-3.2998735553799428,1.5819178091159083
colu1241,sali1255,-1.523753764276366,1.011774401430301
coma1245,utoa1244,-1.4111740454722626,1.0660479881714555
como1259,sali1255,1.4578552187892777,1.0677875334411095
cong1236,atla1278,3.890312738062542,0.865783282928791
copa1237,otom1299,1.6332298899235729,0.4350730387263892
cors1241,indo1319,3.0548652145419743,1.1510448223773737
cosa1234,sino1245,-3.491100882994945,0.7676312387300173
cota1241,aust1307,-3.097150477064357,0.7389917162528032
cree1270,musk1252,-2.3332702400553464,1.777858157996682
crim1257,turk1311,-3.019660454848965,2.0214341734971004
cros1244,atla1278,0.1432491308405372,0.3901535545757926
crow1244,siou1252,-1.0699546626047765,1.399023331729634
cuaa1241,aust1305,-4.117799725342225,0.9472133137361678
cube1242,tuca1253,4.340201840567859,1.3777225001635869
culi1244,araw1282,1.4613286685905795,1.737433357552157
curr1243,araw1281,3.459076753521172,0.9275561504190212
cusc1236,quec1387,-2.634199714351931,1.7289945132504876
cypr1248,afro1255,2.4080888296924714,1.128963401645836
czec1258,indo1319,3.0092410117305413,1.1931337649139184
daai1236,sino1245,-2.8071997009072667,0.7744929603364104
daak1235,aust1307,-2.780651683247685,0.7890929058726623
daas1238,afro1255,0.5224792104366052,0.6384137845953548
dadi1250,tebe1251,-2.255069867555984,2.298895332377852
dagb1246,atla1278,0.2961136594696445,0.5239858110746809
dagi1241,narr1279,1.0105495408699785,1.1979698046854002
daur1238,mong1349,-2.740405707006203,2.2984735324610472
daha1245,afro1255,2.591841273626335,0.8373440862341108
daka1243,aust1307,-2.629359405921755,0.4247926332678799
damp1237,aust1307,-2.3828417349223714,0.7908300453966683
dana1252,aust1305,-4.033009196409234,1.0201564949833806
dand1238,drav1251,2.95945635309482,0.8638534471667216
dani1285,indo1319,2.7706343520468337,1.227544468415902
dara1250,indo1319,0.536438242056807,0.6326684869196582
dard1243,daju1249,-1.0931167164446387,1.9749353685901392
darm1243,sino1245,-2.4280266260138665,0.8230298242041534
daww1239,nada1235,0.2377763417908713,1.1634377734125732
dawr1236,gong1255,0.9308243823726492,0.5427765100011204
daza1242,saha1256,-2.6730970072300284,2.1307776077528784
defa1248,ijoi1239,-1.2977296574404376,1.5189259837352926
dege1246,atla1278,-0.1539559272007042,0.4744687009476704
dehu1237,aust1307,-1.9881106522621628,0.6098917919954809
dera1245,sena1264,1.4075866618649775,1.964690138833024
dera1248,afro1255,1.304061028886212,0.419016906071052
desa1247,tuca1253,4.488067612522407,1.3356938456706575
dhao1237,aust1307,-3.0981179872275213,0.8594852040168752
dhar1247,pama1250,-2.932075207642938,1.253921971719167
dhim1246,sino1245,-2.179672847117108,0.5306952614261546
dhuw1249,pama1250,-1.8599125739028364,0.8010135646550811
dibo1245,atla1278,0.603109954002699,0.5641208801937974
dier1241,pama1250,-2.7885280653918576,1.088132269255332
digo1243,atla1278,0.8903569833760274,0.5516408358901002
dima1251,sino1245,-2.3152695959237093,0.4518890749090447
dime1235,sout2845,0.5533593196457015,1.3601966039477364
diri1252,atla1278,1.848784239383116,0.8542491879073908
dizi1235,dizo1235,0.4539650074260041,1.3049700966547015
djam1256,pama1250,-1.9225619664737796,0.8169602662257529
djee1236,mani1293,2.3469038932989776,2.102464892286686
djeo1235,nucl1710,-1.6724660843570232,1.058827586908289
djin1253,pama1250,-1.8492117542826765,0.7770077873332517
dobe1238,aust1307,1.143061116233734,0.6528308970608108
dobu1241,aust1307,-2.801584334380823,0.5887167803701856
domm1246,nucl1709,-2.782621036347826,0.512111598872361
doma1260,indo1319,2.666841459182977,1.0262511840342716
dong1285,mong1349,-2.952666689933402,2.042407729651373
doro1266,manu1261,-2.461014710810173,2.437046275048256
drun1238,sino1245,-2.762834066958563,0.6659419915726161
dual1243,atla1278,0.9277005828726884,0.4380225227838941
chug1252,sino1245,-2.012439473450431,0.5063093953462818
dumb1241,aust1307,-1.982929010680103,0.6588719550265898
dumi1241,sino1245,-2.287386575967799,0.4466894936290639
duna1248,duna1248,-1.7993826418573606,2.1130357319995614
dupa1235,aust1307,-2.056895322023898,0.5296686668436754
duru1236,drav1251,0.5056177276899394,0.7641524787296872
dusn1237,aust1307,-1.4201314850932014,0.5549055088605264
dutc1256,indo1319,2.621815133286855,1.1522186184360868
dyir1250,pama1250,-2.7996404936577663,0.8779002561737217
dyul1238,mand1469,-3.4718341629730998,1.3062862025429678
dzao1238,hmon1336,-2.7213841970965973,1.6723063635272628
dzon1239,sino1245,-0.0717252254314779,0.5204789626416728
east2443,aust1307,-2.6494944033692507,0.4685890073077954
tang1336,sino1245,-2.837609967023045,0.4486169287015222
nucl1235,indo1319,0.5555024137744109,0.8426163466781147
east2379,pama1250,-1.8869297789003645,0.9193092032972264
sout2896,aust1307,-3.190351581302964,0.7326414422422074
east2555,tupi1275,-1.924389791460899,1.222863596305531
east2332,aust1305,-4.481324401003827,0.8839037451444609
east2563,aust1307,-3.445689956366988,0.9790140372420004
east2690,afro1255,1.6907348499376431,1.072448876146753
east2556,otom1299,-1.0922624538846206,0.6813471508368081
east1236,aust1305,-4.248197995159115,0.9173494192113848
east2342,sino1245,-3.52857087688405,0.8782415907402386
east2782,atla1278,3.935018356065448,0.8907314616409501
east2328,ural1272,-3.654283525198488,1.8620421083585863
east2333,aust1305,-4.045499115908522,0.8714447403474144
east2773,sino1245,-2.367003139743188,0.4535609820265391
panj1256,indo1319,0.6305262951180559,0.7958194059479107
east2485,aust1307,-3.4775765844577418,0.7221373981189205
fina1242,aust1307,-2.2271050635015146,0.4476945617066721
east2694,aust1307,-3.06180751605696,0.719878441016137
east2447,aust1307,-2.7851521685433105,1.1620613030737692
east2516,nucl1709,-2.7138577188298463,0.5451969691005529
east2440,aust1307,-1.9574588268091235,0.703777325850631
huaa1248,tuuu1241,1.9834032970946347,2.5170941077372064
wall1257,aust1307,-2.770729318361416,1.149343292132467
egaa1242,atla1278,-0.1732024898778774,0.7027128997178802
egyp1253,afro1255,2.458069532195238,1.140253055219103
eipo1242,nucl1709,-2.272201646692326,0.5750829573598306
ekar1243,nucl1709,1.0065306081335927,0.6661015795434326
elem1253,atla1278,-0.3570858684393729,0.4132422901331409
elip1238,atla1278,3.075826396711641,0.4261408716058636
elna1235,utoa1244,-1.9599111772808748,0.857604762783915
emae1237,aust1307,-2.478142637212997,0.4718577391509448
emai1241,atla1278,-0.7173516428212632,0.4502955786502318
embe1260,choc1280,-2.708813020891962,1.8942430821317944
embe1262,choc1280,-2.578526869146689,1.903141517858972
stan1293,indo1319,1.7968202024993898,1.1181220455138967
enuu1235,sino1245,-3.1445232151232445,0.7309962130548939
epen1239,choc1280,-2.663807644799399,1.9176153303287724
ersu1241,sino1245,-2.2116748078471424,0.6766483929965861
erzy1239,ural1272,-3.570358471152504,1.8882452818262367
esan1238,atla1278,-0.6576121121625366,0.4568842351146496
esee1247,koia1260,-2.995305156225269,1.7117667231690716
esee1248,pano1259,-1.5376614866332916,0.9239622165419772
esim1238,atla1278,0.278955963860618,0.3283678038054631
esto1258,ural1272,-3.411585293938088,1.7385371181010458
eton1253,atla1278,3.0789425467336358,0.4749192542732117
even1260,tung1282,-2.09038238528192,1.8233667250558157
even1259,tung1282,-1.9923591322667888,1.8061573084960476
ewee1241,atla1278,-0.4737558055076918,0.4704020554524706
fala1243,sino1245,-2.2167317263311954,0.5637347875620748
fare1241,atla1278,2.9398891596326613,0.6041412498963568
faro1244,indo1319,2.562121939129706,1.302008108054899
fasu1242,fasu1242,-0.2919873840160281,1.6874432213495965
fefe1239,atla1278,0.8128486949922848,0.3827770777929391
fiji1243,aust1307,-2.4677432181144816,1.0731259974368208
fili1244,aust1307,-2.3280358061695403,0.6667109257578447
filo1235,toto1251,-2.3502688387845234,1.5509616871178715
finn1318,ural1272,-3.6132841460579823,1.8382416913504904
fipa1238,atla1278,3.9314075139739058,0.7483028676044543
foii1241,east2499,-1.9868114893265227,2.19111228234208
fonn1241,atla1278,-0.6397894296446499,0.5056924092117119
fore1270,nucl1709,-3.0084548299656246,0.5450723572109464
fore1265,ural1272,-3.4812381238037275,2.004629800379372
fran1266,mixe1284,-2.022437094182367,1.82096412626812
stan1290,indo1319,2.629233618245095,1.1627759196460683
fuln1247,fuln1247,1.726377953399978,2.498336335870803
furr1244,fura1235,-2.7138637878537213,2.7741797336399685
furu1242,cent2225,-5.931868831453119,1.6501378088010703
futu1245,aust1307,-1.6911268173044274,0.6347413140124818
fuyu1242,fuyu1242,-2.146952022784049,2.2798146172130904
gaaa1244,atla1278,-0.3993899513090466,0.5885165869673039
gaaa1245,atla1278,-0.5117092462397936,0.4011298507530156
gaam1241,east2386,-1.4763706697302237,2.1171429600023948
gaan1243,afro1255,-1.059199650800326,0.3937215944714518
gada1258,aust1307,-2.383741366076735,0.4672026944347323
gade1242,atla1278,-0.0394275498630776,0.4390251132281868
gaga1249,turk1311,-2.9747326443781708,2.0261159869047565
gala1264,afro1255,1.0582136933795108,0.4067523283724501
gale1259,nort2923,0.9518296403641808,0.9655070872662724
gali1262,cari1283,-0.704946951297368,0.9703690485143932
gali1258,indo1319,2.6978344888812456,1.2404059277675503
galo1242,sino1245,-2.6449583025851284,0.5567006615403063
gamo1243,gong1255,0.9502100247453648,0.528657328787868
gand1255,atla1278,3.218876313877724,0.5958363027757634
gang1267,tang1340,-2.161062398529659,1.8228789061479576
gang1266,sino1245,-2.7193340085226554,0.4675049425905331
gant1244,nucl1709,-2.7013708982005054,0.5052681272122803
gapa1238,aust1307,-3.002649673810132,0.5753238499054105
boht1238,afro1255,2.967474831159428,0.935465324801218
gari1256,araw1281,2.3781286575491,1.140035994056694
garo1247,sino1245,-2.025066428954644,0.5734341122046414
gara1269,garr1260,-1.6566748312186972,2.2841907390263323
gata1239,aust1305,-2.8824779336449096,0.903084501853562
gayo1244,aust1307,-3.348495542608867,1.029588326106206
gbay1278,atla1278,0.0114936751527768,0.5347365959711805
geba1237,sino1245,-3.391094971009628,0.8981439254852854
gebe1237,aust1307,-1.6555492548567456,0.671277569132803
geda1237,aust1307,-2.811274584465433,0.499208137297555
gela1263,aust1307,-2.719138417872541,0.5165789694688705
geme1244,atla1278,0.5509090976117564,0.6566740412429968
nucl1302,kart1248,-1.8940034563778916,2.037072983127594
geru1240,afro1255,1.2645523898485211,0.4461706281294972
gese1240,aust1307,-1.720433623862674,0.6334024961752549
ghad1239,afro1255,2.905561505459429,1.2785140488630953
ghan1242,aust1307,-2.3008696179634898,0.5525321555134757
ghar1239,aust1307,-2.668935154830967,0.5545503331933026
gheg1238,indo1319,3.046999187816525,1.1495113110173922
ghom1257,afro1255,2.8529940845431234,1.265938252797148
gida1247,afro1255,1.0804781559113483,0.4012331040384498
giiw1236,afro1255,1.1740684231191056,0.3999230483259008
gilb1244,aust1307,-2.0570605964651225,1.117887662140082
gira1247,nucl1709,-2.8274583671666425,0.5049117953512035
giry1241,atla1278,0.7625291316303073,0.6002911983074939
gizr1240,east2503,0.3176958914567591,1.157535095188834
glav1244,afro1255,-1.0199147295544528,0.3664290096124438
gobu1238,atla1278,0.2399069143100869,0.5033389301987992
ghod1238,nakh1245,3.8983779144588575,0.6985481516808991
goem1240,afro1255,0.7097760641836169,0.4518599909806258
gofa1235,gong1255,1.1546920891609225,0.5411069240403639
gogo1265,suki1244,-2.1178626113907435,2.283344021954196
gola1255,atla1278,1.227835248262469,0.8092132761175734
goli1247,nucl1709,-2.9287555284978506,0.5221159338987347
goon1238,buna1274,-1.823940531046908,2.388090628451071
goro1270,afro1255,0.3206023854288327,0.6099191183727326
pare1266,aust1305,-2.997662516487076,0.8355177117206187
gras1249,koia1260,-2.916897089916892,1.7198899002366432
guah1255,guah1252,-0.2423659145120182,1.4131714037390188
guam1248,barb1265,-1.862269490449753,1.5084750851859252
guat1253,guat1253,-1.6133442209235955,2.270075538663584
gube1234,atla1278,1.7625153987726727,0.851104106832429
gude1246,afro1255,1.2229682774936257,0.3790461740708664
guer1243,otom1299,-0.7249610141762873,0.4492893003650735
guhu1244,nucl1709,-2.8377246362945705,0.6408162541486897
guiq1238,sino1245,-2.341138651564348,0.6903681477491674
gulf1241,afro1255,2.38967744163836,1.0654304092509157
guma1254,aust1307,-2.7562580936882988,0.58034034594032
guny1241,pama1250,-2.8640886547873725,1.0987333478740218
gura1251,indo1319,-0.2865219764032585,0.7520915027364361
guri1248,guri1248,-1.8656433527059717,2.1186393822742517
guro1248,mand1469,-4.040158114440229,1.5205022148831515
guru1261,sino1245,-2.297561867225135,0.4447889910990366
guru1271,afro1255,0.8072339569921299,0.4071792569575567
gusi1247,atla1278,3.329766179859381,0.5748153061218471
gugu1255,pama1250,-2.6742322391020155,0.9251405412510612
kwam1249,koma1264,1.2429243658623514,1.5503732707296731
gwen1239,atla1278,1.0627405514341692,0.4928532737840791
gyel1242,atla1278,1.0816636389899863,0.5632121428621155
haaa1252,atla1278,1.2422730523525538,0.6741634235883076
hadi1240,afro1255,2.906939057632244,0.7458498547321635
hadz1240,hadz1240,1.5982112040097676,2.146998808558792
haka1240,sino1245,-2.4189530688786065,0.5933981517606219
hakk1236,sino1245,-2.1154881066099525,1.009954901228526
hala1252,aust1305,-4.27663309101816,0.8756990691179021
halh1238,mong1349,-2.9330059602835457,2.1910001326048176
hali1244,aust1307,-1.2653227015482926,0.5095995950477756
halk1245,sali1255,-1.144183518910008,0.9293472531006528
hame1242,sout2845,0.530415119026955,1.3648375824079984
hang1263,nduu1242,2.046510390319601,1.401084378303057
hani1248,sino1245,-3.13065350896311,0.760275077286336
hano1246,aust1307,-2.636392160980558,0.4706890425918062
haro1237,aust1307,-3.298070625497562,0.972476301647593
haru1245,piaw1238,-2.224580725911368,1.92912214290705
hass1238,afro1255,3.1248440883403026,1.2128559046957323
hata1243,hata1242,-1.9725469523730483,1.846849110068748
remo1247,aust1307,-2.138329186079801,0.5770850982832898
haus1257,afro1255,1.6849489545506215,0.5712811361462844
nige1253,atla1278,2.1526618242570006,0.5477815227408089
hava1248,coch1271,-1.68563491014259,1.9533626264253188
hawa1245,aust1307,-2.572428810902629,1.241698635336046
sabu1255,aust1307,-3.210719616638314,0.8746519460773672
hdii1240,afro1255,-1.012735450925253,0.3410412277715693
hehe1240,atla1278,1.4814542827340231,0.5919209867331063
heil1246,waka1280,-1.752111945168094,1.9632610270933104
here1253,atla1278,1.6932946045047168,0.880603703779983
hert1241,afro1255,2.3329048488516104,0.9078857242227324
hida1246,siou1252,-1.2206664684675972,1.4455029691460703
high1276,mixe1284,-2.0551156118336773,1.731739219144123
high1278,utoa1244,-1.8196411276541236,0.6734649659022165
high1243,toto1251,-2.428771260913751,1.5572426816319176
hili1240,aust1307,-2.741889735358916,0.7165750858641151
karb1241,sino1245,-2.071796130164971,0.4570141833592038
hind1269,indo1319,0.7193145504110245,0.903074935727124
hinu1240,nakh1245,3.940232439567808,0.6971715314356026
hixk1239,cari1283,1.182304745139219,0.942243441380728
hlai1239,taik1256,-3.682948090011663,1.8538213575556943
hler1235,sino1245,-2.7951820144790283,0.6828366090607352
hooo1248,aust1305,-2.6218401864754184,0.8007763914154311
hoav1238,aust1307,-2.5223582826454987,0.5409518648185894
ainu1240,ainu1252,-2.2623056891481235,2.786324707579194
holo1240,atla1278,1.2242888868184152,0.7301619681821148
hone1235,atla1278,-0.7144071461174102,0.42234517125322
honi1244,sino1245,-3.0655340693822954,0.7240104173066033
hopi1249,utoa1244,-0.8368297632042259,0.8458286860994653
hote1245,aust1307,-2.960789733834793,0.4815362487356207
hozo1236,maoo1243,1.2331687902666555,1.482151204925839
hrus1242,hrus1242,-1.6627745484345544,2.193815641603116
huuu1240,aust1305,-4.234179222528139,0.8754992874598693
hual1241,quec1387,-2.711886279535847,1.6068219241335764
huam1247,jiva1245,-2.516634446724941,1.8335437610839067
huar1255,utoa1244,-2.0200187657155686,0.8520060848006183
huas1242,maya1287,-1.0416364584801396,1.091385080554661
huba1236,afro1255,-1.2539541010110695,0.3740833490455815
huic1243,utoa1244,-1.858267503902468,0.8559051306563705
hula1239,aust1307,-3.0402242824376886,0.6253771410794635
hula1244,afro1255,0.1573708769821113,0.8982523009702885
huli1244,nucl1709,-2.2443920805771125,0.5476464685016222
humb1243,song1307,-2.5266530106595027,1.7814801593897085
hung1275,aust1305,-2.054261760954424,0.8361024737251235
hung1274,ural1272,-3.1994065547645274,1.9326660303555727
hunz1247,nakh1245,1.4979401874380471,0.6433425697927215
hupd1244,nada1235,0.5521124751880899,1.2403900242505714
wyan1247,iroq1247,2.182959473535613,1.2911057494624676
hyam1245,atla1278,0.0596354033944235,0.4342910405218183
iaai1238,aust1307,-1.937795591807888,0.5835694612298501
iama1237,aust1307,-2.9303072878339544,0.5748269666552654
iatm1242,nduu1242,1.9568376989343697,1.412885493867074
ibal1244,aust1307,-2.1596781660849067,0.4680665725816819
iban1264,aust1307,-3.464884581476904,0.8775831134739809
iban1267,aust1307,-2.101334061114656,0.5066453527614825
ibat1238,aust1307,-1.714886702227681,0.612920469735033
ibib1240,atla1278,-0.1418662638988697,0.4129719262577649
icel1247,indo1319,2.62923755611975,1.342346208885694
idaa1241,aust1307,-3.2252806877434965,0.7607711856797623
idii1243,paho1240,-2.0549766971852232,1.9487553715188255
idom1241,atla1278,-0.419317568592237,0.433415840729769
idum1241,sino1245,-2.6951826019163168,0.7127582684828102
idun1242,aust1307,-2.8878265887882923,0.5701229727398376
nucl1417,atla1278,-0.3222564058650845,0.4390975126381886
igna1246,araw1281,2.6710382115241598,0.8739626054179923
ikkk1242,kuli1252,-2.170423877630469,2.0286989846296977
ilaa1246,atla1278,1.644263771473963,0.7614024806695947
ilia1236,aust1307,-3.079431545978969,0.6945343600603078
iliu1237,aust1307,-2.8706299539878897,0.713579944264711
ilok1237,aust1307,-2.130961077874852,0.4814028174990441
ilon1239,aust1307,-2.103118918257112,0.4741906115366703
imba1240,quec1387,-3.35047650309958,1.5455110700477732
imon1245,bord1247,-1.8575127948416728,2.132629671454551
ingr1248,ural1272,-3.557502601650407,1.7612910381996607
ingu1240,nakh1245,1.4494891556872824,0.79444296315669
alba1269,aust1307,-2.1389449165369983,0.6586219443791448
iqui1243,zapa1251,0.610220257465464,1.4399061371298276
iran1262,aust1307,-3.3008354822753176,0.7750725679356849
iraq1241,afro1255,2.8559752550387203,0.6379470380789711
irar1238,aust1307,-1.6384069270122232,0.5723944848302382
iray1237,aust1307,-2.4765321801493565,0.6685853522161129
iris1253,indo1319,2.4954140312733424,1.2311726506487397
irul1243,drav1251,2.3343755911807573,0.9146295754977114
kris1246,skoo1245,1.4081237969573943,1.981216836198411
isco1239,pano1259,-2.124706067020172,0.8892959270635008
isin1239,aust1307,-2.17297553612179,0.4600757696840505
isir1237,kwer1242,-2.0632521934994426,1.9110749666793057
isna1241,aust1307,-2.056515895521261,0.549052722778093
isth1240,utoa1244,-1.3706639587658795,0.7141066854739404
isth1242,utoa1244,-1.6173871469889471,0.7163869505003246
isth1241,utoa1244,-1.6529960634510124,0.7239484855319644
ital1282,indo1319,3.0871155524237675,1.1537858772812628
ivat1242,aust1307,-1.5061533760976324,0.6681798025991439
iton1250,iton1250,-0.161622727094882,1.751822801675091
itza1241,maya1287,-0.7380653206501311,0.7294328633076557
iumi1238,hmon1336,-3.998600318074178,1.9321056234655072
iwai1244,iwai1246,-0.9783968276746244,1.5977890439377989
iwal1237,aust1307,-2.927764119836151,0.4870982168660016
iwam1256,sepi1257,0.8579724486352132,0.6289387019530337
iyoo1238,nucl1709,-2.904677480093777,0.5375053021297478
jahh1242,aust1305,-4.354719312948864,1.072807882464668
jalk1242,mand1469,-1.1708829026250034,1.2415137490104633
jamb1236,aust1307,-2.822930493296626,1.056829831631783
djam1255,mirn1241,-0.4190659110568495,1.2918583289707075
jams1239,dogo1299,-1.9036356813242852,1.209380876071759
nucl1643,japo1237,-0.9887868328053504,1.7675229020569811
japh1234,sino1245,-2.332453467838814,0.7319309873411064
jaqa1244,ayma1253,-2.008717351205367,1.9882286411769647
jara1266,aust1307,-3.3786685261191733,0.9502923400163126
jaru1254,pama1250,-2.4352286311766607,0.9751435039989924
java1254,aust1307,-3.2387275108002203,1.061717720389017
jede1239,aust1305,-4.451335347241506,1.060810001692242
jehh1245,aust1305,-4.351096775811332,0.901166284948578
jeha1242,aust1305,-4.468986109094679,1.0555931703043506
jenn1240,drav1251,1.9258226828663207,0.5820272688032135
jeru1240,sino1245,-2.2546494419732688,0.4507374420612691
jiba1237,atla1278,-0.7973658551865552,0.4034877428555616
jina1244,afro1255,1.6506368194782572,0.4358935184664227
djin1251,mirn1241,0.0309993473013958,1.265488998592751
jita1239,atla1278,0.8166619089606746,0.5665274752779443
jjuu1238,atla1278,2.3877620601607603,0.4955169544024724
juan1238,aust1305,-3.0673180179427044,0.8817452793926384
juku1254,atla1278,-0.4146437401611229,0.3573956891850698
jurm1239,cent2225,-1.6251861178542368,1.4156785205094038
kaba1281,cent2225,-5.266295934053006,1.7157019243534548
kaba1278,abkh1242,-1.2665626641861871,1.6460996334770623
kaby1243,afro1255,2.9919548557445594,1.2897924101310378
kach1284,gong1255,1.301100130733238,0.6158748247862427
kada1242,drav1251,1.7085408516978482,0.5832625827152
cent2100,aust1307,-0.9399176585629744,0.6263524783263068
kado1242,sino1245,-3.515394367092696,0.7851092625940579
kafa1242,gong1255,1.2581316969978815,0.6052300389021741
kaga1256,aust1307,-2.928530858897142,0.7838117904597381
kagu1239,atla1278,1.3134089788281949,0.5553541219547511
kaik1246,sino1245,-2.2646583241814517,0.6671581513007014
kain1272,nucl1710,-1.2575728921652405,1.167308898854361
kair1263,aust1307,-2.333421443207568,0.5554179642097798
kaki1249,kaki1249,-2.3109967907673026,2.3331417301238058
cacu1241,kaku1242,2.371825506216103,2.503206209312631
kala1399,eski1264,-2.2886536765977112,2.290590448783519
kala1388,aust1307,-3.0370603019185314,0.729076233593061
kala1377,pama1250,0.0329838718501193,0.7971605299558857
kara1499,west2604,-1.3980412249160472,2.0505550819652054
kala1384,atla1278,1.2149104668771789,0.8420475107920038
kali1308,sali1255,-1.4652684253554762,1.189236523176714
kalu1248,bosa1245,-2.719298990648005,1.6448083136570246
kamm1249,atla1278,-0.8499201230355506,0.4042165601282783
kama1370,nucl1709,-2.9556620242823337,0.5278382903804224
kama1367,nucl1708,1.972525879798556,1.06759844236784
kamb1316,afro1255,2.8763093158563087,0.7440517975676384
kamb1297,atla1278,1.0946126512412335,0.584251780425372
kamb1299,aust1307,-3.243362668300663,0.9007639562530088
kamo1255,nucl1709,-1.5061210623810142,0.6973043453050125
kamu1260,kamu1264,-2.190674909929516,1.967626524212357
kana1286,aust1307,-2.1130350810198864,0.5708907802222685
kana1288,daga1274,-2.602457779165354,2.1920633543626424
kani1286,nucl1709,-3.001238989623595,0.5298978593170665
kank1243,aust1307,-2.224833602797484,0.4649286456210708
nucl1305,drav1251,2.1653772599352896,0.7909251902289736
bidy1244,atla1278,4.2298196280154725,0.8616345540780275
kaon1241,atla1278,1.9640701744576663,0.8218886498881628
kapi1249,aust1307,-2.381740352496527,0.9265359448684198
kaqc1270,maya1287,-1.0638636255858498,0.6365864252421023
kara1482,cent2225,-4.869075504462538,1.833996728903952
kara1476,pama1250,-2.832670470164508,1.067279154123853
kara1500,nucl1710,-1.6938675707852202,1.1202017410765817
kara1487,aust1307,-2.227260682011912,0.4467791614369827
kara1486,aust1307,-2.5415914947529705,0.5907950617777007
kare1338,atla1278,-1.080455097074391,0.5447836248012821
kare1335,ural1272,-3.658189567007264,1.8524329673898976
kari1306,atla1278,0.8960519665602312,0.577016911171278
kari1311,tupi1275,-2.0704038984928763,1.133918943576555
kark1258,pauw1244,-1.927328646238611,2.1468656707311435
karn1252,aust1307,-2.8443276645841653,0.5120323563064186
karo1304,karo1304,-1.4229056330710577,2.2139627954735053
kash1277,indo1319,2.664353751328705,0.990720061122262
kask1239,atha1245,-0.3978278095216687,1.174465579963329
newa1246,sino1245,-2.3941480400829454,0.4763267275778475
kats1235,sino1245,-2.548463390449944,0.6870284126309478
kana1291,katu1274,-1.4697265757208575,2.19309508072498
kaur1271,kaur1274,-1.844100752478924,2.161676750172289
kava1241,aust1307,-2.2273505363547805,0.690599527558962
kawa1283,utoa1244,-1.3512669737580831,0.7762045681807694
kaya1315,sino1245,-3.449363076305509,0.8939142951652967
kaya1319,tang1340,-2.0865730484724545,1.7929673818942935
keap1239,aust1307,-3.054367182477812,0.6350602995977188
keda1252,aust1307,-3.2060007320051893,0.7230287305530312
kera1248,atla1278,4.266385159957924,0.8584434092864646
keig1242,kadu1256,-1.13048685712862,1.5590936006255869
kele1255,atla1278,1.9693992025149607,0.6354233450286957
kele1258,aust1307,-2.783423383931693,0.6705592480519864
kele1259,aust1307,-2.2244467370460117,0.4521515463985315
keme1240,atla1278,-0.2626343010426597,0.3329047123404804
keng1240,cent2225,-4.490988121671245,1.7040614075921088
kens1248,aust1305,-2.067874824177651,1.0016323611611724
kenu1236,nubi1251,-2.094455923792762,2.3550627124976917
keoo1238,aust1307,-3.2357040997981485,0.8278693565046331
kera1255,afro1255,1.1272387880949863,0.4502452810382165
keri1250,aust1307,-2.632749175622701,1.0260977040453096
kesa1244,nucl1709,-2.926869141926608,0.5112772377263752
kett1243,yeni1252,-0.0474983758852123,1.9171604240776592
kgal1244,atla1278,1.6898989050030098,0.8964114169760635
khak1248,turk1311,-3.325418434332663,2.146001453650681
khal1275,sino1245,-2.2839950279520966,0.4697853293985923
kham1282,sino1245,-2.60812632075527,0.9343954096682224
khan1278,atla1278,-0.3142475705540539,0.4091239891693274
khan1274,aust1305,-1.7339829430567475,0.8141421850828965
khar1288,sino1245,-2.7742781171129245,0.4265390247130898
khar1287,aust1305,-2.976167866766409,0.8966948993617994
khas1269,aust1305,-0.1007961480661293,0.6155180440565755
khez1235,sino1245,-2.88218489931202,0.4201656295299227
khin1240,nakh1245,3.465597282995626,0.6773174067084335
khmu1256,aust1305,-2.060465660050733,0.8272276827984761
guan1266,sino1245,-2.436611653818739,0.709573456647655
khum1248,sino1245,-2.460958508997855,0.5889517520916914
khva1239,nakh1245,1.511114056620647,0.6529427228968867
kich1262,maya1287,-1.0287113088106308,0.6242924753779975
kiku1240,atla1278,1.0982977814616413,0.5732892534295129
kile1243,tung1282,-1.3760003201349178,1.3903486663718931
kili1267,aust1307,-0.0432769143346997,0.553032894362083
kimm1246,atla1278,-0.8634793101928269,0.5124666418939072
kima1246,kolo1268,-0.8422305315593323,1.1610782708897092
kima1244,aust1307,-3.524650326724334,0.7008654700131598
kimm1245,hmon1336,-3.3229420522387354,1.8069380214947777
kina1250,aust1307,-2.728458692441498,0.712023876468844
kinn1249,sino1245,-2.436659608232476,0.8999066020116198
kiow1266,kiow1265,0.1994916937883015,1.8701832457201863
kips1239,nilo1247,-2.2287436821648083,1.104073119231428
kelo1247,timo1261,-2.2475512327508844,1.2817544160726713
miju1243,sino1245,-2.832677760712308,0.6766235216205425
kobo1249,nucl1709,-2.628362848970726,0.5131135985498405
koda1255,drav1251,1.7468280197607349,0.6784957890080205
koho1244,aust1305,-1.821476426068593,0.8680763417356303
koir1240,sino1245,-2.829281009385893,0.4309295848988519
koit1244,koia1260,-2.7903835209712997,1.7282017475588352
koka1244,pama1250,-2.6126723471573543,1.13322159545956
koko1269,aust1307,-0.3711136710953706,0.5038614830104691
kola1285,aust1307,-1.1412953872915186,0.6330440361765737
kolb1240,atla1278,-0.7480005918629762,0.459492377348885
kolc1235,atla1278,0.585178824024537,0.5256282476188479
kolp1236,kolp1236,1.5425375026532926,2.05553995707438
kolu1245,aust1307,-2.8538211698411136,0.5730445196365426
komb1274,nucl1709,-2.326349741362177,0.6024500109109745
komc1235,atla1278,2.7369277666885905,0.3365937345654766
komi1270,sino1245,-2.8473214639622597,0.4718444959745089
komi1269,ural1272,-3.6555510154002433,1.97465520534144
komi1268,ural1272,-3.678078691204645,2.0050906854470254
komo1260,atla1278,-0.1869772105616582,0.6355554760625166
kona1242,east2433,-2.062596907805063,1.8796369798986263
konk1267,indo1319,2.824972718717597,1.156274504328036
kons1243,afro1255,2.92464835682278,0.6897684774220485
kony1248,sino1245,-0.4602205825302243,0.4363061395822862
konz1239,atla1278,0.6405851738772226,0.5391163913492227
koon1245,atla1278,2.887707922896251,0.5794706521980255
koor1239,gong1255,1.2543582422874664,0.6207172132280916
kora1294,nucl1709,-3.034235981563743,0.7601030226649086
kore1280,kore1284,-2.199989102846682,2.7556957394036363
kore1283,tuca1253,0.988153449540058,1.2066660805818308
kork1243,aust1305,-2.9475026163788125,1.165251776090641
koro1298,atla1278,0.8161356389869763,0.6818166252025768
koro1313,sout2948,1.7376366842624944,1.1867527051269635
koro1312,nucl1709,-2.2269567967155623,0.5919689288906462
korr1238,drav1251,2.0735262353924795,0.7777259215501338
kosa1249,nucl1709,-2.2973070418360644,0.6146001682567994
kosr1238,aust1307,-1.208718093934892,0.934704646315324
kota1263,drav1251,1.9259741922816933,0.5767355850521096
koti1238,atla1278,1.656666360654984,0.8888775149871306
guan1269,tuca1253,4.39201305727986,1.3670124987931178
kova1243,nucl1709,-2.8629646885102025,0.6633072343275397
kove1237,aust1307,-2.6712779518983103,0.5076964817956591
koya1251,drav1251,2.8362685462801407,0.887769889100285
koyr1242,song1307,-2.516678235049408,1.906680651119864
koyr1240,song1307,-2.3696884504566333,1.8476221273015656
koys1242,afro1255,-0.3593292304722792,0.7421745321213447
kren1239,nucl1710,-1.2996365133511414,1.194597389771237
gbay1288,kres1240,-3.516675567828867,2.714801210326196
ngeq1245,aust1305,-4.38158546626051,0.8665722637346516
kron1241,kadu1256,1.4780894588689273,1.5526384224453604
kryt1240,nakh1245,1.0554615978151416,0.66224927628598
puoc1238,aust1305,-4.272193617655296,0.8654111544127945
kuan1248,aust1307,-2.2368800739708967,0.4733640943487134
kuan1247,atla1278,1.823254000219312,0.914054636825163
bayo1255,atla1278,1.831299078252329,0.8238299174985251
kuii1252,drav1251,2.8049351065943524,0.7653920855605767
kuik1246,cari1283,-1.4556497524036427,1.1108393183593503
kuku1280,pama1250,-2.537766279798581,0.8792289773553441
kuku1273,pama1250,-2.7892981218480357,0.904346514018234
kulo1237,aust1307,-2.203239443698378,0.5895313611092368
fait1240,nucl1709,-2.937226173481714,0.5028143071890021
kulu1253,sino1245,-2.229659968354416,0.4747651280207594
kuma1280,nucl1709,-2.8640655895986966,0.5105772118892147
kumb1268,pama1250,-2.38370525637636,1.0432046536398976
kumz1235,indo1319,-0.5043161641510685,1.0256087476086355
kuna1268,kuna1268,-1.592635003369279,2.254985074666223
kunb1251,gunw1250,2.1372776773188087,1.298024274993823
kuni1267,kuni1270,0.2138449573960767,0.8504929633568881
kunj1245,pama1250,-2.2468654689691943,0.9048363750699928
kuot1243,kuot1243,1.346308854387747,2.014853694242217
kurr1243,pama1250,-3.026606488091838,1.1650599428739628
kurt1248,sino1245,-2.3493482699628405,0.548288541746941
kusa1251,aust1307,-2.487006223475867,0.540412038023931
kusu1250,kusu1250,-1.803083282045402,2.2902402225323897
kute1249,kute1249,-1.5919564185885575,2.275419382276489
kute1248,atla1278,-0.1391521910088242,0.3548069121434132
kuvi1243,drav1251,0.349234143812231,0.760041178701059
kuyy1240,aust1305,-4.5761674068584295,0.8945586669206635
kwai1243,aust1307,-2.390622154477136,0.5685931382210203
kwam1252,aust1307,-1.90907394484135,0.5504022125120134
kwar1239,aust1307,-2.582864858709082,0.5524070366544822
kwaz1243,kwaz1243,0.0094134852278806,1.7693838039982466
kweg1241,surm1244,-1.3326390452965111,1.1279148920833857
nucl1595,kwer1242,-1.9960743204932692,1.8946676702081773
kwin1241,worr1236,1.953093794793287,1.7410603051507532
kwom1262,sepi1257,0.6503935765978484,0.6076848732304656
nucl1593,kwom1263,-1.8779935117466116,2.119693434833213
kxoe1243,khoe1240,2.4698827561285275,2.08655885411617
kyer1238,sino1245,-0.0945363454253892,0.4733692583344293
cori1240,atla1278,0.0290064189948526,0.4315292306869871
laal1242,laal1242,0.2087479819722496,1.7417724240750585
labe1239,aust1307,-2.108224635799319,0.4904454833275018
labu1248,aust1307,-2.9592249574897096,0.4829449341719694
labu1249,aust1307,-3.5245980803308314,0.7036541459527319
lach1248,taik1256,-3.637972527525035,1.640945682545767
lafo1243,tege1244,0.212655951170422,1.7245520326939214
lagw1237,afro1255,1.719421861735598,0.4517520060750728
zaye1235,sino1245,-3.3531237105607694,0.8641399734806465
lahu1253,sino1245,-3.5478918440552576,0.789817796579781
lahu1252,sino1245,-3.5741556294379,0.7785326438830422
laiy1246,aust1307,-3.175319473376369,0.8344366985704195
lakk1252,nakh1245,1.3891317214866667,0.6183881719937196
lala1268,aust1307,-2.8150729682198343,0.572024118743863
lala1264,atla1278,1.7322458423696356,0.7922860575396231
lama1277,aust1307,-3.3278628589126025,0.7638403838376511
lama1288,afro1255,-0.9606225131619228,0.3444464480879015
lamb1269,indo1319,2.8262375905379287,1.0980367792433077
lamb1273,aust1307,-3.277414025551126,0.925867310913334
lamb1272,atla1278,1.3846326443756083,0.6283393814470535
lame1260,aust1307,-2.56117884984113,0.4331310474758836
hela1238,sino1245,-0.0667834898497287,0.4520683707272992
lamk1238,sino1245,-2.7401382443476487,0.5047797917815489
lamo1244,aust1307,-2.7491148097958087,0.503623233442783
land1256,atla1278,1.869279108662416,0.728639817518673
lang1320,atla1278,1.3393405653112005,0.5246818414068595
lang1324,nilo1247,-2.462639771079838,1.165213436111304
laoo1244,taik1256,-4.400575782889692,1.7933671498488255
lara1258,lara1258,1.9976804507174968,2.303315869341149
lard1243,tang1340,-2.0397414420177515,1.8078986691684185
lash1243,sino1245,-2.9623925135421825,0.6497429815839975
teke1275,atla1278,3.573257338523127,0.7341673977878647
latv1249,indo1319,2.928507166298766,1.1278562274074275
lauu1247,aust1307,-2.589821360472251,0.569326304710073
lave1248,aust1305,-2.038552077289061,0.8203367347717752
lavu1241,lavu1241,1.1357052849348317,1.93477708158796
lazz1240,kart1248,-2.078460832691757,2.098396939988441
lega1250,atla1278,0.6332391054456634,0.6386828504980406
lega1249,atla1278,0.7523501360964291,0.6692019494922188
lele1276,afro1255,0.8054856452793405,0.512162394641114
lele1267,aust1307,-2.2652613342477936,0.4866375492414105
lele1270,aust1307,-2.6874516646947537,0.6839192109964238
lemb1266,nucl1709,-2.483949959068421,0.5301419148927318
leme1238,aust1307,-2.2716995885016606,0.5639968997150464
bela1260,aust1307,-1.1013141667400088,0.6557163872266658
lena1238,aust1307,-1.9470489489639289,0.5524585498340051
lend1245,cent2225,-3.951160944517339,1.5303909664251387
leng1259,aust1307,-2.643152056183915,0.5624177798449526
lepc1244,sino1245,-2.277475721514937,0.528290493843476
lese1243,cent2225,-3.8904568229935497,1.5452181080064582
leti1246,aust1307,-2.5215697622227395,0.7069221615906507
lewo1242,aust1307,-2.507933417445787,0.4520261916489789
lewo1244,aust1307,-3.2488095885367474,0.7638037052588449
lezg1247,nakh1245,0.8762062782787226,0.6007416696729475
lian1251,sino1245,-2.532793205715588,0.4401327608389533
libi1244,atla1278,2.5648499561129827,0.5020782578540088
liby1240,afro1255,2.6247559305148345,1.1741423018058543
lihi1237,aust1307,-2.315422511459172,0.5582949957381858
liji1238,atla1278,-0.2411124019829429,0.4285858683458867
lika1243,atla1278,1.7779033990685351,0.5837242666128408
lill1248,sali1255,-1.1846499752703687,0.976483502213672
limb1266,sino1245,-2.0821303141813723,0.4907926624682757
nucl1327,limi1242,0.3819410735691533,1.7593453860761334
limo1248,aust1307,-2.1576092626704586,0.4873101893092757
lipo1242,sino1245,-2.6102033776287747,0.65589828380224
lish1245,afro1255,1.996824648948316,0.7598440381902587
lisu1250,sino1245,-2.870281299267627,0.6320567276248195
lith1251,indo1319,0.6013728655370327,1.0062671865218236
lito1235,atla1278,1.9692662657496616,0.4952951314688216
livv1243,ural1272,-3.604133130901065,1.771993702947157
loba1239,atla1278,0.1724884020074737,0.4881097936774399
logo1259,cent2225,-4.282618727536715,1.509070632383482
balo1261,atla1278,2.962880772722113,0.5740517293560696
loka1252,atla1278,0.1412917620898015,0.3935432768970188
araw1276,araw1281,2.949810313154317,1.1669992887457443
lolo1259,sino1245,-2.546843157932435,0.6529749964173659
loma1260,mand1469,-3.290930194062024,1.5093852390907307
lomb1257,indo1319,0.8640141845790161,0.9845926388318637
chiq1248,chiq1253,1.7186615999394457,2.297986759424844
acha1249,sino1245,-3.161560585881909,0.6972447316209154
long1395,aust1307,-2.6129025577562324,0.587203221670618
loni1238,aust1307,-2.802488583380065,0.6757226712866409
lonw1238,aust1307,-2.6649271684636693,0.4233164304029402
lote1237,aust1307,-2.250621730522351,0.5083398898272642
loth1237,sino1245,-0.3684774350294482,0.4051714138271158
lotu1250,aust1307,-3.457882196909864,0.6554898628746373
louu1245,aust1307,-2.7078605011236663,0.6673288489118683
vano1237,aust1307,-2.1562403343350867,0.6304445965040046
lowl1260,tequ1244,-1.8608500380409605,2.287327320730001
lowl1265,utoa1244,-2.0772950852453587,0.8511630408048263
lozi1239,atla1278,1.7620028466658852,0.7647051462623402
luan1263,aust1307,-2.624495877015897,0.7222031595270351
onto1237,aust1307,-2.3277410981900206,0.7658387499696984
lubu1243,aust1307,-2.2298142686927256,0.4752814075414209
luch1239,atla1278,4.322146090995233,0.8561263792769997
ludi1246,ural1272,-3.6463623657561226,1.839201550073482
lugb1240,cent2225,-3.9220508492626127,1.5285782094225984
lugu1238,atla1278,1.3424732927778735,0.5609857193566579
lule1254,ural1272,-3.6298260255831503,1.8810076622268852
lumb1249,atla1278,1.5097848532595477,0.8384576158142223
lumu1239,narr1279,1.1308871755017451,1.2181592970192971
lund1266,atla1278,1.940805074804011,0.8720626749842735
lund1271,aust1307,-3.441874717335093,0.7077269160199418
luok1236,nilo1247,-2.2336029539732,1.1255221270829288
luse1252,atla1278,3.217554752425934,0.6488786651353555
lusi1240,aust1307,-2.740188468783698,0.5046465321538993
luva1239,atla1278,1.870228162420497,0.8548455883270374
luya1241,atla1278,1.884723852919146,0.8236354183503152
maan1238,aust1307,-3.1811564062335345,0.9617634896386668
maas1239,atla1278,3.1750760271837204,0.5831558099593623
maba1270,atla1278,1.9853795368875429,0.5396678829044568
maba1277,maba1274,-0.9625868074166308,1.772616975446733
maca1259,guah1252,-0.8578214525014224,1.4503829195632902
mace1250,indo1319,2.962743305993113,1.1522162007158396
mach1267,araw1281,3.081987036024825,0.7946120264481702
maco1239,sali1297,2.0743992648468206,2.420662165271369
macu1260,tuca1253,4.481645196274497,1.319136503064107
macu1259,cari1283,-0.9780556502403196,0.8287077608701039
mada1285,aust1307,-2.404836643970169,0.5245668023397263
madi1260,cent2225,-3.800491790485248,1.574553310715618
jama1261,araw1282,-1.2063826456610938,1.7391697250574598
madn1237,east2374,-1.429532274537714,2.043280979487732
nucl1460,aust1307,-3.4002843679838257,0.9442366353297448
mafe1237,aust1307,-2.702083247415937,0.458235947647577
maga1260,indo1319,0.3856523493219375,0.6769379832804523
maga1263,aust1307,-1.8446205791239412,0.52817755083107
magd1235,otom1299,1.535209719565549,0.4165467808139738
magu1243,aust1307,-3.073278712084309,0.7086122072122989
maia1254,nucl1709,-2.6280643468491256,0.5492797448331714
maia1253,nucl1709,-2.664793643151248,0.5490746786637781
mail1248,mail1249,-2.453778493845268,2.4802130568188536
nucl1594,mair1253,0.4075576603461868,1.7457378355151834
mais1250,aust1307,-3.0805004764868515,0.5681293676084129
mait1250,indo1319,0.3962737529902018,0.6188729100132404
maja1242,surm1244,-1.2514265145145598,1.135689935815214
maka1304,atla1278,2.855292731269081,0.5318296785174961
maka1311,aust1307,-3.2209124194998067,0.8376025973754442
makc1235,taik1256,-3.265243933270461,1.5984178745602504
makh1264,atla1278,1.5590868084385687,0.830443925290707
makh1266,atla1278,3.872986038368948,0.8405574751246472
mako1251,atla1278,1.0556350926134992,0.7129594378396664
maku1277,aust1307,-2.599081149928704,0.7032180726487907
makw1236,atla1278,3.2942759874820284,0.7447386702819618
mala1463,drav1251,1.3754713235327358,0.8232358640267465
mala1534,aust1307,-2.0423801731892754,0.5058951250288262
mala1464,drav1251,1.742692871716618,0.7464479275445393
mala1522,chib1249,-2.2768593817679688,1.0726944718004132
male1284,gong1255,1.2369338990246992,0.5789533074658264
male1297,chib1249,-1.7239881312545564,0.9993245437593394
male1289,aust1307,-2.805363285757742,0.5177462890901059
malg1251,afro1255,-0.7671426417342573,0.4249714692898201
mali1284,bain1263,1.8270602288244464,1.7224844963623926
mali1285,otom1299,-0.5880191797747433,0.4873791589407732
malt1254,afro1255,2.766840614636478,1.294658429366287
malu1245,aust1307,-2.715327568167221,0.4321461689260748
mamm1241,maya1287,-0.8000925070091055,0.5804543988917206
sauk1252,nucl1709,-3.0622099255539013,0.5642608350719875
mama1275,aust1307,-2.725520970842426,0.7607840314204144
mamb1306,aust1307,-2.934612807331299,0.7139178885193251
mamb1294,atla1278,-0.8189965150143911,0.4240643920489799
mamb1296,atla1278,1.5624987511563186,0.727808253078476
mamv1243,cent2225,-4.475764611027153,1.530290933677771
mana1295,aust1307,-2.555642313931327,0.5283365110491336
mana1298,nduu1242,2.0325414709971588,1.4035146879304938
mana1288,sino1245,-2.251908273737764,0.5929728799281251
payn1244,nucl1709,-2.615096218402539,0.5100649031226729
mand1423,atla1278,3.584859359152412,0.6789272328173324
mand1440,aust1307,-2.4399018612179293,0.5846374808035666
mand1415,sino1245,-2.7243778995529127,1.3219214338048446
mand1436,mand1469,-2.508154243868649,1.5905846872385028
mang1378,aust1305,-4.19970289794061,0.8265895379869717
rapa1245,aust1307,-2.6189739080635808,1.2323605019347874
mang1401,aust1307,-2.6021775864350065,1.236373079954769
penr1237,aust1307,-2.663905014386799,1.228728154149714
mang1381,mang1423,2.2718445727315464,2.1164075472188686
mang1394,cent2225,-5.072120661739888,1.6043921991578438
mang1404,aust1307,-2.9929575038538427,0.4795959795342734
mang1405,aust1307,-3.368879323218679,0.8611266754320184
mang1403,aust1307,-2.4227311220949,0.4975065885986924
moni1237,otom1299,-1.2447165570851355,1.1096204423343816
tong1308,aust1305,-2.084011688163193,1.015797427008981
manm1238,aust1305,-4.223074879452209,0.8789212517987575
mann1248,mand1469,-3.531895200341109,1.568610340552032
mans1262,aust1307,-2.9354208080607243,0.7853032187971101
mans1260,hata1242,-2.034588776333614,1.8573110749953048
manu1258,aust1307,-1.6144302615923745,0.564848897140608
maon1241,taik1256,-3.32936944210087,1.6061775115624353
maor1246,aust1307,-2.539952393358228,1.2280582686576569
mapo1242,aust1307,-2.9814552715053058,0.4783709974576324
mapu1245,arau1255,0.3579185398118301,1.945622467377718
mara1382,sino1245,-2.291641977354974,0.6486573989932669
mara1399,aust1307,-2.7107330988372054,0.4256229213373608
mara1379,sino1245,-0.4338980693611458,0.4049102546795677
mara1404,aust1307,-3.072358342674662,0.7022396158080597
mara1386,west2434,0.9245864510539794,1.163341257057406
mara1396,tama1329,-2.6386456230290425,2.359889565068119
mara1378,indo1319,2.897487288884702,1.0906820187803277
marg1253,pama1250,-2.889772084970047,1.1021660166852048
marg1265,afro1255,-1.1290414242811695,0.3871823676177408
mari1414,drav1251,2.8499308718255048,0.9686965258685074
mari1440,coch1271,-1.7257801532986812,1.9311214890440176
mari1428,aust1307,-2.822842434867852,0.4958285007365863
nucl1622,anim1240,1.6701444278787272,2.155257469272774
mari1416,sino1245,-2.701683083049274,0.4831101223975556
mari1424,west2434,0.9909895960512088,1.178451623329805
moro1289,moro1289,0.0222911942395285,1.722639963206472
maro1244,aust1307,-2.543346372094033,0.5558115039108444
mara1385,mang1423,2.283497601280916,2.14245679218915
mars1254,aust1307,-1.143795299747859,1.0178179939276846
mart1255,pama1250,-3.072510460538472,1.1988558227783526
maru1249,sino1245,-2.947175265371114,0.6773004044639244
maru1252,pano1259,-1.806738917940046,0.8777714291554726
masa1322,afro1255,1.155692527493391,0.4610670744546663
masb1238,aust1307,-2.32853796745092,0.6701320982250514
mask1242,aust1307,-2.5748109973420177,0.4217985139658382
matb1237,aust1307,-1.744587669152852,0.603090295996692
kemb1249,aust1307,-3.5238169357065114,0.9219634484345698
mati1250,aust1307,-3.0178683085516704,0.6933929387107587
mato1252,aust1307,-2.9046383434577505,0.4978839780803343
mats1244,pano1259,-1.968070984322512,0.9300208669973906
matu1261,aust1307,-2.80564976464424,0.5098526835788837
matu1259,atla1278,1.0376398534594804,0.6145093943449407
mauw1238,nucl1709,-2.761965321791948,0.5560388449059257
maun1240,iwai1246,1.597730520674612,1.6336090249498223
maxa1247,nucl1710,-0.9090407623794032,1.1639928455020525
maya1285,misu1242,-2.3085041218612643,1.917222085887761
maib1239,mayb1237,-0.0687214753382894,1.7112862819644814
mayo1264,utoa1244,-2.105702003557219,0.9085269554304404
mayo1261,atla1278,-0.9635172901314516,0.551283111277908
maza1304,afro1255,-1.338555124889938,0.3762473571371942
mbaa1245,atla1278,1.7994300438516693,0.6388754204232581
mban1263,atla1278,0.8690690743019575,0.5028329188289651
mbar1260,afro1255,1.437387828608526,0.4749074614683439
mbay1241,cent2225,-5.016821291187542,1.647568827266192
mber1257,atla1278,0.9254103416376408,0.6645375854016082
mboc1235,atla1278,3.1578158306969777,0.4009775222193585
mbol1247,atla1278,-0.2798439097644223,0.6466316213018901
mbug1242,atla1278,3.588011574047108,0.5694572543361356
mbul1263,aust1307,-2.8395398959056237,0.5177433517785666
mbya1239,tupi1275,-1.918788002934217,1.2284172188518585
meen1242,surm1244,-1.3312881442810938,1.0784626179903118
mehe1243,sepi1257,0.7122548674361069,0.6022864093376987
mehi1240,araw1281,0.1640994298691303,0.7518999513759907
saki1248,tupi1275,-2.4100588054175507,1.0039033331464111
meke1243,aust1307,-2.658970313519745,0.5267802193252544
mele1250,aust1307,-2.1847288977365853,0.4940295264010692
melo1242,gong1255,1.1757216719110994,0.5461926241395476
melp1238,nucl1709,-2.69130641691205,0.5152559566158037
mend1268,sepi1257,0.6240723018796948,0.6209780382879186
mend1266,mand1469,-2.9157087966846094,1.519026585687639
meng1267,aust1307,-2.140530429337497,0.4936674426863741
meny1245,anga1289,-0.3971411477792792,1.0272464347302024
mera1242,aust1307,-2.2208751764411443,0.4930621127056818
mere1242,aust1307,-2.664383428023812,0.4933971089016764
meri1244,east2503,-2.244428375839845,1.298102292973347
meru1245,atla1278,3.36446479690219,0.6260821235431497
mesc1238,atha1245,0.552801433024467,1.091851288795718
meta1238,atla1278,0.5063909361616923,0.3549629688127669
meya1236,east1459,-0.7233077272796262,1.3368335683299186
mezo1235,otom1299,-0.7005748976323357,0.4754149556055096
mezq1235,otom1299,-0.8693325267661656,0.6551430838287184
mian1256,nucl1709,0.2973748271989705,0.4998192739831859
mich1245,utoa1244,-1.2497068489655967,0.913462714990574
midd1357,pama1250,0.1472526507100138,0.960613513862154
midd1327,aust1307,-3.011225456300895,0.4892752355921757
mido1240,nubi1251,-2.136064825152286,2.2408317885960445
mids1243,atla1278,0.0307668169463213,0.5542491069879039
miga1249,afro1255,1.3524846819520244,0.6909587689648231
mika1239,musk1252,-2.242790008218216,1.887310885536376
mikm1235,algi1248,1.827481458167639,1.6719489158316914
mila1245,sino1245,-2.6675766929871214,0.6250441823893507
mina1276,afro1255,-1.328509250871945,0.3538614576689745
mina1268,aust1307,-2.391043782768596,0.9999693350661194
mini1256,huit1251,0.8452429305106105,1.3641533241541026
mini1251,aust1307,-2.250764028903025,0.4745159248646495
minn1241,sino1245,-1.744607531141287,0.948011399993764
miri1266,jarr1235,1.7043100739982964,2.2676348224587137
misi1243,aust1307,-2.591491728850745,0.7261405057866526
misk1235,misu1242,-2.3266707982504955,2.0018936128591958
mixt1426,otom1299,-1.1748665213508187,0.4757955254480426
miya1266,afro1255,1.4744881730917567,0.4769381618898682
miya1259,japo1237,-2.999226886572488,1.8790101342381265
lush1249,sino1245,-2.3842775223196724,0.6206048826084856
mlab1235,aust1305,-4.593030310569971,0.9100278838909532
mmen1238,atla1278,0.0289981700662191,0.3248548211998385
moba1244,atla1278,2.64545353025886,0.6394586110810394
moch1257,maya1287,-0.9324133964455478,0.5796258048646719
moco1246,guai1249,0.5944502711115414,1.8354493284177544
mode1248,indo1319,2.8983425652238552,1.2215906846815954
hebr1245,afro1255,2.13047694574151,1.0616760964221714
moha1258,iroq1247,0.1651620330216925,1.2345596299531207
moii1235,west1493,-0.0070522206015347,1.7253982399118035
moke1242,aust1307,-1.2431743804748026,0.9970630178295076
moki1238,aust1307,-2.0528062501846622,0.945869706383668
mokl1243,aust1307,-3.598903104755975,1.0445316652076366
mokp1239,atla1278,0.9817729978549652,0.4337815223300825
moks1248,ural1272,-3.584321249560854,1.9056167659018015
molo1266,afro1255,-1.198528655173574,0.358720799294058
nucl1452,momb1255,-1.5190605114335467,2.1190243563529325
fass1245,baib1250,-1.9554045247523373,2.179599615865889
monn1252,aust1305,-4.403701696588671,1.1343022609853275
mong1338,atla1278,2.9562025474598035,0.7693517881417349
mono1273,aust1307,-2.0007292520504456,0.5347657665551973
mono1270,atla1278,0.3999684998329894,0.4864487690331471
mono1275,utoa1244,-1.2024896738211923,0.7614589957419056
mont1268,algi1248,4.184841455361975,1.871626107716493
nucl1458,monu1249,1.258710793454278,1.9184814883521533
monz1249,atla1278,1.6044533307952586,0.4934803684325746
mopa1243,maya1287,-1.2508516955332538,0.769231641168453
more1259,utoa1244,-1.5457250230723876,0.6634816486398716
mori1269,aust1307,-2.5369944831179154,0.7448600774149545
mori1268,aust1307,-2.337761133831023,0.7425950034658721
morm1235,aust1307,-1.663887751705306,0.566964549945078
moro1285,heib1242,1.1073438814643008,1.2040034549711236
moro1287,aust1307,-2.917328259179212,0.7888359963304077
mort1237,aust1307,-2.5523546358603806,1.0054256504968686
mose1249,mose1249,1.6835616736243697,2.25513196265259
mota1237,aust1307,-2.261721800024822,0.5598986636228118
temb1272,atla1278,2.1165875859554264,0.5507357874201753
motu1246,aust1307,-3.0133617706044395,0.5996079719009688
mouk1239,aust1307,-2.760333080302222,0.5016927688817909
moun1252,koia1260,-2.8890129208005755,1.683405892942719
movi1243,movi1243,1.5626293172035264,2.1494570215973616
tang1347,aust1307,-2.694418360358987,0.4732632339902487
moyo1238,sino1245,-2.5969904003976665,0.4828512276622319
mpad1242,afro1255,1.8984924901491484,0.5402470117618345
mpii1239,sino1245,-3.7344045696749535,0.9648508902488672
mpot1240,atla1278,1.4209476015354805,0.6937875021845321
mpur1239,mpur1239,-0.2063706105149971,1.7243425681613669
mual1241,aust1307,-1.0691304604217935,0.8580197680961299
mudu1242,aust1307,-2.671627908819264,0.5481743986403518
mudu1239,drav1251,1.7696052978626815,0.5873661596452031
mull1237,nort1547,1.8610355423909055,2.2171216535903797
nucl1240,atla1278,-0.6794501620013859,0.4028860220307146
muna1247,aust1307,-2.9016008729125007,0.7791023211879042
munc1235,sino1245,-2.957178827200458,0.8248367985428646
mund1328,atla1278,2.464451283763365,0.3369366474798032
mund1325,atla1278,-0.7694893031511354,0.4370710063216765
mund1320,aust1305,-0.2558086712937348,0.7813166906768405
mund1326,atla1278,-0.3849734145211465,0.6152913943275196
mund1330,tupi1275,-1.5064704216531548,1.1662895126888468
abar1238,atla1278,2.492791401877569,0.3364994139271773
murl1244,surm1244,-1.264758768206596,1.1314836482116482
murr1258,sout2772,1.688601897162718,2.192831112898352
muru1274,huit1251,0.5732097050042533,1.365085388018898
muru1266,pama1250,-2.821224074349112,1.1002683677149436
musg1254,afro1255,1.4439442750652935,0.4372952283303566
muso1238,aust1307,-2.941102608211704,0.4856033631052798
muss1246,aust1307,-2.6548187624098825,0.7553638447551538
muth1236,drav1251,1.8123438587463216,0.6626553639748538
muyu1244,aust1307,-2.3195225385663822,0.6557071652455284
mwag1236,afro1255,0.9528297749661724,0.4458735145729644
mwan1250,mand1469,-4.025348010447324,1.484828157614305
mwan1247,atla1278,1.381721651193028,0.8087489060344026
mwer1248,atla1278,1.2189580741177974,0.6617288523012324
motl1237,aust1307,-2.0670109098069145,0.5619607240575033
naas1242,sout2948,-0.7543131001438395,1.1497698694974443
naba1256,nucl1709,-2.952173370194412,0.5775803343534007
nade1244,nada1235,-0.0340501964084796,1.2271265579195516
sout2857,aust1307,-2.6035563579476437,0.4264109041582418
naka1262,aust1307,-2.124082401263908,0.5039702966054538
nalc1240,nucl1709,-2.267376128264124,0.5927845975008181
nali1244,aust1307,-2.504602452270421,0.5712296059725839
nalo1235,aust1307,-1.9711458613694557,0.6408749240553173
nama1268,aust1307,-2.4376820221597795,0.4847024367902426
litz1237,aust1307,-2.69261386889592,0.4212088017831319
nama1264,khoe1240,2.210318198426652,2.273399973868487
nama1266,more1255,-1.795788429234987,1.0780839624202452
namb1293,more1255,-1.8715422329125304,1.0927274413369652
nami1256,sepi1257,0.7262315699864288,0.6126182514337266
namu1246,sino1245,-2.1138814046151784,0.6552391589316771
nana1257,tung1282,-1.8980800803765077,1.353056908892118
nand1266,nilo1247,-2.2391297859828323,1.054690674619494
nang1262,aust1307,-2.0684512072289536,0.6552465015258497
nant1250,araw1281,0.6399885096437101,0.788989544508695
nara1262,nara1262,-1.6252838805117844,2.2901365214874883
naro1251,aust1307,-3.477107972892331,0.7795852322212578
yong1270,sino1245,-2.2167635721694543,0.6212121211522681
naru1238,pama1250,-2.6132138545842087,1.247483457756981
nati1244,aust1307,-2.6262292916336403,0.4249135702041204
nati1243,atla1278,0.703308774891874,0.4940660072033171
natu1246,aust1307,-1.945316094166488,0.6422569768388162
naue1237,aust1307,-2.6933684726641216,0.7152803863036281
naur1243,aust1307,-1.1941288226679942,0.9796234187088472
nava1243,atha1245,0.4769325245020415,0.9968424210948824
nawu1242,atla1278,-0.1162974119400035,0.4909576980012362
naxi1245,sino1245,-2.4881952232281765,0.6236492009912324
ncan1245,atla1278,-0.1349390757532451,0.3260236876380831
ndam1251,afro1255,0.6260008387307521,0.5634575186496562
ndam1239,atla1278,1.414732257255186,0.5991411757013037
nden1248,atla1278,0.8975013449715825,0.5945892875805887
ndob1238,atla1278,0.4214136568819073,0.5083391607578682
ndog1248,atla1278,-0.0972005704619631,0.670892224264894
ndom1245,kolo1268,-0.8468134009066921,1.1256051037827328
ndun1249,atla1278,-0.656191196343269,0.5231268846742521
nege1240,aust1307,-3.428214205955115,0.9858507688600336
negi1245,tung1282,-2.2594416746666752,1.4639570471794865
neha1247,aust1307,0.8446373602149173,0.5228764875855645
kuma1276,aust1307,-1.2540927253645873,0.5886683956675327
nenn1238,more1255,-2.0811650273540168,1.078314906146261
nend1239,nucl1709,-2.5020846419999905,0.5095794304601315
neng1238,aust1307,-1.9858543221254383,0.6778363243042915
nucl1706,afro1255,2.237043485854411,1.0594912087770467
nepa1254,indo1319,0.38179449693076,0.6025351894380018
nese1235,aust1307,-2.718610551896245,0.4314210774205631
vinm1237,aust1307,-2.686041889168433,0.4154644460538317
ling1265,aust1307,-2.6886810547076703,0.4118341620333363
nezp1238,saha1239,-1.8234210579541097,2.030338413085906
ngaa1240,pama1250,-1.6996732952851268,1.0842987227606384
ngab1239,chib1249,-1.7456143469836962,0.9294398068527444
ngal1292,gunw1250,-0.5023529438439378,1.1983113452138103
ngam1268,cent2225,-4.940997298448,1.6253466246413075
ngan1291,ural1272,-3.548932310350213,2.027472745617053
ngan1295,gunw1250,1.8934138175141504,1.221636310893544
ngar1235,pama1250,-2.1997075149319683,0.8458533372481862
ngar1284,worr1236,2.040913508280843,1.7949538559216376
ngar1283,mirn1241,2.395298445375284,1.3320018656722277
ngas1240,afro1255,0.6511533041198673,0.4101311821587168
ngba1284,atla1278,-1.1597139590018228,0.5346235789264622
ngba1285,atla1278,-0.5377746858434036,0.470862570162875
ngge1241,nucl1709,-2.240167530426998,0.654852514400321
ngit1239,cent2225,-3.783396827122238,1.5376408009588691
wang1291,pama1250,-2.710111840600727,1.1201030210674308
ngom1268,atla1278,2.5232365692326164,0.5755645032368362
ngul1236,aust1307,-2.303944684612377,0.9038261744355918
nhan1238,pama1250,-2.954951099792885,1.3010753227245084
nhen1239,tupi1275,-1.5456430411503643,1.078089592724358
nias1242,aust1307,-2.9266807616556028,1.042567566813707
niha1238,niha1238,-1.864255140957164,2.466248035876476
nila1242,atla1278,1.4419968516525286,0.5728544294633244
nucl1633,nimb1257,-1.9373869182736607,2.2110107027828123
nina1238,yano1268,0.2575099833124661,1.0674531088753183
labo1244,aust1307,-2.6211566196357934,0.4279009932138358
nisg1240,tsim1258,-1.681116967519045,2.3712082197264
niua1240,aust1307,-2.777592381733258,1.1481329140820682
niue1239,aust1307,-2.7358707657251617,1.1893882404303615
niva1238,mata1289,0.3982727226183895,1.880686739000604
njan1240,atla1278,-0.3681197713400079,0.3839363518268839
nkon1248,atla1278,-0.2271063544907283,0.4219619237643597
nkor1239,ijoi1239,-1.2558171344302518,1.528292311589222
noct1238,sino1245,-2.7721311786119767,0.5338796196595932
noku1237,aust1307,-2.5902999769060857,0.5407933733616743
noma1260,atla1278,3.143316484691951,0.4171042790582362
noma1263,araw1281,2.9543786437280164,0.8272919282677105
noon1242,atla1278,4.111868149016067,0.9910086106202672
noon1243,atla1278,2.3485165600645104,0.331151302555464
nopa1235,otom1299,1.2240617145395776,0.4373975020850227
nort2839,aust1307,-2.631509436152873,0.4358366228252897
nort2697,turk1311,-2.6897687701431887,1.7448386698631049
darg1241,nakh1245,3.7912552608857233,0.6661127326490677
nort2930,kiwa1251,-2.478608767792202,2.0679858925636267
nort2836,aust1307,-2.250944379849734,0.4880547653645575
nort2724,sino1245,-2.663483987013045,0.6326936255823274
nort2972,choc1280,-2.6394177400143217,1.886503176648098
nort2702,drav1251,2.838675232593964,0.8692669205788714
gumu1244,gumu1250,2.72504858799861,1.7366167262592307
nort2938,haid1248,-1.9869898776451167,2.109285507788812
sing1264,sino1245,-2.891900483764497,0.5579165858620185
nort2877,aust1307,-2.1310583727452093,0.4678307101850318
nort2684,aust1305,-2.189639800722655,0.9001598319337685
lush1252,sali1255,-0.9054311869643988,0.9507532975486792
nort2774,atla1278,0.6954344249787904,0.4836684807867968
nort2954,utoa1244,-0.8587104068445373,0.8265292870088548
nort2957,utoa1244,-1.8016650223612996,0.654089071552169
nort2723,sino1245,-2.2040959098360355,0.6448453937918734
nort2747,hmon1336,-2.9721218424958646,1.7789202274101656
nort2722,sino1245,-2.4650012213237726,0.7854343260115288
nort2994,aust1307,-3.280564705108098,0.9614362233236142
nort2885,aust1307,-3.002123408210441,0.7136436502004542
nort2959,utoa1244,-2.097125507839005,0.8905576836889595
tosk1239,indo1319,2.9892774389387284,1.1576875299602687
nort2732,sino1245,-2.582698539743689,1.074731235202103
nort2690,turk1311,-3.312227455460727,2.121778807347436
yoku1256,yoku1255,-1.4276390261903766,2.1519533690347297
nort2745,yuka1259,-0.0087662511456965,1.923583741364279
nort3047,afro1255,-1.2175972600074414,0.3681114496929827
nort2980,quec1387,-2.705125535655285,1.6275901121749523
nort3139,afro1255,2.413751658104196,1.047264451430276
nort2845,aust1307,-2.580480736094572,1.2350637013414594
nort2671,ural1272,-3.6470265726527775,1.8996986192088048
nort2942,atha1245,2.4081800690687807,1.388690726425175
nort2847,aust1307,-1.969978974351506,0.5396309477530035
nort2699,drav1251,2.791132822473359,1.020500682643871
nort2961,algi1248,1.8466438697481324,1.579556602358292
nort2775,atla1278,-0.7373500946388015,0.5725106668657785
nort2951,maid1262,0.3666180368949965,1.820177856617484
yaki1237,saha1239,-1.7321115827176126,2.0306138328098298
nots1237,aust1307,-2.464877771564519,0.5466860651850052
nsen1242,atla1278,1.6676616289497583,0.8430090487381205
nuer1246,nilo1247,-2.092823239230926,1.1772084907989693
nugu1242,atla1278,0.5607547957069303,0.4100513393866167
nukn1238,nucl1709,-2.921870883508652,0.5855397943596525
nuku1260,aust1307,-2.466988907718385,0.97629850305459
nung1282,sino1245,-2.8050554188024828,0.6389817109004623
nupe1254,atla1278,-0.2733454203664147,0.5368933474800857
nusu1239,sino1245,-2.798290193148972,0.6322005034335798
nuuc1236,waka1280,-1.730646081774875,1.980729203191797
nyah1249,aust1305,-2.011044111255745,0.8169035328857466
nyah1250,aust1305,-4.6304401303834295,1.0032286914115445
nyak1260,atla1278,3.833965101021109,0.6559797813661503
nyal1250,atla1278,-0.0173147433716929,0.5336210391274445
nyam1285,afro1255,0.6167298704080892,0.4223045910356533
nyan1301,pama1250,-2.9680245188502488,1.1200163752747416
nyan1307,atla1278,0.7998227727206761,0.5669002629801629
nyat1246,atla1278,1.490689019218734,0.5646341098783321
nyaw1247,pama1250,-2.7905010076219794,0.9741471827546052
nyig1240,nyul1248,-2.299403164543005,2.017106011110425
nyis1236,sino1245,-2.450955716061352,0.4945334748538315
nyor1246,atla1278,0.7357736258296881,0.5411171400682973
nyun1247,pama1250,-2.676873337670071,1.325001283139061
nzad1234,atla1278,2.9235638483815687,0.8289791523087473
nzak1246,atla1278,-1.1642773235089248,0.5466998802087226
nzak1247,atla1278,0.1887820467365389,0.5228126148624854
obok1239,lake1255,-1.6432802519092031,2.104202629231948
obom1235,aust1307,-3.0546486867849283,0.7040567099956423
occi1239,indo1319,3.002310041731408,1.1404638825222908
ocot1244,otom1299,-1.3539759868271153,0.4015024025612028
oriy1255,indo1319,0.2933224476211644,0.7992787763507327
ofay1240,nucl1710,1.3079172296578236,1.1405461781440422
kalm1243,mong1349,-2.3813375811608246,2.124012159340603
okan1243,sali1255,-1.4234818864251424,1.0143531056999855
okin1246,japo1237,-3.1791052311540837,1.934915202170418
okoe1238,atla1278,-0.6280538784313155,0.4253521077573601
oksa1245,nucl1709,-2.2931912886693198,0.5140762359320528
okuu1243,atla1278,2.6718802829430195,0.3447780693724107
oloo1241,nucl1708,1.892442198683968,0.9422137684564796
olut1240,mixe1284,-2.13535183628178,1.7227393372963906
omah1247,siou1252,-1.3311073443916273,1.6013640669271685
omii1238,cent2225,-4.062419467411363,1.5192441291687755
omie1241,koia1260,-3.0517879611964167,1.707650105392554
onge1236,jara1244,-2.618980517347553,2.8842683616920226
bira1253,bira1253,1.605636685927475,2.11441109953983
onon1246,iroq1247,2.5834217435129965,1.2875978622020932
orma1241,afro1255,2.6112461308370936,0.7857497402958105
oroc1248,tung1282,-2.201630445523036,1.3818372253755768
oroh1237,aust1307,-2.563964729548168,0.6200885565389891
orok1265,tung1282,-2.2696976243000195,1.585013833949461
orok1269,nucl1709,-0.6501243899640305,0.6569591771229133
orok1266,atla1278,3.237520020421524,0.4210201486099336
orok1267,nucl1580,-2.4609735373889703,2.087642660755053
orow1242,aust1307,-1.7839004708530075,0.5884829982827391
orya1242,toro1256,1.4066428205639945,2.00342321773372
osam1235,atla1278,3.045335398531459,0.7022895035111509
otor1240,heib1242,1.1294527934700374,1.2335159782208809
otta1242,algi1248,4.354117481362741,1.7625342369166228
owaa1237,aust1307,-2.499719980784979,0.7181235481089456
paaa1242,afro1255,1.580659385657738,0.5074950836654595
darl1243,pama1250,-2.7926462347026177,1.163862898487482
paam1238,aust1307,-2.572959840409632,0.4418822706492897
paas1238,atla1278,0.4849165423679076,0.4928392346884704
paco1243,aust1305,-4.32254417653728,0.9088490437941016
paez1247,paez1247,-2.000742992755572,2.3901106361966558
pagi1243,atla1278,-1.1624749345203091,0.5209251259495864
pagu1249,nort2923,1.2808066978062371,0.8274082539887551
pahn1237,hmon1336,-3.342654059852926,1.808386883942103
pait1244,sino1245,-0.2257681577852233,0.4704390593872123
paiw1248,aust1307,-1.969787461471106,0.6042708110387407
pala1344,aust1307,-2.461932513154932,0.9922898590548472
pali1279,araw1281,2.639776849817183,1.311948557854076
balu1257,aust1307,-2.5752130833613123,0.6488996989528935
pamb1243,atla1278,0.6833568420785016,0.5349256966230804
pamo1252,aust1307,-2.4794975478698897,0.7457630463469931
pamp1243,aust1307,-2.0688925303094594,0.5453314696411504
pana1305,utoa1244,-1.306290101549814,0.7721827393423868
pana1307,nucl1710,-1.6167274487168728,1.0654930708326191
enap1235,cari1283,-0.5337988087413228,0.9929422093036568
pang1290,aust1307,-2.1449037494988024,0.502835585587984
pang1291,aust1307,-3.1953901015245814,0.8093392801407044
pang1287,atla1278,1.37702276648709,0.6317069679862866
pano1254,pano1259,-1.4257799517685814,0.8425090463371885
pany1241,pama1250,-2.9589739510190425,1.163943809838338
papa1238,toto1251,-2.431749063972993,1.591373232677716
papa1265,aust1307,-1.55499280785742,0.4864689761933132
papa1268,aust1307,-0.9069883501629136,0.5757403212406236
para1311,tupi1275,-1.4584797720307834,1.0914646141599027
para1302,sino1245,-2.973298373472587,0.4809983474447499
para1316,araw1281,-0.487754639981995,0.9301937268500122
pare1272,araw1281,0.3895866230698293,0.8592616097213748
pate1247,aust1307,-2.9935053621497176,0.4836984268658075
patp1243,aust1307,-2.2620284011121816,0.5129168830758362
patt1248,sino1245,-2.438537480679856,0.9492543683547248
paul1238,aust1307,0.9147312699503696,0.5478721490765155
paun1241,araw1281,-0.1068815714194371,0.7843367404340587
pawa1255,pawa1255,-2.351629583432138,2.331547570428368
pawn1254,cadd1255,-1.5548086999941888,2.3285775245158566
pech1241,chib1249,-1.8671020926459183,1.2293319375537957
peer1241,atla1278,-0.4423585213665204,0.4290612417466564
pela1242,sino1245,-3.1730339022398795,0.7039151055944166
pele1245,pele1245,1.5065613788855574,2.0477522449252925
pemo1248,cari1283,-0.7238012896705786,0.8392556957387014
pend1242,aust1307,-2.6408232823398974,0.7808215845882258
peng1244,drav1251,2.7213969375759133,0.8132742758831353
peri1253,mong1349,-2.901548929930443,2.2335725970839717
phak1238,taik1256,-3.493586265497324,1.714393636030965
phom1236,sino1245,-0.3941096620438831,0.4082962128527803
phon1246,aust1305,-4.404953542146708,0.8649399484623004
piap1246,araw1281,0.448229462859161,0.8297793329587058
pich1237,araw1281,2.927753688717447,0.7814820351825782
pila1245,guai1249,2.8831634871585408,2.0905616553820128
pima1248,utoa1244,-1.9589146168558524,0.8702738108976065
pina1252,piaw1238,-2.1829285826939966,1.92058190588382
ping1243,aust1307,-1.842334546330232,0.930323855102222
pint1250,pama1250,-2.288788421295455,1.00599678025399
pipi1250,utoa1244,-1.8173110948914424,1.0266009802631424
pite1240,ural1272,-3.6245166086464153,1.8651110755605091
plai1258,algi1248,2.013653729947562,1.4445411055802526
plat1254,aust1307,-2.450384754919069,1.1966202660512697
pnar1238,aust1305,-0.1728217278186681,0.6220137291347494
pohn1238,aust1307,-2.2357960703358426,0.9858319434683098
poko1263,nilo1247,-2.253828501625435,1.093480045709042
poli1260,indo1319,2.9579040418907105,1.2111207967399635
popt1235,maya1287,1.6730222489729971,0.5592236542559044
port1285,aust1307,-2.4598181798486896,0.413791070398533
port1283,indo1319,2.7241545665479343,1.2579345676248337
pott1240,drav1251,2.8234463179743896,0.8071305874440897
phai1238,aust1305,-2.137786892985501,0.8759843556074487
pras1239,indo1319,-0.2404335932591046,0.9549083765625976
psik1239,afro1255,-1.0407558416403544,0.3570992007351465
puin1248,puin1248,-1.3288833741873078,2.0745636568601515
puka1242,aust1307,-2.7608039945321745,1.2018351135750134
pula1263,atla1278,4.084353656163044,0.9333139392933116
pula1262,atla1278,4.091438865882538,0.8671613123811759
pulu1242,aust1307,-2.652247996165469,1.052606175874264
puma1239,sino1245,-2.223626866717374,0.4460811021590367
pume1238,pume1238,1.9618658584471624,2.414237076121534
pura1257,pura1257,-2.333929999922932,2.3449586451205904
pure1242,tara1323,-1.6193600480712196,2.256943035570818
puri1258,sino1245,-2.4508272703057226,1.011091915131717
puyu1239,aust1307,-1.9642399205106773,0.5839104140635061
qanj1241,maya1287,-0.6872431168404339,0.559844124986085
qaqe1238,bain1263,1.706012845245481,1.7211972913967348
qawa1238,kawe1237,-1.7394998234691852,2.4999158514222586
qima1242,afro1255,0.778487819053165,0.8142583745804641
quer1236,otom1299,-0.930728529078098,0.68845746474237
quey1238,sino1245,-2.4520561805902887,0.7039734282545993
quio1240,otom1299,-0.896478575480443,0.4371105159537003
rabh1238,sino1245,-2.0529063543771744,0.5133799172625451
rade1240,aust1307,-3.050306770641821,0.9411953662628832
raji1240,sino1245,-2.352863148964262,0.7673640685191643
rama1270,chib1249,-1.4407781800732138,0.9703039434475672
ramo1244,aust1307,-2.2909028923454686,0.4885236105662742
rapa1244,aust1307,-2.5823825246365386,1.2415473984977758
rapo1238,nort2933,2.4144007341432414,2.017234829888276
rata1244,aust1307,-2.4910158319991336,0.8221613095311966
raut1239,sino1245,-2.3769327081456417,0.7905500414559663
rawa1267,nucl1709,-2.745540927733985,0.5227086509203378
reja1241,aust1307,-3.468405889432013,0.8461193563338258
remb1250,aust1307,-3.229140833727964,0.8339054296400001
rend1243,afro1255,2.810059450814229,0.7638440209603239
reng1252,aust1305,-4.1791470548115655,0.8935663531970772
renn1242,aust1307,-2.568690557851414,0.7603938683786198
rere1240,aust1307,-2.540659519503945,0.4116397350417866
resi1247,araw1281,3.5293993638624754,0.874928407587892
reye1240,pano1259,-1.912159352183243,1.0365255257351906
rian1263,kolo1268,-0.7906327803116735,1.1249251414792356
rikb1245,nucl1710,1.2762784675475412,1.096682710807801
rita1239,pama1250,-1.9585015555829637,0.7606636031530867
beka1241,aust1307,-3.497319363101593,0.9694939179544186
roma1326,indo1319,3.134542966552769,1.061273965120889
romb1245,aust1307,-2.4323750204267425,0.659137691141193
ronn1241,afro1255,1.0395810658150586,0.4426198120673845
rong1266,sino1245,-2.6402630608737967,0.4410923788709429
rong1264,sino1245,-2.4570753956113003,0.8763627902734239
roto1249,nort2933,2.1249489998551567,2.003558584708513
rotu1241,aust1307,-2.423336051314579,1.0877089270606408
rovi1238,aust1307,-2.477853620279718,0.5482592672674658
ruch1235,aust1305,-4.181386427874868,0.9933252835816728
ruka1240,aust1307,-1.829704280444805,0.5783842330594164
ruma1248,aust1305,-3.987462681325971,0.9836770568344612
rumu1243,tura1263,-2.2889887066836887,2.3197702511710627
rung1258,maba1274,-2.292193085112187,1.8836894776111053
rung1259,aust1307,-3.5368059834731818,0.7089034007771442
russ1264,mong1349,-2.91447152725213,2.2109210241857555
russ1263,indo1319,2.554805069456963,1.2956391496492263
rutu1240,nakh1245,1.2469290156379451,0.6113405141624231
saaa1241,aust1307,-2.5865243112920595,0.4469231154339375
saaa1240,aust1307,-2.5520848378310723,0.6189748646057254
saam1283,atla1278,0.6096613964023305,0.5589809592108907
saar1237,aust1307,-2.0762109868503327,0.5789257746566836
saba1267,aust1307,-3.4346727313107928,0.638483977536763
saba1268,namb1299,-1.9239488431232736,1.9565020944097649
safw1238,atla1278,1.263876970906875,0.5980667671644819
saga1262,atla1278,0.9338694925384728,0.5329669722483432
sais1237,aust1307,-2.2295333393755827,0.6665627025738665
yaku1245,turk1311,-3.248827713375456,2.191082892309003
saki1247,aust1307,-2.282093051440313,0.6255788075908493
tsis1238,atla1278,0.27102803548313,0.5570448002514787
salt1242,nucl1709,-2.897897566086698,0.5203554952559517
samb1311,atla1278,1.9175255904476831,0.4000780438571376
samb1305,atla1278,-0.6673231931178475,0.388171568644104
samo1303,east2433,-2.078221113084413,1.893426019362044
samo1305,aust1307,-2.767073610468725,1.1593984474467427
wara1292,atla1278,3.139010142582946,0.5151279844634811
sana1295,afro1255,2.588049129401355,1.2631711511084551
sanb1241,otom1299,-1.455915245608025,0.441087325175733
sanb1242,chib1249,-2.0779881359043024,1.1020402622751837
sand1273,sand1273,1.7049012311503475,2.185837650041762
sand1278,huav1256,-0.0018215690161724,1.7617180676450372
sang1331,atla1278,1.861720085021936,0.8271834550187194
sang1321,sino1245,-0.5486309692360409,0.4157242729710679
sang1330,atla1278,1.5667109767024816,0.5917341995807077
sani1269,sino1245,-2.388721293722699,0.7223200857150731
sanm1301,otom1299,1.602997655782879,0.5463235926557917
sanm1289,quec1387,-3.235504204131639,1.6921927395577845
sanm1295,otom1299,1.3222904919849456,0.4099782882669935
sant1410,aust1305,-2.3785675625526084,0.7941282370112854
sant1451,otom1299,-1.2051372288334212,0.5194742350044157
sant1436,otom1299,-0.8280682694338626,0.4295642946271383
sanu1240,yano1268,0.6431280309621643,1.086491928796621
sapo1253,aust1307,-1.1605007584849123,0.4769664375998119
sapu1248,aust1305,-4.406701460757563,0.8369959074454023
sara1321,cent2225,-5.330652852162803,1.7425665089176294
sara1327,aust1307,-2.8200112593235427,0.7801177581874112
sars1236,atha1245,0.4145006504864039,1.1081506548634654
sasa1249,aust1307,-3.316152205371846,0.933057363749064
sata1237,aust1307,-2.644334185362518,1.0501365714244764
saur1249,drav1251,0.5276710381110612,0.9294271053025552
savo1255,savo1255,1.1604777162145867,1.9407419453175685
saya1246,afro1255,-1.5266071383904576,0.4186741266802767
seda1262,aust1305,-4.178397382483855,0.9044195820452932
taro1264,aust1307,-2.2577529984527,0.6070228092763323
seim1238,aust1307,-1.9839413310016367,0.7287169368419222
seke1241,aust1307,-2.650214906032783,0.447775813756913
sekp1241,atla1278,-0.416223949526205,0.4309947138263279
sela1259,aust1307,-1.9728347518410363,0.7701270046956394
sela1260,aust1307,-3.234363229598276,0.818495588722401
sele1249,atla1278,2.088667913588944,0.4283001989737283
sele1250,nucl1709,-2.9050868866324566,0.6050237806881507
selk1253,ural1272,-3.487975343392575,2.020660532515133
sema1266,aust1305,-4.358494560870116,1.0764977724587146
sema1265,aust1305,-1.9733402719749464,1.0406070010251502
seme1247,aust1305,-4.296611183872843,1.098351378840078
sene1264,iroq1247,2.59043766974362,1.2829288812125803
seng1281,aust1307,-0.2868144001379322,0.4883234218489147
nucl1632,sent1261,-1.8969877279978744,2.1951179243060626
sout1528,indo1319,3.002238028283942,1.1749834084556334
seri1257,seri1257,-1.8853507710740895,2.464765085488932
seve1240,algi1248,4.201252918469179,1.728064239209027
sgaw1245,sino1245,-3.487005446639829,0.987960136785004
shab1252,shab1252,1.560718753950348,2.0924538319176067
sham1280,atla1278,0.7787103473637007,0.5144941521907245
shan1283,pano1259,-1.9472002398886696,0.8317977098856333
shaw1249,algi1248,2.146680923339443,1.6271553424287908
shee1238,hmon1336,-2.463344701482616,1.761019218018682
shek1245,dizo1235,0.5843064795826654,1.3073734896922695
sher1257,sino1245,-1.906319917116086,0.479073033336344
biao1253,taik1256,-2.7559490697444837,1.7312508100916162
shil1265,nilo1247,-1.6265835400909827,1.172103911077333
ship1254,pano1259,-2.2225496077265987,0.9186769908654971
shix1238,sino1245,-2.315508613535841,0.6419696805910791
shol1240,drav1251,1.9865669098043044,0.6373812478531979
shon1251,atla1278,3.884548910984306,0.8867368441947279
shor1247,turk1311,-3.140372276501208,2.1319171870893907
shos1248,utoa1244,-1.3561060752171543,0.9673848307890176
shua1257,jiva1245,-2.4903978395475184,1.8371254113774231
shwe1236,aust1305,-4.01034933356035,0.9808516247709128
siam1242,siam1242,-2.006488551387769,2.2801180612993983
siar1238,aust1307,-2.017995545428697,0.5023085012332333
siaw1243,amto1249,-1.8084353633314827,2.099186542601476
sich1238,sino1245,-1.8885450116994296,0.6631619047267887
sici1248,indo1319,2.972839614037213,1.220212397177578
sici1249,atla1278,0.7292802800120426,0.5032594245335749
sida1246,afro1255,2.632435460300085,0.7575603198016991
siee1239,aust1307,-2.052418190030908,0.5435117622276504
sier1250,otom1299,-1.0686553555857814,0.4284779378700167
sier1248,utoa1244,-1.7251681379831745,0.6919142782516108
sika1261,aust1307,-2.4139066173069628,0.7381881378376334
siks1238,algi1248,1.8670281816408747,1.3821504010349033
siku1242,aust1307,-2.9567026321758743,1.059313075945552
simb1256,aust1307,-2.3287934820924456,0.5661360165320475
sina1266,aust1307,-3.0612102126554355,0.6023853289103767
sini1242,mand1469,-3.627299437343309,1.662557552745166
sioo1240,aust1307,-2.869782882729103,0.5043359521510933
sion1247,tuca1253,0.9227302305603008,1.2051563974493695
siri1274,tuca1253,4.457737113424922,1.3059391270616203
siri1273,tupi1275,-2.3078678745153804,1.042807378962724
siro1249,nucl1709,-2.861256366462167,0.537949688195257
sile1255,nucl1709,-2.715386748171324,0.5181620954790298
sisi1250,aust1307,-2.2230167459748134,0.5545662412431067
situ1238,sino1245,-2.180081391380208,0.7168265165666106
siwa1245,sout2948,1.776472169734841,1.1974457022613962
siwi1239,afro1255,2.7186255332843965,1.2229175385470694
siwu1238,atla1278,1.897151736841602,0.4422833943262514
siyi1240,sino1245,-2.6478804217308234,0.5062018441968443
skol1241,ural1272,-3.661446109822979,1.92084165994446
slov1268,indo1319,3.0523436638792814,1.1695054804631435
sooo1254,aust1305,-2.132160703422205,0.8459604060274772
sobe1238,aust1307,-2.2736656967056272,0.6336596467481019
soch1239,otom1299,1.5383291052457595,0.4706322770016578
soga1242,atla1278,0.7998643103482137,0.5659017879838215
soli1239,atla1278,1.6180214334190914,0.8029059691495872
soma1255,afro1255,2.9111191660636937,1.1508287609172636
soni1259,mand1469,-2.8384058229533657,1.6217484296299536
sons1242,aust1307,-2.507085267765019,0.963315603418279
sooo1256,kuli1252,-2.163342971303187,2.026252014695624
sora1254,aust1305,-0.6360558788033828,0.8013489379768419
mani1235,east1459,-0.345300791205704,1.320255817239064
koon1244,atla1278,3.980348778427058,0.92344618885268
sout2859,aust1307,-2.616465482024994,0.4385012057511339
juho1239,kxaa1236,-1.5502487094789474,1.9353750200115771
sout1549,drav1251,2.688558456975337,0.9965414397829386
sout2976,utoa1244,-1.9474380283644428,0.876585214243335
sout2856,aust1307,-2.0665288094493475,0.5015391005687766
sout2954,japo1237,-3.20336827293605,1.9636507966445127
sout2996,ayma1253,-2.039396156924336,1.926684874910488
sout2730,sino1245,-2.7741220804185134,0.6486593884470713
raro1241,aust1307,-2.6606368426381315,1.2264435865292185
sout2741,taik1256,-3.2685591093713584,1.6403648555223862
sout2715,sino1245,-2.359505919867556,0.5045943372375317
sout2826,krua1234,-2.279740496694596,2.6436777659066006
sout3236,gumu1250,0.2333316719728324,1.60226208354171
sout2956,haid1248,-1.9984330118725568,2.111857792357556
kach1280,sino1245,-3.08722326466349,0.6568102402889768
sout2949,kiwa1251,-2.2310289802751737,2.0883936098276745
sout2994,namb1299,-1.8958299364723832,1.991008058639066
sout2649,indo1319,2.289697673396339,1.1307953336560237
sout2729,sino1245,-2.100394542685646,0.6244524599650392
sout2728,sino1245,-2.3591663526709628,0.7741585967033879
sout2918,aust1307,-3.227829164622155,0.7986126231408996
sout2985,miwo1274,0.8497438612815946,1.4440434996888336
sout2807,atla1278,1.614592391660684,0.9836679385404272
khan1277,sino1245,-2.866654255090721,0.4152617484008694
sout2797,atla1278,0.9605579225383378,0.4769980754661662
sout2679,ural1272,-3.4195919393025287,1.7453105536155675
sout2782,atla1278,-0.7784016363512176,0.4393234962723134
sout2895,aust1307,-1.4235780658586017,0.5355879859136583
sout2674,ural1272,-3.5514372374413905,1.942443032448504
sout2959,atha1245,2.687477105354188,1.462241049926885
para1301,aust1305,-4.101142996670351,0.959209709249802
sout3261,nakh1245,1.274142273876906,0.6216202968460904
sout2869,aust1307,-1.931104289192481,0.5448351557718989
stan1318,afro1255,2.491436171173662,1.1308467576336914
indo1316,aust1307,-3.3283098314375428,1.0508355246896222
stan1306,aust1307,-3.3753051570342745,0.9910534279750456
horp1239,sino1245,-2.4286429526252165,0.6956887414366584
suab1238,sout3418,1.5348702900166638,2.088739911736674
suba1238,atla1278,0.8843046123705856,0.552846010136411
sude1239,aust1307,-2.405471971141107,0.783951978791857
suen1241,nucl1709,-2.8051391090734263,0.6448007750010887
suku1259,atla1278,1.346098666940477,0.8346107272364516
suku1261,atla1278,1.2339137158781806,0.6287374540988537
suku1272,afro1255,1.24217012680344,0.3568228529925492
sulk1246,sulk1246,-1.7029756381947092,2.115047029102279
sumi1235,sino1245,-0.493065141879595,0.4053099043566281
sund1252,aust1307,-2.9975196779241857,1.1062035071169718
mari1426,aust1307,-2.559131349400297,0.5056320881643797
sunw1242,sino1245,-2.316060596563439,0.4517407429092279
supy1237,atla1278,0.8515635990883861,0.5834930240507581
surg1248,ural1272,-3.633995715123188,2.03040878575319
surs1246,aust1307,-2.1669661783686225,0.5099889977800967
suru1262,tupi1275,-2.0662020861940507,1.0329332526074353
suru1261,tupi1275,-2.5508326268819737,1.3553848287246335
susu1250,mand1469,-2.534824882087757,1.4879564439775703
swah1253,atla1278,1.329863861841014,0.601231552784379
swed1254,indo1319,2.677207870696013,1.2509320127474104
taba1263,nort2923,1.3022838809489918,0.8490250879511456
tabo1241,tabo1241,-2.1532841355567958,2.294282481591837
tafi1243,atla1278,-0.247761839374508,0.4449262911406921
taga1272,aust1307,-3.081598333425088,0.7108515626306877
taga1273,aust1307,-3.326310461918633,0.6995683349815751
taga1270,aust1307,-2.273434041831861,0.6128241045109886
tagb1258,aust1307,-3.070436890960198,0.8251863325301105
tagi1241,sino1245,-2.5022032689544824,0.5545940635608253
tago1246,rash1249,-0.3222306563496375,1.251002705875389
tagw1240,atla1278,0.2235459818429519,0.606501449349055
taha1241,afro1255,2.7155007393700847,1.2017642615471398
tahi1242,aust1307,-2.635866833571326,1.2308076196776083
taia1239,taia1239,1.36244335786725,1.9600780203784427
tain1253,anga1289,-0.1140375653191076,1.054284709117382
taji1246,aust1307,-2.7769599356342125,0.7680780365294311
taki1248,aust1307,-2.7601051895552624,0.5291660317293854
taku1257,aust1307,-1.9930034257084797,0.6895623186578779
binu1244,aust1307,-2.991472094584001,0.7036014781067177
tali1259,aust1307,-2.6428414468836543,0.5842147360429064
tama1331,tama1329,-2.595126250309826,2.374167633686321
malo1243,aust1307,-2.712160884829876,0.451995936250992
tama1365,afro1255,2.5105487736261,0.8003526364919402
tamb1254,aust1307,-3.3844823250585345,0.6431205026755471
tami1290,aust1307,-2.642759224844302,0.5066865690291644
tami1289,drav1251,2.0023831716888223,0.8178555671936496
tane1237,aust1307,-2.14754126307748,0.6318833914091333
tang1377,sino1245,-2.60217836663998,0.6558633564728269
tang1348,aust1307,-1.9267187102156065,0.5489138848783832
tang1373,sino1245,-2.816863646755632,1.0004486554855276
tani1257,tuca1253,2.0338487559917757,1.2855741817006443
lowe1412,aust1307,-2.2368146651238554,0.4689185088821075
tara1313,sino1245,-2.7117070025476275,0.4782623909178496
tari1256,araw1281,3.603357541257186,0.915424803640712
tari1263,afro1255,2.9072186052414426,1.2687391832660415
tata1258,otom1299,1.1684925416018788,0.4195966285165111
tata1257,aust1307,-0.8953519974821991,0.5751219277600299
tata1255,turk1311,-3.1541285970670203,2.0062078707142503
taul1251,taul1250,1.497051790892558,2.025771744082336
taus1253,taus1253,-1.8567107521707844,2.276458794430914
taus1251,aust1307,-3.290595242544141,0.7757819599473099
tauy1241,nucl1709,-2.885536151892333,0.5085799411416665
tawa1275,aust1307,-2.8820416713650947,0.6316176582352493
tawa1286,afro1255,2.322921295507734,0.935198590244736
diga1241,sino1245,-2.8449027132631564,0.6678424528792766
taya1257,afro1255,2.4674726387900594,1.0420786169490035
tbol1240,aust1307,-3.1364435626823344,0.7393163447441915
tean1237,aust1307,-2.143414561492285,0.6415396457289946
teda1241,saha1256,-2.4692019645128425,2.2023607951794606
tedi1235,sino1245,-2.439526146421496,0.5256720769488727
tega1236,rash1249,-0.3484300547487324,1.250543118158557
tehu1242,chon1288,0.2611778160869258,1.928129791173316
teiw1235,timo1261,-2.2596384436921197,1.24687530610426
tekt1235,maya1287,-0.8344107890970444,0.550843572480896
tele1256,nucl1709,0.2545732972581956,0.4917995992912174
telu1262,drav1251,2.5384170527175223,0.9264106139332432
tema1239,utoa1244,-1.5688638431599944,0.68509297745672
temi1246,aust1305,-4.424561558356632,1.0628048744487717
temo1245,otom1299,-1.006978436161735,0.6320854622904619
temp1235,aust1307,-3.4244484492128837,0.6680435153352273
teng1272,aust1307,-1.0447677344623796,0.8814400660627006
tene1248,dogo1299,0.4644666906969744,1.1782070177702946
tenn1246,surm1244,-1.881715958183964,1.2927461384728791
teop1238,aust1307,-1.189861067885777,0.4748410401705256
tera1251,afro1255,-1.007768190958194,0.4497026326201978
tere1278,sout2948,1.714057394006656,1.1957830774040858
tere1279,araw1281,0.179480433648649,0.9316386957342098
teri1250,chib1249,-1.7954970166533415,0.9092503015328676
term1237,aust1307,-2.971638437810017,0.8425036435283908
tern1247,nort2923,1.3077960064331566,0.8459395243664272
tete1251,utoa1244,-1.668343846782256,0.6650410073797981
tetu1245,aust1307,-2.8296777081009203,0.7105424941970648
teun1241,aust1307,-2.1981455636162965,0.7231221467610562
tezo1238,otom1299,1.6674404128667788,0.4538579662202298
thad1238,sino1245,-2.6517427022564526,0.4843705567348397
thai1261,taik1256,-2.1163307948508794,1.7847202612510125
thak1245,sino1245,-2.056009792102869,0.6191441630585386
than1259,sino1245,-2.508815404407589,0.5509951948937144
thao1240,aust1307,-2.2070399990093152,0.5964809014572179
thar1283,atla1278,0.8357110317934122,0.6199873445625035
aheu1239,aust1305,-2.163976527736725,0.8334509336066094
thay1249,pama1250,-2.5375787216272863,0.8756477627558388
thul1246,sino1245,-2.293373407461436,0.4889966422551333
tibe1274,atla1278,0.1809050380066132,0.3984948131391417
tibe1272,sino1245,-0.1610691829673254,0.5735045626223134
ticu1245,ticu1244,2.02625807249313,2.420624453874039
tido1248,nort2923,1.2402316976637329,0.8948980508590241
tief1242,atla1278,3.3716071546855413,0.4912281603285331
tief1244,atla1278,0.9394530785104056,0.4928369098035157
tien1242,atla1278,1.0895769088732732,0.7383842866926971
tiga1245,aust1307,-2.5786260082057124,0.6037114492769682
tigo1236,atla1278,-0.4053165864091581,0.3599809661516664
tika1246,atla1278,2.4141790401655627,0.4319985390066816
tiko1237,aust1307,-1.7187210588811874,0.6966154050562361
tilu1238,sino1245,-2.0405598498716992,0.4405249467072343
tima1241,katl1246,0.1445668097186232,1.7495505744177984
timn1235,atla1278,1.6418094523176023,0.7435151111153631
timu1262,aust1307,-3.4705142764001384,0.6443187493974696
tina1248,aust1307,-1.9718452463434184,0.5316427679289171
tira1254,heib1242,1.1409990399242278,1.2009941805097832
maee1241,aust1307,-2.7108797662919377,0.4305433912366045
tiri1258,aust1307,-1.9286958045661036,0.5946160987994795
tiru1241,aust1307,-3.220381038403392,0.7186656286587012
tita1241,aust1307,-2.597227246051272,0.6701018251761983
tivv1240,atla1278,0.0815523936618394,0.3694560605366885
tiwi1244,tiwi1244,1.9609492092260192,2.322119088827698
toab1237,aust1307,-2.640349081215815,0.5586771406786606
toar1246,nucl1580,-2.3763432052004863,2.0769272899479456
toba1268,leng1261,1.9211686934945444,2.4192881549755803
tobe1252,nort2923,1.5337113451548157,0.8469520815743876
toda1252,drav1251,-0.6072461423041705,0.5661489518959661
toho1245,utoa1244,-1.5920640583321504,0.9053110602783404
tojo1241,maya1287,-0.879659699634521,0.6030344432020147
toke1240,aust1307,-2.696533663847239,1.1896422303818022
toll1241,jica1245,-1.9011136588690247,2.395866250044241
tolo1255,aust1307,-2.6452857531916187,0.5068987173219965
toma1245,mand1469,-3.3654343752029368,1.5079221014783877
tomb1244,aust1307,-3.543718546270437,0.7009269689593212
tomm1242,dogo1299,-1.7976909628305338,1.2517920892238372
tond1249,song1307,-2.469169077474274,1.7317809902567411
tong1325,aust1307,-2.711278214587482,1.1962822621974034
tong1318,atla1278,1.1962818496269385,0.758713626846617
toor1238,atla1278,0.7378697773815031,0.5214994347991899
tora1259,aust1307,-1.743905366082185,0.4987565760166847
tote1238,atla1278,1.7183024881540965,0.7723850975953788
toto1302,sino1245,-2.2454925137512203,0.5465142709696784
touo1238,touo1238,1.3174285719009802,2.008576111608946
trin1274,araw1281,2.658758359961112,0.8805527534947513
trio1238,cari1283,-1.4135488783997798,0.9743849905630828
trum1247,trum1247,1.6744702252967882,2.2327358583149293
colo1256,barb1265,0.6663175163456134,1.3326657389683096
tsam1247,afro1255,2.9034010522095124,0.6564922930970911
tsat1238,aust1307,-3.075342519422425,1.089792653762962
dido1241,nakh1245,3.933083535757371,0.6894106237376869
tsha1245,sino1245,-2.18550713848628,0.526909129693991
tsix1234,khoe1240,2.20751347056498,2.054849999312522
tsog1243,atla1278,1.3608174333865302,0.757080861615008
tson1249,atla1278,1.5695683019891966,0.8981625293123687
tsou1248,aust1307,-2.074174874566844,0.5734353533739722
tswa1255,atla1278,1.5704561030913742,0.901251057961114
tswa1253,atla1278,1.5813142522236938,0.8533113922639597
tuba1278,utoa1244,-1.0470891838742764,0.8017697411618383
tuca1252,tuca1253,2.011314271652988,1.2965303684974696
tuge1241,nilo1247,-2.178527715909416,1.0674746244665974
tugu1245,aust1307,-2.683075342408885,0.7029862878486317
tuka1248,aust1307,-2.7255268612945613,0.7815891556957157
tuki1240,atla1278,0.556575253618615,0.43258040445233
tula1252,atla1278,-0.3389610788213608,0.3971513421207406
tulu1258,drav1251,2.0415147657760766,0.7664552180536237
tuml1238,aust1307,-2.372231195047013,0.5272103803520323
tumu1242,atla1278,0.4429840169796355,0.5109995058070114
nene1249,ural1272,-3.62928556529612,2.0364961266051687
tune1261,atla1278,0.7316359923482105,0.4015799995240119
tung1290,aust1307,-2.642569639778158,0.650061373437822
tunn1238,afro1255,2.9168642271062084,1.0103052700945354
turk1308,nilo1247,-1.662078008144655,1.0997530351598903
turk1303,turk1311,-3.410091275269048,1.9782363979822224
nucl1301,turk1311,-3.076951520383246,2.004709376266264
turk1304,turk1311,-3.3931298956871254,2.1240063418848383
tusc1257,iroq1247,0.2844019986095842,1.2075245085386448
tutu1241,aust1307,-2.7168502957181357,0.4468819503257584
tuva1244,aust1307,-2.5164306806060543,1.1526508118658425
tuvi1240,turk1311,-3.2312329708927647,2.1402562256874056
tuwa1243,aust1307,-2.2385226954182382,0.4502321677022394
tuwu1238,atla1278,-0.201718279196168,0.4374221289271847
uuuu1243,aust1305,-4.037155120541522,0.8716775793232459
ubir1237,aust1307,-3.0368735589618714,0.5821495993917729
udii1243,nakh1245,0.7821690553895029,0.6384974499582245
udih1248,tung1282,-1.986491547546339,1.383617931334976
uduk1239,koma1264,-1.3379306495503849,1.5624822523883322
ughe1237,aust1307,-2.468759195223547,0.5582344315281023
ugon1239,sino1245,-3.772865104063112,1.085256685617643
ukaa1243,atla1278,-0.3937105522230648,0.4342828304307011
ukra1253,indo1319,2.7910035950131733,1.2596086795894443
ulch1241,tung1282,-2.2958432854148354,1.4407161507497284
ulit1238,aust1307,-2.383692805960237,0.9753485395744406
ulwa1239,misu1242,-2.1949458411344374,1.9636665955478336
yaul1241,kera1258,-2.0974661467967257,1.8725400067342397
umaa1242,aust1307,-2.716030945334535,0.7733517493254785
uman1240,daga1274,-2.610121780771168,2.1778410957070333
umbu1257,atla1278,1.68793303678481,1.011659218583044
umbu1258,nucl1709,-2.66797587728783,0.5295371525142625
umes1235,ural1272,-3.5863600729728367,1.853990225279173
unaa1239,nucl1709,-2.247171477487682,0.5728084841210013
unea1237,aust1307,-2.725703718448064,0.5389344091660746
unua1237,aust1307,-2.655286259214968,0.4147931318924289
uppe1427,aust1307,-3.3874718859811908,0.6749053899711908
uppe1275,toto1251,-2.484082606881681,1.5609187286843609
urak1238,aust1307,-3.7867572994921623,1.0558483114854398
urar1246,urar1246,-1.9782036654470967,2.3291596152210228
urav1235,aust1307,-2.076592299496647,0.5422985788366401
urim1252,nucl1708,-0.5805299513646299,0.898070557002022
urip1239,aust1307,-2.6601482208048086,0.4225931092504704
urni1239,giim1238,2.1144933090082505,2.355327208800328
usan1239,nucl1709,-2.697248000273156,0.5273163950355704
utes1238,utoa1244,-1.3913187295177103,1.0117016848522788
kagf1238,atla1278,2.800216265128232,0.7038761740223456
pile1238,aust1307,-2.09517757948233,0.6877027341197373
veps1250,ural1272,-3.630471331330381,1.8601557924186547
vera1241,aust1307,-2.3151068779417328,0.5541371317041839
viem1243,atla1278,3.143657870839734,0.5573092602703116
viet1252,aust1305,-1.7345267924222902,0.8892839271177073
voti1245,ural1272,-3.541594075583728,1.7349859453621663
vunj1238,atla1278,1.0906375592467823,0.5040015164821443
vure1239,aust1307,-2.204658333567414,0.5414657677412054
vwan1235,atla1278,1.5770155726482282,0.5897339085400719
wadj1254,wadj1254,1.9418395973274185,2.2769178068807854
waga1260,pama1250,-0.1475811904727535,0.7954889033584731
wage1238,wage1238,-1.273244104350346,2.0006654106144506
waig1244,aust1307,0.4586754326457017,0.6176150915873353
waim1251,aust1307,-2.6175199267338654,0.5553125797320635
waim1252,aust1307,-2.728259049855148,0.7066072636907235
waim1253,cari1283,-1.234020219005446,0.9766657222570508
waiw1244,cari1283,0.9179705222067758,0.8725927015829487
waja1259,atla1278,-0.2826570042238341,0.4013353910039114
waja1257,pama1250,-2.915900788632912,1.2822297014291366
waka1274,pama1250,-2.522248250181971,1.1160630858029292
wala1266,aust1307,-2.5918653704300083,0.547550298264269
walm1241,pama1250,-2.674878884632216,1.025446037855028
wamb1258,mirn1241,2.206287978518945,1.4447303867131298
wamb1259,nucl1709,-2.3681313255833243,0.5648173895285264
wamb1257,sino1245,-2.0352943566189,0.4466716040548268
wann1242,mand1469,-4.041696386690312,1.4823229970184777
wand1278,afro1255,-0.841138595355884,0.369036217256514
wand1267,aust1307,-1.7157614917334862,0.5568240251756373
wanm1242,pama1250,-2.814940533484431,1.127701657512389
saka1289,aust1307,-2.6060591113534786,0.4961940874580399
waor1240,waor1240,1.4710424153517652,2.1107580439968654
wapi1253,araw1281,2.739615579680425,1.1219076917310806
wara1303,wara1303,-1.41099608573793,2.2432580584399777
wara1300,aust1307,-2.0796328300322235,0.733600792804947
ward1246,yang1287,0.3605660135993318,1.7768110386589675
ware1255,araw1281,3.2986217496661268,0.9239927675721198
ware1253,aust1307,-2.1988194211623124,0.6212791735826442
wari1268,chap1271,1.6140682330085991,2.213280942211428
warj1242,aust1305,-0.1535304681240916,0.6611853381030848
warl1255,pama1250,-1.9234014920605231,0.8484484770597875
warl1254,pama1250,-2.213640147421176,0.9336458009301584
warl1256,pama1250,-2.5286884685008,0.9601316175095898
waro1242,aust1307,-1.9454898526780904,0.5804648766884628
warr1255,pama1250,-2.8294080030461557,0.968479096123191
waru1265,pama1250,-2.029373023586817,0.8647509774076223
wash1253,wash1253,-1.2133268877863674,2.039934262323165
wask1241,nucl1709,-2.7887481360968343,0.596101224140769
waur1244,araw1281,-0.0294974204729232,0.7738115890378618
wawa1246,atla1278,-0.4944120815392294,0.4020841970937536
waya1269,cari1283,-1.4145531205745905,1.0439962704688726
wayu1241,sino1245,-2.280832162890314,0.4548404436896951
wayu1243,araw1281,1.991943196082616,0.9892879896978446
weda1241,aust1307,-2.9680680798344943,0.6022940044320069
wels1247,indo1319,2.308794704013565,1.1498811226278467
nort2864,aust1307,0.6267957994664561,0.5573082598353447
weri1253,kuni1270,0.1681860160687276,0.8291539165170594
west2564,aust1307,-3.502620917815076,0.7612096405892181
west2560,aust1307,-3.4709561775376283,0.6530291888000614
west2548,aust1307,-2.2932649725313023,0.7239244388612343
west2615,atha1245,0.6325277565571454,1.0010291984435304
west2441,pama1250,-2.21624987596584,0.9486474402813307
west2397,aust1305,-4.587704294890607,0.8752435650856354
west2555,aust1307,-2.923270709346132,0.6869821064679336
west2618,eski1264,-2.261877075738368,2.265219432386316
west2650,aust1307,-3.894752440223994,1.0626280540747008
west2594,nucl1709,-2.0837233080939503,0.678786811871277
west2778,utoa1244,-1.9765835353975731,0.8783661279624648
west2369,indo1319,-0.4843213205304706,0.9835669234981146
west2519,aust1307,-2.426290705117007,1.058912007405104
west2354,indo1319,2.684849772926388,1.1693287293864971
west2644,otom1299,-1.3587910522726756,0.4246836115267292
west2624,utoa1244,-1.465701059093829,0.7273411459303807
west2466,atla1278,0.7636487609719578,0.4856816682113094
west2632,kere1287,0.4407377327117436,1.8512246413156368
west2396,aust1305,-4.40502511176793,0.9700088002297864
west2418,sino1245,-2.204972637670076,0.6180793520560872
west2392,ural1272,-3.650636086979645,1.8640023151631808
west2763,afro1255,2.3856817902463145,1.0529277670272252
west2386,indo1319,0.6671679241084427,0.8078529490700448
west2557,aust1307,-3.1144535992462425,0.7677138032378035
west2415,sino1245,-2.383787184053113,0.4878882771239872
sanj1284,otom1299,1.1325626443980794,0.4059133360369262
west2430,hmon1336,-2.95820785253838,1.8242600840169327
west2599,nucl1709,-2.59536543634636,0.5439125572175652
west2600,nort2923,-0.9673205332254724,0.8392768183097123
saka1291,aust1307,-2.1970833752554,1.152258424555475
west2538,aust1307,-1.3871618148811795,0.6734827992852628
west2516,aust1307,-1.9613422624315344,0.581605695642939
whit1269,aust1307,-1.9389834105125263,0.5431876257189718
wikm1247,pama1250,-2.320613239636902,0.8760908672151624
wira1262,pama1250,-2.753561663325142,1.210151184253983
wiru1244,wiru1244,-2.251394596695857,2.2861846263986534
babi1235,atha1245,0.4398902029368119,1.0704398684481236
woii1237,aust1307,-1.9512098729990648,0.5735521101134804
wola1253,afro1255,2.963959215643719,0.8065480694973899
wola1242,gong1255,1.1892067197430451,0.5889538647554398
wole1240,aust1307,-2.5590872749662847,1.0523312878367477
woli1241,aust1307,-2.9361194876724284,0.779591501665402
nucl1347,atla1278,1.6467826358715372,0.9115871429076172
wood1236,algi1248,1.6889094622254164,1.5310727422483423
wotu1240,aust1307,-2.583164336253,0.753502747502135
woun1238,choc1280,-2.6353602026397858,1.9527618213118636
wuch1236,sino1245,-2.534265661835503,1.1954911809745563
wudi1238,sino1245,-2.1002198661161744,0.6739434141042628
wuna1249,worr1236,1.850470802465836,1.7473597989124858
wusa1235,sino1245,-2.2337748336545165,0.6742795925291345
wutu1241,sino1245,-2.854449114493764,0.924596540095834
wuvu1239,aust1307,-2.2684080922565477,0.6749974042522351
xamt1239,afro1255,3.1334285885032527,0.9282794863422557
xara1244,aust1307,-1.9458153242397191,0.5882539459714997
xava1240,nucl1710,-1.7904168768208164,1.0871232954737735
xhos1239,atla1278,1.6397249074232936,1.026742932962032
xish1235,sino1245,-2.8164470773088617,0.6684771874430884
xokl1240,nucl1710,1.254181426696792,1.193613479806782
yaak1241,afro1255,0.3305089019648193,0.6507929048655732
yabe1254,aust1307,-2.7744601087930016,0.5100329583760308
yaey1239,japo1237,-2.9352227929931143,1.8135276998407777
yaga1260,nucl1709,-2.9833977433389207,0.5256347129882593
yagu1244,peba1241,-1.420074817064079,2.098051719185408
yaka1272,atla1278,1.8519649996405048,0.575985109306627
yaka1277,aust1307,-3.154663894360996,0.7934132994803269
yaka1269,atla1278,3.876959591700215,0.8779913448403556
yakk1236,sino1245,-2.1519353816181983,0.4937555373746574
yako1252,atla1278,0.3034919179190827,0.4881711218623001
yala1266,aust1307,-1.4577921508623175,0.5635075430384817
yale1246,yale1246,-0.2035316112418381,1.6558227252033315
yama1264,yama1264,-1.7096506487174603,2.4917594922281827
yami1254,aust1307,-1.9548088642628647,0.6260122719110939
yami1256,pano1259,-1.7472184102454902,0.8332369375265345
yamp1242,sino1245,-2.319930245069572,0.47357117475546
yand1253,pama1250,-2.822539446806567,1.1117682734782388
yane1238,araw1281,0.4944826459988798,0.7593470775213724
yank1247,pama1250,-2.3265983424172085,1.038186910727762
yano1262,yano1268,0.56870862379118,1.0795805737501016
yano1261,yano1268,0.6587013644531394,1.1266274236712714
yany1243,pama1250,0.583141053235034,0.7601927549368122
yaoo1241,atla1278,1.6352106601724152,0.8027593916411839
yaou1238,mand1469,-4.199613007067783,1.532521037812926
yape1248,aust1307,0.2401129218145289,0.8574973199158147
yaqu1251,utoa1244,-1.8189841645448284,0.9049810962035614
yare1248,yare1250,-2.515582725809726,2.458451426670613
yasa1242,atla1278,3.4286324653142533,0.6204270264486706
yatz1235,otom1299,-0.996685581119513,0.4446714047035276
yaum1237,nucl1709,-2.940494770149406,0.575106884745102
nucl1454,yawa1259,0.045903061108109,1.710986508979813
yawa1261,araw1281,2.546892882018897,0.7882893292940119
yawa1260,pano1259,-1.7141465061892511,0.8121290268701236
yawu1244,nyul1248,-2.441339224302398,2.030489858608677
yecu1235,toto1251,-2.4539831712931326,1.616094517019671
maqu1238,cari1283,-0.765510574890762,0.901250024735738
yele1255,yele1255,-0.1573448723461092,1.8030898887597335
yems1235,gong1255,1.311634910168827,0.6807188512916551
yapu1240,nucl1708,1.8379362945462088,0.9526410450345132
yess1239,sepi1257,0.7923211772918227,0.6084390180013233
yeyi1239,atla1278,4.067712476091969,0.8436586833539921
yidi1250,pama1250,-0.3887982770373019,0.8390982459577496
yima1243,lowe1423,-0.2046639884622503,1.667318554102846
yinc1238,aust1305,-4.27757404420192,1.0050830012613297
yind1247,pama1250,-2.982902980019951,1.1733607609080026
yine1238,araw1281,2.952332065221672,0.8177725190565068
yoga1237,aust1307,-2.120085157909972,0.4778433907395363
yona1241,japo1237,-2.931617075933379,1.790715171435994
yong1276,taik1256,-3.443015951167228,1.6809574266812786
yong1280,nucl1709,0.2657958010197792,0.5678836662023277
yora1241,pano1259,-1.7440769447924367,0.8886059128673245
youl1235,sino1245,-3.418703201621536,0.7559449697124578
youn1235,hmon1336,-2.925347295483553,1.698822016741996
yuca1254,maya1287,-1.099601483280464,0.9477016927051238
yuch1247,yuch1247,0.3145528884140502,1.8977003505118937
yucu1253,araw1281,1.1672364088977425,0.8299436406572522
yuec1235,sino1245,-1.920097271915304,1.0068408129701054
yukp1241,cari1283,-2.029894389031503,1.2542170643913493
yulp1239,pama1250,-3.102181615913944,1.0778035132117774
yulu1243,cent2225,-5.463519791026498,1.757866942663524
yuqu1240,tupi1275,-2.0078455556139674,1.0727810911324576
yura1255,yura1255,0.0568286971419411,1.781520561217568
gami1243,pama1250,-2.684526417833974,1.1039684898140671
zaba1237,aust1307,-2.661930272069442,0.5645446330083166
zaca1242,otom1299,0.984775979782721,0.4398364562653727
zaca1241,utoa1244,-1.8035764621330344,0.6540700632997147
zaiw1241,sino1245,-3.3608446232441818,0.7070181615524396
zakh1243,sino1245,-2.872530066641961,0.6602547676506627
zamb1245,atla1278,2.957233020536149,0.5305169362933353
zand1248,atla1278,0.8925340145213535,0.5758460760845399
zani1235,otom1299,1.2990243604022005,0.4010143222819233
zapa1253,zapa1251,0.4140040230003425,1.437332061319363
zarm1239,song1307,-2.863227427304248,2.0156052928078427
zays1235,gong1255,1.2518050050763248,0.5689461615584577
zeme1240,sino1245,-2.582119624760121,0.4310278154050158
zenz1235,otom1299,-1.2491845627021922,0.4095196185790679
zhab1238,sino1245,-2.473269150418466,0.7117907012261369
zigu1244,atla1278,1.0456775213292144,0.5505461074360585
nort2795,atla1278,3.288274415501012,0.8802587027961564
zinz1238,atla1278,3.5560238074069783,0.6692907159519539
zoog1238,otom1299,1.2462168788794543,0.4409764101231341
zulg1242,afro1255,-1.1923375235618794,0.3481186915191872
zulu1248,atla1278,4.052310928135387,1.0773189668904313
zuni1245,zuni1245,0.4381090109009835,1.833290291981008
