Glottocode,Family_ID,GPGLMM_Latent_Mean,GPGLMM_Latent_Variance
abad1241,aust1307,-1.047358292250356,0.759501493182988
abau1245,sepi1257,-2.318529293583796,1.612368714970419
abee1242,atla1278,0.9092749845939658,1.6486434661505385
abkh1244,abkh1242,-1.9483753005780884,4.076901482469712
abua1245,nucl1708,0.9759449982642984,1.173586769321627
abui1241,timo1261,-2.782639880512755,3.900257835883414
abun1252,abun1252,1.5610675982144857,4.202447501206224
achi1257,aust1307,4.168861342485598,4.059334080542259
acha1250,araw1281,-2.806015188398413,2.6230731385006543
ache1245,narr1279,3.229014642741249,5.149538093735142
achi1256,maya1287,4.67836871042144,4.018041669849323
achu1248,jiva1245,-5.16330304318722,9.776309082828243
achu1247,pala1350,-2.5697919340623656,6.63050284067236
acol1236,nilo1247,3.9503115336602015,3.710937286953829
adan1251,timo1261,-2.7015056017376247,3.906761371717085
adon1237,aust1307,3.0107250124227747,1.5528628685654873
adze1240,aust1307,0.8515330123370481,0.6399401378539622
aeky1238,kamu1264,-4.118478759612201,5.6932463622338965
afar1241,afro1255,-1.267086851469133,1.7858041668066669
aghe1239,atla1278,2.6049195502089297,1.3457829237984456
aghu1255,nucl1709,-3.994993481070448,2.332874333548993
agob1244,paho1240,-3.8657966233153065,7.459864605019861
agua1253,jiva1245,-5.203881526231234,10.1286625185048
agus1235,aust1307,3.339345247810656,1.650885241581257
agut1237,aust1307,0.0886878947528364,0.9827331348007532
aime1238,bosa1245,-3.481159529033349,7.870890831578087
musa1266,nucl1709,-5.003177798707798,1.5235575675135458
aito1238,taik1256,1.3894073720236806,1.964492349415757
ayiw1239,aust1307,6.030983802887264,3.4699610414075366
ajab1235,atla1278,1.8818059208523552,1.2460437930692656
ajas1235,kres1240,3.4775615155159203,6.929932608003844
ajie1238,aust1307,4.4502000815695215,1.914423847975712
ajyi1238,araw1281,-2.050558608463727,2.0103339331315766
west2635,maya1287,4.69239859540073,4.007461014889127
akei1237,aust1307,3.855009864378517,2.109388990413656
akha1245,sino1245,-1.558145793904413,0.8705350780434387
akoo1248,atla1278,1.7617916193508585,1.146787987954017
akun1241,tupi1275,-4.5688675070858284,5.372061049229863
alab1254,afro1255,-2.6446239297509093,1.2280414208685002
alab1237,musk1252,-2.620071444084199,5.621782837347023
alac1244,otom1299,5.655089746888075,4.22662801063743
alag1248,afro1255,2.5710606731619867,1.755238868605467
alam1246,sepi1257,-2.4530783185716167,1.7554030859031435
aleu1260,eski1264,0.6576657651586006,3.2096157489499504
alor1247,aust1307,2.713781630656735,1.3939144008623074
aluk1238,drav1251,-4.292768089622936,3.738136542449336
alya1239,pama1250,-2.8495769471420376,2.93831640830323
amah1246,pano1259,-3.846027745327523,2.795662783207206
amam1246,kuni1270,-4.071085632498761,6.702293097599826
amap1240,left1242,-3.2293410391873216,7.277573547832425
amar1272,aust1307,2.700702545793672,0.9411202188594778
amar1274,hara1260,-3.426406285046537,8.357860489426598
amas1236,nyim1244,-1.4632578632474234,4.13121188914805
ambu1247,nduu1242,-3.4762348015844617,4.994790885736002
amdo1237,sino1245,-3.6444342654721744,2.7979984238020315
amha1245,afro1255,-0.5040438205969955,1.1856248147438997
amii1238,west2434,-0.2608893372647141,1.832137427170494
amis1246,aust1307,1.4172653414479237,0.7951108398982285
hoaa1235,kxaa1236,1.171289617921354,3.7461582764480834
amri1238,sino1245,-3.487635969947968,1.4250114878519895
gily1242,nivk1234,-2.9910434792451444,9.036592357774872
ando1256,ando1256,-2.710498536372989,6.736846139234752
anei1239,aust1307,5.654451894998061,3.0410433310440297
anem1249,anem1249,2.1432198490500696,5.166355793484083
anfi1235,gong1255,-1.7564418396086126,1.8181699285418595
anga1290,anga1289,-0.3873305215663811,1.8935252517358412
anga1288,sino1245,-3.741327373541787,1.1774081430191077
ango1257,chib1249,-5.846445721691959,5.587477949088454
anin1240,gunw1250,-1.4608450259469583,2.065126525436785
wara1294,more1255,-3.888531394102116,6.096943110742025
anta1255,aust1307,0.456211362635005,2.4714336829183026
anua1242,nilo1247,3.5472634704057238,3.739794020685837
anuu1241,sino1245,-3.0431272253646453,1.573016229123276
anut1237,aust1307,4.383470685994594,3.83759727781324
aona1235,sino1245,-3.815801494635779,1.2448051309017636
aoua1234,taik1256,1.1003527067720946,1.555215901087216
apin1244,nucl1710,-5.238248640550148,8.0373604199514
apma1240,aust1307,6.188901326225738,2.0659226923292486
apma1241,kera1258,-2.328162506905568,5.092717153789106
apur1254,araw1281,-2.33302200999775,2.5015011370504148
arak1252,aust1307,5.833783334386011,2.0749252900282293
aram1253,more1255,-3.91039982723058,6.111511648025816
arao1248,pano1259,-2.0819801650283414,1.8327359329525803
arap1274,algi1248,0.1831625704119828,1.9026557515923803
araw1273,tupi1275,-5.701441134970402,8.180204520496503
arbo1245,afro1255,-0.3840486378812531,1.0131636146464515
arch1244,nakh1245,-2.87473648801657,1.3372449493589895
aree1239,aust1307,-0.5059454764294669,0.6060661724439846
area1240,aust1307,3.457574802392857,2.126260567671359
argo1244,afro1255,-0.4996048269231081,1.2767184798510272
arhu1242,chib1249,-4.993171344387492,5.033421761115896
arig1246,atla1278,4.334497193994896,1.7372663004525355
arom1237,indo1319,5.481709127687207,4.0481921725149945
arop1243,aust1307,1.3642220052029082,0.7689122351290223
arop1242,aust1307,1.4717785779254515,1.166781766461039
aros1241,aust1307,3.34857752104089,2.325328927067357
arta1239,aust1307,2.2848275223211187,0.8162400017390468
asha1243,araw1281,-3.284186265853561,2.1160195707346787
ashe1272,araw1281,-1.898979020706548,1.9618911770684235
asoa1238,cent2225,2.3252861255800115,1.4031080276189307
assi1247,siou1252,-2.691776411895148,4.037972498208072
asur1254,aust1305,-1.9898109988802075,1.703340808554021
asut1235,atla1278,2.858272432260108,1.488008333785995
athp1241,sino1245,-4.229316526225037,1.7132948693693244
atii1237,aust1307,1.7141133989026391,1.2896359602751843
aton1241,sino1245,-3.6399650393009626,1.633835434286702
auuu1241,nucl1708,2.795929270473688,1.4480927191624282
aulu1238,aust1307,6.089948676603214,1.9102574452401448
auye1238,nucl1709,-2.674591128639866,1.943569871509073
avac1239,tupi1275,-5.179244173189586,7.844385591727015
avat1244,atla1278,1.573668079414588,0.8485995357456453
katb1237,aust1307,4.007356647074315,1.9093754112668009
avok1242,cent2225,-0.680372088303314,0.996080574484168
awac1239,barb1265,-4.799194264653275,10.369455610806876
awad1244,aust1307,0.2176196362277247,0.6421180368348907
awad1243,indo1319,-3.257072516147592,2.6842659023882653
awap1236,nucl1709,-4.399276671017899,1.5952932268550803
awar1249,ramu1234,-3.7516019338662736,8.030814309272781
awar1248,nucl1709,-4.116909387449926,1.426899693763513
awet1244,tupi1275,-5.506696764797711,5.978127337412468
awji1241,afro1255,3.0814713112269017,4.387307719349261
awtu1239,sepi1257,-1.9571846955826384,1.456998455047934
axam1237,aust1307,5.959703801072043,1.919825162832112
axiy1235,sino1245,-1.970982772968957,1.252274786447991
ayac1239,quec1387,-1.8892180765001707,2.556176824001895
azha1235,sino1245,-1.74995181007857,1.296244611459091
baba1264,atla1278,4.672363226390354,1.4039491408691909
baba1266,atla1278,4.413700457258588,1.3550065592747949
bada1257,drav1251,-4.289898516117306,3.7662749865486314
bafa1247,atla1278,1.3866922253717444,1.2168667256671846
bafi1243,atla1278,4.501575333081041,1.628477757253581
bafu1246,atla1278,4.524478374793999,1.3453585827823389
baga1273,atla1278,2.3710728432593955,1.217645566192246
baga1272,atla1278,0.5548272305897912,1.1884953573691526
bagi1246,cent2225,4.390917556144017,2.835722956578401
bagv1239,nakh1245,-2.627239037373229,1.158763877465109
baha1259,afro1255,2.843289273483093,4.114756311353068
bahi1252,sino1245,-4.78803966446365,1.8434328376049576
bahn1262,aust1305,3.3375228973302717,2.055103740310628
baik1238,aust1307,2.3000198603399573,1.436985714160656
baim1244,sino1245,-3.1220164883449693,2.156723277718278
baka1272,atla1278,4.761442066889128,2.6343856633844
baka1274,cent2225,1.6751546737556622,1.128686170950992
baki1244,aust1307,6.024588561515303,1.980609094730092
bala1316,aust1307,3.513880522155427,1.8938862353210053
bala1311,aust1307,3.47087667706975,1.8412725789475888
bala1315,aust1307,5.395294582572961,2.897983826686776
bali1278,aust1307,4.582553664635066,4.115773669542362
liki1240,atla1278,4.556529033748038,2.137898762797228
bamb1270,aust1307,5.282526583690991,3.2341556445646304
bamb1262,maoo1243,-2.5248449345260022,4.471408485022463
bamu1253,atla1278,4.570108540019746,1.4881741569015006
bamw1238,atla1278,4.549061347895156,2.0816303340314555
band1344,atla1278,3.7426717683942856,2.0951900806536514
band1340,atla1278,3.507455056268265,1.714828206661707
bang1363,bang1363,-1.7115663097622908,4.545105082171707
bang1369,sino1245,-3.858348665922932,1.7397625596546824
guar1293,araw1281,-1.3835174292961567,1.260710828091664
bani1255,araw1281,-1.8682928551168765,1.3344942929546342
bann1247,aust1307,3.219798589294366,1.561892668700331
bant1281,sino1245,-4.577643656152286,1.7448208948063382
bant1288,aust1307,3.5172263155828887,1.30526097401129
bara1357,sino1245,-5.171052196419382,2.3284545037430284
nucl1630,koia1260,-4.974204280078171,7.407942884922308
bare1279,afro1255,4.0890562719648615,2.3890006748949766
bara1369,aust1307,3.2116661029496605,4.6555878290767385
bara1370,aust1307,4.358708175362485,2.5309853193486163
bara1380,tuca1253,-4.894435073339174,4.782306086644594
bard1255,nyul1248,-3.7319110537517695,7.690082066531657
bare1276,araw1281,-1.5947473853833114,1.289838731001005
barg1252,nucl1709,-5.218973347715468,1.53384994596642
bari1286,aust1307,2.711837430704521,0.9467407387026334
baro1253,aust1307,6.380611680453329,1.8280791184343244
basa1282,atla1278,4.481179986889027,1.8225323645728544
bash1264,turk1311,-5.001951098243731,7.694943888534318
basq1248,basq1248,-1.2764102741638017,4.182641036573205
bata1293,aust1307,4.412397325788476,4.067620718383372
bata1289,aust1307,4.492687354944847,3.973652833369435
bata1285,atla1278,3.961323407385653,2.518233414111535
bats1242,nakh1245,-2.434578307936778,1.4390878359156254
baur1253,araw1281,0.3710376005833077,1.3634705193510754
bauz1241,geel1240,-2.602672174406208,6.169497504706042
bawm1236,sino1245,-3.3272120229115387,1.4738287100964875
bayb1234,aust1307,2.0461895082143773,1.5045197045927523
bebe1248,atla1278,4.929352042222826,2.1349474426031136
beem1239,atla1278,2.4308588656604817,2.9060393034951986
beja1238,afro1255,-1.645858100557097,2.19883484291854
bekw1241,atla1278,4.179682010404943,1.5246844589682205
bela1256,nilo1247,5.71247247838647,4.657447106755811
bela1254,indo1319,4.807167235753061,5.127260116736485
nyal1254,aust1307,2.954460059943361,2.1842291359726502
beli1257,cent2225,2.204707894259383,1.5605517411091512
bell1243,sali1255,1.9544919844622384,2.7496252794556035
belu1239,atla1278,2.726819263930956,1.5197172208235372
bemb1257,atla1278,2.311704371269148,1.852877325855488
benc1235,gong1255,-2.3848356623285363,1.6354379785916358
beng1282,atla1278,3.999211485042154,2.6259632660976706
bent1238,dogo1299,-2.5488906933610966,3.195643849476177
zagh1240,saha1256,-1.8248323414583607,3.350231445363935
bert1248,bert1248,1.8867844544853916,4.760302784020855
bezh1248,nakh1245,-2.2039881942100803,1.167175475622482
bhoj1244,indo1319,-3.028799491452056,2.268264014325432
biak1248,aust1307,2.9573063136237696,1.6929030780028391
biao1254,hmon1336,3.882706551818215,3.49939015912452
biao1256,hmon1336,4.304555116355326,3.585234789959788
biat1246,aust1307,4.812527938913394,3.717968367165824
bier1244,aust1307,4.0258328802098,1.9628339777394783
bign1238,aust1307,5.931952741423388,1.961185845356745
biha1246,aust1307,4.163301611905088,2.6947834554772605
bilb1241,aust1307,-0.4456602442682,0.6078272671091369
bili1260,afro1255,-1.780471259335117,1.8870717544874007
bilu1245,bilu1245,-1.9724888584350024,4.951155494890886
bimi1240,nucl1709,-4.253848753859444,1.9637789644767416
bina1277,nucl1709,-5.056911268781503,1.9667875104815808
bine1240,east2503,-4.028510678225521,7.092657204973197
bini1246,atla1278,2.1153757166037828,1.6696892601726887
gunw1252,gunw1250,0.1899868058515403,1.3048997946419405
birr1240,cent2225,1.0695093977394523,1.630483668051692
bisu1244,sino1245,-1.30674574834327,0.9673875671542548
bitt1240,aust1305,3.638238712719998,1.6008159022639248
biwa1243,yuat1252,-3.514932388079948,7.703829346476246
blab1237,aust1307,5.218095996958202,1.812400141305126
blan1242,aust1305,3.8655634785478927,1.7870333903960969
bang1354,atla1278,4.506931793040181,2.7434988999775243
bobo1255,aust1307,5.20088948814303,2.940278795665808
bodo1272,atla1278,4.12795954744138,2.018363554361013
bodo1267,aust1305,-2.51368369338807,2.0765751833138104
bodo1269,sino1245,-3.568082330790586,1.351715312777408
bola1250,aust1307,5.128460105171822,1.257017322903458
bolg1251,atla1278,2.5621223936170594,2.2564639664896937
chim1302,quec1387,-3.0565573493167597,3.548711816976453
bolo1262,atla1278,4.572793233395815,2.325456068280886
boly1239,aust1305,3.301510122383972,2.05931167976706
bomb1262,atla1278,4.617065505720039,2.130163464795192
bomk1234,atla1278,0.99941157097847,1.2440328559922484
bona1250,mong1349,-5.320574402136375,6.554148093048973
bond1247,atla1278,2.7108809822342907,1.5098390667837336
bond1245,aust1305,-2.331265435765686,1.7598538461769486
bong1289,aust1307,2.774589737700512,1.4919122516224943
bong1284,atla1278,4.672315677401916,2.665404306675605
bong1285,cent2225,2.7915500799021533,2.036695907159203
bora1263,bora1262,-4.289135212543396,9.686378582209793
bord1248,chib1249,-5.749630219190497,5.4547762221275065
bori1243,sino1245,-3.873648714615334,1.5081738153133806
boro1277,gong1255,-1.4698361553458978,1.9415255537444016
boro1282,boro1281,-2.908316947495984,7.521352503276477
boto1242,aust1307,2.0556160580957314,0.9844964675604366
boun1243,atla1278,0.6750159531924997,1.1230599736522535
boun1245,nucl1709,-4.464618354249856,1.747003134552859
bouy1240,taik1256,3.4397974284539634,1.9262561540019971
brah1256,drav1251,0.4499625938365068,2.7434753608871745
lave1249,aust1305,3.433254414297852,1.783019676159153
bret1244,indo1319,5.276043934230552,5.549594276969229
brib1243,chib1249,-4.608136732817512,4.327847842906953
bube1242,atla1278,3.547572735913616,1.7932159571303856
bubi1250,atla1278,4.4029362141543125,3.0390566996027744
budu1248,nakh1245,-3.077064909399035,1.8907830287616283
budu1265,afro1255,4.442893178187405,2.542092071595601
budz1238,atla1278,3.779664970605808,1.8299619438924424
buga1247,aust1305,3.704943222935521,1.9863843160752597
buga1250,aust1307,1.4862070046263849,0.6549613087129984
bugh1239,aust1307,3.27523856123371,1.7999650470200166
bugi1244,aust1307,5.299603435629661,3.107158791580254
bugl1243,chib1249,-4.976497518907393,5.047719977281284
buhu1237,aust1307,0.0905454240755601,0.8138817685232667
bujh1238,sino1245,-5.285218009039621,2.351253909801496
buka1257,aust1307,4.823192660675809,3.673498558540812
buki1249,nucl1708,1.012398184288794,1.1425056227848245
buku1249,atla1278,2.8176671903012886,1.721353771080505
bull1247,atla1278,2.660765098665004,1.4238042351646565
bulo1242,aust1305,3.997149216789299,2.529806603975942
bulu1251,atla1278,4.409941855804327,2.130040889120512
bumt1240,sino1245,-3.835115794494314,1.837208692740344
buna1276,aust1307,-0.1951024950679838,0.7433400806969033
gahr1239,sino1245,-4.791291758897865,3.734494895730952
bund1253,indo1319,-3.268317984399259,2.9844232556289683
bura1292,afro1255,5.296807414272847,2.0068737014254125
bura1267,mani1293,-0.5327499810462768,1.8888420997383264
bure1242,afro1255,5.046569324557948,2.139306025111285
burj1242,afro1255,-2.361560057973209,1.6335548243743645
nucl1310,sino1245,-2.4599714914152813,1.470547194371118
buru1303,aust1307,3.838315500630471,2.4975134963185117
buru1320,afro1255,2.4264694425246374,1.793807384434796
buru1296,buru1296,-4.026723292578213,9.890635501774954
busa1253,mand1469,2.0762474741120256,2.4574174987290576
bush1247,atla1278,3.270724461721928,2.863287674244365
buwa1243,afro1255,3.2951069546078173,1.8852409841326117
bwai1242,aust1307,-0.7239453809998322,0.5830719834955538
bwat1240,aust1307,2.352504418515493,1.884946935712442
byan1241,sino1245,-5.156289647961611,3.526633717269309
caac1237,aust1307,3.8947903969809854,1.8821463400572576
cabe1245,chib1249,-2.561399125058175,4.188453066380285
cahu1264,utoa1244,-2.03097645277654,2.1038037289278115
cakf1236,afro1255,4.582838486415059,2.0075247086818315
cald1236,quec1387,-3.052798109867089,3.3011936174121037
caml1239,sino1245,-4.656878216139429,1.7980519400894472
camp1261,indo1319,3.948602949859074,4.805104911070204
cane1242,nucl1710,-5.078137684360682,8.440516342737848
caom1238,taik1256,4.546923033862428,2.352235453375858
capa1241,pano1259,-4.380943043281822,3.4764333518828643
carn1240,aust1305,3.463965525537046,3.935857274395952
caro1242,aust1307,3.18870392933115,5.3045067938656345
cash1251,pano1259,-4.556752715153001,3.4722250747204164
casi1235,aust1307,2.520305893325397,0.9362023764119556
stan1289,indo1319,3.476191460721292,4.5185288625015065
cavi1250,pano1259,-1.1664663969293445,1.6562288647267174
cayu1262,cayu1262,1.483722755295026,4.080375481509643
cemu1238,aust1307,4.264116288572155,1.8516168302161624
cent2127,eski1264,-2.067238121874219,5.093090541897718
cent2142,ayma1253,-1.754867067449244,4.349749467771476
cent2004,sino1245,-1.2469679155213558,0.971335013558388
cent2292,aust1307,1.9915123125280607,0.7294298360959282
cent2084,aust1307,2.4024296600024595,1.1019596085314871
cent2314,aust1305,4.238114625068407,2.739886608825735
qaua1234,taik1256,0.9523288651499322,1.460047386100726
guer1241,utoa1244,2.7436583345097683,2.269366806269556
cent2050,saha1256,1.2521978647092349,2.4633754312088705
cent1989,aust1305,4.158946454289096,2.699782281550579
cent2058,aust1307,4.281067437244119,2.274464335122825
mala1479,aust1307,3.6645849500326895,4.0604082623711655
cent2322,ural1272,-3.261152929857053,5.313729051936891
cent1992,aust1305,3.8147231982750895,2.295230691825964
cent1990,aust1305,3.658069611104324,4.0762481317918144
cent2126,japo1237,-3.624452003923408,5.4830305820721765
cent2140,miwo1274,1.6919802212085535,2.89333645607876
cent2090,aust1307,-0.0728521685629048,1.06004126117584
cent2131,utoa1244,-2.180962128231696,1.5353315416073876
cent2150,chib1249,-5.774689764694571,5.585689974604247
mbal1255,atla1278,1.470486507109702,2.767521528793228
chac1251,pano1259,-2.017390486550624,1.827402099919912
chad1249,afro1255,4.008803026649345,2.977767932685161
chak1270,sino1245,-3.217143268105233,1.712066731007578
chak1271,atla1278,0.2669600281763475,0.8787407103276124
chal1275,afro1255,3.619138867114656,2.6935764716493544
cham1309,nakh1245,-2.657626368241298,1.199113144806752
cham1312,aust1307,5.257899583183896,5.276648373805603
chan1313,sino1245,-3.647268260742095,1.2720883721247596
char1269,gong1255,-2.777174012068061,1.5603022995415614
chas1234,sino1245,-2.0003991816183504,1.0260430751000058
chec1245,nakh1245,-2.9195029964982675,1.7807085772835975
chek1238,aust1307,3.2897258334066377,1.8071555926147875
chen1255,drav1251,-4.783892811965244,4.229766605678824
chep1245,sino1245,-5.236921771890698,2.2051777948963007
cher1273,iroq1247,-3.577735852421122,7.731833805177709
chey1247,algi1248,-0.878481857802077,1.980578963731162
chig1238,atla1278,2.363798511188941,1.580003397181244
chil1280,atha1245,-4.36927756708762,6.273347343950613
chim1309,chib1249,-3.238840112237358,4.965647069038301
chhi1245,sino1245,-4.408630872634941,1.7242266883978663
chip1261,atha1245,-3.233977653041218,6.887860445440165
chip1241,algi1248,1.5282645837312572,2.7569954120280045
choc1276,musk1252,-3.3758608735281213,5.718887395375964
chon1284,aust1305,4.215102152442049,2.752013096491712
chot1239,sino1245,-3.4854346788671315,1.1718151352170345
chra1242,aust1305,4.121616224013319,2.9516624571383367
chuj1250,maya1287,4.644153012919736,4.011561894366997
chuk1273,chuk1271,-2.2692490469609874,7.116276755955388
chuu1238,aust1307,4.090299647827761,4.667384378088679
chuv1255,turk1311,-4.534787213235182,5.610556778578234
chuw1238,atla1278,2.095823825814069,2.260716857543681
cici1237,atla1278,4.746953365191972,2.437293765314241
chin1286,chin1490,-2.509356452382772,6.520392413983515
cent2087,aust1307,3.890751551490325,1.3957137650922675
sout2912,aust1307,2.1078831317069024,1.5734637998548742
coat1243,otom1299,5.496581647596039,4.263646221690808
coca1259,tupi1275,-6.628263038591611,6.235700668262043
coeu1236,sali1255,1.719396224198288,2.032050956635043
cogu1240,chib1249,-4.967634339824291,5.084708728001568
inga1252,quec1387,-2.926535663800116,3.477407671596776
colu1241,sali1255,1.6588437158345777,1.853442692889768
coma1245,utoa1244,-2.330773662518845,3.200519477680324
como1259,sali1255,0.9202243358577148,1.964572480255022
cong1236,atla1278,1.996075601214019,1.800980059799432
copa1237,otom1299,5.64129357949007,4.079336486239958
cors1241,indo1319,3.967701229819008,4.504422591395279
cosa1234,sino1245,-1.6243477155882955,0.9734622787948232
cota1241,aust1307,0.9206658424044982,1.1156660380746717
cree1270,musk1252,-3.389066730012751,5.846500014495957
crim1257,turk1311,-2.7681891417456623,4.59968719606945
cros1244,atla1278,3.3289460489525933,1.465520617859351
crow1244,siou1252,-2.482393630475247,3.596501434199869
cube1242,tuca1253,-4.632211022675644,4.972050382792469
culi1244,araw1282,-4.440575594796027,8.741633680267277
curr1243,araw1281,-1.6916006979720764,1.4000214673110385
cusc1236,quec1387,-0.6037620641871997,2.159895425270008
cypr1248,afro1255,3.724359832610432,3.713875083414957
czec1258,indo1319,4.113319190200569,4.562057525985864
daai1236,sino1245,-2.493954158673953,1.5039112615135508
daas1238,afro1255,-1.6391207803143812,1.2503447432431116
dadi1250,tebe1251,-3.628916090181006,7.974368487864307
dagb1246,atla1278,0.8530411508431373,0.9951573863566664
dagi1241,narr1279,3.303150954980424,5.240208352981325
daur1238,mong1349,-3.293605708529232,7.677613511846152
daha1245,afro1255,0.5944915257497237,1.506195327367287
daka1243,aust1307,4.018448778977123,1.947757396861288
damp1237,aust1307,4.93824535488399,2.933695268640093
dana1252,aust1305,5.0638945950364125,1.8934116126573528
dand1238,drav1251,-5.009378443067723,4.157299658169185
dani1285,indo1319,4.611834899784767,5.55423834377862
dara1250,indo1319,-3.0973243008879425,2.4211598951541653
darm1243,sino1245,-5.2556079975915,3.5307317593226166
daww1239,nada1235,-2.110376484908554,4.761453276432311
dawr1236,gong1255,-2.904054559002872,1.547977379377535
daza1242,saha1256,-1.0967904967951143,2.1712643096571824
dege1246,atla1278,3.584375583866132,1.8008921451393292
dera1245,sena1264,-3.2072525012496964,7.265192461710438
dera1248,afro1255,3.3248208439063696,1.9742520394402727
desa1247,tuca1253,-4.243924425000689,4.644785610925679
dhao1237,aust1307,4.185984095321002,2.150320631457745
dhar1247,pama1250,-4.597445286261047,5.000787288035818
dhim1246,sino1245,-3.4321396216737456,1.708498317304148
dhuw1249,pama1250,-3.101867091622656,2.479016800382208
dibo1245,atla1278,4.698786160101029,2.49963547882064
dier1241,pama1250,-5.041898498488317,4.500438531825278
digo1243,atla1278,2.3892615713886496,1.6323873636237742
dima1251,sino1245,-3.6720728104974176,1.219720924283262
djee1236,mani1293,0.0671377414132163,1.8671968617914343
djeo1235,nucl1710,-4.083608385538732,5.596291104061779
djin1253,pama1250,-2.73411257956328,2.36504257007816
dobu1241,aust1307,-0.5141898309280144,0.6474043177110858
domm1246,nucl1709,-4.2716199346902926,1.6036343516353284
doma1260,indo1319,-1.5133554938917282,2.265392014036891
dong1285,mong1349,-5.176670614886493,6.2801848181550906
doro1266,manu1261,-4.68963722215269,9.032704528088107
drun1238,sino1245,-2.8136712342420727,1.4256639870509566
chug1252,sino1245,-3.8225645377809303,1.631537415253117
dumb1241,aust1307,4.764742800963018,2.4063469697839537
dumi1241,sino1245,-4.641876316057834,1.828615427174583
dupa1235,aust1307,2.57080842056784,1.1000630810228245
duru1236,drav1251,-4.987425784328857,4.042890058469498
dusn1237,aust1307,4.974087549002607,1.6255343571995269
dutc1256,indo1319,4.182210526986907,5.183530115582228
dyir1250,pama1250,-2.540444644691605,2.053525202996518
dzao1238,hmon1336,4.14397575321876,3.5681462201113163
dzon1239,sino1245,-3.774618793403694,1.8672070095183209
east2443,aust1307,6.197745467039454,2.148421185899874
tang1336,sino1245,-3.571571132679444,1.1223632913347572
nucl1235,indo1319,2.72192683665818,3.1577418291254844
east2379,pama1250,-3.189096960739173,3.366546688751044
sout2896,aust1307,2.7786946770745287,1.4516122584376916
east2555,tupi1275,-2.870801413538363,5.1093029583796135
east2332,aust1305,3.932115897607297,2.089800261887831
east2563,aust1307,4.311998318986001,3.0264852719555257
east2690,afro1255,3.4656430008379147,3.725129306135905
east2556,otom1299,5.151374420916529,4.309162138712937
east1236,aust1305,3.321738446509639,1.8364170787688567
east2342,sino1245,0.2500184369988596,1.0184785800738716
east2782,atla1278,4.127930033602454,3.2431178846194406
east2328,ural1272,-2.5526904280009086,2.88433540169094
east2773,sino1245,-4.921732738367036,1.960651447373689
panj1256,indo1319,-2.3878373998279208,2.392641480094792
east2485,aust1307,4.107597627387568,2.239484080497874
fina1242,aust1307,0.1831937809103445,0.6690089400905244
east2447,aust1307,3.403976318036509,5.515159754616215
east2516,nucl1709,-4.439886777093695,1.830927961850083
east2440,aust1307,4.066812034624688,2.3116758292673296
huaa1248,tuuu1241,1.4578194082536036,4.299431551444426
wall1257,aust1307,3.425138186913342,5.298905614489268
egyp1253,afro1255,2.9726730817809983,3.798143887034364
eipo1242,nucl1709,-4.010034685842187,2.0376895484876947
ekar1243,nucl1709,-2.7473362409889206,1.9922303996011657
elem1253,atla1278,3.52451996509382,1.6599704043324763
elip1238,atla1278,4.403220246491157,1.7037223049889365
emae1237,aust1307,5.992199013993999,2.080243736933461
emai1241,atla1278,4.197713409282386,1.7039625087709105
embe1260,choc1280,-4.198223937014376,7.493106589552969
embe1262,choc1280,-4.652650116133586,7.7103868825227
stan1293,indo1319,3.679415234106475,5.539813105432303
enuu1235,sino1245,-1.4270327964802167,0.9364682372113364
epen1239,choc1280,-4.752299176929206,7.860309705619676
ersu1241,sino1245,-1.7872627415640108,1.3093592392120676
erzy1239,ural1272,-2.4850989515405866,3.047877389728093
esan1238,atla1278,3.9000896311510953,1.6884604786910238
esee1248,pano1259,-2.27675590839346,1.9443244596627447
esim1238,atla1278,4.531412682742803,1.3935160016193002
esto1258,ural1272,2.7823573577229803,2.9929694678293792
eton1253,atla1278,4.430408448241565,1.8130827096135071
even1260,tung1282,-3.432698215581904,9.175556627554812
even1259,tung1282,-3.438338838284845,8.606962084664302
ewee1241,atla1278,1.7799958606293655,1.1239754199764036
fare1241,atla1278,0.4859524943191737,1.0594699422349727
faro1244,indo1319,3.4102590708129927,6.806191970911232
fasu1242,fasu1242,0.3802839269082581,2.945810529917253
fiji1243,aust1307,5.840121263841383,5.765214414774086
fili1244,aust1307,4.0050197793062585,1.299259717588065
filo1235,toto1251,0.6364730239508711,1.49089727185126
finn1318,ural1272,3.1438561884703846,3.432036824027876
fipa1238,atla1278,2.0246828480653143,1.548931190195777
fonn1241,atla1278,3.8115699887731775,1.2574456217362098
fore1265,ural1272,-2.875349094811632,5.102734356838649
fran1266,mixe1284,-0.1928201994760612,2.0532306577739163
stan1290,indo1319,5.635038064577155,5.121252270833139
fuln1247,fuln1247,-3.3313155046913345,10.77102922916452
furr1244,fura1235,1.8481223950617287,4.890511735616972
furu1242,cent2225,2.880700445955843,2.354151425373768
futu1245,aust1307,3.820580096830618,3.0161232843165955
fuyu1242,fuyu1242,-4.4665011636766,8.87225697868042
gaam1241,east2386,1.1874769836736825,3.676491142741174
gaan1243,afro1255,5.275173149437397,1.9734546338837085
gade1242,atla1278,4.753822428674358,1.932664747625232
gaga1249,turk1311,-2.447916988345297,4.458746652345422
gala1264,afro1255,5.006022308374784,2.075147183031106
gale1259,nort2923,-0.0777730272735908,1.356642700605768
gali1262,cari1283,-4.853161039089736,7.467559424969473
gali1258,indo1319,3.293772905523893,5.0088434022849455
galo1242,sino1245,-3.804248178313026,1.5644230338974945
gamo1243,gong1255,-3.2395906064595827,1.6128134760241934
gand1255,atla1278,2.604987131817219,1.5775461180090744
gang1267,tang1340,-3.6265518292164782,6.606272449543114
gant1244,nucl1709,-4.82458702901098,1.6094589267855175
gapa1238,aust1307,-0.4069487390172006,0.6389529501851285
boht1238,afro1255,2.639221726065128,2.5639732106503
gari1256,araw1281,2.5820247649786614,2.89617640040672
gata1239,aust1305,-2.506813189586377,1.9650968248070804
gayo1244,aust1307,4.223234800310323,3.931639412468378
gbay1278,atla1278,3.1284776180632257,1.8309249768030436
geba1237,sino1245,0.3668310486669774,1.0155562789720989
gebe1237,aust1307,3.920959766472242,2.2654371054627163
geda1237,aust1307,-0.4615142169637423,0.6070633707112272
gela1263,aust1307,5.178030138114037,1.861147813562205
nucl1302,kart1248,2.008110755662215,3.861964771745468
gese1240,aust1307,3.610804288512452,2.166824463881003
ghad1239,afro1255,3.390827650927064,5.040942158512401
ghan1242,aust1307,2.784356338729186,1.5720166749071538
ghar1239,aust1307,5.022848930981956,1.8901412618987976
gheg1238,indo1319,3.4877436638016004,3.6617549207108304
ghom1257,afro1255,3.212737600836207,4.778483976361407
gida1247,afro1255,5.2341143492997855,2.0208951224696747
giiw1236,afro1255,5.042929107573921,2.111846111516453
gilb1244,aust1307,3.957389644166474,6.574666423196025
gira1247,nucl1709,-5.137911619808955,1.4791353677950383
gizr1240,east2503,-4.003918625949145,7.114805227173431
glav1244,afro1255,5.223663872454474,1.9457954174403511
gobu1238,atla1278,4.170901396907504,2.0626538467728253
ghod1238,nakh1245,-2.81957674091983,1.300451336341169
goem1240,afro1255,4.634682219307957,2.0029352527951616
gofa1235,gong1255,-3.030912410910158,1.5328745912517157
gogo1265,suki1244,-3.720866286008047,8.3573562614352
gola1255,atla1278,1.8371584861137944,1.602033741114198
goon1238,buna1274,-3.753346857523452,9.68017045707339
pare1266,aust1305,-2.307755952973697,1.7875369716312086
gras1249,koia1260,-5.06427837447418,7.38787200319641
guah1255,guah1252,-4.333884688457261,6.650275735087451
guat1253,guat1253,1.7392060515573673,4.709868891401248
gube1234,atla1278,1.6822358026741409,1.861381871209712
gude1246,afro1255,5.341328501993018,1.939467125239972
guer1243,otom1299,5.628727594117444,4.240652056504642
guhu1244,nucl1709,-4.7711694186843,1.8199535304972976
guiq1238,sino1245,-2.5074480310122547,1.4638595698525485
gulf1241,afro1255,3.275931596807774,3.516424058808841
guma1254,aust1307,-0.4556807649538703,0.7041199896874843
guny1241,pama1250,-4.42769835080259,4.1374413736607565
gura1251,indo1319,5.295818060722601,3.5908720217518635
guru1261,sino1245,-4.829373256343067,1.877120731216582
guru1271,afro1255,5.02760772428908,2.0314037920029904
gusi1247,atla1278,3.1474694595568984,1.6929932664435157
gugu1255,pama1250,-1.5621083887636131,1.7731683914793592
kwam1249,koma1264,2.380443222536891,3.976102793371268
gyel1242,atla1278,4.018937833727716,2.1426170848994097
haaa1252,atla1278,1.012380963123938,1.449595904669053
hadi1240,afro1255,-2.5243250721042907,1.1974992185754303
hadz1240,hadz1240,1.5769165536101415,4.262263118796879
haka1240,sino1245,-3.418093033520764,1.4438408704875307
hakk1236,sino1245,0.6089647750171752,1.6465696874059113
hala1252,aust1305,3.2426206977889835,1.731230134210108
halh1238,mong1349,-3.907060988481933,7.425414187973102
hali1244,aust1307,3.649906049632233,1.7512481268950104
halk1245,sali1255,2.3853941266094685,1.9803669526507548
hame1242,sout2845,-1.9718262550109944,4.84197570085133
hang1263,nduu1242,-3.4070399146260364,4.970721169930387
hani1248,sino1245,-1.572304103999874,1.1382137904770993
hano1246,aust1307,6.151756544933063,2.153654066872754
haro1237,aust1307,3.960943801280568,2.693943443477174
haru1245,piaw1238,-3.906867109328121,7.09141895671379
hass1238,afro1255,2.87501162400545,3.713736826143229
hata1243,hata1242,1.537513450482559,3.757772040856618
remo1247,aust1307,0.918852130186636,0.9332879407236055
haus1257,afro1255,4.675732809814415,2.501364939673984
nige1253,atla1278,5.761256934743146,2.347056532083037
hava1248,coch1271,-1.636793743601621,4.181933904830821
hawa1245,aust1307,4.565493555496364,9.294138093931396
sabu1255,aust1307,4.30664549258005,2.3818868265740143
hdii1240,afro1255,5.2293580466042044,1.8963325459655491
hehe1240,atla1278,2.061189392098642,1.2838678804111652
here1253,atla1278,2.759696315015653,2.7372528822648263
hida1246,siou1252,-2.0379829358575914,3.567302315797331
high1243,toto1251,2.2388545114073075,1.5908871717551172
hind1269,indo1319,-3.005652847810671,3.069099833305877
hinu1240,nakh1245,-2.6003589448797406,1.2068333835957468
hixk1239,cari1283,-4.774176733041726,7.356603337477964
hlai1239,taik1256,2.1842069222129714,2.752326448604233
hler1235,sino1245,-1.699060292671592,0.965359623465762
hooo1248,aust1305,-1.6135173382691117,1.5052260780457267
hoav1238,aust1307,4.851544205201642,1.6634655981824338
ainu1240,ainu1252,-2.886048251849296,8.880990371422243
holo1240,atla1278,0.8726349386161945,1.4724293361608891
hone1235,atla1278,5.737535434954703,2.033023967399778
honi1244,sino1245,-1.233739655190942,0.9270932066615778
hopi1249,utoa1244,-2.728010166429148,2.5238970594882133
hote1245,aust1307,1.1368213363943225,0.5546892112320911
hozo1236,maoo1243,-2.624130569162249,4.478790379752661
huuu1240,aust1305,3.548602982966588,1.552254259237429
hual1241,quec1387,-3.2975505508384764,3.08057914475895
huam1247,jiva1245,-5.182612000018961,9.975206326369138
huar1255,utoa1244,-2.235599425315562,1.4218522621065226
huas1242,maya1287,2.9368801114163325,4.845714598829735
huba1236,afro1255,5.311006123968934,1.942019881699128
huic1243,utoa1244,-0.5732877305915562,1.5369711061645468
hula1239,aust1307,-0.6925455049085638,0.791728980824832
hula1244,afro1255,3.6465039899039215,3.461284881210606
huli1244,nucl1709,-4.32381439567994,1.9468547296985437
humb1243,song1307,2.773449214344149,3.338556591956316
hung1275,aust1305,4.111353865235855,2.19354975959531
hung1274,ural1272,-0.511939175978978,2.4755083608498083
hunz1247,nakh1245,-2.4731580144451217,1.186511611377128
hupd1244,nada1235,-4.353308639863605,5.526763541436242
hyam1245,atla1278,5.06264644214197,2.0749532369580024
iaai1238,aust1307,2.9666069020802297,2.0481464927803046
iatm1242,nduu1242,-3.958789449690965,5.0814162990144265
ibal1244,aust1307,1.3815224810836533,0.7136532183502133
iban1264,aust1307,4.664383448258974,3.238157305841142
iban1267,aust1307,2.487362889810755,0.975803649761012
ibat1238,aust1307,2.222698575577116,1.3964269862042258
ibib1240,atla1278,3.3648718916560965,1.5180937257351204
icel1247,indo1319,4.326708234795121,8.609562786441591
idaa1241,aust1307,3.66474763692173,1.7226976102135971
idii1243,paho1240,-3.796435142907263,7.415813650110129
idum1241,sino1245,-3.7687625220715946,2.017513941428735
idun1242,aust1307,-0.7046291597424137,0.6164970208175049
nucl1417,atla1278,3.517583550257002,1.692347826295748
ikkk1242,kuli1252,1.2325675453465168,3.3502925557623517
ilaa1246,atla1278,1.688161180396299,1.5753040671959615
iliu1237,aust1307,2.7969438436537413,1.507457366232913
ilok1237,aust1307,1.9845724527460824,0.7881627236282469
ilon1239,aust1307,2.219876937662388,0.777349639521784
imba1240,quec1387,-2.9902702064561977,3.3986737021401794
imon1245,bord1247,-3.127063719682013,7.103041560379223
ingr1248,ural1272,2.7700138091740723,2.6824995143248884
ingu1240,nakh1245,-2.734720142846724,1.7607154440971442
alba1269,aust1307,1.9126988136651544,1.2899622529887722
iqui1243,zapa1251,-4.786259027360368,10.026022046568396
iran1262,aust1307,3.9414571040876,1.9605895160427596
iraq1241,afro1255,2.6397180624773453,1.7923806835384504
irar1238,aust1307,3.2098520115345384,1.6945943631935805
iris1253,indo1319,5.210147212942532,6.702855233331853
irul1243,drav1251,-4.35622907103731,4.386277268297045
kris1246,skoo1245,-1.8036035775606527,4.532356999331608
isco1239,pano1259,-4.463090197219058,3.3343681751605025
isin1239,aust1307,1.8205524994653008,0.7109281941759029
isir1237,kwer1242,-2.8849002694503527,5.264443244737496
isna1241,aust1307,2.313456443760746,1.116938825425084
isth1240,utoa1244,-0.0458634775541599,1.4402193326684412
isth1242,utoa1244,1.9373789443321112,1.5099216730097318
ital1282,indo1319,5.828343079819461,4.486118683620729
iton1250,iton1250,-2.965157900214759,7.101925716073744
itza1241,maya1287,4.238571883441896,4.4246671497203085
iumi1238,hmon1336,2.267907546582808,2.8637809133665435
iwal1237,aust1307,1.0565110609524586,0.6031817876940231
iwam1256,sepi1257,-2.2424888962614555,1.5202135946240354
iyoo1238,nucl1709,-2.6840785671125147,1.4230520429243825
jahh1242,aust1305,5.080541344078308,4.087132720203298
jalk1242,mand1469,-0.4757972330703166,1.1011507114096446
jamb1236,aust1307,4.691406786047527,4.654517883983823
djam1255,mirn1241,-3.3665031153587397,6.24739753249656
jams1239,dogo1299,-2.549586750736652,3.1858854582712546
nucl1643,japo1237,-3.50442475642406,7.623054560181856
japh1234,sino1245,-3.119619258416356,1.7428061782410786
jaqa1244,ayma1253,-5.852846093001872,6.844763716205872
jara1266,aust1307,3.9358045423059655,2.505926304241825
java1254,aust1307,4.769461848410722,4.377830350622347
jede1239,aust1305,4.963207124158843,3.8642824641797393
jehh1245,aust1305,2.8515854538599115,1.7476530293043844
jeha1242,aust1305,4.928560571867273,3.827110603730429
jeru1240,sino1245,-4.843525521561254,1.850143343980779
jina1244,afro1255,4.770819870477426,2.153695530341622
djin1251,mirn1241,-3.996060933233084,6.593967765670209
jjuu1238,atla1278,5.113154714689156,2.1411023603663715
juan1238,aust1305,-1.8000985641304896,1.5966279233481195
juku1254,atla1278,4.920173644949922,1.568816180675512
jurm1239,cent2225,2.054930419048989,1.4568603282622057
kaba1281,cent2225,4.03242337727045,2.866274896843592
kaba1278,abkh1242,-2.292816664222672,4.143055270717527
kach1284,gong1255,-3.3936812007308745,1.8393507664224629
kado1242,sino1245,-1.431384923045811,0.9190091016928504
kafa1242,gong1255,-2.142121836960171,1.5783050964356988
kaga1256,aust1307,0.3078406553441093,1.0032837122171294
kagu1239,atla1278,2.6015413600569746,1.424605820335941
kaik1246,sino1245,-5.3440403265697,2.912959960046365
kair1263,aust1307,1.237387273366561,1.0897852432994275
kaki1249,kaki1249,-4.068553825196205,8.509981858146777
cacu1241,kaku1242,-2.0771138576410904,5.2098823519501885
kala1399,eski1264,-1.5170014897958843,4.49793967352257
kala1388,aust1307,1.286718726807235,1.1731663735148992
kala1377,pama1250,-4.051139816456846,2.684971398582448
kala1384,atla1278,1.56865398295615,1.6625328567122537
kali1308,sali1255,1.493240236211101,2.34661193482604
kamm1249,atla1278,5.517994334265604,1.7816093561338349
kama1367,nucl1708,0.2717729658515204,1.315775845136418
kamb1316,afro1255,-0.7309169115299265,1.111058506621422
kamb1297,atla1278,2.824591535362045,1.583109555281979
kamb1299,aust1307,4.513007816153019,2.9176427643529586
kamo1255,nucl1709,-2.740930316017891,2.1009122585264457
kamu1260,kamu1264,-2.278062380588935,5.148026609999457
kana1286,aust1307,1.882438088351368,0.7314948036483244
kani1286,nucl1709,-4.488437001057449,1.5727395512620888
kank1243,aust1307,1.8377106453201373,0.7310029793227102
nucl1305,drav1251,-4.439515603597803,3.986555556616411
bidy1244,atla1278,3.060341140645895,1.841237907444345
kapi1249,aust1307,4.478168421312553,3.838947570628868
kaqc1270,maya1287,2.8636857836292595,3.949999559718229
kara1482,cent2225,2.86542631376473,2.566253023502909
kara1476,pama1250,-2.8014625286649237,3.095155124510676
kara1500,nucl1710,-3.32414220089099,6.154741583881384
kara1487,aust1307,1.418104018016969,0.6527141029694228
kara1486,aust1307,6.231238063886719,1.959480413835891
kare1338,atla1278,5.427528779775283,2.358252924918496
kare1335,ural1272,2.7555175239804166,3.199366869649541
kari1306,atla1278,4.089926237267267,1.812021354225294
kari1311,tupi1275,-4.798638283147758,5.821484017262186
kark1258,pauw1244,-3.2342556578234896,7.298894449032337
karn1252,aust1307,2.1539057097450893,0.7968878411711096
karo1304,karo1304,-2.7405575844921275,7.31062726997156
kash1277,indo1319,-1.6448570570837333,2.0639912717413798
newa1246,sino1245,-5.141077815110108,2.1086408727252497
kats1235,sino1245,-1.9386569436892076,1.0549333740951354
kana1291,katu1274,-2.4479563148840717,6.300320740906292
kava1241,aust1307,2.720922824233765,1.2502978774563545
kaya1315,sino1245,0.5034680132065557,0.9802530626460816
kaya1319,tang1340,-3.630283523953057,6.4683178757341775
keap1239,aust1307,-0.8466557839786815,0.8351641735937818
keda1252,aust1307,2.7974369750350423,1.4364063232090525
kera1248,atla1278,3.5043565240714267,1.7824255320417102
keig1242,kadu1256,2.8316253705153027,6.950327197956376
kele1255,atla1278,2.98467790460146,1.7807186874027965
kele1258,aust1307,2.792706928817757,1.4601425683293812
keng1240,cent2225,3.364714153819474,2.7815777355107905
kens1248,aust1305,4.896256690251819,3.792162112261563
kenu1236,nubi1251,-1.0790897139767113,3.097958812587404
keoo1238,aust1307,4.721679319409618,2.3990084003631083
kera1255,afro1255,5.080212756876267,2.1475094129617034
keri1250,aust1307,4.5627001458892265,4.637648643029703
kesa1244,nucl1709,-4.849063776630111,1.4843970608670105
kett1243,yeni1252,1.0738630591153853,3.934184912200671
kgal1244,atla1278,2.6478685275508798,2.5310531587482465
khak1248,turk1311,-5.265022177520134,8.917547655484325
khal1275,sino1245,-4.265468793262841,1.774768772106711
kham1282,sino1245,-4.141998911942348,3.456916940064413
khan1278,atla1278,3.495038739218254,1.632466710625124
khan1274,aust1305,3.7935117567136247,1.904417663974268
khar1287,aust1305,-1.285325545253602,1.485540657929672
khas1269,aust1305,1.7328309608500694,1.347994363566805
khez1235,sino1245,-3.7316137069060415,1.1655163261685857
khin1240,nakh1245,-3.040865397477102,1.7594541962749588
khmu1256,aust1305,3.8763698055324314,1.7433869595873863
guan1266,sino1245,-3.092159576245049,1.6595415798629602
khum1248,sino1245,-3.3569992151703545,1.4290112004430142
khva1239,nakh1245,-2.5162628134496203,1.14175640952525
kich1262,maya1287,4.800567284474531,4.014832903656746
kiku1240,atla1278,2.992615982905259,1.5911676317319348
kile1243,tung1282,-3.9211879436673702,6.888016947810336
kima1246,kolo1268,-3.242015199610333,5.305420211144964
kima1244,aust1307,0.8697512608668294,1.219211150720806
kimm1245,hmon1336,2.4853360929877253,2.794793973705133
kina1250,aust1307,3.537928020884324,1.398369062755492
kinn1249,sino1245,-4.919717015274935,3.701664898755114
kiow1266,kiow1265,-2.1757317467362585,5.829190525877365
kips1239,nilo1247,4.903882119465833,4.032772866916062
kelo1247,timo1261,-2.7564662724226743,3.89935266601216
miju1243,sino1245,-3.34256481938777,1.5870165676141532
kobo1249,nucl1709,-4.721874661798002,1.6689403259334803
koda1255,drav1251,-4.319007886210866,3.878520908784133
koho1244,aust1305,3.9316862149260814,2.659960285418787
koir1240,sino1245,-3.690271342112659,1.1306555940685747
koit1244,koia1260,-4.976283999295266,7.4288681557860095
koka1244,pama1250,-5.061369054613694,5.297798916781607
koko1269,aust1307,3.226149236710208,1.7855036839296687
kola1285,aust1307,2.6592372489331897,2.0679983671200866
kolb1240,atla1278,3.818377666765258,2.00265220784728
kolc1235,atla1278,4.799312139515835,2.2717497396280777
kolp1236,kolp1236,2.651328106173966,6.312411553369589
kolu1245,aust1307,-0.6334947537014091,0.619154867000681
komb1274,nucl1709,-4.037170831923988,2.204023169139969
komc1235,atla1278,4.551122575800895,1.3774372159737247
komi1270,sino1245,-1.617014088394361,1.1008622777473498
komi1269,ural1272,-2.810211122032617,3.9592754725021457
komi1268,ural1272,-2.663301696120306,4.358338222482907
kona1242,east2433,-3.397212509854922,7.708356603986068
konk1267,indo1319,-2.719343251747876,3.868903652476805
kony1248,sino1245,-3.6486972597279057,1.3066526953507245
koon1245,atla1278,4.785194142551565,2.456397456240765
koor1239,gong1255,-3.3449285210446678,1.9394034832246236
kora1294,nucl1709,-5.316574889405133,1.9695844039586845
kore1280,kore1284,-2.3234531352715413,6.702051189070039
kore1283,tuca1253,-5.880420654734094,6.550626137825564
kork1243,aust1305,-2.330245775370825,3.0470077859678426
koro1298,atla1278,1.3086950383639429,1.5476912612689873
koro1313,sout2948,-1.8146506415018429,4.651787342708447
koro1312,nucl1709,-4.0708671853158025,2.1412353125414043
korr1238,drav1251,-4.288253751744025,4.068040129901323
kosa1249,nucl1709,-4.017382989602898,2.064535040021127
kosr1238,aust1307,6.111082731084409,5.9136575714330615
kota1263,drav1251,-4.317425039476481,3.721013489773741
koti1238,atla1278,2.0566615503797623,2.1908734917314447
guan1269,tuca1253,-4.365838928869762,4.7688605049984165
kova1243,nucl1709,-2.787557411983704,1.6705129738258933
kove1237,aust1307,3.0578511411551546,1.1219050619510007
koya1251,drav1251,-4.870897183585728,4.185257436982704
koyr1242,song1307,3.1061083782862484,4.108920829305314
koyr1240,song1307,2.539091872973451,3.582251522523101
koys1242,afro1255,3.628458260203693,2.650122241758112
kren1239,nucl1710,-4.327429722335847,8.280705149121752
gbay1288,kres1240,3.474698282765565,6.914254346117694
ngeq1245,aust1305,3.4497316628045747,1.757366798250391
kryt1240,nakh1245,-3.0512337538990377,1.8099008518783075
puoc1238,aust1305,3.9611040474727615,2.002870418689767
kuan1248,aust1307,4.342346603438239,1.524976051816406
kuii1252,drav1251,-4.897959928411687,4.007342333958389
kuik1246,cari1283,-4.606207866774624,7.386214645828526
kuku1280,pama1250,-1.0905614268645591,1.3625761426265657
kuku1273,pama1250,-3.0204173992297267,1.9308252279738625
kulo1237,aust1307,0.5140102858030873,0.7035534023017931
fait1240,nucl1709,-4.909664631117613,1.503919264273435
kulu1253,sino1245,-4.192659490115262,1.7322904981086182
kuma1280,nucl1709,-2.602436983988736,1.5424701873412516
kumb1268,pama1250,-3.954934059898248,5.038237680317442
kumz1235,indo1319,4.066230589046096,5.541517882466678
kuna1268,kuna1268,-2.8832191322593146,7.084498662150066
kunb1251,gunw1250,0.3985369614766725,1.330123729492751
kuni1267,kuni1270,-4.369897431132261,6.741890439830707
kunj1245,pama1250,-3.1984235780695536,2.050269128988024
kuot1243,kuot1243,3.001978643016245,7.288483002182048
kurr1243,pama1250,-4.7462702263015,4.108146892336039
kurt1248,sino1245,-3.84316252317916,1.7886297049320523
kusa1251,aust1307,4.869779307796285,1.6550508080845816
kusu1250,kusu1250,-5.615799532348832,11.331255921117066
kute1249,kute1249,1.0101206977260897,3.5552069614490165
kute1248,atla1278,4.792443729446253,1.532055990589729
kuyy1240,aust1305,3.923750998345259,2.1742957320453584
kwai1243,aust1307,5.394014732267545,2.095713632495308
kwam1252,aust1307,5.747376807962029,2.72435324421496
kwar1239,aust1307,5.385061342623607,2.0668306114379007
kwaz1243,kwaz1243,-3.267678881971342,8.205665949278595
kweg1241,surm1244,-0.1244472856250917,1.4050792309366713
nucl1595,kwer1242,-2.963111798587198,5.25560721266041
kwin1241,worr1236,-3.301547398276131,6.216302287216848
kwom1262,sepi1257,-1.8805780051890828,1.3982962761305089
nucl1593,kwom1263,-3.1291634497349,7.070612332660119
kxoe1243,khoe1240,0.090158713761502,2.194823222921734
kyer1238,sino1245,-5.079003847907971,2.2489804120255563
cori1240,atla1278,5.089500467739947,2.067358877779867
laal1242,laal1242,3.823434192202877,9.064939399668312
labe1239,aust1307,4.259754531517844,1.608997729991085
labu1248,aust1307,1.2533800474434171,0.5570029469838715
labu1249,aust1307,1.6649639701151533,1.397033595241748
lach1248,taik1256,3.653458997303094,2.229994385210816
lagw1237,afro1255,4.822516332349777,2.1968790961792166
zaye1235,sino1245,0.2491355714169034,1.0105304816836842
lahu1253,sino1245,-1.5707925531681552,0.8969489219707931
lahu1252,sino1245,-1.652956683235092,0.8840369660394245
laiy1246,aust1307,5.163814117885489,2.82579516850084
lakk1252,nakh1245,-2.9491266905346363,1.3760376165560615
lala1268,aust1307,-0.99822778721276,0.7837004963192626
lama1277,aust1307,2.934792654296537,1.639442185419533
lama1288,afro1255,5.227724367653609,1.9152601538051428
lamb1272,atla1278,1.5293510056497726,1.2398679311598109
lame1260,aust1307,4.100356924861065,1.9682421427692771
hela1238,sino1245,-5.039862272560354,2.112006363255073
lamk1238,sino1245,-3.40979974957068,1.2192580562379725
lamo1244,aust1307,2.7771337671187872,1.0449547707171971
land1256,atla1278,1.96418639001277,1.2416167734769026
lang1324,nilo1247,4.195186263587923,3.817103322801197
laoo1244,taik1256,3.888932376726128,2.817358929076473
lara1258,lara1258,-1.3968509524530224,3.922339627954596
lard1243,tang1340,-3.537307972157594,6.460767713057368
lash1243,sino1245,-1.9476315839923943,1.049525086431096
teke1275,atla1278,4.524409240230829,2.939985151131616
latv1249,indo1319,5.743721139169176,5.058195356279351
lauu1247,aust1307,5.437326365429966,2.1343743893499862
lave1248,aust1305,3.664515106426452,1.8237919969491188
lavu1241,lavu1241,-1.9255251396717377,4.909542578619144
lazz1240,kart1248,2.217222665722754,4.079022186651169
lega1250,atla1278,1.5769924348226472,1.5788849755892045
lele1276,afro1255,2.927462070462731,2.2366979953176376
lele1267,aust1307,5.854793515168957,2.12042088263096
lele1270,aust1307,2.683351210829908,1.4582168793938877
lemb1266,nucl1709,-4.506291728043284,1.7639683349691566
leme1238,aust1307,5.967183735839801,2.6902174640971594
bela1260,aust1307,3.9640199130826312,2.0722644700493262
lena1238,aust1307,5.706108287973969,2.663755877050612
lend1245,cent2225,-1.1630096037565516,1.0285773864404426
leng1259,aust1307,3.2061732751832306,1.9477546663255796
lepc1244,sino1245,-3.745381955373717,1.7619504186302848
lese1243,cent2225,-0.2256173252835567,1.0919170600810304
leti1246,aust1307,4.945590676952387,1.817990673847312
lewo1242,aust1307,4.133076356705947,2.020706326393192
lewo1244,aust1307,2.8916053239208184,1.654971001882629
lezg1247,nakh1245,-3.0665359944320434,1.644821059224281
lian1251,sino1245,-3.670788590613509,1.1571702478968824
libi1244,atla1278,4.594120042452738,2.126331298186262
liby1240,afro1255,2.989720758677093,3.936935057058218
lihi1237,aust1307,4.466624465895576,2.001478905558443
liji1238,atla1278,4.852427073755523,1.8518314230810693
lika1243,atla1278,3.251202628162022,1.5722991023953554
lill1248,sali1255,2.474436413189518,2.256853093164981
limb1266,sino1245,-4.0398801859721525,1.755433349597176
nucl1327,limi1242,-1.351381523568696,3.857745221737355
lipo1242,sino1245,-1.77855522074305,0.9308924086973532
lish1245,afro1255,1.7796829398703768,2.4307317445470678
lisu1250,sino1245,-2.2220587928718394,1.1286132267648803
lith1251,indo1319,5.221228421729156,5.154512193690129
lito1235,atla1278,4.617724691976079,2.064499967498296
livv1243,ural1272,3.034737140027951,2.8046867183016992
loba1239,atla1278,4.671440274582944,2.213854746373716
logo1259,cent2225,-0.9804191356633258,0.9694654124858388
balo1261,atla1278,4.622293482560483,2.3516820022402776
loka1252,atla1278,3.0885796514154924,1.457712198304126
araw1276,araw1281,-2.857229793011694,3.906117874947162
lolo1259,sino1245,-1.8477317497265284,0.9587057185159402
loma1260,mand1469,0.42319636124952,1.019358314838616
lomb1257,indo1319,4.022331074577264,4.387569995690816
chiq1248,chiq1253,1.020813413407489,3.5430830649621328
acha1249,sino1245,-1.6981248165964895,1.044907730717615
long1395,aust1307,5.19295624178569,2.0656150260307307
loni1238,aust1307,2.84703173447633,1.510771302202734
lote1237,aust1307,3.1302501391373347,1.3333298000024385
loth1237,sino1245,-3.776875569529324,1.2155393510984744
lotu1250,aust1307,3.275665756604096,1.4677195910552818
louu1245,aust1307,2.763461419767105,1.4376157803107006
vano1237,aust1307,6.032162145144549,3.2811872794156294
lowl1260,tequ1244,2.168032715063162,5.577121140972141
lowl1265,utoa1244,-2.116583976456998,1.378862743208721
lozi1239,atla1278,0.6869148701343091,1.464683783977936
luan1263,aust1307,3.044834715724665,1.8705202675436825
onto1237,aust1307,3.87115729355875,2.786297340988689
lubu1243,aust1307,2.215118532996581,0.8263609769042652
luch1239,atla1278,1.224240734060708,1.7030334433838092
ludi1246,ural1272,2.1873609077047016,2.686938599265936
lugb1240,cent2225,-1.2466986467029786,1.0307793910856589
lugu1238,atla1278,2.3642280460411325,1.4156342402591946
lule1254,ural1272,2.853170511493785,3.484439607314755
lumb1249,atla1278,4.17395693808444,3.567335109780611
lumu1239,narr1279,3.287640364825214,5.185008252247915
lund1266,atla1278,2.217474264078449,2.1296739076429176
lund1271,aust1307,4.201217512026873,2.0908454777873686
luok1236,nilo1247,4.923155140069581,4.149170213281257
luse1252,atla1278,4.499868717413633,2.4665679948582278
lusi1240,aust1307,2.9298472038047567,1.0118873483205633
luya1241,atla1278,1.6721202164620876,1.6610653820839971
maan1238,aust1307,5.090867553991577,3.792440737256325
maas1239,atla1278,2.208147694436372,0.9980251039966568
maba1270,atla1278,4.280581832514632,1.9015032149475888
maba1277,maba1274,-1.025782815232446,3.00312687748799
maca1259,guah1252,-2.5034186680936816,6.108242203384165
mace1250,indo1319,3.487592120709257,3.8069913647281535
mach1267,araw1281,-2.7908830827897786,2.011877993811108
maco1239,sali1297,-3.623561354592837,8.850909984154798
macu1260,tuca1253,-2.6413110438752376,4.52011498716112
macu1259,cari1283,-4.761261552413837,6.9172306966914565
mada1285,aust1307,6.3705693466648246,1.8467111792897055
madi1260,cent2225,-1.1221089414877226,1.279902805051243
jama1261,araw1282,-3.7467819820728367,8.522015924500764
madn1237,east2374,-1.7277907032511135,4.470029886085374
nucl1460,aust1307,4.74180127929488,4.22041557941535
mafe1237,aust1307,5.960136398226512,2.092956985597567
maga1260,indo1319,-2.8666919026535824,2.293221615162821
magd1235,otom1299,5.6175604306289095,3.988716885282861
magu1243,aust1307,1.15109594762212,1.0283206096080235
maia1254,nucl1709,-4.914640497143809,1.6744456844590907
mail1248,mail1249,-4.169087450962283,8.690782984669523
nucl1594,mair1253,-1.9028578872350927,4.816573486664318
mais1250,aust1307,-0.7217979553276597,0.8334405290667739
mait1250,indo1319,-2.6699344602932027,2.1773189152594163
maja1242,surm1244,0.0778205926298624,1.3669179950546386
maka1304,atla1278,4.908913053306979,2.252715008177443
maka1311,aust1307,5.224073934911283,3.075428720270029
makc1235,taik1256,2.001565919325048,1.8215020332329568
makh1264,atla1278,2.2717585671315765,1.881548359368871
makh1266,atla1278,2.153164580756088,1.7489905109599242
mako1251,atla1278,1.6123926221135017,1.402599438634951
makw1236,atla1278,1.5829979640097471,1.455916659928203
mala1463,drav1251,-3.86940845701713,4.64820565062273
mala1534,aust1307,2.362288489535474,0.9743990479956324
mala1464,drav1251,-4.000614549007725,4.329566800781421
mala1522,chib1249,-4.911873523486708,5.065332832719028
male1284,gong1255,-3.167095671742911,1.6446982120890326
male1297,chib1249,-3.953847818233749,4.479980319048845
male1289,aust1307,2.533034797755117,0.9085010172518082
malg1251,afro1255,5.147077700424973,2.081816393057021
mali1284,bain1263,1.7681517800750317,4.531502861784347
mali1285,otom1299,5.653079708202907,4.252655723519773
malt1254,afro1255,4.096573560835699,5.13663477926003
malu1245,aust1307,5.9018542697360985,1.978023268251896
mamm1241,maya1287,4.788543793039642,4.098173252595538
sauk1252,nucl1709,-3.738342208163277,1.4054402417265912
mama1275,aust1307,3.591214143018152,1.736828489461871
mamb1306,aust1307,1.824839395995608,1.316061572370522
mamb1294,atla1278,5.942481477047902,2.0834282961646515
mamb1296,atla1278,2.06668628731888,1.543381270489235
mamv1243,cent2225,-0.5691954391991316,1.0075638298126357
mana1295,aust1307,0.0984398801704711,0.860574647257522
mana1298,nduu1242,-3.540817099572675,5.008943241382349
mana1288,sino1245,-5.286105575025467,2.6414789161896977
payn1244,nucl1709,-4.911048049842076,1.6199235034961177
mand1440,aust1307,6.390397093173111,2.055816453154204
mand1415,sino1245,0.5076848281242943,2.5114642534350686
mand1436,mand1469,0.9989380298010588,1.6770059521950067
mang1378,aust1305,3.658545063605281,1.6415428184852772
rapa1245,aust1307,4.953795109262637,7.939544376219436
mang1401,aust1307,3.1193104263147724,6.67133148859922
mang1381,mang1423,-0.6957395172981731,2.063531591781896
mang1394,cent2225,0.5080810894147048,1.2063858624381254
mang1404,aust1307,0.9942351292865892,0.5356659060129161
mang1405,aust1307,4.803754491046397,2.783606653517434
mang1403,aust1307,3.1126468071520312,1.29137807993121
moni1237,otom1299,2.8724536176353235,4.988339104025583
tong1308,aust1305,4.752234551616611,3.719132850313793
manm1238,aust1305,3.649323426697301,1.5695604668928702
mann1248,mand1469,-0.4010157197386714,1.2379284289277237
mans1260,hata1242,3.608809310451916,3.9845379103547223
manu1258,aust1307,3.844387910757378,2.177548048686294
maon1241,taik1256,4.1375727486956695,2.03982430395142
maor1246,aust1307,2.6824698212977864,5.976933750558494
mapo1242,aust1307,1.026442573154597,0.5217875488457402
mapu1245,arau1255,1.358696618286499,4.441930396954213
mara1382,sino1245,-3.2221986330693744,1.4953833499941211
mara1399,aust1307,5.926803765302242,1.948917703876127
mara1379,sino1245,-3.775469203210057,1.1351528887848268
mara1404,aust1307,3.102571684260792,1.2363260870084858
mara1386,west2434,-0.5257949037076222,1.8374164681798923
mara1378,indo1319,-3.235118651133401,3.6550842668785535
marg1253,pama1250,-4.449313566941872,4.118753523472094
marg1265,afro1255,5.283641267209745,1.956814408074294
mari1414,drav1251,-4.9741293911687565,4.425895199317829
mari1440,coch1271,-3.632288453150073,5.185087793309558
mari1428,aust1307,-0.4239012976943193,0.6477691075493475
nucl1622,anim1240,0.5864211821140795,3.1097219752671528
mari1416,sino1245,-3.3643961791491632,1.1757552670539368
maro1244,aust1307,4.805290276895942,1.694972467542513
mara1385,mang1423,-0.2717810740024144,2.0455516119523267
mars1254,aust1307,5.687785766444799,7.377694005954826
mart1255,pama1250,-2.6228383579974093,3.9252593729933967
maru1249,sino1245,-1.3811692839795104,0.9504462540555458
maru1252,pano1259,-3.961994467247317,3.244670177952141
masa1322,afro1255,4.939837696494192,2.1850127386282097
masb1238,aust1307,2.117568810922629,1.3054813530546312
mask1242,aust1307,5.968048702636393,1.9269219488962503
matb1237,aust1307,3.715000118298829,2.0998570931659053
kemb1249,aust1307,4.849416100755037,3.7312786066654553
mati1250,aust1307,2.710077786573522,1.250497844833106
mato1252,aust1307,1.1584416058652378,0.6370351660676477
mats1244,pano1259,-3.931600627129602,3.3972154992382784
matu1261,aust1307,-0.42015571254958,0.6483652156588136
matu1259,atla1278,1.6886466703787626,1.4240868624486716
maun1240,iwai1246,1.2777731689638705,3.771228918554476
maxa1247,nucl1710,-4.4474957550361065,8.274339827437478
maya1285,misu1242,-2.8380882343035725,4.643240260239528
maib1239,mayb1237,-1.616017524050667,4.268015336102524
mayo1264,utoa1244,-1.0356225619482955,1.5562393147376277
mayo1261,atla1278,3.257124840007912,1.580180762461449
maza1304,afro1255,5.312366777791411,1.9464509948021025
mbaa1245,atla1278,0.6780167785209761,1.4298145413619352
mban1263,atla1278,4.429367747566265,2.0845204583266046
mbar1260,afro1255,4.785748066212638,2.215269886839636
mbay1241,cent2225,4.310564223191841,2.775273358917822
mboc1235,atla1278,2.007283250961172,1.1759820604380415
mbol1247,atla1278,3.009803440334716,2.0300881285918884
mbug1242,atla1278,3.3414497977493456,1.551403178402836
mbul1263,aust1307,2.2409468316443237,0.8390544854876154
mbya1239,tupi1275,-3.584971576182617,6.4584740560877325
meen1242,surm1244,-0.2936505358871983,1.29020980517544
meke1243,aust1307,-0.5444289037939036,0.7362166411147655
mele1250,aust1307,3.937834334684461,2.121927789652524
melo1242,gong1255,-3.0090381781312088,1.5378846305043758
melp1238,nucl1709,-4.522567819784866,1.6854363206549436
mend1268,sepi1257,-1.740675842259387,1.4564308550596543
mend1266,mand1469,0.2985154778778556,1.2015777124713551
meng1267,aust1307,3.613707602747207,1.3896359961305969
meny1245,anga1289,-0.7924809089875235,1.9305165110631533
mere1242,aust1307,4.021101234961349,2.161032899847146
meri1244,east2503,-4.2154083675071865,7.268967206096304
meru1245,atla1278,2.7220765492361467,1.493382415662012
meta1238,atla1278,4.262539756808142,1.3195896380047358
meya1236,east1459,2.0804894698052028,3.4220349333041646
mezo1235,otom1299,5.591955634379833,4.01528045415448
mezq1235,otom1299,3.3974447677876167,4.179326101246291
mian1256,nucl1709,-4.108704458557946,1.9272406557177035
midd1327,aust1307,0.9828911343068518,0.6099981951172033
mido1240,nubi1251,0.8315536909008459,2.77353464697492
mids1243,atla1278,3.468457232573245,1.862292115463994
miga1249,afro1255,3.4936497800530644,2.526733510834621
mika1239,musk1252,-3.71221318568004,6.70855726306433
mikm1235,algi1248,1.096809450053319,3.416317075480798
mila1245,sino1245,-3.752075471718251,1.6904561206443809
mina1276,afro1255,5.252979517085659,1.922240536851444
mina1268,aust1307,4.64468168832264,4.513473854546726
mini1256,huit1251,-2.965131612163104,7.1176163411285085
mini1251,aust1307,4.328338398429966,1.5165244668644
minn1241,sino1245,1.4710317357455354,1.7771975523772312
misi1243,aust1307,1.2982524897641676,1.2538423407298147
misk1235,misu1242,-2.7732465726812894,4.828191756119921
mixt1426,otom1299,5.430439809678092,4.262057960206967
miya1266,afro1255,4.795458034795273,2.3139400259584058
miya1259,japo1237,-3.8922661600575568,5.408829902625019
lush1249,sino1245,-3.4255020137318044,1.5097230225488616
mlab1235,aust1305,2.269265327667915,1.7998676106235152
moba1244,atla1278,1.1627955953905138,1.2419179056056855
moch1257,maya1287,4.722703281787283,4.099769604236645
moco1246,guai1249,-2.613109136469264,5.464658939636667
mode1248,indo1319,5.474434341490673,4.85072019998236
hebr1245,afro1255,3.677072091675375,3.4931484550557634
moha1258,iroq1247,-3.03289992214265,7.382196789493262
moii1235,west1493,-1.5921184521290082,4.270732090838413
moke1242,aust1307,4.707170532970066,3.646902310549873
moki1238,aust1307,4.2373690576698175,5.287915661829903
mokl1243,aust1307,2.952266058308653,3.49537907791196
mokp1239,atla1278,3.4375636112683523,1.4068455947480345
moks1248,ural1272,-1.907573903241765,2.9030261864100098
molo1266,afro1255,5.170262643540034,1.9650754458264248
nucl1452,momb1255,-2.9177226555503104,7.137276993892659
fass1245,baib1250,-2.9814562172218846,6.812793725380679
mong1338,atla1278,3.886791677823548,2.62641148570496
mono1273,aust1307,2.9875915944663163,1.5937151573237571
mono1270,atla1278,4.242385718695905,2.0420507882002603
mono1275,utoa1244,-1.897212463190531,1.9004145375364343
nucl1458,monu1249,-3.836631216399981,8.132888453877332
monz1249,atla1278,4.658968944634422,2.1959453288993345
mopa1243,maya1287,4.188973804258995,4.413533822072774
mori1268,aust1307,5.488358821102273,2.962085360297145
morm1235,aust1307,2.419695075515224,1.41411244716355
moro1285,heib1242,3.301486966911063,5.085901694677895
mort1237,aust1307,6.230820942543737,4.646843109790847
mose1249,mose1249,-2.76005483599811,6.802173759191909
mota1237,aust1307,6.112313943167612,2.681400024085317
temb1272,atla1278,4.320719615404934,1.9800688005665488
motu1246,aust1307,-1.0232652251621608,0.7809973186255199
mouk1239,aust1307,2.8370560304740438,1.0085879304454792
moun1252,koia1260,-4.860220849540941,7.398084651656704
movi1243,movi1243,-1.5806093187552548,4.232827329038903
tang1347,aust1307,5.87594667267343,2.086261709945088
mpad1242,afro1255,4.644224122357652,2.38991101008158
mpii1239,sino1245,-0.9315766838276822,1.3869191741170823
mpot1240,atla1278,2.143803119345216,1.5468852434833948
mpur1239,mpur1239,1.5761483186886047,4.209297314914707
mual1241,aust1307,4.872218060437672,3.7362597571868346
mudu1242,aust1307,3.3450665764397582,1.3146627277756018
mudu1239,drav1251,-4.238921151777269,3.8282835738083474
mull1237,nort1547,-2.68206019836152,6.38559579053107
nucl1240,atla1278,3.729740225831105,1.8621190892652315
muna1247,aust1307,5.385092567135269,2.487270969943488
munc1235,sino1245,-1.933640156212158,1.505232081158404
mund1328,atla1278,4.726544142286101,1.423770412798028
mund1325,atla1278,5.879884283120342,2.123313556619383
mund1320,aust1305,-1.7248280401872984,1.5124808103408718
mund1326,atla1278,2.416095117988302,1.5763667635347538
mund1330,tupi1275,-5.39741474537192,6.980452396278345
abar1238,atla1278,4.701473250890815,1.415061613780633
murl1244,surm1244,0.9850643886993466,1.4382324716388553
murr1258,sout2772,1.3272688429098558,3.882745458287815
muru1274,huit1251,-5.028503225902411,7.518876972995775
muru1266,pama1250,-4.532384471510291,4.2793337508406
musg1254,afro1255,4.907637977113685,2.1273452946377027
muso1238,aust1307,1.3229051082536687,0.5796427914646074
muss1246,aust1307,3.8936802527073793,2.2845091103785435
muyu1244,aust1307,1.4787394268827732,1.2622085762438893
mwag1236,afro1255,4.649249064968691,2.0433593379783623
mwan1250,mand1469,-0.2162648588131139,1.052962669451201
mwan1247,atla1278,1.857588433330424,1.7480880082118908
mwer1248,atla1278,1.1044570788632762,1.2827560554676367
motl1237,aust1307,6.119147803163204,2.7531374693231747
naba1256,nucl1709,-3.517693151278036,1.4223301492667346
nade1244,nada1235,-4.185942484898178,5.68730391354431
sout2857,aust1307,3.9560053029933178,1.9200608390335567
naka1262,aust1307,5.326095532092388,1.3558377145227247
nali1244,aust1307,6.282994075309656,1.9247911453912288
nama1268,aust1307,4.116973945495164,2.114038098066434
litz1237,aust1307,4.00375053566016,1.923859504250512
namb1293,more1255,-3.9429698033018,6.076019586923104
nami1256,sepi1257,-2.1021004148420435,1.448517788369415
namu1246,sino1245,-2.0795621958292148,1.2338396221400352
nana1257,tung1282,-4.061016821136489,6.527950084992108
nand1266,nilo1247,4.6135008159362885,3.816138060841981
nang1262,aust1307,5.949540028655335,3.330562657398442
nant1250,araw1281,-2.751851894094981,2.0194858416311696
nara1262,nara1262,-2.901534421794028,7.174154933454222
naro1251,aust1307,4.24101131331419,2.480631106792828
nati1244,aust1307,5.911212898691972,1.9228379639902256
nati1243,atla1278,-0.0280581026616919,0.6240554661983815
natu1246,aust1307,5.946355469626934,3.3347676968704327
naue1237,aust1307,2.605342174527485,1.5294526339285994
naur1243,aust1307,6.125510122454379,5.844021672721517
nava1243,atha1245,-3.5100648774589787,5.547176966671341
nawu1242,atla1278,0.5871478460843176,0.9731600501514528
ncan1245,atla1278,4.774539742633039,1.4411038822462174
ndam1239,atla1278,1.4426254508001606,1.2318218410810786
ndob1238,atla1278,4.67267182580323,2.231384868632148
ndog1248,atla1278,4.124088136101706,2.333369126923351
ndom1245,kolo1268,-3.2759108476590577,5.353963285848344
ndun1249,atla1278,2.0615935296625683,1.693330244195046
nege1240,aust1307,5.5715529868818265,3.978087573980046
negi1245,tung1282,-4.132176467834375,6.612502211017452
neha1247,aust1307,3.991698628099175,1.8971051590737569
kuma1276,aust1307,1.749913265426076,1.8431090420981848
nenn1238,more1255,-3.9944458992165712,6.06609332337549
nend1239,nucl1709,-4.928429140397536,1.6081507161608783
neng1238,aust1307,5.146016878066719,2.7616126381855217
nucl1706,afro1255,3.1939729819855804,3.51828621645965
nepa1254,indo1319,-3.001222289638328,2.3756875093613594
nese1235,aust1307,5.908314271109506,1.979419139807355
vinm1237,aust1307,5.92490001711971,1.9232729979431011
ling1265,aust1307,5.959411934278191,1.921066387114834
nezp1238,saha1239,-2.46407871228212,5.384853151578035
ngaa1240,pama1250,-5.17849066766394,5.110820196160029
ngab1239,chib1249,-4.784312083194115,4.71580870577573
ngal1292,gunw1250,-1.2610523933159143,1.5892797777547187
ngam1268,cent2225,4.407563044665887,2.727306381960929
ngan1291,ural1272,-2.9818222053004577,5.533613166250408
ngan1295,gunw1250,-0.7590765364977188,1.3593956246771377
ngar1235,pama1250,-3.757983903997712,2.907900495639669
ngar1284,worr1236,-3.885152587929255,6.667561243314884
ngar1283,mirn1241,-4.01425462663626,6.645335066243703
ngas1240,afro1255,4.740882996714904,1.985772390312686
ngba1284,atla1278,4.713695428930152,2.3191616392155048
ngba1285,atla1278,4.569239898521614,2.1033487552078256
ngge1241,nucl1709,-3.7095025468520193,2.0833222883916065
ngit1239,cent2225,-0.8776314289236931,1.085817914508226
wang1291,pama1250,-4.597285011860989,4.634648811565482
ngom1268,atla1278,4.316905345161087,2.0914294734147703
ngul1236,aust1307,3.0683276289359087,3.9284174379201353
nhan1238,pama1250,-4.647409437356472,5.644120274263601
nhen1239,tupi1275,-4.524774683061517,5.046814329371768
nias1242,aust1307,4.314387252744391,4.438068296740365
niha1238,niha1238,-5.504497150404634,11.88067012375692
nila1242,atla1278,2.925629128171198,1.5756991780796028
nucl1633,nimb1257,-2.966600729016357,6.927914495525117
nina1238,yano1268,-4.190857897297604,7.395075075064815
labo1244,aust1307,5.901963008707135,1.925914378594616
nisg1240,tsim1258,1.4073082195008626,4.331848826579963
niua1240,aust1307,3.5100990207336995,5.276180131661988
niue1239,aust1307,3.5037661737110524,5.876298576782206
niva1238,mata1289,1.2928670997307998,4.01065373016287
njan1240,atla1278,4.9880551917367,1.6491874727636675
nkon1248,atla1278,1.144511362261337,0.7765817345347337
noct1238,sino1245,-3.585407790413181,1.360097253280241
noku1237,aust1307,5.848148297245055,2.3604147606959387
noma1263,araw1281,-3.5481109076462385,2.0989560343509237
noon1242,atla1278,3.668916034010487,2.4866067719166907
noon1243,atla1278,4.740428359615407,1.430766484219408
nopa1235,otom1299,5.52357511868774,4.300723476582165
nort2839,aust1307,6.079634452860482,1.9963466188281984
nort2697,turk1311,-3.3961589417473084,4.541764287559651
darg1241,nakh1245,-3.130367510274456,1.5579757375936405
nort2930,kiwa1251,-3.9913097504316495,7.559950042712671
nort2836,aust1307,3.958026647378981,2.135907290918734
nort2972,choc1280,-4.260897758424688,7.534614390413655
nort2702,drav1251,-4.993890458710309,4.144282321543093
gumu1244,gumu1250,1.5324954281534309,2.831046132949176
nort2938,haid1248,-3.2058451827958114,7.169620613242275
sing1264,sino1245,-3.528606278771079,1.371689393743626
nort2877,aust1307,1.9639323157162216,0.7711230211028592
nort2684,aust1305,4.038313475477434,2.3521984520126544
lush1252,sali1255,2.381919996464874,2.0836509247454416
nort2774,atla1278,3.913334810674182,1.7403943851043735
nort2954,utoa1244,-2.4890222290987896,2.446370554528084
nort2957,utoa1244,2.4008404112571897,1.7892970820068363
nort2723,sino1245,-2.316536103049853,1.2632210908523511
nort2747,hmon1336,2.730528858421109,3.1542203420818358
nort2722,sino1245,-3.0825274482773226,1.8431795761505008
nort2994,aust1307,4.132190461634972,2.8381697229887592
nort2885,aust1307,3.2048297388221405,1.4691077182449028
nort2959,utoa1244,-1.691182824888896,1.5515853849004737
tosk1239,indo1319,3.6074695167406094,3.8639479557091327
nort2732,sino1245,-1.1776275066820905,1.9861973417577128
nort2690,turk1311,-5.099609597333929,7.432480362705377
yoku1256,yoku1255,1.196928455897523,3.76546782214025
nort2745,yuka1259,1.411528792194313,4.683781197254202
nort3047,afro1255,5.125214241400602,1.9526030555790648
nort2980,quec1387,-3.0337692506607343,2.962225771615895
nort3139,afro1255,3.909684099168381,3.060696809142783
nort2845,aust1307,3.222674375359816,6.794860965774863
nort2671,ural1272,2.873856863770289,3.891649014514529
nort2942,atha1245,-3.891307896655172,8.337525829023722
nort2847,aust1307,5.728972105138896,2.66102779229
nort2961,algi1248,1.5728874699595852,2.68586546620147
nort2775,atla1278,5.222220302742583,2.461149787118238
yaki1237,saha1239,-3.109900418615311,6.044834890584136
nots1237,aust1307,4.406184563221502,1.8982532705756012
nsen1242,atla1278,1.739894408798653,1.8108815800411728
nuer1246,nilo1247,4.487303675936964,4.17836343553437
nukn1238,nucl1709,-3.60726141102694,1.425902922950268
nuku1260,aust1307,4.382700562166049,4.415316477251665
nung1282,sino1245,-2.5189159152366303,1.2225875228657517
nupe1254,atla1278,4.573719612641641,2.022376441793053
nuuc1236,waka1280,-2.3640437290530283,6.31643319912833
nyah1249,aust1305,3.5909082357780493,1.7793151369980291
nyah1250,aust1305,4.128590717769432,2.3380666950187177
nyak1260,atla1278,1.9826326706599124,1.2006137804533132
nyam1285,afro1255,4.999223998319735,2.009482387948271
nyan1301,pama1250,-4.856161070990808,3.72126147155844
nyan1307,atla1278,2.4954025176906303,1.5334079559589746
nyat1246,atla1278,2.8900781805626616,1.5296879937145924
nyig1240,nyul1248,-4.112164852343675,7.804271121464131
nyis1236,sino1245,-3.8104727231566073,1.4951194231999845
nyor1246,atla1278,2.4668781368229045,1.5184771676149469
nyun1247,pama1250,-4.742036868330141,6.755394435222589
nzad1234,atla1278,3.6418818271165616,2.9250553538846304
nzak1246,atla1278,5.446933589715352,2.3234455543339507
nzak1247,atla1278,1.8239980911440743,1.5964071241795388
obok1239,lake1255,-1.6484037313614075,4.300470393833933
obom1235,aust1307,2.907084041818541,1.1533424838033175
occi1239,indo1319,3.936713341188234,4.518606424876353
ocot1244,otom1299,5.512169580896032,4.047168032833179
oriy1255,indo1319,-2.8888723698362124,2.6510526848095566
ofay1240,nucl1710,-3.1918793270399024,5.773491385176342
kalm1243,mong1349,-2.7631721349646687,5.957454616648905
okan1243,sali1255,1.5002058324015235,1.872424536373547
okin1246,japo1237,-3.5265199414781407,5.509627346886941
okoe1238,atla1278,2.3963594026771045,1.6675006944099096
oksa1245,nucl1709,-4.150253949063834,1.9423793714882365
okuu1243,atla1278,4.687105686175928,1.4135443515654875
oloo1241,nucl1708,3.0067961833504704,1.4566664115922876
olut1240,mixe1284,0.4178298734953696,2.000231041596244
omah1247,siou1252,1.30224234169737,3.212163955373491
omie1241,koia1260,-4.778629467311756,7.50060108297351
onge1236,jara1244,-2.6653319225035275,7.366803539665632
bira1253,bira1253,-3.4729801232728086,7.784274122859616
orma1241,afro1255,1.271523699557189,1.4656288538309852
oroc1248,tung1282,-4.168232593362647,6.418122475595503
oroh1237,aust1307,5.385556516031355,2.3007408596386085
orok1265,tung1282,-4.041048216272751,7.271855083309857
orok1269,nucl1709,-5.379785015877051,1.963149449773688
orok1266,atla1278,3.4878687815357985,1.2830947452301515
orok1267,nucl1580,-2.596773519479486,5.788806677956515
orow1242,aust1307,4.460265546482181,1.9881248095628656
orya1242,toro1256,-2.9608812167099936,6.915171171961438
otor1240,heib1242,3.1981801005483,5.061059415332641
otta1242,algi1248,-1.1245969263027955,2.51496385089046
owaa1237,aust1307,5.348841480124208,2.703917478083575
paaa1242,afro1255,4.766080150821763,2.3861883446372083
darl1243,pama1250,-4.73654233241191,5.461928382997032
paam1238,aust1307,6.098830296974561,1.998065719971045
paas1238,atla1278,0.4137154632691628,0.8810420771777601
paco1243,aust1305,3.5573502391560154,1.903575766543902
paez1247,paez1247,-4.555243912430198,10.72454405234442
pagi1243,atla1278,3.9105818195480273,1.747023253268143
pagu1249,nort2923,0.8639662534488868,0.9586667219385524
pahn1237,hmon1336,2.612813232166236,2.832120582530166
pait1244,sino1245,-3.4470428062907903,1.241484067513177
pala1344,aust1307,4.835971100547744,3.7876476521085216
pali1279,araw1281,-2.794701049218635,4.6893878411269245
balu1257,aust1307,4.571578644287515,1.4264272855520872
pamb1243,atla1278,2.000608791766357,1.545257787957908
pamo1252,aust1307,5.309150551001558,2.952325366856492
pamp1243,aust1307,0.1163535247725917,0.8914647782832219
pana1305,utoa1244,-1.8487069607795,1.685654901238756
pana1307,nucl1710,-5.325583557297037,6.301381022779275
enap1235,cari1283,-4.309558119766415,7.171781883494772
pang1290,aust1307,1.861291736964769,0.8730847504227235
pang1291,aust1307,3.356730761195811,1.8670029152154333
pang1287,atla1278,2.06339830467726,1.2910300257691638
pano1254,pano1259,-3.814130327104421,3.0633852496662577
pany1241,pama1250,-4.886527559005325,4.194054149680218
papa1238,toto1251,2.4160075646152386,1.6836755476287273
papa1265,aust1307,3.336318572476223,1.5996997458912858
para1311,tupi1275,-3.083538944977124,5.504195264024018
para1302,sino1245,-3.6644523205654655,1.2763764164242914
pare1272,araw1281,-1.736474134169817,2.2750148054193744
pate1247,aust1307,1.0948216902276728,0.5521071621689906
patp1243,aust1307,4.421593679055683,1.7703827207919076
patt1248,sino1245,-4.495202447843526,3.5871851466939795
paul1238,aust1307,3.829541077376783,2.241576996033917
paun1241,araw1281,0.9745137196866192,1.4612982072206009
pawa1255,pawa1255,-3.638023532946457,7.948235160006503
pawn1254,cadd1255,1.2208130153825416,3.949954742934686
pech1241,chib1249,-3.1930742986471867,4.858696753228298
peer1241,atla1278,3.5632088763928813,1.8227007270463709
pela1242,sino1245,-1.551657692932058,1.0155358563411845
pemo1248,cari1283,-4.658969117011424,6.960134640982634
pend1242,aust1307,5.061789536412384,2.9921202518513965
peng1244,drav1251,-4.873256435173205,4.023906473833433
peri1253,mong1349,-3.240071423608889,6.582596912351431
phak1238,taik1256,1.5294920414668485,2.1030424552343767
phom1236,sino1245,-3.827074518727332,1.2716253070053227
piap1246,araw1281,-2.411307520909292,2.01756534514341
pila1245,guai1249,-2.3744740356167657,4.924721665241052
pima1248,utoa1244,-0.7088143064399304,1.4095297900689658
pina1252,piaw1238,-3.827363552153644,7.12741175489886
ping1243,aust1307,4.234988143384227,5.375169509061797
pipi1250,utoa1244,0.0240036677770412,1.9684227631730664
pite1240,ural1272,2.841303707554827,3.381396879852293
plai1258,algi1248,-1.207575527453086,2.303171143996796
plat1254,aust1307,2.652661220539346,3.6406093403973534
pnar1238,aust1305,1.726973267204372,1.3789766722386645
pohn1238,aust1307,4.251676891486486,5.169780569408012
poko1263,nilo1247,4.355375050446435,3.733601605218736
poli1260,indo1319,4.323250330303042,4.852740527507365
popt1235,maya1287,4.673925177740805,3.9903432873919513
port1285,aust1307,5.973209028301358,1.9248013680086409
port1283,indo1319,3.3605181023688955,5.129910030436918
phai1238,aust1305,4.222657864830635,1.835857992908796
pras1239,indo1319,0.5735595772146747,2.032167963984545
psik1239,afro1255,5.286124917973777,1.8972761101256808
puin1248,puin1248,-3.611301808977775,8.614527717792805
puka1242,aust1307,3.478307901503676,6.22762760141196
pula1263,atla1278,2.922306777316339,1.8990101635149728
pula1262,atla1278,2.41710479289252,1.5817344681362115
pulu1242,aust1307,3.929505517891142,4.429429073155907
puma1239,sino1245,-4.584692647485285,1.7603705170696244
pume1238,pume1238,-3.664919360133121,9.365001337842408
pura1257,pura1257,-3.911699785901353,8.38769805475381
pure1242,tara1323,2.129308850941001,5.6109536269518365
puri1258,sino1245,-4.209930929440208,3.5257591382212574
puyu1239,aust1307,-0.7912027143732991,0.7874769363898579
qawa1238,kawe1237,-2.230546779205117,6.611437709809472
qima1242,afro1255,0.1651922973898375,1.342085431752256
quer1236,otom1299,3.386603500418227,4.267718260234121
quio1240,otom1299,5.476979305580666,3.992930142064118
rabh1238,sino1245,-3.618701573323269,1.4900582701068783
rade1240,aust1307,4.041112122282615,2.622423177748121
raji1240,sino1245,-3.616909022234639,3.130056173049688
rama1270,chib1249,-4.0934330861055575,4.40416339269753
rapa1244,aust1307,2.68148276922791,6.366412407506438
rapo1238,nort2933,-2.150332069179716,3.762424140776183
rata1244,aust1307,3.134075489472101,2.553930467221964
reja1241,aust1307,4.621886701814629,2.8401135462203726
reng1252,aust1305,3.2849038196079583,1.8341235526915547
renn1242,aust1307,4.866505370635427,2.6544088845022245
rere1240,aust1307,5.931102660735223,1.9130238223388467
resi1247,araw1281,-2.847554643012284,2.11125852970347
reye1240,pano1259,-1.5442706458550337,1.9948373124561665
rian1263,kolo1268,-3.350703723850681,5.333207745357914
rikb1245,nucl1710,-4.870941109896982,6.493206573141933
rita1239,pama1250,-3.177607142985397,2.3914205066674867
beka1241,aust1307,4.67835609796837,3.827167869924283
roma1326,indo1319,4.089675722396725,4.424219541705815
romb1245,aust1307,1.8879147954539564,1.215087926774519
ronn1241,afro1255,2.7287545174640373,1.981439896424352
rong1266,sino1245,-3.673731827625974,1.133749874969773
rong1264,sino1245,-5.162119324440697,3.6806145819050182
roto1249,nort2933,-2.2315580178818863,3.761100390012978
rotu1241,aust1307,3.963815138437649,5.404250842445823
rovi1238,aust1307,2.8789822476779685,1.6154067136080563
ruch1235,aust1305,4.505454635423396,2.065310995497498
ruka1240,aust1307,-0.6736428973590252,0.7641340921024664
ruma1248,aust1305,3.559260731565387,2.000839307466439
rung1258,maba1274,-2.329202369393279,3.678250133139363
rung1259,aust1307,2.8980512871783253,1.3731353593253497
russ1264,mong1349,-3.8798409297915,7.815391257477446
russ1263,indo1319,1.4734644323567236,3.1798392179138624
rutu1240,nakh1245,-2.921108004437948,1.4844189350861292
saaa1241,aust1307,4.297044731927783,2.048537954998025
saaa1240,aust1307,5.395373806184986,2.273466584378312
saar1237,aust1307,1.8634659731179568,0.7690419678826288
saba1267,aust1307,3.815511916951733,1.8202907505763903
saba1268,namb1299,-3.442621620942437,6.696240821348422
saga1262,atla1278,2.6942660760098294,1.532323706103135
sais1237,aust1307,1.072232064988787,1.0221371092358176
yaku1245,turk1311,-5.195972651001513,10.264142308791572
saki1247,aust1307,0.110868626498779,0.8495561421646478
tsis1238,atla1278,4.640158391491198,2.178196046109573
samb1311,atla1278,3.710635345889148,1.753156194234819
samb1305,atla1278,3.702265586950647,1.76495888772304
samo1305,aust1307,5.476816853418011,5.825386181867552
wara1292,atla1278,-0.0537426265442582,0.6751275417832794
sana1295,afro1255,1.7092630366765682,2.936039767664848
sanb1242,chib1249,-5.497516007543187,5.433458797804462
sand1278,huav1256,3.245727334842017,7.940365032727906
sang1331,atla1278,0.7065175141174871,1.6179566391439977
sang1321,sino1245,-3.726684506546647,1.1944541988633155
sang1330,atla1278,2.039972642168583,1.179550309920156
sanm1301,otom1299,5.547097423552436,4.066416356788004
sanm1289,quec1387,-3.3025467051065336,3.6914127558137046
sanm1295,otom1299,3.680345811992239,3.991501191619124
sant1410,aust1305,-1.2844893634196055,1.4846164185353672
sant1451,otom1299,5.400612035066161,4.32336276100402
sant1436,otom1299,5.622162533304731,4.189778940717607
sanu1240,yano1268,-4.098578458631355,7.229868898346382
sapo1253,aust1307,5.402963987607194,1.672637061856019
sapu1248,aust1305,3.4318470967195145,1.734598023710216
sara1321,cent2225,3.335929291100519,2.644415959449841
sara1327,aust1307,3.460757162450669,1.6112459054967232
sars1236,atha1245,-3.619996440363482,5.650546164378987
sasa1249,aust1307,4.607408330731868,3.939262321522534
sata1237,aust1307,3.737411395752482,4.330406940512258
saur1249,drav1251,-3.77910178701762,4.047562373445766
savo1255,savo1255,-1.8490846905875948,4.771322418846358
saya1246,afro1255,2.927060666748879,1.9726496308041064
seda1262,aust1305,3.06617889054114,1.8079499867396895
taro1264,aust1307,2.279440974105559,0.8349542864744244
seim1238,aust1307,4.0351725762711625,2.0317470627819354
seke1241,aust1307,4.196704040354708,2.0572310389240407
sela1259,aust1307,3.073188917570798,2.3479612016245426
sela1260,aust1307,5.214595695207903,2.8628187203561346
sele1249,atla1278,1.4600496930809346,0.7708342143262712
sele1250,nucl1709,-3.510502277223749,1.492141799680912
selk1253,ural1272,-3.153264007560192,5.560464862102679
sema1266,aust1305,5.064066028650349,3.995179795768088
sema1265,aust1305,5.070003746949422,4.093195740771273
seme1247,aust1305,5.148790228030288,4.258412243875931
seng1281,aust1307,2.6557610474727147,1.1496496807792091
nucl1632,sent1261,-2.9420354005306133,6.864435056153859
sout1528,indo1319,3.4037013954802484,3.525592405626991
seri1257,seri1257,-2.334685798418597,6.2048121481756535
seve1240,algi1248,1.741875478393028,2.8251948636316087
shab1252,shab1252,-2.7700045556838697,6.56922428276706
sham1280,atla1278,2.835934845561664,1.4703278146441718
shan1283,pano1259,-4.177744293994237,3.113802959627108
shaw1249,algi1248,-1.525393512204021,2.847531984811596
shee1238,hmon1336,3.897200354800538,3.818661953375436
biao1253,taik1256,3.5487337878872958,2.701369693710572
shil1265,nilo1247,4.878769783053331,4.401964454244094
ship1254,pano1259,-4.471905081651006,3.4808691232685725
shix1238,sino1245,-2.5314228521805893,1.3231221706271512
shol1240,drav1251,-4.370289976713117,3.762467844453537
shon1251,atla1278,0.6916578136193905,1.4700286861523288
shor1247,turk1311,-5.722511062927604,9.441290037478378
shos1248,utoa1244,-2.5449579738164934,2.7688313393075745
shua1257,jiva1245,-5.144962786161157,9.96667948971304
shwe1236,aust1305,3.751525818109654,1.9141341063279604
siam1242,siam1242,-1.974784848267864,4.830140828400669
siar1238,aust1307,4.171791080792518,1.640794673648351
siaw1243,amto1249,-3.245348778999508,7.299669987674534
sich1238,sino1245,-2.2179862588005275,1.2826559617910789
sici1248,indo1319,3.8997692701959608,4.776009617039662
sici1249,atla1278,0.5085268900486692,0.7300177847617846
sida1246,afro1255,-2.737306734332372,1.3551010477764045
siee1239,aust1307,5.795837929033312,2.5639311007426926
sier1250,otom1299,5.48614446812768,3.984390582517904
sika1261,aust1307,3.805563797350968,2.833399187423641
siks1238,algi1248,-0.7476787324679446,1.953026975053984
siku1242,aust1307,4.038431182714689,4.352105167833219
simb1256,aust1307,4.662542372607168,1.617109115452518
sina1266,aust1307,-0.9179046685672316,0.7619123078224987
sioo1240,aust1307,1.6182312028516468,0.6914645807839683
sion1247,tuca1253,-6.017698294421308,6.639800942045175
siri1274,tuca1253,-4.691235410454666,4.672703288763687
siri1273,tupi1275,-3.612469175245491,4.701587545787872
sile1255,nucl1709,-5.088591388263375,1.5678926987214332
situ1238,sino1245,-3.013159460898666,1.6359710095008817
siwi1239,afro1255,2.9326710727638767,4.09976451900949
siwu1238,atla1278,1.4508072676464776,0.7725013345433958
skol1241,ural1272,2.5711918306139623,3.833798587456912
slov1268,indo1319,3.816394187575856,4.097857224542832
sooo1254,aust1305,3.950139546668816,2.0988999645751107
sobe1238,aust1307,1.7853012938605506,1.4687999013322184
soch1239,otom1299,5.43812295485145,4.010740182619252
soga1242,atla1278,2.8352579257101,1.6697038876529646
soli1239,atla1278,1.6025064080125222,1.57986611940715
soni1259,mand1469,-0.2725116799757208,1.6349100905959233
sons1242,aust1307,2.89300860374,3.049943557294057
sooo1256,kuli1252,3.2910515951218877,3.8421111994327184
mani1235,east1459,1.9093590639735003,3.386034798087479
koon1244,atla1278,4.137364487708605,3.350499222209649
sout2859,aust1307,6.14160703572175,2.003856521085652
sout2976,utoa1244,1.4826966981376335,1.6265949971760278
sout2856,aust1307,5.872376879543313,2.168829819629938
sout2954,japo1237,-3.4637862407114497,5.735212989426712
sout2996,ayma1253,-3.796464099858516,5.332206010527415
sout2730,sino1245,-1.0541324133570238,0.90185796265164
raro1241,aust1307,3.415999625289099,6.432087186382949
sout2741,taik1256,2.530995611411032,2.1816472163411262
sout2715,sino1245,-5.226581147152401,2.2820575323665544
sout2826,krua1234,-2.1086162570327684,5.587793105938061
sout3236,gumu1250,1.552208765212919,2.8108707623029936
sout2956,haid1248,-3.2777806334707864,7.164177771138169
kach1280,sino1245,-2.3854779689466925,1.2259082631097336
sout2949,kiwa1251,-3.982970184626893,7.832461784843414
sout2994,namb1299,-3.157889072943153,6.600278932503857
sout2649,indo1319,1.9995261613417104,2.9664780767782446
sout2729,sino1245,-2.252868051089668,1.2401933589196936
sout2728,sino1245,-2.885936298791071,1.770374184369583
sout2918,aust1307,3.838968635603777,2.021475452254865
sout2985,miwo1274,1.661181117242001,2.912065222578004
sout2807,atla1278,0.2188135677283262,1.8164841753846872
sout2797,atla1278,0.5510946016680176,0.6385328369600316
sout2679,ural1272,2.658677224903104,2.884763989256946
sout2782,atla1278,5.899216703731836,2.06063049972466
sout2674,ural1272,2.362741214662943,3.938114983796769
sout2959,atha1245,-3.882100630830464,7.5443718470675964
para1301,aust1305,3.9997273664459234,1.9463627840987776
sout3261,nakh1245,-3.097312929540546,1.5233151443227655
sout2869,aust1307,5.703513849653725,2.70869863705445
stan1318,afro1255,3.247091296309609,3.829352663055129
indo1316,aust1307,4.743155638548795,4.428816141495004
stan1306,aust1307,5.422189671697652,3.9355990073076734
horp1239,sino1245,-2.9828798173207187,1.578115863595599
suab1238,sout3418,-1.6632578166782246,4.373839900374776
suba1238,atla1278,3.069219948078846,1.702072399221283
sude1239,aust1307,1.5683683826241772,1.57845465433266
suku1272,afro1255,3.306810986548216,1.8790556824553484
sulk1246,sulk1246,1.687134909052712,4.381727774803538
sumi1235,sino1245,-3.7387299654609834,1.1984472755604545
sund1252,aust1307,2.7346546010495194,4.247624513056621
mari1426,aust1307,4.2167569090937365,2.299313279442398
sunw1242,sino1245,-4.847964472148169,1.9073233144030368
supy1237,atla1278,0.7073790146291925,1.0333727016090108
surg1248,ural1272,-3.421190610516234,5.733555326163945
surs1246,aust1307,4.370016917764314,1.7425275795907282
suru1262,tupi1275,-4.840699474927096,5.717456278615096
susu1250,mand1469,-0.3961005913753612,1.3042507591457344
swah1253,atla1278,1.8730821861197235,1.3359878105217255
swed1254,indo1319,5.817035271027192,5.609703341854969
taba1263,nort2923,0.4847365488469584,1.01024540134312
tabo1241,tabo1241,-3.79693844916272,8.4523046729026
tafi1243,atla1278,1.590723228237204,0.8797674008697349
taga1272,aust1307,3.155721817974946,1.1658673072141816
taga1273,aust1307,4.132869408793839,1.9319950496439875
taga1270,aust1307,1.2400356165698456,1.0600080262988811
tagi1241,sino1245,-3.871100433372487,1.6239630732622103
tagw1240,atla1278,-0.0942453574833559,1.043042297907988
taha1241,afro1255,3.5273971048545016,4.552308939780335
tahi1242,aust1307,3.367251086064087,6.491223491296807
taia1239,taia1239,0.3367575983922077,2.9013627377543827
taji1246,aust1307,5.103461312940246,2.988989163621177
taki1248,aust1307,-0.1935458072872611,0.7123136718849103
taku1257,aust1307,3.827011242620268,2.394187366184788
binu1244,aust1307,3.012631140315274,1.326758178978082
tali1259,aust1307,5.074590087059377,1.997662631571817
tama1331,tama1329,-1.6145483129465652,4.4719679037796
malo1243,aust1307,3.965733260085909,2.0213608866106867
tama1365,afro1255,2.4936415802590526,1.9535067083641628
tamb1254,aust1307,3.546166777953826,1.4999583788507422
tami1289,drav1251,-4.101903565843552,4.3403093726604585
tane1237,aust1307,6.053058122778137,3.285626600422617
tang1377,sino1245,-3.8149576111160113,1.8644295642344275
tang1348,aust1307,4.232841894485628,1.9147247446930715
tang1373,sino1245,-1.498415515935086,2.3377842872612256
tani1257,tuca1253,-4.728656163146448,4.81580263181943
tara1313,sino1245,-3.528361083656693,1.1651645312405954
tari1256,araw1281,-1.3466879192513843,1.458099561100898
tari1263,afro1255,3.236529485521394,4.731525817010915
tata1258,otom1299,5.571989224168159,4.261422593119827
tata1257,aust1307,3.736593361571332,1.7805742058076532
tata1255,turk1311,-4.604141888899706,5.711938915411071
taul1251,taul1250,1.8053098879271652,4.603611327505149
taus1253,taus1253,-4.979103560800928,10.944378885285506
taus1251,aust1307,3.736411606252707,1.826084653589344
tauy1241,nucl1709,-4.8276395205059455,1.5044538064227346
tawa1275,aust1307,0.0833450005314566,0.7436243281469608
tawa1286,afro1255,3.893240454669084,3.286443769539133
diga1241,sino1245,-3.4089320820869675,1.5912724548192116
taya1257,afro1255,3.9456430098685553,3.913143426353134
tbol1240,aust1307,3.031871728396565,1.2482434836619838
tean1237,aust1307,6.039372874536861,3.2742359319235383
teda1241,saha1256,-1.2999050570561426,2.4314449141307577
tedi1235,sino1245,-3.47174205799265,1.323312881790244
tega1236,rash1249,2.56620774218596,6.364243987779204
tehu1242,chon1288,-2.15808116132514,6.306533611815631
tekt1235,maya1287,4.721457228762378,4.073802487784084
tele1256,nucl1709,-4.147070078422395,1.9548474206947688
telu1262,drav1251,-4.821450911322623,4.225061907464546
temi1246,aust1305,5.00101681114922,3.879855856372661
temp1235,aust1307,3.1496470928122733,1.3719501849965925
teng1272,aust1307,4.744722447913156,4.322371258573647
tene1248,dogo1299,-2.7709038628833493,3.2360661446272267
tenn1246,surm1244,1.461794191440558,1.8757089553822477
teop1238,aust1307,5.374638288116253,1.662049829786131
tera1251,afro1255,5.187757219840217,2.1496760914793143
tere1279,araw1281,1.937319906110671,2.70458587390063
teri1250,chib1249,-4.655537347594,4.5286658316704855
term1237,aust1307,2.1976990350148338,1.9392478124575556
tern1247,nort2923,1.1135771522314832,1.0894491239628508
tete1251,utoa1244,2.693766847905122,2.0046847342055614
tetu1245,aust1307,2.008776099835738,1.304291904618136
tezo1238,otom1299,5.641346063345326,4.021403698759368
thad1238,sino1245,-3.4723426803797284,1.2276300352774996
thai1261,taik1256,3.8681891012493166,3.239519528363377
thak1245,sino1245,-5.349374368245274,2.75076828380395
than1259,sino1245,-4.953641636586529,2.4066478486340195
thao1240,aust1307,0.5048513420249203,0.7334221147350277
thar1283,atla1278,0.8183319169979884,1.4023298014669692
aheu1239,aust1305,4.078798993632442,2.175906228791561
thay1249,pama1250,-1.4253238880778425,1.470522492360903
thul1246,sino1245,-4.234091635040375,1.8165037451110777
tibe1272,sino1245,-3.875099309550359,2.115909084969868
ticu1245,ticu1244,0.3801177513268627,3.052810869992008
tido1248,nort2923,1.4174774934745118,1.3083496239571453
tief1242,atla1278,0.581554198638961,0.6213789347329062
tief1244,atla1278,0.5968162094804645,0.6419936044655827
tien1242,atla1278,4.354517533985598,2.9755880294390984
tiga1245,aust1307,4.236455230067745,1.971119477641487
tigo1236,atla1278,5.009078150339845,1.5665172245234975
tika1246,atla1278,4.981830839102054,1.6973764874696826
tiko1237,aust1307,6.274712645744102,3.427424904866488
tilu1238,sino1245,-4.768479194103566,1.8153507999251808
timn1235,atla1278,0.910506371469622,1.2321592771231984
tina1248,aust1307,1.981846135189004,0.9752428241443312
tira1254,heib1242,3.141714156909117,5.051371431462686
maee1241,aust1307,5.924062687731636,1.9645636782836144
tiri1258,aust1307,2.6570161941994224,1.9938058768371607
tiru1241,aust1307,2.857558230494238,1.1499737717347358
tita1241,aust1307,2.43858765156594,1.4250684036245644
tivv1240,atla1278,4.401762591293178,1.5182045091608884
tiwi1244,tiwi1244,1.0740806429855176,3.5237467035666974
toab1237,aust1307,5.404344773444985,2.07617784764701
toar1246,nucl1580,-4.64106931148488,6.004914084401616
toba1268,leng1261,1.2547552964315112,3.898947848887708
tobe1252,nort2923,1.00265057829723,1.0370453313619308
toda1252,drav1251,-4.307445171102248,3.734957202915561
toho1245,utoa1244,-2.783390092222192,2.394547603865103
tojo1241,maya1287,4.557253659209851,4.090218865670442
toke1240,aust1307,5.296376140150921,6.609120786832982
toll1241,jica1245,-1.7738778745802168,4.726711073377592
tolo1255,aust1307,5.853342713368972,2.237008512832979
toma1245,mand1469,0.4688156511315879,1.0530674906299249
tomb1244,aust1307,3.125532194935148,1.3411884950474615
tomm1242,dogo1299,-2.643647776261476,3.2232903872878573
tond1249,song1307,2.3788839692545043,3.1927206076036363
tong1325,aust1307,5.218384472708428,6.741857229263973
tong1318,atla1278,1.4063633108194222,1.4497832265622108
tora1259,aust1307,3.240566993412921,1.579466328944683
toto1302,sino1245,-3.6038431625373786,1.7421487883007707
touo1238,touo1238,-2.035265516605297,5.098454092733064
trin1274,araw1281,1.301686222611229,1.6527855176456434
trio1238,cari1283,-4.920042261286142,7.583029983292995
trum1247,trum1247,-3.927657656693012,9.83466297989566
colo1256,barb1265,-4.88605023949373,10.526093023547036
tsam1247,afro1255,-0.6306998566288085,1.0041947404263212
tsat1238,aust1307,2.6274935720397705,2.6722956683265195
dido1241,nakh1245,-2.4870735568202464,1.2001119926923458
tsha1245,sino1245,-3.8023449013881736,1.658104374569156
tsix1234,khoe1240,-0.7193343021083194,2.285257126717813
tsog1243,atla1278,4.256441558116106,3.2130022262356697
tson1249,atla1278,0.310422724987762,1.5063901719885315
tsou1248,aust1307,1.6090306673618364,0.7598194006752053
tswa1255,atla1278,0.7168851778430672,1.5538449137754178
tswa1253,atla1278,2.3150998131163973,2.0959505858455287
tuba1278,utoa1244,0.3000351860018111,1.5258733528495938
tuca1252,tuca1253,-4.295387642791217,4.621712527724654
tuge1241,nilo1247,4.621457307817862,3.842095557840192
tugu1245,aust1307,2.8452916686353573,1.643712656012891
tuka1248,aust1307,5.392187847577221,2.431547677869556
tuki1240,atla1278,4.572768309798649,1.7733181101132978
tula1252,atla1278,5.817201537916754,2.033192808023493
tulu1258,drav1251,-4.290262180861932,4.0405864137277
nene1249,ural1272,-3.3024417650056628,5.801488548101537
tune1261,atla1278,4.233097728575134,1.4973306742419616
tung1290,aust1307,4.018579015270236,1.985767597634041
tunn1238,afro1255,-2.322320032495644,2.9525611296549243
turk1308,nilo1247,1.2230035302934803,2.772902021650033
turk1303,turk1311,-3.0021348483057078,5.319760272051138
nucl1301,turk1311,-2.527571366107179,4.383086867341575
turk1304,turk1311,-3.8349843914955417,6.802391068654787
tusc1257,iroq1247,-3.5382704180842843,7.118509409249349
tutu1241,aust1307,5.962954482728971,2.048924670307013
tuva1244,aust1307,3.974940129139611,6.2651823931181365
tuwa1243,aust1307,1.5677532159740788,0.6741493789698012
tuwu1238,atla1278,1.426594154190394,0.8073488388302756
uuuu1243,aust1305,3.618139672513025,1.600247071167466
udii1243,nakh1245,-2.8806038016189675,1.775493303028398
udih1248,tung1282,-4.068312597033495,6.643928243399367
uduk1239,koma1264,2.2927335764704164,3.969809868129296
ughe1237,aust1307,4.724607659389482,1.6476914900238455
ugon1239,sino1245,-1.1919696054836628,1.996554176380986
ukra1253,indo1319,3.7858125089457264,5.052110014790594
ulch1241,tung1282,-4.161196402978549,6.459302281350711
ulit1238,aust1307,5.047385259800632,4.604609755077668
ulwa1239,misu1242,-3.147016838220164,5.047082489791359
yaul1241,kera1258,-4.215482265244025,5.214337909580255
umaa1242,aust1307,3.343973999804996,2.977978117289929
uman1240,daga1274,-4.28010456846825,8.680322997459255
umbu1257,atla1278,3.4197828746124763,3.969121859472038
umbu1258,nucl1709,-4.391415149077011,1.7722880657938802
umes1235,ural1272,2.9522641114548938,3.4034216722204143
unaa1239,nucl1709,-4.034135091772773,2.061801363246857
unea1237,aust1307,5.062821731585214,1.219117882941923
unua1237,aust1307,5.97865954767851,1.9158497847714069
uppe1427,aust1307,3.677759518306521,1.5261932513538063
uppe1275,toto1251,2.525084145492352,1.651660417104818
urak1238,aust1307,5.041424448994679,3.616294666123739
urar1246,urar1246,-4.979911992144775,10.971236917256444
urav1235,aust1307,5.806966713204761,2.52445232001282
urim1252,nucl1708,2.9237729371893497,1.2690142253706114
urip1239,aust1307,5.941788728973329,1.953860606332384
usan1239,nucl1709,-5.148252572156688,1.5783635223619186
utes1238,utoa1244,-2.5355040254804675,2.973001717521836
kagf1238,atla1278,4.613467834684992,2.510015372501208
pile1238,aust1307,4.12252736572812,3.4577508707822204
veps1250,ural1272,1.9018407305317493,2.7116521689090014
vera1241,aust1307,6.070429441800326,2.632598977421967
viem1243,atla1278,1.928616579739039,0.8976241917946375
viet1252,aust1305,2.3070150362384805,2.1096435735074444
voti1245,ural1272,2.897636610979463,2.664639440179073
vunj1238,atla1278,3.046050741254257,1.5363981418839785
vure1239,aust1307,4.1765391574902,2.609704692614642
vwan1235,atla1278,0.1068092783687579,1.0353173051850213
wadj1254,wadj1254,-2.5566079898943324,6.118545297303928
wage1238,wage1238,-2.747960445002028,6.579361826858978
waig1244,aust1307,3.716350580128029,2.0857155100789235
waim1251,aust1307,-0.903995274329468,0.7637268479399815
waim1252,aust1307,2.572387819430152,1.431462678958752
waim1253,cari1283,-4.612617512574011,7.318387327451974
waiw1244,cari1283,-4.828688270507112,7.001582555494917
waja1257,pama1250,-2.9449869157203272,4.933988207741624
waka1274,pama1250,-3.969770395091966,4.651063231534463
wala1266,aust1307,5.3616024351819,2.036529463499143
walm1241,pama1250,-4.805440409638773,3.80565444299754
wamb1258,mirn1241,-3.9794222783327946,6.807856016489531
wamb1257,sino1245,-4.819080683514203,1.804429255335208
wann1242,mand1469,-0.2884674269160283,1.0536898650303996
wand1278,afro1255,5.151311146592519,1.9880644531636449
wand1267,aust1307,3.324830828081388,1.57690854739063
wanm1242,pama1250,-5.028041507494869,4.25363071208101
saka1289,aust1307,5.947192993329409,2.224138954522584
waor1240,waor1240,-4.975162849185108,10.964050618606231
wapi1253,araw1281,-2.810655130875775,3.34254340221694
wara1303,wara1303,-3.9312093689247662,10.758898414619672
wara1300,aust1307,2.20513962274162,1.58088757025914
ward1246,yang1287,-3.2319146880127523,7.821102740685491
ware1255,araw1281,-1.8903200191725729,1.497127343325932
ware1253,aust1307,2.2003980010064828,1.4777093303145818
wari1268,chap1271,1.2428216313617055,3.818141306748055
warj1242,aust1305,1.6972193063397814,1.39643394480348
warl1254,pama1250,-4.780946966049054,3.7765213490730414
warl1256,pama1250,-2.7867982877462305,3.0889387858199058
waro1242,aust1307,2.2779882963426346,1.369497044713146
warr1255,pama1250,-2.795196422096936,2.531937399188248
waru1265,pama1250,-4.8305781917691615,3.356538098707784
wash1253,wash1253,-2.2348317366010875,5.661277847807352
wask1241,nucl1709,-4.88164391305472,1.673058533432691
waur1244,araw1281,-2.447153086050037,2.7228941173423067
wawa1246,atla1278,3.2002649759660398,1.702472109009431
waya1269,cari1283,-4.898984920871492,7.871258974724185
wayu1241,sino1245,-4.8908376164406295,1.89241746063896
wayu1243,araw1281,0.695356231657072,2.3868918801944297
wels1247,indo1319,5.435240219785596,5.97113318563529
nort2864,aust1307,3.8463926742770713,2.2275047769052847
weri1253,kuni1270,-3.8721176314759393,6.692434241343323
west2564,aust1307,4.282252302624521,2.3921848648606705
west2560,aust1307,3.419258720524237,1.5156915216442712
west2548,aust1307,3.162104897206582,2.095389813186177
west2615,atha1245,-3.608311744821069,5.6124866033230525
west2441,pama1250,-3.338003677499514,3.764140109903014
west2397,aust1305,3.954626440488089,2.1128515310458877
west2555,aust1307,2.839660851753125,1.178040851757821
west2618,eski1264,-2.0153208192203813,5.037901049813991
west2650,aust1307,4.5515265464881685,3.195555103684484
west2594,nucl1709,-3.509194515747282,2.0998721024157057
west2778,utoa1244,1.5047719851866512,1.6294052383118256
west2369,indo1319,4.360606346383181,4.9637243034113485
west2519,aust1307,3.9400903802978178,5.482192473267395
west2354,indo1319,4.307360713427261,5.298845925714376
west2644,otom1299,5.639036452182221,4.246155295770565
west2466,atla1278,0.3784563931159499,0.625832980166706
west2632,kere1287,-1.5479328205344782,4.376918040764078
west2396,aust1305,4.710778137143814,1.865915783350424
west2418,sino1245,-5.37676347647018,2.6767412098535
west2392,ural1272,-2.348422122143808,2.7531795707400306
west2763,afro1255,2.01158149248458,2.867361737760408
west2386,indo1319,-2.2947043339236264,2.381293489008243
west2557,aust1307,3.0819744949159595,1.6069729320640036
west2415,sino1245,-5.115081419086708,2.209680653855358
sanj1284,otom1299,5.4885538725911855,4.016439213540208
west2430,hmon1336,2.8559878201777824,3.3582878619530554
west2599,nucl1709,-4.368113721958345,1.8579478175358624
west2600,nort2923,1.2975595756393954,1.1059040073686717
saka1291,aust1307,3.310496488971829,3.785142532608493
west2516,aust1307,4.94707976961693,2.0859773338089163
whit1269,aust1307,3.8127775494516856,2.681579245347727
wikm1247,pama1250,-1.2589764675679078,1.3787164184188505
wiru1244,wiru1244,-3.5974561127353044,7.9250079860016385
babi1235,atha1245,-4.150893499421869,6.472111880075618
woii1237,aust1307,2.9362129632818377,1.5267721937686467
wola1253,afro1255,-2.214754987004904,1.3619764183636285
wola1242,gong1255,-3.3395377529151933,1.777678458506294
wole1240,aust1307,5.355238517849073,4.526620424299493
woli1241,aust1307,3.439766457545944,2.458052226216818
nucl1347,atla1278,1.726627364194445,2.056115997512609
wood1236,algi1248,1.1672143931544785,2.7709712490979754
wotu1240,aust1307,5.382124669446018,2.99035506803806
woun1238,choc1280,-4.000976296953016,7.72575386062136
wuch1236,sino1245,0.5614679707110493,2.104566034244524
wudi1238,sino1245,-2.105632391304772,1.10831547115043
wuna1249,worr1236,-3.480306941764248,6.330302659580712
wusa1235,sino1245,-2.065221700614146,1.1287285382515932
wutu1241,sino1245,-3.5485832744454227,2.6117000243886856
wuvu1239,aust1307,3.630426243594628,1.7742635235830448
xamt1239,afro1255,-1.2450686267267908,1.2793252292910822
xara1244,aust1307,2.7313287708294283,1.98891470445372
xava1240,nucl1710,-4.866940887372641,5.925519416493769
xhos1239,atla1278,1.1198688478883083,2.2748299452401106
xish1235,sino1245,-1.657462294819863,0.9203511579582262
xokl1240,nucl1710,-3.5668507582129205,7.276716615034653
yaak1241,afro1255,2.085499465380477,1.63265427213992
yabe1254,aust1307,1.650511633732175,0.7923399193366016
yaey1239,japo1237,-4.113628071127206,5.247546880345416
yaga1260,nucl1709,-4.483529743656648,1.5846284065753338
yagu1244,peba1241,-4.247203203967485,9.79828019426208
yaka1272,atla1278,4.8243648262627294,2.447216506444746
yaka1277,aust1307,3.2636370603834406,1.7185796973349632
yakk1236,sino1245,-4.044165322670443,1.7798993065230349
yako1252,atla1278,3.773719819412797,1.716213784657416
yale1246,yale1246,-1.9679569450854957,4.78983843873387
yama1264,yama1264,1.3375979828762796,4.441813223101473
yami1254,aust1307,0.9220940463342924,1.0699693574973566
yami1256,pano1259,-3.600557913354419,2.7946718835499667
yamp1242,sino1245,-4.415855100561966,1.8593541553927475
yand1253,pama1250,-2.9823313664036317,4.117236547181724
yane1238,araw1281,-3.902316158650029,2.2272726013351445
yank1247,pama1250,-5.214357635363387,4.493137691887645
yano1262,yano1268,-4.1594523656767874,7.268603990988231
yano1261,yano1268,-3.7546564104297313,6.909905923501944
yany1243,pama1250,-3.748383667589832,2.654034993336758
yaoo1241,atla1278,2.132665520122303,1.9365572067451888
yape1248,aust1307,4.982113571514754,4.340882404218068
yaqu1251,utoa1244,-2.55274481703682,2.12921433291794
yare1248,yare1250,-4.662715637935721,9.071850363113729
yasa1242,atla1278,4.151153954557484,2.306492921869026
yatz1235,otom1299,5.427870215775245,4.027026054260391
yaum1237,nucl1709,-1.805729569172828,1.358701531357628
nucl1454,yawa1259,-1.2600714951790313,3.718079803462066
yawa1261,araw1281,-2.584400538780188,2.8123160251312065
yawu1244,nyul1248,-4.075454563861202,7.727543488890037
yecu1235,toto1251,0.6854706008046927,1.6085169568617914
maqu1238,cari1283,-4.401309204358597,6.691460753799882
yele1255,yele1255,-2.5837529053712665,6.367374102578252
yems1235,gong1255,-2.900222985325438,1.785918842613512
yapu1240,nucl1708,1.0798339241211,1.2522166077268793
yess1239,sepi1257,-1.7413464044220694,1.3919871723981032
yidi1250,pama1250,-2.2192156463876627,2.026393260827593
yima1243,lowe1423,-3.464722105359624,7.654228549308701
yinc1238,aust1305,5.34124900380652,1.8048702772454348
yind1247,pama1250,-4.65192483968225,4.024373778313487
yine1238,araw1281,-3.409670645087901,2.0387011658487677
yoga1237,aust1307,2.215707559126206,0.8365736705082227
yona1241,japo1237,-4.023811175332723,5.165553329273852
yong1276,taik1256,4.332158676113663,2.609774279315559
yong1280,nucl1709,-4.183837187110076,2.2305518818387853
yora1241,pano1259,-3.466425216523459,2.7123512320899934
youl1235,sino1245,-1.6213078049020084,0.9177728181556652
youn1235,hmon1336,3.7029662056837065,3.373404060978327
yuca1254,maya1287,3.807772700698514,5.1940934911706975
yuch1247,yuch1247,-2.862628922496026,8.002752324713258
yucu1253,araw1281,-2.575728462258203,1.9649558497512736
yuec1235,sino1245,0.5859556012103684,1.7477680241570432
yulp1239,pama1250,-2.8099982269909978,3.104941093116306
yulu1243,cent2225,2.87618503080855,2.298116373135688
yura1255,yura1255,-2.4258944889197265,6.073806070648935
gami1243,pama1250,-2.4945516031326944,4.069548824590308
zaba1237,aust1307,5.176439104869888,1.8854184838137904
zaca1242,otom1299,5.541663453652171,4.327705060811226
zaca1241,utoa1244,2.474492394995081,1.781912213754623
zaiw1241,sino1245,-1.044922170521876,0.99876323758917
zakh1243,sino1245,-3.2924317666982064,1.5152687985781768
zamb1245,atla1278,4.633081906556351,2.283603211852462
zand1248,atla1278,2.0374386774292814,1.6445840414783677
zani1235,otom1299,5.551515554385219,4.082775574990405
zapa1253,zapa1251,-5.054411405892388,10.33426565830532
zarm1239,song1307,3.331261838549284,4.63998603300308
zays1235,gong1255,-3.3081988158385225,1.715739420724379
zeme1240,sino1245,-3.6603532791206552,1.1597219805254042
zenz1235,otom1299,5.583605736998768,4.152637894033527
zhab1238,sino1245,-2.962009505982633,1.6799099232623504
nort2795,atla1278,1.58426287067952,1.5960842143996778
zinz1238,atla1278,2.3582375706232908,1.6743599328772802
zoog1238,otom1299,5.440269822924382,4.01491806541552
zulg1242,afro1255,5.203208575791652,1.9317686044983304
zuni1245,zuni1245,0.8613985651208322,3.4007174908588524
