Glottocode,Family_ID,GPGLMM_Latent_Mean,GPGLMM_Latent_Variance
abad1241,aust1307,1.848616137002021,0.3651126315292439
abau1245,sepi1257,0.1062638589030395,0.4686988637431453
abee1242,atla1278,1.4016324035617471,0.6531579703392287
aben1249,aust1307,0.6459360330670139,0.3218102384563672
abkh1244,abkh1242,4.754239757162482,2.376847264198818
abua1245,nucl1708,0.8489173690578942,0.501632529417976
abui1241,timo1261,-0.4053826665570978,0.5930184554550677
abun1252,abun1252,1.212088203713191,1.0050514277026492
achi1257,aust1307,0.6012917887003506,0.6276411603737366
acha1250,araw1281,2.877747945090136,0.967075431349032
ache1246,tupi1275,0.3851833445600614,0.8364590758823303
ache1245,narr1279,2.6792421721988178,1.0760842542485751
achi1256,maya1287,2.781144278687657,0.9292183116725165
achu1248,jiva1245,2.786454500939448,1.1787435803959556
achu1247,pala1350,3.83057749116443,2.074449363428025
acol1236,nilo1247,2.742049770241557,0.9568265045362369
adan1251,timo1261,-0.3615186444095468,0.5673402204281786
adny1235,pama1250,1.0746145443055224,0.7407418199584539
adon1237,aust1307,1.0852671085073362,0.3849410589775099
adze1240,aust1307,1.7536281200789794,0.309942643075535
aeky1238,kamu1264,0.3877901994931987,0.763183950350804
afad1236,afro1255,2.4279705125098383,0.4687312817538913
afar1241,afro1255,3.268499774864301,1.187879477610858
aghe1239,atla1278,2.3404883192704062,0.32189381375973
aghu1255,nucl1709,0.4105087004706265,0.3829825241862377
agob1244,paho1240,1.060732141523711,0.8223217191526562
agua1253,jiva1245,2.9591922500036616,1.3250432384611797
agus1235,aust1307,0.1330336431998242,0.3905167251119588
agut1237,aust1307,0.0062609973321827,0.4250168352406622
ahin1234,aust1307,0.5321503077453009,0.2689684145853297
aika1237,aika1237,1.2944916829602846,1.1393268505898213
aime1238,bosa1245,0.6157252813981504,0.7395838236076067
musa1266,nucl1709,0.7578409616510879,0.2533534375078026
aito1238,taik1256,1.109672789017888,0.6493220916390885
ayiw1239,aust1307,1.90222739508984,0.5616240480964589
ajab1235,atla1278,-0.2210650753701546,0.4494298594625587
ajas1235,kres1240,1.5163095194835017,1.0120124771941246
ajie1238,aust1307,2.5105503399922773,0.5719177514158198
ajyi1238,araw1281,3.719388613782205,1.0628418236521382
akan1250,atla1278,1.825878613864688,0.5679114150149212
west2635,maya1287,2.943167551724036,0.8892583321125325
akei1237,aust1307,2.429304195720928,0.364125344653563
akha1245,sino1245,-2.1106303128042425,0.4192886464140364
akoo1248,atla1278,2.6200378713098686,0.392979718296214
akun1241,tupi1275,1.30408940045286,0.6992232392493829
alab1254,afro1255,2.62621089656003,0.6765773870100973
alab1237,musk1252,3.822534980646799,2.015019307648544
alac1244,otom1299,1.8538193856271807,0.4842452480410535
alag1248,afro1255,2.5355603628345844,0.6593826413942088
alam1246,sepi1257,0.1758350396942276,0.46910773286218
aleu1260,eski1264,3.087695095959589,3.1279189048392526
alor1247,aust1307,0.8749524047100214,0.3743442999194584
aluk1238,drav1251,3.991048482963971,1.4169119125554843
alya1239,pama1250,1.2748884601996386,0.6121736811149558
amah1246,pano1259,2.676652441996747,0.8803174218536256
amam1246,kuni1270,1.8618363888514469,0.7335422236493021
amap1240,left1242,1.0421274732592032,0.8419240598031013
amar1272,aust1307,2.0421826030850987,0.3506918764836939
amar1274,hara1260,2.829419475930982,1.416364795591817
amas1236,nyim1244,0.0141993011872045,1.051965198254456
ambu1247,nduu1242,0.3849437588042139,0.5962139265005653
amdo1237,sino1245,2.2198680437523164,0.760678717023584
amha1245,afro1255,3.164683372777875,0.993583259240638
amii1238,west2434,0.8894863557122594,0.7389514246311837
amis1246,aust1307,-0.0258569902432213,0.3488944738607884
hoaa1235,kxaa1236,2.993618994038322,1.8046408265302645
amri1238,sino1245,1.911885588647684,0.3890102967137712
gily1242,nivk1234,3.468602196570344,2.5347119181126745
ando1256,ando1256,2.551682028476368,1.2517514542301638
anei1239,aust1307,2.4856581887385296,0.6147039027236407
anem1249,anem1249,0.8272317557917757,0.8999917982388128
anfi1235,gong1255,1.7652836992573435,0.7207275514150107
anga1290,anga1289,1.5352915084182426,0.7553050733311268
anga1288,sino1245,1.9052066479494727,0.3108454275666834
ango1257,chib1249,1.581293839353351,0.7703019439928629
anin1240,gunw1250,1.790983082515145,0.9468431234553868
wara1294,more1255,0.852988281977912,0.6136891225194296
anta1255,aust1307,2.4955898069666413,1.4897326967748885
anua1242,nilo1247,2.583278490822863,0.932318884694408
anuf1239,atla1278,2.0364116112809705,0.5617442862959576
anuu1241,sino1245,1.1461157250411576,0.4357931698523454
anut1237,aust1307,1.045460547043569,0.627675346473493
aona1235,sino1245,1.8405929268792836,0.3161585322791622
aoua1234,taik1256,-0.4916856723567404,0.5938396883567134
apat1240,sino1245,1.7058715854575466,0.3488348797798912
apin1244,nucl1710,2.432076861438442,1.3180412158194783
apma1240,aust1307,2.099969051481958,0.3296819034404832
apma1241,kera1258,0.5610523537678147,0.7252113411227281
apur1254,araw1281,2.964432002025535,1.0138326440421768
arak1252,aust1307,2.408848298793548,0.347222502563882
aram1253,more1255,0.7897742162357622,0.6217702430998355
arao1248,pano1259,2.0440125745537743,0.8173478892143486
arap1274,algi1248,4.362272770782624,2.1066355047795198
araw1273,tupi1275,1.8765460103233036,1.152320871981714
arbo1245,afro1255,2.38869087953316,0.5988439511773374
arch1244,nakh1245,4.897017794299075,1.9629640767900012
aree1239,aust1307,1.6561915110624128,0.3546034909503635
area1240,aust1307,2.5268914296323093,0.4941455762984987
argo1244,afro1255,3.113213624654553,0.9572581093562836
arhu1242,chib1249,1.0089445080708122,0.6536506662257229
arig1246,atla1278,0.1900376284409517,0.4418746268213089
arik1265,nucl1710,2.407297256573816,0.9553401670280643
arom1237,indo1319,4.846205232136709,2.1228963970261585
arop1243,aust1307,1.925886537866069,0.3315916602351629
arop1242,aust1307,1.4575174489031009,0.3519068777118761
aros1241,aust1307,2.5736472603640133,0.5346258353532978
arta1239,aust1307,0.5521540761864001,0.2873717977084196
asha1243,araw1281,3.574647389225853,1.1008349538434177
ashe1272,araw1281,3.681164660918248,1.110394030992805
asoa1238,cent2225,1.4779258314132333,0.6225035861713293
assi1247,siou1252,4.183820014318906,2.3740488127473203
asur1254,aust1305,2.5252033679332904,0.8044233646719183
asut1235,atla1278,2.290142530096193,0.5752713721524256
atam1240,aust1307,-0.0558435577960465,0.3329909405884184
atay1247,aust1307,0.3014517328609494,0.4010801978477589
athp1241,sino1245,2.639104643707918,0.4582659129861683
atii1237,aust1307,-0.2207529404265544,0.3779142185217181
aton1241,sino1245,2.043452546511621,0.4329241609503613
auuu1241,nucl1708,0.8427168125108278,0.5029887102983865
aulu1238,aust1307,2.2665637018942992,0.3148250221492943
auye1238,nucl1709,0.5677891578676091,0.4371615576526007
avac1239,tupi1275,1.6826103837479924,1.149278593650159
avat1244,atla1278,2.042433105323939,0.4729320658145681
katb1237,aust1307,2.285823552894747,0.3111776316425394
avok1242,cent2225,1.470539000395717,0.5217746114796387
awac1239,barb1265,0.9825672838659764,0.8130000987899106
awad1244,aust1307,1.7482494795156671,0.3186512977080111
awad1243,indo1319,3.5135348762828484,1.1850173938353672
awap1236,nucl1709,0.7451918962246191,0.2728418736657056
awar1249,ramu1234,1.1056980201984885,0.8693922875381186
awar1248,nucl1709,0.902896646273732,0.2698126439589519
awet1244,tupi1275,1.6308718611333994,0.8398860292857653
awji1241,afro1255,3.845370476253648,1.8047892103265013
awtu1239,sepi1257,0.1170728775640044,0.4465347455262685
axam1237,aust1307,2.180143246742437,0.3151493680978738
axiy1235,sino1245,-0.5636867216674233,0.4567995299084515
ayac1239,quec1387,3.2302304594965365,1.415566853478786
azha1235,sino1245,-2.460226769374052,0.5046912048350936
baba1264,atla1278,2.3991805035288247,0.3289065424137485
baba1266,atla1278,2.4175575407688066,0.330326000099832
baba1268,aust1307,1.783193233925142,0.4223697175647589
bada1257,drav1251,3.99254197742913,1.4267579099425514
bafa1247,atla1278,2.589497245938561,0.4224299910061635
bafi1243,atla1278,2.7135232311129105,0.4124307221002969
bafu1246,atla1278,0.5114522044641173,0.3076469069663461
baga1273,atla1278,3.1087115465574966,0.9133646233094316
baga1272,atla1278,3.18367498596467,0.9404621112452776
bagi1246,cent2225,1.3861983185525046,0.6286859612304134
bagv1239,nakh1245,4.862971339968556,1.9504626952955968
baha1259,afro1255,4.36140387340398,2.015646457574329
bahi1252,sino1245,2.908574848068629,0.4849923724068121
bahn1262,aust1305,-4.406019267045747,0.6701329183183198
baik1238,aust1307,0.7127283231047925,0.3911282784009398
baim1244,sino1245,1.515262267726909,0.6477693203922619
baka1272,atla1278,3.026007729503202,0.6426518417358684
baka1274,cent2225,1.4399890152183596,0.5348135751909555
baki1244,aust1307,2.306028024419573,0.3451987845774229
bala1316,aust1307,2.5775569458114145,0.6343519695558086
bala1311,aust1307,0.0840239157393916,0.4225157917023137
bala1315,aust1307,1.1501715780527717,0.5025484858391875
bali1278,aust1307,0.5895215968517342,0.6060834764667788
liki1240,atla1278,3.279484992531917,0.6258750057883744
bamb1270,aust1307,1.337503393393322,0.4958878751623827
bamb1269,mand1469,2.642771969011644,0.9716782095193914
bamb1262,maoo1243,2.4527327959224303,1.1026953987925348
bamb1266,atla1278,0.5218283122418899,0.3071527038536885
bamu1253,atla1278,2.550412772188803,0.3694029595981414
bamw1238,atla1278,3.242861855893376,0.6053737844962637
bana1288,aust1307,0.7049370593881883,0.2866404999742018
band1344,atla1278,2.4888497419567277,0.5852486092684956
band1340,atla1278,3.3644220799811206,1.0866078270898356
bang1363,bang1363,3.1328016532763723,1.444338351718315
bang1369,sino1245,0.0059143777969641,0.385442820322369
guar1293,araw1281,3.4385954948491158,0.9648078907200855
bani1255,araw1281,3.4038626714191538,0.9416688350305004
bank1256,atla1278,2.693225163712508,0.4288191887472834
bann1247,aust1307,1.626585315659114,0.3933667652185595
bant1281,sino1245,2.677614741304265,0.4630188505247363
bant1288,aust1307,-0.1909453815463608,0.3693855740673655
bara1357,sino1245,3.1325661505913014,0.5943898926402134
nucl1630,koia1260,1.3299999092545398,0.5932295345665102
bare1279,afro1255,2.2733996941968084,0.5807753916456946
bara1369,aust1307,2.1131783543353446,1.461914618477869
bara1361,atla1278,2.354817582487463,0.5664606696116103
bara1370,aust1307,-2.144978671776552,0.4542926504957671
bara1380,tuca1253,2.2909592927387337,0.8589629536417749
bard1255,nyul1248,0.5393121803272183,0.8915438817992278
bare1276,araw1281,3.42080459186042,0.9699759277100442
barg1252,nucl1709,0.4839948351688496,0.269522566021235
bari1286,aust1307,2.043197273838824,0.3515919920591681
baro1253,aust1307,2.0735303749438314,0.3923531263449233
basa1282,atla1278,2.393992807883909,0.4504196372337774
bash1264,turk1311,4.526945645003156,2.6009247408034515
basq1248,basq1248,4.042489872757303,2.752972090835611
bata1293,aust1307,0.1156340283632606,0.5663543758320393
bata1289,aust1307,0.1126261018678778,0.5553995448059492
bata1285,atla1278,2.793787707190215,0.6761665568059407
bats1242,nakh1245,4.876987336746904,1.964064603650244
baur1253,araw1281,2.808943618254776,0.8763968798975164
bauz1241,geel1240,0.1247426663179469,0.8711633288117442
bawm1236,sino1245,1.1855277527646757,0.3973585086127613
bayb1234,aust1307,0.2823782770369143,0.418585153162581
bebe1248,atla1278,2.4521882033861724,0.4880146453387115
beel1236,afro1255,2.42128132954218,0.4637064343429116
beem1239,atla1278,3.461203676082073,0.9902686231179758
beja1238,afro1255,3.3496947949148224,1.2658067392878545
bekw1241,atla1278,2.2480678984645297,0.3856596975344324
bekw1242,atla1278,3.249971113554857,0.6685208947433274
bela1256,nilo1247,2.6181033357205545,1.014008121447875
bela1254,indo1319,4.6637185028055725,2.100920956667435
nyal1254,aust1307,2.594640666614473,0.6779003024259245
belh1239,sino1245,2.608438089699798,0.4585888254533556
beli1257,cent2225,0.913863157112682,0.5480583608097924
bell1243,sali1255,3.0890110658504173,1.7681164392606157
belu1239,atla1278,3.032807839209839,0.5878593688111962
bemb1257,atla1278,3.1837036255180884,0.8693292858949495
bena1262,atla1278,2.577702476022684,0.6277054714682566
benc1235,gong1255,2.015413928078549,0.6330402834613711
beng1282,atla1278,2.8315581897423128,0.7024245032421392
bent1238,dogo1299,3.1289836374682523,1.2827232697638875
bera1262,aust1307,-1.690519325988092,0.5199122369473264
zagh1240,saha1256,2.906601088969349,1.6167027317635625
bert1248,bert1248,2.725120872580224,1.2450299667484064
bezh1248,nakh1245,4.897816071050644,1.9472444595369651
bhoj1244,indo1319,3.249560533694273,1.0527754896551818
biaf1240,atla1278,3.1830932359473403,0.9921169502764156
biak1248,aust1307,1.158418607333026,0.4653689317242673
bian1252,kuni1270,1.5728046023171622,0.7325277764198534
biao1254,hmon1336,-2.309807412957463,0.9214358796842386
biao1256,hmon1336,-2.142612969500965,0.9491276897738264
biat1246,aust1307,-1.7711658578423182,0.5509053287694319
bier1244,aust1307,2.3410417111170423,0.3388251910366322
bign1238,aust1307,2.363239385646679,0.3194573258688673
biha1246,aust1307,-2.8829052735009224,0.6662852429352943
bila1255,atla1278,2.888227532184537,0.5982261275235712
bilb1241,aust1307,1.6458221965140427,0.3135369951930311
bili1260,afro1255,3.414301830457468,1.2006160482774932
bilu1245,bilu1245,0.747437531488143,0.948026296328988
bimi1240,nucl1709,0.3050087192603214,0.3056123564904878
bina1277,nucl1709,0.883744122956708,0.3589796814042065
bine1240,east2503,0.6890895678889657,0.7046028114851897
bini1246,atla1278,1.8064629798381129,0.4851643654909754
gunw1252,gunw1250,1.855222234378901,0.8254563500579795
birr1240,cent2225,1.2595057133413277,0.6456333423118257
bisu1244,sino1245,0.0178514167983787,0.4068301932174609
bitt1240,aust1305,-3.548484355326328,0.5787715719959694
biwa1243,yuat1252,1.1029788961598856,0.852219214171694
blab1237,aust1307,2.422900479543724,0.4671651855500904
blan1242,aust1305,-0.9049308064346158,0.5197040808547766
bang1354,atla1278,3.6034897673427273,0.7816293819342279
bobo1255,aust1307,0.9807062823106484,0.466570358888124
bodo1272,atla1278,0.5249590991945747,0.5508528770922689
bodo1267,aust1305,2.627930665255912,0.8818089675792771
bodo1269,sino1245,1.8739240162399295,0.3697426231898739
boka1249,sino1245,1.6331948236528715,0.4267296607209312
bola1250,aust1307,2.044844246985866,0.3718449596944193
bolg1251,atla1278,2.0939646468368727,0.6112685295586182
boli1256,aust1307,0.689484774233188,0.3458523311683819
chim1302,quec1387,2.583783700521893,1.0971112357875552
bolo1262,atla1278,3.4368188096784147,0.6716868584059217
boly1239,aust1305,-1.571021441159386,0.6220810373966379
bomb1262,atla1278,3.224727002969882,0.603696417307718
bomk1234,atla1278,2.656419468632329,0.8210065612332098
bona1250,mong1349,2.1612847296742634,1.2410746930439012
bond1247,atla1278,2.4446018631966617,0.5996552387354437
bond1245,aust1305,2.407845204239736,0.8033601302003048
bong1289,aust1307,-0.9609375267211776,0.4065749834642211
bong1284,atla1278,3.4087613845389764,0.7261339147430954
bong1285,cent2225,1.354902297257835,0.6058151779406176
bora1263,bora1262,2.699191084796216,1.2753619685927036
bora1271,afro1255,2.5826157878768887,0.7139889483349169
bord1248,chib1249,0.4328696014664932,0.6257092885476969
bori1243,sino1245,1.7336209137629714,0.3639923892540206
boro1277,gong1255,2.2201744307767104,0.8417802350586587
boro1282,boro1281,2.2002444468486777,1.4138982581492172
boto1242,aust1307,0.598579055950224,0.3341400171291639
boun1243,atla1278,2.0770334309293736,0.5459061582959905
boun1245,nucl1709,0.6370201058514011,0.2632026796009921
bouy1240,taik1256,-0.5779935717467244,0.5632946933080962
brah1256,drav1251,4.468046820045814,2.1853138416875826
lave1249,aust1305,-4.322979781775962,0.6424564112883546
bret1244,indo1319,4.575688013996337,2.3749001624488306
brib1243,chib1249,0.3982382679680869,0.5543151089516223
bube1242,atla1278,2.5936256931350137,0.5173387210844886
bubi1250,atla1278,3.2765813739297323,0.835517967258776
budu1248,nakh1245,4.828756880713537,2.0140499946396297
budu1265,afro1255,2.691291613595453,0.5639631883215159
budz1238,atla1278,2.97131767023799,0.6495516615908823
buga1247,aust1305,-1.749051770044367,0.624683558460061
buga1250,aust1307,1.9025728570064528,0.3088974192434
bugh1239,aust1307,2.4971651945796824,0.467874093165729
bugi1244,aust1307,1.2408172796847554,0.480385532910172
bugl1243,chib1249,0.5612828464954638,0.6454209081995104
bugu1246,sino1245,1.8256270037350315,0.367783029504432
buhu1237,aust1307,1.5680131559762769,0.4062100571531837
bujh1238,sino1245,3.205555883835069,0.6142576260716504
buka1257,aust1307,-1.4864987983700515,0.5364946857784907
buki1249,nucl1708,0.8008927512778592,0.5303205791189471
buku1249,atla1278,0.968876429857678,0.5622868961213419
bull1247,atla1278,2.7766416095269104,0.8932212761250313
bulo1242,aust1305,-2.356098011248793,0.6738002284451792
bulu1251,atla1278,2.744537487205588,0.535164220559952
bumt1240,sino1245,1.7751821689635892,0.4265912801236466
buna1278,timo1261,-0.4960530130948029,0.6473588590775123
buna1276,aust1307,1.7666360909061791,0.4121815357729299
gahr1239,sino1245,3.686151298830513,1.2429454245550646
bund1253,indo1319,4.031530512757627,1.4166367215614364
bunu1267,aust1307,-0.0835700716936993,0.3360150028789319
buol1237,aust1307,0.4862489978472122,0.4740793900242983
bura1292,afro1255,2.1799226007066856,0.42149242375408
bura1267,mani1293,1.0384926280258835,0.8680259345611678
bure1242,afro1255,2.501344662216315,0.4790526693161023
burj1242,afro1255,2.559418664333592,0.6999870996146811
nucl1310,sino1245,1.082725165023907,0.4606171076494054
burm1264,burm1264,0.866823043295315,0.9019983124766352
buru1303,aust1307,1.834386283610902,0.54935046010791
buru1320,afro1255,2.447382263388896,0.6764450575343801
buru1296,buru1296,3.626243801152713,2.2053101238176094
busa1253,mand1469,2.250490627850076,0.9566109258752058
bush1247,atla1278,3.5819845804149253,0.9684498180047832
buwa1243,afro1255,1.8009365940120794,0.3738105199726034
bwai1242,aust1307,1.7455471930182418,0.3531386524705939
bwat1240,aust1307,2.522049534227623,0.6011060678464895
byan1241,sino1245,3.2688679339334814,0.9680998436065926
caac1237,aust1307,2.566404612621803,0.60887800070129
cabe1245,chib1249,0.4441221138571967,0.561992089802466
cahu1264,utoa1244,4.529063052600992,1.7112898826462923
cakf1236,afro1255,2.40028769487452,0.5097587831673747
cald1236,quec1387,2.457153565442449,1.0232474612846372
caml1239,sino1245,2.801141944809074,0.4709988991049862
camp1261,indo1319,4.727595269214098,2.1797963618125658
cams1241,cams1241,2.148791556115352,1.1890740760375689
cane1242,nucl1710,2.5891442971554928,1.4681556468306662
caom1238,taik1256,-1.648446729951418,0.6460454816259973
capa1241,pano1259,2.72881506711035,0.8912432410124551
carn1240,aust1305,0.466190714196022,0.7851119129600597
caro1242,aust1307,2.447188547979521,1.2978697461379194
cash1251,pano1259,2.732380590870965,0.9805824744396832
casi1235,aust1307,0.2681818227773043,0.3035173428278375
stan1289,indo1319,4.696197133753435,2.250207995288988
cavi1250,pano1259,1.6893612902890394,0.8041557403390449
cayu1262,cayu1262,2.242105065187922,1.2208610632245298
cebu1242,aust1307,-0.1831693484178065,0.3381985711915511
cemu1238,aust1307,2.536344214539855,0.5803396644727288
cent2127,eski1264,3.138024761670158,3.0588557883603644
cent2142,ayma1253,2.482345644264247,1.3588557772596492
cent2004,sino1245,0.2816467350426777,0.3564061707765709
cent2292,aust1307,0.7736405772469581,0.2690046277486733
cent2084,aust1307,0.3516795300210553,0.3330746416052341
cent2314,aust1305,-1.9276124431781685,0.6535916425507562
qaua1234,taik1256,-0.5736049242824119,0.563206248900344
guer1241,utoa1244,3.276168116720936,1.016103303411989
cent2050,saha1256,2.42804838426446,1.1074721875727076
cent1989,aust1305,-2.3160938774670767,0.6695666184277766
cent1972,indo1319,3.313556309026459,1.9773251297043408
cent2058,aust1307,1.9758390377372888,0.3617385853821373
mala1479,aust1307,0.9430244867400992,0.606903340184398
cent2322,ural1272,3.927396979057377,2.464757374308335
cent1992,aust1305,-2.3966070887962254,0.655608462260322
cent1990,aust1305,0.1549844290206028,0.7729484787380403
cent2126,japo1237,2.429435143556332,1.2658244314293825
cent2091,aust1307,-0.8930631162875127,0.4610126220046568
cent2140,miwo1274,3.924283625133912,2.021829504313651
cent2090,aust1307,0.0071998504438828,0.4347172738050138
cent2131,utoa1244,4.3964914228526455,1.6288025545523237
cent2150,chib1249,1.537403391750681,0.7603044198129933
mbal1255,atla1278,3.657164821442653,1.4219304029351418
chac1251,pano1259,1.9768172962777388,0.813035105717888
chad1249,afro1255,2.958417785332112,0.750457515010817
chak1270,sino1245,1.2884971857686616,0.4684915121431743
chak1271,atla1278,2.0915965455952583,0.5296453078959766
chal1275,afro1255,4.757770354204812,1.7767744541831791
cham1315,zamu1243,2.0269121454057064,1.3655174370682397
cham1309,nakh1245,4.852747544271256,1.957327712917961
cham1318,araw1281,3.5158073594028023,1.0219271504038805
cham1312,aust1307,2.197810949713298,1.1797440357952371
chan1313,sino1245,1.7652063258901978,0.3304141239355611
chac1249,barb1265,0.9801946772529586,0.8322120764317793
char1269,gong1255,1.8809267577192093,0.6117264201816486
chas1234,sino1245,0.4936488368406238,0.3591183868351044
chec1245,nakh1245,4.848204946973851,2.008497035892557
chek1238,aust1307,2.447670189205844,0.4739161913694665
chen1255,drav1251,4.0288524915627,1.3342411792154767
chep1245,sino1245,3.164595528377936,0.5792048158305585
cher1273,iroq1247,3.665763059615325,2.21259587222596
chey1247,algi1248,4.325796502090024,2.17020981844864
chic1270,musk1252,3.775934738363352,2.0615827436883847
chig1238,atla1278,3.141892626208711,0.670509473479846
chil1280,atha1245,3.4806100005785248,1.8343394962923103
chim1309,chib1249,1.0377429367903814,0.671636781864601
chim1312,atla1278,2.800820734853692,1.1132631210236594
chhi1245,sino1245,2.5039725154877743,0.4553935939464657
chip1261,atha1245,4.131436574830226,2.609980233911596
chip1241,algi1248,4.232095630523595,2.3978455432333785
chir1283,sino1245,1.8943088781235675,0.3107205819880696
choc1275,sino1245,1.7858591698461692,0.4120648946667109
choc1276,musk1252,3.681605460127491,2.0098027525477065
chon1284,aust1305,-2.0292212940986443,0.6581029500724975
chot1239,sino1245,1.7910932885106623,0.3291151393813463
chra1242,aust1305,-4.0233310074366,0.7563602054482104
chuj1250,maya1287,2.96070267445944,0.8996842245073662
chuk1273,chuk1271,3.439775181226456,3.3147258417542167
chuu1238,aust1307,2.0733238958013684,0.9502141338565648
chuv1255,turk1311,4.60347016049278,2.474288317091859
chuw1238,atla1278,1.6748428348995956,0.8947872930283478
cici1237,atla1278,2.627037167500053,0.6147146779072332
chin1286,chin1490,3.871584534918569,2.0516649268896123
cent2087,aust1307,0.1082978762258908,0.3916548217359636
sout2912,aust1307,0.4184621366737509,0.4516234106584753
coat1243,otom1299,1.411928180822084,0.4207398007290663
coca1259,tupi1275,2.381481977175752,0.955204997056328
coeu1236,sali1255,4.100105443647808,1.847045241915103
cofa1242,cofa1242,2.229148285313409,1.2008831678596803
cogu1240,chib1249,1.0941452259571658,0.6903739687544816
inga1252,quec1387,2.4636603851390984,1.0145162543940094
colu1241,sali1255,3.976871751341753,1.808215296610157
coma1245,utoa1244,4.5988562204457,1.853488029169424
como1259,sali1255,3.3722283291839985,1.7314386098536292
cong1236,atla1278,3.4223092770012173,0.9057226292052788
copa1237,otom1299,1.610935011287953,0.4240857375122582
cors1241,indo1319,4.687377518090931,2.146986303383445
cosa1234,sino1245,-2.25649815209073,0.4469853501812899
cota1241,aust1307,0.0315619462108562,0.3438283046427659
cree1270,musk1252,3.583881545362206,2.004679088165138
crim1257,turk1311,4.676290968258105,2.401915539716176
cros1244,atla1278,2.2123086046221405,0.4012594186115148
crow1244,siou1252,4.248271974173259,2.2485006884350804
cuaa1241,aust1305,-2.240631519048265,0.6657492324073844
cube1242,tuca1253,2.497045282124246,0.8919545958656769
culi1244,araw1282,2.33463712187954,1.2291289128620375
curr1243,araw1281,3.468901379670412,0.9476830961614242
cusc1236,quec1387,3.099905532863753,1.330963718789679
cypr1248,afro1255,4.526640363217183,1.934085549322475
czec1258,indo1319,4.562502182472552,2.097068163532228
daai1236,sino1245,0.9916035817377732,0.4560437756370192
daak1235,aust1307,1.1614895688633375,0.4629576367232495
daas1238,afro1255,2.347595756443644,0.6180286866810039
dadi1250,tebe1251,1.1227441044231572,0.8559726384859343
dagb1246,atla1278,2.0985810797494,0.526970008119533
dagi1241,narr1279,2.63500669614268,1.080053539882594
daur1238,mong1349,2.940043292528234,2.13828505715178
daha1245,afro1255,2.617398864784082,0.8467373458023015
daka1243,aust1307,2.233739468112931,0.3215955552000333
damp1237,aust1307,0.8613757283173258,0.4655976634233534
dana1252,aust1305,-0.6812304058622676,0.5516687457502409
dand1238,drav1251,3.965057993112032,1.2031526717680785
dani1285,indo1319,4.264358941192635,2.1850692453869
dara1250,indo1319,3.456943768376563,1.0906752740761627
dard1243,daju1249,2.4070756443615524,1.259330274380683
darm1243,sino1245,3.094426642792317,0.96754789309187
daww1239,nada1235,2.9821290173185218,1.279043190581985
dawr1236,gong1255,2.203272530183355,0.6130735896624175
daza1242,saha1256,3.105324955057012,1.4170134972772628
defa1248,ijoi1239,2.061116123852329,1.0767457680795651
dege1246,atla1278,1.9432903093941385,0.4895747453599024
dehu1237,aust1307,0.6610875624239398,0.515882005371707
dera1245,sena1264,0.3010409089601547,0.8186837833607874
dera1248,afro1255,2.182099931078061,0.4329333444536165
desa1247,tuca1253,2.5354706644175145,0.8619633327014617
dhao1237,aust1307,-1.3185853052218497,0.4731861031356703
dhar1247,pama1250,1.0446593564810025,0.8410813391360499
dhim1246,sino1245,2.297195746866153,0.4645271558489763
dhuw1249,pama1250,0.8527251949052652,0.5454786011677633
dibo1245,atla1278,3.400958016755183,0.6790821799266702
dier1241,pama1250,-1.0474104252940617,0.7032268725246382
digo1243,atla1278,2.490089139203492,0.6456201537182462
dima1251,sino1245,1.9334898314020268,0.3297828827244187
dime1235,sout2845,2.382915819002488,1.044971975018958
diri1252,atla1278,3.6852358677445314,1.1691553624956463
dizi1235,dizo1235,1.5824996048373852,0.943109698805474
djam1256,pama1250,1.0512073879543535,0.5608657257786382
djee1236,mani1293,1.066124625145741,0.8729511430030956
djeo1235,nucl1710,2.528058171589805,0.9835178354980628
djin1253,pama1250,-0.7423316391719561,0.5268957806216514
dobe1238,aust1307,1.711017548181099,0.5455629929312793
dobu1241,aust1307,1.7983924517532637,0.3804972926705643
domm1246,nucl1709,0.6610759999642628,0.244029645519384
doma1260,indo1319,4.183983202236906,1.891867379659516
dong1285,mong1349,2.061198433878072,1.2395383683963743
doro1266,manu1261,0.4903647034139156,0.8585165550753588
drun1238,sino1245,1.2321623551615075,0.3931547149820074
dual1243,atla1278,2.617471890018651,0.4532500686993876
chug1252,sino1245,1.896615057932001,0.3875583356168053
dumb1241,aust1307,0.6480840345909789,0.5809720990580503
dumi1241,sino1245,2.8030002595726624,0.4741921834254001
duna1248,duna1248,0.1886471241233547,0.8127691603922353
dupa1235,aust1307,0.2645700699707065,0.3264423069866584
duru1236,drav1251,3.863959050194381,1.1615502484916131
dusn1237,aust1307,1.4516615039013157,0.4253920819941914
dutc1256,indo1319,4.420946718079618,2.216445055684444
dyir1250,pama1250,0.3447563371135533,0.53990464299424
dyul1238,mand1469,2.077588793053902,0.7267086993285439
dzao1238,hmon1336,-2.19467806496756,0.929159103409546
dzon1239,sino1245,2.104444351937759,0.4685353991208072
east2443,aust1307,2.1697754260669133,0.3487751856483632
tang1336,sino1245,1.8807820882477684,0.3163471346713358
nucl1235,indo1319,5.264965050674036,1.9455401908849332
east2379,pama1250,1.2186048909400538,0.6385098428902869
sout2896,aust1307,1.014024132863386,0.3782388191774002
east2555,tupi1275,1.6151517601290737,0.9693047567924942
east2332,aust1305,-4.070344324682062,0.7077777833222636
east2563,aust1307,-2.7068796506428203,0.7261460076724808
east2690,afro1255,4.412497722108046,1.8894128002800576
east2556,otom1299,2.44972862764859,0.7174972903967207
east1236,aust1305,-2.2877665247932915,0.6551733972455898
east2342,sino1245,0.2349598700132591,0.4419974705820415
east2782,atla1278,3.6021028631038803,1.0337264238503474
east2328,ural1272,4.173994364218699,2.154220714398868
east2333,aust1305,-4.2544898032169565,0.6874300344647581
east2773,sino1245,3.007843704866492,0.5106031549001773
panj1256,indo1319,4.066248263049329,1.634020302535077
east2485,aust1307,-2.579869566058772,0.4243171887002166
fina1242,aust1307,0.5870868023387894,0.2616849669481613
east2694,aust1307,0.0938493920769532,0.3462389027929156
east2447,aust1307,-1.4747834259951216,1.0848198600880292
east2516,nucl1709,0.6317178455564942,0.2832774041867019
east2440,aust1307,1.3307527371986956,0.4960038705200125
huaa1248,tuuu1241,3.2239630813964077,2.03127908503516
wall1257,aust1307,-1.428026192847737,0.9614150854635564
egaa1242,atla1278,1.565140964401956,0.6755853360917432
egyp1253,afro1255,4.110412106906035,1.8708583948408437
eipo1242,nucl1709,0.4807727836873083,0.3387936088950578
ekar1243,nucl1709,0.5590247664183003,0.4323551017048861
elem1253,atla1278,1.8898031873989127,0.450565089224793
elip1238,atla1278,2.6932347466812443,0.433366782677473
elna1235,utoa1244,4.026678396349912,1.4566652916958382
emae1237,aust1307,2.2517339238245504,0.3757155818239548
emai1241,atla1278,2.116768828938664,0.4553587031108512
embe1260,choc1280,0.706052667286956,0.750774622357747
embe1262,choc1280,1.4195840417273102,0.8143483742646449
stan1293,indo1319,4.377448098025557,2.361474090179991
enuu1235,sino1245,-2.339158850034813,0.4445100194119766
epen1239,choc1280,1.3465151775116888,0.8252692382079974
ersu1241,sino1245,1.1325162108421152,0.4403723992368262
erzy1239,ural1272,4.360099922570234,2.1094146443108293
esan1238,atla1278,2.065941028179994,0.4590517470771251
esee1247,koia1260,1.1359587978954986,0.6191699170535685
esee1248,pano1259,2.0739810626293407,0.8252978875246382
esim1238,atla1278,2.2790190752345225,0.327726832584625
esto1258,ural1272,3.72477165172802,1.7769692939374455
eton1253,atla1278,2.7694148230421063,0.4602931699557913
even1260,tung1282,3.594193085650063,2.8816233029577973
even1259,tung1282,3.659956703682333,2.678941099911577
ewee1241,atla1278,2.0333672751410536,0.5009902563315793
fala1243,sino1245,1.51059178781825,0.3801932613956711
fare1241,atla1278,2.328727677704724,0.5731413661114639
faro1244,indo1319,4.131293012713569,2.711757430452921
fasu1242,fasu1242,1.0146736402330498,0.8588117238246751
fefe1239,atla1278,2.547734496100972,0.3809769530773348
fiji1243,aust1307,1.6129960533955343,1.044572049481082
fili1244,aust1307,-0.0313468311720526,0.3659469823585368
filo1235,toto1251,3.145835511817374,1.2193876486106774
finn1318,ural1272,3.3084439853709746,1.7525680324569426
fipa1238,atla1278,3.0042481046095912,0.7499144754480342
foii1241,east2499,1.1777104713136342,0.8621414714091702
fonn1241,atla1278,-0.2172830174413185,0.4486136041475816
fore1270,nucl1709,0.6622058593118463,0.2755434439994952
fore1265,ural1272,3.471524187700035,2.5669233462188545
fran1266,mixe1284,2.7359037116284264,1.2294784326192367
stan1290,indo1319,4.599102502276447,2.2366155539050045
fuln1247,fuln1247,2.5920071315605395,2.25107427092403
furr1244,fura1235,2.4990041062824058,1.3581168462592723
furu1242,cent2225,1.9560844977656795,0.7098011756340719
futu1245,aust1307,2.4278928399174,0.6081336464923126
fuyu1242,fuyu1242,1.3768262686634405,0.9031670480219334
gaaa1244,atla1278,1.9011724104157035,0.5836885748446985
gaaa1245,atla1278,1.7684763250667472,0.3885674928099125
gaam1241,east2386,2.610721618255327,1.2829105825660254
gaan1243,afro1255,2.093884771362906,0.4110935029915881
gada1258,aust1307,0.5004762097644373,0.2731212936475291
gade1242,atla1278,2.440522818921345,0.4454192263984251
gaga1249,turk1311,4.537085682461731,2.4417437163931184
gala1264,afro1255,2.4801944922121866,0.4731093486126414
gale1259,nort2923,0.3853215013932729,0.6213098283377252
gali1262,cari1283,3.358125544307662,1.5735694717821134
gali1258,indo1319,4.574654402592395,2.4748519941989717
galo1242,sino1245,1.6531847817738028,0.3776617751885696
gamo1243,gong1255,2.100235561868087,0.6180695295180874
gand1255,atla1278,2.954500840492592,0.6026004886898226
gang1267,tang1340,1.0618848131112026,0.8787569852909995
gang1266,sino1245,1.761674529235261,0.3214419857228772
gant1244,nucl1709,0.7641132580370802,0.2479302704645398
gapa1238,aust1307,1.6101567145096751,0.354338859110427
boht1238,afro1255,4.841578932024544,1.7416295293004065
gari1256,araw1281,2.3032179792627,1.0370082652393735
garo1247,sino1245,2.0557335947354662,0.4457583816200428
gara1269,garr1260,1.6138945395418565,1.173863925920955
gata1239,aust1305,2.603094801068681,0.8598674309427388
gayo1244,aust1307,0.4767159461342189,0.6130966533473816
gbay1278,atla1278,2.6894585256386923,0.5845840569420448
geba1237,sino1245,-1.2273806719352198,0.4672305755023207
gebe1237,aust1307,1.6834217120864456,0.5176033805945912
geda1237,aust1307,1.6373095567015472,0.3146148804212605
gela1263,aust1307,2.582267932346608,0.468218326222459
geme1244,atla1278,0.1538961411920749,0.5668682166092514
nucl1302,kart1248,4.629481670018929,2.278736717066462
geru1240,afro1255,2.5959584502537383,0.5060582168330212
gese1240,aust1307,2.0389800603229307,0.5277800921484719
ghad1239,afro1255,3.8800869743643087,1.8373984056138208
ghan1242,aust1307,1.967273513951301,0.4211750858966701
ghar1239,aust1307,2.6191784857007425,0.4779685874238755
gheg1238,indo1319,4.84976820030833,2.1142957998253613
ghom1257,afro1255,3.832736286033218,2.106628792446375
gida1247,afro1255,1.9372310408772049,0.4042328177197043
giiw1236,afro1255,2.4824561641319245,0.4744237376140239
gilb1244,aust1307,1.6940882223842977,1.297688243727213
gira1247,nucl1709,0.6286468958279374,0.2470768635566833
giry1241,atla1278,2.5828075970941446,0.695209412233456
gizr1240,east2503,0.6910952679596534,0.7065865897568662
glav1244,afro1255,2.094563358444975,0.3881409519756165
gobu1238,atla1278,1.0097146337013962,0.5467615468069127
ghod1238,nakh1245,4.858005347086936,1.9640091619861164
goem1240,afro1255,2.228983574486337,0.4925289835692004
gofa1235,gong1255,2.187286858237563,0.6019310998732443
gogo1265,suki1244,0.9791638008047014,0.8862874989755269
gola1255,atla1278,2.1332757163987948,0.8380853907261674
goli1247,nucl1709,0.5793948249055023,0.2655790883305209
goon1238,buna1274,1.3079033524221415,1.1391520958844683
goro1270,afro1255,0.4945909441879564,0.6263856331916511
pare1266,aust1305,2.4499384534398256,0.8070054681804799
gras1249,koia1260,1.2958643506041627,0.6184327442071718
guah1255,guah1252,2.5207936646024103,1.2807583602778134
guam1248,barb1265,1.2261326973300075,0.8566855987091229
guat1253,guat1253,2.17954552576596,1.3849618423678502
gube1234,atla1278,3.3408679338475697,1.166636578539697
gude1246,afro1255,1.951806387359439,0.3893417594416486
guer1243,otom1299,1.7075458458639707,0.4470548227807831
guhu1244,nucl1709,0.9685060087429468,0.3508309579125304
guiq1238,sino1245,1.478776914445853,0.4671548063632182
gulf1241,afro1255,4.537392100929522,1.9127466973732417
guma1254,aust1307,1.8462945116660896,0.3819224863290715
guny1241,pama1250,1.2901966908801892,0.731762281998328
gura1251,indo1319,5.197287818565534,1.9737827940748451
guri1248,guri1248,0.9364023872170936,0.8360736459510414
guro1248,mand1469,1.4296432854756211,0.6843871653111013
guru1261,sino1245,2.957396404530586,0.4906507717220578
guru1271,afro1255,2.4495892830353,0.4728478069262607
gusi1247,atla1278,2.925280404653257,0.5830651569850955
gugu1255,pama1250,0.6013516992349799,0.5584501583012829
kwam1249,koma1264,1.6908212454958509,0.980590838413204
gwen1239,atla1278,2.482796555416804,0.5717865779190827
gyel1242,atla1278,2.8933638925945018,0.5826241499121698
haaa1252,atla1278,3.192883345916904,0.7397343497670117
hadi1240,afro1255,2.6806874617629144,0.6616048446753178
hadz1240,hadz1240,2.645456150181787,1.268980159775849
haka1240,sino1245,1.3367993217938092,0.3754830050551385
hakk1236,sino1245,1.0364219515077209,0.7288847753669283
hala1252,aust1305,-4.275480557539626,0.6413605727474505
halh1238,mong1349,2.9622052797695484,1.869057006187973
hali1244,aust1307,1.864913881175296,0.4133365646700317
halk1245,sali1255,3.6491716917734447,1.7286010222821535
hame1242,sout2845,2.4181599333052,1.0680623232174449
hang1263,nduu1242,0.5114613306472817,0.5903219735528316
hani1248,sino1245,-2.5633140944701864,0.4925096627568797
hano1246,aust1307,2.142493175060894,0.3523675032008189
haro1237,aust1307,-2.854408346205549,0.6883830918989515
haru1245,piaw1238,1.2932575542780769,0.7822800539762453
hass1238,afro1255,3.5163847357961773,1.538770822661304
hata1243,hata1242,0.408896908628404,0.7893328331182614
remo1247,aust1307,0.1271365987761803,0.3518217998667245
haus1257,afro1255,2.734105136912866,0.5897858274921712
nige1253,atla1278,2.4965690507905984,0.53107875289178
hava1248,coch1271,4.119483883382792,2.09717868190662
hawa1245,aust1307,-0.592393942849077,1.6827402454582066
sabu1255,aust1307,0.5757970520314659,0.4715108735735152
hdii1240,afro1255,2.0434829897209865,0.3791378859543628
hehe1240,atla1278,2.556125742356737,0.6015428571871668
heil1246,waka1280,2.152532477519632,1.7364104468284545
here1253,atla1278,3.5483922433180632,1.2433161683724363
hert1241,afro1255,4.7531655641065935,1.79271842617965
hida1246,siou1252,4.203841533098986,2.4264130086458886
high1276,mixe1284,2.788656836204118,1.1806298566861892
high1278,utoa1244,3.600732999756156,1.0153949701458225
high1243,toto1251,3.188856905283881,1.2249102315144071
hili1240,aust1307,-0.1777245026030542,0.3845820355004852
karb1241,sino1245,1.7979330311847743,0.3359425665547779
hind1269,indo1319,4.1525016564723645,1.5341581453872557
hinu1240,nakh1245,4.890330878045251,1.9520905051002384
hixk1239,cari1283,3.2736585938355027,1.3956942132733905
hlai1239,taik1256,-0.6738318686042679,0.784500481074708
hler1235,sino1245,-2.202922988279058,0.4141530210873534
hooo1248,aust1305,1.618900607265387,0.6513765822548438
hoav1238,aust1307,2.190446116706303,0.4365851647634424
ainu1240,ainu1252,3.2897660033030225,2.556903337678353
holo1240,atla1278,3.328605380379861,0.8443970903660745
hone1235,atla1278,2.314643474402945,0.4373076814236674
honi1244,sino1245,-2.359404466787714,0.4438504425668683
hopi1249,utoa1244,4.743747949054699,1.7181498608998895
hote1245,aust1307,1.7184491244970856,0.30086225184461
hozo1236,maoo1243,2.3633440830787604,1.084326993879294
hrus1242,hrus1242,1.571725178271208,1.0836745312969138
huuu1240,aust1305,-3.33404863023995,0.5415907418803649
hual1241,quec1387,3.4995413042378662,1.2792933862401288
huam1247,jiva1245,2.7856732255566894,1.2532584560847204
huar1255,utoa1244,4.33460365378526,1.6523560963328423
huas1242,maya1287,3.774040210788163,1.3041017750370156
huba1236,afro1255,2.0401989541423307,0.3930139722797561
huic1243,utoa1244,3.9842612612477817,1.428394951453757
hula1239,aust1307,1.7263274737663117,0.3806411032873256
hula1244,afro1255,4.6010984858815,1.85669367544297
huli1244,nucl1709,0.616354838283061,0.3155946607293907
humb1243,song1307,1.5100751913951602,1.1050129837093796
hung1275,aust1305,-3.869123178292898,0.7156768964034654
hung1274,ural1272,3.938687730049202,2.120969106864635
hunz1247,nakh1245,4.843219877879365,1.946048015784278
hupd1244,nada1235,2.797954753268129,1.1876254781017992
wyan1247,iroq1247,3.896473264933314,2.382058297863592
hyam1245,atla1278,0.7917431917178037,0.459848613281808
iaai1238,aust1307,2.4725293703738926,0.5278289881125429
iama1237,aust1307,1.815884012739346,0.3678628654601734
iatm1242,nduu1242,0.5817832376057495,0.6018173198851287
ibal1244,aust1307,0.5905516345954869,0.2754328719812631
iban1264,aust1307,-1.8821844967200976,0.5477652611894444
iban1267,aust1307,0.4771491433420083,0.3119174233226069
ibat1238,aust1307,0.2783407550245509,0.397098219514143
ibib1240,atla1278,2.144485770570585,0.432579793027136
icel1247,indo1319,4.158392332250431,3.005846907776596
idaa1241,aust1307,-0.6407370227303959,0.3937451040777877
idii1243,paho1240,1.1158461002698603,0.8164193732243801
idom1241,atla1278,2.3192782213519623,0.4283919082631162
idum1241,sino1245,1.7758013989759756,0.4890361158837675
idun1242,aust1307,1.75845059519437,0.3533253752158036
nucl1417,atla1278,1.974260689567156,0.4636849892995922
igna1246,araw1281,2.821320979403936,0.9030349297994408
ikkk1242,kuli1252,2.403866052944552,1.1194914505797278
ilaa1246,atla1278,1.5363015175632602,0.8830203084232133
ilia1236,aust1307,-0.3410580947482842,0.3139329418880594
iliu1237,aust1307,1.342989049444486,0.4155608935168096
ilok1237,aust1307,0.4237600101299876,0.2929983750005056
ilon1239,aust1307,0.585914410265123,0.2737271009494897
imba1240,quec1387,2.291084644070029,1.0255877694141522
imon1245,bord1247,0.1193738981038095,0.810701898833611
ingr1248,ural1272,3.8448525331881034,1.8048879996282352
ingu1240,nakh1245,4.849994222738311,2.000346014872046
alba1269,aust1307,0.0906597191254072,0.3791015162326276
iqui1243,zapa1251,2.8688932749315006,1.24015554010776
iran1262,aust1307,-0.644263102906347,0.4104470093529224
iraq1241,afro1255,2.641157770174237,0.6670230793438527
irar1238,aust1307,1.661653252318559,0.4500369266230763
iray1237,aust1307,0.2654596620705853,0.3980856666215482
iris1253,indo1319,4.435238693131777,2.5511506177853
irul1243,drav1251,3.731884523381786,1.400972793729507
kris1246,skoo1245,0.1401688332476638,0.8398114243224915
isco1239,pano1259,2.7513635455315875,0.9064964510382564
isin1239,aust1307,0.5301683392619432,0.2705549154391735
isir1237,kwer1242,0.5845400353405839,0.7854388748446679
isna1241,aust1307,0.3855048242862771,0.3344413430842383
isth1240,utoa1244,3.161759493700072,0.994733971304652
isth1242,utoa1244,3.1733957234622907,0.9952372133354196
isth1241,utoa1244,3.199831001848435,1.0077474040090753
ital1282,indo1319,4.728116261187108,2.1191355916281265
ivat1242,aust1307,0.3518667543090945,0.4411394442904841
iton1250,iton1250,2.3220694268682838,1.226728433756766
itza1241,maya1287,2.859417390157144,1.0012280255252874
iumi1238,hmon1336,-3.326377364266452,0.9754693607384496
iwai1244,iwai1246,0.0138490001646798,0.8989438244889714
iwal1237,aust1307,1.749556036680143,0.3061051940855592
iwam1256,sepi1257,0.1879730557421233,0.4503822201817957
iyoo1238,nucl1709,0.7930111823568247,0.2603853373268152
jahh1242,aust1305,-0.6737222375499803,0.5125680602957701
jalk1242,mand1469,2.165833986808575,0.7369056237749163
jamb1236,aust1307,0.0146390631867316,0.694831242415757
djam1255,mirn1241,1.3574671101344296,0.8706381512723604
jams1239,dogo1299,3.075520710470078,1.2473190945598986
nucl1643,japo1237,3.2808684058345947,1.9827106489415656
japh1234,sino1245,1.7787845068976684,0.5350763873994215
jaqa1244,ayma1253,3.080206787709933,1.5523435204432243
jara1266,aust1307,-1.087815760807826,0.6078591607705781
jaru1254,pama1250,0.6939668912616814,0.6076149891878622
java1254,aust1307,-0.3293333377022494,0.654002346346473
jede1239,aust1305,-0.5045365614869661,0.5011751870694936
jehh1245,aust1305,-2.351882254328725,0.6369555838839531
jeha1242,aust1305,-0.6559681246120568,0.5122516877407333
jenn1240,drav1251,4.004996491545772,1.422539213849213
jeru1240,sino1245,2.943644803095978,0.4932070725722179
jiba1237,atla1278,2.046639697057808,0.4150591367097886
jina1244,afro1255,2.2790345579443434,0.4355174129686858
djin1251,mirn1241,1.7051279377587438,0.9395246162745404
jita1239,atla1278,2.946092712888049,0.6106625294323966
jjuu1238,atla1278,2.701091388573932,0.4915829141627506
juan1238,aust1305,2.130663137057926,0.7496476427105714
juku1254,atla1278,0.2118491844838013,0.3346569878375596
jurm1239,cent2225,0.9259529249543283,0.538162298839918
kaba1281,cent2225,1.0887564322239318,0.6228462567149675
kaba1278,abkh1242,4.715939283686419,2.3281349733442527
kaby1243,afro1255,3.869379402888237,2.0334222457591844
kach1284,gong1255,2.242910959819772,0.6610237749267536
kada1242,drav1251,3.969035628121389,1.4332149160064382
cent2100,aust1307,-0.7995480958794166,0.3503059260368522
kado1242,sino1245,0.1879717364685604,0.3888101047393895
kafa1242,gong1255,2.0396747764104983,0.6401239597446553
kaga1256,aust1307,0.028614485411738,0.4223926310964843
kagu1239,atla1278,2.1773606031393307,0.5782400926203732
kaik1246,sino1245,3.3026327546400385,0.7505542993795578
kain1272,nucl1710,1.2163786415770563,1.1220263595994284
kair1263,aust1307,1.2882571627106736,0.3653167075999022
kaki1249,kaki1249,1.365544160126465,0.8998504918553785
cacu1241,kaku1242,2.768388877582064,1.26974477714595
kala1399,eski1264,3.6465686421439902,3.3876673446800663
kala1388,aust1307,-0.2179001704008802,0.3395316511074671
kala1377,pama1250,0.8561685641695145,0.6225585245182259
kara1499,west2604,1.4362852912265245,1.027273994142703
kala1384,atla1278,2.9448204065718477,1.0270316041460896
kali1308,sali1255,4.197035736226182,1.9511641981229229
kalu1248,bosa1245,0.4866457935082944,0.7322055367268616
kamm1249,atla1278,2.0121332798909,0.3872878405611586
kama1370,nucl1709,0.8411663040942612,0.2540431478073053
kama1367,nucl1708,0.7798106441390673,0.5654156779614508
kamb1316,afro1255,2.6987947093228164,0.6593863422363051
kamb1297,atla1278,2.675359613540186,0.6394291952019016
kamb1299,aust1307,0.9273967928931212,0.4871655739926512
kamo1255,nucl1709,0.4143197825908222,0.4495620379440805
kamu1260,kamu1264,0.7775575865851665,0.773603048559734
kana1286,aust1307,-0.1107523064764328,0.3346903048334457
kana1288,daga1274,0.0808746003195053,0.7633587366903676
kani1286,nucl1709,0.804203658440962,0.2554512449867854
kank1243,aust1307,0.629450503284358,0.2754799067362063
nucl1305,drav1251,4.117573827220262,1.4463370653485166
bidy1244,atla1278,3.1164882617249368,1.0662293796786186
kaon1241,atla1278,3.466274915149803,0.9636012653184928
kapi1249,aust1307,-0.3267643519818217,0.6973797212289123
kaqc1270,maya1287,2.787257735497968,0.947905849476118
kara1482,cent2225,1.4801030612964436,0.724381371093267
kara1476,pama1250,0.7430082372646085,0.6051618572972188
kara1500,nucl1710,2.482303832315009,1.1323029426396678
kara1487,aust1307,0.7168380874274396,0.2578048472004903
kara1486,aust1307,2.0810356996476607,0.4267415583190663
kare1338,atla1278,1.7820984317160224,0.4856883383551005
kare1335,ural1272,3.650619580503,1.8942430946992663
kari1306,atla1278,2.431094253858915,0.5584492319143903
kari1311,tupi1275,1.844252183370726,0.8772650501693406
kark1258,pauw1244,1.0080686000031411,0.8416846821308637
karn1252,aust1307,2.0579502633788778,0.3286090152976699
karo1304,karo1304,3.68649204522132,2.1266812283797094
kash1277,indo1319,4.176352481723543,1.8170065419864865
kask1239,atha1245,3.365606656552261,2.2960277302930434
newa1246,sino1245,3.182807105936914,0.5547964654662807
kats1235,sino1245,-0.5299920545040875,0.4157047167655499
kana1291,katu1274,2.82319836021903,1.4040457056984827
kaur1271,kaur1274,1.0139287115465605,0.8727763428981428
kava1241,aust1307,0.4822010522673277,0.4342597479500782
kawa1283,utoa1244,2.6542683060764274,1.5963139113521496
kaya1315,sino1245,0.5473766010734655,0.4531433650061238
kaya1319,tang1340,0.9484996532170764,0.8562649637907982
keap1239,aust1307,1.6836828817677882,0.3866079637285327
keda1252,aust1307,1.0713703740069414,0.373306070925508
kera1248,atla1278,3.344795235606195,1.1170763482926094
keig1242,kadu1256,2.541159232893562,1.1512982560159517
kele1255,atla1278,3.1120897166666044,0.7202591749686227
kele1258,aust1307,1.8964322557734503,0.4702175465172638
kele1259,aust1307,0.5973475839521765,0.2674119982758398
keme1240,atla1278,2.192063975404701,0.3303732416370608
keng1240,cent2225,1.4425931760493145,0.6887834337955949
kens1248,aust1305,-2.460650046683833,0.5499665931862974
kenu1236,nubi1251,3.450890175465998,1.983476646004632
keoo1238,aust1307,0.8252919399853682,0.4335239292964559
kera1255,afro1255,2.117058267717782,0.4410404997287469
keri1250,aust1307,-0.1802786021958109,0.658833695825241
kesa1244,nucl1709,0.7229134853039594,0.2489315323255674
kett1243,yeni1252,3.7879028974845848,2.804924035025948
kgal1244,atla1278,3.270222538937636,1.2822636812863517
khak1248,turk1311,2.950011448732663,2.1608503269657438
khal1275,sino1245,2.5452786990970973,0.4621235969927659
kham1282,sino1245,2.263442941734875,0.7879349846309789
khan1278,atla1278,1.950537724780546,0.4445249604065369
khan1274,aust1305,-3.7487584660018367,0.6563801480137967
khar1288,sino1245,1.8504179783660464,0.3069295764788422
khar1287,aust1305,2.285082008575401,0.7550499714267707
khas1269,aust1305,0.6129912535309963,0.4992978882520158
khez1235,sino1245,-0.0553635237939913,0.297501034868489
khin1240,nakh1245,4.776215841499878,1.9989808377930856
khmu1256,aust1305,-3.486685231776,0.6004442827749803
guan1266,sino1245,1.761857082723985,0.4936423701452175
khum1248,sino1245,1.3274074426446063,0.3722129969541137
khva1239,nakh1245,4.891505578093051,1.9460068337859069
kich1262,maya1287,2.812568464825154,0.9329925586150098
kiku1240,atla1278,2.750102687665564,0.6148749297832161
kile1243,tung1282,3.262513490157328,2.0484944309966986
kili1267,aust1307,1.894775212739292,0.4059220553635554
kimm1246,atla1278,2.1423375146189336,0.4923768810582127
kima1246,kolo1268,-1.5687035725983434,0.7807953479625858
kima1244,aust1307,-0.9844268393473592,0.3639276622035874
kimm1245,hmon1336,-3.641678760245101,1.000957655546206
kina1250,aust1307,-0.2761061810371656,0.385568628823552
kinn1249,sino1245,3.5262044135282804,1.1824869214214728
kiow1266,kiow1265,3.9987233584981055,2.263749945166821
kips1239,nilo1247,3.232035021990333,1.016555048982263
kelo1247,timo1261,-0.4375839176826726,0.5621186897620403
miju1243,sino1245,1.4122542158073224,0.4214798998003926
kobo1249,nucl1709,0.5963427070194616,0.2701396968049603
koda1255,drav1251,4.068913620293158,1.4531867445236553
koho1244,aust1305,-4.13713500888728,0.7265403188642985
koir1240,sino1245,1.857597408976087,0.3069667011519588
koit1244,koia1260,1.3794661287946797,0.6321305644609736
koka1244,pama1250,0.7884278465985246,0.788900918550667
koko1269,aust1307,2.406224059470426,0.4641523782531402
kola1285,aust1307,1.7010840442155943,0.5188213355875484
kolb1240,atla1278,1.860300018979538,0.4275586279863774
kolc1235,atla1278,2.7558017158831394,0.533157814000615
kolp1236,kolp1236,1.531567811741474,0.9643043220948408
kolu1245,aust1307,1.768246501583152,0.3663512619559368
komb1274,nucl1709,0.62782075902749,0.3676092618798368
komc1235,atla1278,2.3264033028514914,0.3198084231174918
komi1270,sino1245,1.807569434049452,0.3276450080828073
komi1269,ural1272,4.132730683798758,2.3431898551437875
komi1268,ural1272,3.939101872388064,2.4337059953088107
komo1260,atla1278,3.0885325931836056,0.7277053806682354
kona1242,east2433,0.513346606852159,0.72977142069373
konk1267,indo1319,4.345690709864156,1.765690820187351
kons1243,afro1255,2.4802617043750126,0.6134818514780864
kony1248,sino1245,1.657374678767656,0.3414464383212023
konz1239,atla1278,3.073185770133449,0.6164582313637235
koon1245,atla1278,2.9699512040066667,0.5794498094894838
koor1239,gong1255,2.283912100766117,0.6816548039135344
kora1294,nucl1709,0.6762107646874709,0.3976533136456113
kore1280,kore1284,2.3858330452688405,2.000454060551148
kore1283,tuca1253,2.161212119021967,0.930219246466134
kork1243,aust1305,2.8968311305961327,1.1905310818715495
koro1298,atla1278,3.0978532882188885,0.7248538249917273
koro1313,sout2948,0.6534496471724092,0.6494237670348584
koro1312,nucl1709,0.5242264359205042,0.3418253147569943
korr1238,drav1251,4.122242393939486,1.4945724324409126
kosa1249,nucl1709,0.4940071082713602,0.351511534396403
kosr1238,aust1307,2.192083603479107,1.0991482560048738
kota1263,drav1251,3.98517738352033,1.4100952757871523
koti1238,atla1278,1.8234289770223733,0.899544605020878
guan1269,tuca1253,2.582485315474582,0.8875145554565718
kova1243,nucl1709,1.0487717172115525,0.362175796963756
kove1237,aust1307,2.077444505771164,0.3578079021734628
koya1251,drav1251,3.943375746587916,1.2301579743302955
koyr1242,song1307,3.534005565841421,1.3155229065743337
koyr1240,song1307,3.4915364929437955,1.2610385776073132
koys1242,afro1255,4.763343866932849,1.7770785641150564
kren1239,nucl1710,2.5920421665326367,1.6332498830387725
gbay1288,kres1240,1.57231320661221,1.0144055157949423
ngeq1245,aust1305,-2.3358103145218734,0.643070841830673
kron1241,kadu1256,2.5164374643972174,1.1237466280472788
kryt1240,nakh1245,4.832561216489495,2.005627985380225
puoc1238,aust1305,-3.861529277532585,0.6748373845712377
kuan1248,aust1307,2.0428210748194044,0.3532150410501389
kuan1247,atla1278,3.667560845583174,1.3916932893240137
bayo1255,atla1278,3.374592450794567,1.0903183204529987
kuii1252,drav1251,3.729604782586322,1.1323232144869886
kuik1246,cari1283,2.576254074985763,1.2136910344570566
kuku1280,pama1250,0.1972283230718994,0.5253318677108862
kuku1273,pama1250,0.5985482644506526,0.5394383317319167
kulo1237,aust1307,-0.0224883407601095,0.3446488981716205
fait1240,nucl1709,0.7707264706168875,0.2393970303054517
kulu1253,sino1245,2.5319553679887616,0.4569738479044631
kuma1280,nucl1709,0.681087846155966,0.2404226997659329
kumb1268,pama1250,1.8361872004358692,0.9719145451578766
kumz1235,indo1319,4.814934496245432,2.3055629078772983
kuna1268,kuna1268,3.227909872958544,1.642931690421125
kunb1251,gunw1250,1.9012021219637247,0.8362531913281912
kuni1267,kuni1270,1.7469548861861812,0.7439581605547239
kunj1245,pama1250,0.603728529800637,0.5445366581730933
kuot1243,kuot1243,1.612777636100326,1.0205412430210594
kurr1243,pama1250,1.4063709835994012,0.7085530025080047
kurt1248,sino1245,1.749739024056205,0.4153071467027445
kusa1251,aust1307,2.1312690911496213,0.4322372379119485
kusu1250,kusu1250,2.9834455476545574,1.482084270168869
kute1249,kute1249,3.988550449858273,2.1677407898727448
kute1248,atla1278,2.208572733728229,0.3430977261558818
kuvi1243,drav1251,3.693082326209901,1.1398210719293305
kuyy1240,aust1305,-4.247969515256068,0.671016996638703
kwai1243,aust1307,2.485287404891309,0.489683286899548
kwam1252,aust1307,2.5170011640162286,0.5443952711461715
kwar1239,aust1307,2.5041781736086053,0.4876047857045531
kwaz1243,kwaz1243,2.1978159880103854,1.2501996696104205
kweg1241,surm1244,2.5233797157251048,0.9717622182231338
nucl1595,kwer1242,0.389188867791685,0.7742980583935486
kwin1241,worr1236,0.8534013294445701,0.8511710438250764
kwom1262,sepi1257,0.0845628067337713,0.4199316032665212
nucl1593,kwom1263,1.000950116904864,0.8429088071364252
kxoe1243,khoe1240,3.504742908980764,1.7263825187236943
kyer1238,sino1245,3.0930637114539783,0.5770655173450918
cori1240,atla1278,2.6978883184841536,0.4596332194278716
laal1242,laal1242,2.2126205793375746,1.162781599243058
labe1239,aust1307,0.1170298666180884,0.3559104838916065
labu1248,aust1307,1.6380857983857358,0.3041243705315057
labu1249,aust1307,-0.7952401201097685,0.3680265137886471
lach1248,taik1256,-3.0453326998808263,0.6907484264099395
lafo1243,tege1244,2.4794435522101805,1.1991304860200134
lagw1237,afro1255,2.24081480523585,0.4364968279054189
zaye1235,sino1245,-1.3387489886331805,0.4536051891405313
lahu1253,sino1245,0.073210534541964,0.3907582518417576
lahu1252,sino1245,-0.2308261302299308,0.403238634046184
laiy1246,aust1307,1.2390253773034297,0.4610848551343554
lakk1252,nakh1245,4.843884408490149,1.9679683118950104
lala1268,aust1307,1.8915730591370996,0.3676197103759717
lala1264,atla1278,2.936051363203545,0.8574938587437808
lama1277,aust1307,1.1173074231707945,0.3807615939692841
lama1288,afro1255,2.0813879424353963,0.3804516873647867
lamb1269,indo1319,4.319191778466365,1.6203660252629124
lamb1273,aust1307,0.9360885618626184,0.5212454535504385
lamb1272,atla1278,2.6727562468523454,0.6812304728960727
lame1260,aust1307,2.296842201382967,0.3357994610274635
hela1238,sino1245,3.073597429067075,0.5470596907783927
lamk1238,sino1245,1.7260556078964924,0.3402934624674731
lamo1244,aust1307,2.059114607642332,0.3585532284623536
land1256,atla1278,3.022692838846677,0.9246022910848356
lang1320,atla1278,2.5443149064006128,0.5374140926835316
lang1324,nilo1247,3.1582810094689333,0.983662727268822
laoo1244,taik1256,-1.177854094251534,0.7478483872825534
lara1258,lara1258,1.399394817434121,1.0056776920151798
lard1243,tang1340,0.8205657852810977,0.8582297210352028
lash1243,sino1245,-1.3296116962343552,0.368020464463338
teke1275,atla1278,3.489490227562472,0.837077383555334
latv1249,indo1319,4.447410740149512,2.054181730264903
lauu1247,aust1307,2.4640746226889902,0.492787074188004
lave1248,aust1305,-2.382972044246092,0.6426843592176383
lavu1241,lavu1241,2.1078022698507315,1.1126505330208496
lazz1240,kart1248,4.707580727643933,2.334469668556049
lega1250,atla1278,3.2907323438722806,0.7910852221698303
lega1249,atla1278,3.3570049795539245,0.8353937536196994
lele1276,afro1255,2.179949208817063,0.4971376197402066
lele1267,aust1307,2.444834553117822,0.3999893124122438
lele1270,aust1307,1.9207817409447845,0.4644317748059445
lemb1266,nucl1709,0.6535978085162699,0.2870395641587757
leme1238,aust1307,0.2344136852066614,0.4054561195063999
bela1260,aust1307,-0.9435145396002932,0.3913265393574945
lena1238,aust1307,2.545718346817774,0.5268587406502965
lend1245,cent2225,1.9312810028137437,0.5679980995061618
leng1259,aust1307,2.6241608692246734,0.4812151030577762
lepc1244,sino1245,2.3139756230979587,0.4655089017609222
lese1243,cent2225,1.9669322437863543,0.6129402000706272
leti1246,aust1307,1.8154293085946056,0.4658483968189992
lewo1242,aust1307,2.317492536370362,0.3536027163271829
lewo1244,aust1307,1.081150058234876,0.383104194062497
lezg1247,nakh1245,4.830189659415491,1.9909637305085328
lian1251,sino1245,1.9256205166347933,0.320298237193001
libi1244,atla1278,3.3189539381076507,0.615282317375339
liby1240,afro1255,3.517792304720861,1.4048564163521449
lihi1237,aust1307,2.0294900885188114,0.4241170120851909
liji1238,atla1278,2.4772263280057087,0.4365217697398935
lika1243,atla1278,2.6811186508430223,0.5841852663951541
lill1248,sali1255,3.6257175770371193,1.7593538592367612
limb1266,sino1245,2.4218516972371686,0.4610544306292836
nucl1327,limi1242,0.6850021228015724,0.942299707166356
limo1248,aust1307,0.6040487519081266,0.2910078773362232
lipo1242,sino1245,-0.2245979575908419,0.3852168577775248
lish1245,afro1255,4.744166843031914,1.778221212997919
lisu1250,sino1245,0.710795563602356,0.3547536309132617
lith1251,indo1319,4.514302608096206,2.0677467597724606
lito1235,atla1278,3.118709052677381,0.5981692890868295
livv1243,ural1272,3.7236107389167703,1.7771059462080836
loba1239,atla1278,3.3699684352161348,0.6167605341269264
logo1259,cent2225,1.6164551566769827,0.533177833719483
balo1261,atla1278,3.483468381857988,0.6667994973437543
loka1252,atla1278,2.186968780669172,0.4078431256387484
araw1276,araw1281,3.570956030358894,1.5148259539823692
lolo1259,sino1245,-2.111103162145035,0.391225809846067
loma1260,mand1469,2.073299087161979,0.8128540886549676
lomb1257,indo1319,4.653530138353287,2.118531880976191
chiq1248,chiq1253,2.2551235809104244,1.3310306701914856
acha1249,sino1245,-1.2029019449986045,0.3868836218754738
long1395,aust1307,2.6164756064609698,0.4968769890936686
loni1238,aust1307,1.9520922460756704,0.4617521737764916
lonw1238,aust1307,2.1164562328372334,0.317054443855949
lote1237,aust1307,2.000908969852135,0.3738729309094983
loth1237,sino1245,1.7312817772409204,0.3151576329060348
lotu1250,aust1307,-1.0036766222492166,0.3533272138344019
louu1245,aust1307,1.9521562545619948,0.444365235801174
vano1237,aust1307,1.731260846502463,0.4893531752456757
lowl1260,tequ1244,2.3836424652109267,1.2537560705599886
lowl1265,utoa1244,4.390480414149074,1.6370987048798842
lozi1239,atla1278,3.490363849384207,0.9825737383654009
luan1263,aust1307,1.8465168192404984,0.4793551701272993
onto1237,aust1307,1.886956601930504,0.6141332615823312
lubu1243,aust1307,0.64951384414573,0.2878754837623796
luch1239,atla1278,3.6472462157062777,1.0664441824670168
ludi1246,ural1272,3.884855568962757,1.9319063638671503
lugb1240,cent2225,1.6947211765715808,0.5400588767786174
lugu1238,atla1278,2.35586874492402,0.5992444598731592
lule1254,ural1272,2.5413925643251805,1.6969828856160651
lumb1249,atla1278,3.297794305694857,1.0300012724101406
lumu1239,narr1279,2.6439358310499044,1.0881632008320512
lund1266,atla1278,3.5674568032814395,1.0352670883530717
lund1271,aust1307,-0.6581354987155548,0.3939605753109263
luok1236,nilo1247,3.199772874554319,1.0286659407605372
luse1252,atla1278,3.4658037437857776,0.718559324250323
lusi1240,aust1307,2.0635564520204563,0.3483121688326069
luva1239,atla1278,3.649801988471429,1.0681906184363852
luya1241,atla1278,3.7174846645711255,1.0514719608975542
maan1238,aust1307,0.7036174957783836,0.6083188883504129
maas1239,atla1278,2.4620552506726963,0.5578985653062323
maba1270,atla1278,3.099088380080134,0.6278611915910077
maba1277,maba1274,2.563752740298666,1.2768505014350475
maca1259,guah1252,2.374548183337417,1.2376979167449282
mace1250,indo1319,4.864615341636347,2.1183649851575472
mach1267,araw1281,3.5383313062835424,1.0599163509627323
maco1239,sali1297,2.7242914980012185,1.4129891049015844
macu1260,tuca1253,2.4354208913362125,0.8600874130386917
macu1259,cari1283,3.3465803342155875,1.3674594152439077
mada1285,aust1307,2.07945688631221,0.3981991789179933
madi1260,cent2225,1.337880545040828,0.5808569786174131
jama1261,araw1282,1.7678288146091656,1.23301055626129
madn1237,east2374,0.4797797169569233,0.9157555598775592
nucl1460,aust1307,0.0783583482786793,0.6046372789303667
mafe1237,aust1307,2.338836592324327,0.3411723807129085
maga1260,indo1319,3.2186114387668474,1.069570567507958
maga1263,aust1307,-1.5460340260640468,0.3360646669024092
magd1235,otom1299,1.7092288493528802,0.4065471935409852
magu1243,aust1307,-0.3487995891575757,0.3205384334709804
maia1254,nucl1709,0.4718992759929867,0.2800232158926552
maia1253,nucl1709,0.4903499039563446,0.279922877630713
mail1248,mail1249,0.4231189476110244,0.8901287375521933
nucl1594,mair1253,0.4422574447039826,0.9226131291334064
mais1250,aust1307,1.6220699817977549,0.3452807363570933
mait1250,indo1319,3.132971968110231,1.0059530690093768
maja1242,surm1244,2.375937436708443,0.9647871921230848
maka1304,atla1278,2.6540396462792684,0.5184793625158681
maka1311,aust1307,0.8673810950603822,0.4753681494604098
makc1235,taik1256,-2.114947888411436,0.5727960583890228
makh1264,atla1278,2.112527187460141,0.825874725358295
makh1266,atla1278,2.22396341362318,0.8122587641435173
mako1251,atla1278,2.4168075121810872,0.7572524567484598
maku1277,aust1307,1.6511513241435771,0.4596067121446516
makw1236,atla1278,2.4252357258685864,0.7740586450324325
mala1463,drav1251,3.762213004094872,1.593094191647086
mala1534,aust1307,0.4620833237328643,0.3013277821848787
mala1464,drav1251,3.764170217494117,1.537660656549201
mala1522,chib1249,1.066254363914386,0.6759013459246059
male1284,gong1255,2.02149121488778,0.6236159283361999
male1297,chib1249,0.7228282727712885,0.6459819904807693
male1289,aust1307,2.0404587063925024,0.3485227575180891
malg1251,afro1255,2.328050934991604,0.4414406248365221
mali1284,bain1263,1.5789683005977069,0.8902316912145825
mali1285,otom1299,1.8667900453943604,0.4827113033842622
malt1254,afro1255,4.267330814545291,2.043287093985085
malu1245,aust1307,2.361632441501423,0.3218738164017916
mamm1241,maya1287,2.872625698129605,0.922293354188528
sauk1252,nucl1709,0.8995266714156922,0.2820990421950005
mama1275,aust1307,0.3164776447899742,0.4159798912026575
mamb1306,aust1307,-0.9420393320443636,0.4031211597229625
mamb1294,atla1278,2.0390109340242355,0.4312932529041853
mamb1296,atla1278,2.9853369455064778,0.7626061919406002
mamv1243,cent2225,1.7381739995054175,0.5561121520986592
mana1295,aust1307,1.442989826848632,0.3382875378273913
mana1298,nduu1242,0.3130413149546034,0.593642300435409
mana1288,sino1245,3.2654309000798056,0.6821241836021259
payn1244,nucl1709,0.7241323383749498,0.264655278989049
mand1423,atla1278,2.555775118276335,0.6620539693148473
mand1440,aust1307,2.0718496467605694,0.4295584379515897
mand1415,sino1245,1.5298195114302142,1.3301557306312706
mand1436,mand1469,3.115668250801908,1.2571176792780294
mang1378,aust1305,-3.555658938928878,0.5922704196097639
rapa1245,aust1307,-1.7601491991779514,1.6425145879419754
mang1401,aust1307,-1.7728918585672593,1.6714126349597618
penr1237,aust1307,-0.3660250149739612,1.2202746274148426
mang1381,mang1423,1.4879856693811238,0.9329265902983496
mang1394,cent2225,1.4785886540981985,0.5964546232551622
mang1404,aust1307,1.6566811555243064,0.2996590319312293
mang1405,aust1307,1.0434433891176509,0.451958384274203
mang1403,aust1307,1.9752819332049096,0.3693228054278821
moni1237,otom1299,0.7030699216482423,0.8683270548813962
tong1308,aust1305,-0.4851952490213511,0.5726629625385273
manm1238,aust1305,-3.258733776864238,0.5452134353828098
mann1248,mand1469,1.8461656372166129,0.8191935635584295
mans1262,aust1307,-0.0553428015743349,0.4098647504078032
mans1260,hata1242,0.6307279270643336,0.8041718411092038
manu1258,aust1307,2.057445674795772,0.4975644184097096
maon1241,taik1256,-0.2006378412273766,0.5671020234733843
maor1246,aust1307,-0.3913206026480502,1.5091612500991651
mapo1242,aust1307,1.6373028989851472,0.2972582286043961
mapu1245,arau1255,0.5928936895151322,1.6718616524922347
mara1382,sino1245,1.149190061626181,0.4059019569774991
mara1399,aust1307,2.3408884349344445,0.3138826008574469
mara1379,sino1245,1.853379456557316,0.3045120244001036
mara1404,aust1307,-0.2854255035744613,0.3240993400735874
mara1386,west2434,0.8923930830894422,0.7417657101291124
mara1396,tama1329,2.7749885079547063,1.365042434915944
mara1378,indo1319,4.231336676630661,1.60046171852074
marg1253,pama1250,1.41240765901823,0.7330337290746902
marg1265,afro1255,2.162308669608339,0.4053502612076247
mari1414,drav1251,4.069784029184978,1.2809896723491976
mari1440,coch1271,4.083197360513529,2.111689594364437
mari1428,aust1307,1.6503019713129807,0.3128225813086036
nucl1622,anim1240,0.8763078294390447,0.9375127188093324
mari1416,sino1245,1.7981098847658363,0.329678052974137
mari1424,west2434,0.8915679995225805,0.7361432385739555
moro1289,moro1289,0.1759407050509502,0.8934084146255152
maro1244,aust1307,2.2486349951785325,0.4455903499529978
mara1385,mang1423,1.5850835391326583,0.959412121058032
mars1254,aust1307,2.253447788048313,1.4447221587746286
mart1255,pama1250,1.2356113528918145,0.7565056183641832
maru1249,sino1245,-1.5973302663753917,0.3899181710319994
maru1252,pano1259,2.6820562620227686,0.8722849274075131
masa1322,afro1255,2.1659226618425067,0.4534332997841646
masb1238,aust1307,0.1760458155426101,0.384073424014884
mask1242,aust1307,2.284166991717768,0.321572710470726
matb1237,aust1307,1.9582817753592563,0.5029793396974411
kemb1249,aust1307,0.1520983089213214,0.5345599638284195
mati1250,aust1307,-0.169358178495556,0.3113272508268982
mato1252,aust1307,1.8719949775346896,0.3142924698216069
mats1244,pano1259,2.636447951915072,0.8972506491890888
matu1261,aust1307,1.5043162973543895,0.3112166094445197
matu1259,atla1278,2.4908660624213,0.691470317375197
mauw1238,nucl1709,0.3499048291532576,0.2782986147582886
maun1240,iwai1246,2.0218153058441306,0.924117952615636
maxa1247,nucl1710,2.657935058863822,1.628516141727229
maya1285,misu1242,0.6085388968653853,0.8248404617773284
maib1239,mayb1237,1.3221254879153344,0.9821345381121498
mayo1264,utoa1244,4.31403287227849,1.6786000438299058
mayo1261,atla1278,2.6445142561656905,0.5661882567318295
maza1304,afro1255,1.91846303412922,0.3862188675538216
mbaa1245,atla1278,2.887020633877838,0.6697916046774313
mban1263,atla1278,2.97591215625992,0.5755501853221086
mbar1260,afro1255,2.315632712538632,0.4563211161327629
mbay1241,cent2225,1.141601378862697,0.5948323161494229
mber1257,atla1278,3.378517065274311,0.7765358037479944
mboc1235,atla1278,2.6207588756896136,0.3772810759552438
mbol1247,atla1278,3.2575135072533925,0.7671223338337922
mbug1242,atla1278,2.615056355723228,0.5484433397925867
mbul1263,aust1307,1.9516871293032985,0.339256553943239
mbya1239,tupi1275,0.7862949003603403,0.9509488770392244
meen1242,surm1244,2.4402887023931186,0.942801729368446
mehe1243,sepi1257,0.225829741540525,0.4231672094205629
mehi1240,araw1281,0.7388681620869069,0.888233787794146
saki1248,tupi1275,1.4940292734786706,0.7005979721696822
meke1243,aust1307,1.8818213251626128,0.3491787894401792
mele1250,aust1307,2.441919764832477,0.411811244720718
melo1242,gong1255,1.9866237086851677,0.6037719258821981
melp1238,nucl1709,0.7929383859536512,0.2691907275694278
mend1268,sepi1257,0.1449710305015492,0.4280936768448504
mend1266,mand1469,2.1336447795097,0.904884629730338
meng1267,aust1307,1.983574391690196,0.3653625092423591
meny1245,anga1289,1.579266430865802,0.7452074031278784
mera1242,aust1307,1.8725915116955187,0.3579040859680136
mere1242,aust1307,2.392159499513286,0.3632094133385313
meri1244,east2503,0.7439985127125164,0.7578261885839948
meru1245,atla1278,2.686138561636468,0.6506798040175341
mesc1238,atha1245,4.20528062635369,2.0524010522512595
meta1238,atla1278,2.39789218282934,0.3492633191161767
meya1236,east1459,0.0803629911473451,0.7888890561711488
mezo1235,otom1299,1.9143532435754884,0.4668212755721423
mezq1235,otom1299,2.473515545824413,0.7395524387913794
mian1256,nucl1709,0.5162910241010583,0.3116807447950345
mich1245,utoa1244,3.6001934325954608,1.4008430894196775
midd1357,pama1250,1.785489852327313,0.9370072671447396
midd1327,aust1307,1.7707486417262548,0.3092449327594129
mido1240,nubi1251,2.7522992110002744,1.4880224527421937
mids1243,atla1278,2.629899141287268,0.5880083267979539
miga1249,afro1255,2.3469283169763724,0.6762241581623241
mika1239,musk1252,3.417039563703684,2.1061629766322385
mikm1235,algi1248,3.661102041685036,2.856258874905172
mila1245,sino1245,1.638171402802735,0.412927680901634
mina1276,afro1255,1.9204490618326304,0.3780281794097568
mina1268,aust1307,-0.3033538942986498,0.6369283503862588
mini1256,huit1251,1.9354191090247288,1.07263477954814
mini1251,aust1307,2.0496855804570835,0.3538214682753118
minn1241,sino1245,0.6749970627156459,0.6940279936058844
miri1266,jarr1235,1.2282275046753854,1.0680965572786896
misi1243,aust1307,2.016562780911752,0.5351578699893071
misk1235,misu1242,0.5356452971129664,0.902419662330614
mixt1426,otom1299,1.6209208321265842,0.4501336591303642
miya1266,afro1255,2.6170517424085453,0.531737718929365
miya1259,japo1237,1.92062579015399,1.077024769224753
lush1249,sino1245,1.4050209152494049,0.405255433751114
mlab1235,aust1305,-3.457038756686072,0.6300777635518884
mmen1238,atla1278,0.2825903703861409,0.3101006247441464
moba1244,atla1278,2.311246236037343,0.594690126453516
moch1257,maya1287,2.9429363511698488,0.9107662338232024
moco1246,guai1249,1.6349110143711705,1.3955484730831285
mode1248,indo1319,4.835823076813947,2.1675736678282185
hebr1245,afro1255,4.446845148669764,1.8880115705923133
moha1258,iroq1247,3.825495508970541,2.453221273832522
moii1235,west1493,1.3873649031496078,1.0313117295378622
moke1242,aust1307,-1.444441597501416,0.7328908117945852
moki1238,aust1307,2.1807072138251167,1.01308855177
mokl1243,aust1307,-1.327387525983447,0.6762006903087059
mokp1239,atla1278,2.513678323540921,0.4415800578623332
moks1248,ural1272,4.3061634607350845,2.10612864932078
molo1266,afro1255,1.9215629684128137,0.3810191964068514
nucl1452,momb1255,0.1261910997888051,0.928203822047264
fass1245,baib1250,0.8785099002145245,0.8466509298363416
monn1252,aust1305,-2.9400621043172475,0.749456777677521
mong1338,atla1278,3.475736300563948,0.8226697234028966
mono1273,aust1307,1.7744193508026662,0.4032278901870425
mono1270,atla1278,2.9812175879000136,0.5632241736208665
mono1275,utoa1244,4.539107129646271,1.6338696678632645
mont1268,algi1248,3.8740181041785298,2.773521024321816
nucl1458,monu1249,1.0870911469871236,0.8649275970348094
monz1249,atla1278,3.2064477631015684,0.5885676491367877
mopa1243,maya1287,2.697356204396373,0.9977551040654098
more1259,utoa1244,3.493360154558247,1.021025384646134
mori1269,aust1307,1.2921750960956797,0.4421916561177652
mori1268,aust1307,1.255616594318825,0.4435179454652389
morm1235,aust1307,1.3999468449689734,0.4229921808287065
moro1285,heib1242,2.635640132232337,1.091318531900474
moro1287,aust1307,1.4061406037746549,0.459188026258194
mort1237,aust1307,1.5476783675833767,0.8587817970152436
mose1249,mose1249,2.321293667991414,1.3115621896446523
mota1237,aust1307,2.0533841578119136,0.4166030618559446
temb1272,atla1278,3.194639928093201,0.628222955552062
motu1246,aust1307,1.77079380540169,0.3777787291484169
mouk1239,aust1307,2.040364830179171,0.3551571170208736
moun1252,koia1260,1.4551653152411383,0.5933373024733806
movi1243,movi1243,2.2241769021627187,1.217364328287637
tang1347,aust1307,0.5307225925430112,0.3381304183465077
moyo1238,sino1245,1.819064829547697,0.3277986194883411
mpad1242,afro1255,0.7080874767720334,0.4905962906542034
mpii1239,sino1245,-0.0454837982100873,0.5322820162897117
mpot1240,atla1278,2.538834735985372,0.7052175168719934
mpur1239,mpur1239,1.2272617699388872,0.9855088614809088
mual1241,aust1307,0.301659400001109,0.5393479569644377
mudu1242,aust1307,2.074777394461645,0.3824124308975913
mudu1239,drav1251,3.977460944099828,1.4402317034636516
mull1237,nort1547,1.2408938496172437,0.9560620877796722
nucl1240,atla1278,1.9042325747439015,0.401398847197409
muna1247,aust1307,1.4812037280047092,0.4551363488132915
munc1235,sino1245,0.9281012947882208,0.4863968761126371
mund1328,atla1278,0.1036312089320026,0.3088145409752196
mund1325,atla1278,2.108566287168653,0.4443521751242718
mund1320,aust1305,1.9450427095486755,0.7019635012173238
mund1326,atla1278,2.518443258481694,0.5640044466575054
mund1330,tupi1275,1.856658984821338,0.9561598702776966
abar1238,atla1278,2.0162264822355844,0.3090304780655204
murl1244,surm1244,2.400516053424892,0.9714731894287496
murr1258,sout2772,0.449058795009567,0.9346422838160442
muru1274,huit1251,1.7887301857815503,1.0684189113457347
muru1266,pama1250,1.601922522365394,0.7534479045782922
musg1254,afro1255,2.249356768073602,0.4273930810312007
muso1238,aust1307,1.7874942210302804,0.3047334482499266
muss1246,aust1307,1.6911071821082333,0.5418288906416073
muth1236,drav1251,3.875921171476079,1.4780042870378265
muyu1244,aust1307,1.9803969362584848,0.4833082705444167
mwag1236,afro1255,2.555881729347415,0.5178074524972862
mwan1250,mand1469,1.5149598081922269,0.6641214444285888
mwan1247,atla1278,2.257206897742644,0.8437908924509516
mwer1248,atla1278,2.4714217541262578,0.7129335757041475
motl1237,aust1307,2.014246892212713,0.4264719193850412
naas1242,sout2948,0.7439970828127249,0.647103988631875
naba1256,nucl1709,0.6764778950205454,0.289833674243694
nade1244,nada1235,2.966712542858549,1.3630830372718146
sout2857,aust1307,2.3269845045741224,0.3234053592549859
naka1262,aust1307,1.891409781115658,0.3644151230241896
nalc1240,nucl1709,0.2954005275748823,0.3420276423359563
nali1244,aust1307,2.0961401489299427,0.4151557487657742
nalo1235,aust1307,2.0492791758586297,0.5261201711718311
nama1268,aust1307,2.3756853430450366,0.3796216064770084
litz1237,aust1307,2.1910450423662247,0.3106911386062045
nama1264,khoe1240,3.4004833834668173,2.1709554604628427
nama1266,more1255,0.928163464912684,0.613684596887782
namb1293,more1255,1.1769898187342174,0.6140711035478863
nami1256,sepi1257,0.0899953987605375,0.4269668384677789
namu1246,sino1245,0.9208849674781684,0.4122184175721193
nana1257,tung1282,3.4093056971763085,2.0423994277862865
nand1266,nilo1247,3.0889490106385806,0.9767065862733082
nang1262,aust1307,2.018458920418097,0.5357914772542283
nant1250,araw1281,3.53108024553745,1.0552981306182103
nara1262,nara1262,3.1951230648128237,1.6812650384043013
naro1251,aust1307,-0.5674672078752345,0.4468900040972374
yong1270,sino1245,0.7996534823357155,0.3818237383118621
naru1238,pama1250,1.2665326234980274,1.0150387682741877
nati1244,aust1307,2.3177363518461744,0.319423574110357
nati1243,atla1278,2.4601155031789057,0.5360656040125518
natu1246,aust1307,2.036693929378746,0.5293957627736767
naue1237,aust1307,1.47982748356691,0.4427538116672282
naur1243,aust1307,1.9178653930569307,1.0841606952907838
nava1243,atha1245,4.311189448087308,2.0281366617606933
nawu1242,atla1278,2.016535204897137,0.499269143975793
naxi1245,sino1245,-1.191821337373128,0.3758047433034113
ncan1245,atla1278,2.263262015279937,0.3225989914617662
ndam1251,afro1255,0.3871259163361255,0.5239093721503667
ndam1239,atla1278,2.530607478266786,0.6196801432365193
nden1248,atla1278,2.477510410954384,0.6703710862370138
ndob1238,atla1278,3.258466220177858,0.6434903822284337
ndog1248,atla1278,0.4750770693982115,0.5835471948045705
ndom1245,kolo1268,0.2939209912431257,0.773437369374482
ndun1249,atla1278,3.091924158545398,0.6204170408190026
nege1240,aust1307,0.68730481567485,0.5553714073406817
negi1245,tung1282,3.6119017017530086,2.178813234427996
neha1247,aust1307,1.8904922277238057,0.4305000589215657
kuma1276,aust1307,2.574568267257699,0.6371498977022765
nenn1238,more1255,1.069866844921319,0.6144356716922417
nend1239,nucl1709,0.7193180145403133,0.2623725029607731
neng1238,aust1307,2.572304653890212,0.5936031362851462
nucl1706,afro1255,4.576285654302412,1.918996868620728
nepa1254,indo1319,3.3326379795467838,1.0543236540614886
nese1235,aust1307,2.3594136731903856,0.3211312568474218
vinm1237,aust1307,2.1694142126873457,0.3160826756676802
ling1265,aust1307,2.166269773105184,0.3084593694621098
nezp1238,saha1239,4.0089322824013465,2.0564479587223734
ngaa1240,pama1250,1.3232493446490534,0.839718117199229
ngab1239,chib1249,0.4647614854310129,0.5883756444085697
ngal1292,gunw1250,1.8030424629481985,0.8438818117546449
ngam1268,cent2225,1.189475228416246,0.5881183844787428
ngan1291,ural1272,3.5830259501571566,2.6445230713233627
ngan1295,gunw1250,2.015292022035746,0.8304067782999338
ngar1235,pama1250,0.7598615881755846,0.5587658081301812
ngar1284,worr1236,0.9818695189222276,0.8722509763751032
ngar1283,mirn1241,1.799276811211991,0.9304010098410972
ngas1240,afro1255,2.4565348468073167,0.4975689603998847
ngba1284,atla1278,3.02290824408168,0.5883368157161746
ngba1285,atla1278,3.160996763614188,0.5853854956561091
ngge1241,nucl1709,0.4814946317281396,0.3803142684802485
ngit1239,cent2225,2.0698741034250623,0.6084495536855523
wang1291,pama1250,1.59019505746291,0.7868408848482442
ngom1268,atla1278,3.293923268547374,0.6464810845245514
ngul1236,aust1307,1.9809511712419887,0.885713592206193
nhan1238,pama1250,1.442888307729179,0.9893663876965304
nhen1239,tupi1275,2.3331925998393968,0.9739245058585896
nias1242,aust1307,0.1276535181734579,0.6233182933459811
niha1238,niha1238,3.777552608791905,1.9007080114224435
nila1242,atla1278,2.8507428617249966,0.5893328295842526
nucl1633,nimb1257,0.9699540827137484,0.8908684469549257
nina1238,yano1268,3.047435050417335,1.4376505962379658
labo1244,aust1307,2.3197624091324416,0.3195830629008536
nisg1240,tsim1258,3.0714929934970194,2.1368202130318563
niua1240,aust1307,0.2254795224373067,0.8948429024993088
niue1239,aust1307,-1.5344272782901187,1.085283434029074
niva1238,mata1289,1.98065825956742,1.4411763499717334
njan1240,atla1278,2.062988072831709,0.3696486291785539
nkon1248,atla1278,2.0072728739143675,0.4628760538871121
nkor1239,ijoi1239,2.048280569044428,1.0780746658139453
noct1238,sino1245,1.5384997176638502,0.3574497709137927
noku1237,aust1307,2.392612772872055,0.3986356245198226
noma1260,atla1278,2.676580887123663,0.4194812286478924
noma1263,araw1281,3.632439444857144,1.1103688425757334
noon1242,atla1278,3.459087179699708,1.275610484190958
noon1243,atla1278,2.307267714091116,0.3242140352684912
nopa1235,otom1299,1.5307533075267077,0.4104680691551023
nort2839,aust1307,2.2114773212575463,0.3300871923598327
nort2697,turk1311,4.902188057515859,2.1132903657468733
darg1241,nakh1245,4.832862875290399,1.984809109838665
nort2930,kiwa1251,0.7910684731323965,0.7385572206122339
nort2836,aust1307,2.433414991256297,0.4030540863493712
nort2724,sino1245,-1.3603700501446132,0.3681447913172775
nort2972,choc1280,0.7438753545881474,0.7504501270572392
nort2702,drav1251,3.945498609978656,1.2142977678708615
gumu1244,gumu1250,2.7604652996647374,1.2373467666082971
nort2938,haid1248,3.075287934654344,2.130689558275325
sing1264,sino1245,1.3605589170271282,0.3639374736283258
nort2877,aust1307,0.7727409568026493,0.2738190134738252
nort2684,aust1305,-2.217483046133171,0.6513119682475685
lush1252,sali1255,3.668594929369631,1.7364004687620356
nort2774,atla1278,2.9031827536551127,0.5863224606806345
nort2954,utoa1244,4.451739493842924,1.6675746308135313
nort2957,utoa1244,3.4801670190163496,1.0102789075344822
nort2723,sino1245,1.0389383890933122,0.4027399753686396
nort2747,hmon1336,-2.61589401247356,0.8916051980748305
nort2722,sino1245,1.680399665461325,0.5590953553079387
nort2994,aust1307,-2.9731877009468564,0.7003081244955967
nort2885,aust1307,0.1050809082114772,0.3520423642708095
nort2959,utoa1244,4.324465668248514,1.6273669806158733
tosk1239,indo1319,4.846668548698405,2.121554573286015
nort2732,sino1245,-0.656289057494233,0.7178980719007098
nort2690,turk1311,4.074317849118178,2.4182846669970446
yoku1256,yoku1255,3.91467938084026,2.095344804741907
nort2745,yuka1259,3.492991471359004,3.230347827455032
nort3047,afro1255,1.8389603442668532,0.3806652958294565
nort2980,quec1387,3.431787366790905,1.3510344486364088
nort3139,afro1255,4.56616811247304,1.8869569528698245
nort2845,aust1307,0.0075792678061055,1.390108348408428
nort2671,ural1272,2.97558775676384,1.8101022855725444
nort2942,atha1245,3.5061390777888173,2.3829693467358
nort2847,aust1307,2.525819606860279,0.5194615673212937
nort2699,drav1251,4.148735432419343,1.3515489501616753
nort2961,algi1248,4.134198920994895,2.5443365742573363
nort2775,atla1278,2.1434775640904657,0.5308907105618497
nort2951,maid1262,3.8355815435927862,2.087890155515652
yaki1237,saha1239,3.752648416490024,1.999659113402978
nots1237,aust1307,2.10165370325248,0.4058967623426559
nsen1242,atla1278,2.732002308923271,0.8927622100265595
nuer1246,nilo1247,2.580500715576685,0.9760950050187644
nugu1242,atla1278,2.667094621478147,0.4221888297459899
nukn1238,nucl1709,0.8647691139557794,0.2881256584337985
nuku1260,aust1307,1.7367729106185537,0.8165521387770567
nung1282,sino1245,0.9733786713083896,0.3619247960774019
nupe1254,atla1278,0.50154216230381,0.4927366667724926
nusu1239,sino1245,-1.108716940962338,0.3587876845864843
nuuc1236,waka1280,2.494651513243838,1.7581581057390898
nyah1249,aust1305,-4.351510042984449,0.6440068311557967
nyah1250,aust1305,-3.6840143402214585,0.6989040529686235
nyak1260,atla1278,2.4394872069635976,0.6610159418876549
nyal1250,atla1278,2.9811914223254043,0.5693793678877062
nyam1285,afro1255,1.9941228946659384,0.463047885847264
nyan1301,pama1250,1.1831184409121611,0.6572688619763638
nyan1307,atla1278,3.099206074086289,0.6380927839416177
nyat1246,atla1278,2.776537309742728,0.5789513724029627
nyaw1247,pama1250,0.6475189695651711,0.6047855982040269
nyig1240,nyul1248,1.068575550836726,0.8883526070586925
nyis1236,sino1245,1.774537159677653,0.3546300602387835
nyor1246,atla1278,2.9503623052150045,0.5945726968720426
nyun1247,pama1250,-0.572911316004082,1.1159868045239063
nzad1234,atla1278,3.594144937101001,0.949496117633843
nzak1246,atla1278,1.8903815947909843,0.478043880135651
nzak1247,atla1278,2.531345432830882,0.5750053241797932
obok1239,lake1255,0.0407272880072993,0.8680699916561583
obom1235,aust1307,-0.2749371133109553,0.3201948787452342
occi1239,indo1319,4.669926998745994,2.162190775956216
ocot1244,otom1299,1.6359278829585002,0.3902350190563353
oriy1255,indo1319,3.58841826568014,1.1955112744247658
ofay1240,nucl1710,1.8890814195011545,1.0947984300899545
kalm1243,mong1349,4.975544018775029,2.3117464019481235
okan1243,sali1255,3.890551640012869,1.7960069685558322
okin1246,japo1237,2.566410206465945,1.3375244769727277
okoe1238,atla1278,2.1507563855419685,0.4441526188121685
oksa1245,nucl1709,0.3925879544150037,0.3056379556557083
okuu1243,atla1278,2.2495620616958174,0.3269283959867435
oloo1241,nucl1708,0.907491420399364,0.5116437272338614
olut1240,mixe1284,2.6788992629731974,1.1823488725701
omah1247,siou1252,4.135536492129496,2.4036650547417526
omii1238,cent2225,1.6745631497172877,0.5370190227957448
omie1241,koia1260,1.082897503292484,0.6043471409340722
onge1236,jara1244,1.399666093811158,1.335556823935963
bira1253,bira1253,2.3451463660760345,1.1379559144838836
onon1246,iroq1247,3.836818103477516,2.379497335728764
orma1241,afro1255,2.628070252006565,0.7956137290980059
oroc1248,tung1282,3.5405427756148944,2.091039613891017
oroh1237,aust1307,2.5338248295933434,0.5150015556991949
orok1265,tung1282,3.5948978091939554,2.277366878645981
orok1269,nucl1709,0.7167462420696742,0.3767622672253528
orok1266,atla1278,2.436129835586254,0.4058741957286731
orok1267,nucl1580,1.4365068173770288,0.8318409660575758
orow1242,aust1307,2.537073857523798,0.5845967284964027
orya1242,toro1256,0.2324369918894091,0.8552817272199178
osam1235,atla1278,3.2298978305319244,0.7590476902889973
otor1240,heib1242,2.6667721401588014,1.108983717758639
otta1242,algi1248,4.046237577798969,2.373088594945805
owaa1237,aust1307,2.500672824702929,0.5781652296216144
paaa1242,afro1255,2.753793175591362,0.5540169261821624
darl1243,pama1250,1.4067513699599332,0.854501848306858
paam1238,aust1307,2.258990990695608,0.3403888944712974
paas1238,atla1278,2.066629072659728,0.5199591690964951
paco1243,aust1305,-4.107300630163106,0.6808395874121866
paez1247,paez1247,2.100791977716288,1.2021763101440022
pagi1243,atla1278,2.9680430773799467,0.6062804026992183
pagu1249,nort2923,0.3679666193049709,0.5302493422034487
pahn1237,hmon1336,-3.63643733674998,1.009936182661213
pait1244,sino1245,1.7446963987223458,0.3416627468154334
paiw1248,aust1307,-0.091177606179666,0.3740395804145491
pala1344,aust1307,1.6999588971488733,0.8356930935918356
pali1279,araw1281,3.4005744038185384,1.7120313467573696
balu1257,aust1307,1.9025787335761957,0.4515217889908238
pamb1243,atla1278,2.2694979146701937,0.5675053177893501
pamo1252,aust1307,1.2152989340310965,0.4483247331331803
pamp1243,aust1307,0.5240341744557613,0.3311659759241583
pana1305,utoa1244,2.6875612323489,1.585937737293635
pana1307,nucl1710,2.4725076819790126,1.070923302853926
enap1235,cari1283,2.903657700345702,1.288539960820637
pang1290,aust1307,0.6754350677719461,0.3086459095435181
pang1291,aust1307,-0.3338376339398512,0.4275420031548864
pang1287,atla1278,2.620431606745816,0.6508949171990115
pano1254,pano1259,2.664258136371354,0.8595537210485928
pany1241,pama1250,1.4488650255156803,0.7165304111512127
papa1238,toto1251,3.183895162134652,1.2440143949364302
papa1265,aust1307,1.7820193775882909,0.3948056018893959
papa1268,aust1307,-0.8955321724237182,0.3634905008540277
para1311,tupi1275,0.5272756487082098,0.8192436486316823
para1302,sino1245,1.6607982574645883,0.340644017273501
para1316,araw1281,2.6075770682254458,1.079714252223004
pare1272,araw1281,2.698553477890582,0.9934213934361756
pate1247,aust1307,1.6211228177749102,0.3052154433934086
patp1243,aust1307,2.027602007230222,0.3849340626667485
patt1248,sino1245,3.809305885150759,1.336341738403509
paul1238,aust1307,2.016252010066979,0.5136444867111303
paun1241,araw1281,2.8111934767324938,0.890197026690954
pawa1255,pawa1255,0.5102130857163534,0.8205855968298907
pawn1254,cadd1255,3.995811790602965,2.308143579390268
pech1241,chib1249,0.7277662594278502,0.80674410569616
peer1241,atla1278,1.944685500078992,0.402349859881701
pela1242,sino1245,-1.1220821081614798,0.3858290409388689
pele1245,pele1245,0.8129056495325866,0.9096454510974978
pemo1248,cari1283,3.308734131176794,1.3472446535121132
pend1242,aust1307,1.018009627039412,0.4472538581471332
peng1244,drav1251,3.717129297373817,1.1380358837035651
peri1253,mong1349,2.2667146580993376,1.6584877326217744
phak1238,taik1256,0.7309321525604342,0.682960371914278
phom1236,sino1245,1.6762480382962812,0.327577664143766
phon1246,aust1305,-3.873814006389585,0.6903818993272126
piap1246,araw1281,3.1689840295794194,0.9751068009684444
pich1237,araw1281,3.69825562020684,1.0747200704179711
pila1245,guai1249,1.7949924405828526,1.270394170512895
pima1248,utoa1244,4.457712315972239,1.6577108358154442
pina1252,piaw1238,1.2933882005402155,0.7832211811319851
ping1243,aust1307,2.1145782860301274,1.0166351545062642
pint1250,pama1250,0.8569136836825706,0.6854965318081163
pipi1250,utoa1244,2.6131529946877343,1.1695026862802689
pite1240,ural1272,2.427369464795702,1.671705371411452
plai1258,algi1248,4.178945856485192,2.213312959921283
plat1254,aust1307,1.713259234680676,1.3177820839941703
pnar1238,aust1305,0.6745563445493907,0.4987790043663089
pohn1238,aust1307,2.104203161085445,0.9988984142795968
poko1263,nilo1247,2.9683381264506576,0.978772702657774
poli1260,indo1319,4.521409405435726,2.085495286979029
popt1235,maya1287,2.9401075753915413,0.8878157985527872
port1285,aust1307,2.16796139162343,0.3161606939273826
port1283,indo1319,4.557272161156686,2.4918254773066675
pott1240,drav1251,3.843928108035966,1.1558704865589933
phai1238,aust1305,-3.413719457471797,0.6218094638117817
pras1239,indo1319,4.427935362750823,2.01595940105138
psik1239,afro1255,1.7126005291621929,0.3716882227578924
puin1248,puin1248,2.721687773670279,1.3657890309622402
puka1242,aust1307,1.4190622195796851,1.1549628173020827
pula1263,atla1278,3.2959951084913275,1.037106469372263
pula1262,atla1278,3.119083125271224,0.924532065451522
pulu1242,aust1307,2.099632002718903,0.9485896564920472
puma1239,sino1245,2.787262346411072,0.4672449136381122
pume1238,pume1238,1.4962501832717745,1.3141047406284845
pura1257,pura1257,1.1896595429009518,0.8770342063323584
pure1242,tara1323,3.0969339330150785,1.6145776670711809
puri1258,sino1245,3.934003073551443,1.4484870193545103
puyu1239,aust1307,-0.156158529531909,0.3516628305181299
qanj1241,maya1287,2.9202047727509357,0.9035104295233168
qaqe1238,bain1263,1.731518480739408,0.8962091515800381
qawa1238,kawe1237,2.0748467747623898,2.211470768285686
qima1242,afro1255,2.9785424468777126,0.9354675907983174
quer1236,otom1299,2.4834006144453173,0.7766983213203309
quey1238,sino1245,-0.4779846933155889,0.4528097023867103
quio1240,otom1299,1.6017217514961462,0.4128394609635903
rabh1238,sino1245,1.9524868494251997,0.4027019761694173
rade1240,aust1307,-1.0189111784699878,0.6211730176796544
raji1240,sino1245,3.388473528552894,0.8651247573902396
rama1270,chib1249,0.3856803711812642,0.6183130525237441
ramo1244,aust1307,1.764209725612126,0.3601352336205563
rapa1244,aust1307,-0.9951577752542622,1.795892175876754
rapo1238,nort2933,1.5050769364906236,0.8724532545081027
rata1244,aust1307,0.6749127636803358,0.5232056179965139
raut1239,sino1245,3.381512654111701,0.9017232859299048
rawa1267,nucl1709,0.5727990848533531,0.2523330290102992
reja1241,aust1307,-0.0872816623266983,0.4704880130170115
remb1250,aust1307,1.0379704137343837,0.4272287792559184
rend1243,afro1255,2.215115777403293,0.6820283661593045
reng1252,aust1305,-2.366982245025667,0.6394479763321406
renn1242,aust1307,0.7958828382952834,0.5779185808162954
rere1240,aust1307,0.4020840842283895,0.2999377565763539
resi1247,araw1281,3.185715699249924,0.9111857484734264
reye1240,pano1259,1.5719544298356505,0.8536793814977246
rian1263,kolo1268,0.429388540666201,0.7559923396378987
rikb1245,nucl1710,2.4012054594482466,1.0551172868883554
rita1239,pama1250,1.0608451039610878,0.5303780358707164
beka1241,aust1307,0.237731087164287,0.5688281619241251
roma1326,indo1319,4.62203399033829,2.1206848746389584
romb1245,aust1307,-0.1083569798023509,0.3710811500292292
ronn1241,afro1255,2.519982830638746,0.5150920324014194
rong1266,sino1245,1.9372283438918827,0.3141977264011073
rong1264,sino1245,3.356794504523568,1.0668620148828665
roto1249,nort2933,1.452973557704992,0.8684234240386202
rotu1241,aust1307,0.664627195808035,0.9156368738959592
rovi1238,aust1307,2.159045161034713,0.4331474729649907
ruch1235,aust1305,-0.8742708166584161,0.5370653139507251
ruka1240,aust1307,-0.0133284139315676,0.3505328301878223
ruma1248,aust1305,-2.352180527317268,0.5714268996791492
rumu1243,tura1263,0.2852866614023703,0.8228142009481565
rung1258,maba1274,2.2090961022637576,1.1671763709631824
rung1259,aust1307,-1.0970140692539867,0.3822926076173387
russ1264,mong1349,3.1414611766988974,2.0045179836949383
russ1263,indo1319,4.8994084937805935,2.482865772713529
rutu1240,nakh1245,4.851858969938402,1.9715286435330936
saaa1241,aust1307,2.165915101321136,0.3377466902642547
saaa1240,aust1307,2.5190028503381074,0.5163400328194871
saam1283,atla1278,2.9315798788678213,0.5727398267033839
saar1237,aust1307,-0.1536931246109545,0.3438300530923843
saba1267,aust1307,-2.821566538096863,0.3704379998554534
saba1268,namb1299,2.0532640757522884,1.1357151781523798
safw1238,atla1278,2.7068353826707567,0.6548459788461862
saga1262,atla1278,2.494554733548541,0.6157648919330994
sais1237,aust1307,0.3599308260207681,0.4140382312184787
yaku1245,turk1311,3.571847356391168,2.733910929123531
saki1247,aust1307,0.3539061161419767,0.3735861982681205
tsis1238,atla1278,2.5043139856155685,0.5695799906239483
salt1242,nucl1709,0.5421507258037539,0.259775896353112
samb1311,atla1278,1.7207695330050736,0.3775895297782958
samb1305,atla1278,1.789300552939814,0.3794030361903595
samo1303,east2433,0.4525885385655428,0.742174338912672
samo1305,aust1307,-0.7578762816208557,0.9202580067841284
wara1292,atla1278,2.4729150655947656,0.5478764546231543
sana1295,afro1255,3.863327977398993,1.7600736224820517
sanb1241,otom1299,1.4476955700599292,0.4283617506990671
sanb1242,chib1249,0.4245996144581223,0.6561541013316412
sand1273,sand1273,2.458193411697997,1.263681573906235
sand1278,huav1256,2.4583522181620605,1.275926709687671
sang1331,atla1278,3.3870077852919174,0.9398914992083838
sang1321,sino1245,1.85467267481716,0.3120900523422123
sang1330,atla1278,2.5883213466889163,0.6304002214973123
sani1269,sino1245,-2.4698750355460657,0.478748869566783
sanm1301,otom1299,2.056895250581426,0.5227104175888955
sanm1289,quec1387,3.368686745290727,1.2651726369198246
sanm1295,otom1299,1.6725788015075125,0.4027439029663924
sant1410,aust1305,1.4877603845578455,0.6160395822619509
sant1451,otom1299,1.6217892705273105,0.4760128432158712
sant1436,otom1299,1.6734737237177009,0.4196131202316131
sanu1240,yano1268,2.933079076960785,1.370939384950464
sapo1253,aust1307,1.849173010265124,0.3943037537073905
sapu1248,aust1305,-4.291376076998303,0.6459291324034924
sara1321,cent2225,1.1354167281181995,0.6438686991441611
sara1327,aust1307,0.0190537175814577,0.3996665317724859
sars1236,atha1245,4.103053016235128,2.060571671543069
sasa1249,aust1307,0.430008391282954,0.5931091693511874
sata1237,aust1307,2.167603251912702,0.9477706942556088
saur1249,drav1251,2.747391358586795,1.0826093419571157
savo1255,savo1255,1.9813869187928577,1.1015177488752692
saya1246,afro1255,2.4837980064120178,0.4884052883363532
seda1262,aust1305,-4.365372768456718,0.6502767184337355
taro1264,aust1307,0.2848239660858622,0.3581397277148785
seim1238,aust1307,1.6505460222200576,0.5309353421344807
seke1241,aust1307,2.1840994382861343,0.3395650110193529
sekp1241,atla1278,2.0474240529103302,0.4575922107852692
sela1259,aust1307,1.8557189895174813,0.5954081217577198
sela1260,aust1307,1.3089226167061965,0.4581516298682215
sele1249,atla1278,2.0599796519054228,0.4570903150469352
sele1250,nucl1709,1.0537065130452408,0.3079357257359496
selk1253,ural1272,3.605528630123601,2.4290391724493405
sema1266,aust1305,-0.6188506630438595,0.5014429684796999
sema1265,aust1305,-0.6619342604445353,0.5156942851573536
seme1247,aust1305,-0.5145979601607968,0.5434497214951879
sene1264,iroq1247,3.854168535539001,2.339952169093426
seng1281,aust1307,1.9970658654466416,0.3666119320419234
nucl1632,sent1261,0.1681261840193375,0.8516393396436999
sout1528,indo1319,4.759969741280192,2.0956547864117123
seri1257,seri1257,3.830755730209056,2.2208938671071508
seve1240,algi1248,4.156015015341625,2.592073142284971
sgaw1245,sino1245,0.4196462320016061,0.5401745381662595
shab1252,shab1252,2.2905418410887584,1.120495623903662
sham1280,atla1278,2.43455085020109,0.5862275665265124
shan1283,pano1259,2.7972027485330666,0.8639451161848761
shaw1249,algi1248,3.919953608681737,2.2812777211355506
shee1238,hmon1336,-2.2353949025320814,1.0101637557755718
shek1245,dizo1235,1.6556310820447018,0.9448956078422176
sher1257,sino1245,1.8681745888670425,0.3639204361987511
biao1253,taik1256,-1.399069192582968,0.7683321543619086
shil1265,nilo1247,2.8092922310232,1.0026969687667644
ship1254,pano1259,2.745727189420878,0.9064169174155424
shix1238,sino1245,1.0557741327037484,0.3956470191938073
shol1240,drav1251,3.990122787820479,1.4019203238984814
shon1251,atla1278,2.88466441078072,0.9260775019059656
shor1247,turk1311,3.615381403795496,2.4282170873859497
shos1248,utoa1244,4.673182543073921,1.701575361131168
shua1257,jiva1245,2.7914892778008613,1.232544840795803
shwe1236,aust1305,-0.563146797581779,0.5396645047327562
siam1242,siam1242,1.6496894496005707,1.1430400126477172
siar1238,aust1307,-0.02424033296201,0.3640501818084347
siaw1243,amto1249,1.0371150110998593,0.8380354405475581
sich1238,sino1245,0.5941245638961092,0.4176112726759493
sici1248,indo1319,4.709307687286154,2.165472170568886
sici1249,atla1278,2.493895990123423,0.561538183073012
sida1246,afro1255,2.7473522156605856,0.6705441609339284
siee1239,aust1307,2.4945722726646777,0.4959240277483316
sier1250,otom1299,1.56776835893346,0.4048407671030838
sier1248,utoa1244,3.175854223938692,0.9477747396461648
sika1261,aust1307,1.9786194382277889,0.6025404524659916
siks1238,algi1248,4.171951113961578,2.0776930763167014
siku1242,aust1307,0.5711947802690509,0.6543470964574953
simb1256,aust1307,2.030903124583645,0.4324854507541129
sina1266,aust1307,1.678608047151422,0.372209034445865
sini1242,mand1469,2.6879665987174626,1.0243275714693176
sioo1240,aust1307,2.01757230226308,0.3202634427063908
sion1247,tuca1253,2.170247133941708,0.9341852500280124
siri1274,tuca1253,2.4384206775684536,0.8476731889650435
siri1273,tupi1275,1.7187509187678232,0.7657840649564034
siro1249,nucl1709,0.6797784704175593,0.2684781706546606
sile1255,nucl1709,0.6902922883035059,0.2620309389515931
sisi1250,aust1307,1.664938553091456,0.4178901477976584
situ1238,sino1245,1.683266538973248,0.5114709354847422
siwa1245,sout2948,0.7853787544078354,0.6526398503318376
siwi1239,afro1255,3.896288684266052,1.811842261675912
siwu1238,atla1278,2.0795115378992266,0.4684049082616197
siyi1240,sino1245,1.6835572716118117,0.3488750021917375
skol1241,ural1272,3.454012387025498,1.997426702306639
slov1268,indo1319,4.67751152605444,2.0971321183495912
sooo1254,aust1305,-4.076578247961542,0.7016844568052032
sobe1238,aust1307,1.3110133855740056,0.433647014969293
soch1239,otom1299,1.632771447600842,0.4314830870895108
soga1242,atla1278,2.9286036297626845,0.5957567225929297
soli1239,atla1278,3.124396335526263,0.9047408131870354
soma1255,afro1255,2.8922558073575475,1.2593998410882348
soni1259,mand1469,2.958417327350944,1.1147067351696154
sons1242,aust1307,1.449284343904543,0.7361630164051367
sooo1256,kuli1252,2.529894911219389,1.1351363695464145
sora1254,aust1305,2.40997613778737,0.8009839552704232
mani1235,east1459,-0.0413607779941997,0.7812217991603685
koon1244,atla1278,3.5575574551789666,1.0744719102457396
sout2859,aust1307,2.1311608560550543,0.3297486732018551
juho1239,kxaa1236,3.4342192787568995,1.8485252378264567
sout1549,drav1251,4.1472683188021575,1.3409709169659667
sout2976,utoa1244,4.081415594061483,1.4540076679667306
sout2856,aust1307,2.437978313322567,0.4160680585401151
sout2954,japo1237,2.6057085466559577,1.424337029630279
sout2996,ayma1253,2.5794026118808677,1.4536577893500136
sout2730,sino1245,-1.840781007558012,0.3746595892532158
raro1241,aust1307,-1.5289196667634115,1.3608489422620886
sout2741,taik1256,-0.0288697343645645,0.6063368716777808
sout2715,sino1245,3.142156676913135,0.596375506412524
sout2826,krua1234,1.8029704805285396,1.4200596829082055
sout3236,gumu1250,2.5436621430490143,1.1583671179832962
sout2956,haid1248,3.0763914524089677,2.114677891927589
kach1280,sino1245,0.7961572799218453,0.3826688585185422
sout2949,kiwa1251,0.5410320576433514,0.76990356560106
sout2994,namb1299,2.1697970221339387,1.191248248629548
sout2649,indo1319,4.65860928841674,2.153881641346437
sout2729,sino1245,0.8521781456612878,0.3786554762975451
sout2728,sino1245,1.5845643288788254,0.5334624191998367
sout2918,aust1307,-0.344516937261186,0.4236408276276693
sout2985,miwo1274,3.909103409581091,2.027712686828752
sout2807,atla1278,2.7432843890019667,1.346252446126018
khan1277,sino1245,1.7235962279709356,0.2982977979914429
sout2797,atla1278,2.359108271823445,0.5281119773499685
sout2679,ural1272,3.989576029343672,1.7921307896957122
sout2782,atla1278,1.8051891485596048,0.4296950337141125
sout2895,aust1307,2.055725810840332,0.4979624354043146
sout2674,ural1272,2.980236352139989,1.8917635018027736
sout2959,atha1245,3.794281293388842,2.3347956420569176
para1301,aust1305,-2.8355388881444465,0.5628319757736477
sout3261,nakh1245,4.833428821832718,1.979539020104521
sout2869,aust1307,2.535497658588058,0.5371830522165841
stan1318,afro1255,4.463765874963267,1.9035044770971563
indo1316,aust1307,-0.285164194104393,0.6562048244739667
stan1306,aust1307,0.934369974713758,0.5349152390789293
horp1239,sino1245,1.6544775695408898,0.4827297666790713
suab1238,sout3418,1.5380854782626818,1.0208688776461408
suba1238,atla1278,2.9733898645356547,0.5889244759826604
sude1239,aust1307,2.050850543004418,0.6061760573846247
suen1241,nucl1709,0.9073202070755793,0.3413369880322245
suku1259,atla1278,3.7029338403198016,1.042222521633911
suku1261,atla1278,3.039813477860968,0.6495581099120638
suku1272,afro1255,2.0411109188363783,0.3769986331234842
sulk1246,sulk1246,1.418639763429665,0.9494536762171686
sumi1235,sino1245,1.841299050677268,0.3148851368601226
sund1252,aust1307,-0.3545406610744623,0.7516906608614655
mari1426,aust1307,1.9915352027573363,0.3641421994614928
sunw1242,sino1245,2.979235169783716,0.4942830799964208
supy1237,atla1278,2.618593064315217,0.6285992353395393
surg1248,ural1272,3.802136294666013,2.4846008056375206
surs1246,aust1307,1.9210175317310076,0.3760161295256479
suru1262,tupi1275,1.6415844429575133,0.7634826788150626
suru1261,tupi1275,1.4674446639920018,1.1665111814795712
susu1250,mand1469,2.7782592841910905,1.0475465603759408
swah1253,atla1278,2.4876197236224766,0.6384756342117117
swed1254,indo1319,3.8589310177759777,2.040826257810045
taba1263,nort2923,0.5022371497616307,0.5636406089192683
tabo1241,tabo1241,0.282677274555692,0.8444949394488019
tafi1243,atla1278,2.0377775589583806,0.4773801552057155
taga1272,aust1307,-0.2610756864126813,0.3314998976797052
taga1273,aust1307,-0.8049745911276482,0.3754131906110407
taga1270,aust1307,0.0343021126702818,0.3670814265606634
tagb1258,aust1307,-0.528343132668692,0.4606333235415376
tagi1241,sino1245,1.6697939046220738,0.3795070805689606
tago1246,rash1249,2.6973870717309434,1.203199174179539
tagw1240,atla1278,0.1877631713405815,0.5314784566110906
taha1241,afro1255,3.5533559865987443,1.4724411526483945
tahi1242,aust1307,-0.1173351174797749,1.2350893033382322
taia1239,taia1239,1.0661569296505065,0.8620288876979902
tain1253,anga1289,1.3886260431949489,0.7593263229632061
taji1246,aust1307,1.017329308950798,0.4487664728795089
taki1248,aust1307,1.4629469780572693,0.3239349358367756
taku1257,aust1307,1.5115105073161752,0.5263452853441009
binu1244,aust1307,-0.1373721810190251,0.3232571569862932
tali1259,aust1307,2.632267540296888,0.4940477176569433
tama1331,tama1329,2.8085525782661747,1.3851941945221138
malo1243,aust1307,2.368301411768213,0.334075443735879
tama1365,afro1255,3.054114901184509,0.8446318301904112
tamb1254,aust1307,-0.9117736898983048,0.3478708257076648
tami1290,aust1307,1.9135670497228483,0.3299114088623236
tami1289,drav1251,3.763132696717696,1.4724815292349898
tane1237,aust1307,1.676158118069002,0.4886113767987972
tang1377,sino1245,1.766673591320581,0.4446181778621456
tang1348,aust1307,1.9394620418846265,0.4224567599909163
tang1373,sino1245,2.1705056143442283,0.8296465986490835
tani1257,tuca1253,2.512658546460587,0.8911191329604313
lowe1412,aust1307,0.6302203998798266,0.2807297612169779
tara1313,sino1245,1.807018553034942,0.3268165139215457
tari1256,araw1281,3.3658977279038416,0.9117597747195196
tari1263,afro1255,3.8474399891961766,2.085135600961065
tata1258,otom1299,1.5494275538181577,0.4169716762172686
tata1257,aust1307,-0.7383082498298106,0.3670688803896116
tata1255,turk1311,4.590182537838451,2.500611197707264
taul1251,taul1250,1.537044618830638,0.9598664144751594
taus1253,taus1253,2.5992588377136863,1.2901137465453285
taus1251,aust1307,-0.4706134165529567,0.3997487434835927
tauy1241,nucl1709,0.6140970330530537,0.2528721192769647
tawa1275,aust1307,1.539482852952073,0.3985967374829422
tawa1286,afro1255,2.918087326310782,0.9160481990311248
diga1241,sino1245,1.522402467738604,0.423841206734425
taya1257,afro1255,3.218624484856456,1.0822738232697895
tbol1240,aust1307,0.0906931116019515,0.3625721792376137
tean1237,aust1307,1.803796597670296,0.4996574669429674
teda1241,saha1256,3.3497275147227104,1.6091715456735107
tedi1235,sino1245,1.6610429804218434,0.3569538439254329
tega1236,rash1249,2.6955253571948057,1.2014765972038948
tehu1242,chon1288,1.94899747433153,2.0793804252247616
teiw1235,timo1261,-0.4334401104956735,0.5969506442402479
tekt1235,maya1287,2.9487305468781613,0.8994683840577338
tele1256,nucl1709,0.3805445638918208,0.3077327270103884
telu1262,drav1251,4.085606286381339,1.343675479615642
tema1239,utoa1244,3.6118577568686288,1.0695848420070706
temi1246,aust1305,-0.4412380203992163,0.4945580198436512
temo1245,otom1299,2.3898633485974963,0.6986205151942766
temp1235,aust1307,-0.93359022320707,0.3574293823377283
teng1272,aust1307,0.3916187115042318,0.615619389243367
tene1248,dogo1299,3.0578149992164145,1.2520314515358018
tenn1246,surm1244,2.4721680141727616,1.0277935083626506
teop1238,aust1307,1.821185314160596,0.3929100568841748
tera1251,afro1255,2.3995174522452105,0.4664583259504402
tere1278,sout2948,0.5026373155353423,0.6493053801758748
tere1279,araw1281,2.362223734589815,1.09112422801971
teri1250,chib1249,0.5703056082850972,0.5919958885998291
term1237,aust1307,0.691701409066535,0.466319306124701
tern1247,nort2923,0.3855073431932991,0.5421633554292833
tete1251,utoa1244,3.544729358856128,1.0059065648121837
tetu1245,aust1307,0.873641019642085,0.3980476275068034
teun1241,aust1307,1.9601682744884537,0.5453443189146587
tezo1238,otom1299,1.8414986258172628,0.4318234699234309
thad1238,sino1245,1.8335969570679669,0.334348871918193
thai1261,taik1256,-1.1051327064408274,0.8447428756368476
thak1245,sino1245,3.2917747095451397,0.7131290212695718
than1259,sino1245,3.0867588970698723,0.5957565218681591
thao1240,aust1307,0.0433821349921728,0.3514381309772596
thar1283,atla1278,2.6932977025938056,0.6627501959038358
aheu1239,aust1305,-3.9682054986010185,0.7071393826531298
thay1249,pama1250,0.205830485638236,0.5274783802816674
thul1246,sino1245,2.4205803560923487,0.4593505306679435
tibe1274,atla1278,2.593763783705794,0.3953617124469004
tibe1272,sino1245,1.8495270882864088,0.5002678321448943
ticu1245,ticu1244,2.8589626900189336,1.374898428364137
tido1248,nort2923,0.5000466518671471,0.5653400994239384
tief1242,atla1278,2.407700824970348,0.5133011709697235
tief1244,atla1278,2.427460799860219,0.5172678145516527
tien1242,atla1278,3.545623785526613,0.8977030959206815
tiga1245,aust1307,2.087624831948502,0.4370922791103457
tigo1236,atla1278,2.100682826784268,0.3439066351730853
tika1246,atla1278,2.2728062415336074,0.3931289440294945
tiko1237,aust1307,1.3095322588735476,0.5356160987998324
tilu1238,sino1245,2.7971716745824264,0.4700147666021701
tima1241,katl1246,2.532424437579,1.2534376590785086
timn1235,atla1278,2.7107719816749034,0.8620827423612307
timu1262,aust1307,-0.9374792881707928,0.3501529578146236
tina1248,aust1307,0.6057511585682116,0.3373298495660761
tira1254,heib1242,2.6593556528300826,1.101965025266156
maee1241,aust1307,2.333038281798212,0.3216068896398689
tiri1258,aust1307,2.398188320154004,0.5587566427416064
tiru1241,aust1307,-0.0569082500378295,0.3392367177677475
tita1241,aust1307,1.889949092930475,0.4581275578998403
tivv1240,atla1278,2.296902852576521,0.3641240552465827
tiwi1244,tiwi1244,1.5196168652325637,1.051390107607885
toab1237,aust1307,2.4654689077219425,0.4884111830658728
toar1246,nucl1580,1.44813241433522,0.8305289169772458
toba1268,leng1261,2.009188958870143,1.3630622282251317
tobe1252,nort2923,0.5606321773130758,0.5624835147679326
toda1252,drav1251,3.97541935490096,1.4112709164416315
toho1245,utoa1244,4.576979570244028,1.7048291541950698
tojo1241,maya1287,2.804726561293185,0.9101537426958806
toke1240,aust1307,1.4490920481762335,1.123460990601477
toll1241,jica1245,1.7964464709660517,1.2537657965724578
tolo1255,aust1307,2.4043343259966004,0.3735871310416838
toma1245,mand1469,2.08334798387316,0.7934936159513319
tomb1244,aust1307,-0.9383050753840224,0.3687472238802538
tomm1242,dogo1299,3.212963168287425,1.2902241035717117
tond1249,song1307,1.5648040290683674,1.1034530318296176
tong1325,aust1307,0.0177226126037393,1.100559609671422
tong1318,atla1278,3.2647734951024394,0.9184378799880402
toor1238,atla1278,3.0156427002984096,0.6007770303833118
tora1259,aust1307,1.7310431306246452,0.3882804946457172
tote1238,atla1278,3.5398218507073382,0.9886953078025312
toto1302,sino1245,2.306337434608752,0.4625780769686831
touo1238,touo1238,1.7155826740454136,1.0543717434915454
trin1274,araw1281,2.834830372915964,0.910431234929185
trio1238,cari1283,3.287576313367266,1.520133999566967
trum1247,trum1247,2.2774787401112238,1.3561280626096486
colo1256,barb1265,1.210198727008003,0.8721841608386085
tsam1247,afro1255,2.239789150319858,0.5901638275833867
tsat1238,aust1307,-2.265494391240554,0.7574149886895309
dido1241,nakh1245,4.870325668147242,1.9528301254128475
tsha1245,sino1245,1.9584026231645024,0.3937484419845645
tsix1234,khoe1240,3.316937237669476,1.693640460153575
tsog1243,atla1278,3.191179086391649,0.8859868445521841
tson1249,atla1278,1.883003818579165,1.035496117376975
tsou1248,aust1307,-0.164083503498067,0.3402589203307129
tswa1255,atla1278,1.9014146572780917,1.0246459480640584
tswa1253,atla1278,3.134760898023341,1.17947402690529
tuba1278,utoa1244,4.590404373726206,1.6356413457427226
tuca1252,tuca1253,2.594590358356561,0.8731986924221959
tuge1241,nilo1247,3.060288426186262,0.9899490639907588
tugu1245,aust1307,1.5303782742246284,0.4491305392034079
tuka1248,aust1307,1.5813841478811053,0.4826530696933133
tuki1240,atla1278,2.6950697133517463,0.4394276424159917
tula1252,atla1278,2.2536602640025225,0.4307290159017234
tulu1258,drav1251,4.116190294093217,1.4897237609652283
tuml1238,aust1307,1.463619036302626,0.3498723047521919
tumu1242,atla1278,2.1784892984969533,0.533243435056364
nene1249,ural1272,3.8152672879834872,2.55960644517034
tune1261,atla1278,2.6413183771592674,0.4064692682440625
tung1290,aust1307,2.024331092851837,0.4634031023052012
tunn1238,afro1255,2.7858737398913624,1.0982092147133722
turk1308,nilo1247,2.755190489910388,0.9480868184647924
turk1303,turk1311,4.5978734089347135,2.3079465280096634
nucl1301,turk1311,4.667640018648912,2.391308128849201
turk1304,turk1311,4.500524586050617,2.463428639016451
tusc1257,iroq1247,3.9017744981606777,2.3363559691542446
tutu1241,aust1307,2.279531099448058,0.3305674954756528
tuva1244,aust1307,0.5211000192053281,1.0998864586484118
tuvi1240,turk1311,3.355170809254731,2.3403446109216457
tuwa1243,aust1307,0.5261982424503522,0.2685376243978901
tuwu1238,atla1278,1.987739971259001,0.467355781766821
uuuu1243,aust1305,-3.520492488449497,0.581678049312361
ubir1237,aust1307,1.5837147767998103,0.3542207091215661
udii1243,nakh1245,4.830177588153516,1.9920757632557289
udih1248,tung1282,3.373697997824084,2.036104069564628
uduk1239,koma1264,1.663833122532459,0.9720509842338956
ughe1237,aust1307,2.197785327112672,0.4414941536216266
ugon1239,sino1245,-2.2544397385882045,0.7166332106609694
ukaa1243,atla1278,2.1551679527792373,0.449382795310195
ukra1253,indo1319,4.893517235080628,2.1836357486398974
ulch1241,tung1282,3.6190174476793846,2.162656943052628
ulit1238,aust1307,2.1869374252099187,0.9844578588901758
ulwa1239,misu1242,0.4090721398760069,0.8529448233733055
yaul1241,kera1258,0.7099625380299783,0.7208994451888904
umaa1242,aust1307,1.2904006015026794,0.4558187778620866
uman1240,daga1274,0.1043845758401524,0.7537909314338993
umbu1257,atla1278,3.662402733576342,1.4049302874747638
umbu1258,nucl1709,0.6204718335270263,0.267944144288776
umes1235,ural1272,2.843073300224938,1.6682210460053883
unaa1239,nucl1709,0.4733062993934491,0.3384240078771396
unea1237,aust1307,2.06904463492537,0.3723649258630006
unua1237,aust1307,2.310499888996782,0.3001510845796389
uppe1427,aust1307,-2.708210813294317,0.3751852798466109
uppe1275,toto1251,3.179934754370189,1.2285078018758375
urak1238,aust1307,-1.165713587551637,0.6447742169190063
urar1246,urar1246,2.934524020903156,1.3440471867927464
urav1235,aust1307,2.487433021746475,0.4876426188227389
urim1252,nucl1708,0.8750884711924334,0.4960261008296029
urip1239,aust1307,2.3168924735150567,0.3189419215544533
urni1239,giim1238,0.5204909758487117,0.9295395618977512
usan1239,nucl1709,0.5174764101251759,0.2634607134791062
utes1238,utoa1244,4.783174973602099,1.8242809819725816
kagf1238,atla1278,2.8242278115438504,0.6667819392385925
pile1238,aust1307,1.8925154192351088,0.5666758918133574
veps1250,ural1272,3.974680634773202,1.9709763440947743
vera1241,aust1307,2.1292056234947907,0.410315815027372
viem1243,atla1278,2.365458161298808,0.5392717227676722
viet1252,aust1305,-3.8904819605516296,0.7361304546016112
voti1245,ural1272,3.8211615010256272,1.780291961323511
vunj1238,atla1278,2.52073233789994,0.5757460813482944
vure1239,aust1307,2.1252698051760754,0.4098001664418969
vwan1235,atla1278,2.5280910046270724,0.6293719771242303
wadj1254,wadj1254,1.357140099304344,0.9792412650512669
waga1260,pama1250,1.2707683765041564,0.6098916118717783
wage1238,wage1238,0.5252314873357942,0.9282181506246778
waig1244,aust1307,1.7915661542289174,0.5205031568275054
waim1251,aust1307,1.858057884115921,0.3657061367078493
waim1252,aust1307,-0.4073848976052456,0.414829710337897
waim1253,cari1283,3.263729189323813,1.3597832424144487
waiw1244,cari1283,3.335553894928471,1.3757770883427325
waja1259,atla1278,2.240351987039769,0.4334144018695358
waja1257,pama1250,-0.1996091470792911,0.8756596336459626
waka1274,pama1250,-0.5050818065879177,0.8584235949414909
wala1266,aust1307,2.518972928831348,0.4843765053879401
walm1241,pama1250,1.0528161508055622,0.6364870204787669
wamb1258,mirn1241,1.9148305700824155,0.9817915686369828
wamb1259,nucl1709,0.431772510176867,0.3477065142646536
wamb1257,sino1245,2.85629646782237,0.4755295849098919
wann1242,mand1469,1.5222849708759676,0.6643105511839682
wand1278,afro1255,2.165004037392395,0.4004955107137058
wand1267,aust1307,1.5661387394335504,0.4245967577314284
wanm1242,pama1250,1.4181880809984355,0.727697743087286
saka1289,aust1307,2.3422869032506743,0.3668174450159154
waor1240,waor1240,2.449637539057304,1.2441200051110135
wapi1253,araw1281,3.543492162881207,1.303372010367826
wara1303,wara1303,2.949026191834199,1.8645909230960436
wara1300,aust1307,0.3945127320812647,0.4444812827895257
ward1246,yang1287,1.404652956015302,1.0445487695005609
ware1255,araw1281,3.3725540016397613,0.9749436394195778
ware1253,aust1307,1.2676242097994732,0.4425069872222362
wari1268,chap1271,2.4243717489833307,1.2935336885862894
warj1242,aust1305,-1.4619021111482102,0.5164724635654472
warl1255,pama1250,1.0063440569001036,0.5681840003841327
warl1254,pama1250,1.0272268036131311,0.6095170848197942
warl1256,pama1250,1.328046248403958,0.6692064674244604
waro1242,aust1307,1.1362213248155122,0.4199101503618485
warr1255,pama1250,0.5187351335143355,0.5850001858100886
waru1265,pama1250,1.1758145354088836,0.6039858316946369
wash1253,wash1253,3.9450332420956986,2.054857903741148
wask1241,nucl1709,0.5452188859610425,0.3110821875131395
waur1244,araw1281,2.705601087714233,0.952174403336392
wawa1246,atla1278,1.9836500454460304,0.3826323154763269
waya1269,cari1283,3.25729601297412,1.5917039426046826
wayu1241,sino1245,2.9767246344724523,0.5010500752284459
wayu1243,araw1281,2.561719255906065,1.0977668816531811
weda1241,aust1307,1.5124973315139616,0.3670668949039819
wels1247,indo1319,4.3143500435651285,2.417654030930393
nort2864,aust1307,2.0073017839467333,0.5109970384816118
weri1253,kuni1270,1.6868943126276408,0.7357992215703208
west2564,aust1307,-0.5608498086422498,0.4234382890486503
west2560,aust1307,-0.8518276775332678,0.3536756964783865
west2548,aust1307,1.9104129571060988,0.5278155018981581
west2615,atha1245,4.245057144316706,2.007748677135597
west2441,pama1250,1.2134740748992616,0.6646717945179113
west2397,aust1305,-4.107258260825251,0.6966106716616998
west2555,aust1307,-0.2875256204444625,0.3160341999103511
west2618,eski1264,3.993990515676099,2.994340659498672
west2650,aust1307,-0.863044686772489,0.6718720802759428
west2594,nucl1709,0.5090570491184927,0.3947893024665334
west2778,utoa1244,4.052942533606128,1.4902282459590612
west2369,indo1319,5.109482971332365,2.205919142651137
west2519,aust1307,1.5506852053891,0.9771220715309288
west2354,indo1319,4.361622138750457,2.2164775720986247
west2644,otom1299,1.5446073749897655,0.4002605465760775
west2624,utoa1244,3.818828992248559,1.1303045960123157
west2466,atla1278,2.450073177096012,0.5121537140331349
west2632,kere1287,4.13186825523733,2.1800440295211256
west2396,aust1305,-2.9796939032801664,0.5761003379168947
west2418,sino1245,3.33331963712858,0.7061243905701247
west2392,ural1272,4.281122553703733,2.142860212840155
west2763,afro1255,4.547814942872242,1.880173311457272
west2386,indo1319,4.086223860039377,1.654916696663609
west2557,aust1307,0.0076864735762756,0.3918701843552585
west2415,sino1245,3.1768707689230533,0.5824193519501901
sanj1284,otom1299,1.6642597038160496,0.3954463762677425
west2430,hmon1336,-0.2733289559997338,0.8949331150630115
west2599,nucl1709,0.5921831722648792,0.2893870470086583
west2600,nort2923,0.3826580311354344,0.5604408341991491
saka1291,aust1307,2.0435943449689944,1.2472173386318532
west2538,aust1307,1.7624747812964103,0.5617040617990301
west2516,aust1307,2.350998975159085,0.5217336415969882
whit1269,aust1307,2.527343849895976,0.5285327625903431
wikm1247,pama1250,0.2033963891532688,0.526688549788279
wira1262,pama1250,-0.4964692061155888,0.9137037107999264
wiru1244,wiru1244,1.169852539997364,0.8593637800553298
babi1235,atha1245,3.2663085975523525,1.9079285779440496
woii1237,aust1307,1.355018689931453,0.4324754548661227
wola1253,afro1255,2.7925643012264154,0.7208716115228175
wola1242,gong1255,2.289807065239334,0.6553149676755545
wole1240,aust1307,2.155504239716631,0.9619970953932908
woli1241,aust1307,1.557422137431091,0.4461628675545328
nucl1347,atla1278,3.4551101903889894,1.210896088592578
wood1236,algi1248,4.148789875270939,2.594470307829899
wotu1240,aust1307,1.3827228739551551,0.4338961278464337
woun1238,choc1280,0.5253177287146613,0.8205705421150014
wuch1236,sino1245,1.650431855386489,1.0009607667768652
wudi1238,sino1245,-0.3515163389990317,0.4116768841393439
wuna1249,worr1236,0.6554727958912783,0.8521438879289605
wusa1235,sino1245,-2.149886392422502,0.4269170815891487
wutu1241,sino1245,2.226434255686321,0.7720667857900887
wuvu1239,aust1307,1.5219024230510785,0.4748277628082915
xamt1239,afro1255,3.1851038050845086,0.9950207940291778
xara1244,aust1307,0.5202908190186281,0.5413765646751498
xava1240,nucl1710,2.3953992349453523,1.0642219244176123
xhos1239,atla1278,2.6795430371375195,1.487866921956126
xish1235,sino1245,-1.9924525810931928,0.400297670012963
xokl1240,nucl1710,1.6561495287305334,1.2389604858941905
yaak1241,afro1255,2.6645211453569293,0.6910813350412224
yabe1254,aust1307,1.9754421689149908,0.3255966335931965
yaey1239,japo1237,1.7738971937699448,0.9743322944415836
yaga1260,nucl1709,0.6857137789208223,0.2584850233106572
yagu1244,peba1241,2.762274039212439,1.3108402974726827
yaka1272,atla1278,2.965963291118212,0.6098033772691358
yaka1277,aust1307,0.1106413367416681,0.4078850533222828
yaka1269,atla1278,3.689384911367701,1.0623167806478775
yakk1236,sino1245,2.295516941393876,0.4630932421951721
yako1252,atla1278,2.7798914604694844,0.5806247846449843
yala1266,aust1307,2.0555400803113404,0.5088824192950616
yale1246,yale1246,0.9790556404824664,0.8370585600396026
yama1264,yama1264,2.30693669743748,2.4112807266908414
yami1254,aust1307,0.261745997225137,0.392564335850218
yami1256,pano1259,2.678183191062347,0.8567828969062483
yamp1242,sino1245,2.7048349219683225,0.4781179418028163
yand1253,pama1250,0.8687167725118168,0.7121215572963591
yane1238,araw1281,3.5975598147656878,1.1194296142537503
yank1247,pama1250,1.1469979860818793,0.7289637881374769
yano1262,yano1268,3.037520271071908,1.4167391513310212
yano1261,yano1268,3.039870102659711,1.3440139674090577
yany1243,pama1250,1.0223382844037203,0.5664635613477218
yaoo1241,atla1278,2.4031749395083,0.8009556848773967
yaou1238,mand1469,1.2731668368335014,0.7037578802400977
yape1248,aust1307,2.0723738515719923,0.9259179609498878
yaqu1251,utoa1244,4.505204952019678,1.7011163691172395
yare1248,yare1250,1.144855698834692,0.8908047175614877
yasa1242,atla1278,2.785953180755372,0.6123942157190347
yatz1235,otom1299,1.6933007294001472,0.4264750335494378
yaum1237,nucl1709,0.8375747768145763,0.2809897842002464
nucl1454,yawa1259,0.7200496958086222,0.9190141663806703
yawa1261,araw1281,2.739620851435156,0.9215034234963352
yawa1260,pano1259,2.659229161503055,0.8571539700548159
yawu1244,nyul1248,0.9405229029136016,0.8879061207536907
yecu1235,toto1251,3.08976349561516,1.2359509722958535
maqu1238,cari1283,3.211003950210076,1.2426215198175314
yele1255,yele1255,1.5720307005385252,1.1673390702470186
yems1235,gong1255,2.358962741805003,0.6902908632242917
yapu1240,nucl1708,0.7932583709652858,0.511817312408084
yess1239,sepi1257,0.1499895896463332,0.42234293649084
yeyi1239,atla1278,3.5458761536860046,1.0454613844075853
yidi1250,pama1250,0.3545277388875245,0.5472006175554691
yima1243,lowe1423,1.0813647981989676,0.8511816120616205
yinc1238,aust1305,-2.755605566416624,0.5621583233400735
yind1247,pama1250,1.3039537203227285,0.7220974572940229
yine1238,araw1281,3.660384985241544,1.0516312311577676
yoga1237,aust1307,0.3293187527002921,0.2882262210987543
yona1241,japo1237,1.630947509527264,0.937336781579365
yong1276,taik1256,-0.5673300629557989,0.6269994691072385
yong1280,nucl1709,0.4054277962211396,0.3583172623034185
yora1241,pano1259,2.6093740761828506,0.9104802939603912
youl1235,sino1245,-0.3555052072171092,0.4043886286464246
youn1235,hmon1336,-2.3736579345153626,0.9103009941255672
yuca1254,maya1287,2.8645578725138265,1.167138035189231
yuch1247,yuch1247,3.712907608057636,2.3074388729808115
yucu1253,araw1281,3.1715887214969105,0.9021324900988604
yuec1235,sino1245,0.9131734373584884,0.7095123391427691
yukp1241,cari1283,2.22755334592474,1.1711363272834414
yulp1239,pama1250,0.9394639492920902,0.6035886731755924
yulu1243,cent2225,1.4269234877461894,0.670759045484778
yuqu1240,tupi1275,1.737061145324145,0.824325211148798
yura1255,yura1255,2.355002661096222,1.3155340616372435
gami1243,pama1250,1.6829165543170552,0.8508797879380969
zaba1237,aust1307,2.2897601345917717,0.4720106628880178
zaca1242,otom1299,1.3148034861708962,0.4215872206789695
zaca1241,utoa1244,3.614719309655791,1.003584596070164
zaiw1241,sino1245,0.5444398227720137,0.3843035936952561
zakh1243,sino1245,1.4555793190033004,0.4083637034240421
zamb1245,atla1278,3.468615135605309,0.6475628353718665
zand1248,atla1278,2.2788344751742144,0.574026095050054
zani1235,otom1299,1.5793993403076536,0.3925095885261904
zapa1253,zapa1251,2.61685635257152,1.2267328674867808
zarm1239,song1307,3.0282129282084296,1.2425646693080377
zays1235,gong1255,2.097999218632041,0.6289350163118472
zeme1240,sino1245,1.9514999993151,0.3145766614285641
zenz1235,otom1299,1.447696279151993,0.3994907075497527
zhab1238,sino1245,1.6057577033197226,0.4766810473337499
zigu1244,atla1278,2.4349992266062364,0.6102473899698451
nort2795,atla1278,3.0509762625253343,1.0012968104026312
zinz1238,atla1278,3.078340429436389,0.666276302502522
zoog1238,otom1299,1.5918455514658374,0.4119788022099624
zulg1242,afro1255,1.8738505756830743,0.3762029389486168
zulu1248,atla1278,2.464003283277216,1.336219886404408
zuni1245,zuni1245,4.136447446527928,2.161697991428956
