Glottocode,Family_ID,GPGLMM_Latent_Mean,GPGLMM_Latent_Variance
abad1241,aust1307,-4.775302315133349,0.7106765276873563
abau1245,sepi1257,0.8766033507189135,0.979974635433548
aben1249,aust1307,0.1499022344509908,0.508432958333743
abkh1244,abkh1242,-1.727929635093444,2.610220224346622
abua1245,nucl1708,-1.5865630590847308,1.9349049115289088
abui1241,timo1261,-5.239476124797823,2.355461078846784
abun1252,abun1252,-3.9383740224979897,4.45289037463055
achi1257,aust1307,-4.612503616095424,1.1322160636291958
acha1250,araw1281,0.1831919251827309,0.9828521546698088
ache1246,tupi1275,-4.673720915648618,1.816178585019733
ache1245,narr1279,-4.468271242063688,2.431969862267476
achi1256,maya1287,-2.767770804970227,1.5243137431983014
achu1248,jiva1245,2.372329040432071,2.1410511980451847
achu1247,pala1350,2.0543864552388382,3.392985658727114
acol1236,nilo1247,-1.3230219576665525,1.317071542109633
adan1251,timo1261,-1.6946922940577709,2.2237998336211278
adon1237,aust1307,-5.776800629981523,1.1991312012168107
adze1240,aust1307,-4.502853502083884,0.6123493046175943
afar1241,afro1255,1.506078130075155,1.030950259818166
aghe1239,atla1278,-2.4711102484973955,0.6773102977269971
aghu1255,nucl1709,-3.181392452715789,0.7695573652482111
agob1244,paho1240,1.885782822221772,2.3220690713988814
agua1253,jiva1245,2.3360376284253626,2.2684937462758006
agus1235,aust1307,-1.0257912325837035,0.5934854278016815
agut1237,aust1307,-4.197445095571955,0.7052212752177294
ahin1234,aust1307,-0.2032148151575605,0.4094561236914575
aime1238,bosa1245,1.260799687651524,2.163137844411472
musa1266,nucl1709,1.0725500276546818,0.423822562230244
aito1238,taik1256,-2.7058500109904084,2.443123758465
ayiw1239,aust1307,-1.8692302608519544,0.9781616277026696
ajab1235,atla1278,-6.310711681269906,1.2678294827254488
ajie1238,aust1307,-1.796625760306688,0.71723939778534
west2635,maya1287,-3.033544890224321,1.5077308832049665
akei1237,aust1307,-1.3975976019728842,0.5965706023630766
akha1245,sino1245,-3.1108397028896646,0.7931719757625775
akoo1248,atla1278,-5.958005377557516,0.8709278436535692
akun1241,tupi1275,-1.2652226759881278,1.114199228733602
alab1254,afro1255,1.5543517547989354,0.695059320087335
alab1237,musk1252,1.7617001098370966,2.6876821813645257
alac1244,otom1299,-1.670252407785295,0.8528750948169428
alag1248,afro1255,-1.0203186960820814,0.844139486613174
alam1246,sepi1257,-1.504448824740062,1.0305774197085142
alor1247,aust1307,-5.953150390357733,1.1502659590876672
aluk1238,drav1251,4.36531231833124,2.296143760019856
amam1246,kuni1270,-3.344928393773116,1.5768569224102595
amap1240,left1242,-1.1407155689085942,2.430812632847294
amar1272,aust1307,-5.248972957617835,0.6044698994447799
amar1274,hara1260,1.2869666160624975,2.692134182058946
amas1236,nyim1244,1.1659151847123277,2.607487094177589
ambu1247,nduu1242,-2.4435758174132087,1.6294306921149495
amdo1237,sino1245,1.562954214793591,0.947756590276561
amha1245,afro1255,1.6007058110137833,0.8630965339383732
amii1238,west2434,-0.7516522741581708,1.223529267358319
amis1246,aust1307,0.0558811314268195,0.4998512827221919
hoaa1235,kxaa1236,-3.578455142323428,4.852894587034185
gily1242,nivk1234,2.4174532944240763,4.091356788148639
anei1239,aust1307,-1.1173816805084216,0.8014805592815488
anem1249,anem1249,-3.599234011781494,4.040570638579428
anfi1235,gong1255,-2.392145878901554,1.02922914162626
anga1290,anga1289,3.2100645292591,2.0603545952624387
anga1288,sino1245,2.630924554063101,0.5145490741569123
ango1257,chib1249,1.9355233191435215,1.1467908384178074
anin1240,gunw1250,-2.679536703867253,1.6514311369776389
wara1294,more1255,1.2704050778986025,1.095347279886462
anuf1239,atla1278,-3.02934739666512,1.1393754944933416
anuu1241,sino1245,-1.4574064789687564,0.7014041200642271
anut1237,aust1307,-5.121800257596117,1.1757263024893447
aona1235,sino1245,2.538014162745866,0.5210184665459945
aoua1234,taik1256,-4.550024316424144,2.761354566410676
apat1240,sino1245,-1.0480271974206286,0.5171701233793975
apin1244,nucl1710,-2.0302318094541167,1.3572373373725153
apma1240,aust1307,-4.825708516359073,0.6226243574968535
apma1241,kera1258,-4.177593318895116,2.3652411342251964
apur1254,araw1281,-1.7208169328499563,1.165343778140718
arak1252,aust1307,-4.836400640951593,0.6045629810392672
aram1253,more1255,0.9561929650788596,1.106258879218113
arao1248,pano1259,1.7942499321224608,1.0849932854592217
arap1274,algi1248,-2.590692198006048,2.2990069144149734
arbo1245,afro1255,0.9733172508475264,0.6663030249512119
arch1244,nakh1245,4.045628852344244,1.9984842566281864
area1240,aust1307,-5.003629571084415,0.9077865989896132
argo1244,afro1255,1.6685207741563397,0.8760209673737087
arig1246,atla1278,-2.8031698664034765,1.016357667325856
arik1265,nucl1710,-1.052827520767433,1.0792825104439068
arom1237,indo1319,1.6081602268589186,1.011992536616754
arop1243,aust1307,-4.703895982485543,0.6032822717065978
arop1242,aust1307,-2.1835393500626714,0.7315700792160573
aros1241,aust1307,-5.244211678373785,0.9982163861971428
arta1239,aust1307,0.134126477750919,0.4182665786497672
asha1243,araw1281,-1.2634201978802446,0.956765751306138
ashe1272,araw1281,-4.621140190089654,0.996729071136631
asoa1238,cent2225,-1.1524988924235309,0.8559604709660551
assi1247,siou1252,-2.346176611215456,2.5105002247876707
asur1254,aust1305,0.2278810795185566,0.7604712205211408
asut1235,atla1278,-5.262424085422655,0.9527980859371664
atam1240,aust1307,-0.7413332460322302,0.4906829483942374
atay1247,aust1307,-0.4345140535870362,0.552579341033848
athp1241,sino1245,2.746742960046183,0.6434920932114627
atii1237,aust1307,-3.9561261188777896,0.6355828043724854
aton1241,sino1245,-0.7635542873779664,0.6105862306239427
auuu1241,nucl1708,-5.1431660166851,2.0824998063441
aulu1238,aust1307,-4.873336438522065,0.5784752205514518
auye1238,nucl1709,0.2135757839420333,0.7041349317858474
avac1239,tupi1275,-2.2043062049987845,1.656600741123194
avat1244,atla1278,-6.509284945517983,1.2709960487182617
katb1237,aust1307,-4.83993939753632,0.5788338103335775
awac1239,barb1265,0.8234063556585659,1.2424858469476785
awad1244,aust1307,-1.2673986625647822,0.5612621321000155
awad1243,indo1319,2.3882016063117546,1.0924306547771463
awar1249,ramu1234,-3.2440735893369923,3.813920880578882
awar1248,nucl1709,1.267299766216475,0.4850213880093506
awet1244,tupi1275,-3.089950010338496,1.3841055513252734
awji1241,afro1255,-4.09674027126202,1.5991712650649204
axam1237,aust1307,-4.827797465808276,0.5805307264267476
axiy1235,sino1245,-2.960559893389196,0.8251134153963129
ayac1239,quec1387,0.4482057595054245,1.6110406508377997
azha1235,sino1245,-3.0704186332372267,0.8958912461920665
baba1264,atla1278,-2.211262140125981,0.676018529817557
baba1266,atla1278,-2.48486526483345,0.6868337860094513
baba1268,aust1307,-5.737544410313397,0.8928863206245694
bada1257,drav1251,4.337568713336045,2.3154723413534573
bafa1247,atla1278,-6.05904817507334,0.9230343198322046
bafi1243,atla1278,-6.035244845144426,0.8676746287492527
bafu1246,atla1278,-2.302930728481011,0.6892943481625666
baga1273,atla1278,-6.142375109589092,1.6416043201847632
bagi1246,cent2225,-6.034499999794551,1.3533639756606526
bagv1239,nakh1245,3.9813247843528914,1.966849626904516
baha1259,afro1255,-2.7835719717365137,1.561602106518083
bahi1252,sino1245,2.9842557876314197,0.6372733159388915
bahn1262,aust1305,-3.536019038028736,1.1390828773812185
baik1238,aust1307,-2.439769564943447,1.170207873045472
baim1244,sino1245,-2.1462571292560653,0.8885537255575668
baka1272,atla1278,-2.392672372061756,1.054031580199272
baka1274,cent2225,-1.2130897159147849,0.8089606587195508
baki1244,aust1307,-1.428420074577836,0.5823059913172175
bala1316,aust1307,-1.900612202286735,0.8115089027871871
bala1311,aust1307,-0.7858497689391397,0.6131925795609021
bala1315,aust1307,-1.3815702448037572,0.8691541575178015
bali1278,aust1307,-4.9951575062453655,1.5720980235422708
liki1240,atla1278,-5.807752950227742,1.0750888104361849
bamb1270,aust1307,-1.5680568771905437,0.9908458880383008
bamu1253,atla1278,-2.319719644601493,0.7425299087134114
bamw1238,atla1278,-6.100022947067275,1.063074241024231
band1340,atla1278,-6.033259392999863,1.5858378291486217
bang1363,bang1363,-4.031601342614941,4.621726531378465
bang1369,sino1245,-1.0027312801704724,0.5833145100456081
guar1293,araw1281,-0.6620072469135243,0.6864616616078631
bani1255,araw1281,-0.211379422939693,0.6788230874382783
bank1256,atla1278,-6.001948633206973,0.9384807719132562
bann1247,aust1307,-5.725525780947912,0.8234092708107603
bant1281,sino1245,2.8321866741009267,0.6386862387178844
bant1288,aust1307,-3.823569085292666,0.6299049736109081
bara1357,sino1245,3.536914264791153,0.7579707071403874
nucl1630,koia1260,0.8010435402360483,1.0730885993224142
bare1279,afro1255,-4.295214676294068,1.0117512835252462
bara1369,aust1307,-4.315082286985029,1.9516142571757449
bara1361,atla1278,-0.7379420223453699,0.8321343484589008
bara1370,aust1307,-4.471530997733273,0.966643287607072
bard1255,nyul1248,0.1378979172163283,2.026313084169161
bare1276,araw1281,-0.4323002632387365,0.7111350814414106
barg1252,nucl1709,0.5953336971297428,0.4658400156987827
bari1286,aust1307,-1.935626373935483,0.6006652430570947
baro1253,aust1307,-5.541362070606097,0.7383475839146705
basa1282,atla1278,-2.72253090963678,0.9287278952805548
bash1264,turk1311,3.7445011641968033,3.272294991836989
basq1248,basq1248,0.7170126396650804,2.489820642071063
bata1293,aust1307,-0.9209834187688476,0.9602654663496306
bata1289,aust1307,-4.349230745222044,1.035431384291309
bats1242,nakh1245,3.790808649556586,2.0278883418415496
baur1253,araw1281,-5.629067368760625,1.1863248811671667
bauz1241,geel1240,1.130320853785448,2.488731682035808
bawm1236,sino1245,-1.3563560078915686,0.6073157922764558
bayb1234,aust1307,-3.791469068424874,0.6349531975264551
bebe1248,atla1278,-5.953631861871585,0.956202780724288
beem1239,atla1278,-5.708697137079022,1.4332351149894311
beja1238,afro1255,0.8567447636755622,1.0254653045385886
bekw1241,atla1278,-2.704737119396479,0.7655045221933419
bekw1242,atla1278,-6.08152972525137,1.1503263901990977
bela1254,indo1319,2.2056436277595064,1.3971166857565809
nyal1254,aust1307,-5.326457924410177,0.9477283119323712
belh1239,sino1245,2.7786851727104565,0.6433628950700729
beli1257,cent2225,-1.4408726854278655,0.9176032912948616
bell1243,sali1255,-3.1645166556588875,2.169494089763912
bemb1257,atla1278,-1.2419475801446829,1.1341208736830923
benc1235,gong1255,1.3367437305462937,0.8164280175417717
beng1282,atla1278,-6.029032744934493,1.2537781027904495
bent1238,dogo1299,0.5450119146962136,1.2303420629804185
zagh1240,saha1256,-2.030285870814998,2.2942294767911013
bert1248,bert1248,2.0334926755553657,3.1677173512271035
bezh1248,nakh1245,3.9272681478492566,1.963922458848307
bhoj1244,indo1319,2.0764353266510027,0.9525427621456596
biaf1240,atla1278,-6.208587452304832,1.6153140161159518
biak1248,aust1307,-5.574083639777396,1.0334586986868324
bian1252,kuni1270,0.3816016450087302,1.4663175853459087
biao1254,hmon1336,-3.719829575735229,2.9442859107167707
biao1256,hmon1336,-3.441887988915393,2.9006300847290567
biat1246,aust1307,-4.509049052919616,1.356832129042873
bign1238,aust1307,-4.793886006319392,0.5818420198830943
biha1246,aust1307,-3.434173692541168,1.303726775001575
bila1255,atla1278,-4.563852122891586,1.0824823305779798
bili1260,afro1255,0.993641450982447,0.9510499276285032
bilu1245,bilu1245,-1.20330844167123,2.58944643520244
bimi1240,nucl1709,0.3869224287528126,0.5411696340072414
bina1277,nucl1709,0.8812044617881791,0.6145601645496903
bine1240,east2503,0.5653364531592266,1.2911878151511988
bini1246,atla1278,-6.281403741556316,1.0755578173606857
gunw1252,gunw1250,-3.2600085598588877,1.3912941011023392
birr1240,cent2225,-1.3020131537197646,0.993795359939103
bisu1244,sino1245,-3.135617279747413,0.7924308970338121
bitt1240,aust1305,-5.534215539263194,1.1417330245652844
biwa1243,yuat1252,1.372626097775015,2.565918460856225
blab1237,aust1307,-5.588816417044534,0.8550451447946852
blan1242,aust1305,-5.561131045112387,1.142686439168303
bang1354,atla1278,-5.859058846859848,1.2773265481260037
bodo1267,aust1305,0.6875331774965409,0.8027991008764932
bodo1269,sino1245,2.637215364382525,0.5904560065840458
boka1249,sino1245,2.6134604082291157,0.6568450250708882
bola1250,aust1307,-5.6859843896367845,0.697615132958088
bolg1251,atla1278,-5.558072374843718,1.1531476910287548
chim1302,quec1387,4.172389123667397,2.356357638585626
bolo1262,atla1278,-2.547914572191309,1.1002155329410934
boly1239,aust1305,-5.437134681994378,1.3245828149514909
bomb1262,atla1278,-5.863493263575632,1.0405676406840474
bona1250,mong1349,2.2105989771594365,2.2751137023771664
bond1247,atla1278,-1.7233077238742864,0.953202637354666
bong1289,aust1307,-0.9143161338110491,0.6210479329331307
bong1284,atla1278,-5.988030058923268,1.194635501395993
bong1285,cent2225,-1.561183780132445,1.0157679139415334
bora1263,bora1262,1.7409280573923005,2.972639518562373
bord1248,chib1249,0.3938247659618782,0.8912981680098584
boro1277,gong1255,1.4958446937456698,1.1150595092501652
boro1282,boro1281,-0.6271832642993656,2.386125732952732
boto1242,aust1307,0.1166662090792085,0.5227659582877386
boun1243,atla1278,-2.8838064207972165,1.273560811138215
boun1245,nucl1709,1.4229025929807917,0.4900215286984659
bouy1240,taik1256,-4.692978366192904,2.721597619179783
brah1256,drav1251,4.466047736654233,3.209731215258527
lave1249,aust1305,-3.592112094292296,1.0753751375835794
bret1244,indo1319,-1.418963808289096,1.2337284738880472
brib1243,chib1249,0.4490723745881138,0.7190808262633981
bube1242,atla1278,-6.111109236277348,1.089314035935761
bubi1250,atla1278,-5.756117664810355,1.2987830010082817
budu1248,nakh1245,3.874023877422823,2.151137243468141
budu1265,afro1255,-4.959508674653984,0.8669434181961888
budz1238,atla1278,-1.983326464567369,1.0598018407887455
buga1247,aust1305,-5.43330399373496,1.3060011081241871
buga1250,aust1307,-4.805939680536461,0.6064757402467507
bugh1239,aust1307,-5.346674467714236,0.8610931031705285
bugi1244,aust1307,-5.20520993276517,1.1417689977600531
bugl1243,chib1249,0.1153354051750719,0.7938186703637058
buhu1237,aust1307,-5.4314524116974,0.8702877739005377
bujh1238,sino1245,3.586865687830586,0.7823486989128359
buka1257,aust1307,-4.559679884583598,1.345863367917124
buki1249,nucl1708,-4.916494473233321,2.0687058657823325
bull1247,atla1278,-2.509812813064038,1.596744709728358
bulo1242,aust1305,-3.39065711895352,1.1789055314295265
bulu1251,atla1278,-5.965916357983701,1.0384953462326498
bumt1240,sino1245,2.81213115352369,0.6826595666649968
buna1278,timo1261,-5.271169697110893,2.4926314661964035
gahr1239,sino1245,3.6398213099216647,1.3798041005542272
bunu1267,aust1307,-3.652465346995238,0.5268436717167084
buol1237,aust1307,-0.5583793999396318,0.7747783090356215
bura1292,afro1255,-1.9067090832362477,0.6291794335868985
bura1267,mani1293,-1.156970670970166,1.9032686285041944
bure1242,afro1255,-5.090042882869945,0.7809076748146531
burj1242,afro1255,1.244724765324802,0.7696128493817458
nucl1310,sino1245,1.703904567733966,0.7594150646830045
buru1303,aust1307,-5.571231695443637,1.162918309964743
buru1320,afro1255,-1.105326976438212,0.8728010899177292
buru1296,buru1296,3.241212063824228,4.530267881663468
busa1253,mand1469,-6.148870475078917,2.6930513841129526
bush1247,atla1278,-5.181093134393571,1.47891695353157
buwa1243,afro1255,-5.419693968585095,0.6075418504173795
bwat1240,aust1307,-5.273113180267608,0.7890641287965519
byan1241,sino1245,3.3824822875513165,1.053159151461995
caac1237,aust1307,-1.932293003398854,0.7683074274671569
cabe1245,chib1249,0.4718530144850041,0.7367603337084452
cahu1264,utoa1244,2.3114548044050216,1.214109363972602
cakf1236,afro1255,-1.3409261268507429,0.7362423161787515
cald1236,quec1387,4.139363856785568,2.316142087085952
caml1239,sino1245,2.9912543770808826,0.6440592607276976
camp1261,indo1319,-1.1754633164925634,1.092119246282719
cams1241,cams1241,-0.5312082928243911,2.287238612832602
cane1242,nucl1710,1.4399455575782578,1.4470483632463207
caom1238,taik1256,-4.311434442057667,2.808905707213276
capa1241,pano1259,2.8051719633676644,1.3276931953022275
carn1240,aust1305,-4.047109276861518,1.694226505279528
caro1242,aust1307,-0.2598965510513293,1.320828004619134
cash1251,pano1259,2.801853819117269,1.4021037489802977
casi1235,aust1307,-0.1513341157087309,0.439654055503202
stan1289,indo1319,-1.561662229101616,1.2402626122175595
cavi1250,pano1259,1.607714475131902,1.1455113763438902
cayu1262,cayu1262,-3.9095270415976406,4.411295701849406
cebu1242,aust1307,-0.9066889078803873,0.4967923127399203
cemu1238,aust1307,-1.7875263316750587,0.7187909922562614
cent2127,eski1264,2.051179562570926,3.49090480285294
cent2142,ayma1253,1.5133721676793512,2.0779238060798138
cent2004,sino1245,0.2114925744337146,0.559704489545938
cent2292,aust1307,-0.5332986448046952,0.3974318794165175
cent2084,aust1307,-3.75450409677044,0.5180593157218247
cent2314,aust1305,-4.184312511277854,1.2999094599818015
qaua1234,taik1256,-4.547451622477116,2.7445967868292214
cent2050,saha1256,-3.564899856975634,2.127449599143943
cent1989,aust1305,-3.633767625605424,1.2268463363373048
mala1479,aust1307,-3.596266016881877,1.3672994493418713
cent2322,ural1272,2.741386330552654,2.2085752231393325
cent1992,aust1305,-3.076605562941297,1.135782935248297
cent1990,aust1305,-4.141538613181062,1.672534084810641
cent2126,japo1237,1.822723078989076,1.645594662709203
cent2091,aust1307,-0.4636082929860228,0.6277028404825185
cent2140,miwo1274,2.5358163944290704,3.0217362935481624
cent2090,aust1307,-0.7535748382257177,0.6535622936772691
cent2150,chib1249,1.8807064859907376,1.1307584573737568
chac1251,pano1259,1.8173954799005263,1.1529871070686877
chad1249,afro1255,-4.886647668395099,1.0784038345003113
chak1270,sino1245,2.05463824087364,0.7389718284096389
chak1271,atla1278,-2.8343289613387874,1.1595421463360154
chal1275,afro1255,-3.000900708033788,1.3047774075775909
cham1315,zamu1243,-3.4661601413576038,4.5572480088097045
cham1309,nakh1245,3.994290966249245,1.987676937214148
cham1318,araw1281,-1.1193433139166644,1.0170162057185674
cham1312,aust1307,-4.120038699262489,1.5046856029848303
chan1313,sino1245,2.487662721839656,0.5277860451363647
chac1249,barb1265,1.116004997247127,1.2642875513731573
char1269,gong1255,1.414696976775734,0.7711859486014383
chas1234,sino1245,-2.74833665718418,0.6041737410317856
chec1245,nakh1245,3.9576334741136048,2.128171149879451
chek1238,aust1307,-5.535698880057412,0.8769504517806483
chen1255,drav1251,4.4290417497876415,2.2991136216940573
chep1245,sino1245,3.5179601935349774,0.7421862765105773
cher1273,iroq1247,-3.3953859045054835,3.7019933645008334
chey1247,algi1248,-2.8400660503740767,2.338781888142348
chig1238,atla1278,-4.7803465464711214,1.1713349549920595
chil1280,atha1245,-5.059409828498614,2.818217799170751
chim1309,chib1249,1.3335121190339825,1.015473695328363
chim1312,atla1278,-3.310756456422477,1.418293796047884
chhi1245,sino1245,2.862718559901382,0.6381068578795581
chip1261,atha1245,-4.905346491593697,3.37942669793065
chip1241,algi1248,-3.137557641221631,2.6319941863989804
chir1283,sino1245,2.5879006610889075,0.508591818547071
choc1275,sino1245,2.860252081434441,0.6607576931217292
chon1284,aust1305,-4.126742310659225,1.2963128955751504
chot1239,sino1245,2.5221807401936083,0.5346344665621672
chra1242,aust1305,-3.3996004280215275,1.2593117419962363
chuj1250,maya1287,-6.506587238032768,1.5335588537245783
chuk1273,chuk1271,2.194124894377159,4.015611929130296
chuv1255,turk1311,4.124549222530265,3.102828068075828
chuw1238,atla1278,-5.329609060112962,1.5220426101056663
cici1237,atla1278,-6.217692114985281,1.1947502289024818
chin1286,chin1490,-2.6513186072809205,3.929339792099396
cent2087,aust1307,0.0821160799042721,0.542172731683257
sout2912,aust1307,0.134901896408877,0.6019153737448937
coat1243,otom1299,-4.819085850977915,0.8947679674878772
coca1259,tupi1275,-4.059741994612896,1.6799592462016104
coeu1236,sali1255,-2.543067675551185,2.046994387238655
cofa1242,cofa1242,1.6226922949375406,2.912776734979912
cogu1240,chib1249,1.454580403668453,1.0148637481822247
colu1241,sali1255,-2.777646687181395,1.97741154667977
coma1245,utoa1244,1.419444342286304,1.446606284078829
como1259,sali1255,0.6231318670186687,1.6637804727178764
copa1237,otom1299,-1.6157833093645166,0.8015480205889203
cors1241,indo1319,-1.3884464545427573,1.006581103634291
cosa1234,sino1245,-3.22036161484928,0.750016396232712
cree1270,musk1252,1.8956744480299323,2.786855383264658
crim1257,turk1311,3.6939699276774105,2.9843683412720656
cros1244,atla1278,-6.035808000718088,0.84737283351682
crow1244,siou1252,-2.2378732271635826,2.464506689578231
cube1242,tuca1253,2.0962204968147278,2.032195059044131
culi1244,araw1282,-3.1533889663634005,3.8014533115748623
curr1243,araw1281,-0.5681080822191664,0.7132204178142967
cusc1236,quec1387,3.652813030677223,2.004754744779002
cypr1248,afro1255,-3.4848910351883013,1.486168033478493
czec1258,indo1319,0.9131673640213456,1.060212207705784
daak1235,aust1307,-4.649566846863024,0.9448437383572356
daas1238,afro1255,0.8101427298301218,0.7102591252942316
dadi1250,tebe1251,-0.1745616728862362,2.10058658034467
dagb1246,atla1278,-6.31355822670664,1.1566024834831214
dagi1241,narr1279,-1.05300320391521,2.3706027265932903
daur1238,mong1349,3.188761013977593,3.303754491415012
daka1243,aust1307,-1.4367777064340448,0.5597479066287656
damp1237,aust1307,-4.269920030015285,0.8733140661216989
dana1252,aust1305,-5.071976676064049,1.146656985296966
dand1238,drav1251,4.303747380682007,2.2205063107888128
dani1285,indo1319,-0.6024194160003267,1.1577077003371787
dara1250,indo1319,2.2777257235804176,0.9945078786875312
dard1243,daju1249,-1.128809303143016,2.591705634263689
darm1243,sino1245,-0.1385711087054053,0.9698989733553792
dawr1236,gong1255,1.868472755484028,0.7564796822276962
daza1242,saha1256,1.2072435620481137,1.7470037317921605
dege1246,atla1278,-6.180082372745608,1.1161932459212407
dera1245,sena1264,0.9650411949877729,2.3466545164274883
dera1248,afro1255,-1.807510258029608,0.6431269320922599
desa1247,tuca1253,1.992603797124561,1.980059226631223
dhao1237,aust1307,-5.632236367030862,1.380498609946768
dhim1246,sino1245,2.0127971713192734,0.6468136081170854
dhuw1249,pama1250,4.0789096370996125,1.9559996587568849
dibo1245,atla1278,-2.3499084412902804,1.0704367195339728
digo1243,atla1278,-4.960749735283731,1.0499407355127168
dima1251,sino1245,2.567313725832477,0.5313757154625254
dime1235,sout2845,2.2621948568891788,2.656760709737924
dizi1235,dizo1235,2.3198681231699654,2.608173205133496
djam1256,pama1250,3.8596980476473166,1.9725151090265864
djee1236,mani1293,-1.330898587803405,1.9145449483062968
djeo1235,nucl1710,-1.1602647817577072,1.140306732169169
dobe1238,aust1307,-5.993787577144446,1.114793826200135
dobu1241,aust1307,-2.144501753399881,0.8067298242569443
domm1246,nucl1709,-2.205189954389448,0.4790737294757932
doma1260,indo1319,2.3298567012590805,1.4899953400223964
dong1285,mong1349,2.3215693219884845,2.287883799403126
doro1266,manu1261,-2.9392900812409337,3.707507646353852
drun1238,sino1245,1.1213896291030894,0.6195601321894912
chug1252,sino1245,2.7107302195935574,0.626039413864131
dumb1241,aust1307,-1.6922037063526352,0.7833296814966744
dumi1241,sino1245,2.947902644953888,0.6470742310139466
duna1248,duna1248,-3.284643908587376,3.7932544719213066
dupa1235,aust1307,-0.0959106809617267,0.4890020877202907
dusn1237,aust1307,-5.80905202722822,0.9710939124841448
dutc1256,indo1319,-1.5327403828315695,1.108661975547539
dyul1238,mand1469,-6.180685230968234,2.3121560736739752
dzao1238,hmon1336,-3.599131056929458,2.9194379160683543
dzon1239,sino1245,2.5649719012233327,0.6776366005793433
east2443,aust1307,-1.3504383304574716,0.5927647513737782
tang1336,sino1245,2.601311985629401,0.5235956649218974
nucl1235,indo1319,1.607353057158547,1.2816887746179209
sout2896,aust1307,-5.874877234229405,1.1852233594545505
east2555,tupi1275,-1.71851777542056,1.5801231160348586
east2332,aust1305,-4.4604183649528055,1.1619639832945694
east2563,aust1307,-3.6024537595933834,1.3588662252218366
east2690,afro1255,-3.7358455602857727,1.5213095869458115
east2556,otom1299,-5.056673869362808,1.3984028158490682
east1236,aust1305,-3.9513075131403337,1.0172747231355448
east2342,sino1245,-2.9912964067801293,0.8120057917369312
east2782,atla1278,-5.51959604893273,1.4589670329946165
east2328,ural1272,3.6141308625282207,2.180979811444516
east2333,aust1305,-3.366748615919386,1.175911228692068
east2773,sino1245,3.222120640551625,0.6793911174996072
panj1256,indo1319,2.552299334837514,1.3131065490982508
east2485,aust1307,-4.464723148066784,0.8571059876860225
fina1242,aust1307,-0.0759973645143674,0.4047877180901098
east2694,aust1307,-0.3642261816626888,0.4945411545537288
east2447,aust1307,-4.31041604890652,2.093749289365511
east2516,nucl1709,1.4763235971012605,0.524437639991973
east2440,aust1307,-5.167299912222875,1.0756588444159147
huaa1248,tuuu1241,-1.0408534528664268,2.7349929020451773
wall1257,aust1307,-4.228731968701109,1.9819736118942828
egyp1253,afro1255,-0.8929499264835989,1.2667178840934383
eipo1242,nucl1709,0.0355155450695314,0.5608185093806952
ekar1243,nucl1709,-0.1074646513633166,0.7001120287286202
elem1253,atla1278,-6.143740557463574,1.0718818054316497
elip1238,atla1278,-5.919398885300605,0.9007197750904794
emae1237,aust1307,-4.826612580862321,0.6350590900702144
emai1241,atla1278,-2.8123041861225806,1.022263992960614
embe1260,choc1280,2.400666156573973,2.004168378216039
embe1262,choc1280,2.744631563828794,2.118874802953158
stan1293,indo1319,-1.3233558278299866,1.2142764565557256
enuu1235,sino1245,-2.86125433043996,0.6964254387358206
epen1239,choc1280,2.5624971626737003,2.143494039496085
ersu1241,sino1245,0.9003949947866392,0.6551699288077693
erzy1239,ural1272,3.754129160504569,2.2623229380105583
esee1248,pano1259,1.966479758865672,1.1583639342445284
esto1258,ural1272,3.665982957038768,2.0116100357082383
even1260,tung1282,3.037417383403841,3.548182154962128
even1259,tung1282,2.6619320566583258,3.3458481173778294
ewee1241,atla1278,-6.4467994921685925,1.3223409719793473
fala1243,sino1245,-1.267200613657749,0.5751222889890073
faro1244,indo1319,0.6102244895424,1.4273591919358497
fasu1242,fasu1242,1.5393388995138495,2.6922983991952485
fefe1239,atla1278,-6.161702451255984,0.8053229922862233
fiji1243,aust1307,-1.7275165556101366,1.3746507178472085
fili1244,aust1307,-3.653983037518449,0.5922645787236309
filo1235,toto1251,-4.466903167504377,4.569532077011339
finn1318,ural1272,3.6296485662722255,2.13073772762104
fonn1241,atla1278,-6.313005981626251,1.2630242045817912
fore1265,ural1272,2.3665039582801795,2.166057401497701
stan1290,indo1319,-1.6664348005111689,1.16920392515528
fuln1247,fuln1247,-0.3429202298472791,2.436678719256361
furr1244,fura1235,1.1497503876554471,2.626425544819765
furu1242,cent2225,-5.598471240099632,1.3386529622996637
futu1245,aust1307,-4.62901863840986,0.8678055786406258
fuyu1242,fuyu1242,-0.6997979683702888,2.2416178992480047
gaaa1244,atla1278,-6.23834602684493,1.425548860252869
gaam1241,east2386,-0.5173557365249137,2.258751617446777
gaan1243,afro1255,-1.8887395708171275,0.6106143916901399
gaga1249,turk1311,3.898331764940309,2.9850101572517818
gale1259,nort2923,-3.647331102687727,3.191981223403027
gali1262,cari1283,-2.452172903848458,1.4534330382603633
gali1258,indo1319,-1.364627465643112,1.3141176768538738
galo1242,sino1245,2.191545703809699,0.5835438333185383
gamo1243,gong1255,1.8970257059072535,0.7796622373150628
gand1255,atla1278,-4.453155265787203,1.0998231148108817
gang1267,tang1340,2.907397796714005,2.879980454705332
gang1266,sino1245,2.5017394026940503,0.519033703761818
gant1244,nucl1709,0.9566568872336196,0.4472342619694256
gapa1238,aust1307,-5.415525707981848,0.7983491011555888
boht1238,afro1255,-2.1544383566380625,1.289979340531108
gari1256,araw1281,-0.9768763179954448,1.2772574018754543
garo1247,sino1245,2.414473974210145,0.6556816385198498
gara1269,garr1260,2.423364188684756,3.712986329994157
gata1239,aust1305,0.4947762461379669,0.7662205779349742
gayo1244,aust1307,-1.145835249175621,1.041238819241224
geba1237,sino1245,0.4921334203821716,0.7575046868503659
gebe1237,aust1307,-5.356357834602799,1.1031617040672224
geda1237,aust1307,-4.829891730644096,0.6002878539477496
gela1263,aust1307,-5.244312469677134,0.8591492195177608
nucl1302,kart1248,2.7313359592507505,3.214146786172434
gese1240,aust1307,-5.863525178712074,1.1319285920678013
ghad1239,afro1255,-1.329142317170002,1.3793178059520723
ghan1242,aust1307,-5.8354639398270045,0.8454145669097457
ghar1239,aust1307,-5.415660979528321,0.8938463740228215
gheg1238,indo1319,1.7552813086175896,1.026335452312206
ghom1257,afro1255,-1.9252189458719255,1.5485315995383877
gilb1244,aust1307,-5.198375705543131,1.9670412764023368
gira1247,nucl1709,-2.380419877261801,0.4350121671767679
gizr1240,east2503,0.7845149061478656,1.3045463085343734
glav1244,afro1255,-2.1063611629668992,0.5882746119575879
gobu1238,atla1278,-2.220486229342354,0.9988874153085004
ghod1238,nakh1245,4.001469983790154,2.001513153741369
goem1240,afro1255,-1.551325232160746,0.7302538977003294
gofa1235,gong1255,1.8883988627469293,0.7413659061884559
gogo1265,suki1244,-2.9424629841328533,3.695146304437164
gola1255,atla1278,-6.305252233931922,1.7087754394941015
goli1247,nucl1709,-2.222092230847209,0.4884809299562604
goon1238,buna1274,1.7353062583301373,3.126726855367924
pare1266,aust1305,0.0852557928368495,0.7154252746647884
gras1249,koia1260,-2.5362623770245745,1.0834632695860558
guah1255,guah1252,0.3738278242545818,2.259366834956059
guam1248,barb1265,1.1448386391757857,1.4098734610658743
gube1234,atla1278,-5.98942066340128,1.6501933693191884
gude1246,afro1255,-5.388905936448212,0.6216822157111395
guer1243,otom1299,-5.016512760317079,0.8446371872912426
guhu1244,nucl1709,0.973675691849925,0.57946112077172
guiq1238,sino1245,1.2522395629219876,0.6494550605028779
gulf1241,afro1255,0.1432780700260714,1.0682793370939807
guma1254,aust1307,-5.629813494638709,0.8023183240581044
guny1241,pama1250,4.904315360548356,2.598309899319632
gura1251,indo1319,-2.5590225345804214,1.4099934051785867
guru1261,sino1245,3.216388360617544,0.6629633686555501
guru1271,afro1255,-5.159571673439637,0.7671538926424288
gusi1247,atla1278,-4.2226863735348665,1.0413360736777282
kwam1249,koma1264,-2.111843556938917,2.153486927267476
gyel1242,atla1278,-6.021821829666843,1.1132444268244788
haaa1252,atla1278,-5.039620951024286,1.221757900574049
hadi1240,afro1255,1.4409545298739403,0.6853071586556911
hadz1240,hadz1240,-3.417243594821873,4.198608803347143
hakk1236,sino1245,-1.6614157558757068,1.1697883811648824
hala1252,aust1305,-3.6125227867675465,1.0605947875955914
halh1238,mong1349,3.033704209052789,2.8624456830197698
hali1244,aust1307,-5.733853875065358,0.8303529080230954
halk1245,sali1255,-2.975303728354303,1.821450542598392
hame1242,sout2845,2.3475975011990764,2.660520861084267
hang1263,nduu1242,-2.4122325599412657,1.622937596823645
hani1248,sino1245,-3.075501275192386,0.8185477156958587
hano1246,aust1307,-4.830833072434924,0.6344459203833885
haro1237,aust1307,-3.589518322359479,1.312564993072094
hass1238,afro1255,-4.938192487832586,1.9412369731086283
hata1243,hata1242,-3.7527274050698978,3.9295798478451913
remo1247,aust1307,-3.594312308497708,0.5633854620806842
hava1248,coch1271,2.5045465916840968,2.830309846426786
hawa1245,aust1307,-1.513530783042321,1.879183273912811
sabu1255,aust1307,-5.575016032188414,1.407814737265042
hdii1240,afro1255,-2.0235646273570103,0.5775825248363278
here1253,atla1278,-5.337049829654219,1.6178670103673083
hida1246,siou1252,1.382731280267703,2.335961817696589
high1276,mixe1284,-1.458393693499573,2.861814332648714
high1278,utoa1244,-3.9521533181442834,1.3668274342206883
hili1240,aust1307,-0.5519394476747594,0.5567796611941338
karb1241,sino1245,-0.9932583893745464,0.5146697165401211
hind1269,indo1319,2.541640825738228,1.369498449266267
hinu1240,nakh1245,3.941736143036011,1.9979111655042607
hixk1239,cari1283,-0.1040218345029795,1.1087569528749546
hlai1239,taik1256,-3.4980513685439627,2.8565262485019742
hler1235,sino1245,-3.0972488556303586,0.6817964087690633
hooo1248,aust1305,-0.2546383942684609,0.7651641300597749
hoav1238,aust1307,-5.757971246003475,0.8850775868476175
ainu1240,ainu1252,-2.0834933062363263,3.7781180063201374
holo1240,atla1278,-1.7121922450637874,1.1854295693763053
hone1235,atla1278,-2.4610691839274783,0.7723734563527813
honi1244,sino1245,0.3098373819056954,0.6647002805856026
hopi1249,utoa1244,1.8452885578004252,1.148559569230235
hote1245,aust1307,-4.658546756317129,0.6269713190385175
huuu1240,aust1305,-5.559827657720943,1.095385190728364
hual1241,quec1387,4.136692080490425,1.79420857111175
huam1247,jiva1245,2.354925474501367,2.168761549934863
huar1255,utoa1244,-0.0936954588305643,0.8335460835741042
huas1242,maya1287,-3.4247589809657875,2.3643763579866484
huba1236,afro1255,-1.971685207869669,0.5978255572093376
huic1243,utoa1244,-0.2434373716580409,1.1652317499276157
hula1239,aust1307,-1.1418337039088513,0.7289261606825761
hula1244,afro1255,-0.2168624057217332,1.106292221861919
humb1243,song1307,-1.8465066373980363,2.1542891930642947
hung1275,aust1305,-4.772408396980241,1.2452611259421715
hung1274,ural1272,3.44069205707876,2.149545352187676
hunz1247,nakh1245,3.928420595934125,1.9636727961353733
hupd1244,nada1235,2.0858135600707,3.226852153088957
wyan1247,iroq1247,-3.345299570787662,3.4236200549531843
iaai1238,aust1307,-1.7687325346200016,0.6953913346668674
iama1237,aust1307,-5.575306910599506,0.8171780408877218
iatm1242,nduu1242,1.4286707751652643,1.5747888339463358
ibal1244,aust1307,-0.0376414089129526,0.4148942545336629
iban1264,aust1307,-4.504313262457974,1.206751558193487
iban1267,aust1307,-3.7768800402242295,0.4819722837863427
ibat1238,aust1307,-0.3164929645805767,0.5782973459721195
ibib1240,atla1278,-2.7020552819754515,0.9477704294333638
icel1247,indo1319,1.1130307207404573,1.6713331100843218
idaa1241,aust1307,-0.992246532901532,0.6178115847491927
idii1243,paho1240,1.857811239323244,2.3095692011419144
idom1241,atla1278,-6.084479955710716,0.893551324500395
idum1241,sino1245,1.7032233493718856,0.7157999801333332
idun1242,aust1307,-5.514489537957848,0.8008311894727402
nucl1417,atla1278,-6.193284575822833,1.0828256976828072
igna1246,araw1281,-5.886477276142207,1.185623433994378
ikkk1242,kuli1252,0.4903902453921225,1.5385156454200173
iliu1237,aust1307,-5.9758839197355496,1.1991233226651286
ilok1237,aust1307,-0.1774533894701004,0.4215767422839613
ilon1239,aust1307,-0.2341700782235314,0.4236962392888106
imba1240,quec1387,4.089269003666427,2.346404965833801
imon1245,bord1247,-3.771711032119757,4.01089099475964
ingr1248,ural1272,3.838372532687813,2.0837433041721782
ingu1240,nakh1245,3.919076403807869,2.1169207196804614
alba1269,aust1307,0.0180363933124356,0.5697306683812302
iqui1243,zapa1251,-2.9335345011891167,3.3660693322537703
iran1262,aust1307,-4.464914380859145,0.738939016057591
iraq1241,afro1255,-0.9083526609721116,0.8448752484399904
irar1238,aust1307,-5.844024171275704,1.000788379703442
iris1253,indo1319,-1.1373238487426232,1.337889900479894
irul1243,drav1251,4.194897817769073,2.398245275853129
kris1246,skoo1245,-1.1539238350766046,2.467580936464792
isco1239,pano1259,2.803309295758877,1.3110379397916478
isin1239,aust1307,-0.2675036540535547,0.3898586016265817
isir1237,kwer1242,1.504199175745924,2.074048593241729
isna1241,aust1307,-0.2365973844216669,0.5057004686336235
isth1240,utoa1244,-3.811330120491027,1.4269462437354932
isth1241,utoa1244,-3.810117048612361,1.4318526566864591
ital1282,indo1319,-0.5766762626429038,0.9355799519149262
ivat1242,aust1307,0.0953334075371445,0.6117162759518155
iton1250,iton1250,-3.9073715064515513,4.411220508928233
itza1241,maya1287,-2.683412777297132,1.619190132554806
iumi1238,hmon1336,-4.578549911769146,3.113367693258079
iwal1237,aust1307,-4.822915822608827,0.6260482153804166
iwam1256,sepi1257,0.9143816404793828,0.9408844036507018
iyoo1238,nucl1709,-2.346802023205512,0.4831283643441573
jahh1242,aust1305,-3.394864550729489,1.1234990311964896
jalk1242,mand1469,-6.020497895302391,2.314283970487104
jamb1236,aust1307,-4.455316987608732,1.4951065373117718
djam1255,mirn1241,1.8157613607385268,2.4691368383517167
jams1239,dogo1299,-3.295852498309955,1.2847252638520974
nucl1643,japo1237,1.870696529821977,2.2378590189647003
japh1234,sino1245,-2.1080821308477096,0.7158761867473942
jaqa1244,ayma1253,2.564436760556913,2.5452330567154107
jara1266,aust1307,-3.4822941229773146,1.27657088323706
java1254,aust1307,-1.6351266454143571,1.343882497348246
jehh1245,aust1305,-3.673999715678897,1.0880834107444777
jeha1242,aust1305,-3.5430668856506595,1.138999433639885
jenn1240,drav1251,4.351741662669012,2.3100491625496824
jeru1240,sino1245,3.098312957137586,0.6672804725026031
jina1244,afro1255,-1.826756058338403,0.6781337380325487
jjuu1238,atla1278,-2.656614092879402,0.9344278148829508
juan1238,aust1305,0.3479981400881753,0.7535128268449949
juku1254,atla1278,-2.1558747434225136,0.671227891704584
kaba1281,cent2225,-5.661360776924685,1.475943803332715
kaba1278,abkh1242,2.13707922920614,2.6555586948629326
kach1284,gong1255,2.3177178979920217,0.8392010879706193
kada1242,drav1251,4.3151529549178775,2.327246565067343
kado1242,sino1245,-3.053455857341637,0.7672687576745716
kafa1242,gong1255,1.2394786559912978,0.8100580754734237
kaga1256,aust1307,-0.8033143848499442,0.645270494562526
kagu1239,atla1278,-5.536448667555126,0.9556115629337468
kaik1246,sino1245,3.611395529390176,0.9372154000619196
kaki1249,kaki1249,1.5907176713279116,2.7332724477560637
cacu1241,kaku1242,2.1151427720052998,3.2507954283161467
kala1399,eski1264,2.180130404651653,3.582114469015287
kala1388,aust1307,-1.083326284512613,0.5372094674459928
kala1377,pama1250,4.673340292030968,1.969513955847619
kara1499,west2604,0.8345842484584326,2.400218772782264
kala1384,atla1278,-5.288580405795944,1.6320950904489964
kalu1248,bosa1245,-2.4042610802748183,2.2286256417199475
kamm1249,atla1278,-2.688238376657924,0.7017108504379976
kama1367,nucl1708,-4.717174488617873,2.150189650977925
kamb1316,afro1255,1.4845510461372968,0.6799677122091818
kamb1297,atla1278,-0.936565528759929,0.8987679259942567
kamb1299,aust1307,-5.459665765855441,1.460743165034609
kamo1255,nucl1709,-0.1772172800717344,0.728258244823083
kamu1260,kamu1264,-2.991569083678953,3.7126027847885377
kana1286,aust1307,-3.468454396988979,0.5156945094173064
kank1243,aust1307,-0.0537677929394022,0.4218018076181442
nucl1305,drav1251,4.505446413852433,2.345141495155872
bidy1244,atla1278,-2.5444565668740373,1.59621811451394
kaon1241,atla1278,-5.180728078472179,1.44686690441295
kapi1249,aust1307,-4.857074026617486,1.3138360769593511
kaqc1270,maya1287,-2.850264638175557,1.57652099098053
kara1482,cent2225,-1.4900850910141248,1.1648379988209072
kara1500,nucl1710,-2.1056390758501395,1.234323733276813
kara1487,aust1307,0.2190115974322777,0.3861742067245899
kara1486,aust1307,-2.0750983450993448,0.7378970124221276
kare1335,ural1272,3.678388604864333,2.2102581466678464
kari1311,tupi1275,-1.6154382370118952,1.3104346531747586
kark1258,pauw1244,0.8421975600942949,2.282773441788497
karn1252,aust1307,-4.951466617406262,0.5872383131596308
karo1304,karo1304,-2.5266916370362,3.8886024205387297
kash1277,indo1319,2.4271492487113253,1.4188385206519527
kask1239,atha1245,-5.406724634264234,3.06246517937578
newa1246,sino1245,3.4142400503283663,0.710054187788713
kats1235,sino1245,-3.1231334118748104,0.7382307277146261
kaur1271,kaur1274,-1.1641060584916425,2.455552249327347
kava1241,aust1307,-0.4893124956341566,0.5895071645347958
kaya1315,sino1245,-2.9858747799161898,0.7952602963799293
kaya1319,tang1340,2.6446138654804665,2.822101677870903
keda1252,aust1307,-2.432681920374093,1.1312239886005957
kera1248,atla1278,-2.5316153081734805,1.5898871513786368
keig1242,kadu1256,-1.4019853052176137,2.004205449965553
kele1255,atla1278,-5.149003745352164,1.2041408180039923
kele1258,aust1307,-2.035108949558732,0.8409424800676355
kele1259,aust1307,-0.2077469865066814,0.3940522799681751
keme1240,atla1278,-5.875295512846183,0.6947597986178744
keng1240,cent2225,-5.22421286345245,1.4595095224065933
kenu1236,nubi1251,1.525799172392943,3.047047641952324
keoo1238,aust1307,-5.591458787230847,1.351430839757782
kera1255,afro1255,-5.045945193580074,0.7864675598856312
keri1250,aust1307,-4.357381208760632,1.4280491845202228
kesa1244,nucl1709,1.2552645408161616,0.439836477932797
kett1243,yeni1252,-0.5938575687634728,2.5190993801266703
khak1248,turk1311,3.0958264061527867,3.1587032568726308
khal1275,sino1245,2.6942469853380326,0.642808296626808
kham1282,sino1245,2.697818874418103,1.11813298904657
khan1274,aust1305,-5.517783307749627,1.1948057702807713
khar1288,sino1245,2.620352788243798,0.5039037440658971
khar1287,aust1305,0.5222495557589961,0.7586080768777048
khas1269,aust1305,-0.4392667011894451,0.7271877158174895
khez1235,sino1245,2.768149996947073,0.5026740225298116
khin1240,nakh1245,3.899687113378624,2.104443202029435
khmu1256,aust1305,-5.551597318461084,1.1595200026125605
guan1266,sino1245,1.3709631181544903,0.6475341187867638
khva1239,nakh1245,3.9161673766741134,1.9751338703280936
kich1262,maya1287,-2.8929565188273205,1.5426175684690762
kiku1240,atla1278,-4.044576516255286,0.9703053513358286
kile1243,tung1282,3.41775953086714,2.9561586824029598
kili1267,aust1307,-5.665282157297945,0.8397003271171446
kimm1246,atla1278,-6.068686009746731,0.967231865134668
kima1246,kolo1268,-1.767965704678454,1.873834771771968
kima1244,aust1307,-0.5999690313822834,0.5876263220911078
kimm1245,hmon1336,-4.338715581024273,3.04282046189949
kina1250,aust1307,-0.9168697773364388,0.5869808070435667
kinn1249,sino1245,3.706971325931497,1.317446511590436
kiow1266,kiow1265,1.6710423552360718,3.188890590238712
kips1239,nilo1247,-0.7944829902891328,1.2477957688273025
kelo1247,timo1261,-5.277580560471276,2.3398013320977302
miju1243,sino1245,-1.9473169321780213,0.6600090006939414
kobo1249,nucl1709,-2.409261798218769,0.485077178632098
koda1255,drav1251,4.403639816890381,2.350381369315829
koho1244,aust1305,-3.4176838263993767,1.199790748055838
koir1240,sino1245,2.5662875756414154,0.5088583004898677
koit1244,koia1260,0.9701597077513466,1.055336977433761
koka1244,pama1250,5.059773051012584,2.572985431210018
koko1269,aust1307,-2.1326346337428896,0.8510650827306137
kola1285,aust1307,-5.9751361181688285,1.0507820645654462
kolc1235,atla1278,-5.933041331173474,1.0232435702970122
kolp1236,kolp1236,-3.917420382675233,4.25043956236553
kolu1245,aust1307,-5.554854665659034,0.8129170709272193
komb1274,nucl1709,-3.2847291916849626,0.7029747571023517
komc1235,atla1278,-2.465299704243775,0.6648828943292591
komi1270,sino1245,2.516329371255618,0.5325250469100702
komi1269,ural1272,3.276241521580072,2.22149505161775
komi1268,ural1272,3.1831540609412365,2.3281254759592995
komo1260,atla1278,-4.934327501707282,1.2291588562476807
kona1242,east2433,1.223256585149912,2.4888910784739986
konk1267,indo1319,2.482084590106442,1.541829148107798
kony1248,sino1245,2.465478147672247,0.5362326072299703
koon1245,atla1278,-6.099149150482143,1.0709396918420797
koor1239,gong1255,1.9902988775300523,0.8791991997814641
kora1294,nucl1709,-2.9915416363111067,0.8146364385534932
kore1280,kore1284,2.299719162490742,3.941849659700416
kork1243,aust1305,1.4803989236162156,1.2338201627685723
koro1298,atla1278,-5.784296867931377,1.2076709078584074
koro1313,sout2948,2.525368076746731,2.1837197847090817
koro1312,nucl1709,-3.2930604744915613,0.6739690344524716
korr1238,drav1251,4.4474635385859385,2.4020963883377675
kosa1249,nucl1709,0.3333241526634741,0.5774277918398454
kosr1238,aust1307,-1.8473045012678884,1.3337773630559298
kota1263,drav1251,4.336619950610849,2.300672408240783
koti1238,atla1278,-1.7161163683659957,1.4312208720756452
kova1243,nucl1709,0.7790373693943426,0.5816251023089238
kove1237,aust1307,-2.127306106013657,0.6268277510581406
koya1251,drav1251,4.302332688505199,2.232193345001714
koyr1240,song1307,-1.8485456482834928,2.293969497641349
koys1242,afro1255,-3.322024201847154,1.274722949520375
ngeq1245,aust1305,-3.517432462274209,1.060512539454458
kron1241,kadu1256,-1.4679787543972571,1.986981578904226
kryt1240,nakh1245,3.858579185615382,2.1219557729152694
puoc1238,aust1305,-5.370324762248734,1.247339278153074
kuan1248,aust1307,-2.2861784176049,0.6878270474780894
kuan1247,atla1278,-1.6780509424312804,1.485281704470589
kuii1252,drav1251,3.843233984627709,2.150882133703421
kuik1246,cari1283,1.2033618721508283,1.4468864108298494
kuku1280,pama1250,4.924380426763129,1.8187865991473204
kuku1273,pama1250,4.892469198009569,1.9857749130414204
kulo1237,aust1307,-0.374649991356863,0.4902331143900191
fait1240,nucl1709,-2.276056229319665,0.4554035176732576
kulu1253,sino1245,2.7526500537140173,0.6426623557416402
kuma1280,nucl1709,-2.22131213807225,0.4704707928919456
kumb1268,pama1250,4.66384362226365,2.872805471341747
kumz1235,indo1319,-1.987395329734172,1.6753275463780737
kunb1251,gunw1250,0.0589408323739513,1.2799055915676671
kuni1267,kuni1270,0.0457207618601094,1.4603310022032066
kunj1245,pama1250,1.6121643251652062,1.735502182450107
kuot1243,kuot1243,1.075354834856795,2.4779791973959764
kurr1243,pama1250,4.631072673691779,2.832085252070448
kurt1248,sino1245,2.8231452692616523,0.6680685460768752
kusa1251,aust1307,-5.766718370539425,0.8813599470438849
kusu1250,kusu1250,3.07666914687386,4.108771732188494
kute1249,kute1249,-2.7860499167730737,4.144661942599292
kute1248,atla1278,-5.838271398187045,0.7043915315180937
kuvi1243,drav1251,3.798922314185107,2.1561987032693164
kuyy1240,aust1305,-3.755386083652741,1.1503068210003748
kwai1243,aust1307,-1.8506381844200663,0.8143933278769087
kwam1252,aust1307,-4.898007596659991,0.7411165195009843
kwar1239,aust1307,-5.343660315262529,0.8630096535220293
kweg1241,surm1244,-2.5055708152363305,1.6311505570140774
nucl1595,kwer1242,1.5775913852797037,2.060126334680276
kwin1241,worr1236,-4.3466095732052645,2.506117970866004
kwom1262,sepi1257,-2.07114243363686,0.9445625128335892
nucl1593,kwom1263,-1.1481965510661882,2.4434334314706945
kxoe1243,khoe1240,-0.076987829783194,1.6498805880060328
kyer1238,sino1245,3.4132132770664185,0.7375324015496663
cori1240,atla1278,-6.149827694267435,0.9323163185422204
laal1242,laal1242,-3.885953076238212,4.434037846499809
labe1239,aust1307,-2.282924717338816,0.7123848676538573
labu1248,aust1307,-4.589953951099872,0.6042887388585712
labu1249,aust1307,-0.6742887170064287,0.6030358228387778
lach1248,taik1256,-4.704450818700096,2.723892531854748
lagw1237,afro1255,-1.949222267611216,0.6790730411078929
zaye1235,sino1245,-2.8075396882426618,0.7898759387274685
lahu1253,sino1245,-3.0977311544454698,0.7785327017310486
laiy1246,aust1307,-5.504391559427125,1.268474964198684
lakk1252,nakh1245,3.9612867783234273,2.000710744418731
lama1277,aust1307,-5.7790026394923615,1.2317186551278905
lama1288,afro1255,-1.95042931805855,0.5754369407858837
lamb1269,indo1319,2.226676048543582,1.4216814003669151
lamb1273,aust1307,-5.39222760863428,1.4973432936131612
lame1260,aust1307,-4.880921596911053,0.6069851972929445
hela1238,sino1245,3.389331670724803,0.7076095742738424
lamk1238,sino1245,2.3860250268969283,0.5535373093396938
land1256,atla1278,-6.137577779038175,1.6301112166157026
lang1320,atla1278,-5.452798492682554,0.8780932010260081
laoo1244,taik1256,-4.453928461808514,2.798801877750813
lara1258,lara1258,-3.2558149636262206,4.063587026947795
lard1243,tang1340,2.523107628162548,2.8120908484445177
lash1243,sino1245,-2.6447942317050983,0.6094925974315277
teke1275,atla1278,-5.868132725496461,1.34305013518226
latv1249,indo1319,2.142568437963074,1.4149934978632324
lauu1247,aust1307,-1.903238944016308,0.8410069067213186
lave1248,aust1305,-3.625570272339395,1.0702275647292208
lavu1241,lavu1241,-1.1184539580358508,2.5465222850332623
lazz1240,kart1248,2.529660664128119,3.2504919595521007
lega1249,atla1278,-5.141567842143166,1.266267793365495
lele1276,afro1255,-4.974754413521042,0.9145270909231282
lele1267,aust1307,-4.832606083066447,0.6516788906976787
lele1270,aust1307,-5.500482526797894,0.8768959343024978
lemb1266,nucl1709,1.0606013755472732,0.4993790737960477
leme1238,aust1307,-4.958859855411738,0.8206273767389121
bela1260,aust1307,-1.025337394276404,0.7388468572113691
lena1238,aust1307,-4.884213726936789,0.7619596323790354
lend1245,cent2225,-4.322394917762535,0.8487734576805792
leng1259,aust1307,-5.333779841033007,0.9045685114409964
lepc1244,sino1245,2.258572798659317,0.6526961603462835
lese1243,cent2225,-0.6889893167892254,0.8393065947534426
leti1246,aust1307,-2.530333161394005,1.1886290484572086
lewo1242,aust1307,-4.868969253575703,0.6278553811310807
lewo1244,aust1307,-5.801617796279417,1.2380414357377836
lezg1247,nakh1245,3.89122616136539,2.067155130492547
lian1251,sino1245,2.5223382740455373,0.5114902011442766
libi1244,atla1278,-6.043337473213743,1.066475769636411
liby1240,afro1255,-1.0011577503012954,1.2282213318402615
lihi1237,aust1307,-5.278040938227171,0.7818063738742698
liji1238,atla1278,-6.052179681167534,0.8374863429777832
lika1243,atla1278,-4.605618915437114,1.0341958185859816
lill1248,sali1255,-3.0287383394647627,1.911478628075877
nucl1327,limi1242,-0.9733482836434436,2.44313365285424
limo1248,aust1307,-0.0719120861643558,0.4468703251202148
lipo1242,sino1245,-3.099264427928842,0.6591175197993886
lisu1250,sino1245,-2.935343473258546,0.600769037313297
lith1251,indo1319,2.149477362498261,1.3538534539484337
lito1235,atla1278,-6.046208029576281,1.0298992334549393
livv1243,ural1272,3.7781251063403487,2.067494153447952
logo1259,cent2225,-0.8763265487244878,0.7406409584989078
loka1252,atla1278,-2.565767186653347,0.8695462165861745
araw1276,araw1281,-3.6301196151951194,1.4871115794708452
lolo1259,sino1245,-3.112835225072478,0.6550064939441507
loma1260,mand1469,-2.539357310399551,2.231232555916572
lomb1257,indo1319,-1.2396535080579456,0.9432452704049794
chiq1248,chiq1253,-1.1518445028168929,2.6342003424957245
acha1249,sino1245,-2.031787024405347,0.655418308538092
long1395,aust1307,-5.2939941639991765,0.9288141044722736
loni1238,aust1307,-5.499655002139957,0.8781628104080088
lote1237,aust1307,-5.738547485923043,0.7388101081055582
loth1237,sino1245,2.615329510326234,0.5185155166398525
lotu1250,aust1307,-4.374760277306417,0.6265530720592309
louu1245,aust1307,-5.526191881905571,0.831068403862874
vano1237,aust1307,-5.20457199722102,0.9997209572124754
lowl1260,tequ1244,-4.09753035751148,4.674758911791102
lowl1265,utoa1244,-0.1638350654972979,0.851721314031991
lozi1239,atla1278,-5.276923449816901,1.395821180813548
luan1263,aust1307,-6.017310481582406,1.2275812707872165
onto1237,aust1307,-5.516804540211988,1.1171148626945602
lubu1243,aust1307,-3.687422075386614,0.4716576297065531
luch1239,atla1278,-5.293811672940084,1.4877289343631848
ludi1246,ural1272,3.65455712569121,2.208079318240218
lugb1240,cent2225,-0.6958481085255674,0.7574360688196826
lugu1238,atla1278,-2.0466806723884567,0.9844753925590092
lule1254,ural1272,3.241067953699403,2.142098528068717
lumu1239,narr1279,-4.254534781102029,2.5743001697678363
lund1271,aust1307,-4.376824399281079,0.8120959743300373
luse1252,atla1278,-5.864387710819805,1.1862317440514722
lusi1240,aust1307,-2.036992329471372,0.5990711307382668
luva1239,atla1278,-5.265569528006598,1.501307012487401
luya1241,atla1278,-5.346044034373713,1.4534908285430577
maan1238,aust1307,-4.937083138866303,1.3123626862968143
maba1270,atla1278,-5.618233545888032,1.1028101834462731
maba1277,maba1274,-4.392450016082388,2.8844098698437226
mace1250,indo1319,1.7424529502185755,1.0258209783336163
mach1267,araw1281,-1.3572142340708475,1.0013693335250862
maco1239,sali1297,2.366542586907055,3.5404224844410224
macu1260,tuca1253,-1.763897163029998,2.0539440471930828
mada1285,aust1307,-2.0718343290806973,0.7120210089255661
madi1260,cent2225,-0.883729633511328,0.8659250031468542
jama1261,araw1282,-3.5311052357604287,3.88671106197608
nucl1460,aust1307,-5.118902405028427,1.5245447049906122
mafe1237,aust1307,-4.783980225726118,0.5986092089726434
maga1260,indo1319,1.708977301804499,0.9795931434370972
magd1235,otom1299,-4.99850071302177,0.8501826149412599
magu1243,aust1307,-0.9092557944311412,0.513993187684811
maia1253,nucl1709,0.5399078666776911,0.4780808313838101
mail1248,mail1249,-3.3975025119663886,4.069728427593192
nucl1594,mair1253,-4.0357711136547865,4.367001936868716
mais1250,aust1307,-1.688368531797141,0.6876458749434455
mait1250,indo1319,1.380294491383907,0.9147479547585088
maja1242,surm1244,0.0848347138284861,1.4707801886797789
maka1304,atla1278,-5.928023264765182,1.002581494087888
makc1235,taik1256,-4.3128035525516655,2.743552058843848
makh1264,atla1278,-5.049482243606285,1.4624803299833309
makh1266,atla1278,-5.03115316911029,1.4585925734577767
mala1463,drav1251,4.260073340576934,2.5650513099638594
mala1534,aust1307,-0.3987148048101936,0.4642628182214308
mala1464,drav1251,4.2036151805292885,2.4842488779443483
mala1522,chib1249,1.4973425162225094,1.0362160806192993
male1284,gong1255,1.773740834550153,0.8012911335436392
male1297,chib1249,0.1566274616886698,0.8433793927637021
male1289,aust1307,-1.8525942303395837,0.5904131971093793
malg1251,afro1255,-5.407367593977186,0.693481012185968
mali1284,bain1263,-1.3266950468538434,2.6184417915179035
mali1285,otom1299,-1.633431780909496,0.8641809363282862
malt1254,afro1255,-0.0838791233948677,1.2089787823865557
malu1245,aust1307,-4.763851357046706,0.5827768781783318
mamm1241,maya1287,-2.969665282550718,1.5693072033434277
sauk1252,nucl1709,-2.130567259513755,0.5100648001319819
mama1275,aust1307,-0.902103175670359,0.6212638533500758
mamb1306,aust1307,-5.963977955368369,1.2181768045450596
mamb1294,atla1278,-6.032759709213009,0.7865525588087685
mana1295,aust1307,-5.188939392612824,0.6807934527841271
mana1298,nduu1242,1.2700244744804612,1.5529811780767735
mana1288,sino1245,3.5416599056621028,0.8551261783655564
payn1244,nucl1709,-2.308979234986074,0.4698060011380534
mand1440,aust1307,-1.987764636326228,0.7541232447511081
mand1415,sino1245,-1.6179229329259193,1.653207041211698
mand1436,mand1469,-5.996491667136541,2.740464131478917
mang1378,aust1305,-5.585761600673156,1.15459656792384
rapa1245,aust1307,-4.930861038553941,2.3015281518613517
mang1401,aust1307,-1.643722335933766,1.882375417858828
mang1381,mang1423,2.1269661318267388,2.7366561952734285
mang1394,cent2225,-1.0878081980725045,0.816170940824346
mang1404,aust1307,-4.599444513189493,0.6258497689781697
mang1405,aust1307,-5.431549728704661,1.383174216048391
mang1403,aust1307,-2.109698624454413,0.7015351557957867
tong1308,aust1305,-3.72232756091386,1.2719785649530904
manm1238,aust1305,-5.775689335370784,1.0974020657133323
mans1262,aust1307,-1.2741033563002273,0.6368073841564019
mans1260,hata1242,-3.732682941449789,3.946007459662839
manu1258,aust1307,-5.777184680072956,1.123543189973251
maon1241,taik1256,-4.267947176284075,2.745426354233895
maor1246,aust1307,-4.786363604602768,2.36442889257138
mapo1242,aust1307,-4.61508497359085,0.6175172833053715
mapu1245,arau1255,-2.828783631461314,4.628812508762158
mara1382,sino1245,2.1743823932622703,0.6647806276401624
mara1399,aust1307,-1.4719261150769465,0.5346841638473698
mara1379,sino1245,2.658188540231491,0.4982400216435554
mara1404,aust1307,-0.8140831669651205,0.5015718948158305
mara1386,west2434,-0.3004007292332407,1.2035135959813887
mara1378,indo1319,2.501789460223199,1.3974789241519403
marg1253,pama1250,4.965283265348272,2.565747928152864
marg1265,afro1255,-1.9015339897419297,0.5861457553480935
mari1414,drav1251,4.518571127554501,2.3360119958402468
mari1440,coch1271,1.8729082886074824,2.7263704649486007
mari1428,aust1307,-1.0411544243210034,0.5632331702312943
nucl1622,anim1240,-3.36977854588822,4.052982240271235
mari1416,sino1245,2.533884266310877,0.5413418030316883
mari1424,west2434,-0.0241954453561381,1.2168842762507175
moro1289,moro1289,1.5030621822553971,2.742968300547789
maro1244,aust1307,-5.742538834563247,0.8928227839349807
mara1385,mang1423,2.3972993991323537,2.803600769620362
mars1254,aust1307,-1.7989371103943572,1.597486950399631
mart1255,pama1250,4.585370611627429,2.8543958717330584
maru1249,sino1245,-3.1342003238189355,0.6509371409094333
maru1252,pano1259,2.740117860845203,1.2830056722565324
masa1322,afro1255,-5.008683808585674,0.8055266344301142
masb1238,aust1307,-0.2221411816485607,0.5522821633431523
mask1242,aust1307,-4.9259506940280655,0.5846548105858957
kemb1249,aust1307,-4.573553547217197,1.3604634089125556
mati1250,aust1307,-0.6528110469878023,0.4629597657552855
mato1252,aust1307,-1.2335381470723257,0.548782129578651
mats1244,pano1259,2.75658087949888,1.3504449581281692
matu1261,aust1307,-1.566036679498259,0.578505592686902
matu1259,atla1278,-5.405303093868193,1.2043197534446062
mauw1238,nucl1709,0.4930294983426336,0.482236453293515
maun1240,iwai1246,-2.985853264471156,3.906486769146335
maxa1247,nucl1710,1.1806960262754542,1.6353400492036254
maya1285,misu1242,-1.2100805844159717,1.938151548186843
maib1239,mayb1237,-3.892267565279123,4.399822242246389
mayo1264,utoa1244,0.3906030665713288,0.9334810036002424
mayo1261,atla1278,-4.48434034873423,1.0169745885261054
maza1304,afro1255,-1.7588117949953714,0.5983793437172622
mban1263,atla1278,-2.47687002978952,0.9769683693367774
mbar1260,afro1255,-1.5623553900874656,0.727055796014433
mbay1241,cent2225,-5.718767600124751,1.4545611889190635
mboc1235,atla1278,-5.933243932946718,0.8312713036199115
mbol1247,atla1278,-5.1979594778738125,1.264593607588692
mbul1263,aust1307,-1.688974892063463,0.575812095884622
mbya1239,tupi1275,-0.8837997199783572,1.5477623388258257
mehe1243,sepi1257,0.7687397404438805,0.9344209436288332
saki1248,tupi1275,-1.608230774739719,1.11265969524574
meke1243,aust1307,-4.675990047027318,0.6845183708775773
mele1250,aust1307,-1.3683415640140923,0.6229651974821149
melo1242,gong1255,1.7789161228083288,0.7612500798749826
melp1238,nucl1709,1.2790325084708816,0.4741160268794688
mend1268,sepi1257,-2.264333617397274,0.9650613144577996
mend1266,mand1469,-6.073872894540889,2.4298919484237063
meng1267,aust1307,-5.801969205255487,0.7432814565069847
meny1245,anga1289,3.162265130278106,2.0273360539389103
mere1242,aust1307,-1.4050384287400868,0.6034708249259086
meri1244,east2503,0.8962078931347797,1.3812742103901705
meru1245,atla1278,-3.830611283282402,1.0385184663361269
mesc1238,atha1245,-5.026087617560558,2.688162689353652
meya1236,east1459,-4.765445554113782,2.820287169679436
mezo1235,otom1299,-5.138799516640308,0.9954925760072796
mezq1235,otom1299,-1.6178733703695238,1.2670669083870305
mian1256,nucl1709,-3.261325995415792,0.594818434746287
mich1245,utoa1244,-3.661663206988432,1.5509713729382932
midd1357,pama1250,4.735484985062657,2.841918716315182
midd1327,aust1307,-4.611828179683256,0.6304711120010058
mids1243,atla1278,-1.7949495637496722,1.0131437790444924
mikm1235,algi1248,0.8880029192353389,2.079023061955178
mila1245,sino1245,2.046558478422832,0.6163572282263097
mina1276,afro1255,-2.0323273846829824,0.5885247767145865
mina1268,aust1307,-4.361219685146061,1.3357379694557157
mini1256,huit1251,2.075910493027469,2.5033722341606968
mini1251,aust1307,-5.7568236481193455,0.7072428310667416
minn1241,sino1245,-1.3287292812386835,1.0552419400324426
miri1266,jarr1235,-0.611737272485217,2.332430563112465
misi1243,aust1307,-2.2555729657150305,0.936669642022089
mixt1426,otom1299,-4.937155324092705,0.993637999746368
miya1266,afro1255,-5.159592692326148,0.8760072386846565
miya1259,japo1237,1.8106505442646768,1.5152943000003152
lush1249,sino1245,-0.9766784302524348,0.6228682460969832
mlab1235,aust1305,-5.219373044520038,1.1754157908781249
moba1244,atla1278,-2.7550673116206985,1.1413585350175612
moch1257,maya1287,-3.0529017527103504,1.5716750508455322
moco1246,guai1249,-3.4006531376989475,4.40225477207284
mode1248,indo1319,1.4078333298984704,1.1913814971113013
hebr1245,afro1255,-3.783159287208336,1.4579223493087552
moii1235,west1493,-3.713846528823948,4.370564228026577
moke1242,aust1307,-4.341876230349669,1.621323599891733
moki1238,aust1307,-4.94310518730964,1.2977627607455648
mokl1243,aust1307,-4.194821690252439,1.551593908705172
mokp1239,atla1278,-6.286285777097364,0.9694485197169652
moks1248,ural1272,3.6426559409960535,2.2862281355355867
mong1338,atla1278,-5.420758300992108,1.328443393729251
mono1273,aust1307,-2.2581932849720987,0.8189873755895007
mono1270,atla1278,-5.7336232417112605,0.9942870523595316
mono1275,utoa1244,2.519185529723285,1.2988499445612565
mont1268,algi1248,-2.9324258966050003,2.510134574957317
nucl1458,monu1249,-3.2673588625714745,3.8192498683284537
monz1249,atla1278,-2.3064350975012866,0.9566318422039846
mopa1243,maya1287,-2.4942447090575417,1.6173406212160746
mori1269,aust1307,-5.052617644836067,0.9100120169695723
mori1268,aust1307,-5.172820131433115,0.9423196554511302
morm1235,aust1307,-5.709717845888024,0.879217829569857
moro1287,aust1307,-5.505098785826363,1.1221530301803426
mort1237,aust1307,-4.5360702944331175,1.4635856008213537
mose1249,mose1249,-1.2304246215553485,2.6435911698524315
temb1272,atla1278,-5.762328560626728,1.0916573062083597
motu1246,aust1307,-4.753271403466632,0.7579830936482317
mouk1239,aust1307,-2.056706328621424,0.6202173566283298
moun1252,koia1260,0.8858063852028262,1.0238293613830258
movi1243,movi1243,-4.0564273857240085,4.457943677942832
tang1347,aust1307,-4.809816682340701,0.6113571077507114
moyo1238,sino1245,2.5205990789445507,0.5349644769871542
mpad1242,afro1255,-1.8629533239584943,0.7683895223510948
mpii1239,sino1245,1.0074255919910255,0.8559717555218134
mpot1240,atla1278,-2.1441364471723583,1.0986518607320577
mpur1239,mpur1239,-3.919720379304802,4.4244372074315965
mual1241,aust1307,-4.59952401034123,1.3608248837967123
mudu1242,aust1307,-2.1390500512193897,0.6693007498993868
mudu1239,drav1251,4.324248872514854,2.323930688189474
nucl1240,atla1278,-2.4417009604549302,0.724952616225238
muna1247,aust1307,-5.57012325747767,1.168239336113631
munc1235,sino1245,-2.006670327710608,0.8052581390589486
mund1328,atla1278,-2.31087596027632,0.6453893094171494
mund1325,atla1278,-2.440913627056853,0.8064455924394593
mund1320,aust1305,-3.4433105747394697,0.8340077864673461
mund1330,tupi1275,-0.6831021897753129,1.2660236186325935
abar1238,atla1278,-2.314220990095756,0.6461227429869725
murl1244,surm1244,0.3855296595935811,1.4711638228766877
murr1258,sout2772,-2.932304350434535,3.8891196757241455
muru1274,huit1251,2.0798234884200384,2.515141605755532
muru1266,pama1250,4.890950645230936,2.666581274763708
musg1254,afro1255,-5.171310454429372,0.7214227381679912
muso1238,aust1307,-4.579754283303572,0.5932818046476225
muss1246,aust1307,-5.44032264832388,0.957288483027062
muth1236,drav1251,4.261175839805018,2.3983653078070883
mwag1236,afro1255,-1.6003402529334934,0.7545681523683143
mwan1250,mand1469,-2.763660076914447,2.166032474412133
mwan1247,atla1278,-5.127548032952636,1.4955812058274978
mwer1248,atla1278,-1.9459151629222813,1.1805745437989517
motl1237,aust1307,-4.919315352963684,0.8316786094266249
naba1256,nucl1709,-2.388123103826968,0.5328404886468423
sout2857,aust1307,-1.4203541936352004,0.5616946445103812
naka1262,aust1307,-5.769400396007084,0.7311129773986718
nalc1240,nucl1709,0.0509513507625316,0.5626175342446729
nali1244,aust1307,-5.551341620296936,0.730966743648251
litz1237,aust1307,-4.953391661082668,0.5698664643414215
nama1266,more1255,1.2031410692103557,1.067470274156448
namb1293,more1255,1.2778665804260136,1.0881856538055246
nami1256,sepi1257,-2.492490148047767,1.0000712131088232
nana1257,tung1282,3.3716512115427126,2.8574560888956504
nand1266,nilo1247,2.7683170530623924,1.2048317553045669
nang1262,aust1307,-1.8548077112977488,0.9465311320182952
nara1262,nara1262,-0.2827153511531382,2.2412104285044787
naro1251,aust1307,-4.411536611087511,0.9568856665964072
yong1270,sino1245,0.2362204991137328,0.5773336569136154
naru1238,pama1250,1.6603220242578502,2.2950588434653323
nati1244,aust1307,-4.818006596856308,0.5799253957072121
naue1237,aust1307,-6.230598326549908,1.2137145839663628
naur1243,aust1307,-1.9372049439439567,1.4642552516279856
nava1243,atha1245,-0.9390075942667284,2.0266723986659043
nawu1242,atla1278,-3.0854611199698327,1.17409071594187
naxi1245,sino1245,-3.078644425367471,0.6143272271247504
ncan1245,atla1278,-5.901185574281744,0.6926455791154202
ndam1251,afro1255,-4.842050537839324,0.9851357648738476
ndam1239,atla1278,-2.2357152781625893,1.0006227674244048
nden1248,atla1278,-5.381815784803237,1.1597502889540063
ndog1248,atla1278,-5.20454370875695,1.2072381955946885
ndom1245,kolo1268,-1.7988322165307649,1.888665702598628
ndun1249,atla1278,-5.715602332419252,1.0929694381901776
nege1240,aust1307,-3.528466820700582,1.2836935677681651
negi1245,tung1282,3.387293758764572,2.8567772345308926
neha1247,aust1307,-2.216845848395532,0.8078288525868667
kuma1276,aust1307,-1.901269835436297,0.8109989281903074
nenn1238,more1255,1.3607801988223127,1.102070005869555
nend1239,nucl1709,1.0901317127325008,0.452741840439602
neng1238,aust1307,-1.4802494630376746,0.7874487999054569
nucl1706,afro1255,0.700797316894127,1.095132940543346
nepa1254,indo1319,2.290220828335575,0.9693229731640294
nese1235,aust1307,-4.562341207558554,0.5814850260837989
vinm1237,aust1307,-4.8300023763652735,0.5783227408686127
ling1265,aust1307,-4.830113621616791,0.576643285872386
nezp1238,saha1239,0.6099997263910993,1.7420385885375076
ngaa1240,pama1250,4.786558688190373,2.6748872830300154
ngab1239,chib1249,0.291511138927234,0.7110014243777547
ngal1292,gunw1250,1.0924474141019052,1.329391046822911
ngam1268,cent2225,-5.753566029086353,1.4280259840934484
ngan1291,ural1272,2.456708509257132,2.240663067353712
ngan1295,gunw1250,0.7671719111018199,1.2695198597145287
ngar1235,pama1250,4.010874258532285,2.016949456500829
ngar1284,worr1236,-0.6296235989858194,2.2387438283622423
ngar1283,mirn1241,2.6500906792239016,2.666360820847605
ngas1240,afro1255,-5.047104709108376,0.7343375465951878
ngba1285,atla1278,-2.552336217339166,0.992322120675392
ngge1241,nucl1709,-2.839193417952112,0.673731626827232
ngit1239,cent2225,-0.8831103539053378,0.8619809953632878
wang1291,pama1250,4.845668411063564,2.693941549642778
ngom1268,atla1278,-5.576494568100176,1.1112327357049097
nhan1238,pama1250,4.823138838856866,3.1466075324517515
nhen1239,tupi1275,-3.6874527753923054,1.5624269954497016
nias1242,aust1307,-0.5648649207340699,1.010402767778953
niha1238,niha1238,3.252528851209941,4.4448118239403165
nila1242,atla1278,-5.458113770664985,0.9575823418983944
nucl1633,nimb1257,-1.104677650948347,2.448000890992743
nisg1240,tsim1258,-3.4181258091156894,4.79800325953226
niua1240,aust1307,-4.310719840700605,2.0357909839963693
niva1238,mata1289,-3.619165086824723,4.7405461784157135
njan1240,atla1278,-5.966505089556275,0.7434541006659963
noct1238,sino1245,-1.219058629726597,0.5407940455104931
noku1237,aust1307,-1.50028893893314,0.6642936777045945
noma1260,atla1278,-2.6066277426453275,0.8597993091901985
noma1263,araw1281,-1.2115411113468082,0.9538625068456748
noon1242,atla1278,-2.512220098871591,1.6485783059512684
noon1243,atla1278,-5.897703444411004,0.6975819701883381
nopa1235,otom1299,-1.1307761953553248,0.7813805329944552
nort2839,aust1307,-4.860903144876749,0.6022810062607711
nort2697,turk1311,3.862325774298327,2.651706166979777
darg1241,nakh1245,3.922028316108509,2.0439819842825706
nort2930,kiwa1251,-2.9223118928749297,3.217536520743145
nort2724,sino1245,0.2159761251900844,0.5542066866821482
nort2972,choc1280,2.316203324244814,1.99728198451668
nort2702,drav1251,4.2933935001106045,2.2244092966578557
gumu1244,gumu1250,2.3957564124096717,2.736108156403491
nort2938,haid1248,-1.4356777982951012,2.128827746540342
sing1264,sino1245,-1.059741325440525,0.549014002242652
nort2877,aust1307,-0.5370390174051902,0.4237200580768512
nort2684,aust1305,-4.1599913924717935,1.2078576478646736
lush1252,sali1255,-2.981406273313526,1.836690015110363
nort2774,atla1278,-5.622282082630969,1.0720068503138815
nort2954,utoa1244,2.3062032631935603,1.3613384389763483
nort2957,utoa1244,-3.939715318070799,1.3625757491617705
nort2723,sino1245,0.3992936284762747,0.5987030267670104
nort2747,hmon1336,-4.060837221927183,3.0360624756302155
nort2722,sino1245,1.3122888753948034,0.7066028775459872
nort2994,aust1307,-3.5360712866814707,1.3218514704880269
nort2885,aust1307,-0.5176203277455589,0.5187656315887974
tosk1239,indo1319,1.5135845534149093,0.9986136742436358
nort2732,sino1245,-2.478132939251324,1.3001650032871268
nort2690,turk1311,3.953664581195528,3.2577735843160025
yoku1256,yoku1255,2.3747432996082614,3.694866814763867
nort2745,yuka1259,2.234550892236376,4.051300439188911
nort3047,afro1255,-1.8665877037221168,0.6016340549486827
nort2980,quec1387,0.6704093264907698,1.587492766227678
nort3139,afro1255,-0.3160944840012503,1.1828068995186394
nort2845,aust1307,-5.047790680727573,2.36844920699711
nort2671,ural1272,3.3026464702607896,2.2212835557457
nort2942,atha1245,-1.9747895628115504,2.5658993560406813
nort2847,aust1307,-1.432154107844052,0.7227430908240358
nort2699,drav1251,4.676336960217936,2.4011421185687043
nort2961,algi1248,-3.276728009279256,2.674694502839653
nort2775,atla1278,-6.108071032149833,1.0242220574428087
nort2951,maid1262,2.1895189113736686,3.505089452974152
yaki1237,saha1239,0.0509397697746201,1.7137488741075542
nots1237,aust1307,-5.534000975246955,0.7233703630230757
nsen1242,atla1278,-1.7370610538581577,1.2574310032255056
nuer1246,nilo1247,1.3819999298908854,1.412980727259754
nukn1238,nucl1709,1.1411398110415043,0.4975071800366599
nuku1260,aust1307,-4.159275611866233,1.4129229495640212
nung1282,sino1245,-2.651214482762787,0.6193992015623486
nupe1254,atla1278,-2.7744575095269104,1.0721303634337076
nusu1239,sino1245,-2.906674304065692,0.6052118786289267
nuuc1236,waka1280,-3.088008250626864,4.442695166143858
nyah1250,aust1305,-4.736200839702583,1.2472557079554036
nyak1260,atla1278,-2.051149796043413,1.0484983743735825
nyal1250,atla1278,-4.429994931613525,1.0574774901381732
nyam1285,afro1255,-1.6350024864902917,0.6955470245672188
nyan1307,atla1278,-4.687401184515949,1.1391532682811665
nyat1246,atla1278,-2.1073907057669024,0.9186198153861528
nyaw1247,pama1250,4.848455519416599,2.230548666044628
nyig1240,nyul1248,3.0350782942439043,2.3450252338156163
nyis1236,sino1245,-0.7665073527316917,0.5239419900798445
nyor1246,atla1278,-4.584351748532322,1.0854425137917598
nzad1234,atla1278,-5.358513872030186,1.461877802565498
obok1239,lake1255,1.2019852418946129,2.51534767126045
obom1235,aust1307,-0.9579064306894716,0.5050579012894865
occi1239,indo1319,-1.5726878654308258,1.0607156178009696
oriy1255,indo1319,1.6293141125565134,1.0815982716662704
ofay1240,nucl1710,-0.5032818060493363,1.28588951829843
kalm1243,mong1349,3.9555130649899226,3.252447968271519
okan1243,sali1255,-2.9500836402879487,1.924703397008928
okin1246,japo1237,1.9589565442087045,1.705922441465641
oksa1245,nucl1709,0.4809623111515841,0.5290599175574124
oloo1241,nucl1708,-5.145515344825054,2.0151576589320266
omie1241,koia1260,0.9228268265085277,1.1115624212203112
bira1253,bira1253,-0.11501886137228,2.1381630363108712
onon1246,iroq1247,-3.3088118469639736,3.43585390586339
orma1241,afro1255,0.3786052698775521,0.9082606754397622
oroc1248,tung1282,3.390892534288544,2.8016863223103825
oroh1237,aust1307,-5.027142392371472,0.9679167688962592
orok1265,tung1282,3.307268753117696,2.979588048998685
orok1269,nucl1709,0.8700556585737007,0.6477268834869196
orok1266,atla1278,-6.273035093367449,0.9003352260897248
orok1267,nucl1580,-1.272414916612953,1.8084817672362004
orow1242,aust1307,-1.7550817851459763,0.7359295554661642
orya1242,toro1256,-1.129177917666246,2.4576206047690654
otta1242,algi1248,-3.22436326003407,2.6206428317146773
paaa1242,afro1255,-5.124784197249569,0.9089471045053176
paas1238,atla1278,-2.9264744025223983,1.1327578398671712
paco1243,aust1305,-0.6305838947732667,0.983028487699734
pagi1243,atla1278,-5.452912101705829,1.0797868778425794
pahn1237,hmon1336,-4.299679609340116,3.0747167855101405
pait1244,sino1245,2.534341262878636,0.5572324821650909
paiw1248,aust1307,-0.4790885446141808,0.5144866921757894
pala1344,aust1307,-4.884084849143047,1.476964081920249
pali1279,araw1281,0.3621929742436363,1.3420720254935707
balu1257,aust1307,-1.9929465444367784,0.7935762206440504
pamb1243,atla1278,-0.7566384766051559,0.8419477514720644
pamo1252,aust1307,-1.3950106343953284,0.8436378168185179
pamp1243,aust1307,-0.1341002216034079,0.5238006923986944
pana1307,nucl1710,1.161956698231147,1.1405417052700226
enap1235,cari1283,1.658402126074658,1.42372255269792
pang1290,aust1307,-3.608813465918677,0.4954082295017787
pang1291,aust1307,-0.9588378769253914,0.6218518370212358
pang1287,atla1278,-2.129674719996944,1.0414313087955227
pano1254,pano1259,2.625624707165573,1.2507937868018413
pany1241,pama1250,4.656381262301929,2.8040491335462256
papa1265,aust1307,-5.742447448572863,0.812651573634529
para1302,sino1245,-0.8607415568283732,0.5109979798715232
pare1272,araw1281,-4.414996613419314,1.3407961418889125
pate1247,aust1307,-4.579646161764244,0.6254781354359213
patp1243,aust1307,-2.1265789834258086,0.7131537160588994
patt1248,sino1245,3.653574007105594,1.44879739487497
paul1238,aust1307,-2.277819272075913,1.0954515441553516
paun1241,araw1281,-2.005865431523658,1.1506774183442996
pawa1255,pawa1255,-2.756864306232234,3.5178402777116524
pech1241,chib1249,0.7908438360617108,1.1568805956115904
peer1241,atla1278,-2.386867704033719,0.7436711963941534
pela1242,sino1245,-2.288619892567151,0.6748348594493905
pemo1248,cari1283,-1.955792684598625,1.342268708863637
pend1242,aust1307,-0.6573234002925303,0.8060601840548491
peng1244,drav1251,3.815241374702918,2.175030459211648
peri1253,mong1349,2.7914719471781964,2.790783953632665
phak1238,taik1256,-3.246850082425219,2.541221733960528
phom1236,sino1245,2.231982805669565,0.5136774058187035
phon1246,aust1305,-5.110968344404787,1.2562855390573713
pila1245,guai1249,-3.5888314598199536,4.278032138178558
pina1252,piaw1238,1.524757340057384,2.664221932296738
ping1243,aust1307,-1.5584494034075282,1.2545780381183258
pint1250,pama1250,4.765247452330819,2.47910976718616
pipi1250,utoa1244,-2.9299621101883924,1.672698208255432
pite1240,ural1272,3.0382969345255395,2.1151610243099945
plat1254,aust1307,-0.4314349510445341,1.527441479731264
pnar1238,aust1305,-0.1952380781594997,0.7295737438305006
pohn1238,aust1307,-1.4795496461718147,1.2834766105674411
poli1260,indo1319,1.5749232932287314,1.235363713166569
popt1235,maya1287,-3.0126393653404167,1.495756658825032
port1285,aust1307,-4.886690252987284,0.5848244184727047
port1283,indo1319,-1.3777750833263536,1.3634455622721102
pott1240,drav1251,4.118392715285106,2.160692590112696
phai1238,aust1305,-5.335130044006244,1.1765982848854666
pras1239,indo1319,2.2853062839097733,1.557137417124529
psik1239,afro1255,-2.199588405199084,0.559986793705991
puka1242,aust1307,-1.128394087866866,1.5361306567994966
pulu1242,aust1307,-1.356583711113915,1.3072381352022069
puma1239,sino1245,2.849790788698305,0.6430587059827051
pume1238,pume1238,2.5303013987997947,3.74807210532832
pura1257,pura1257,-0.5220958439880341,2.172278757340309
pure1242,tara1323,0.6718234225479962,2.428691623579871
puri1258,sino1245,3.535987966413312,1.519423041558099
puyu1239,aust1307,0.0200144136073592,0.5037710341269328
qanj1241,maya1287,-2.9496289731555514,1.5105354286771338
qawa1238,kawe1237,-2.8192009466531656,4.627100248360965
qima1242,afro1255,1.1068141999071497,0.8552313813902481
quer1236,otom1299,-5.096239740912017,1.367333324827876
quio1240,otom1299,-5.015031855690099,0.9897254231775676
rabh1238,sino1245,2.644175029619114,0.618439078341412
rade1240,aust1307,-3.4384598076104016,1.279898839020003
raji1240,sino1245,3.595211016059541,1.0336720831950963
rama1270,chib1249,0.4690120550441539,0.8279412430275661
rapa1244,aust1307,-4.765356120550934,2.5465574248672755
rapo1238,nort2933,-4.686322381690419,2.72344602248152
rata1244,aust1307,-0.8619510291822925,0.8585838417629468
raut1239,sino1245,3.576472697862407,1.0451926658623494
rawa1267,nucl1709,-2.3139599860998006,0.4782495623858507
reja1241,aust1307,-4.539712445729817,1.068272317872065
remb1250,aust1307,-5.564379137000202,1.3517650562225718
reng1252,aust1305,-3.5291189683742505,1.0962358628606612
renn1242,aust1307,-5.393246249788676,1.0941886460913146
rere1240,aust1307,-4.851621082712459,0.5794642305043176
resi1247,araw1281,-0.7545920334585379,0.8986222084033688
reye1240,pano1259,1.2677969090591563,1.1821470613065037
rian1263,kolo1268,-1.7844113017120984,1.8802724952784209
rikb1245,nucl1710,0.280287537390075,1.1120153557888992
rita1239,pama1250,4.058896376998176,1.9095901855081443
beka1241,aust1307,-4.471734423319638,1.37797616915657
roma1326,indo1319,-1.0842402922271068,0.9450604766116636
romb1245,aust1307,0.0293578959159286,0.5670008183723594
ronn1241,afro1255,-1.471424698432202,0.7405416817027266
rong1266,sino1245,2.6547519502468955,0.5037481652004772
rong1264,sino1245,3.746399457026224,1.1772640901320912
roto1249,nort2933,-1.237330159269102,2.538099707096647
rotu1241,aust1307,-5.035227084786371,1.6957928714753754
rovi1238,aust1307,-2.3043796053366834,0.8568271267611678
ruch1235,aust1305,-5.273637059904297,1.1761031436889828
ruka1240,aust1307,-0.2313944477024603,0.5017646361122727
ruma1248,aust1305,-4.697405881385484,1.1523737374445189
rung1258,maba1274,-1.0885275760261417,2.503784844490043
rung1259,aust1307,-4.407843727718651,0.6488416185737318
russ1264,mong1349,3.0774366608936834,2.9547771969850607
russ1263,indo1319,1.8633584325407628,1.80559613080612
rutu1240,nakh1245,3.927279567818673,2.0329827075500244
saaa1241,aust1307,-4.6993508676869205,0.615923231512431
saaa1240,aust1307,-5.213699907058636,0.9573306331574684
saam1283,atla1278,-4.217792034282396,1.059250683939112
saar1237,aust1307,-0.2526868340719697,0.4994583079694612
saba1267,aust1307,-4.3291590201142,0.6970659046828134
saba1268,namb1299,0.2665425780624026,1.6114488080636755
saga1262,atla1278,-1.231615397079972,0.8920069232622456
sais1237,aust1307,-0.2582706018333953,0.5666024754864871
yaku1245,turk1311,3.487502975294603,3.5406449156590813
saki1247,aust1307,-0.0602255790742385,0.5099169015065321
tsis1238,atla1278,-6.253329249722988,1.1661731671488518
salt1242,nucl1709,-2.031313419179108,0.4861323357353324
samb1311,atla1278,-2.610054536866833,0.7169607104118292
samb1305,atla1278,-5.865807028467224,0.7186701482052094
samo1305,aust1307,-4.24369876398346,1.8576117140305823
sana1295,afro1255,-1.994090028845386,1.5330404007824896
sanb1241,otom1299,-4.806789409848079,0.9072429454828804
sanb1242,chib1249,0.2298426377634939,0.8870360941448219
sand1278,huav1256,-4.171146798317412,4.703090375190646
sang1331,atla1278,-5.0658402995227885,1.3909915614996082
sani1269,sino1245,-2.95431881426732,0.8334253826045028
sanm1301,otom1299,-5.1515033899083065,1.0995756472855156
sanm1289,quec1387,4.136573434231331,2.1493334011944905
sanm1295,otom1299,-5.017786248986877,0.8261893617900116
sant1410,aust1305,-0.3561873869471856,0.7685421121029545
sant1451,otom1299,-4.82358033054569,1.0518842310338927
sant1436,otom1299,-1.6197731429624205,0.7725717938542207
sanu1240,yano1268,2.6016954111055384,2.9179115956222805
sapo1253,aust1307,-2.305442645494034,0.7729857425177578
sapu1248,aust1305,-3.67946125347101,1.061422784084309
sara1321,cent2225,-1.9392675193383688,1.2712523570693914
sara1327,aust1307,-0.9905228146622784,0.6202463059794994
sars1236,atha1245,-4.872583070998646,2.837131524101739
sasa1249,aust1307,-5.048493846885656,1.5545229304606298
sata1237,aust1307,-4.720672197517747,1.417694385723384
saur1249,drav1251,3.330849717738245,2.3212229060406075
savo1255,savo1255,1.0425230150722795,2.503695045540243
seda1262,aust1305,-3.608551930051813,1.0878052333399584
taro1264,aust1307,-0.1561411565454418,0.4935337519004843
seim1238,aust1307,-5.510185660717573,0.9877898553210144
seke1241,aust1307,-4.828831254441614,0.6219296671073788
sela1259,aust1307,-6.02357108683422,1.256902600790763
sela1260,aust1307,-5.459192577199525,1.2217790983232997
sele1249,atla1278,-2.924555343738533,1.213616390206191
sele1250,nucl1709,-2.527590521840643,0.5455895657254342
selk1253,ural1272,2.2973932986210936,2.070305394580407
sema1266,aust1305,-3.337188514761165,1.028101265118326
sema1265,aust1305,-3.395903286355777,1.1535802080307525
seme1247,aust1305,0.1404880055602264,1.0572622815828543
sene1264,iroq1247,-3.3095775211241194,3.370954983279433
nucl1632,sent1261,-3.723947241870766,4.069106529185568
sout1528,indo1319,1.4686406882707947,1.0430286368858344
seri1257,seri1257,-0.8998375552359748,2.543999295164035
seve1240,algi1248,-3.2611372709649014,2.717085360057084
sgaw1245,sino1245,0.4764873839396921,0.8353740956949274
shab1252,shab1252,1.7926858774533607,2.94842608130937
shan1283,pano1259,2.738377002368684,1.2401482362191736
shaw1249,algi1248,-3.322692129642252,2.676596814566259
shee1238,hmon1336,-3.1326804992192776,2.9361344889136616
shek1245,dizo1235,2.1713199456278387,2.6043571292336427
biao1253,taik1256,-3.6547133823802014,2.8530474794702574
shil1265,nilo1247,-1.9344161383929863,1.4759754134337637
ship1254,pano1259,2.8208547904135166,1.3378949997875011
shix1238,sino1245,0.647552622197316,0.5882911198379066
shol1240,drav1251,4.350415278593166,2.3014016831950714
shon1251,atla1278,-5.43396633114457,1.4720590031099672
shor1247,turk1311,3.003553050566293,3.093284177265513
shos1248,utoa1244,2.349400427103019,1.4005503093286595
shua1257,jiva1245,2.414544909481595,2.1296243565465582
shwe1236,aust1305,-4.901865077970042,1.1473372324523927
siam1242,siam1242,-4.409670934842463,4.866897681120734
siaw1243,amto1249,0.8910897035360575,2.30129046902837
sich1238,sino1245,-3.060681386772145,0.6954057939122009
sici1248,indo1319,-0.244098165566521,1.0103392820324686
sici1249,atla1278,-6.139004964464588,1.355620840064363
sida1246,afro1255,1.5586893826155892,0.7095440481762205
siee1239,aust1307,-4.865295925500295,0.7578352661166265
sier1250,otom1299,-5.023142774911591,0.9743830273047064
sier1248,utoa1244,-0.5805886005307861,1.184560262442453
sika1261,aust1307,-5.288849370803016,1.0727173575360158
siks1238,algi1248,-3.086685132890879,2.4792985930831426
siku1242,aust1307,-1.0579304438806574,1.0612143595947332
simb1256,aust1307,-2.351933501638202,0.8524403776162046
sina1266,aust1307,-4.715836724629981,0.7102533910405961
sini1242,mand1469,-2.2407519221329717,2.2733398657822743
sioo1240,aust1307,-1.3981213484053905,0.5553631378948953
siro1249,nucl1709,-2.4285367071852706,0.4819814329880785
sisi1250,aust1307,-5.728840960337897,0.8877505990725165
situ1238,sino1245,-2.239401462606121,0.706227958319821
siwa1245,sout2948,-0.7058812436377777,2.033198614395025
siwi1239,afro1255,-0.8509368727700224,1.2973407723759358
siwu1238,atla1278,-2.926427275458302,1.2092192593549536
siyi1240,sino1245,2.437331055734135,0.5719952608534715
skol1241,ural1272,3.5473473911286835,2.33964584267435
slov1268,indo1319,0.5173038010043285,0.9481492483008348
sooo1254,aust1305,-4.466430521890466,1.168120637957828
sobe1238,aust1307,-5.378742481022764,0.8867827772156334
soch1239,otom1299,-5.071328451941235,1.0226399776991144
soga1242,atla1278,-4.302506757588396,1.085176437428732
soli1239,atla1278,-5.291883627390184,1.4170108257186502
soma1255,afro1255,1.5325263001538425,1.2596555674011034
soni1259,mand1469,-2.4586569907557205,2.3846999788485803
sons1242,aust1307,-5.084681554794791,1.3265428548735372
sooo1256,kuli1252,0.4867261381902299,1.5485136644131083
sora1254,aust1305,0.1153184286164208,0.7267582590266386
mani1235,east1459,-1.2999780394779523,2.606234100023306
koon1244,atla1278,-2.042305217890988,1.3952279728973842
sout2859,aust1307,-1.4210367642958373,0.5773232307630458
sout1549,drav1251,4.62269874861512,2.383255447776911
sout2856,aust1307,-1.1491104603417752,0.6216956100045978
sout2996,ayma1253,1.8197972204713595,2.133885179131012
sout2730,sino1245,0.0434324505001724,0.5794510977317779
raro1241,aust1307,-4.756174503065196,2.230937265804449
sout2741,taik1256,-4.339975671761081,2.788520790291308
sout2715,sino1245,3.6678080291344144,0.7456963765691729
sout3236,gumu1250,2.225872435616701,2.697828933019692
sout2956,haid1248,-1.4169687709275411,2.1234372521069247
kach1280,sino1245,1.521997875695441,0.6288534267973702
sout2949,kiwa1251,-3.0166442613523863,3.2972348829783518
sout2994,namb1299,0.2953569895790351,1.6289382350021755
sout2649,indo1319,2.199336570167012,1.6692252367618527
sout2729,sino1245,-3.111884762115056,0.6159462630961468
sout2728,sino1245,1.2514577990261273,0.6967451287166391
sout2918,aust1307,-1.029148266383991,0.6682893658314146
sout2985,miwo1274,2.508430048422168,3.0254899408369
sout2807,atla1278,-5.093498770424525,2.0834449452837136
khan1277,sino1245,2.595339906213332,0.5110446727167473
sout2679,ural1272,3.8728119001663086,2.017193650933817
sout2782,atla1278,-2.6526977510577496,0.7815096412402518
sout2895,aust1307,-5.7680369776540426,1.129512517245555
sout2674,ural1272,2.6910160850381817,2.179247049385962
sout2959,atha1245,-1.8663738007951185,2.4761008614794164
para1301,aust1305,-5.4872955016600695,1.1523820986528488
sout3261,nakh1245,3.899795732180029,2.032691199863983
sout2869,aust1307,-1.4234630610753125,0.7308433171663768
indo1316,aust1307,-5.066729673313725,1.448540588640916
stan1306,aust1307,-3.5816592967349976,1.26962777440664
horp1239,sino1245,1.3103317721916827,0.6336305031624221
suab1238,sout3418,-1.283895848619956,2.6640368329433137
sude1239,aust1307,-2.39689903773789,1.0064672402177797
suen1241,nucl1709,0.7325143663809631,0.5682338128513269
suku1259,atla1278,-5.466845699857158,1.5068948566595513
suku1272,afro1255,-1.9906844362960936,0.5740060749490512
sulk1246,sulk1246,-3.9777546502163994,4.258799826175538
sumi1235,sino1245,2.7346464524105203,0.5082728760860453
sund1252,aust1307,-1.5248056333813902,1.3633969363607037
mari1426,aust1307,-1.1964597756419892,0.632212659629154
sunw1242,sino1245,3.11895636193266,0.6711977950014916
supy1237,atla1278,-6.105225763226562,1.4037354054639692
surg1248,ural1272,1.280270901746127,1.796128300498804
surs1246,aust1307,-2.177821095520785,0.7215476033625574
suru1261,tupi1275,1.0112537835548023,1.4716134017357625
susu1250,mand1469,-5.989237198593457,2.5751552504743973
swah1253,atla1278,-5.4503702904987765,1.0904982970432249
taba1263,nort2923,-3.6108317910126986,3.110593689500699
tabo1241,tabo1241,-0.6326519057824993,2.227032934455593
taga1272,aust1307,-0.8232029526988516,0.4916912171208691
taga1273,aust1307,-4.515887845470122,0.7576992929363593
taga1270,aust1307,0.1111328019847619,0.5546908210480908
tagb1258,aust1307,-0.3186123910943417,0.6256457260235617
tagi1241,sino1245,2.4908188059366934,0.6025725583000447
tago1246,rash1249,-3.2858782677336578,4.161954452598828
tagw1240,atla1278,-6.669021189358665,1.3901151181006473
taha1241,afro1255,-0.5090419696446022,1.2197476967590823
tahi1242,aust1307,-1.6165326346969966,1.8203061505140656
taia1239,taia1239,1.2721676731976856,2.518128033848262
tain1253,anga1289,-0.0876291532406225,1.8492154264125624
taji1246,aust1307,-4.215905648263459,0.8530732118327595
taki1248,aust1307,-5.1638506033840645,0.6000088280678018
taku1257,aust1307,-5.563865731875138,1.031372089239019
binu1244,aust1307,-0.681600607091658,0.4796142126136393
tali1259,aust1307,-5.3597688796711385,0.9227656797533186
tama1331,tama1329,1.3948556373288608,2.8212718418168605
malo1243,aust1307,-1.1135008575771614,0.5579457717863159
tama1365,afro1255,-1.0477260608830976,1.0617411772265175
tamb1254,aust1307,-4.229173926983979,0.6212061361923187
tami1290,aust1307,-1.52341908560661,0.5843647576720823
tami1289,drav1251,4.1600090763879685,2.4502588949066624
tane1237,aust1307,-5.193426520950448,0.9987605612307924
tang1377,sino1245,2.102150322526648,0.6724298724788902
tang1348,aust1307,-5.625843513375065,0.8173807660615662
tang1373,sino1245,1.6248745598121683,1.028858213174101
tara1313,sino1245,2.5222924198960053,0.5417539078566698
tari1256,araw1281,-0.1985723666700249,0.7606404052111344
tari1263,afro1255,-2.1360758528703307,1.5682991370406445
tata1258,otom1299,-1.4238353838296829,0.7558539892779903
tata1257,aust1307,-0.7704664223497337,0.613378577033191
tata1255,turk1311,4.071945430605987,3.0928560380917247
taul1251,taul1250,-1.2991255362103944,2.5974352695183534
taus1253,taus1253,-0.6258796250666947,2.301678161377541
taus1251,aust1307,-1.309408959157096,0.6231830273038028
tauy1241,nucl1709,-1.9612214625702595,0.452054308219088
tawa1275,aust1307,-2.0968788158173544,0.8099990014208966
tawa1286,afro1255,-1.6973275002473065,1.1801261094185411
diga1241,sino1245,1.7788717730452914,0.6520203118361305
tbol1240,aust1307,-4.281185744601126,0.6260669128187626
tean1237,aust1307,-5.07395658569965,0.991439215608466
teda1241,saha1256,1.307854586345262,1.8177107668018788
tedi1235,sino1245,2.4197361758802938,0.5899091761452322
tehu1242,chon1288,-2.7200727003455945,4.504860033471833
teiw1235,timo1261,-1.7172070628628489,2.23379730597536
tekt1235,maya1287,-6.526743008002464,1.5881323403160028
tele1256,nucl1709,0.2171206784972494,0.5438534397953134
telu1262,drav1251,4.507379920680275,2.298250504446787
temi1246,aust1305,0.1651547086711653,0.9957743606680332
temo1245,otom1299,-5.075201210456806,1.2793513876582754
temp1235,aust1307,-0.8814753333099214,0.5995812462359131
teng1272,aust1307,-5.158383414698782,1.5271700639636414
tene1248,dogo1299,0.0606151106867631,1.2305559279477043
teop1238,aust1307,-2.293990631453986,0.7772111333306775
tera1251,afro1255,-1.8865316639904035,0.6897807454427358
tere1279,araw1281,-5.049543573957095,1.684789907151857
teri1250,chib1249,0.1321485825182815,0.7203923563452586
term1237,aust1307,-5.687860493253458,1.3517592834479464
tern1247,nort2923,-3.640211346578748,3.1045158454280206
tetu1245,aust1307,-5.970323122343805,1.2078328510656782
tezo1238,otom1299,-5.225111347114175,0.8680208528955529
thad1238,sino1245,2.4961535896448286,0.5479587861449016
thai1261,taik1256,-3.8873077814673462,2.959903376786359
thak1245,sino1245,3.5339733564837097,0.8887843255211596
than1259,sino1245,3.313810036388112,0.7868199735056827
thao1240,aust1307,-0.2357561701904515,0.4953113263577062
aheu1239,aust1305,-4.7031124423706565,1.2150770469721888
thay1249,pama1250,1.5519906274814743,1.6698570474951833
thul1246,sino1245,2.813799142608455,0.6645431029933757
tibe1274,atla1278,-6.004832244635306,0.8171189884377812
tibe1272,sino1245,-0.4541031206173942,0.686850361317914
ticu1245,ticu1244,-0.6236634750046952,2.328992750474412
tido1248,nort2923,-3.7668186552438327,3.126506760898913
tief1242,atla1278,-5.977469736160899,1.3056789239549629
tief1244,atla1278,-5.9661609618770255,1.3011716774944784
tien1242,atla1278,-5.623913153735188,1.3868858734132878
tiga1245,aust1307,-2.098395277367856,0.7319171207640096
tigo1236,atla1278,-2.392647889621328,0.6828118955769025
tika1246,atla1278,-2.5240805730944835,0.7613963774039831
tiko1237,aust1307,-1.651701621501636,0.9624905029346564
timn1235,atla1278,-6.184554401401903,1.649859570962212
timu1262,aust1307,-0.832301203148087,0.6085856242080592
maee1241,aust1307,-4.935774542711859,0.5378272240229993
tiri1258,aust1307,-1.5256152410109074,0.7020061082232729
tiru1241,aust1307,-0.494189048509148,0.5216358281734923
tita1241,aust1307,-5.4936728982866345,0.8648804375585284
tivv1240,atla1278,-2.5796159858238275,0.7319340247779369
tiwi1244,tiwi1244,-3.335893503142831,4.159502993660883
toab1237,aust1307,-1.9454764789109464,0.83749390593439
toar1246,nucl1580,-0.975030887778507,1.785927712198819
toba1268,leng1261,-3.463653610940948,4.58184964381737
tobe1252,nort2923,-3.747034619898553,3.118546600613356
toda1252,drav1251,4.330133505300301,2.3037271216810677
toho1245,utoa1244,0.8358334337627558,1.0094838508915096
tojo1241,maya1287,-3.0236603176576287,1.5622785898411422
toke1240,aust1307,-0.2730796316178372,1.4245059781890888
toll1241,jica1245,1.4412502961436422,2.8237409355744933
toma1245,mand1469,-2.5722173962424497,2.196537773898166
tomb1244,aust1307,-4.1133499561218,0.5995922401742542
tomm1242,dogo1299,0.4743536178513038,1.2231840511613647
tond1249,song1307,-5.30982871688771,2.312798382148036
tong1325,aust1307,-4.351242818963191,2.187662143521332
tong1318,atla1278,-5.319081931060882,1.4633650605751614
toor1238,atla1278,-4.647576835189232,1.0900719901348008
tora1259,aust1307,-5.711756339657308,0.8162674588879648
tote1238,atla1278,-1.944120211959722,1.3211661596950286
toto1302,sino1245,2.4198484108893763,0.6692683806007818
trin1274,araw1281,-2.4038384622039675,1.1904870050337806
trio1238,cari1283,-2.632582751650748,1.3443804856646508
trum1247,trum1247,2.182962326692212,3.419663494094684
colo1256,barb1265,1.189450373623741,1.3338328931654129
tsam1247,afro1255,0.6553426176139366,0.640331589485049
tsat1238,aust1307,-4.294679955929155,1.500381850751774
dido1241,nakh1245,3.93001692419764,1.9898207772688696
tsha1245,sino1245,2.716174460087053,0.6402781208851449
tsix1234,khoe1240,0.196692552330592,1.6542127083113014
tsog1243,atla1278,-2.2471043839798246,1.31869591422275
tson1249,atla1278,-1.692916643335033,1.57916657998606
tsou1248,aust1307,-3.458139594026118,0.5209782223589148
tswa1255,atla1278,-5.159149873741205,1.610688364104842
tswa1253,atla1278,-5.356641374793544,1.7779188256524805
tuba1278,utoa1244,-0.7687901341432024,1.1215204440262987
tuge1241,nilo1247,-0.6415375157061067,1.187262876681504
tugu1245,aust1307,-5.95406555094115,1.206514081312907
tuka1248,aust1307,-5.638560546225703,1.1665400459818098
tuki1240,atla1278,-6.100501175059341,0.8799257453373723
tula1252,atla1278,-2.439601140564886,0.7376220666328024
tulu1258,drav1251,4.441728663660975,2.3950860933335
tuml1238,aust1307,-5.639385902174576,0.7321970733255174
tumu1242,atla1278,-2.887792621258982,1.1326326524423065
nene1249,ural1272,2.2486723394864256,2.0084437736617997
tung1290,aust1307,-2.0979002983682125,0.7697079503517177
tunn1238,afro1255,1.4385283199899908,1.1582519354784804
turk1308,nilo1247,2.9215088778134515,1.4083926532508828
turk1303,turk1311,3.401285350773452,2.7710393823525648
nucl1301,turk1311,3.0603979418569947,2.850727534114877
turk1304,turk1311,3.737611083281948,3.1627048285072497
tusc1257,iroq1247,-3.3513543645541213,3.414116599443643
tutu1241,aust1307,-4.850336090841681,0.5877809799817113
tuva1244,aust1307,-5.121960546002267,1.9829192569022576
tuvi1240,turk1311,3.104862939748865,3.1041036420512023
tuwa1243,aust1307,-0.2702903538332475,0.3957472800803456
tuwu1238,atla1278,-6.399466629912508,1.2577168974357802
uuuu1243,aust1305,-5.657637242888635,1.114590774862764
ubir1237,aust1307,-5.307842236447588,0.7746020552711181
udii1243,nakh1245,3.834061185385339,2.091700651653193
udih1248,tung1282,3.453432684045871,2.86402923774556
uduk1239,koma1264,1.3638611518668653,2.134996002866437
ughe1237,aust1307,-5.776741178257689,0.8906702826779416
ugon1239,sino1245,-2.175055885196213,1.1961480419354915
ukra1253,indo1319,2.104678907147422,1.545805842260969
ulch1241,tung1282,3.401532824061074,2.7927851066409177
ulit1238,aust1307,-1.342596105484371,1.3418150470531955
ulwa1239,misu1242,-1.2961608920446557,1.951287821977556
yaul1241,kera1258,-0.7995859741818512,2.1996691517174822
uman1240,daga1274,-3.487920650047629,4.093876211873676
umbu1257,atla1278,-1.0245934613516283,1.3682316057385338
umes1235,ural1272,3.255898215880431,2.093375831138145
unaa1239,nucl1709,-3.379392395011012,0.621133875521366
unea1237,aust1307,-5.561061777708956,0.654470124003053
unua1237,aust1307,-4.84515379894475,0.5783416041850495
urak1238,aust1307,-4.219976773414162,1.4854683058487002
urar1246,urar1246,-2.810528098515801,3.8164239913549647
urav1235,aust1307,-4.860488304106115,0.7518188876103054
urim1252,nucl1708,-1.5337618849174426,1.9285088039480744
urip1239,aust1307,-1.3279992496056896,0.5444493282911473
urni1239,giim1238,-2.796290839345636,3.7650517949789286
usan1239,nucl1709,-2.7042891685447,0.4802989213886635
utes1238,utoa1244,-0.9156797788420148,1.271115183654567
pile1238,aust1307,-5.3073235416521705,1.062509769201558
veps1250,ural1272,3.676242798563272,2.235491943341076
vera1241,aust1307,-4.9423376214914585,0.8010843544954138
viet1252,aust1305,-5.056390278956617,1.3235880654025092
voti1245,ural1272,3.858105979428915,2.029878256723008
vunj1238,atla1278,-4.762180611102362,0.9417301923381975
vure1239,aust1307,-4.935940006111487,0.8002150354296713
wadj1254,wadj1254,1.3852520055973,2.70207440498555
wage1238,wage1238,1.5070754714470678,2.785329382770501
waig1244,aust1307,-2.057301697872349,1.0382979501422192
waim1251,aust1307,-4.651846258301787,0.7196662546823198
waim1252,aust1307,-6.224403646026239,1.2035220557749895
waim1253,cari1283,-0.2243336472387347,1.1381740180618998
waiw1244,cari1283,-3.1834549164209465,1.2402200525680351
waja1259,atla1278,-2.4993219636206203,0.7374144513253729
wala1266,aust1307,-1.9080265177472475,0.7987144671402131
wamb1258,mirn1241,2.673870448559432,2.706320475783904
wamb1259,nucl1709,-3.2526865691807294,0.6697311621543864
wamb1257,sino1245,2.913230589213059,0.6347210185016072
wann1242,mand1469,-2.7658403024245075,2.1684423704442475
wand1278,afro1255,-1.975436839902759,0.6116164885257289
wand1267,aust1307,-5.875342290501356,0.9824349218880322
wanm1242,pama1250,4.66926449397956,2.675059273722072
saka1289,aust1307,-4.850833059085629,0.6505147521386458
waor1240,waor1240,-2.773516268885289,3.809293250904104
wapi1253,araw1281,-0.7426614223930699,1.108346163691321
wara1303,wara1303,-2.0088143927614803,3.4602396206295865
wara1300,aust1307,-0.1156139467135335,0.6424341040731258
ward1246,yang1287,1.7579331225525168,3.0152935818919437
ware1255,araw1281,-0.3723088791801099,0.7576861357486013
ware1253,aust1307,-5.341487828089209,0.925436219641985
wari1268,chap1271,-3.700843169390075,4.394942469215453
warj1242,aust1305,-0.2584793403820526,0.740068071903341
warl1254,pama1250,4.570466285564111,2.297891892087088
warl1256,pama1250,5.078004706786935,2.3169624339146546
waro1242,aust1307,-1.909432604548941,0.843036057800048
waru1265,pama1250,4.841876751748032,2.2684696292247297
wash1253,wash1253,-2.032076953899778,3.341429511357367
wask1241,nucl1709,0.4664844179719969,0.508303340616207
waur1244,araw1281,-0.0735649772272448,1.1139394283552253
wawa1246,atla1278,-2.512161293606515,0.7505792627065766
waya1269,cari1283,1.1162049835194632,1.2914695656679245
weda1241,aust1307,-2.0228626082540764,0.7780281614439382
wels1247,indo1319,-4.629409789556309,1.3642912619459209
west2564,aust1307,-4.432296179981088,0.9159774624420072
west2560,aust1307,-0.8272195167505716,0.600968835493962
west2548,aust1307,-5.990418325273586,1.2384117014522422
west2615,atha1245,-4.725169258337317,2.401384012885897
west2441,pama1250,4.889740872044141,2.4680957743229737
west2397,aust1305,-4.289999994921693,1.1694939373410502
west2555,aust1307,-4.339244829656392,0.5299953499029932
west2650,aust1307,-4.096289787450181,1.4663535787337203
west2594,nucl1709,0.5112600406126695,0.6431305391655657
west2778,utoa1244,-3.736194703699932,1.3128504327346835
west2369,indo1319,1.5652501234418856,1.4555945739063647
west2519,aust1307,-1.6965392349126098,1.3330355445165951
west2354,indo1319,-1.2568595125756294,1.0859232037715143
west2644,otom1299,-1.398516473304313,0.7584019287498034
west2624,utoa1244,-3.842808835340527,1.4131094135944178
west2466,atla1278,-3.1011260910326524,1.2994032559154984
west2632,kere1287,-2.704334000370939,3.979933860975981
west2396,aust1305,-2.083994594640296,1.083184585342548
west2418,sino1245,3.6292073583645497,0.8856581856784533
west2392,ural1272,3.640973488342855,2.212780629443856
west2763,afro1255,-3.800198103792871,1.3044388578782602
west2386,indo1319,2.5564907186780146,1.3240968399430786
west2557,aust1307,-0.7549111461790154,0.5841004049120553
west2415,sino1245,0.1381898147716866,0.6769533916673147
sanj1284,otom1299,-4.964932222616456,0.9381419575323982
west2430,hmon1336,-3.8896528572429263,3.082393614418672
west2599,nucl1709,-2.264244840698459,0.5549072857712201
west2600,nort2923,-3.741104777491487,3.111066146150484
saka1291,aust1307,-4.295959854385499,1.823066892254774
west2516,aust1307,-1.7552344973857923,0.6964822569835949
whit1269,aust1307,-4.9097643709900165,0.7328560335425367
wikm1247,pama1250,4.989062005751411,1.8171215149754243
wiru1244,wiru1244,1.640541996665109,2.74417316114367
babi1235,atha1245,-5.40711246860644,2.8881670362090253
woii1237,aust1307,-5.595079148231337,0.9776670297863213
wola1253,afro1255,1.6590683689492258,0.7386014897885884
wola1242,gong1255,2.05643310798102,0.8310459409754793
wole1240,aust1307,-4.88951454230313,1.5106116758526014
woli1241,aust1307,-5.592251983248751,1.1621715604921006
nucl1347,atla1278,-2.556162009947636,1.6265707699245926
wood1236,algi1248,-3.2407977571181115,2.836782800823311
wotu1240,aust1307,-1.5347043783556789,0.8923895128237218
woun1238,choc1280,2.159508694611897,2.1167436320900794
wuch1236,sino1245,-1.4492249482989106,1.3368196706122584
wudi1238,sino1245,0.4773988093342796,0.6745287719075712
wuna1249,worr1236,-4.084125127258005,2.6432056507747874
wusa1235,sino1245,-3.1740747167335432,0.7057849225798964
wutu1241,sino1245,1.2582974821783726,0.924856881187928
wuvu1239,aust1307,-2.133350021912592,0.8728231787112843
xamt1239,afro1255,1.462188114219109,0.8549296172246308
xara1244,aust1307,-1.5559388820118456,0.6893248176839855
xava1240,nucl1710,0.5963467725580179,1.0629905072503425
xish1235,sino1245,-3.1354883990937545,0.6500775032288271
xokl1240,nucl1710,0.332277434693448,1.3910191046744824
yaak1241,afro1255,-2.777472497587665,0.9395554295911026
yabe1254,aust1307,-5.00249083372478,0.606581761409152
yaey1239,japo1237,1.385970093663146,1.4339945377568242
yaga1260,nucl1709,-2.1799741599034315,0.491730606134853
yagu1244,peba1241,1.649395082640463,2.919898506082473
yaka1272,atla1278,-2.396654962742,0.9906844412195088
yaka1277,aust1307,-0.565215829913341,0.5971750304883114
yakk1236,sino1245,2.700741526740793,0.6619800774089191
yako1252,atla1278,-5.555137461836544,1.0701930064637093
yala1266,aust1307,-5.7881028639626,1.1334366178127129
yale1246,yale1246,-3.412099148672352,3.8451206989187434
yama1264,yama1264,1.866738004579506,3.619406030060423
yami1254,aust1307,0.2988094524271113,0.5465130224502426
yami1256,pano1259,2.514272433784619,1.2224583685370138
yamp1242,sino1245,2.8852890881895816,0.6440942340338927
yane1238,araw1281,-1.143152694912831,0.9702924723457836
yano1261,yano1268,2.0257066802178505,2.795811747900596
yany1243,pama1250,4.779550239446509,1.975243600744512
yaoo1241,atla1278,-5.447825551425172,1.3325116671514952
yape1248,aust1307,-4.760997686923922,1.4840105229910368
yaqu1251,utoa1244,0.8751218344247658,0.937139730702139
yare1248,yare1250,-3.3134100213231674,3.91796351859973
yasa1242,atla1278,-2.589924406390308,1.1092096411184649
yaum1237,nucl1709,1.183395935989468,0.4958555789769772
yawa1260,pano1259,2.6021337779483003,1.241552776926131
yawu1244,nyul1248,3.427831701707203,2.3670573135955517
yecu1235,toto1251,-4.425677280771829,4.580977188913051
yele1255,yele1255,-1.1834703432423903,2.629622877602247
yems1235,gong1255,2.0600166511934788,0.863179753516909
yapu1240,nucl1708,-5.150610140549961,2.0548778162396326
yess1239,sepi1257,-1.9524379522469129,0.9620251156082764
yidi1250,pama1250,4.836730172126309,2.0894317688991317
yima1243,lowe1423,-3.0806762324790777,3.682668353889537
yind1247,pama1250,4.609963504416761,2.8392815134268186
yine1238,araw1281,-4.725151370498351,1.0202093267372394
yoga1237,aust1307,-3.56920221978456,0.4498343759738361
yona1241,japo1237,1.8610593363986792,1.464992756450103
yong1276,taik1256,-4.352872824872484,2.7882053070403283
yora1241,pano1259,2.477635462038265,1.2674085229313192
youl1235,sino1245,0.2041193558243019,0.688739547673471
youn1235,hmon1336,-3.94373750005522,2.9666937485726925
yuca1254,maya1287,-2.517001071915671,1.8589215772074328
yuch1247,yuch1247,-2.904051411196773,4.504728913499834
yukp1241,cari1283,0.4675083722438597,1.4224305582424055
yulp1239,pama1250,4.482329314806004,2.492549035285438
yulu1243,cent2225,-1.121268691465955,1.058559090407439
yuqu1240,tupi1275,-1.941679789841646,1.4037218242421137
yura1255,yura1255,-4.0571596905555785,4.559782625233849
gami1243,pama1250,4.788978795671984,2.7799432623952582
zaba1237,aust1307,-5.640301637554797,0.907928426745558
zaca1242,otom1299,-1.3809358947551962,0.7782139763901004
zaca1241,utoa1244,-4.012689687213235,1.2807346364168808
zaiw1241,sino1245,-2.0268029539821746,0.6576286536536804
zamb1245,atla1278,-5.974576996211768,1.1088641256627962
zani1235,otom1299,-1.465819566126097,0.7628932863954381
zapa1253,zapa1251,-2.924726048999029,3.388515878999515
zarm1239,song1307,-2.2870348969132777,2.4120974369894155
zays1235,gong1255,2.0574186825054945,0.804769569214109
zeme1240,sino1245,2.582264628854502,0.4998679173011364
zenz1235,otom1299,-1.240877769322386,0.7420848353914877
zhab1238,sino1245,-2.1655930485432298,0.7004190675114694
nort2795,atla1278,-5.281265994085286,1.5840270540365315
zoog1238,otom1299,-5.040820293142359,0.9913137196679084
zulg1242,afro1255,-1.9922316409710872,0.5895842338530137
zuni1245,zuni1245,1.7287388399810384,3.103975963206459
