Glottocode,Family_ID,GPGLMM_Latent_Mean,GPGLMM_Latent_Variance
abad1241,aust1307,1.6065321127674266,0.5907372410041329
abau1245,sepi1257,-2.1221391197977475,0.9601900252107124
abee1242,atla1278,-0.0225187704563896,1.1274067491372026
abkh1244,abkh1242,2.388392539390592,3.371849188209016
abua1245,nucl1708,3.430002878307792,1.7486675913598315
abui1241,timo1261,1.539608171816814,1.2224787597041846
abun1252,abun1252,-3.2586440433033275,4.038160034876482
achi1257,aust1307,-0.987776060700233,1.168870241071577
acha1250,araw1281,2.228381937747668,1.6953435763030296
ache1246,tupi1275,-1.6827226787474028,1.8655337279378248
ache1245,narr1279,2.148863841375377,2.0947287470139004
achi1256,maya1287,2.867783152467574,1.5627151193395168
achu1248,jiva1245,1.985633977313544,2.1236730910110406
acol1236,nilo1247,2.866070085852245,1.930877441973632
adan1251,timo1261,1.6038716899784582,1.2311853609706276
adny1235,pama1250,0.3081018631266436,1.3626095616563507
adon1237,aust1307,1.36259526712877,0.6370360127642716
adze1240,aust1307,-1.9276631965514597,0.443204894480278
aeky1238,kamu1264,-2.321773562544464,2.783914149806315
afar1241,afro1255,0.1279378435148679,1.1371423560233591
aghe1239,atla1278,-3.263183963385745,0.5328245271463175
aghu1255,nucl1709,0.0145467642707157,0.6602907812587091
agob1244,paho1240,2.456605343362133,2.817807263415647
agua1253,jiva1245,2.4540521227639878,2.3788988897397143
agus1235,aust1307,0.8315276218420194,0.7466358216003268
agut1237,aust1307,-2.955549071865572,1.1604579616482695
ahin1234,aust1307,0.5219125819887926,0.4626957395193027
aika1237,aika1237,3.177689996712389,4.285876343887159
aime1238,bosa1245,-1.0362231821656382,1.7548158168221129
musa1266,nucl1709,0.1459445462252172,0.3430749089985294
aito1238,taik1256,-3.714369073081142,3.292504956652545
ayiw1239,aust1307,1.2545809986259493,0.779419332017147
ajab1235,atla1278,-2.478084451236555,0.7733907221085161
ajas1235,kres1240,1.567657739425954,2.1456421368494727
ajie1238,aust1307,-0.4399482877268643,0.536396580244606
akan1250,atla1278,0.4495166891218525,0.817676414733354
west2635,maya1287,2.868969450018255,1.3595558113601456
akei1237,aust1307,1.5411293637372885,0.45109690701352
akha1245,sino1245,-4.264879377683103,1.23614125627026
akoo1248,atla1278,-0.6111066374960297,0.5559996524190538
akun1241,tupi1275,0.2329673405888672,1.2456155007838827
alab1254,afro1255,-0.0567948705968186,0.6059105486017238
alab1237,musk1252,3.4238127413374646,4.742395909490785
alac1244,otom1299,0.6782447978697457,0.5746704753880731
alag1248,afro1255,1.2013438052052985,0.8019727006704116
alam1246,sepi1257,0.1503233357540218,0.8956051055094214
aleu1260,eski1264,1.3435511566762062,3.0979806793137143
alor1247,aust1307,-1.980599490272949,0.6730091972794252
aluk1238,drav1251,-2.0208395271723405,0.9267593557387546
alya1239,pama1250,-2.311422541510093,1.42715317367192
amah1246,pano1259,-1.7934763661911353,1.2377281471172985
amam1246,kuni1270,2.357371935481253,1.92480382216055
amap1240,left1242,2.1288127187314827,3.08755203563185
amar1272,aust1307,1.3782477779164923,0.497590204384279
amar1274,hara1260,2.203097919932532,3.652961456952825
amas1236,nyim1244,-2.357281036723481,3.6478041727096153
ambu1247,nduu1242,-0.6736534891264019,1.0238697045029603
amdo1237,sino1245,-2.849330046536167,1.5590771382406388
amha1245,afro1255,0.4459290517419276,0.8270889493677025
amii1238,west2434,2.1272789002963157,1.7873703464163029
hoaa1235,kxaa1236,-1.936224801001773,3.56358205587092
amri1238,sino1245,-3.2498840835285776,0.811529880061304
gily1242,nivk1234,1.0703678854688248,2.9863661486969253
anei1239,aust1307,-1.072569171578559,0.7512529754058352
anem1249,anem1249,2.279432939762641,3.2378348457089583
anfi1235,gong1255,-4.428369357732446,1.4952631580328184
anga1290,anga1289,2.144680202385622,2.1299466664594497
anga1288,sino1245,-3.522231603177251,0.5902933553229044
ango1257,chib1249,0.1948047115230227,1.2933073272045943
anin1240,gunw1250,3.089973903325354,3.161695239397164
wara1294,more1255,2.791434348171708,2.199471920621498
anuf1239,atla1278,-1.7839971964616583,0.8839313002790412
anuu1241,sino1245,-2.7074662241052234,0.8895962908356303
anut1237,aust1307,-1.5566921143670551,1.1030592029296855
aona1235,sino1245,-3.6045175439167294,0.6958387536659316
aoua1234,taik1256,-4.289939467719614,3.625428090372399
apat1240,sino1245,-3.7665587367752087,0.7780484805896641
apin1244,nucl1710,2.3749205058983547,2.221851883357369
apma1240,aust1307,-2.355908452789152,0.4056298634912085
apma1241,kera1258,2.9487235430949448,2.024488283876336
apur1254,araw1281,2.954292615197993,1.7926554729072368
arak1252,aust1307,-1.5583049170924796,0.394258949926801
aram1253,more1255,2.6487093708588256,2.21435084904123
arao1248,pano1259,-0.2020479138919917,0.9624217194136264
arap1274,algi1248,3.2832562051096628,3.674242861398481
araw1273,tupi1275,1.1264607427074036,1.888330921377685
arbo1245,afro1255,-0.4816275491103496,0.696595334494166
arch1244,nakh1245,3.54694314825074,0.7145580781726348
aree1239,aust1307,2.8056025530079385,0.6928471871574331
area1240,aust1307,1.409559316350096,0.5429501920069839
argo1244,afro1255,0.4667864607676755,0.8700943044522873
arhu1242,chib1249,1.4686283663153077,1.282700519540743
arig1246,atla1278,-1.480698006865215,0.6611434627193322
arik1265,nucl1710,3.48851085918308,1.7160772686229038
arom1237,indo1319,-1.985942235915316,1.39992067673737
arop1243,aust1307,1.3964850415264205,0.4973767455766271
arop1242,aust1307,1.324145096870027,0.6336901915953312
aros1241,aust1307,0.9536413445767478,0.642615495141257
arta1239,aust1307,-2.165341446350463,0.5118854852344512
asha1243,araw1281,3.2644583128521134,1.8390083575818248
ashe1272,araw1281,3.127300788862226,1.823625595865256
asoa1238,cent2225,-0.3056031825744565,0.7662729987254888
assi1247,siou1252,3.2993833048556835,4.368605131780194
asur1254,aust1305,1.3929586441901969,1.0490124966150969
asut1235,atla1278,-0.2537544486312688,0.7397931206488408
atam1240,aust1307,1.039834935461572,0.6639396864343077
atay1247,aust1307,-2.783501368513446,0.8098055805073159
athp1241,sino1245,0.7395216325990109,0.434307054980195
atii1237,aust1307,-2.598903048167045,0.8955824358594793
aton1241,sino1245,-3.007115345265453,0.8640201244633428
auuu1241,nucl1708,3.574515197893186,1.7997542223629583
aulu1238,aust1307,0.3793456063397467,0.3057434210755367
auye1238,nucl1709,1.095715436187798,0.7136614581710479
avac1239,tupi1275,2.0493211432148897,2.2263138404475797
avat1244,atla1278,0.0084788585999686,0.5477236230437903
katb1237,aust1307,0.4630198471799396,0.2986082761540309
avok1242,cent2225,-0.1715542033648667,0.698238694172522
awac1239,barb1265,0.3523513896143379,1.5694856618434283
awad1244,aust1307,1.4974478796957902,0.4636399499851755
awad1243,indo1319,-1.0135365981434292,0.905530123425903
awap1236,nucl1709,0.5304391995061434,0.4144225928956988
awar1249,ramu1234,-2.081173541896561,3.052405533233941
awar1248,nucl1709,0.7374259287572964,0.3992661043072782
awet1244,tupi1275,2.807658705523493,1.8211529348156112
awji1241,afro1255,2.437965041746544,2.3936033647033126
awtu1239,sepi1257,0.5682996677070836,0.8019726909090217
axam1237,aust1307,0.3527301135152562,0.3140630505652808
axiy1235,sino1245,-4.311834365206448,1.4909226628198091
ayac1239,quec1387,3.655763088774591,3.017644641227559
azha1235,sino1245,-4.371500365801767,1.5534263356120714
baba1264,atla1278,-3.2393225848117044,0.539118085898604
baba1266,atla1278,-3.343977423658217,0.5412310669529177
baba1268,aust1307,0.7889813445845095,0.6474151522305327
bada1257,drav1251,-1.954678850265739,0.9324870157145586
bafi1243,atla1278,-0.5122994784894832,0.5039145241547409
bafu1246,atla1278,-3.2976603251705243,0.5399166094110477
baga1273,atla1278,-2.0463336592159687,0.8777240893753699
baga1272,atla1278,1.1981082825220035,0.8571346883028923
bagi1246,cent2225,2.1823523519508194,0.9974845107088351
bagv1239,nakh1245,0.7866305795334183,0.5613822363713865
baha1259,afro1255,2.136553327389091,2.1285406689766644
bahi1252,sino1245,0.8197564935899609,0.3798719231449325
bahn1262,aust1305,-4.2961600740916674,1.8505188733782132
baim1244,sino1245,-2.767156635384488,1.2153164932104057
baka1272,atla1278,0.1067743404015879,0.8081664266518196
baka1274,cent2225,-0.05928062840837,0.7067756688758067
baki1244,aust1307,0.3368068417403056,0.3862848319628718
bala1316,aust1307,-0.3837736290886464,0.7432284569370111
bala1311,aust1307,-3.1997657605789893,0.9655628715041296
bala1315,aust1307,-0.1724163065822663,0.8175261173197335
bali1278,aust1307,-0.1291575821862047,1.121414129003954
liki1240,atla1278,1.257614339649192,0.542438416417049
bamb1270,aust1307,1.213444164097497,0.8596858386912558
bamb1269,mand1469,-2.674409527629611,1.8319423138221147
bamu1253,atla1278,-3.262834260540664,0.5638769974327289
bamw1238,atla1278,1.2881842084772803,0.5584701529148894
band1344,atla1278,-1.9529620975550923,1.009501735505383
band1340,atla1278,2.482383849420229,1.0345453035286685
bang1363,bang1363,-3.2215316043176063,4.34611340768701
bang1369,sino1245,-3.700581174361433,0.9308481718986226
guar1293,araw1281,1.2459669002535017,0.9178463004171532
bani1255,araw1281,1.386958232277386,0.9749758062108372
bann1247,aust1307,0.0950042569796201,0.5974831716070881
bant1281,sino1245,0.7369704285781027,0.374648935117726
bant1288,aust1307,-2.5266104448996693,0.8967869347646946
bara1357,sino1245,-2.58869334768726,0.5696419102515655
nucl1630,koia1260,0.9459402597012412,1.8505751879848396
bara1369,aust1307,-0.8075206531858428,1.717721421636039
bara1361,atla1278,1.537965069030882,0.7601043578229323
bara1370,aust1307,-3.1050735551654607,1.0933439359662334
bard1255,nyul1248,3.3097318486436573,3.895712632091116
bare1276,araw1281,1.1603767708868495,0.9305963782065554
barg1252,nucl1709,0.8913900984717065,0.4028187589141936
bari1286,aust1307,1.5423750066637107,0.4997229733204165
baro1253,aust1307,-1.0568535586253494,0.5024764883527055
basa1282,atla1278,-1.5016505210587812,0.6751561621644129
bash1264,turk1311,-3.4593840997686494,3.641841648578528
basq1248,basq1248,2.3576402482888854,4.121606098169965
bata1293,aust1307,-0.8390646161148196,0.9689020536901704
bata1289,aust1307,-0.4816462028054047,0.9636200532768272
bats1242,nakh1245,3.210144179807707,0.7718204181207469
baur1253,araw1281,4.782173952261267,1.8562733214055456
bauz1241,geel1240,-1.6016956293994,2.7904069165005687
bayb1234,aust1307,1.1054119577451018,0.833190831089583
bebe1248,atla1278,-0.1789150052817354,0.6999411906159114
beel1236,afro1255,2.222992337202693,0.5356891845071221
beem1239,atla1278,1.49776960639941,1.0919086032654537
beja1238,afro1255,1.6531395311218544,1.4667849146567242
bekw1241,atla1278,0.1309289197595249,0.5668060086291433
bekw1242,atla1278,-2.6822263272093227,0.8978294686171147
bela1256,nilo1247,2.219446462489738,2.0037933800625343
bela1254,indo1319,-3.349507250208257,2.532275970709001
nyal1254,aust1307,2.6025158729880262,0.978968475004061
belh1239,sino1245,0.7434253838516028,0.4129775558889577
beli1257,cent2225,-0.6642403934034915,0.8080351768195975
bell1243,sali1255,3.5073738336299813,3.383008947883837
bemb1257,atla1278,2.7713456416194613,1.498685375309094
bena1262,atla1278,2.572827094779276,1.015420683792733
benc1235,gong1255,-1.7822621101845728,1.1712564282371218
bent1238,dogo1299,-1.9750380538448096,1.8127168803039044
zagh1240,saha1256,2.5461004712050093,3.551067981556745
bert1248,bert1248,1.1363658917779476,2.556325421656311
bezh1248,nakh1245,0.7852103599726639,0.5462549019125174
bhoj1244,indo1319,-0.5069341268446492,0.7846133856278517
biaf1240,atla1278,1.7613871785064523,0.9342603656619968
biak1248,aust1307,0.7369914747873354,0.7868764555104377
bian1252,kuni1270,2.137979522164348,1.9328320006860524
biao1254,hmon1336,-4.330112921980691,4.014346620789484
biao1256,hmon1336,-4.2361371420152745,4.0495559835142
biat1246,aust1307,-3.404913821703426,1.3219909181482166
bier1244,aust1307,-2.583792504139814,0.3768518844312414
bign1238,aust1307,0.8046669879384328,0.3249224584968146
biha1246,aust1307,-4.575082364472982,2.020158049696476
bila1255,atla1278,2.1868993493385727,0.8432542553186835
bilb1241,aust1307,1.3850580851535108,0.4470649117765468
bili1260,afro1255,1.1348411882120724,1.1462423328775788
bilu1245,bilu1245,4.377240752729966,4.350730626185401
bimi1240,nucl1709,0.7230901412804899,0.5217592805424367
bina1277,nucl1709,0.3390000335404526,0.5910002659612523
bine1240,east2503,2.6654931513791755,2.66475719183012
bini1246,atla1278,-2.193236221355072,0.789747447594662
gunw1252,gunw1250,3.2453514957687157,2.9057051062093047
birr1240,cent2225,-0.7967541032060996,0.985380111320076
bisu1244,sino1245,-4.061385245061816,1.2117713054232144
bitt1240,aust1305,-3.885646531750842,1.410792780874651
biwa1243,yuat1252,-2.280501262910601,3.1892134435288373
blab1237,aust1307,1.4175250945173787,0.5925131868578966
blan1242,aust1305,-3.672780745347524,1.33885121236397
bang1354,atla1278,1.4127749695076917,0.8698840813183466
bobo1255,aust1307,-0.0544886914213575,0.7323698043544358
bodo1267,aust1305,0.4020181091225474,0.9009043008314972
bodo1269,sino1245,-3.4079013616711924,0.7917081161102555
boka1249,sino1245,-3.784024700753089,1.0212816080998106
bola1250,aust1307,2.1378519130973803,0.573977491017093
bolg1251,atla1278,-0.2448822849913363,0.900797973241577
chim1302,quec1387,2.4391366445196487,2.2336230633935443
bolo1262,atla1278,1.5389716280679493,0.626896223395681
boly1239,aust1305,-3.8612157863966994,1.8323747519582447
bomb1262,atla1278,1.1529482120722585,0.5640765534464656
bomk1234,atla1278,-2.316759132848968,0.974974596223138
bona1250,mong1349,-3.85033328901894,3.4673464317113023
bond1247,atla1278,2.5819601185340484,0.8371412032633128
bond1245,aust1305,0.5892851774867125,0.7486976923666386
bong1289,aust1307,-0.3717610546003307,0.9028169808208304
bong1285,cent2225,-0.5596490572180159,0.9353379848319
bora1263,bora1262,-3.352640018681756,4.250619995043387
bora1271,afro1255,0.3819403428107684,0.8484082656134486
bord1248,chib1249,-0.2020882188417538,1.2168655319768718
bori1243,sino1245,-3.79115411615369,0.861111127029897
boro1277,gong1255,-1.4471750345172945,1.4373483239471838
boro1282,boro1281,2.425038696255569,4.036682822838037
boto1242,aust1307,-2.713378958811337,0.783551568795426
boun1243,atla1278,-1.701611934525575,0.8805593651451638
boun1245,nucl1709,-0.4835560673397576,0.4093713913904278
bouy1240,taik1256,-4.603219623125043,3.594084078105289
brah1256,drav1251,-1.9750368673169143,2.4256848572663845
lave1249,aust1305,-4.337289638452643,1.7195501969704503
bret1244,indo1319,-1.0023169520028876,1.516559812764923
bube1242,atla1278,-3.248374536633481,0.8359977444437057
bubi1250,atla1278,-0.0972123082788325,0.8964448458425096
budu1248,nakh1245,0.5333090196858783,0.7423853854227342
budu1265,afro1255,2.606635788083735,0.914480361450508
budz1238,atla1278,0.942134892704844,0.7439892942861697
buga1247,aust1305,-3.9926288937354655,1.788606974389694
buga1250,aust1307,0.2905753411720858,0.3897999219435402
bugh1239,aust1307,1.5363347575768578,0.5562794382988692
bugi1244,aust1307,1.758393111615841,0.8867255514760348
bugl1243,chib1249,-0.5406899308170074,1.3364107809907964
buhu1237,aust1307,0.2849064945555382,0.77195644184172
bujh1238,sino1245,0.4594071406894904,0.5546435841840403
buka1257,aust1307,-3.4039729311407534,1.2928744850941918
buki1249,nucl1708,3.382440415162941,1.7928809748166046
bull1247,atla1278,0.4051052152923773,0.8946000415650524
bulo1242,aust1305,-4.265139937016484,1.8310189996069115
bulu1251,atla1278,-3.4976508187163238,0.7962864838062487
bumt1240,sino1245,-3.072034152103342,0.8066702080451194
buna1278,timo1261,1.258288240660436,1.3703867455349243
buna1276,aust1307,3.2288860802822383,0.8844094686182586
gahr1239,sino1245,-0.5935068154190355,0.8998216671900217
bund1253,indo1319,0.1474485942036962,1.1754395585832746
bunu1267,aust1307,0.2225673397487686,0.5628147596863968
buol1237,aust1307,0.1882255467512029,0.8345285692742177
bura1292,afro1255,-1.2442517115458591,0.5455332755234643
bura1267,mani1293,2.779816310787475,3.377772291466897
bure1242,afro1255,-0.4656420820905738,0.5272138513216991
burj1242,afro1255,-0.500739047684494,0.8576303378971915
nucl1310,sino1245,-2.778906978188796,0.9710772053628638
burm1264,burm1264,0.5638655630490175,2.222047431406443
buru1303,aust1307,0.5514218028340099,0.8819352314440607
buru1320,afro1255,1.072355011261117,0.8652797521319684
buru1296,buru1296,1.149526051131574,2.7380987903096496
busa1253,mand1469,-2.185781114747068,1.74210281745097
bush1247,atla1278,2.4239589668115955,1.499233795538741
buwa1243,afro1255,2.383288663701344,0.4596930899095106
bwai1242,aust1307,2.867472046821926,0.7097594676602128
bwat1240,aust1307,-0.1107223596086606,0.5938264589949256
byan1241,sino1245,-0.7789651863327132,0.7487535817305346
caac1237,aust1307,-0.0423154583638212,0.6603645208105178
cabe1245,chib1249,-2.979370571064589,1.590539645936838
cahu1264,utoa1244,1.7859401144146108,1.477378510257337
cakf1236,afro1255,-1.9384889421890912,0.6523897201288626
cald1236,quec1387,2.3230756482337176,2.096570458681983
caml1239,sino1245,0.8595024541830953,0.3783680048171352
camp1261,indo1319,-0.9876021580183524,1.3862731741429857
cams1241,cams1241,1.1604224199099618,2.643408047845748
cane1242,nucl1710,2.331979566734336,2.4265851332524973
caom1238,taik1256,-4.4987204596904,3.828616129026289
carn1240,aust1305,-2.2567549506157416,1.8386002855621868
caro1242,aust1307,3.661197395513214,2.8354802695649486
cash1251,pano1259,-1.7434842680421618,1.603820627077436
casi1235,aust1307,-2.153350848217866,0.5881617835260116
stan1289,indo1319,0.6273396913958189,1.4888279962954538
cavi1250,pano1259,-2.7908788599020915,1.1309222753682526
cayu1262,cayu1262,3.0843206202331843,4.16933616280879
cebu1242,aust1307,-2.2827502814829117,0.6806042928856986
cemu1238,aust1307,-0.124077532363368,0.5773541650394165
cent2127,eski1264,-0.4278612420581027,2.541583301744324
cent2142,ayma1253,3.520888284189737,3.80897554305544
cent2004,sino1245,-3.653192269023682,1.0091387164335757
cent2292,aust1307,0.1008529221907104,0.4394422627112764
cent2084,aust1307,-2.249266789985847,0.6125775312834687
cent2314,aust1305,-3.938872897228858,1.8101214124967504
qaua1234,taik1256,-4.409605285984588,3.60321629979992
guer1241,utoa1244,2.6215980345276573,1.425980294372616
cent2050,saha1256,2.7045638324334105,2.820547186363915
cent1989,aust1305,-4.238503114518533,1.8213795531105248
mala1479,aust1307,-3.447975391185816,1.329166108472151
cent2322,ural1272,0.4547197900192391,1.778811780597307
cent1992,aust1305,-4.3126218011320585,1.80577697030051
cent1990,aust1305,-2.0860684476953857,1.7898052114579135
cent2126,japo1237,-3.3523524870766,3.5087332739565644
cent2091,aust1307,-2.6203206280246025,1.184451605301371
cent2140,miwo1274,2.299320867578412,2.9104550143616645
cent2090,aust1307,-2.9939369325288894,1.2006723385547602
cent2131,utoa1244,3.523480848732385,1.4791633158707782
cent2150,chib1249,-2.265208978868541,1.3539513403684431
mbal1255,atla1278,3.3518045736298285,2.488951102388567
chac1251,pano1259,-0.4180755084384568,0.9850644627767942
chad1249,afro1255,2.714755553080111,1.3355595297967078
chak1270,sino1245,-2.660748712609035,0.9450055846977108
chak1271,atla1278,-1.5668595147171145,0.7530044320976437
chal1275,afro1255,2.740427869191993,1.6007177479670336
cham1315,zamu1243,-0.2236537206796944,2.3540427705339653
cham1309,nakh1245,0.7836891477637224,0.5568958136305113
cham1312,aust1307,3.894401042330436,2.529610364845336
chan1313,sino1245,-3.663423087887986,0.7491569403880085
char1269,gong1255,-4.659587318560355,1.10984584070723
chas1234,sino1245,-3.5857277118172712,0.9523339902754184
chec1245,nakh1245,3.554364438933522,0.9304302121599176
chek1238,aust1307,1.2827065420005823,0.57866785099732
chen1255,drav1251,-1.9240367927253588,1.3435033875588154
chep1245,sino1245,0.5253809127754461,0.5304826083225649
cher1273,iroq1247,3.954576292346609,5.122506664750666
chey1247,algi1248,3.548268501571748,3.814803319631002
chic1270,musk1252,3.788842940226819,4.8678189384443495
chig1238,atla1278,2.393898593236952,0.9990221825363969
chil1280,atha1245,3.640853580309999,3.5631822354241685
chim1309,chib1249,1.2698687722352306,1.2500223076043238
chim1312,atla1278,1.1821322414169302,1.3666301966747767
chhi1245,sino1245,0.8064024509698736,0.4111233280269868
chip1261,atha1245,4.037764868207303,5.112138204618656
chip1241,algi1248,4.021391523308567,4.687298778696375
chir1283,sino1245,-0.6951472401021916,0.5184128851027445
choc1275,sino1245,-3.202768602638281,0.8302290191551727
choc1276,musk1252,3.771087682700922,4.830668495500124
chon1284,aust1305,-3.9791411681243063,1.8063490387036487
chot1239,sino1245,-3.4525776994148707,0.4993496398658177
chra1242,aust1305,-4.232102255243889,1.9269256016585776
chuj1250,maya1287,2.897307216322436,1.3599036144972043
chuk1273,chuk1271,1.62374404857225,4.019489927844245
chuu1238,aust1307,0.9388472366539315,1.3855249160896168
chuv1255,turk1311,-3.935540276955292,2.8440605963693555
chuw1238,atla1278,0.8063137479009872,1.332026391287247
cici1237,atla1278,2.243428418856888,1.0704090300427396
chin1286,chin1490,2.2651268078682723,3.816241236784264
cent2087,aust1307,-2.1793643336214643,0.897017255681245
coat1243,otom1299,0.5790652580521893,0.4781211107433556
coca1259,tupi1275,0.344831461989922,1.334514383607047
coeu1236,sali1255,3.316779710125794,2.914333063541518
cofa1242,cofa1242,-0.92442263171246,2.48963868055308
colu1241,sali1255,3.305243887168129,2.8497279996122824
coma1245,utoa1244,-0.4731669537422978,1.7103399202922365
como1259,sali1255,3.371057840444678,3.0942678877244365
cong1236,atla1278,2.5957335630945484,1.4805255824933763
copa1237,otom1299,0.2828467403188635,0.4695729148905343
cors1241,indo1319,-1.2693983739105903,1.2667541145911088
cosa1234,sino1245,-4.36126892561046,1.291991459245807
cota1241,aust1307,0.5961739317797087,0.7029803550520306
crim1257,turk1311,-2.896990864132169,3.014499922100354
cros1244,atla1278,0.3007120824568794,0.531396835632977
crow1244,siou1252,3.1170457728986003,4.057078458411024
cube1242,tuca1253,-2.1265365172451576,2.128976727382818
culi1244,araw1282,-0.2053933972048007,1.8482374735741176
curr1243,araw1281,1.0502786823411687,0.972465525316565
cusc1236,quec1387,3.778992304926216,3.00229155768447
cypr1248,afro1255,2.310466132396079,2.04335741119898
czec1258,indo1319,-2.5114255536740977,1.962759573223689
daai1236,sino1245,-2.756835019980149,0.9847219767021648
daak1235,aust1307,0.3088015538339284,0.7308876736188452
daas1238,afro1255,-3.031462826025249,0.8766068427782514
dadi1250,tebe1251,-2.636912448164078,3.425471386648267
dagb1246,atla1278,-1.6976763698872617,0.7775652956201036
dagi1241,narr1279,2.018154005130172,2.133103219201807
daur1238,mong1349,-2.1348991922778247,3.7937222005118834
daha1245,afro1255,0.9511790999453912,1.007277897529912
daka1243,aust1307,-2.518690305612726,0.3548280169206137
damp1237,aust1307,-2.8429464334172163,0.903942728428296
dana1252,aust1305,-2.935506779376443,1.3984334020399842
dand1238,drav1251,-1.6392339122315365,1.19295400694614
dani1285,indo1319,-5.771693020115436,2.6577813486810298
dara1250,indo1319,-0.6012473060467951,0.7731073291107364
dard1243,daju1249,-0.0910104846079886,2.202788991753951
darm1243,sino1245,-0.7482376275189053,0.7466884463070862
daww1239,nada1235,-3.724245793933314,4.304039808828186
dawr1236,gong1255,-1.632034873556293,0.980349889132377
daza1242,saha1256,3.1896957767286933,3.334387777179412
defa1248,ijoi1239,-4.270172449163205,4.434915342844086
dege1246,atla1278,-0.0128698691332846,0.6497625175627206
dehu1237,aust1307,-0.7641656746568788,0.6364958236309661
dera1245,sena1264,2.332841974645572,3.2578109333655307
dera1248,afro1255,1.497332502990031,0.5538119869101017
desa1247,tuca1253,-2.432389715802394,2.067742563470696
dhao1237,aust1307,-1.2887820106089525,0.9600118000564954
dhar1247,pama1250,-1.5806364804044224,1.5869790277758344
dhim1246,sino1245,0.069916355691092,0.5973114200136003
dhuw1249,pama1250,-1.7763570681348892,1.178278997339646
dibo1245,atla1278,0.7805187697663394,0.7104701867579202
dier1241,pama1250,-2.696010701562462,1.5921796965736252
digo1243,atla1278,2.468440586897056,0.9309023307769628
dima1251,sino1245,-3.454777794021258,0.6554058532441953
dizi1235,dizo1235,-2.0552585314135383,1.9994123150664096
djam1256,pama1250,-1.858338178675545,1.2497825930864774
djee1236,mani1293,2.930189351722241,3.3933782935874364
djeo1235,nucl1710,0.3606810578759032,1.476334664484627
dobe1238,aust1307,1.3056813335741808,0.9668570936225258
dobu1241,aust1307,3.076848872522839,0.7953768534495058
domm1246,nucl1709,-0.3252434378664164,0.3625195721539942
doma1260,indo1319,-1.3691797020485366,1.3166689404827068
dong1285,mong1349,-3.922717725266556,3.478614577801856
doro1266,manu1261,2.5723723874808115,3.4535005103461085
drun1238,sino1245,-0.0601604922776854,0.7737115356633186
chug1252,sino1245,-3.488673453058812,0.8698965895259594
dumb1241,aust1307,-0.8212700293381663,0.6973371086931017
dumi1241,sino1245,0.7631149664585121,0.3803876499551357
duna1248,duna1248,-2.1389653615555817,3.1099924266702725
dupa1235,aust1307,0.8527560476269744,0.5906884413523521
duru1236,drav1251,-1.3294618947112262,1.1427179327580903
dusn1237,aust1307,0.42667783503487,0.6253804552778526
dutc1256,indo1319,-2.146867662647009,1.835958228270876
dyir1250,pama1250,-2.447646471125573,1.3185810725421303
dyul1238,mand1469,-2.9307589534704674,1.378871420910098
dzao1238,hmon1336,-4.30856586655067,4.027778148097684
dzon1239,sino1245,-3.006247821845859,0.8173992508497747
east2443,aust1307,1.0026456063664042,0.4459432411509993
tang1336,sino1245,-3.565738784148955,0.5260797153163441
nucl1235,indo1319,0.0816576068795473,1.222906698773084
east2379,pama1250,-2.4031516840876046,1.4830739877501138
sout2896,aust1307,1.1106199820638942,0.6440775719884915
east2555,tupi1275,2.64498373997147,2.204388112713726
east2332,aust1305,-4.194606723785137,1.736382141846807
east2563,aust1307,-4.483893111566429,2.10180632529778
east2690,afro1255,2.7386398633043934,2.1984326260350766
east2556,otom1299,1.437882263040944,1.033751656597918
east1236,aust1305,-4.312385415870466,1.8000079992061622
east2342,sino1245,-3.6275085329852224,1.2756965405997072
east2782,atla1278,2.1992648798122696,1.2196136960243429
east2328,ural1272,-0.9742527586784386,1.3667466498466343
east2333,aust1305,-4.266098722331557,1.8751560731337624
east2773,sino1245,0.4081828948873933,0.4338665516288245
panj1256,indo1319,-0.3211727489095883,1.1798896112097663
east2485,aust1307,-3.0503383032103084,0.9554589876157672
fina1242,aust1307,-2.5580134333740463,0.4581167906279102
east2694,aust1307,0.2739029133446857,0.6672673800847537
east2447,aust1307,-3.941064921921685,3.627933116198186
east2516,nucl1709,-0.3411534910039828,0.451589596156996
east2440,aust1307,-0.4676191836695691,0.8401224971181698
huaa1248,tuuu1241,0.6110353453659072,2.613849811639877
wall1257,aust1307,-4.082176814564939,3.338944928376641
egyp1253,afro1255,2.812995256544804,2.323456831771145
eipo1242,nucl1709,1.016178371138624,0.5549485415301252
ekar1243,nucl1709,1.103053223454166,0.7279155893664058
elem1253,atla1278,0.2138286992882339,0.5450786833206429
elip1238,atla1278,-0.5342958998158611,0.4941919374022703
elna1235,utoa1244,3.4194654898400474,1.862753179249708
emae1237,aust1307,-2.3646383405268936,0.4893538680146996
emai1241,atla1278,-1.8579233316103103,0.7052688658619211
embe1262,choc1280,0.4994207183416426,1.406911210057359
stan1293,indo1319,-2.013183161566951,1.835460232501207
enuu1235,sino1245,-4.436465643712024,1.3032708176465206
epen1239,choc1280,0.8068775769076091,1.4445972916221557
ersu1241,sino1245,-2.995139046510321,1.0298550747511186
erzy1239,ural1272,0.5708052783909024,1.391105876337594
esan1238,atla1278,-2.2552699883882488,0.7171449954487379
esee1247,koia1260,3.5600262194117804,2.030718014937726
esee1248,pano1259,-0.6513154704311481,0.9743916462430278
esim1238,atla1278,-0.3706615789468186,0.513794502863945
esto1258,ural1272,-2.7325633639619578,2.021285645030792
eton1253,atla1278,-0.5616896415379822,0.561303996475587
even1260,tung1282,-2.6556492300898618,4.463721292809455
even1259,tung1282,-1.9740635941937743,3.5134787114735087
ewee1241,atla1278,0.30357498606987,0.6555676709144826
fala1243,sino1245,-2.7903753618664986,0.7114479956247877
fare1241,atla1278,-1.277873809389976,0.8062655056591623
faro1244,indo1319,-2.4656240878098017,3.012560921020464
fasu1242,fasu1242,-2.536293439926041,3.400936668243862
fiji1243,aust1307,0.2165712829350594,1.322678365409967
fili1244,aust1307,-2.2247133284957785,0.8364411883768526
filo1235,toto1251,3.4816580734119955,3.035310966041048
finn1318,ural1272,-2.9767695782962926,2.3195016619227697
foii1241,east2499,-2.612381220715317,3.432518724164952
fonn1241,atla1278,-2.5772832408230104,0.8028936631214183
fore1270,nucl1709,0.5231377759393996,0.4053059239369432
fore1265,ural1272,1.7769145959218506,2.398505915476015
fran1266,mixe1284,3.476264586154836,3.7039719813131846
stan1290,indo1319,-0.3667649087969504,1.392586896006799
fuln1247,fuln1247,-2.505943739092438,5.0193172131085575
furr1244,fura1235,1.6109996142640712,3.0808341372992194
furu1242,cent2225,-1.0352853105073856,0.9896771599937804
futu1245,aust1307,-1.4555069213494582,0.7765067476747163
fuyu1242,fuyu1242,-0.2728042175606457,2.1200945341890147
gaaa1244,atla1278,-0.1024988298537683,0.8134941531811393
gaam1241,east2386,1.3576768806771553,2.7486661442884
gaan1243,afro1255,1.4793413162551792,0.5233873893312264
gada1258,aust1307,-2.3641629423119386,0.4801993479645112
gade1242,atla1278,1.8776411663367665,0.6837508273074242
gaga1249,turk1311,-3.590530864106088,3.109455340459654
gala1264,afro1255,-0.6529063792492011,0.5123086187135577
gale1259,nort2923,0.9694498660813876,1.0467834293789284
gali1262,cari1283,3.6148179853449913,3.2145697577280714
gali1258,indo1319,1.0077882098736344,1.6329649250546634
galo1242,sino1245,-3.810449411865501,0.9124897242776128
gamo1243,gong1255,-1.925172749324631,0.9609152216197304
gand1255,atla1278,2.475248287774278,0.955444280890692
gang1267,tang1340,-2.3435247757393123,2.5588718080579405
gang1266,sino1245,-0.5785584145586029,0.4803508334541995
gant1244,nucl1709,-0.2937222823847056,0.3634660965226217
gapa1238,aust1307,2.766582682174267,0.6896760054085611
boht1238,afro1255,2.160220450973828,1.3845835975702183
gari1256,araw1281,4.952936140490324,2.6479308727111857
garo1247,sino1245,-2.95146838455712,0.8843661521976678
gara1269,garr1260,2.2967841419999475,3.780054280975211
gata1239,aust1305,-2.292089420512368,0.918804480621608
gayo1244,aust1307,-3.8174019210381305,1.2955108203429848
geba1237,sino1245,-3.3619113546171397,1.2947831119448434
gebe1237,aust1307,-0.4028172038150575,0.8198797261641992
geda1237,aust1307,1.419925445699704,0.4372125833547553
gela1263,aust1307,1.690061953304446,0.5390015670490218
nucl1302,kart1248,2.491893216762036,3.178619745427312
geru1240,afro1255,-0.4313264385916402,0.551539777052307
ghad1239,afro1255,2.498706141069832,2.4569557563848106
ghan1242,aust1307,1.238934260441542,0.6666940793717231
ghar1239,aust1307,1.7253539642339095,0.607445920689953
gheg1238,indo1319,-2.115425940616612,1.4187998841641338
ghom1257,afro1255,3.1828810460538675,2.7211643220684145
giiw1236,afro1255,2.344023527618384,0.5434535518111936
gilb1244,aust1307,0.2446651733928413,1.7380385729160466
gira1247,nucl1709,0.640140573344359,0.3444142125463258
giry1241,atla1278,2.23038296906689,0.9785474947076728
gizr1240,east2503,2.6751015711115533,2.6777447695695145
glav1244,afro1255,2.4105107800384973,0.5128649432435601
ghod1238,nakh1245,0.808244662787303,0.6196492566493017
gofa1235,gong1255,-1.951217868834826,0.9801572863371676
gogo1265,suki1244,-1.9680420084103467,3.071747694855137
gola1255,atla1278,0.3545859102855462,1.0809507634870317
goli1247,nucl1709,-0.3446604690225017,0.3815404076998909
goon1238,buna1274,3.0977673619634487,4.677348907394157
pare1266,aust1305,0.830452559613327,0.7819584937599018
gras1249,koia1260,3.753537274592344,2.00630137901296
guah1255,guah1252,1.78943037501185,3.2605757764532
guam1248,barb1265,-0.2671701165227149,1.6167827235715553
guat1253,guat1253,2.3390589206476946,3.8636320520930743
gube1234,atla1278,2.609110288040198,1.2184162558445717
gude1246,afro1255,-0.9486008509779666,0.4808921112836835
guer1243,otom1299,0.1862113877326403,0.4975274028840637
guhu1244,nucl1709,-2.634558600691385,0.5833695181101994
guiq1238,sino1245,-2.6160457075774937,0.8632950895832145
gulf1241,afro1255,2.688307683090269,1.9377653442432208
guma1254,aust1307,2.849421309849503,0.7749882337185294
guny1241,pama1250,0.2825451349597268,1.2630296875838276
gura1251,indo1319,0.9374149669868048,1.408425067314086
guro1248,mand1469,-3.308245299939887,1.562201722208636
guru1261,sino1245,-2.245526399905176,0.4110302403257204
guru1271,afro1255,-1.016959514052298,0.5361956557162806
gusi1247,atla1278,2.627936093044286,0.9600079956801756
gugu1255,pama1250,-2.14225580894264,1.2604079330136209
kwam1249,koma1264,1.576218104079258,2.056067978392626
gwen1239,atla1278,2.6362032844219185,0.7945137604009673
gyel1242,atla1278,-0.7116475487109906,0.8517333059525551
haaa1252,atla1278,2.3395939255981038,1.167288130991217
hadi1240,afro1255,-0.09177983084016,0.626761685303487
hadz1240,hadz1240,1.6064761410165005,2.913215647544834
haka1240,sino1245,0.2964629249236127,0.6043664966551479
hakk1236,sino1245,-3.9404732393897857,2.245475865327922
hala1252,aust1305,-4.34042019260337,1.735047935581413
halh1238,mong1349,-4.724277364751044,3.916288345874027
hali1244,aust1307,2.4162305775131263,0.6750435085906439
halk1245,sali1255,3.299845991762127,2.8336674400295685
hame1242,sout2845,-1.5064855064300806,2.737208269168219
hang1263,nduu1242,-0.5819499108321606,1.005152732422669
hani1248,sino1245,-4.456415094629129,1.4372398302372034
hano1246,aust1307,-1.8588463065732652,0.4535603759144475
haro1237,aust1307,-4.545760215550811,2.0615544916922346
haru1245,piaw1238,-1.2766156725264186,1.8106744183899348
hass1238,afro1255,2.040481892835415,2.05906988978491
hata1243,hata1242,-1.2317519761594211,1.8786754132538728
remo1247,aust1307,-2.431619696626272,0.7900843631793979
nige1253,atla1278,3.225111941039118,0.8201951957014231
hava1248,coch1271,2.131770371701004,3.0103893346665203
hawa1245,aust1307,-3.059026241153754,4.54707505286112
hehe1240,atla1278,2.544001819907385,0.983276278479508
heil1246,waka1280,2.7732987015481934,3.910765535744199
here1253,atla1278,3.3965127074584567,2.0647871295167706
hida1246,siou1252,3.4172346498069635,4.52526033776633
high1276,mixe1284,3.283593332975654,3.5155341325846683
high1278,utoa1244,3.10335693369033,1.3551379168892377
high1243,toto1251,3.436360611647302,3.044812273269163
hili1240,aust1307,-2.5065149782975507,0.878676223240241
karb1241,sino1245,-3.493858811900938,0.6939816638848004
hind1269,indo1319,-2.9478325059289645,1.4977816177123326
hinu1240,nakh1245,3.3953140915467777,0.6261003949314237
hixk1239,cari1283,2.9498787944770504,2.7162179388415204
hlai1239,taik1256,-4.852837916276952,4.092397335666141
hler1235,sino1245,-4.232128082083072,1.241512143220655
hooo1248,aust1305,1.4351681826203428,0.9994036546672548
hoav1238,aust1307,1.543820148971473,0.6148330238465789
ainu1240,ainu1252,1.4615372731414158,3.5083793052950565
holo1240,atla1278,2.257220958614349,1.2844608848438668
hone1235,atla1278,2.857542074719344,0.6388647539645866
honi1244,sino1245,-4.360850767645813,1.309714328444482
hopi1249,utoa1244,1.2377043821111506,1.376997462480844
hote1245,aust1307,0.2964994144683961,0.3946530168213176
hozo1236,maoo1243,-2.9221097103023466,3.864271912798418
hrus1242,hrus1242,-3.289900436545065,4.381959960002977
huuu1240,aust1305,-3.829947043690391,1.3458943236699383
hual1241,quec1387,2.8602317460865594,2.488028563025866
huam1247,jiva1245,2.3159658626997857,2.1541855601242776
huar1255,utoa1244,3.443207781549657,1.3234330925562323
huas1242,maya1287,1.9789129351891508,2.2425510956615806
huba1236,afro1255,-0.832531645082812,0.4811100894344857
huic1243,utoa1244,3.381542586885099,1.867085598841136
hula1239,aust1307,-0.4737241257848357,0.6465902321166936
hula1244,afro1255,2.9244613055373287,2.026686618428183
humb1243,song1307,-3.424706916412568,3.0780462609726182
hung1275,aust1305,-4.0767266364281145,1.715303418077923
hung1274,ural1272,-0.1923042064313749,1.7282634556015353
hunz1247,nakh1245,0.7878156001360161,0.554008757316419
hupd1244,nada1235,-4.071647965258934,4.211058771496204
wyan1247,iroq1247,3.790852668509049,4.679213765627287
hyam1245,atla1278,-0.7841762319317813,0.6232408317273315
iaai1238,aust1307,-0.6574215179309675,0.5871447652377526
iama1237,aust1307,2.9410184877389085,0.7492967769131482
iatm1242,nduu1242,-0.6380121796268781,1.0488433538087136
ibal1244,aust1307,0.5323790734009104,0.4776304181437858
iban1264,aust1307,-3.276992530508637,1.3557645899449806
iban1267,aust1307,0.7581119278669632,0.527126902605513
ibat1238,aust1307,-2.462230862774503,0.8252261331533397
ibib1240,atla1278,0.2752570801022393,0.5592339184137174
icel1247,indo1319,-2.0249429583551355,3.2708542834982914
idaa1241,aust1307,-3.199422988950205,1.0269066252272872
idii1243,paho1240,2.3352727093179126,2.788425073397349
idom1241,atla1278,-1.6840984505827188,0.6478521413722707
idum1241,sino1245,-0.9388991782231152,0.9712923647471854
idun1242,aust1307,2.765624272945641,0.707102932471626
nucl1417,atla1278,-0.01699173432376,0.5829056645373338
igna1246,araw1281,4.844820568525796,1.951674361809701
ikkk1242,kuli1252,-0.9402138498968844,2.479710764635773
iliu1237,aust1307,0.0364059019469948,0.6727937000260376
ilok1237,aust1307,0.6699509165113251,0.5282634970319506
ilon1239,aust1307,0.8089613237970185,0.4760371686395483
imba1240,quec1387,2.3508477231106384,2.1464405580481607
imon1245,bord1247,2.176811866700363,3.151699887389589
ingr1248,ural1272,-2.702271467349739,1.9142157230359784
ingu1240,nakh1245,0.6587086162145006,0.8789864369178417
alba1269,aust1307,0.8418760227313344,0.8302916552525019
iqui1243,zapa1251,-1.0700860360990707,2.436723551897612
iran1262,aust1307,-3.103269740732852,1.0677192780797178
iraq1241,afro1255,1.1376708848708716,0.8311444026663466
irar1238,aust1307,0.4776764718777806,0.6896169432640935
iray1237,aust1307,-2.755044988934751,0.9906522440493272
iris1253,indo1319,-1.8391996974804208,2.1078687512863263
irul1243,drav1251,-2.305899548858923,1.4844369201920866
kris1246,skoo1245,2.2855647489046564,3.274726409646922
isco1239,pano1259,-4.989473803918798,1.6260304361303533
isin1239,aust1307,-2.3035296306462185,0.4699043886289455
isir1237,kwer1242,0.7093789331577867,1.6189215788367015
isna1241,aust1307,0.2107077081661691,0.5937604046360967
isth1240,utoa1244,3.113428979161604,1.489348432459099
isth1242,utoa1244,3.1775027116549177,1.498265964657204
isth1241,utoa1244,3.197920810621202,1.520061213861565
ital1282,indo1319,-0.8623565400488358,1.2939197203639292
ivat1242,aust1307,-2.430656588825453,0.9613509456579176
iton1250,iton1250,3.1004887244700803,4.17323051729789
itza1241,maya1287,3.006143116284382,1.785334195367586
iumi1238,hmon1336,-4.3063579265975775,3.833032010776714
iwal1237,aust1307,0.4734416066660368,0.4152089467591793
iyoo1238,nucl1709,0.9146017979170749,0.3857141949429259
jahh1242,aust1305,-0.5560917649128161,0.826563597240316
jalk1242,mand1469,-2.980175721375164,1.4026696085399166
jamb1236,aust1307,0.6638863377202617,1.3665513369573643
djam1255,mirn1241,2.8524496889169675,2.519487841991917
jams1239,dogo1299,-1.9620333336349132,1.8016398618137348
nucl1643,japo1237,-3.329797613290851,4.689345553232373
japh1234,sino1245,0.7009207104614477,0.7334827221926261
jaqa1244,ayma1253,2.3418344584113413,3.54100788649402
jara1266,aust1307,-4.704737236671324,1.997224382772545
java1254,aust1307,-1.1195852723848672,1.169611260301016
jede1239,aust1305,-4.187974963804376,0.953766229970963
jehh1245,aust1305,-4.328231388858373,1.7723707821009
jeha1242,aust1305,-1.3497004667958818,0.979139499905294
jenn1240,drav1251,-2.0927635064780943,0.9439614706771272
jeru1240,sino1245,0.8039816280523603,0.4134912456093005
jiba1237,atla1278,2.4179029727785077,0.6151351987929594
jina1244,afro1255,-0.0705717883125918,0.5838379329047019
djin1251,mirn1241,2.5905847010929843,2.2150815360274354
jita1239,atla1278,2.5630313727627465,0.9886356130676824
jjuu1238,atla1278,2.3026143275307343,0.7065484139233238
juan1238,aust1305,1.284647900032954,0.9842545355912796
juku1254,atla1278,-2.6746423360312286,0.5745541658802793
jurm1239,cent2225,-0.6208845199941333,0.7804538202128839
kaba1281,cent2225,0.3191015626469435,0.9038756946898304
kaba1278,abkh1242,2.5021015064956,3.2337970744173203
kaby1243,afro1255,2.413164841537646,2.3243141126174134
kach1284,gong1255,-2.0031996339181104,1.0452623932853091
kada1242,drav1251,-5.00658840467222,1.024606818402269
cent2100,aust1307,-3.2631069134098287,0.864945711140912
kado1242,sino1245,-1.32007552699943,1.0864380150238675
kafa1242,gong1255,-4.6808490456620895,1.1787685363019342
kaga1256,aust1307,-3.0606557781804056,1.1416462133664638
kagu1239,atla1278,2.609931088790574,0.9100906776605412
kaik1246,sino1245,-0.314655978518342,0.6816358145991597
kain1272,nucl1710,-1.083716630235915,1.634753662338401
kair1263,aust1307,1.144609723050655,0.6404053738829809
kaki1249,kaki1249,1.80849387649944,2.8804751243200317
cacu1241,kaku1242,-1.6220318413650388,2.9512772815657664
kala1399,eski1264,2.125788652821012,4.460203180739566
kala1377,pama1250,-1.3725242852758508,1.2538078955936722
kara1499,west2604,-2.487947574751465,3.5590141891865628
kala1384,atla1278,2.4522506579780785,1.5624528086491
kali1308,sali1255,3.5126243506972235,3.258744233429483
kalu1248,bosa1245,-1.1955592062899352,1.7552089518098786
kamm1249,atla1278,-1.3843235001478038,0.6175991314608709
kama1367,nucl1708,3.304202356003414,1.917397864691304
kamb1316,afro1255,-0.0139335587688336,0.587394550144829
kamb1297,atla1278,2.197965458761566,0.9111319465434596
kamb1299,aust1307,2.1735009163739223,1.0305208857533454
kamo1255,nucl1709,1.0623873763145264,0.7733452091289088
kamu1260,kamu1264,-2.5003916089950846,2.850458363178963
kana1288,daga1274,3.419621075729945,3.545011084217224
kani1286,nucl1709,0.5369688461017402,0.3831040889392714
kank1243,aust1307,0.207040569054099,0.4783837558842183
nucl1305,drav1251,-2.064019063193854,1.1451398873729808
bidy1244,atla1278,2.0115422377598344,1.0858054221559374
kaon1241,atla1278,3.083171203676285,1.7001841102316568
kaqc1270,maya1287,2.746299486120038,1.54679411100404
kara1500,nucl1710,0.309438701333764,1.5441790090029135
kara1487,aust1307,-2.4206861277749314,0.4602069980900225
kara1486,aust1307,-0.708755100826854,0.5799856640237806
kare1338,atla1278,-1.5221801327917608,0.7750640638136979
kare1335,ural1272,-2.7831165358406595,2.292120852793282
kari1311,tupi1275,-1.0928169116268478,1.422879955233002
kark1258,pauw1244,2.2162979883305285,3.1660493277374098
karn1252,aust1307,1.1021085515516835,0.4534412950278543
karo1304,karo1304,2.181855980331105,3.855349694361159
kash1277,indo1319,-0.7690998019644077,1.124828998113539
kask1239,atha1245,3.4096778734509563,4.325243911502477
newa1246,sino1245,-2.5235177389755923,0.5188387721703656
kats1235,sino1245,-4.327861088354403,1.336753922190912
kana1291,katu1274,-0.8836161909877285,2.5471966009991807
kaur1271,kaur1274,2.376913076198964,3.328662507312833
kava1241,aust1307,-0.0763576152487344,0.8226140426581257
kaya1315,sino1245,-3.4455024895577746,1.2943874882652509
kaya1319,tang1340,-2.291378177664312,2.4913663229409684
keap1239,aust1307,2.4920593550150665,0.6858385036512011
keda1252,aust1307,1.105631646556745,0.6419677394188774
kera1248,atla1278,2.495796295986307,1.0815071386937412
keig1242,kadu1256,-0.6283397529430346,2.3555753755054214
kele1255,atla1278,0.7533422400779282,0.8176796171910041
kele1258,aust1307,1.0184111074019406,0.6335873351512351
kele1259,aust1307,-2.454553612006506,0.4345065554443525
keme1240,atla1278,-3.005276755393125,0.5470375782642165
keng1240,cent2225,1.6829007852904023,1.1115463953520257
kens1248,aust1305,-4.251783745490947,1.0838147737284682
kenu1236,nubi1251,2.409739284209927,4.361560056547094
keoo1238,aust1307,-1.1631741697713398,0.7808911976099928
kera1255,afro1255,-0.3959578950293161,0.5599291694276687
keri1250,aust1307,-2.762486889284413,1.507745068593497
kesa1244,nucl1709,0.687675799299112,0.3553585742830378
kett1243,yeni1252,1.899564068684446,3.93792324016356
kgal1244,atla1278,3.201431117412437,1.976939508244821
khak1248,turk1311,-3.8695318869343502,4.141790161796081
khal1275,sino1245,0.5120490314841828,0.4324934542449714
kham1282,sino1245,-3.455030144096149,1.7810310997892778
khan1278,atla1278,0.2212715909228375,0.5438822504124659
khan1274,aust1305,-3.960907135334645,1.611232129594944
khar1288,sino1245,-0.6937697879143949,0.4949586986730558
khas1269,aust1305,-2.582880944019778,1.1536965575156088
khez1235,sino1245,-3.5981846659888626,0.59046718557674
khin1240,nakh1245,0.3939464058526947,0.718661425755009
khmu1256,aust1305,-3.680969998649181,1.4213980075108117
guan1266,sino1245,0.6975836850653172,0.7102793545508295
khum1248,sino1245,0.127145622914456,0.6007040726271011
khva1239,nakh1245,0.7604020285638518,0.5560013305811058
kich1262,maya1287,2.749949063704413,1.5175464984551112
kiku1240,atla1278,2.1986235221786155,0.895485804866242
kile1243,tung1282,-3.0160710905926456,3.015545373901494
kili1267,aust1307,2.836134456942429,0.8416129229118905
kimm1246,atla1278,0.1599328518341241,0.6595248677678534
kima1244,aust1307,-3.27059398896321,0.907886303261801
kimm1245,hmon1336,-4.654102638948074,3.930188384295267
kina1250,aust1307,-2.7153015280642165,0.9120277446219198
kinn1249,sino1245,-0.26358325949063,0.8636038040351082
kiow1266,kiow1265,2.799368973319332,4.661682502593995
kips1239,nilo1247,3.4288522992904125,1.9584335593098652
kelo1247,timo1261,1.6303169517023115,1.215740672107895
miju1243,sino1245,-3.57014270161914,0.9032263927398568
kobo1249,nucl1709,-0.3980327086344424,0.3929079542701359
koda1255,drav1251,-2.1157093699049474,1.036997210246998
koho1244,aust1305,-4.247977377407892,1.8991212913141984
koir1240,sino1245,-0.7669314723267902,0.5017589225982917
koit1244,koia1260,3.7536295092370286,2.0682000235674955
koka1244,pama1250,-2.839736859613585,1.82477151258092
koko1269,aust1307,1.4627052756774686,0.6046982773629921
kola1285,aust1307,1.3210070507963685,0.8817733708475579
kolb1240,atla1278,2.066828946871904,0.7022276259832889
kolc1235,atla1278,-3.197209926402264,0.82202799493494
kolp1236,kolp1236,0.1289156944333328,2.117476350978356
kolu1245,aust1307,2.8926280380529725,0.7338894363762698
komb1274,nucl1709,0.1561325293484725,0.5710634386694924
komc1235,atla1278,-3.2661632545432577,0.5277969436530601
komi1270,sino1245,-0.5491367921979167,0.5052208093619335
komi1269,ural1272,-1.1704230158407207,1.716041298062592
komi1268,ural1272,-1.217248883703101,1.912770033584632
komo1260,atla1278,1.6497056556185576,1.0062986269980367
kona1242,east2433,-0.409779268324191,1.5622096286691909
konk1267,indo1319,0.1737419093074198,1.3401301898929248
kony1248,sino1245,-3.699712632221825,0.7852561415806463
konz1239,atla1278,2.518075128136469,0.8826482762911603
koon1245,atla1278,-2.963420083913677,0.8777175799870562
koor1239,gong1255,-2.173194619445781,1.0924910475310623
kora1294,nucl1709,1.2896036491739815,0.7378618906033978
kore1280,kore1284,-3.373178104612276,5.992691438571485
kork1243,aust1305,1.7040193419412808,1.5260035629836055
koro1298,atla1278,-1.5565464564021187,0.9958085712550117
koro1313,sout2948,3.701431824505942,3.3000082634197057
koro1312,nucl1709,0.2278365998526383,0.5420331317912037
korr1238,drav1251,-1.9830786971014285,1.156760663681652
kosa1249,nucl1709,1.1662599663777804,0.5990827126201346
kosr1238,aust1307,0.2606442485037714,1.2585180790994812
kota1263,drav1251,-2.248943016630836,0.9504558466562384
koti1238,atla1278,1.601622478352676,1.3956593581055277
guan1269,tuca1253,-5.255390135315379,2.150919930965172
kova1243,nucl1709,0.8985484813561543,0.5408488669272771
kove1237,aust1307,2.038238601364624,0.5455252709785334
koyr1242,song1307,-2.977651493306211,3.4212737188394904
koyr1240,song1307,-3.325254679102321,3.334247302926009
koys1242,afro1255,2.85545936457164,1.6082461019756948
kren1239,nucl1710,0.1888681026583439,1.8175831205298767
gbay1288,kres1240,1.5259141830161904,2.1395880029800622
ngeq1245,aust1305,-4.318622536149007,1.7209517749406302
kryt1240,nakh1245,0.5187228899038105,0.705096478143048
puoc1238,aust1305,-4.040325037474326,1.6294390099689853
kuan1248,aust1307,-1.0527401494614737,0.4708813901398123
kuan1247,atla1278,3.314160867485538,2.427169176121108
bayo1255,atla1278,2.5573571862534785,1.052909027143155
kuik1246,cari1283,4.162460304389465,3.395922663281323
kuku1280,pama1250,-2.3526363637190704,1.0120815826742433
kuku1273,pama1250,-2.293649110339162,1.2619036211448176
kulo1237,aust1307,-2.615821081345211,0.6225338092015118
fait1240,nucl1709,0.4454771855428601,0.3360002374167123
kulu1253,sino1245,0.5647394604051665,0.4179479320271753
kuma1280,nucl1709,-0.194809227508655,0.3572908691447338
kumb1268,pama1250,-2.854090483301346,2.2777525223228947
kumz1235,indo1319,-0.8488812300903519,1.8592421052209345
kuna1268,kuna1268,1.2707304618740456,2.721016991249272
kunb1251,gunw1250,3.1402351348504918,2.9179372879724017
kuni1267,kuni1270,2.516085590795706,1.9622328893529009
kunj1245,pama1250,-2.543182547473168,1.2723359384148465
kuot1243,kuot1243,2.498563077196452,3.4299225178707005
kurr1243,pama1250,-1.6209463848165369,1.2749533256498236
kurt1248,sino1245,-0.1633330499392982,0.7780560131857186
kusa1251,aust1307,1.4707955656618057,0.6083396477514498
kusu1250,kusu1250,1.245314592900676,2.6571011498447383
kute1249,kute1249,-1.3772510435667544,3.071605021593954
kute1248,atla1278,0.0279252241384004,0.5375352468697656
kuyy1240,aust1305,-4.185593238010879,1.724307602006597
kwai1243,aust1307,1.4792547658840642,0.5424305166391328
kwam1252,aust1307,1.256297580018442,0.587262554756915
kwar1239,aust1307,1.5222689862753875,0.5376971810253259
kwaz1243,kwaz1243,3.053578704415488,4.27249613285413
kweg1241,surm1244,-0.0844546456321166,1.0666858684952416
nucl1595,kwer1242,0.7494114650982138,1.6052221465699734
kwin1241,worr1236,2.958592610988928,3.7572777905466985
kwom1262,sepi1257,0.4782106307503904,0.7736903794293646
nucl1593,kwom1263,2.105951782241926,3.0807831848059344
kxoe1243,khoe1240,-2.010680395204971,2.989906240172729
kyer1238,sino1245,-2.576526247668098,0.5638217411069224
cori1240,atla1278,-0.751823850107034,0.6170804027591199
laal1242,laal1242,0.3304527087186639,2.2310047743152106
labe1239,aust1307,-0.9894657475649034,0.4937989612323061
labu1248,aust1307,0.292375767023915,0.3645017152337395
labu1249,aust1307,-3.280973118242546,0.939988752295271
lach1248,taik1256,-4.805649715181886,3.5910428218598
lagw1237,afro1255,2.814333075448954,0.6224156465359858
zaye1235,sino1245,-3.420608612990814,1.2089669835508765
lahu1253,sino1245,-4.165290976962316,1.1611527873231609
lahu1252,sino1245,-4.261088283151162,1.2406123266607985
laiy1246,aust1307,1.9918241029881705,0.8765183255097
lakk1252,nakh1245,3.4693768165709207,0.7409520469045354
lala1268,aust1307,1.564063169403688,0.5966612532938171
lala1264,atla1278,2.719949747448878,1.533146931888831
lama1277,aust1307,1.5626247155013293,0.6766723657070379
lama1288,afro1255,2.333752702369704,0.4798428832264072
lamb1269,indo1319,-0.782418854446149,1.1914758656796085
lamb1273,aust1307,2.351443742101037,1.128985635631043
lamb1272,atla1278,2.3235398160888114,1.0630789878423617
lame1260,aust1307,0.310604082153554,0.3729208162992794
hela1238,sino1245,-2.5005913197864023,0.5169831752313314
lamk1238,sino1245,-0.4630619194392102,0.5129633064837353
lamo1244,aust1307,1.8951889131635784,0.5265534846178781
land1256,atla1278,1.0091270686114195,0.8390126661431125
lang1320,atla1278,2.241225727686962,0.7542444348660222
lang1324,nilo1247,3.0555575744057726,1.9372610573096851
laoo1244,taik1256,-4.447312091329124,3.6918743484539354
lara1258,lara1258,2.650890541782394,3.811296762144222
lard1243,tang1340,-2.272726777217498,2.515089387839664
lash1243,sino1245,-3.579004416813109,0.9491293140276742
teke1275,atla1278,0.5463769022066809,0.839962191843135
latv1249,indo1319,-3.9682170334261135,2.5837744064893773
lauu1247,aust1307,1.4332882246431309,0.5596124979675405
lave1248,aust1305,-4.302265867468165,1.6986730039937967
lavu1241,lavu1241,4.77749206600686,4.452193433379723
lazz1240,kart1248,2.52427493608627,3.3598490746743845
lega1250,atla1278,1.6739089130511524,1.097065514116489
lega1249,atla1278,1.8817305099514408,1.1722471730699393
lele1276,afro1255,-1.004030973389011,0.672564973234163
lele1267,aust1307,0.9380964747722924,0.5287365214723145
lele1270,aust1307,1.158043729012329,0.6398137860065471
lemb1266,nucl1709,-0.2329923759042194,0.4601798860007875
leme1238,aust1307,-2.1007790476711565,0.6558243425168939
bela1260,aust1307,-0.0529744625195389,0.8250351420048325
lena1238,aust1307,-1.6094192645171688,0.5568658765912549
lend1245,cent2225,0.3810054019621769,0.7543419136308813
leng1259,aust1307,4.560861744604276,0.5800884245115192
lepc1244,sino1245,-2.798817086274691,0.6510499795947577
lese1243,cent2225,0.6091143257926874,0.7633549898969125
leti1246,aust1307,-0.1308001943375731,0.7040936154929902
lewo1242,aust1307,0.4501743420521522,0.4152975871135815
lewo1244,aust1307,1.5121756038160443,0.6678219097947071
lezg1247,nakh1245,0.275220623811474,0.7091936975115658
lian1251,sino1245,-3.471840208199212,0.5830024086543464
libi1244,atla1278,1.1364651085248716,0.5306744925003457
liby1240,afro1255,2.8429055557589,2.36420584382608
lihi1237,aust1307,-0.5472536188412163,0.559049296104055
lika1243,atla1278,1.784141359987538,0.7763585285380685
lill1248,sali1255,3.4749244136825346,2.9922019601770824
nucl1327,limi1242,2.893203807080035,3.9897026748557063
limo1248,aust1307,0.1994316715877677,0.4684195978727885
lipo1242,sino1245,-4.033093211339249,1.2036918077330387
lisu1250,sino1245,-3.342212726359956,0.8712809690369809
lith1251,indo1319,-3.683551485678288,2.5536492185844937
lito1235,atla1278,1.1738325960483662,0.5915962122929095
livv1243,ural1272,-2.888257541562405,1.9859670917124443
loba1239,atla1278,1.25320573629224,0.582232631337229
logo1259,cent2225,-2.458468337552423,0.7673205531226106
balo1261,atla1278,1.4023686477491122,0.6196568668916189
loka1252,atla1278,0.1989891026019954,0.5295703527048392
araw1276,araw1281,3.904866208556089,2.610212910940124
lolo1259,sino1245,-4.027727994632611,1.188735615596718
loma1260,mand1469,0.1020409081899633,1.0997109431263734
lomb1257,indo1319,-1.7841475665703062,1.367780154874561
chiq1248,chiq1253,2.9675081316270013,4.379980050728285
acha1249,sino1245,-3.794184845164574,1.0411129481402843
long1395,aust1307,1.4968934931704243,0.5848678794742028
loni1238,aust1307,1.297832628706122,0.6551122470601385
lonw1238,aust1307,0.2296465288981322,0.3441539928634718
lote1237,aust1307,2.2669671822477917,0.5901724093056426
loth1237,sino1245,-3.6148418990633338,0.6414474622055923
lotu1250,aust1307,-3.2575895191664186,0.8665865331648419
louu1245,aust1307,-1.6219725740722768,0.6194929955543422
vano1237,aust1307,0.3129470780144371,0.6322790590211902
lowl1260,tequ1244,0.7739706126416936,2.440759174681811
lowl1265,utoa1244,3.5506120525759166,1.3819325756702874
lozi1239,atla1278,2.9662505153505148,1.5770463769195864
luan1263,aust1307,0.0044507231525845,0.7112567161817012
onto1237,aust1307,-0.1138026863758738,0.9479304100987952
lubu1243,aust1307,0.3918275667512974,0.4740443169283033
luch1239,atla1278,3.197020669721532,1.8022318437719849
ludi1246,ural1272,-2.476379979026315,2.057587569949023
lugb1240,cent2225,-2.5314613841411453,0.8546657585104871
lugu1238,atla1278,2.5629825266055515,0.9605918429096558
lule1254,ural1272,-2.7297878070207755,2.472062099464745
lumb1249,atla1278,0.8897973188111257,1.235306610212323
lumu1239,narr1279,2.13789685826297,2.1305421471321617
lund1266,atla1278,2.9988184339674926,1.7864389540196337
lund1271,aust1307,-3.0642597695482743,0.9232798734846526
luok1236,nilo1247,3.5922339600490525,2.0152507621022053
luse1252,atla1278,1.6261670586958457,0.7455808671924729
lusi1240,aust1307,1.8127485162477743,0.5171672958941613
luva1239,atla1278,3.18941576457546,1.811146815584312
maan1238,aust1307,-2.1855245132594034,1.3813784742559232
maas1239,atla1278,1.1077300293527157,0.7327673842812121
maba1270,atla1278,1.1440608321708368,0.6464207653793519
maba1277,maba1274,2.308502066155927,2.803596919131418
mace1250,indo1319,-2.0831072433918694,1.4140257847948874
mach1267,araw1281,3.1499879449364427,1.831775763298264
maco1239,sali1297,1.5310389339402284,3.004874580160063
macu1260,tuca1253,-2.314625498924917,2.116485257489108
mada1285,aust1307,1.8167588704935305,0.5216739742574301
jama1261,araw1282,0.7321339773417394,1.9315503287818672
madn1237,east2374,2.953428078470413,4.00978243734308
nucl1460,aust1307,-0.8378266030034209,1.126679811783264
mafe1237,aust1307,-1.5096900205785804,0.3866711125526478
maga1260,indo1319,-0.008092232378134,0.8526939672943179
maga1263,aust1307,-2.638007140798342,0.7369006945547589
magd1235,otom1299,-2.487975863769341,0.4659209537175961
magu1243,aust1307,-2.3112703743208685,0.6697070618082552
maia1254,nucl1709,0.650906137385515,0.4126455578841046
maia1253,nucl1709,0.6681027755404041,0.4049126898028863
mail1248,mail1249,3.199373496827956,3.9620100462853785
nucl1594,mair1253,1.5922450508272787,2.8125209967945928
mais1250,aust1307,1.9632612691873423,0.6248751908468186
mait1250,indo1319,-0.3505340787271054,0.7297665981185464
maja1242,surm1244,-0.0161073142152992,1.077345088876417
maka1311,aust1307,1.981087909244372,0.9258943987634504
makc1235,taik1256,-4.538882420141672,3.663600305753115
makh1264,atla1278,2.0013712606348726,1.3048284271028
makh1266,atla1278,2.30081935274728,1.3506963090262083
mako1251,atla1278,2.701508430696482,1.4028989568724803
mala1463,drav1251,-5.058678232948628,1.81193648531252
mala1534,aust1307,0.4493098298526579,0.5173324877843939
mala1464,drav1251,-5.102359232583694,1.5361257975216631
mala1522,chib1249,1.5416395725570144,1.34629673009373
male1284,gong1255,-5.032254092553918,1.0709168741857091
male1289,aust1307,1.408481703770026,0.4918479949809988
malg1251,afro1255,-0.596740290379334,0.5998107010203917
mali1284,bain1263,1.777504163635386,2.012040545407423
mali1285,otom1299,0.6781830858506135,0.5862279900675613
malt1254,afro1255,1.3119306705879596,1.7280861219666868
malu1245,aust1307,0.891126042859755,0.3225506745487934
mamm1241,maya1287,2.747720108302693,1.460021166218203
sauk1252,nucl1709,0.5138252357491965,0.4020070321076883
mama1275,aust1307,-2.0817325569512577,0.849983573952203
mamb1306,aust1307,-2.509001984055617,0.7414506489412727
mamb1294,atla1278,0.382278116101221,0.5791902740048336
mamb1296,atla1278,2.5748892437490984,1.3053191327279734
mamv1243,cent2225,0.1312202265907727,0.6993853871404347
mana1295,aust1307,1.1819685415661856,0.5347346097441186
mana1298,nduu1242,-0.388300108774906,1.008976510140695
mana1288,sino1245,-2.885488515042342,0.6762197165551331
payn1244,nucl1709,-0.0525672784309703,0.3690730621618048
mand1440,aust1307,-0.5217363975392353,0.5824461008109978
mand1415,sino1245,-3.893056835694827,3.614766377859067
mand1436,mand1469,-1.5732946973244804,1.5852009630781847
mang1378,aust1305,-3.911078441342805,1.4338464491908507
rapa1245,aust1307,-3.3632643563424804,4.3115181973386365
mang1401,aust1307,-3.0627005840616253,4.204436607650203
penr1237,aust1307,-3.931547596891321,3.852457966024584
mang1381,mang1423,3.1743724345637534,3.7108593064531608
mang1394,cent2225,-0.0903676768645271,0.7203319083179789
mang1404,aust1307,0.2896357144724923,0.3907591071011715
mang1405,aust1307,2.036569784321013,0.8707650956473554
mang1403,aust1307,-0.6717015930776873,0.5490842288151452
tong1308,aust1305,-1.2992139958730191,1.210793762392658
manm1238,aust1305,-3.826779397885993,1.348082505310959
mans1262,aust1307,-1.893637840585562,0.8744971014681688
mans1260,hata1242,-1.37166485309922,1.8954541435735468
manu1258,aust1307,0.6182465790119676,0.6633451509603212
maon1241,taik1256,-4.599175849901847,3.685532815519327
maor1246,aust1307,-1.911605358579692,3.175649282829598
mapo1242,aust1307,0.3983538395573666,0.3775098394049241
mapu1245,arau1255,2.1471908101570083,4.610026854438473
mara1382,sino1245,-2.697482710435893,0.7701421226790277
mara1399,aust1307,-2.1630753469666866,0.311946118035836
mara1379,sino1245,-3.6368128060841753,0.5426374000194283
mara1404,aust1307,-2.35962557057103,0.6621582180652368
mara1386,west2434,-0.6796184786069985,1.7122002260341809
mara1396,tama1329,-0.9345797449292794,1.756722988194575
mara1378,indo1319,-0.0818437135552669,1.1204515516871272
marg1253,pama1250,-2.836545678950296,1.4535459147768304
marg1265,afro1255,2.1830770662719106,0.5264912659247685
mari1414,drav1251,-3.97940653417424,1.5855654410073186
mari1440,coch1271,2.0899704216118646,2.952147326362587
mari1428,aust1307,1.264630123577032,0.4366400909857653
mari1416,sino1245,-3.309890748944273,0.511740893759093
mari1424,west2434,2.248571620637976,1.805066561931806
moro1289,moro1289,1.910292921445779,3.126912751291991
maro1244,aust1307,4.468603876215799,0.6650752669787909
mara1385,mang1423,3.0227641125409197,3.71535211007531
mars1254,aust1307,0.6515817823365264,1.775075142002871
mart1255,pama1250,-1.7436755521975649,1.410203831192698
maru1249,sino1245,-3.972508474650921,1.1129860789271682
maru1252,pano1259,-2.430330474015072,1.5099058768844706
masa1322,afro1255,-0.305118044505607,0.5876935996252772
masb1238,aust1307,-2.233755939956827,0.837682594617192
mask1242,aust1307,-2.6272880434890085,0.3446981871942824
matb1237,aust1307,-0.244667296649151,0.7370633105236859
kemb1249,aust1307,-3.256119861914448,1.3451337373817758
mati1250,aust1307,1.0577506567042316,0.6185690295721269
mato1252,aust1307,1.2723684741872625,0.4219974596910241
mats1244,pano1259,-2.439602581878309,1.5485307957731784
matu1261,aust1307,1.408921691310037,0.4481937778772433
matu1259,atla1278,2.7920504151347263,1.2273922199204463
mauw1238,nucl1709,0.7466413431003432,0.413529357773637
maun1240,iwai1246,2.615159995055091,3.8320945440058303
maxa1247,nucl1710,-2.399949750327903,2.1586515097857197
maya1285,misu1242,3.1564140020029927,3.608472243079444
maib1239,mayb1237,-1.0550779743044152,2.4623220299568924
mayo1264,utoa1244,0.7032269608668638,1.3444671078590409
mayo1261,atla1278,-1.256075604894435,0.7533167678283768
maza1304,afro1255,1.9624522387205896,0.4925197276026907
mbaa1245,atla1278,0.5512443498372503,0.8038064773904239
mban1263,atla1278,-2.1794596836369067,0.7744327574515708
mbar1260,afro1255,2.6912670791044624,0.6779771934466705
mbay1241,cent2225,0.5295635057096018,0.8090334781676081
mber1257,atla1278,0.3870333889586375,0.7756497487604825
mboc1235,atla1278,-0.6733922106895252,0.5356806150267452
mbol1247,atla1278,1.1966934339470043,0.9244761731118968
mbug1242,atla1278,2.34489973242501,0.8102341566593925
mbul1263,aust1307,1.2699361894555643,0.4713745789736023
mbya1239,tupi1275,1.3963893387949995,1.782009149010822
meen1242,surm1244,0.302414181190012,0.9909563029866676
mehe1243,sepi1257,0.2737726935308189,0.7634898998945729
saki1248,tupi1275,3.0675976901728443,1.4127194544836073
meke1243,aust1307,1.172755155166146,0.52695244646916
melo1242,gong1255,-4.747278697753105,1.0413541022134218
melp1238,nucl1709,-0.592999787772045,0.3952060064776308
mend1268,sepi1257,0.2633234462110794,0.7493882525340609
mend1266,mand1469,-3.243662262168462,1.4127367855538164
meng1267,aust1307,2.1178295221013816,0.5691742996403502
meny1245,anga1289,2.2567061164310878,2.132514178399534
mera1242,aust1307,1.8385757044969493,0.5404928813814109
mere1242,aust1307,-1.248349534685722,0.4336718789477451
meri1244,east2503,2.740753554008806,2.792174675450108
meru1245,atla1278,1.7535546377793811,0.856128591047657
mesc1238,atha1245,3.561576540324353,3.4177293370814823
meta1238,atla1278,-3.2687298276567205,0.5570196506816494
meya1236,east1459,1.1858007496871783,2.5337117513599487
mezo1235,otom1299,0.9608324126228504,0.6079062686767109
mezq1235,otom1299,1.5554084479676589,0.99078879313684
mian1256,nucl1709,0.8710437760684602,0.5142001751809993
mich1245,utoa1244,2.9823869792882123,2.0935728069970976
midd1357,pama1250,-2.815546862069559,2.196146241473341
midd1327,aust1307,0.5173426588795399,0.4198555317937096
miga1249,afro1255,-0.6823988282857099,0.9480977499257008
mika1239,musk1252,3.825867172407678,5.260353265308409
mikm1235,algi1248,3.720270382698818,6.096410955526639
mila1245,sino1245,-3.812111880449709,0.969148538518276
mina1276,afro1255,-0.5727744668115844,0.4594582393870308
mina1268,aust1307,-3.0649314136371943,1.46520818945676
mini1256,huit1251,-1.6405830839925684,2.238794242800448
mini1251,aust1307,-0.9273336891400504,0.4745077910636297
minn1241,sino1245,-3.6100013511401694,1.949793056820732
miri1266,jarr1235,3.096890254888505,4.423932370650741
misi1243,aust1307,3.499828845979552,1.2272522063638291
misk1235,misu1242,3.3394147528677256,3.756983707184197
mixt1426,otom1299,-2.147893066784924,0.586107345469177
miya1266,afro1255,-0.4115828481968901,0.5905460248631549
miya1259,japo1237,-3.442082410733749,3.291780078163571
lush1249,sino1245,0.3656422926363041,0.6636209117339931
mlab1235,aust1305,-3.2588371613024574,1.4959962741721071
moba1244,atla1278,-1.677243303633937,0.8900909899951017
moch1257,maya1287,2.773432891322196,1.4026855909621505
moco1246,guai1249,2.46648670270743,3.724151652571312
mode1248,indo1319,-1.5973935772058292,1.7129203749387116
hebr1245,afro1255,2.863540562541341,2.083636627943341
moha1258,iroq1247,3.713228480895759,4.885129249801004
moii1235,west1493,-1.0726637647957815,2.493199360934385
moke1242,aust1307,-3.8111896030092822,2.1127173143030245
moki1238,aust1307,-0.3370591298707972,1.063367298362195
mokl1243,aust1307,-3.903521385814937,1.8745475762663129
mokp1239,atla1278,-0.2315551985275652,0.6326480504815244
moks1248,ural1272,0.3723932687615953,1.460909718591294
molo1266,afro1255,2.352819563720208,0.5062281246908462
nucl1452,momb1255,-0.5434198359909392,2.3062890011073804
fass1245,baib1250,2.161391321761513,3.1470000206768933
mong1338,atla1278,1.939940205606205,1.1055928702328828
mono1273,aust1307,3.4797265598544365,0.7114099153010223
mono1270,atla1278,-2.189755278033121,0.8241242843344434
mono1275,utoa1244,-1.279850266463813,1.2247501059474075
nucl1458,monu1249,1.8260067075362605,2.859509993904343
mopa1243,maya1287,2.964175884311557,1.852076453460544
more1259,utoa1244,2.9734342505539444,1.3724148506960123
mori1269,aust1307,0.4380269946819866,0.6234376783433397
mori1268,aust1307,0.7379741504047435,0.6617042241124178
morm1235,aust1307,1.3282334593178886,0.6687562495173616
mort1237,aust1307,3.137407259118925,1.4556979074279983
mose1249,mose1249,3.0969965784250304,4.35879251811739
temb1272,atla1278,1.2804130812666008,0.6358169515045766
motu1246,aust1307,2.097338038307238,0.650661172711791
mouk1239,aust1307,1.8158455374002933,0.5114080380020134
moun1252,koia1260,3.314313942727221,1.9922242899883955
movi1243,movi1243,3.1469239647160867,4.246697859295644
tang1347,aust1307,-1.5516037513462804,0.3977169066644102
moyo1238,sino1245,-0.6058040149299653,0.4942217470246444
mpad1242,afro1255,-0.4200617785559584,0.7444858114742985
mpii1239,sino1245,-3.189471113473243,1.5720385868762197
mpot1240,atla1278,2.490115535606746,1.207963590179352
mpur1239,mpur1239,-0.948488727073748,2.420015350230216
mual1241,aust1307,-3.121489491922694,1.396395949706534
mudu1242,aust1307,1.918344585261744,0.6299456776561332
mudu1239,drav1251,-2.0979413922903363,1.0065465262866908
mull1237,nort1547,2.895287424250282,3.956868020844951
nucl1240,atla1278,2.1466620954640634,0.6251439998967676
muna1247,aust1307,1.5912501818993945,0.8011410282640963
munc1235,sino1245,0.2362350333442063,0.9784518707143874
mund1328,atla1278,-3.037790341024475,0.5288115879974065
mund1325,atla1278,3.4762832733829674,0.6247212295364655
mund1320,aust1305,1.4847798904311702,1.02732003718328
mund1326,atla1278,-1.2485536188960875,0.8208025091491464
mund1330,tupi1275,2.336365479367122,1.913538694428361
abar1238,atla1278,-3.054414448913868,0.5278763762946017
murl1244,surm1244,0.5729691935313639,1.076470571171768
murr1258,sout2772,3.036607701179172,4.167641355915792
muru1274,huit1251,-1.6160806035828617,2.2499849278156017
muru1266,pama1250,-0.4939655701022865,1.3154485337151058
musg1254,afro1255,2.708312435383024,0.6113491537344053
muso1238,aust1307,0.4966126025447483,0.3665762592991903
muss1246,aust1307,2.049266652050834,0.9268354146157024
muth1236,drav1251,-2.186608099351382,1.2142273488290058
muyu1244,aust1307,3.3391378357975885,1.0680605331984427
mwag1236,afro1255,-1.3737932878770676,0.6166463721024904
mwan1250,mand1469,-3.254909820809776,1.5096469715420555
mwan1247,atla1278,2.381433649596937,1.4849121489100732
mwer1248,atla1278,2.752203552847844,1.2929577841908522
motl1237,aust1307,-2.289400572514574,0.6739317961870714
naas1242,sout2948,3.7821784876666,3.290331840165892
naba1256,nucl1709,0.3098665646060665,0.4125731555898451
sout2857,aust1307,0.3278113245216842,0.3405694155128156
naka1262,aust1307,-0.6072884144960446,0.5461398759851068
nalc1240,nucl1709,-1.9145958552050504,0.5755421856054284
nali1244,aust1307,2.059759132394524,0.569854458217204
litz1237,aust1307,0.7135537746298046,0.2978716253988054
nama1266,more1255,2.812562741911453,2.181251052324262
namb1293,more1255,2.867123487751462,2.192657679939241
nami1256,sepi1257,-1.936720979685872,0.8605054532491128
namu1246,sino1245,-3.291635187928797,1.0608591200890969
nana1257,tung1282,-2.912776787601669,2.667849902302684
nand1266,nilo1247,3.147632856165373,1.8582197602312287
nang1262,aust1307,1.3396176880954094,0.7138569740139626
nara1262,nara1262,-0.6892775220967509,2.4090256208175616
naro1251,aust1307,-3.214809033806005,1.0850597201602667
yong1270,sino1245,-3.407444741133212,1.02370417617567
naru1238,pama1250,-0.5784797759364317,1.7588455916043664
nati1244,aust1307,-2.681263612886923,0.3261756921264762
nati1243,atla1278,-2.108322841198495,0.8032307575417033
natu1246,aust1307,1.3863500863394156,0.7221445577253824
naue1237,aust1307,-2.8268411773311537,0.7782933958122147
naur1243,aust1307,-0.7463669918800098,1.5374751919496177
nava1243,atha1245,2.712418727660804,2.9462444354465385
nawu1242,atla1278,-2.3371477872253084,0.7527106046527106
naxi1245,sino1245,-3.354250414142255,0.9546746525770472
ncan1245,atla1278,-3.2347031925301715,0.5137718738334822
ndam1239,atla1278,2.5888045926577283,1.0281969934188346
nden1248,atla1278,2.7529145602448253,1.1450834360525128
ndob1238,atla1278,1.4732935902271085,0.5787616083127531
ndog1248,atla1278,-1.7600030991156292,1.0570179649552325
ndun1249,atla1278,0.58204897912591,0.6479089431803366
nege1240,aust1307,-0.8683550978620216,1.0592344338754105
negi1245,tung1282,-2.5824623080088087,2.4232878981750527
neha1247,aust1307,2.244771206161112,0.7072415815367759
kuma1276,aust1307,2.7124514266931925,0.771103406963519
nenn1238,more1255,2.780997222571973,2.1835137780689013
nend1239,nucl1709,-0.1115001715808443,0.3610210728871461
neng1238,aust1307,-0.536306019721078,0.7657480991776922
nucl1706,afro1255,2.58732024079912,1.860679008284885
nepa1254,indo1319,-0.7685643582713879,0.771135054744807
nese1235,aust1307,0.9552890864769024,0.3261343104311471
vinm1237,aust1307,0.5338678315484698,0.3016152517171768
ling1265,aust1307,0.5772997612792323,0.2933075603413222
nezp1238,saha1239,1.0941785431489357,2.134650855029883
ngaa1240,pama1250,-2.006426473607868,1.8963488366362269
ngab1239,chib1249,-3.371536579898461,1.439549817580609
ngal1292,gunw1250,3.441683939987304,2.9748607136217693
ngam1268,cent2225,0.8784561115335929,0.787850090427753
ngan1291,ural1272,1.7843196795612166,2.563626046461845
ngan1295,gunw1250,3.311754577401899,2.900181888485264
ngar1235,pama1250,1.96965694800857,1.384770669675509
ngar1283,mirn1241,2.4512905678171286,2.061800166118595
ngas1240,afro1255,1.207444816468037,0.5947606419798674
ngba1284,atla1278,-2.102171308299148,0.8344174141799563
ngba1285,atla1278,-1.9130298328902509,0.6401303790240487
ngge1241,nucl1709,1.332638772430338,0.6727464365401499
ngit1239,cent2225,0.7220130094273496,0.7661702126464753
wang1291,pama1250,-3.223781921316621,1.7697302861295228
ngom1268,atla1278,1.397563718525881,0.6603941896281036
ngul1236,aust1307,0.8781671975936871,1.416111676551946
nhan1238,pama1250,-0.5976704196723279,1.7607244021887247
nhen1239,tupi1275,-0.6462357474532567,1.327200366018772
nias1242,aust1307,-0.8665785473015999,1.1441603729565717
niha1238,niha1238,-1.910420426377276,3.435485612784549
nila1242,atla1278,2.467548430852528,0.9112436821589024
nucl1633,nimb1257,2.3580956459169498,3.362112075460823
labo1244,aust1307,0.2490644175214509,0.32419270080619
nisg1240,tsim1258,2.5597638945195023,4.553195225477712
niua1240,aust1307,-4.048360619985672,3.4076375465458693
niue1239,aust1307,-4.138685754711759,3.6182695061957872
niva1238,mata1289,2.5086934110850603,4.216810164931922
njan1240,atla1278,-2.7053043579098075,0.6155310320371292
nkon1248,atla1278,0.1460691136322403,0.532533541106206
noct1238,sino1245,-3.828452221270752,0.8480790119460231
noku1237,aust1307,-1.367581005826268,0.5584838239282419
noma1260,atla1278,-3.389923318914527,0.5444031324462859
noma1263,araw1281,3.205617366681836,1.8232278057868907
noon1242,atla1278,0.2594010983947368,1.255502732825626
noon1243,atla1278,-0.3926216931646333,0.5074524095190025
nopa1235,otom1299,0.0672069274214017,0.4573021226747826
nort2839,aust1307,-2.584569777289685,0.3766876546236766
nort2697,turk1311,-1.5227502031197426,1.8501133060340624
darg1241,nakh1245,3.4414978883960434,0.8287008798743223
nort2930,kiwa1251,1.7746332542733816,2.490369242494438
nort2724,sino1245,-3.397939012231737,0.9411672304633782
nort2972,choc1280,1.24093951956442,1.5016202602603954
nort2702,drav1251,-1.721839739865426,1.2004283935212516
gumu1244,gumu1250,-1.5128806834666038,2.1231440387651066
nort2938,haid1248,1.7349458985700803,2.4551402024950706
sing1264,sino1245,-3.733630610628541,0.8741913496519107
nort2877,aust1307,-2.682665884704094,0.4964448116025153
nort2684,aust1305,-4.054607387585698,1.7441599109969808
lush1252,sali1255,3.149048327511468,2.829840267136574
nort2774,atla1278,0.524335418215879,0.6614363046983343
nort2954,utoa1244,-0.5901278591372869,1.2637524490884855
nort2957,utoa1244,3.155142990972098,1.3184395549862078
nort2723,sino1245,-3.2223991558106864,1.0228868675612617
nort2747,hmon1336,-4.251443974093832,4.004239459576635
nort2722,sino1245,0.4219641593282471,0.7976692141829389
nort2994,aust1307,-4.477813977399524,2.071715875010512
nort2885,aust1307,-2.2777043095904554,0.7120740100024658
nort2959,utoa1244,3.5213763506290743,1.5453796452791853
tosk1239,indo1319,-1.956478138555036,1.4005202720474037
nort2732,sino1245,-3.908812497189344,2.2950971475971924
nort2690,turk1311,-3.191973986758547,3.3779937329109693
yoku1256,yoku1255,-2.029287830690802,3.5182073647294096
nort2745,yuka1259,-1.1719024816654526,3.404537351298239
nort3047,afro1255,2.425246110922175,0.5083396948841887
nort2980,quec1387,3.2408756003523265,2.644896842212675
nort3139,afro1255,2.7050582354538024,1.9404292696871543
nort2845,aust1307,-3.149739958306406,4.258621815389777
nort2671,ural1272,-2.7741808785689086,2.6477448188318045
nort2942,atha1245,3.483531154547799,4.537061364376427
nort2847,aust1307,1.2946282800668143,0.5573126385000258
nort2961,algi1248,4.019602724594149,4.996980313662016
nort2775,atla1278,-2.03234456826872,0.8912988166447029
nort2951,maid1262,-0.2096926505223284,2.338807263029186
yaki1237,saha1239,0.3063488675523763,1.9874045678287944
nsen1242,atla1278,2.3888576024144728,1.5559975335980756
nuer1246,nilo1247,2.639278470323519,2.0453513118536613
nugu1242,atla1278,-0.4633334074679602,0.4802735690343773
nukn1238,nucl1709,0.7634392401602834,0.4221689499587562
nuku1260,aust1307,-0.409592446434698,1.254169879682589
nung1282,sino1245,-0.1485053909418563,0.7585861425527689
nupe1254,atla1278,-1.3673391543770692,0.8383182345036211
nusu1239,sino1245,-3.3990437408704284,0.8895789754257208
nuuc1236,waka1280,2.746580091999816,3.9131924636922095
nyah1249,aust1305,-4.3195044646447815,1.6948763974469632
nyah1250,aust1305,-3.4805567070193657,1.7225836905644698
nyak1260,atla1278,2.429211362235581,1.0439058442799285
nyal1250,atla1278,2.272087811520491,0.8262178329237013
nyam1285,afro1255,-1.5983635741356117,0.6125557488554261
nyan1307,atla1278,2.5449578580735674,0.9482501829251664
nyat1246,atla1278,2.4048356406084856,0.8893345488676836
nyaw1247,pama1250,-2.46141427042305,1.4749246810102503
nyig1240,nyul1248,3.341754268133767,3.877836518418128
nyis1236,sino1245,-0.8966937508986703,0.7561834966397889
nyor1246,atla1278,2.569101425049697,0.9050233176051474
nzak1246,atla1278,1.7639544852235165,0.7317321900456069
nzak1247,atla1278,0.906939164845368,0.8259511087545306
obok1239,lake1255,-1.575525479029925,2.7660833965734586
obom1235,aust1307,-1.892795922770336,0.6335575450677933
occi1239,indo1319,-1.24458472371131,1.360503576963611
ocot1244,otom1299,0.7807045159930874,0.4501305797073875
oriy1255,indo1319,-0.4990678219465434,1.0668756654653322
ofay1240,nucl1710,1.0389469377129434,1.6197166975311248
kalm1243,mong1349,-2.7912255794257987,3.5782669143405244
okan1243,sali1255,3.346766125381897,2.893011935122477
okin1246,japo1237,-3.389772037983586,3.5872891293890685
okoe1238,atla1278,1.475832748165291,0.6405338194043431
oksa1245,nucl1709,0.6954879772900499,0.5007162973423291
oloo1241,nucl1708,3.6290670574756057,1.8021993654694717
olut1240,mixe1284,3.2443454781037726,3.5066869126716984
omah1247,siou1252,3.499497191912429,4.822420912923992
omie1241,koia1260,3.411542547542928,1.9870189055845195
onge1236,jara1244,-2.7383189253329263,4.570586772770065
bira1253,bira1253,0.6051885129969938,2.2452957625445986
onon1246,iroq1247,3.787128996890065,4.667307186026897
orma1241,afro1255,0.7060989105361006,0.919036368564921
oroc1248,tung1282,-2.713116461263514,2.3892377442640207
oroh1237,aust1307,1.1115991024564478,0.5812138241813578
orok1265,tung1282,-2.2582830992443763,2.7123846029491485
orok1269,nucl1709,0.7886551033089446,0.6224720011485765
orok1267,nucl1580,1.4981919039597806,2.052667492466888
orow1242,aust1307,-0.1361448138113079,0.5545419190791101
orya1242,toro1256,2.4413161362248235,3.4121610210511584
osam1235,atla1278,-0.1095068414424291,0.7860821101020505
otor1240,heib1242,1.8750708995893877,2.339241859113197
otta1242,algi1248,4.244838684232277,4.9757308134966864
owaa1237,aust1307,-0.0048513356467621,0.7713958593596466
paaa1242,afro1255,-0.6183096968124953,0.6521976620962313
paas1238,atla1278,-1.8075347848548635,0.7197719666383318
paco1243,aust1305,-4.296139817901061,1.783853422475728
pagi1243,atla1278,0.7656481111372004,0.6709902026467702
pagu1249,nort2923,0.4817567417061345,0.7453849501640661
pahn1237,hmon1336,-4.544809367956722,3.933060986512105
pait1244,sino1245,0.0704711846925216,0.4857734990064841
paiw1248,aust1307,0.5737735584955104,0.6553641337897496
pala1344,aust1307,3.036039799698419,1.6482624062272606
pali1279,araw1281,1.2186222121037042,2.26325682530282
balu1257,aust1307,1.292579804243092,0.6215882606513468
pamb1243,atla1278,1.469378456333319,0.7932386371050839
pamo1252,aust1307,0.1140530935445046,0.6431207511805361
pamp1243,aust1307,-2.770204626158585,0.7813996689094704
pana1305,utoa1244,-1.3318790513605887,1.215245545592703
pana1307,nucl1710,3.075758087369433,1.886179429605729
enap1235,cari1283,2.984996083645763,3.068007449456495
pang1290,aust1307,-2.6603243862195534,0.646835473097326
pang1291,aust1307,-3.261957201701713,1.0473317698372533
pang1287,atla1278,2.5743743606554794,1.071940089111262
pano1254,pano1259,-5.248599598145617,1.4953677144922644
pany1241,pama1250,-1.7690891657224257,1.378782895559679
papa1238,toto1251,3.4334209212527584,3.1099380637511302
papa1265,aust1307,2.784985636324391,0.6223030628383146
papa1268,aust1307,-3.0848004904540782,0.839007226964199
para1302,sino1245,-3.6477188350506857,0.7588263092246095
pare1272,araw1281,4.133470797264966,2.2400996395579043
pate1247,aust1307,-2.481824730490078,0.4060851617375256
patp1243,aust1307,-0.9258925261785104,0.4977726219364626
patt1248,sino1245,-0.4442326319714422,0.9573657328284372
paul1238,aust1307,0.6982769197409748,0.6826187901205376
paun1241,araw1281,4.786036496879963,1.9439552122628925
pawa1255,pawa1255,-0.5030092577753982,2.152841980550587
pawn1254,cadd1255,3.006220318435901,5.07556207582058
pech1241,chib1249,2.002985452292468,2.150204995357938
peer1241,atla1278,1.4920266224396306,0.6575887866489545
pela1242,sino1245,-3.822138180911698,1.0541179808875114
pele1245,pele1245,2.624462583493191,3.492772371414864
pemo1248,cari1283,3.0008750674000257,2.8989815227530924
pend1242,aust1307,0.2430073851421347,0.7589952932065369
peng1244,drav1251,-1.6626556060111797,1.2059788904044844
peri1253,mong1349,-4.631292898058018,4.399914863432473
phak1238,taik1256,-4.02560275703134,3.445307184296878
phom1236,sino1245,-3.634097591150286,0.7367761064411731
phon1246,aust1305,-4.028223527771688,1.6456248252215566
pila1245,guai1249,2.484756042494639,3.4626614833479
pima1248,utoa1244,0.5391784613485862,1.2187492878872614
pina1252,piaw1238,-1.266794451926058,1.8141442454967809
ping1243,aust1307,-0.3254968709046388,1.050391284392305
pint1250,pama1250,-1.9640484328619523,1.5508467548943194
pipi1250,utoa1244,3.315802553938505,2.3200223933052038
pite1240,ural1272,-2.750142677075467,2.390108951841195
plai1258,algi1248,3.5775032712823727,4.027966572647713
plat1254,aust1307,0.2017056076052996,1.5357308809915915
pnar1238,aust1305,-2.6691243866155525,1.1460856086796376
pohn1238,aust1307,0.1419255643340278,1.1325765749283416
poko1263,nilo1247,2.9278628297445386,1.876882470465148
poli1260,indo1319,-2.905154358092039,2.286244252290179
popt1235,maya1287,2.922141171785667,1.357117211947534
port1285,aust1307,0.3206315867640196,0.3184113991364885
port1283,indo1319,1.2392463372994875,1.7790897540829231
phai1238,aust1305,-3.3700669726437718,1.4588263571779585
pras1239,indo1319,-1.375195287634149,1.5811680707079283
psik1239,afro1255,-0.7294030562377469,0.4518319786852203
puka1242,aust1307,-1.5915089116924666,2.5202156993864264
pula1262,atla1278,1.5811584471605165,1.0781432637864086
pulu1242,aust1307,1.0974881433092976,1.433818680375424
puma1239,sino1245,0.8808807620171766,0.388141410200074
pume1238,pume1238,2.1073156538838846,3.662958746934813
pura1257,pura1257,0.1552052080639525,2.1089423312710416
pure1242,tara1323,3.030566708499107,4.555719917762209
puri1258,sino1245,-0.4690476554785343,1.0635694604130386
puyu1239,aust1307,0.769459019205844,0.5960746075989309
qanj1241,maya1287,2.9269942069782315,1.3934090966098118
qaqe1238,bain1263,-1.1578598495279344,1.960087798969805
qawa1238,kawe1237,-2.2953869506355127,4.960177535545846
qima1242,afro1255,0.093758556260286,0.927033784004042
quer1236,otom1299,1.5908638478056,1.0640654179165772
quio1240,otom1299,0.7883022796892734,0.5116164757099533
rabh1238,sino1245,-3.1715828763023515,0.8216332900754448
rade1240,aust1307,-4.568024515654262,2.022633048772117
raji1240,sino1245,-0.1352149035409349,0.7032773750512735
ramo1244,aust1307,1.944474326965748,0.4741099142006479
rapa1244,aust1307,-2.56749945116498,4.153003352668206
rapo1238,nort2933,-0.3963010110393026,1.511995254783928
rata1244,aust1307,0.2625786729294892,0.9316460755670216
raut1239,sino1245,-0.3851137287323083,0.7084214698074405
rawa1267,nucl1709,0.9944784610537732,0.3675718413994051
reja1241,aust1307,-3.116339005778077,1.2227872599264948
remb1250,aust1307,-1.083945671749103,0.7750906927636745
reng1252,aust1305,-4.327574792828287,1.7840825842517685
renn1242,aust1307,0.4651974095989581,0.9066022754262946
rere1240,aust1307,-2.327058837078118,0.3037681075356708
resi1247,araw1281,1.2849347644758575,1.3124624053367793
reye1240,pano1259,0.5499515980558735,1.2450754103983783
rian1263,kolo1268,-0.5392037642269039,2.292481924776715
rikb1245,nucl1710,3.2085717005618237,2.088767551419857
rita1239,pama1250,1.509419041641787,1.1434598681009156
beka1241,aust1307,-0.6698045167712587,1.2396777681616964
roma1326,indo1319,-1.9075190642965296,1.433164944852658
romb1245,aust1307,-2.4125303916328478,0.8590484447562527
ronn1241,afro1255,1.303397073577914,0.6165619464031913
rong1266,sino1245,-3.5131783958780547,0.5486682996976562
rong1264,sino1245,-0.6600991030914689,0.8395682181266793
roto1249,nort2933,-0.2840792097598512,1.5049563018328875
rotu1241,aust1307,-1.1795733495464265,1.5812991875392548
rovi1238,aust1307,1.5312353917252737,0.6111114142979552
ruch1235,aust1305,-3.3182365913326057,1.3946502218559207
ruka1240,aust1307,0.5261328207624949,0.581407202678534
ruma1248,aust1305,-3.272197119261775,1.41983859123879
rumu1243,tura1263,-2.365373402992124,3.282032607699713
rung1258,maba1274,1.7276645297346578,2.6556235541167537
rung1259,aust1307,-3.2614320194898765,0.9262730601367402
russ1264,mong1349,-1.908037272211045,3.4647612892043806
russ1263,indo1319,-2.80196268708018,2.5962030665699345
saaa1241,aust1307,-2.489438025504339,0.4033442356026206
saaa1240,aust1307,1.153886971742406,0.5831086009447031
saam1283,atla1278,2.503816262586956,0.9952214482007128
saar1237,aust1307,0.252286383519012,0.5556778839380492
saba1267,aust1307,-3.0634612327985637,0.8164732377124224
saba1268,namb1299,1.252467960439723,1.8928486603674344
safw1238,atla1278,2.0563349685978283,0.9952171115293158
saga1262,atla1278,2.593517466505205,0.8573305628178485
sais1237,aust1307,-2.8685046562699803,0.8321405055725855
yaku1245,turk1311,-3.638224191317217,4.791873938330844
tsis1238,atla1278,1.928481633533244,0.9590940738885204
salt1242,nucl1709,-0.1251317517112333,0.3777816648824803
samb1311,atla1278,1.5362706350701023,0.6217436746975658
samo1303,east2433,-0.8111675216862163,1.5942246838003309
samo1305,aust1307,-4.357682467386497,3.017116237430237
sana1295,afro1255,1.127145313167997,1.8180637790048788
sanb1241,otom1299,0.5591796097157125,0.4980286574600434
sanb1242,chib1249,-2.848274256942126,1.4597589067371055
sand1278,huav1256,0.3027849335653674,2.293639204334662
sang1331,atla1278,2.902394886754443,1.6186198046932123
sang1321,sino1245,-3.580745412322601,0.6410392893184014
sang1330,atla1278,2.224508375471141,0.9884734451649192
sani1269,sino1245,-4.360515015251954,1.5012006273814595
sanm1301,otom1299,-1.809291521722983,0.7405935060133846
sanm1289,quec1387,2.640655439630099,2.482025936575392
sanm1295,otom1299,0.251518141590634,0.4328838856008179
sant1410,aust1305,1.1816138610151663,0.9538475383214244
sant1451,otom1299,0.9263335033586504,0.6359992178015812
sant1436,otom1299,0.2023609389613276,0.4632358974881061
sanu1240,yano1268,-3.059014777854725,3.0176367221392573
sapo1253,aust1307,2.459027277149728,0.6126661612157385
sapu1248,aust1305,-4.326218408567389,1.705193290027033
sara1327,aust1307,-2.2596693918605286,0.8892672442037775
sars1236,atha1245,3.7064320389763967,3.6712806182681614
sasa1249,aust1307,2.643003767869379,1.264217616675193
sata1237,aust1307,3.8705122265512135,1.72411478737917
saur1249,drav1251,-1.189827424214288,1.3969028019747824
savo1255,savo1255,2.2491463723833705,3.272304051006344
seda1262,aust1305,-4.319823252384275,1.7933822894894114
taro1264,aust1307,0.2863801067931539,0.6425615266529459
seim1238,aust1307,-1.4712432713879202,0.9540066961422156
seke1241,aust1307,0.4458190924375615,0.4017992527027587
sela1259,aust1307,0.1763440421405336,0.983692068401993
sela1260,aust1307,1.986146420712839,0.8726250578559167
sele1249,atla1278,0.3365023948986052,0.5104790326567592
sele1250,nucl1709,0.7049661217251386,0.4488854721721385
selk1253,ural1272,1.2038779477971069,2.146155676251171
sema1266,aust1305,-1.0439374178336511,0.8401500322056954
sema1265,aust1305,-0.8134756430280374,0.8699609312750294
seme1247,aust1305,-0.343062007149161,0.915457593082385
sene1264,iroq1247,3.867776580894272,4.601117425953754
seng1281,aust1307,-0.7725915968329375,0.5520677777066716
nucl1632,sent1261,2.4042372132122463,3.390604317884767
sout1528,indo1319,-1.9479549316612896,1.465654552558879
seri1257,seri1257,2.464099468434725,4.210574481369633
seve1240,algi1248,3.964972551484639,5.012165993014165
sgaw1245,sino1245,-3.32233846957833,1.5753094500296498
shab1252,shab1252,-1.249431523409141,2.593239466695609
sham1280,atla1278,2.6296064557879912,0.8086762428102467
shan1283,pano1259,-5.027271727207268,1.5392388035369056
shaw1249,algi1248,4.334024640269766,4.971963304279839
shee1238,hmon1336,-4.112655587158608,4.09064761388478
shek1245,dizo1235,0.5920522202677865,1.893384217787016
biao1253,taik1256,-4.4662314711999205,4.030300141471896
shil1265,nilo1247,2.983435731607256,2.1059775016669064
ship1254,pano1259,-4.883387411959745,1.6829433738012476
shix1238,sino1245,-3.2202733783450617,0.9855215650361088
shol1240,drav1251,-2.0994068207433205,1.0006782583960288
shon1251,atla1278,2.4250021898532905,1.5721846179137575
shor1247,turk1311,-3.056326743512224,3.817824966337069
shos1248,utoa1244,-1.0589022914372543,1.460036374597303
shua1257,jiva1245,2.31546569899626,2.153491112891494
shwe1236,aust1305,-3.37819628080096,1.4256501021559895
siam1242,siam1242,-3.4957063143890394,4.25161686946082
siar1238,aust1307,-0.9751087047995456,0.5357855850821149
siaw1243,amto1249,-0.1252019003235032,2.097003067778518
sich1238,sino1245,-3.412473308298022,1.1249357005444214
sici1248,indo1319,-1.0209486878821572,1.430416895226358
sici1249,atla1278,-2.151711986915528,0.8483370247698083
sida1246,afro1255,-0.0116716994276426,0.6846134220549871
siee1239,aust1307,1.3093709974697072,0.5838563850734033
sier1250,otom1299,0.8939574446924952,0.4950034526814981
sier1248,utoa1244,2.768501840096839,1.3643329676053604
sika1261,aust1307,0.1137343059485067,0.8231969570824376
siks1238,algi1248,3.569029694725258,3.653808271389062
siku1242,aust1307,-1.0302804140418411,1.2074739057895396
simb1256,aust1307,1.3875550729909212,0.6906816913547598
sina1266,aust1307,2.263189177494681,0.6420422663226315
sini1242,mand1469,-2.3393398870439865,1.817134713077348
sioo1240,aust1307,1.1798363499942055,0.4305938538343543
siri1274,tuca1253,-2.3367668886929325,2.056621022278444
siri1273,tupi1275,3.139092699650379,1.707104015094112
siro1249,nucl1709,0.93567298093545,0.387624415941044
sile1255,nucl1709,0.251144589623305,0.3551317001456411
sisi1250,aust1307,3.382303985940614,0.6842998243423111
situ1238,sino1245,0.6044673525124342,0.6968562058971219
siwa1245,sout2948,3.6668793496060497,3.288282013804869
siwi1239,afro1255,2.562976214918488,2.392269019129606
siwu1238,atla1278,0.3512113250607975,0.5131124579392132
skol1241,ural1272,-2.651683660619173,2.6935418377410976
slov1268,indo1319,-1.947047175106868,1.549370047097847
sooo1254,aust1305,-4.131805322845373,1.6932166502410713
sobe1238,aust1307,1.8409885870982063,0.8047536077752149
soch1239,otom1299,-2.058622625832621,0.5729437559207735
soga1242,atla1278,2.468572251092179,0.9814741304650028
soni1259,mand1469,-2.220820442273394,1.7546668030744534
sons1242,aust1307,-0.4636358436679133,1.2722681379931764
sora1254,aust1305,0.8555626464745445,0.8120595763167362
koon1244,atla1278,2.101471814930415,1.2941069854211094
sout2859,aust1307,0.3927447848614243,0.3712122344187669
sout2976,utoa1244,3.376648832846696,1.8496303625805943
sout2856,aust1307,0.9680674155463268,0.545791238873214
sout2954,japo1237,-3.386796513806393,3.738019497829538
sout2996,ayma1253,3.2867800967838234,3.908070086662032
sout2730,sino1245,-3.857677174991588,1.1052057246961766
raro1241,aust1307,-3.8989481838757993,4.0703985325886975
sout2741,taik1256,-4.602472067513368,3.7812728931515416
sout2715,sino1245,-2.565418406582514,0.5556296388635289
sout2826,krua1234,-4.011516867239228,5.3116088231530805
sout3236,gumu1250,-1.5182969376785511,2.0963169584125394
sout2956,haid1248,-1.2645051380053716,2.385187576865384
kach1280,sino1245,-3.6733522844848014,0.9823230473586176
sout2949,kiwa1251,2.5759928868321413,2.7314131332430085
sout2994,namb1299,0.7027622209929608,1.8901580403808784
sout2649,indo1319,-1.383991601069364,1.8038090233045116
sout2729,sino1245,-3.3549622127959866,1.002165965857678
sout2728,sino1245,0.1701567903033304,0.7887386964539065
sout2918,aust1307,-3.231094101080036,1.1009751181627525
sout2985,miwo1274,2.3081956778540307,2.9217349582986323
sout2807,atla1278,2.224035308990236,2.1380594592757607
khan1277,sino1245,-3.5991675001919594,0.5916042347047039
sout2679,ural1272,-2.6332866877375576,1.985126041434306
sout2782,atla1278,0.1663132384478669,0.5840310688439914
sout2895,aust1307,0.7079967410181942,0.6687304450585998
sout2674,ural1272,-2.390455722121507,2.7034549884455013
sout2959,atha1245,3.728954684905741,4.54395538432912
para1301,aust1305,-3.584073156274224,1.4082941986838922
sout3261,nakh1245,3.3654436419999745,0.777710830361384
sout2869,aust1307,1.298871790854442,0.5614330304630109
stan1318,afro1255,2.7242612899107588,2.225297934181386
indo1316,aust1307,-0.7722334450180455,1.1493910102623648
stan1306,aust1307,-3.808341869322461,1.1415816848494096
horp1239,sino1245,0.5902894679785431,0.7346048934998031
suab1238,sout3418,1.1146347990003918,2.5064393368779143
suba1238,atla1278,2.6930020302588984,0.9673759086352512
sude1239,aust1307,3.582417869434942,1.4191811796694829
suen1241,nucl1709,0.0417667558030978,0.5556074975644325
suku1259,atla1278,2.471041951193394,1.4071549361393636
suku1261,atla1278,2.5937899316306123,1.0569922084158367
suku1272,afro1255,-0.5125022527124519,0.4648104429104869
sulk1246,sulk1246,0.1052710211192642,2.110664853424317
sumi1235,sino1245,-3.409110883762185,0.6464025150851196
sund1252,aust1307,-1.5925354514960508,1.4844528157347838
mari1426,aust1307,1.1735456515462768,0.5274172936878898
sunw1242,sino1245,0.4829340401371946,0.4119560873473684
supy1237,atla1278,-2.129405919770786,1.0038308097732305
surg1248,ural1272,-0.0123969694399079,1.7348677209264045
surs1246,aust1307,-0.7437724624031123,0.5058158592979662
swah1253,atla1278,2.7331935866436434,1.0916220589858092
swed1254,indo1319,-6.831892679583568,3.0451990091134222
taba1263,nort2923,0.5445538621893513,0.789483304877848
tabo1241,tabo1241,1.9206664131107272,3.03167209910156
taga1272,aust1307,-2.0966635230012467,0.6806544488097916
taga1273,aust1307,-3.036112503280964,0.9158500391996398
taga1270,aust1307,-2.512191789365843,0.8516544189729327
tago1246,rash1249,2.007598932606439,2.487586233825482
tagw1240,atla1278,-2.246356567830899,1.016241715209489
taha1241,afro1255,2.711344507440886,2.4281516545706783
tahi1242,aust1307,-3.6447092546662976,4.141489314184496
taia1239,taia1239,1.76839400179994,2.8422626367837225
tain1253,anga1289,2.336422239980614,2.1891992630817656
taji1246,aust1307,-2.478881794028003,0.7707373702974092
taki1248,aust1307,1.4089497826122657,0.4809861605149166
taku1257,aust1307,-0.5252076902283687,0.868119491877847
binu1244,aust1307,-2.1217943863528648,0.6554131698568497
tali1259,aust1307,1.46709886541586,0.6069579010267248
tama1331,tama1329,-0.9554832062060448,1.777510686977859
malo1243,aust1307,1.3296981765164952,0.3594187328501945
tama1365,afro1255,0.3521520266451423,1.0114663854197763
tamb1254,aust1307,-3.1900030157570485,0.835729517343978
tami1290,aust1307,0.42693136501739,0.4401143027087872
tami1289,drav1251,-2.311967525981884,1.4579241034816466
tane1237,aust1307,0.2441798390496893,0.6362450076163206
tang1377,sino1245,-3.9191071250448366,1.0217250502476851
tang1348,aust1307,-0.8484968985495005,0.6293735165350842
tang1373,sino1245,-3.050157129399796,1.8003001312092426
tara1313,sino1245,-3.405066010303406,0.5050308178974561
tari1256,araw1281,0.5608107197024382,1.011579332602787
tari1263,afro1255,3.146178273969653,2.693705337508451
tata1258,otom1299,-0.0496235289613908,0.4458389875203625
tata1257,aust1307,-3.068376978190004,0.8117849404796331
tata1255,turk1311,-4.128248502709733,2.9471787901120097
taul1251,taul1250,0.0870114423487529,2.097168099040891
taus1253,taus1253,1.217336380359825,2.653190494841972
taus1251,aust1307,-3.2698213730278187,1.0562447845303176
tauy1241,nucl1709,0.5362724149428024,0.3440911368512402
tawa1275,aust1307,3.200285910554169,0.839311772359645
diga1241,sino1245,-0.7829988907805556,0.8380924419817966
taya1257,afro1255,2.4842449492046885,1.9064523502693265
tbol1240,aust1307,-2.398232205086849,0.7618633971958282
tean1237,aust1307,0.2591026788560101,0.6283402048290725
teda1241,saha1256,3.2906662930295933,3.6623504913288345
tedi1235,sino1245,0.192389119987187,0.5286834374041085
tega1236,rash1249,1.9995417958492507,2.48242417891138
tehu1242,chon1288,-2.2615358590811216,4.830931898653502
teiw1235,timo1261,1.6966686202189147,1.250857549004385
tekt1235,maya1287,2.8116166713241912,1.387430290805444
tele1256,nucl1709,0.8246170213034729,0.5234782067255761
tema1239,utoa1244,3.196110088475832,1.4006780388396276
temi1246,aust1305,-1.281923985576224,0.8752020242831797
temo1245,otom1299,1.509426328581002,0.9319422344761428
temp1235,aust1307,-3.2840598087371453,0.8866297782402786
teng1272,aust1307,2.216097213224201,1.216463374069809
tene1248,dogo1299,-2.030094211260725,1.8413488678952827
tenn1246,surm1244,0.8594677868512366,1.2805858940332122
teop1238,aust1307,-0.4138927431005759,0.5911462777068586
tera1251,afro1255,1.674707966501015,0.6302184092866732
tere1278,sout2948,3.737808847196459,3.2975972571146883
tere1279,araw1281,3.038523228454832,2.2061969437141045
teri1250,chib1249,-0.4116518481225311,1.3712865498330604
term1237,aust1307,1.559835022295295,0.9471774158955846
tern1247,nort2923,0.0319776120084909,0.7787153783570702
tete1251,utoa1244,2.9954899093999643,1.352076973619594
tetu1245,aust1307,0.2726447788880553,0.7100723301491509
thad1238,sino1245,-0.0745813303463449,0.4865603500723061
thai1261,taik1256,-4.316318219054919,4.097925359188716
thak1245,sino1245,-3.0139536979501527,0.6912493217423847
than1259,sino1245,0.3638840012922957,0.6327800636524721
thao1240,aust1307,0.4003121580743158,0.6114689049121118
thar1283,atla1278,1.7985262063590577,0.8835361907717783
aheu1239,aust1305,-3.999566920674623,1.6785770537486648
thay1249,pama1250,0.631504943766241,0.9950828928078757
thul1246,sino1245,0.4700550296311054,0.4692113371233102
tibe1272,sino1245,-3.134037371472452,0.9786241542120688
ticu1245,ticu1244,1.0095927941215683,2.590114728434056
tido1248,nort2923,-0.2392597433951457,0.8569803820717183
tief1242,atla1278,-1.8186936489621397,0.7124370801375424
tief1244,atla1278,-1.762740188447744,0.7113008864226256
tien1242,atla1278,1.677100857987552,1.0341105612045087
tiga1245,aust1307,-0.6147679167355806,0.5960865998033746
tigo1236,atla1278,-2.7217589704326257,0.5838246761124175
tika1246,atla1278,0.0731009167147744,0.5730223040923867
tiko1237,aust1307,0.5387690915556141,0.8450680812352207
tilu1238,sino1245,-2.1555482413731277,0.4042600782373782
timn1235,atla1278,0.7166666276512856,0.8891494548040182
timu1262,aust1307,0.0058255350589122,0.7582638344987132
tina1248,aust1307,-2.621733292152954,0.7541606888897476
tira1254,heib1242,1.8792751630645927,2.3429498570946654
maee1241,aust1307,0.8784973077687298,0.3143945572631956
tiri1258,aust1307,-0.53596350901342,0.593487917807245
tiru1241,aust1307,-2.364892337922581,0.6974331060249224
tita1241,aust1307,0.9623310228021292,0.6450158186970683
tiwi1244,tiwi1244,2.465370687530112,3.713483098181692
toab1237,aust1307,1.4604675150922437,0.5655765759833624
toar1246,nucl1580,-1.560765895699179,2.045052909526312
toba1268,leng1261,1.9766538542311385,3.4801877180488363
tobe1252,nort2923,0.4180477034582062,0.7782294250733681
toda1252,drav1251,-5.115795138137508,0.9866330883651404
toho1245,utoa1244,1.3536342881889187,1.3546035163826673
tojo1241,maya1287,2.9040637732852828,1.4375212543579377
toke1240,aust1307,-1.594965062455957,2.5138327155318745
toll1241,jica1245,3.223364890109787,4.81771884966613
tolo1255,aust1307,1.5487710543463165,0.4881687093675495
toma1245,mand1469,0.1728778123980157,1.1025084569377448
tomb1244,aust1307,-3.27376855141017,0.9171066426827572
tomm1242,dogo1299,-2.0247143277310915,1.8336999301727663
tond1249,song1307,-3.5711690769146136,3.04009750726037
tong1325,aust1307,-3.720157449514651,3.92846983212677
tong1318,atla1278,2.9015333269565056,1.5896081518957192
toor1238,atla1278,2.615909070812064,0.8736960136792931
tora1259,aust1307,0.1768291660184175,0.6022312171479349
tote1238,atla1278,3.194612522613763,1.6108991101067538
toto1302,sino1245,-2.863126989944518,0.7279824784677302
touo1238,touo1238,2.1642077363899506,3.2447450156723185
trin1274,araw1281,4.798884800575583,1.975098945189384
trio1238,cari1283,3.44252300297184,2.976399868677976
trum1247,trum1247,0.99243279468147,2.6968904270297607
colo1256,barb1265,-2.557946828605448,2.07826110335899
tsam1247,afro1255,-0.4397836156444876,0.6604347212689756
tsat1238,aust1307,-4.398428760504052,2.2693565943378458
dido1241,nakh1245,0.6723857893758827,0.5870877331629369
tsha1245,sino1245,-3.3735865789601416,0.8569539011276639
tsix1234,khoe1240,-2.123351970760014,2.9374353655130605
tsog1243,atla1278,-2.8417058792104752,1.141238009765999
tson1249,atla1278,-2.13752742045183,1.5001548911188358
tsou1248,aust1307,0.3887719597497484,0.5589359818265613
tswa1255,atla1278,0.5422550325871063,1.4085073287885417
tswa1253,atla1278,2.798008242447698,1.7568425293206469
tuba1278,utoa1244,1.7184338550070448,1.2590731937678203
tuge1241,nilo1247,3.1014760388467306,1.8662152331189947
tugu1245,aust1307,-0.1896537918807421,0.6918441824392207
tuka1248,aust1307,1.244745583812582,0.8452776021178288
tuki1240,atla1278,-0.2561205762828802,0.532769660405453
tula1252,atla1278,0.0844943300558687,0.5515720748780755
tulu1258,drav1251,-2.108860792287631,1.145800712866766
tuml1238,aust1307,1.1390445043043422,0.6174247879874741
tumu1242,atla1278,1.0057800835128798,0.7259156013873262
nene1249,ural1272,0.968617503363042,1.943213948213732
tune1261,atla1278,-3.4138929423497486,0.5624979628115341
tung1290,aust1307,-0.8419405481981985,0.6813279591899413
tunn1238,afro1255,-0.0607202618022943,1.2179405243281192
turk1308,nilo1247,2.0401051409825035,1.788143867200338
turk1303,turk1311,-1.381171636763224,2.082917699099161
nucl1301,turk1311,-2.261067100770875,2.7285959385831813
turk1304,turk1311,-2.521467831556427,3.0050035107888657
tusc1257,iroq1247,3.860960100570205,4.692373771479673
tutu1241,aust1307,1.294077218047524,0.3653872326173975
tuva1244,aust1307,-1.330233145760676,1.946795833851924
tuvi1240,turk1311,-3.296125643629404,3.968412859508849
tuwa1243,aust1307,0.5972820442944606,0.4362410938673449
tuwu1238,atla1278,0.0997014099327819,0.5233413776703966
uuuu1243,aust1305,-3.959132050180232,1.4537282352271923
ubir1237,aust1307,2.4386804707569243,0.6743280176498754
udii1243,nakh1245,3.0128125236890955,0.8301721272676872
udih1248,tung1282,-2.7786494573523743,2.7143966023877466
uduk1239,koma1264,1.5191605220858504,2.0542908465658485
ughe1237,aust1307,1.5784591115915,0.6438881856792893
ugon1239,sino1245,-3.892024678973269,2.0547764988341672
ukaa1243,atla1278,-1.3901351410369511,0.6574129104333757
ukra1253,indo1319,-2.5310158041819,2.52063266998876
ulch1241,tung1282,-2.4250568208257963,2.2793851868329438
ulit1238,aust1307,1.177976585191742,1.5502477913119872
ulwa1239,misu1242,2.724812571915032,3.6367937717166026
yaul1241,kera1258,0.1463465321430428,1.9177249051826788
umaa1242,aust1307,0.6302566238145426,0.6831020264295944
uman1240,daga1274,3.142330207181389,3.50386718689629
umbu1257,atla1278,2.9097537977668497,2.3994789324290284
umbu1258,nucl1709,-0.5949623171510117,0.4286011219101553
umes1235,ural1272,-2.804577705758452,2.369477297189042
unaa1239,nucl1709,0.8313222168940512,0.5405513691051382
unua1237,aust1307,0.6012042460481309,0.2999450193348973
uppe1427,aust1307,-3.105743847797,0.8621121601627681
uppe1275,toto1251,3.393948450842992,3.04029507334918
urak1238,aust1307,-4.2115483465930925,1.7573947069536864
urar1246,urar1246,-0.8189727937687123,2.43446290462139
urav1235,aust1307,1.319783059529352,0.6047579066480537
urim1252,nucl1708,0.4871568786543694,1.620586939955711
urip1239,aust1307,0.7780792996410515,0.3055820253655934
urni1239,giim1238,2.980620723648423,4.067134914142015
usan1239,nucl1709,0.620746070671748,0.3686778172880895
utes1238,utoa1244,2.1900476721562456,1.898133440329314
pile1238,aust1307,-1.6775532534665647,0.8018773514601722
veps1250,ural1272,-2.2006910750538125,2.061480618145369
vera1241,aust1307,-2.048667842363445,0.6360685364590601
viem1243,atla1278,0.8939939287987948,0.7008636028446116
viet1252,aust1305,-4.1735786887613004,1.8452020076002391
voti1245,ural1272,-2.767772465184282,1.8820228416463145
vunj1238,atla1278,2.593573780184057,0.8191961318393837
vure1239,aust1307,-2.1778878061111064,0.6278536500616436
vwan1235,atla1278,2.4030091770459263,0.9829980850128416
wadj1254,wadj1254,2.6626476133033465,3.800576948901045
wage1238,wage1238,3.016693617569445,4.08217694456277
waig1244,aust1307,-0.4609362130692822,0.8229826693003339
waim1251,aust1307,1.4529986553636711,0.5720092391745766
waim1252,aust1307,-2.848653542813905,0.7466358462324632
waim1253,cari1283,2.6145526804285546,2.731150085153822
waiw1244,cari1283,3.0064894355402463,2.657243951583891
waja1259,atla1278,0.0440678965451222,0.5528592349822254
waka1274,pama1250,-2.751922808226279,2.0978334615178387
wala1266,aust1307,1.4989859436147874,0.5295053837723103
wamb1258,mirn1241,-0.9744216149385536,1.9727352091111845
wamb1259,nucl1709,0.2113880345163644,0.5414953487569534
wamb1257,sino1245,0.8161034034670944,0.4010020048364424
wann1242,mand1469,-3.254485314609963,1.5127455180258398
wand1278,afro1255,2.445625586908915,0.5416420695134558
wand1267,aust1307,0.1438734963905994,0.6275679524905087
wanm1242,pama1250,1.6145795525669344,1.580729611902843
saka1289,aust1307,1.2840261607551662,0.4662755985339437
waor1240,waor1240,-0.943041081226316,2.499868287727531
wapi1253,araw1281,3.3310279534085043,2.2629062082960383
wara1303,wara1303,2.5220272383682563,4.52382776792927
wara1300,aust1307,1.1086383619418114,0.9012162799842364
ward1246,yang1287,3.021868591453888,4.196020736896237
ware1255,araw1281,1.7591406648985142,1.092456534850207
ware1253,aust1307,1.597602259875827,0.7742675052348709
wari1268,chap1271,-1.4731198234701188,2.887057905158533
warj1242,aust1305,-2.6532628608387645,1.184809797686018
warl1254,pama1250,1.645500677838268,1.4250465074625025
warl1256,pama1250,-2.578196554015764,1.6135145930694463
waro1242,aust1307,1.515924042143715,0.7022752567682282
warr1255,pama1250,-2.4468981088452693,1.4308205227416089
waru1265,pama1250,1.2046404425124375,1.266968518876098
wash1253,wash1253,2.165750354087971,3.5385484323277936
wask1241,nucl1709,0.7517486936736903,0.4754418200879549
waur1244,araw1281,4.348649242475213,2.3273673080145514
wawa1246,atla1278,-2.434681668839676,0.6530522970848622
waya1269,cari1283,3.533951958002284,3.096888944017204
wayu1241,sino1245,0.7592015785970833,0.4074472673915785
wayu1243,araw1281,4.354421495398946,2.6723574737092117
weda1241,aust1307,3.0445904888742783,0.7485634686135434
wels1247,indo1319,-1.853403720208564,1.709807956721983
nort2864,aust1307,0.6950993923013784,0.6504343862359914
weri1253,kuni1270,2.316669225555404,1.9187969268503384
west2564,aust1307,-3.10474625117556,0.9962844523144874
west2560,aust1307,-3.1894563507245017,0.8621676906640552
west2548,aust1307,-0.2005275529199017,0.7943147202789067
west2615,atha1245,2.753772217192852,2.919883300150122
west2441,pama1250,-2.1345608311384754,1.5204322943355797
west2397,aust1305,-4.109317035462965,1.6889112113964195
west2555,aust1307,-2.0906989289491547,0.6287419134250918
west2618,eski1264,2.705280963372296,4.856190716618039
west2650,aust1307,-4.458736300369272,2.116984482245643
west2594,nucl1709,1.2715884350965323,0.7167306448105126
west2778,utoa1244,3.501530865833253,1.8802724547992788
west2369,indo1319,0.4938248956524715,1.5790226981430209
west2519,aust1307,0.3026199340351083,1.2693196187745883
west2354,indo1319,-2.446968849739451,1.99968197146117
west2644,otom1299,-0.0053583154740919,0.4324611332332519
west2624,utoa1244,2.9300839239009004,1.4626190212859154
west2466,atla1278,-1.9629779832032104,0.7549107632047924
west2632,kere1287,2.2995036537278724,3.913233820491893
west2396,aust1305,-3.2312711716124984,1.3968710007942209
west2418,sino1245,-0.1231921132535194,0.630357119311526
west2392,ural1272,-0.9077699687509906,1.3169669657332452
west2763,afro1255,2.7860918080124524,1.9603581345825072
west2557,aust1307,-0.2097167071579431,0.7660169282886322
west2415,sino1245,-2.5562309077999714,0.5379394996978668
sanj1284,otom1299,0.9082638558038508,0.4660218064181691
west2430,hmon1336,-4.009960601329665,4.142764172598712
west2599,nucl1709,-0.2065211323876354,0.4777082915687813
west2600,nort2923,-0.1457084787944136,0.7698873664343644
saka1291,aust1307,-0.6322922811523288,1.4474444379827034
west2516,aust1307,-0.7812014678848935,0.6025540049868283
whit1269,aust1307,1.184089871973124,0.5702855738915531
wikm1247,pama1250,0.4021013768149235,0.979096689820354
wiru1244,wiru1244,-0.833900859276943,2.2668131307852253
babi1235,atha1245,3.466349207199706,3.620798398461044
woii1237,aust1307,0.9148145303195964,0.702451979178587
wola1253,afro1255,0.1869022199081875,0.7173181900908148
wola1242,gong1255,-2.0356517858738234,1.015842485839233
wole1240,aust1307,1.1127872854344227,1.5318930133669468
woli1241,aust1307,1.5332427192482176,0.8052665114638202
nucl1347,atla1278,2.8633130064006918,1.4232360772276706
wood1236,algi1248,3.847230200757536,4.934751718582913
wotu1240,aust1307,0.7342158079959265,0.6434297026522877
woun1238,choc1280,1.4218938718690688,1.7085555828919077
wuch1236,sino1245,-3.757234524527825,2.7393152734838484
wudi1238,sino1245,-4.081241331137109,1.3243190958042632
wuna1249,worr1236,3.038014793914722,3.8277961905064064
wusa1235,sino1245,-4.047934652734892,1.3002320636032252
wutu1241,sino1245,-2.91706064575488,1.6000009246987776
wuvu1239,aust1307,1.6072785909092944,0.8730446323790471
xamt1239,afro1255,0.1213036901310946,0.8459894817475391
xara1244,aust1307,-0.4138844877869632,0.5612300062589508
xhos1239,atla1278,2.362586199669238,2.482704158981999
xish1235,sino1245,-4.0418138319401695,1.1697887388848685
xokl1240,nucl1710,-0.5182876467277471,1.6293777709340065
yaak1241,afro1255,0.900508018224409,0.8358225680684246
yabe1254,aust1307,0.372536050702495,0.4336461616252407
yaey1239,japo1237,-3.534211345866594,3.105821870359275
yaga1260,nucl1709,0.4503618154689891,0.3749528316330046
yagu1244,peba1241,1.0306033762840845,2.544567034580885
yaka1272,atla1278,-2.2635302388456497,0.8740863480818817
yaka1277,aust1307,-0.3651681991914874,0.8245537541245316
yaka1269,atla1278,2.429302616091373,1.3704714328425691
yakk1236,sino1245,0.2000028089988064,0.5053493299021667
yako1252,atla1278,-2.301475506359877,0.751069719414664
yale1246,yale1246,2.124651104591462,3.088125545476068
yami1254,aust1307,-2.3735362654137253,0.7935290485906137
yami1256,pano1259,-1.882090001490736,1.2370704625241764
yamp1242,sino1245,0.6574635905110663,0.4398462981095257
yand1253,pama1250,-2.7760887290960143,1.6134301423371422
yane1238,araw1281,3.030133899533673,1.8603715265651248
yano1261,yano1268,-1.12411372483973,2.4887215057069803
yany1243,pama1250,1.4228932479891077,1.1951374289207646
yaoo1241,atla1278,2.306025124011965,1.3920230047805084
yaou1238,mand1469,-3.40406809985834,1.631070409744046
yape1248,aust1307,3.907035330936536,1.582807362585287
yaqu1251,utoa1244,2.482810216065963,1.4397747767841746
yare1248,yare1250,2.622559110047433,3.51377444352873
yatz1235,otom1299,1.0677191281190277,0.5255591014185477
yaum1237,nucl1709,0.8020712455804354,0.406349741649862
nucl1454,yawa1259,1.9679148216916629,3.0823604607670063
yawu1244,nyul1248,3.332052235048601,3.850924595409327
yecu1235,toto1251,3.431048757019654,3.1437845899968693
yele1255,yele1255,3.900538199347676,4.848543999266664
yems1235,gong1255,-1.8060219323824485,1.1159779250156312
yapu1240,nucl1708,3.4834325586516104,1.7300938028383417
yess1239,sepi1257,-2.52138989412787,0.8141530588678734
yeyi1239,atla1278,3.151892296792368,1.6391497645665414
yidi1250,pama1250,-2.3933750480786165,1.3324473095034044
yima1243,lowe1423,1.539506153987606,2.6681621650224763
yinc1238,aust1305,-3.1135317504652047,1.3898234636664313
yind1247,pama1250,-1.8235920944058133,1.3118633235173185
yine1238,araw1281,2.9799628450818965,1.7268785046870718
yoga1237,aust1307,0.7976448711289605,0.4932830108272839
yona1241,japo1237,-3.6156297165497953,3.035891632377604
yong1276,taik1256,-4.681870343407011,3.79152993306249
yong1280,nucl1709,0.4060605841659833,0.6269636395213123
yora1241,pano1259,-1.3893793102749994,1.244066463898971
youl1235,sino1245,-4.2943678903142,1.2145789416725812
youn1235,hmon1336,-4.343601308398524,4.002730299820717
yuca1254,maya1287,3.091548795288072,2.299639124671033
yuch1247,yuch1247,3.549685289102995,6.037398456619836
yuec1235,sino1245,-4.2057535793042575,2.352208839770574
yulp1239,pama1250,1.6690076237873583,1.5656634710560802
yulu1243,cent2225,-0.533622716310441,1.1034180141619476
yuqu1240,tupi1275,3.140621774854202,1.8829627608204296
yura1255,yura1255,3.277150049495313,4.582292125896451
gami1243,pama1250,-3.091491606936074,1.959940941277945
zaba1237,aust1307,1.3407554658412737,0.6527167972229826
zaca1242,otom1299,-0.0067584174257788,0.4650952809921271
zaca1241,utoa1244,3.098329879008988,1.3192426703392304
zaiw1241,sino1245,-3.952690736846381,1.0807085413210569
zamb1245,atla1278,1.4425715738983151,0.5847090861635067
zand1248,atla1278,1.4839042305864425,0.8830070372781513
zani1235,otom1299,0.3409038203982462,0.4146923329435008
zapa1253,zapa1251,-3.7143519318018168,2.982883965361645
zarm1239,song1307,-3.1942468884061004,3.4333313730396497
zays1235,gong1255,-2.1553127986379024,1.025186510444529
zeme1240,sino1245,-3.5406063887750703,0.5823685409821273
zenz1235,otom1299,0.070528532878709,0.4158618417769375
zhab1238,sino1245,-2.635911453121234,0.93424437926787
zigu1244,atla1278,-0.438135659969066,0.8264355886771302
nort2795,atla1278,2.532922411100944,1.546322505793519
zinz1238,atla1278,2.520460263997592,1.0720248160064827
zoog1238,otom1299,1.047098489226405,0.5122396162048197
zulg1242,afro1255,2.255760003843789,0.487888693415103
zuni1245,zuni1245,2.101560427333067,3.6452106352900335
