Glottocode,Family_ID,GPGLMM_Latent_Mean,GPGLMM_Latent_Variance
abad1241,aust1307,0.8846059229353305,0.7618668357390348
abau1245,sepi1257,-1.9062510516189528,1.3786221067145004
abee1242,atla1278,-0.0457684751303535,1.3768511020978824
abkh1244,abkh1242,1.596324879895624,3.331347533155048
abua1245,nucl1708,0.8155415020125893,0.9740341075289384
abui1241,timo1261,-2.768786819985991,2.9154660872882143
abun1252,abun1252,-1.7129674941871111,4.486159599637153
achi1257,aust1307,-0.0237366310382096,1.197242078856574
acha1250,araw1281,2.0133980988407405,2.449284660965743
ache1246,tupi1275,-1.6498040317313558,2.3701684103094074
ache1245,narr1279,-0.1706622566694062,1.6397790826658785
achi1256,maya1287,0.9069891821694852,1.050985077459364
achu1248,jiva1245,-3.3333438769313988,5.25251592264371
acol1236,nilo1247,-0.4797769646658452,1.313602829819814
adan1251,timo1261,-2.7825769469178327,2.919296280381161
adny1235,pama1250,-5.401351399944002,5.467932990297829
adon1237,aust1307,0.2674788495022113,0.7272063128345714
adze1240,aust1307,0.9612695222239402,0.6885745716045335
aeky1238,kamu1264,-3.2774906037964224,6.815050367048169
afar1241,afro1255,-3.6768949011801233,3.36394430247668
aghe1239,atla1278,-1.4458368604351546,0.5753637631919535
aghu1255,nucl1709,-6.8152352294930685,2.548735716936335
agob1244,paho1240,-2.6340254335405326,4.693053530785443
agua1253,jiva1245,-3.473001581404782,5.626872240031345
agus1235,aust1307,-2.254815463927673,1.2134501058412557
agut1237,aust1307,-3.803679878506885,2.1629387422329263
ahin1234,aust1307,-0.5111086921397046,0.7694164699072363
aika1237,aika1237,-3.969264711107788,9.051350313648904
aime1238,bosa1245,-3.6115246168264954,6.644669933134086
musa1266,nucl1709,-5.195725743087741,1.2522649954948566
aito1238,taik1256,-5.19691566399257,9.455283627659613
ayiw1239,aust1307,-1.5053396916158457,1.0925664223870477
ajab1235,atla1278,-0.3362488200323894,0.850428484424846
ajas1235,kres1240,-4.216716831265935,8.771152559049776
ajie1238,aust1307,-2.056264322697444,1.000904507546311
akan1250,atla1278,2.9694930445659966,1.4786827936149436
west2635,maya1287,0.232280149351002,0.721298630515097
akei1237,aust1307,0.06132828557178,0.5329665826244625
akha1245,sino1245,-5.261596863810947,2.672588111825661
akoo1248,atla1278,0.2291240250986055,0.7205357913773476
akun1241,tupi1275,-0.0981546698619,1.3019381968451178
alab1254,afro1255,-3.231042364789897,1.8916739195345915
alab1237,musk1252,-2.914568612906051,5.335005440750779
alac1244,otom1299,-5.533886364904214,4.7105993460187605
alag1248,afro1255,-0.3250679215273471,1.2201025641080037
alam1246,sepi1257,-1.6031939425302717,1.3734080556566983
aleu1260,eski1264,-4.287952565196892,10.47184810669316
alor1247,aust1307,-0.4102085617765492,0.7935133306829538
aluk1238,drav1251,-5.853113656734218,8.31716519654772
alya1239,pama1250,-4.365538620112104,3.731512097407189
amah1246,pano1259,-3.5623236035120103,2.2491318899328405
amam1246,kuni1270,0.3230893057636728,1.2240234141121018
amap1240,left1242,-2.6038419678282163,6.138632420997302
amar1272,aust1307,1.8914955726594729,0.7458742930084714
amar1274,hara1260,-2.074878903692497,5.391715149714766
amas1236,nyim1244,-3.033552067233124,7.596271972066674
ambu1247,nduu1242,-2.880422437712303,3.848588725147272
amdo1237,sino1245,-4.849015325707651,3.78477024192518
amha1245,afro1255,-3.5469074877478923,2.6849155631246
amii1238,west2434,0.2409269374709159,1.6251907198866975
hoaa1235,kxaa1236,-2.615447293948974,6.7788600801770045
amri1238,sino1245,-3.764536567394486,1.524728228605662
gily1242,nivk1234,-2.671435251038308,7.619095551580148
anei1239,aust1307,-0.721440267560769,0.9679658517892236
anem1249,anem1249,1.2702555049077588,3.688896372790449
anfi1235,gong1255,-3.1973205089824592,2.3692186956542507
anga1290,anga1289,-3.512820562923583,3.560169183638566
anga1288,sino1245,-2.329028361157106,0.7192732339062466
ango1257,chib1249,-5.193734474672872,5.258440005814721
anin1240,gunw1250,3.0267961957708818,5.553121504769722
wara1294,more1255,-3.1380247460319475,3.664004793231156
anuf1239,atla1278,-1.4769314097627335,1.2296602482481536
anuu1241,sino1245,-2.519800851330966,1.3174720117876415
anut1237,aust1307,-1.0429029552191111,1.4901408884392264
aona1235,sino1245,-3.0256243924540804,0.9182367625663748
aoua1234,taik1256,-6.815297209249002,10.811506075275105
apat1240,sino1245,-3.735289139253257,1.3913021784343886
apin1244,nucl1710,1.3029384324815705,2.111967830099685
apma1240,aust1307,-0.1300646041438469,0.4533710989330419
apma1241,kera1258,-3.4817796835107764,3.4586942064780217
apur1254,araw1281,2.8992494017022983,2.5966207933334537
arak1252,aust1307,-0.180387948475166,0.4350431012356868
aram1253,more1255,-3.0863656783560582,3.7398838796638634
arao1248,pano1259,-4.112948600807494,2.855804877974167
arap1274,algi1248,-5.012401970342497,5.340798541350532
araw1273,tupi1275,0.3922044965159728,2.040414329280459
arbo1245,afro1255,-3.111102141590932,1.6186745670766278
arch1244,nakh1245,-0.9647208475848754,0.8308578938406175
aree1239,aust1307,1.5708096694837297,0.6637180095949233
area1240,aust1307,-2.5876846177090305,1.0359792166974575
argo1244,afro1255,-3.460733479656433,2.7003012946296376
arhu1242,chib1249,-4.211320106453627,5.288348632188521
arig1246,atla1278,-0.9836842396041464,0.7756928756997592
arik1265,nucl1710,-1.6361066027300912,1.7400906816350172
arom1237,indo1319,-4.721153548931398,5.038351668503463
arop1243,aust1307,2.0094207826038053,0.8662898784147455
arop1242,aust1307,1.233780475559552,0.9060552456429942
aros1241,aust1307,-2.336849164205709,1.2243247873225247
arta1239,aust1307,-2.4139088832745426,0.8582803856052159
asha1243,araw1281,1.7020645462675636,1.5272502440892062
ashe1272,araw1281,2.120765786922618,1.7558690809162236
asoa1238,cent2225,1.4468859352955654,1.1753318568446005
assi1247,siou1252,-1.4674745141303365,2.639453051775982
asur1254,aust1305,-3.954740482995555,3.3057761800740355
asut1235,atla1278,1.5614638170362194,1.0423267131762142
atam1240,aust1307,0.3211007517881756,0.91478596823913
atay1247,aust1307,-2.85147082731489,1.636959998853591
athp1241,sino1245,-2.868844115964795,1.7813357631415023
atii1237,aust1307,-3.065984731983621,1.4955362998861157
aton1241,sino1245,-3.841665492748025,1.7130188276162226
auuu1241,nucl1708,0.4202781617515612,0.9571897348210072
aulu1238,aust1307,0.5317586715233311,0.3621259992125889
auye1238,nucl1709,-2.447020643182702,1.832386249269538
avac1239,tupi1275,2.8595720227189854,3.355716078793712
avat1244,atla1278,1.0808421410336866,0.7478922628068769
katb1237,aust1307,0.5951741939883348,0.345477248086361
avok1242,cent2225,0.0654681818995897,0.8600347515314422
awac1239,barb1265,-3.4369059516376423,6.250155865654488
awad1244,aust1307,1.6826334231343705,0.773930689704363
awad1243,indo1319,-6.132944240260386,5.089806221711582
awap1236,nucl1709,-6.016729854728586,1.377671169611487
awar1249,ramu1234,-1.880974469610834,4.665027976716521
awar1248,nucl1709,-3.08772743289503,1.174123636512677
awet1244,tupi1275,2.7122745857911563,2.1688592685710457
awji1241,afro1255,-4.274492682889956,4.811532622357836
awtu1239,sepi1257,-1.3136542625862853,1.1282419096778522
axam1237,aust1307,0.6122017822949175,0.3703890968749999
axiy1235,sino1245,-5.423686057570808,3.16720218000904
ayac1239,quec1387,-4.84615237243388,6.334633946864498
azha1235,sino1245,-5.460414724763595,3.2529640833472016
baba1264,atla1278,-1.5399938203428816,0.5789088682903909
baba1266,atla1278,-1.4281128569281931,0.5801190002576604
baba1268,aust1307,-1.8861188175745096,0.9744831313804064
bada1257,drav1251,-5.85095561140376,8.336667636433564
bafi1243,atla1278,-0.0866170414422127,0.6102197820064266
bafu1246,atla1278,-1.394216769821361,0.5747593226686796
baga1273,atla1278,-0.4161296618348564,1.0257557460123738
baga1272,atla1278,2.2137099652385936,1.070809582202699
bagi1246,cent2225,2.535510311255803,1.3841296768956075
bagv1239,nakh1245,-1.637678282036089,0.7499689405968439
baha1259,afro1255,-3.138763283703982,4.465516601211956
bahi1252,sino1245,-5.438626260800013,2.0259136734234837
bahn1262,aust1305,-4.385599061539124,2.62645778918988
baim1244,sino1245,-4.994743210185787,3.5993407734977403
baka1272,atla1278,0.0099819114818524,1.016251026923575
baka1274,cent2225,-0.1285958774700102,0.9196616291129676
baki1244,aust1307,0.5026030769025658,0.4649363660379588
bala1316,aust1307,-0.8324029651061982,0.9203396144940168
bala1311,aust1307,-3.632496810770857,1.9279805801506988
bala1315,aust1307,-0.6736239830989077,1.2663141928492312
bali1278,aust1307,-2.4214316933790854,2.146510429906007
liki1240,atla1278,2.433981641172009,0.9060658398799272
bamb1270,aust1307,1.1147918487216728,1.226429038470565
bamb1269,mand1469,-5.621461202366756,5.806841735325609
bamu1253,atla1278,-1.0846515028899448,0.6674459989251051
bamw1238,atla1278,2.195553771088247,0.8531678958192153
band1344,atla1278,-1.7931935425459322,1.474136848132689
band1340,atla1278,-0.152084050758527,0.8051965000395818
bang1363,bang1363,-4.176956839663197,10.083586450987356
bang1369,sino1245,-4.084643015729446,1.8198120124322017
guar1293,araw1281,3.439690513771531,1.9674724756514603
bani1255,araw1281,3.301846399099966,2.072169687708353
bann1247,aust1307,-1.304476877936295,0.8525211340995273
bant1281,sino1245,-5.315501759024192,1.8169307503803616
bant1288,aust1307,-3.047879514653637,1.49291523606313
bara1357,sino1245,-5.321963834244111,2.6932485406732294
nucl1630,koia1260,-3.3883181188030687,3.5752304764040623
bara1369,aust1307,-1.804672752621971,2.7343426743122574
bara1361,atla1278,-1.2954985837375648,1.04788921477029
bara1370,aust1307,-3.312990625565148,1.8041632892826147
bard1255,nyul1248,0.7365189904041598,1.829014573845022
bare1276,araw1281,3.3656081282910195,2.0064036539748145
barg1252,nucl1709,-2.3736383008557635,1.1668408244354147
bari1286,aust1307,1.8135814023714945,0.7503857390761386
baro1253,aust1307,-1.2551202232115513,0.7041574593068205
basa1282,atla1278,-0.7402704070679804,0.8476980036235684
bash1264,turk1311,-5.141634170301495,10.104187763253488
basq1248,basq1248,-2.3963747905299977,6.660448888582261
bata1293,aust1307,-0.6298299226406403,1.1494645892085895
bata1289,aust1307,-0.7605341524766427,1.209420738467136
bats1242,nakh1245,-4.155961766340578,1.1979404981139083
baur1253,araw1281,1.6711234586820547,1.4859647809368877
bauz1241,geel1240,-1.995541108821264,4.957295686345878
bayb1234,aust1307,0.6168690496571956,1.1133372521203435
bebe1248,atla1278,-0.4871049534871376,0.95850841795799
beel1236,afro1255,-3.33479672760297,1.057496591870578
beem1239,atla1278,3.680894131376685,2.32030553538344
beja1238,afro1255,-3.5262150671726387,3.3993539310627305
bekw1241,atla1278,-0.2775562856988136,0.7910055618254574
bekw1242,atla1278,-0.3432260234294868,1.0713914848025574
bela1256,nilo1247,-1.8600536146573117,1.868744698922404
bela1254,indo1319,-4.532216950113676,5.452680854902395
nyal1254,aust1307,-0.2423969175693043,1.1688561830249729
belh1239,sino1245,-2.9120073237221296,1.7664279606808844
beli1257,cent2225,0.738435023709858,1.0832889128904275
bell1243,sali1255,-4.64663279819473,6.062926489537757
bemb1257,atla1278,4.251650944138252,3.05650623740436
bena1262,atla1278,3.943273245929225,2.0610596137270303
benc1235,gong1255,-3.195891517370129,1.8737854187986365
bent1238,dogo1299,-4.454501079591926,7.884921166150654
zagh1240,saha1256,-2.636254595964161,4.96195931131961
bert1248,bert1248,-2.873026570772708,7.033689825718953
bezh1248,nakh1245,-1.7416154778022683,0.8005191116264072
bhoj1244,indo1319,-6.254088362901746,4.667439792054276
biaf1240,atla1278,-0.508829169098401,1.0341346195971113
biak1248,aust1307,2.09698614662649,1.4395528299372682
bian1252,kuni1270,0.9666629586860114,1.3781947305419742
biao1254,hmon1336,-6.317080969536865,11.460476499808612
biao1256,hmon1336,-6.123892247734159,11.329347655474688
biat1246,aust1307,-3.019428154311772,2.183657736162097
bier1244,aust1307,0.3654737235404592,0.4511278195928145
bign1238,aust1307,0.3116526482992006,0.3701718924984121
biha1246,aust1307,-4.0671763715848686,2.642254161641912
bila1255,atla1278,2.382872776484679,1.2772967417470635
bilb1241,aust1307,1.8392452843307243,0.7704229231918855
bili1260,afro1255,-3.4732374056678363,3.031897850035508
bilu1245,bilu1245,1.0265903752382537,3.419515533289664
bimi1240,nucl1709,-4.453344318793459,1.977062363671937
bina1277,nucl1709,-5.577673223433935,1.79877665346379
bine1240,east2503,-1.0528929478554934,1.6201024454459851
bini1246,atla1278,-0.9497916317349816,0.9524464054440518
gunw1252,gunw1250,4.166445671924702,5.486765260900532
birr1240,cent2225,-0.631594195621104,1.3627760528582336
bisu1244,sino1245,-5.066955802365898,2.606061652477953
bitt1240,aust1305,-4.5254316221659066,2.6279066903651085
biwa1243,yuat1252,-2.0977352760670254,5.078070325730062
blab1237,aust1307,-2.468368531493839,1.0316428772104054
blan1242,aust1305,-4.073731750693886,2.458622594563065
bang1354,atla1278,3.25818303175684,1.745499884576274
bobo1255,aust1307,-1.5135826803524313,1.2021318284509146
bodo1267,aust1305,-3.761038092481532,3.348532963661972
bodo1269,sino1245,-3.5797462360300463,1.4066712431271462
boka1249,sino1245,-4.302788814248299,2.037072019034195
bola1250,aust1307,0.8001941787795097,0.7176064436546561
bolg1251,atla1278,-0.7965573905007144,1.3288023763733232
chim1302,quec1387,-3.935680554763528,5.622747183341584
bolo1262,atla1278,2.729125454568669,1.1205281501491822
boly1239,aust1305,-4.435950607950241,3.4705170486164825
bomb1262,atla1278,2.2167242434038306,0.8708459971032596
bomk1234,atla1278,-1.1183148830936624,1.3116600766800683
bona1250,mong1349,-6.424295042780368,10.654843332498055
bond1247,atla1278,1.9919928153149988,1.0767988897235092
bond1245,aust1305,-3.7575534226974536,3.0939341987383173
bong1289,aust1307,-3.695626252241651,1.8934645844654217
bong1285,cent2225,0.3444489007277891,1.2250053421736862
bora1263,bora1262,-1.9761147249395403,5.097151538168559
bora1271,afro1255,-3.2722329360530296,1.6352344255044002
bord1248,chib1249,-5.867587222410304,6.155472798330223
bori1243,sino1245,-3.90858850865676,1.564527340692445
boro1277,gong1255,-2.463393418113612,2.559096467199163
boro1282,boro1281,1.7353593576432664,4.746620710401563
boto1242,aust1307,-3.299234524628367,1.3916635894624498
boun1243,atla1278,-1.192685985605411,1.2428705085182017
boun1245,nucl1709,-6.347968442768512,1.6664871695497787
bouy1240,taik1256,-6.896992214074185,10.658328560480149
brah1256,drav1251,-5.782653945068288,10.672107909047472
lave1249,aust1305,-4.499733867948308,2.4807831076898363
bret1244,indo1319,-1.4343775302350583,2.6217095978906304
bube1242,atla1278,-0.0516889057084437,1.0542384841933077
bubi1250,atla1278,0.9130694312254626,1.2600537155120826
budu1248,nakh1245,-4.3195725946524846,1.5216623115489316
budu1265,afro1255,-1.3007361930721952,1.264593851741477
budz1238,atla1278,2.370348305977497,1.2864399907249702
buga1247,aust1305,-4.572561291862558,3.3445167683240893
buga1250,aust1307,1.87913520143774,0.6740447706876935
bugh1239,aust1307,-2.4875595079846247,0.9992081236399262
bugi1244,aust1307,0.4248238234054975,1.12958182658695
bugl1243,chib1249,-5.680872572708511,7.0491021353176055
buhu1237,aust1307,0.7971336625938017,0.83816404321378
bujh1238,sino1245,-5.388875370619578,2.7970644966002425
buka1257,aust1307,-3.118843377116927,2.1449542400325985
buki1249,nucl1708,3.1860677461505813,1.1100999173259964
bull1247,atla1278,-0.206390596225269,1.1638326816337037
bulo1242,aust1305,-3.969095092512174,2.5173529264326007
bulu1251,atla1278,-0.1009356792669793,0.924476249051546
bumt1240,sino1245,-4.457109758562131,2.05016516290533
buna1278,timo1261,-2.6685273141094714,3.1680623195667383
buna1276,aust1307,1.2598191441794278,0.835335449923301
gahr1239,sino1245,-4.545069428975947,4.307997876836071
bund1253,indo1319,-5.768012519592979,5.506733261245614
bunu1267,aust1307,-2.6015649530106684,1.241467293230917
buol1237,aust1307,-2.3039934121000325,1.532039851034833
bura1292,afro1255,-3.4182993522696226,1.1018799233054128
bura1267,mani1293,3.3376018600889945,6.66271546452648
bure1242,afro1255,-1.0218156110170198,1.0137935015059156
burj1242,afro1255,-3.0825107335033524,2.049221625602509
nucl1310,sino1245,-3.1564195392898675,1.519434097071514
burm1264,burm1264,-1.0471898185558186,3.4631158620736127
buru1303,aust1307,2.0002225233324333,1.69009776232825
buru1320,afro1255,-2.636036590338634,1.4559590574087622
buru1296,buru1296,-3.409793672211244,9.692127574674572
busa1253,mand1469,-4.026384148672254,4.964419085196553
bush1247,atla1278,3.9395818828720377,3.0175053003889047
buwa1243,afro1255,-2.2223554701751542,0.7796187880696888
bwai1242,aust1307,1.6414750288295048,0.6409234345059875
bwat1240,aust1307,-1.9645774421553452,1.0369925553550612
byan1241,sino1245,-4.922068219934594,3.856591861220899
caac1237,aust1307,-1.1570186029832534,0.918139289866998
cabe1245,chib1249,-5.623729390656131,6.997258647566479
cahu1264,utoa1244,-1.298463440764199,2.217814486146884
cakf1236,afro1255,-2.935631624135959,1.2701220184027076
cald1236,quec1387,-3.791069820190184,5.398592574160849
caml1239,sino1245,-5.458891850000209,1.8988723610969345
camp1261,indo1319,-4.712033846321489,5.001132504175695
cams1241,cams1241,1.697257889811537,4.600925390028891
cane1242,nucl1710,1.168110348222898,2.236947543095038
caom1238,taik1256,-6.547608319029793,11.040505729652017
carn1240,aust1305,-3.161629807218281,2.6553163030384663
caro1242,aust1307,0.6862806723622041,1.90344752388544
cash1251,pano1259,-3.266802984039205,2.542675173134503
casi1235,aust1307,-2.4530995693035305,0.9969774262469356
stan1289,indo1319,-4.269157932160924,4.37811576253598
cavi1250,pano1259,-4.053094251618975,2.7151242135253337
cayu1262,cayu1262,0.5728140112426043,3.0998260295717923
cebu1242,aust1307,-2.922949759456792,1.0982178952296522
cemu1238,aust1307,-1.7165109790048567,0.9530657458990516
cent2127,eski1264,-4.259235531069853,10.435041367533556
cent2142,ayma1253,-4.258644603374633,8.165729249557394
cent2004,sino1245,-4.955470745905116,2.2764558338824035
cent2292,aust1307,-2.525742840601919,0.8127858436610165
cent2084,aust1307,-2.067163243387716,1.0260266448507966
cent2314,aust1305,-3.5087165571434884,2.6141900410311028
qaua1234,taik1256,-6.829690443586411,10.76716615588407
guer1241,utoa1244,-1.7644029684768152,1.4626624973803375
cent2050,saha1256,-4.348938716410708,4.5250798184960015
cent1989,aust1305,-3.736615841739188,2.570078364715073
mala1479,aust1307,-0.6919146822189806,1.3406490040990209
cent2322,ural1272,-5.505100460441829,9.333939551239762
cent1992,aust1305,-4.190127928196255,2.4602926630743074
cent1990,aust1305,-0.5315206997734452,1.991592819771544
cent2126,japo1237,-5.126428832059395,9.68082021861166
cent2091,aust1307,-3.8161835611525934,2.3118190352858825
cent2140,miwo1274,-3.6757066412170114,7.532768546195158
cent2090,aust1307,-3.863440707137488,2.2342535337134493
cent2131,utoa1244,-2.1514105739013374,1.8153160650508
cent2150,chib1249,-2.9163209749419856,5.150682497462784
mbal1255,atla1278,2.969193507207644,3.183511652574889
chac1251,pano1259,-3.951440562667357,2.8376255795557856
chad1249,afro1255,-2.325721411966713,2.0109042710224188
chak1270,sino1245,-2.614066874659388,1.4412559570347678
chak1271,atla1278,-1.3545538257890413,1.012380794411058
chal1275,afro1255,-5.383992270727897,4.287522954762748
cham1315,zamu1243,-3.217509488550728,8.140174239804317
cham1309,nakh1245,-1.604083384263396,0.7940939425374118
cham1312,aust1307,0.5658900872786408,1.7510222744917332
chan1313,sino1245,-3.25101389010849,1.0843939261075004
char1269,gong1255,-2.927139536226183,1.594962840660786
chas1234,sino1245,-4.675334096997297,2.073399594743112
chec1245,nakh1245,-0.8301679374587341,1.1592304788178731
chek1238,aust1307,-2.4956565972296056,1.032461449909123
chen1255,drav1251,-6.21871437981082,8.856385955149095
chep1245,sino1245,-5.356001119498594,2.631938129475285
cher1273,iroq1247,2.571022980651868,4.81452060117863
chey1247,algi1248,-2.7780386117855245,4.683468327993197
chic1270,musk1252,-2.85759105192922,4.406221361147143
chig1238,atla1278,3.447552986058573,1.7843004989574336
chil1280,atha1245,3.4714119178682386,4.875188991292127
chim1309,chib1249,-4.069063246786074,5.387336928143752
chim1312,atla1278,1.840164110722562,2.513033134765969
chhi1245,sino1245,-2.9076157669201166,1.7686243608698184
chip1261,atha1245,2.588317894989435,5.009175090864753
chip1241,algi1248,-6.323004670942238,6.49758687437058
chir1283,sino1245,-1.6767527166116878,0.6397770656022921
choc1275,sino1245,-4.308146199485803,1.9300178293005192
choc1276,musk1252,-3.06489520812518,4.33534457349672
chon1284,aust1305,-3.5766222505688297,2.5946877010996605
chot1239,sino1245,-1.1249352613297834,0.5597358897055589
chra1242,aust1305,-3.691449482001586,2.702874367597884
chuj1250,maya1287,0.4890086541223675,0.7432982969261293
chuk1273,chuk1271,-4.59485675360763,12.89140606321514
chuu1238,aust1307,-1.0612006935160747,1.700101360662824
chuv1255,turk1311,-5.070669208098906,9.609488241756544
chuw1238,atla1278,1.1308610080684502,2.076005323290408
cici1237,atla1278,0.1190348674467074,1.2239920702548126
chin1286,chin1490,1.743345293187592,4.798844485557732
cent2087,aust1307,-2.2410528637155043,1.2968351350649865
coat1243,otom1299,-5.575542048786502,4.787506185472791
coca1259,tupi1275,1.191758417287378,1.8949474088665368
coeu1236,sali1255,-4.685423431900886,4.692322212805475
cofa1242,cofa1242,0.7973197232154066,3.317548763686736
colu1241,sali1255,-4.607372020013647,4.470994383004248
coma1245,utoa1244,-3.045879574481924,3.4251194332009405
como1259,sali1255,-4.669569689142017,5.726302104832604
cong1236,atla1278,4.271967784291299,3.035817150130507
copa1237,otom1299,-5.582093504304517,4.55930637467641
cors1241,indo1319,-4.658710903859951,4.733987728539882
cosa1234,sino1245,-5.394351490235286,2.732046119845034
cota1241,aust1307,-0.9052474788647602,1.1279761876673715
cree1270,musk1252,-3.168607454347856,4.536951329434563
crim1257,turk1311,-5.143658023002787,9.671484951471824
cros1244,atla1278,0.2524142070885666,0.7361247291970763
crow1244,siou1252,0.0464060320158061,2.1952769262977814
cube1242,tuca1253,-3.3495525353951363,4.012339366225188
culi1244,araw1282,1.1805402449870952,3.4307114501576006
curr1243,araw1281,3.6824273507821887,2.041455680472197
cusc1236,quec1387,-5.172440208618252,6.414620135896865
cypr1248,afro1255,-3.1198141660127217,4.193696797513402
czec1258,indo1319,-4.64015170398413,5.034951033749753
daai1236,sino1245,-3.2453649001410705,1.5268274249613434
daak1235,aust1307,-1.7070664191799845,1.132234659267933
daas1238,afro1255,-3.474160198606764,1.6966646828105103
dadi1250,tebe1251,-2.7331365055774195,6.43739160439441
dagb1246,atla1278,-1.4621759032092458,1.065463603170878
dagi1241,narr1279,-0.5051000822091756,1.6988160204023846
daur1238,mong1349,-5.028605540899146,11.441910594810931
daha1245,afro1255,-3.109199469201864,2.148344447669526
daka1243,aust1307,0.1985339384689073,0.3914999550823648
damp1237,aust1307,-2.661705368718528,1.470280096605725
dana1252,aust1305,-3.305498562821315,2.4211898353677253
dand1238,drav1251,-6.543627246698963,8.784296957929925
dani1285,indo1319,-4.389158962474333,5.0069053328905255
dara1250,indo1319,-6.308602047639923,4.797627651495361
dard1243,daju1249,-2.7881462020761454,6.8489700622212215
darm1243,sino1245,-4.925771687432761,3.8571880611768528
daww1239,nada1235,-2.420475851646896,4.836379327609087
dawr1236,gong1255,-2.807811300389496,1.496153118269966
daza1242,saha1256,-1.999796565344047,3.710249202372721
defa1248,ijoi1239,-2.4519731742574846,5.917305894689969
dege1246,atla1278,0.3045578773530906,0.8916086789382334
dehu1237,aust1307,-1.7427420876479127,1.0887523470634584
dera1245,sena1264,-2.396999961081242,5.703953232387798
dera1248,afro1255,-3.595607428592661,1.0811484185651068
desa1247,tuca1253,-3.058326106952902,3.7616027628212514
dhao1237,aust1307,-0.5541549702183399,1.0170723226598763
dhar1247,pama1250,-5.329533324454491,5.772618568142516
dhim1246,sino1245,-4.975638871654126,2.020777192080338
dhuw1249,pama1250,-2.696936327712672,2.2677463481230387
dibo1245,atla1278,-0.2850586790983058,1.0830838175804889
dier1241,pama1250,-5.237317548631647,5.186220572999991
digo1243,atla1278,2.056674935493842,1.2752406313569151
dima1251,sino1245,-2.4699405250467072,0.8772715325572094
dizi1235,dizo1235,-3.4998833553761592,7.114380324830671
djam1256,pama1250,-2.495594394737254,2.371111182031603
djee1236,mani1293,3.4282817544161124,6.688078874595016
djeo1235,nucl1710,-0.9827252764215318,1.757331840358411
dobe1238,aust1307,2.069951181415369,1.8031326754380237
dobu1241,aust1307,1.4399021517600188,0.7169315926810249
domm1246,nucl1709,-6.002523147271494,1.4516233062582469
doma1260,indo1319,-5.162406339639846,5.599827731165764
dong1285,mong1349,-6.388527247802154,10.689892922292527
doro1266,manu1261,-2.322066512718353,5.526083480199894
drun1238,sino1245,-4.782918407453105,2.2478779783575256
chug1252,sino1245,-4.002244455871544,1.7474982954489988
dumb1241,aust1307,-2.322839820492713,1.352473771120966
dumi1241,sino1245,-2.9426932123117586,1.909455135364638
duna1248,duna1248,-2.817643276606673,6.668609016278893
dupa1235,aust1307,-2.206624531343731,1.0622845919502932
duru1236,drav1251,-6.604601733718012,8.66759505183223
dusn1237,aust1307,2.1967281992698515,1.2655690104018884
dutc1256,indo1319,-4.185843334228651,4.1526475438817165
dyir1250,pama1250,-4.72264531048566,4.121545530165719
dyul1238,mand1469,-5.594477996640988,4.616073348607651
dzao1238,hmon1336,-6.236039431745237,11.399603350749173
dzon1239,sino1245,-4.741555530321754,2.142715645489174
east2443,aust1307,0.1678631751838555,0.5353718905023683
tang1336,sino1245,-1.5262090231454852,0.6036407773496535
nucl1235,indo1319,-4.270652240431857,4.694911146674096
east2379,pama1250,-4.542279626604264,4.185586914700838
sout2896,aust1307,-0.2977871914025383,0.7328486389767246
east2555,tupi1275,0.9478586040129704,2.0169068917594317
east2332,aust1305,-4.618163064755751,2.8123466086182543
east2563,aust1307,-3.792041298838696,2.828536352444244
east2690,afro1255,-5.456299550201835,4.528713881158785
east2556,otom1299,-5.211580490532875,5.100570507615926
east1236,aust1305,-4.613357572919161,2.7209690368931216
east2342,sino1245,-4.668534512465901,2.517149773646532
east2782,atla1278,3.7730620878549535,2.642797040670752
east2328,ural1272,-5.472120563413824,8.531060358841012
east2333,aust1305,-4.199252518601957,2.554706122449314
east2773,sino1245,-5.40182294411088,2.213012037088262
panj1256,indo1319,-5.585816876177278,5.691314772781702
east2485,aust1307,-3.194406806100588,1.6484960323103357
fina1242,aust1307,-2.469930383455919,0.7661198362987118
east2694,aust1307,-3.371648211815656,1.2320197537433444
east2447,aust1307,-2.548521120664388,2.8812624023617133
east2516,nucl1709,-6.549796327202223,1.755580331699944
east2440,aust1307,1.5146734478920187,1.5129636853579758
huaa1248,tuuu1241,-2.718600056230219,7.268037191661259
wall1257,aust1307,-2.097202714758702,2.4771031064996283
egaa1242,atla1278,-0.8685479650874921,1.48322435287343
egyp1253,afro1255,-4.464876984556231,4.549173120202822
eipo1242,nucl1709,-6.276873808714259,2.1384746924672164
ekar1243,nucl1709,-2.568377920062596,1.9279029449555016
elem1253,atla1278,0.0758523178238412,0.7645629696292797
elip1238,atla1278,0.1091734826051329,0.620934411399535
elna1235,utoa1244,-1.0839169767425607,1.2784176878503324
emae1237,aust1307,0.2489601642261734,0.6218193018690314
emai1241,atla1278,-0.9691950973613044,0.8041935103770932
embe1260,choc1280,-2.988399912083169,5.317393213631455
embe1262,choc1280,-4.54387122147498,5.995142575249542
stan1293,indo1319,-3.3791986226253066,3.696658156705631
enuu1235,sino1245,-5.367440290887906,2.736262161177466
epen1239,choc1280,-4.443079832309564,6.11290035342247
ersu1241,sino1245,-5.241503365514755,2.9408954211935754
erzy1239,ural1272,-5.257120261452479,8.513289968979077
esan1238,atla1278,-0.7107654189904409,0.8664533131304992
esee1247,koia1260,-3.120710992746377,3.656173398329869
esee1248,pano1259,-3.927028525217356,2.920129629647599
esim1238,atla1278,-1.269642194578234,0.6336416691460993
esto1258,ural1272,-5.769708397047638,8.502331996082226
eton1253,atla1278,0.246909524505126,0.70565602450589
even1260,tung1282,-5.087434077181106,10.802226969405258
even1259,tung1282,-4.698705817916494,10.41934477045506
ewee1241,atla1278,0.884320555440433,0.9102864004400272
fala1243,sino1245,-2.1839707251797176,1.0886013587801564
fare1241,atla1278,-1.751960351378176,1.2026197033725268
faro1244,indo1319,-3.91377470514024,5.442046402449877
fasu1242,fasu1242,-3.188757137333151,7.428385340851383
fiji1243,aust1307,-2.54251073650385,2.7946280850281173
fili1244,aust1307,-2.453930625399818,1.232766520533378
filo1235,toto1251,-3.2910397663185886,3.875266674693133
finn1318,ural1272,-5.724754685099147,8.721221587045916
foii1241,east2499,-3.027317245572737,7.092347180022737
fonn1241,atla1278,-0.3813013201802393,0.8536164213262687
fore1270,nucl1709,-3.6820217078948008,1.4059742433647155
fore1265,ural1272,-4.9689233043065215,9.012553362854618
fran1266,mixe1284,-2.8149083160486,4.60335716283187
stan1290,indo1319,-1.5413219792217507,2.733892303324432
fuln1247,fuln1247,-2.861341339256378,8.169370112887727
furr1244,fura1235,-3.4391522784225166,8.619654052289674
furu1242,cent2225,0.5278350557947729,1.2133798078731337
futu1245,aust1307,-0.4629420920009046,0.9658659772027196
fuyu1242,fuyu1242,-2.285013601971773,5.450377381385993
gaaa1244,atla1278,1.0264915733105795,1.2628670339619408
gaam1241,east2386,0.747927715186897,3.2552046660944587
gaan1243,afro1255,-3.387349624014778,1.0683578871317714
gada1258,aust1307,-2.231985542429729,0.8047702206211831
gade1242,atla1278,-0.4087506677271628,0.8604008971869259
gaga1249,turk1311,-5.420684771994734,9.956247560296614
gala1264,afro1255,-3.28960338372823,1.087008852933355
gale1259,nort2923,3.653925594652916,3.596921839613266
gali1262,cari1283,0.1525715311110189,1.5968473621382646
gali1258,indo1319,-3.6066809694314905,4.422399274119115
galo1242,sino1245,-4.094988743098913,1.735132808317175
gamo1243,gong1255,-2.562610748767688,1.3839202622864768
gand1255,atla1278,2.9807519820184774,1.4028601738495985
gang1267,tang1340,-3.189569300425253,5.357770058165821
gang1266,sino1245,-0.9204101685138656,0.546716883146658
gant1244,nucl1709,-5.326556314869723,1.380429210462237
gapa1238,aust1307,1.4793943909447895,0.6976466373366819
boht1238,afro1255,-5.010830635729556,3.525799223512701
gari1256,araw1281,1.1227692705915135,2.1644375590513523
garo1247,sino1245,-3.871524889722716,1.778295040980879
gara1269,garr1260,-2.3956988637107117,6.250212694912966
gata1239,aust1305,-3.780035985772272,3.266919438295877
gayo1244,aust1307,-0.5144329315382272,1.2374234882320554
geba1237,sino1245,-4.336666009543443,2.411272978477035
gebe1237,aust1307,2.030193610729061,1.588515403045024
geda1237,aust1307,1.8785717251857088,0.7706187323278879
gela1263,aust1307,-2.353946154251472,0.9344881437655772
nucl1302,kart1248,-2.8574992415367357,5.721425833301879
geru1240,afro1255,-3.2791188612912867,1.23536746620338
ghad1239,afro1255,-4.459576027928903,4.836333752352495
ghan1242,aust1307,-1.472875703626479,0.8674100516510439
ghar1239,aust1307,-2.0884691262481088,0.9899818800710988
gheg1238,indo1319,-4.720914227901302,5.021227510426419
ghom1257,afro1255,-2.264672599116068,3.141618785609396
giiw1236,afro1255,-3.413582323217553,1.0475224512615997
gilb1244,aust1307,-2.762576536671999,3.76075380339968
gira1247,nucl1709,-5.132413335058984,1.1957284273651876
giry1241,atla1278,2.031907903559821,1.494272597889415
gizr1240,east2503,-1.1068192344470105,1.6367227945148866
glav1244,afro1255,-2.2098526385929755,0.7949266969168445
ghod1238,nakh1245,-1.431391663680533,0.840254476528413
gofa1235,gong1255,-2.711411124201088,1.3958623621816937
gogo1265,suki1244,-3.826525578072227,8.593460062096796
gola1255,atla1278,-1.441664941506516,1.7613541390128251
goli1247,nucl1709,-6.160726044905662,1.4993146273223754
goon1238,buna1274,2.267448767833373,5.9902242763268845
pare1266,aust1305,-3.7816686750824062,3.0982671042212804
gras1249,koia1260,-3.4624966390124907,3.632347889309857
guah1255,guah1252,-1.842484714277211,4.93004516160077
guam1248,barb1265,-3.46093985710989,6.48578823550312
guat1253,guat1253,-1.7396579318249374,4.729274855239122
gube1234,atla1278,-0.4422155751127463,1.0507534922593873
gude1246,afro1255,-3.174880714258639,0.9392499683049048
guer1243,otom1299,-5.590039228395032,4.6390141745513045
guhu1244,nucl1709,-5.757263508598726,1.6452734664524922
guiq1238,sino1245,-5.223735981341287,2.8788289685978548
gulf1241,afro1255,-5.600960555981848,4.5290263576269325
guma1254,aust1307,1.4014479635652766,0.7240186460914249
guny1241,pama1250,-5.404408100341596,5.415192706325168
gura1251,indo1319,-4.466054901656108,5.208440785848779
guro1248,mand1469,-5.108217514131809,4.872056251774479
guru1261,sino1245,-5.479914065007478,2.080696415124139
guru1271,afro1255,-3.0896803706855955,1.120416564248332
gusi1247,atla1278,3.1762696836784223,1.339834239885457
gugu1255,pama1250,-4.438495234277752,3.812350586884676
kwam1249,koma1264,-1.8537018162070065,4.524274579517606
gwen1239,atla1278,1.9365247748695693,1.0647720217072312
gyel1242,atla1278,0.4866493854213676,1.1497214522854726
haaa1252,atla1278,3.9798401173367455,2.270660408746004
hadi1240,afro1255,-3.3731515233459164,1.8629383904293293
hadz1240,hadz1240,-2.43269474979534,6.00652739679254
haka1240,sino1245,1.0260528944767198,0.8608593088411354
hakk1236,sino1245,-4.366232864429418,4.164666955197335
hala1252,aust1305,-4.530017421952701,2.5126704851754056
halh1238,mong1349,-5.271467958686486,11.157657521838548
hali1244,aust1307,-1.7108091474126432,0.9523891099147068
halk1245,sali1255,-4.545156722439942,5.069111190198717
hame1242,sout2845,-3.0057943510698504,7.191030399584492
hang1263,nduu1242,-2.97961727387514,3.8321547125705937
hani1248,sino1245,-5.462931607713017,2.9772339600897397
hano1246,aust1307,-0.1359243908240737,0.5579600459989909
haro1237,aust1307,-4.150075280987659,2.813662100935579
haru1245,piaw1238,-2.502921213675015,4.451087276955223
hass1238,afro1255,-3.4923712785727608,3.42921162799828
hata1243,hata1242,2.069942143444241,3.431391692253314
remo1247,aust1307,-3.042830818621792,1.3611188524176665
nige1253,atla1278,-1.0057956451168053,1.1073617035717565
hava1248,coch1271,-1.9771543500364008,3.525058753714651
hawa1245,aust1307,-2.411174950907932,4.00727602657954
sabu1255,aust1307,-0.8034924229724787,1.052274320269019
hehe1240,atla1278,3.4524620742107657,1.823150970064168
heil1246,waka1280,-3.248302316263464,7.118475789325524
here1253,atla1278,2.7614049766329747,2.8576921381079536
hida1246,siou1252,-1.6948709831973434,2.8788749602916006
high1276,mixe1284,-2.834838823975172,4.217137246567269
high1278,utoa1244,-1.8639231966715744,1.2022505838868387
high1243,toto1251,-3.2185082098536952,3.8458350174414537
hili1240,aust1307,-3.120191980617128,1.4779957249022928
karb1241,sino1245,-2.6748199279144216,0.9932442163622834
hind1269,indo1319,-5.600311615696084,5.674931438387231
hinu1240,nakh1245,-4.085587460179193,0.8631561605127374
hixk1239,cari1283,0.0395061782060945,1.4485455816895565
hlai1239,taik1256,-6.858742800517272,10.73337168654848
hler1235,sino1245,-5.129966692494548,2.649284033227497
hooo1248,aust1305,-3.810009736983335,2.880315663676296
hoav1238,aust1307,-1.7119646581701895,0.8261500673289959
ainu1240,ainu1252,1.177514240341353,4.010252996551355
holo1240,atla1278,4.256749861207844,2.6529802304797823
hone1235,atla1278,-0.6217875401564203,0.8210343947173548
honi1244,sino1245,-5.339807196529248,2.742842307493765
hopi1249,utoa1244,-2.748111004140053,2.5840688873475437
hote1245,aust1307,1.5135204271838951,0.5951577166103394
hozo1236,maoo1243,-3.284468220175123,7.867660837448651
hrus1242,hrus1242,-5.279509661023196,11.059715971410856
huuu1240,aust1305,-4.3628918375401495,2.5136073366498515
hual1241,quec1387,-3.742411853621236,5.497993784418686
huam1247,jiva1245,-3.386350491317432,5.2755027140369855
huar1255,utoa1244,-2.085088475286689,1.679610351738278
huas1242,maya1287,-1.90258285332954,2.5619242778493696
huba1236,afro1255,-3.166507622355303,0.9783310152530672
huic1243,utoa1244,-1.3870675947520168,1.3930367924141098
hula1239,aust1307,2.9185111195644717,0.8594161425712095
hula1244,afro1255,-5.507315428588544,4.71833582280683
huli1244,nucl1709,-7.001417955437751,1.9375853764616304
humb1243,song1307,-4.653707227923946,7.451895548244872
hung1275,aust1305,-4.635743849318727,2.951443191754624
hung1274,ural1272,-5.992882232294472,9.130122027354536
hunz1247,nakh1245,-1.699051695878208,0.8083479131377
hupd1244,nada1235,-2.611840805289102,4.877074306882147
wyan1247,iroq1247,2.888607288244176,3.6944876963219873
hyam1245,atla1278,-0.7116993129087965,0.82368145473521
iaai1238,aust1307,-1.7481087114810632,1.0178961308877523
iama1237,aust1307,1.548896381540679,0.6636959616347458
iatm1242,nduu1242,-3.127018344536007,3.932294937619359
ibal1244,aust1307,-2.9446727214088595,0.874559809026664
iban1264,aust1307,-3.3488176884524057,2.235334262284404
iban1267,aust1307,-2.253458645398914,0.9286691148043412
ibat1238,aust1307,-2.1240972341365545,1.3682310580835644
ibib1240,atla1278,2.757407079034817,0.90556324923495
icel1247,indo1319,-4.0489683798051095,6.08516077818045
idaa1241,aust1307,-3.615443152006621,1.8215204775152087
idii1243,paho1240,-2.614517872448557,4.677476280404836
idom1241,atla1278,-0.5996753471045926,0.8515823467859178
idum1241,sino1245,-4.518145134201976,2.4519201268086093
idun1242,aust1307,1.63260121046841,0.6743675588005988
nucl1417,atla1278,0.3888903740045748,0.7896269045099498
igna1246,araw1281,1.702748465024917,1.414649068368126
ikkk1242,kuli1252,-2.9948278856558668,7.34531434068875
iliu1237,aust1307,0.6973350845454283,0.9249498772580668
ilok1237,aust1307,-2.973852785010014,0.9555401498814806
ilon1239,aust1307,-2.4294367284420675,0.8339185899148731
imba1240,quec1387,-3.753015765271666,5.520912619877919
imon1245,bord1247,1.0219451450102008,3.403613099422913
ingr1248,ural1272,-5.744530277021562,8.492072426127937
ingu1240,nakh1245,-1.1898592008868714,1.1992270329169037
alba1269,aust1307,0.3332136289926335,1.1373924664516686
iqui1243,zapa1251,0.5342116761617879,2.293516561004921
iran1262,aust1307,-3.467423392070056,1.8683025007623204
iraq1241,afro1255,-2.5291044352075347,1.4287606696655946
irar1238,aust1307,2.138972810865748,1.312353904187752
iray1237,aust1307,-3.44801534145095,1.752967804285701
iris1253,indo1319,-3.2069694730672147,4.134999227834239
irul1243,drav1251,-5.981395308901831,8.821678322736116
kris1246,skoo1245,1.0570985071884849,3.452565358756047
isco1239,pano1259,-2.745456057544001,2.062217786575614
isin1239,aust1307,-2.760086809902816,0.7896516162827538
isir1237,kwer1242,1.8993906859017289,3.0776226691348896
isna1241,aust1307,-1.8280519583819363,1.0694996546969904
isth1240,utoa1244,-1.3031621211069484,1.2882299608317211
isth1242,utoa1244,-1.541643339452022,1.2685058124487494
isth1241,utoa1244,-1.5574384961090066,1.2962861206120395
ital1282,indo1319,-4.729793792408328,4.825631718517016
ivat1242,aust1307,-2.2388272530340743,1.616959780482114
iton1250,iton1250,0.5239658683026169,3.0613388437271603
itza1241,maya1287,-2.2346063955742608,1.6471970492145065
iumi1238,hmon1336,-6.782620064175372,10.672901067770654
iwal1237,aust1307,1.543921619106151,0.6441299040184454
iyoo1238,nucl1709,-2.792186906681504,1.1679914596112155
jahh1242,aust1305,2.7161107031184435,1.1031500040812665
jalk1242,mand1469,-5.738186199369529,4.674685380449319
jamb1236,aust1307,-2.240279301233823,2.300239339604392
djam1255,mirn1241,2.978948330875001,3.6267221195454304
jams1239,dogo1299,-4.43471427822364,7.749345594016256
nucl1643,japo1237,-4.625813728568149,10.6986635807291
japh1234,sino1245,-2.7700139039513947,2.8281310368666404
jaqa1244,ayma1253,-3.632674977568755,7.984650638573971
jara1266,aust1307,-4.239781560624179,2.689513142620468
java1254,aust1307,-3.030800315668231,2.721828111744811
jede1239,aust1305,-0.060816376209686,0.8735491238128787
jehh1245,aust1305,-4.559637127520792,2.615681584719386
jeha1242,aust1305,0.0347370873083914,0.8949674664260847
jenn1240,drav1251,-5.856554357506164,8.33702822770084
jeru1240,sino1245,-5.40768939962153,2.0817205537110617
jiba1237,atla1278,-0.6523749897210678,0.7690294870147731
jina1244,afro1255,0.6354948124249202,0.8239680829715503
djin1251,mirn1241,2.267637451582985,2.727040715986877
jita1239,atla1278,3.3438745183985925,1.5582817768709631
jjuu1238,atla1278,1.8840514040173375,0.9631000315312122
juan1238,aust1305,-3.774480946110751,3.1326134338107146
juku1254,atla1278,-1.553113201895011,0.7328702605791371
jurm1239,cent2225,0.6920468318742801,1.0424798686777643
kaba1281,cent2225,0.0766669153153287,1.1756103793211263
kaba1278,abkh1242,1.6802535589694614,3.29134348579222
kaby1243,afro1255,-4.537954776100593,4.756131453230802
kach1284,gong1255,-2.079865161564533,1.4981165551917996
kada1242,drav1251,-5.831248431943516,8.351210633155087
cent2100,aust1307,-3.5143817482456026,1.4865975011976928
kado1242,sino1245,-5.074059000961414,2.520276503544693
kafa1242,gong1255,-3.1051465885973606,1.7999691320331177
kaga1256,aust1307,-3.7853917077882704,2.12735852981986
kagu1239,atla1278,2.6302599883792035,1.4282984551149376
kaik1246,sino1245,-5.202310740654853,3.3062808361832303
kain1272,nucl1710,-3.38027185485468,3.01698452724011
kair1263,aust1307,1.4706386485676388,1.0143262783900653
kaki1249,kaki1249,-2.613348909581495,6.153296568680023
cacu1241,kaku1242,1.085102790876988,3.588830986412773
kala1399,eski1264,-4.25708324783338,10.568151655779785
kala1377,pama1250,-4.786901822438628,3.384591684905857
kara1499,west2604,-1.6726784731027386,4.431282542955156
kala1384,atla1278,2.996750994577536,2.473843853578608
kali1308,sali1255,-2.5502832167733933,4.594523957850749
kalu1248,bosa1245,-3.393483023535976,6.600133742457508
kamm1249,atla1278,-1.2851407922365905,0.8651852186891169
kama1367,nucl1708,0.8292940456634588,1.2408871975893447
kamb1316,afro1255,-3.2591607453848117,1.8410067024991343
kamb1297,atla1278,2.1588317447448198,1.379328860311782
kamb1299,aust1307,-0.54294819222353,1.0929926713825342
kamo1255,nucl1709,-4.8860925067378185,2.1105274131290184
kamu1260,kamu1264,-3.816410405609252,6.930918093022642
kana1288,daga1274,-1.772668338351555,2.8588436837480504
kani1286,nucl1709,-3.5034161936613577,1.3315766328882717
kank1243,aust1307,-2.860814352097661,0.8757966698245578
nucl1305,drav1251,-5.95736970243825,8.634511513422627
bidy1244,atla1278,2.230407588759409,1.3006345919783175
kaon1241,atla1278,4.015314423925258,3.18650677316758
kaqc1270,maya1287,0.8943341083769485,1.0044119750892744
kara1482,cent2225,-0.5246244215046336,1.5298142780795594
kara1500,nucl1710,-1.6235798922165072,2.156731552601137
kara1487,aust1307,-2.747765350982383,0.750566923571709
kara1486,aust1307,-1.3026859227445802,0.8022474317596195
kare1338,atla1278,-2.1862046199620657,1.2298631135399756
kare1335,ural1272,-5.668975731590833,8.750465425321597
kari1311,tupi1275,-1.4317667921044333,1.997908789161995
kark1258,pauw1244,-2.504682022101425,5.925147195623145
karn1252,aust1307,2.099817307512983,0.7919850086171696
karo1304,karo1304,1.6023623103076714,4.575491673145182
kash1277,indo1319,-5.304118609808474,5.614583207080781
kask1239,atha1245,3.289827005685726,5.269249422762009
newa1246,sino1245,-5.367832215259764,2.485029296800894
kats1235,sino1245,-5.381392486402369,2.8666073257832227
kana1291,katu1274,1.2874062959671413,3.93067534685984
kaur1271,kaur1274,1.980718623744814,4.919627717385923
kava1241,aust1307,-2.840527047697425,1.7838667645570665
kaya1315,sino1245,-4.3608380477474205,2.452787773554121
kaya1319,tang1340,-3.1647518484725827,5.234697894198048
keap1239,aust1307,0.6357807572489396,0.867836692727483
keda1252,aust1307,-0.3435044407673482,0.7325329027754286
kera1248,atla1278,-0.0666712408142351,0.8841333997040461
keig1242,kadu1256,-3.1437279188116376,7.730118816838534
kele1255,atla1278,1.0655764402181678,1.381178603834714
kele1258,aust1307,1.37367579513237,0.8195107231177428
kele1259,aust1307,-2.6112812922926407,0.7302200839505257
keme1240,atla1278,-1.7249872587467645,0.6135185887596943
keng1240,cent2225,1.4144723561072563,1.5117364023501647
kens1248,aust1305,-0.387930406924724,0.9966187861324478
kenu1236,nubi1251,-3.4945466443104194,9.790691125668411
keoo1238,aust1307,-0.7555520890483058,0.8916197671533759
kera1255,afro1255,-3.298146953858507,1.0981847197813384
keri1250,aust1307,-1.927337927662632,1.9412685836608377
kesa1244,nucl1709,-5.348584232314743,1.2203040884638536
kett1243,yeni1252,1.1744310189396208,4.018187021258633
kgal1244,atla1278,2.264857225662843,2.471687976905244
khak1248,turk1311,-5.454574008559392,10.493099856503978
khal1275,sino1245,-5.312711097615143,1.9166286286281176
kham1282,sino1245,-4.63788073249502,3.5479749480521097
khan1278,atla1278,2.559726703375401,0.8050697899840298
khan1274,aust1305,-4.616198471448607,2.9443814291009804
khar1288,sino1245,-1.425132352738022,0.5918401511238969
khas1269,aust1305,-2.175317837299572,1.7064332097734898
khez1235,sino1245,-2.1790628269487176,0.6649948034971711
khin1240,nakh1245,-1.785861112746984,1.3480037773355065
khmu1256,aust1305,-4.476900741162873,2.660614427648598
guan1266,sino1245,-2.776333340178832,2.726095672034308
khum1248,sino1245,-1.2956030359785693,0.8595481718330014
khva1239,nakh1245,-1.696286546486407,0.7825160488676897
kich1262,maya1287,0.9155780353420022,0.9471623166961188
kiku1240,atla1278,2.3173378040075403,1.2462540457576736
kile1243,tung1282,-5.0427502795746735,9.483056591742372
kili1267,aust1307,0.6125496544116107,0.8699529274748823
kimm1246,atla1278,-1.0217204100973645,1.0601093990855048
kima1244,aust1307,-3.5010630022066387,1.633187791095402
kimm1245,hmon1336,-6.957638857300105,11.0486178620945
kina1250,aust1307,-3.20640630913443,1.5760297195273711
kinn1249,sino1245,-4.687605265066613,4.230836377508783
kiow1266,kiow1265,1.5569813553488636,4.50053903474177
kips1239,nilo1247,-0.0345014222389377,1.0930172277777164
kelo1247,timo1261,-2.848452021455917,2.8952559861925438
miju1243,sino1245,-4.553148900310076,2.242319242266792
kobo1249,nucl1709,-5.609215541505274,1.4635314681977238
koda1255,drav1251,-5.875275334825791,8.487755605271735
koho1244,aust1305,-4.007307305992576,2.5972739946736336
koir1240,sino1245,-1.3876743951959811,0.5846733599043876
koit1244,koia1260,-3.513379617246263,3.7222172781313407
koka1244,pama1250,-5.2555155202236445,5.447540708928512
koko1269,aust1307,-2.3684214093136786,1.0305466253834847
kola1285,aust1307,2.0332208281643007,1.6581383183715026
kolb1240,atla1278,-1.7742838359983009,1.0603146930513034
kolc1235,atla1278,-0.7137525756871126,0.9362031052680192
kolp1236,kolp1236,-2.590872080383487,6.050599870109775
kolu1245,aust1307,1.5911447172684188,0.6581354112411528
komb1274,nucl1709,-6.497542356815083,2.4275919696543014
komc1235,atla1278,-1.6361187970402602,0.547150912103465
komi1270,sino1245,0.7709042980019141,0.6412778873385268
komi1269,ural1272,-5.36311639737764,9.001765592564787
komi1268,ural1272,-5.53881902011054,9.21592630964927
komo1260,atla1278,3.649109439940276,1.9485274836776725
kona1242,east2433,-3.1702525451927523,6.0724064097195125
konk1267,indo1319,-5.106692838376889,5.975413719123862
kony1248,sino1245,-3.4401623151890317,1.2121972500427385
konz1239,atla1278,2.749578318989054,1.4044846692876083
koon1245,atla1278,-0.7966730226095722,0.992494395511498
koor1239,gong1255,-2.370757508223071,1.612962256350256
kora1294,nucl1709,-5.343970172484156,1.7831627039627271
kore1280,kore1284,-4.79779890091291,12.840706333657966
kork1243,aust1305,-3.7269133299245327,4.278387492782688
koro1298,atla1278,-2.0853292378969948,2.003563062036992
koro1313,sout2948,-4.284112141340207,6.462051823316648
koro1312,nucl1709,-6.539723102988457,2.352473534482192
korr1238,drav1251,-5.880633095300479,8.68033347938826
kosa1249,nucl1709,-6.0886278973725485,2.1269299270904174
kosr1238,aust1307,-2.933300118831785,3.088868687885112
kota1263,drav1251,-5.865874414854542,8.321593967785862
koti1238,atla1278,2.951614093459972,2.563718281302217
guan1269,tuca1253,-3.149926448713076,3.839248891573096
kova1243,nucl1709,-4.704623659883991,1.4994459450643127
kove1237,aust1307,1.1722638708605633,0.7027314430588305
koya1251,drav1251,-6.445335296001989,8.79838259499693
koyr1242,song1307,-4.497595024647739,8.059270056889275
koyr1240,song1307,-4.598708082784517,7.910724162852587
koys1242,afro1255,-5.414726582354728,4.36894933589058
kren1239,nucl1710,-0.6530605312709934,2.104548012978139
gbay1288,kres1240,-4.380157810280765,8.752015500083122
ngeq1245,aust1305,-4.591580017232935,2.5791861405458256
kryt1240,nakh1245,-1.881761936918688,1.419193931998926
puoc1238,aust1305,-4.66456405833524,2.9395207363903264
kuan1248,aust1307,-0.7363427032223422,0.5874898951038716
kuan1247,atla1278,2.996796942834285,3.123342828029809
bayo1255,atla1278,-0.2751314206274906,0.8283149809434391
kuik1246,cari1283,1.9648668904961824,2.564681427714113
kuku1280,pama1250,-4.454833624482787,3.4486395016157783
kuku1273,pama1250,-4.526827162539173,3.9149029935470967
kulo1237,aust1307,-2.6548999743485604,1.3176664729317729
fait1240,nucl1709,-2.919911582882314,1.2279447022672905
kulu1253,sino1245,-5.329958540268135,1.8704461745895775
kuma1280,nucl1709,-5.707854554879798,1.4015807025489515
kumb1268,pama1250,-5.579171304038519,5.976728305751353
kumz1235,indo1319,-4.639971921993726,6.130134409170196
kuna1268,kuna1268,1.5595872544784233,4.406290802772542
kunb1251,gunw1250,3.973425898018681,5.523514462021256
kuni1267,kuni1270,0.2840157978234376,1.2711107146283194
kunj1245,pama1250,-4.669732234254422,3.862205277682549
kuot1243,kuot1243,-2.1351828983611805,5.160742553489401
kurr1243,pama1250,-5.080189848954198,5.192269887367665
kurt1248,sino1245,-4.417545108364507,1.987169540826848
kusa1251,aust1307,-1.7623962081102,0.8242555105231197
kusu1250,kusu1250,-6.500256055024802,12.523704040144532
kute1249,kute1249,-3.2058116950768563,8.445840925085548
kute1248,atla1278,-1.5595144543226556,0.7143775895011473
kuyy1240,aust1305,-4.344875761398342,2.602723350631873
kwai1243,aust1307,-2.641598465742584,1.0055857069419467
kwam1252,aust1307,0.2415328623852852,0.62442897324404
kwar1239,aust1307,-2.66691101064652,1.0072319676826051
kwaz1243,kwaz1243,-3.955598946844914,9.20349900964371
kweg1241,surm1244,-1.0124958726985724,1.8147977570515987
nucl1595,kwer1242,1.6769567227829034,3.0356578593337087
kwin1241,worr1236,3.2769317153633843,5.264128905003197
kwom1262,sepi1257,0.9858720818968728,1.032683494774366
nucl1593,kwom1263,-2.4408570863293417,5.758440342079977
kxoe1243,khoe1240,-2.422603068612065,5.07295761665033
kyer1238,sino1245,-5.341207349004743,2.5705644377623944
cori1240,atla1278,-0.71732326670111,0.8254527677078016
laal1242,laal1242,-3.109886856867733,7.520736223943664
labe1239,aust1307,-0.9955090277906238,0.6768815045790451
labu1248,aust1307,1.6200135477507631,0.5846771566381292
labu1249,aust1307,-3.548806290253633,1.6264841373462051
lach1248,taik1256,-7.046399344510574,10.415941543304172
lagw1237,afro1255,-1.451268403967951,0.8851824492495641
zaye1235,sino1245,-4.192983168386503,2.234244652597509
lahu1253,sino1245,-5.099995112392151,2.563556545650897
lahu1252,sino1245,-5.261816586748647,2.67232631338446
laiy1246,aust1307,0.7568968532406375,1.0392992751844226
lakk1252,nakh1245,-1.0010734903158085,0.8581501934314595
lala1268,aust1307,0.8142519306529543,0.7621141716104312
lala1264,atla1278,4.139151135029508,3.0910824073359624
lama1277,aust1307,0.482968949208626,0.7501160650375471
lama1288,afro1255,-2.349577336922541,0.7977081481586623
lamb1269,indo1319,-5.24754314528646,5.77760385008046
lamb1273,aust1307,-1.1114939809964222,1.2902482795359766
lamb1272,atla1278,4.287232589673247,2.193965447906997
lame1260,aust1307,0.5150494834490189,0.4324348770817323
hela1238,sino1245,-5.392588703466264,2.4224894690205776
lamk1238,sino1245,-1.000992605392602,0.6367623819638233
lamo1244,aust1307,1.5114272634541726,0.7058143265713674
land1256,atla1278,-0.1766059631449774,0.9979623742139428
lang1320,atla1278,2.3117336136883133,1.134043587407744
lang1324,nilo1247,0.0978580194726355,1.2287645941694283
laoo1244,taik1256,-6.95720011229056,10.305929756902568
lara1258,lara1258,3.387539415463284,8.159455709333624
lard1243,tang1340,-3.103699420278625,5.286066116020825
lash1243,sino1245,-4.584323032137694,2.0454822137881603
teke1275,atla1278,1.4173009308081186,1.441912097500346
latv1249,indo1319,-4.53767599467094,5.485625413625469
lauu1247,aust1307,-2.7521750294333005,1.0896544805343955
lave1248,aust1305,-4.585304299329693,2.534699426411916
lavu1241,lavu1241,0.8704366047163834,3.287175057137347
lazz1240,kart1248,-2.807928134798731,5.829384749560036
lega1250,atla1278,1.8039048032194005,2.025164358474626
lega1249,atla1278,4.261685855116204,2.4051831749571466
lele1276,afro1255,-4.034766891002535,1.349247985134561
lele1267,aust1307,0.651648395812912,0.7607599302567074
lele1270,aust1307,1.316530242870015,0.8157966712584876
lemb1266,nucl1709,-5.905440092657071,1.6088297463810315
leme1238,aust1307,-0.9394879815156414,0.7104841155726866
bela1260,aust1307,-3.082752933806238,1.5554982110020994
lena1238,aust1307,0.1106216748568567,0.6455908852953147
lend1245,cent2225,0.0523848709707897,0.9781420912139928
leng1259,aust1307,-1.924319146804116,0.9389207914852128
lepc1244,sino1245,-4.984484733457253,2.057621450242369
lese1243,cent2225,1.3009260493465111,1.157953012644947
leti1246,aust1307,1.467105946048398,1.1040265575730783
lewo1242,aust1307,0.5308139146968864,0.5127666726426341
lewo1244,aust1307,0.3413110347022083,0.7612878910324508
lezg1247,nakh1245,-4.148483606369076,1.300191390431653
lian1251,sino1245,-1.901114187283316,0.705135051259008
libi1244,atla1278,0.0168044557547109,0.8018192127772927
liby1240,afro1255,-3.728206967582123,4.070646760153348
lihi1237,aust1307,-1.6172523650933095,0.857086386882651
lika1243,atla1278,2.0810716482372573,1.1341806580670024
lill1248,sali1255,-4.628867432874542,5.19814691940068
nucl1327,limi1242,3.5253125328030266,8.463478088223372
limo1248,aust1307,-2.3066969750501256,0.8687363317547661
lipo1242,sino1245,-5.234519582480261,2.6283281970527845
lisu1250,sino1245,-4.836606189443116,2.0958923708191275
lith1251,indo1319,-4.552054884950141,5.388743681699145
lito1235,atla1278,1.8702673356631532,0.8842153974748097
livv1243,ural1272,-5.791793833037831,8.516398464057456
loba1239,atla1278,2.206659669497226,0.9348709825464744
logo1259,cent2225,-0.2983701193449137,0.8968059517915226
balo1261,atla1278,2.612227437442391,1.107710354857069
loka1252,atla1278,0.3279261304931946,0.746128617524592
araw1276,araw1281,1.6251437056353684,2.0398215667238304
lolo1259,sino1245,-5.239279202309804,2.6331256453956904
loma1260,mand1469,-2.8712854895090185,4.2412444759187125
lomb1257,indo1319,-4.615319731328206,4.475486026728886
chiq1248,chiq1253,-3.6285758260032814,8.903343680698915
acha1249,sino1245,-4.058136030387323,1.868262554237667
long1395,aust1307,-2.179799475277455,0.996680930992044
loni1238,aust1307,1.2250270028505843,0.8363691830610822
lonw1238,aust1307,0.3376184795122299,0.3818780332493077
lote1237,aust1307,0.5315473687243051,0.7069396101972263
loth1237,sino1245,-2.7275648532769665,0.8020302263913468
lotu1250,aust1307,-3.335004166966752,1.476127364178046
louu1245,aust1307,1.103929518138412,0.8052960236670632
vano1237,aust1307,0.1272090730160719,0.7676891719930818
lowl1260,tequ1244,-2.352186127255293,6.04994826312107
lowl1265,utoa1244,-4.640846337113903,1.788731014352214
lozi1239,atla1278,3.4141612023571573,2.5965658274014203
luan1263,aust1307,1.7947410203292398,1.1917074854894558
onto1237,aust1307,-2.782610944919295,2.0089365679376083
lubu1243,aust1307,-2.468257629178235,0.8550702556467673
luch1239,atla1278,3.650709494255624,3.0179722179098523
ludi1246,ural1272,-5.626848724966492,8.697993482123458
lugb1240,cent2225,-0.0708300949567384,0.9638530485220508
lugu1238,atla1278,2.760966905190178,1.5088459727564896
lule1254,ural1272,-5.716028035477756,8.977067529186108
lumb1249,atla1278,3.038159392745419,2.278050786707036
lumu1239,narr1279,2.39765297518528,1.7689502346855672
lund1266,atla1278,3.944370914080036,3.279260911037092
lund1271,aust1307,-3.133475766857807,1.5713535702631063
luok1236,nilo1247,0.7367234281113477,1.2598855973560248
luse1252,atla1278,2.839900567157028,1.4029333487137343
lusi1240,aust1307,1.6052944451796654,0.7004494886264379
luva1239,atla1278,3.707673813902263,3.066569055783601
maan1238,aust1307,-2.804431497184647,2.4177895529551154
maas1239,atla1278,-1.5886487754693523,1.1027500088224738
maba1270,atla1278,2.0457841374990604,1.0538220084178445
maba1277,maba1274,2.4647064665050213,4.168137900060652
mace1250,indo1319,-4.714814750831186,5.033818518218531
mach1267,araw1281,0.8428742636981461,1.546474201132769
maco1239,sali1297,-2.834657795681549,7.19549810180997
macu1260,tuca1253,-3.0209561052426466,3.9680668906646286
mada1285,aust1307,-1.0083906575003128,0.7204012171061382
jama1261,araw1282,3.2495602415108524,4.797887176306984
madn1237,east2374,1.912474137416619,4.892672739142878
nucl1460,aust1307,-2.876552967660841,2.410772765990533
mafe1237,aust1307,-0.1475153639769657,0.4586479567551169
maga1260,indo1319,-6.176230289798241,4.697859461956032
maga1263,aust1307,-3.273599717959173,1.312865226084979
magd1235,otom1299,-5.589031873103069,4.535332519374324
magu1243,aust1307,-3.054864408324501,1.0902091030123824
maia1254,nucl1709,-2.51621263870524,1.2366388650568592
maia1253,nucl1709,-2.4889514602931,1.2045937936531743
mail1248,mail1249,-2.286528595586639,5.494209660196953
nucl1594,mair1253,-0.759394126122875,3.2096442778677705
mais1250,aust1307,1.3078497400339693,0.8511613599176684
mait1250,indo1319,-6.294700499113152,4.361167041920984
maja1242,surm1244,-1.9248056954236088,2.05464965266345
maka1311,aust1307,2.742481548252757,1.2911164470852317
makc1235,taik1256,-6.738834353395026,10.853765900889249
makh1264,atla1278,3.3914252767297923,2.505485072793123
makh1266,atla1278,3.29794800603534,2.524693228858645
mako1251,atla1278,3.4003419251370226,2.350161572934889
makw1236,atla1278,3.248278740673958,2.377450419421695
mala1463,drav1251,-5.66866537520633,8.914305582512103
mala1534,aust1307,-2.187248137223171,0.9266022063384316
mala1464,drav1251,-5.718977541592681,8.711908775763066
mala1522,chib1249,-4.274860062479484,5.305608250601711
male1284,gong1255,-2.5639928692371736,1.474724484566737
male1289,aust1307,1.9940380735590404,0.7740610957685607
malg1251,afro1255,-2.1937028623621653,1.0226323871747045
mali1284,bain1263,-0.3703647234668974,1.930863430461521
mali1285,otom1299,-5.484584510416904,4.729780339416999
malt1254,afro1255,-3.2398053225647017,4.588509680704041
malu1245,aust1307,0.4729463724109486,0.3712152671696422
mamm1241,maya1287,-2.027855345908009,0.9711210233077257
sauk1252,nucl1709,-2.8339425780483847,1.161537019898498
mama1275,aust1307,-2.239621931860164,1.3166849681737869
mamb1306,aust1307,-0.1139056284535087,0.8402584367526789
mamb1294,atla1278,-1.1818923328172637,0.8430672343275276
mamb1296,atla1278,4.252093125495449,2.659662833854238
mamv1243,cent2225,0.5220597467043833,0.960930576954926
mana1295,aust1307,1.772213711330366,0.9228814763448376
mana1298,nduu1242,-3.2067210873054464,3.8864599897749113
mana1288,sino1245,-5.264807869067754,3.031595152430233
payn1244,nucl1709,-4.887410550038357,1.3124547050639066
mand1440,aust1307,-1.50344445270692,0.8727918979098686
mand1415,sino1245,-3.784205492139658,5.392386424898923
mand1436,mand1469,-4.007653072115318,4.74174691127798
mang1378,aust1305,-4.587067572110358,2.657938352756492
rapa1245,aust1307,-2.742348253624022,4.10295844215967
mang1401,aust1307,-2.598692965098082,4.036406701504957
penr1237,aust1307,-1.9292707351381648,3.1540226310902373
mang1381,mang1423,3.4658541204381845,6.693385152967721
mang1394,cent2225,1.153525365454643,1.0675256020593764
mang1404,aust1307,1.3368444607398802,0.5732589642519166
mang1405,aust1307,-0.8428887414791837,0.9969122068636622
mang1403,aust1307,0.3288515525250064,0.6849874358974279
tong1308,aust1305,-0.4732912286467803,1.2497665080567266
manm1238,aust1305,-4.35640127585691,2.514054899831793
mans1262,aust1307,-2.2811383462170256,1.3988253575176337
mans1260,hata1242,1.9800932071867088,3.437042647402553
manu1258,aust1307,2.612073477277016,1.5009279236880726
maon1241,taik1256,-6.740494209877131,10.847813317516486
maor1246,aust1307,-2.4863380412174427,4.005723669472923
mapo1242,aust1307,1.4695488786920672,0.5632431617463762
mapu1245,arau1255,-3.9004923319061247,11.338582425609603
mara1382,sino1245,-2.1376771705127524,1.0927419705912609
mara1399,aust1307,0.2548112093847789,0.3452551829034807
mara1379,sino1245,-1.7412187664204763,0.605320818484266
mara1404,aust1307,-3.1095687778761945,1.1022755557148989
mara1386,west2434,0.1828817194404308,1.6089481943016215
mara1396,tama1329,1.4397222786918515,2.6282444821675366
mara1378,indo1319,-5.309698534304131,5.726305367304029
marg1253,pama1250,-5.392803282151695,5.351366277471577
marg1265,afro1255,-2.893218372341754,0.996581956502176
mari1414,drav1251,-6.536370871665291,9.05015343522982
mari1440,coch1271,1.3164895470252589,3.1083097029192803
mari1428,aust1307,1.735435307310241,0.7978011820786506
mari1416,sino1245,-1.1097523792312671,0.5737162708083101
mari1424,west2434,2.8411522381711705,1.923143722144287
moro1289,moro1289,-1.9547209438528388,5.022089151834143
maro1244,aust1307,-1.4475948143332111,0.8737292627433373
mara1385,mang1423,3.1893020442494087,6.636364460480358
mars1254,aust1307,-2.792613498291414,3.753279143076723
mart1255,pama1250,-5.046774840227739,5.260025803984131
maru1249,sino1245,-4.911281317897778,2.332994825622329
maru1252,pano1259,-1.1591853953860127,1.5661456088153043
masa1322,afro1255,-3.071407025104865,1.1200892503968145
masb1238,aust1307,-2.3391095348497366,1.232249956484038
mask1242,aust1307,0.3601744107141842,0.379328172298484
matb1237,aust1307,2.4701634569042445,1.532414882479296
kemb1249,aust1307,-3.170373082577411,2.193479363557781
mati1250,aust1307,0.1555619445145979,0.8526200391382925
mato1252,aust1307,1.8019266286927824,0.7168018435548191
mats1244,pano1259,-1.4071110465545955,1.721804942737597
matu1261,aust1307,1.9488294140981184,0.7982784217538015
matu1259,atla1278,3.0432861554675816,1.9714346110375125
mauw1238,nucl1709,-2.4630073150117178,1.2129982170799387
maun1240,iwai1246,3.3292187568744507,8.193316199418504
maxa1247,nucl1710,-1.4984933527505402,2.3430904974083795
maya1285,misu1242,-2.789009842572722,5.46904452872583
maib1239,mayb1237,1.5159754503266925,4.126054550615761
mayo1264,utoa1244,-2.243120494845384,1.959886881225524
mayo1261,atla1278,-1.0014364994735274,1.032781281758357
maza1304,afro1255,-3.061540560488772,0.9019541939882972
mbaa1245,atla1278,0.8372110266844093,1.2580523771535823
mban1263,atla1278,-1.4360758467099504,1.0263544184055249
mbar1260,afro1255,-2.188553350658429,1.0424265396705543
mbay1241,cent2225,-0.5257282211015797,1.0311496449185622
mber1257,atla1278,1.2376623357300431,1.187194625495911
mboc1235,atla1278,-0.0178515848918285,0.6622527462112409
mbol1247,atla1278,3.64371704118876,1.8286748957711545
mbug1242,atla1278,2.421988410327788,1.2539435893560764
mbul1263,aust1307,2.090867895125144,0.7963330949460019
mbya1239,tupi1275,1.2954323484918149,2.2265798681383924
meen1242,surm1244,-1.6779812522158726,1.814620657545115
mehe1243,sepi1257,-1.4103488861693978,1.0328038832186124
saki1248,tupi1275,-0.101460697090288,1.22190115217213
meke1243,aust1307,0.4047391035680361,0.7436454867127722
melo1242,gong1255,-2.782988542671969,1.4504095917167614
melp1238,nucl1709,-5.964878049322925,1.5656371239610856
mend1268,sepi1257,-1.134098726165794,1.0561487531926712
mend1266,mand1469,-4.973888201301156,4.616289432351397
meng1267,aust1307,0.484366371137626,0.704688378979025
meny1245,anga1289,-1.4121390136269842,3.349235402499032
mera1242,aust1307,0.2546231616008363,0.6927216257427791
mere1242,aust1307,-0.2378680459363509,0.505413125425223
meri1244,east2503,-0.1613024615472387,1.7477499112086026
meru1245,atla1278,-0.7622291058874362,1.1290960175629436
mesc1238,atha1245,3.136996457905673,4.70357041979798
meta1238,atla1278,-0.9911829810758,0.6419731351022815
meya1236,east1459,1.5714969082213832,4.214010336554992
mezo1235,otom1299,-5.551550355280803,4.670590770205143
mezq1235,otom1299,-5.004065743828216,5.214816956690624
mian1256,nucl1709,-4.1962573665308085,1.9311376055878655
mich1245,utoa1244,-1.8413185889427832,2.188271191732724
midd1357,pama1250,-5.500908350577197,5.909006133855506
midd1327,aust1307,1.090128417659475,0.6409421349181681
miga1249,afro1255,-2.8902743743282104,1.8520565772041488
mika1239,musk1252,-3.0935819675805982,5.131105865105905
mikm1235,algi1248,-6.00125013153167,8.236757048812503
mila1245,sino1245,-4.294144861898105,2.0276252319087966
mina1276,afro1255,-2.707018417860884,0.8345257612125163
mina1268,aust1307,-1.5031319148158166,1.7186219515695669
mini1256,huit1251,-2.438306699781577,4.667789475760136
mini1251,aust1307,-0.6958775030068773,0.5990797955423925
minn1241,sino1245,-4.103984408608637,3.6478893672866857
miri1266,jarr1235,2.842067009127765,7.221782693811535
misi1243,aust1307,0.6086726811571159,1.213635490724981
misk1235,misu1242,-5.180997761515139,6.039690353228755
mixt1426,otom1299,-5.5383441977207,4.860103362019077
miya1266,afro1255,-3.222045829605535,1.3651940489777097
miya1259,japo1237,-5.207179352682492,9.251028514062002
lush1249,sino1245,0.8214171592426021,0.9439169192553508
mlab1235,aust1305,-4.336976753963809,2.769273304040881
moba1244,atla1278,-1.6004578520813917,1.2725466844526476
moch1257,maya1287,-2.356606141679432,0.889119920797258
moco1246,guai1249,0.3695523604561976,2.3958679029635093
mode1248,indo1319,-4.680091326056695,5.404215639706807
hebr1245,afro1255,-3.0834270560234502,4.137489440884343
moha1258,iroq1247,2.8325395140282645,4.058498501549153
moii1235,west1493,1.5198809421443862,4.155377031078277
moke1242,aust1307,-2.566009151037401,2.450191591299399
moki1238,aust1307,-2.6358151783441945,2.520195277359891
mokl1243,aust1307,-1.8974743608370392,1.8381827340234531
mokp1239,atla1278,2.650439809395819,0.9968719895044788
moks1248,ural1272,-5.335253770102362,8.627567770629877
molo1266,afro1255,-1.8870438415704944,0.7654693956628442
nucl1452,momb1255,-2.697833038043299,6.766173281875471
fass1245,baib1250,-1.161241826473789,3.553518940805148
mong1338,atla1278,3.383416717348846,2.221190862161656
mono1273,aust1307,-0.8858673733960156,0.9311222779345928
mono1270,atla1278,-1.4287050039673446,1.0892268770654745
mono1275,utoa1244,-3.618862050410436,2.6097700826538865
nucl1458,monu1249,1.3231301095138832,3.763195851097981
mopa1243,maya1287,-2.2081102282116194,1.709616665753666
more1259,utoa1244,-1.2173121090233343,1.1160563294763666
mori1269,aust1307,-0.0777877721510864,0.8028882493490528
mori1268,aust1307,0.4444044869672989,0.8767763528175845
morm1235,aust1307,2.0686559199929864,1.2426079280602789
mort1237,aust1307,-0.5232878218957864,1.6056038443865734
mose1249,mose1249,-3.714378218148856,8.976535770722231
temb1272,atla1278,1.9682116534128384,1.0320897914088505
motu1246,aust1307,0.7762723332766095,0.8159536655928381
mouk1239,aust1307,1.6513819837486503,0.6914026921560197
moun1252,koia1260,-3.352598554127186,3.626094317826647
movi1243,movi1243,-3.2057541256443827,7.675821434834734
tang1347,aust1307,-0.2245045515793697,0.4352197991889817
moyo1238,sino1245,-1.0131800557294524,0.5825796813825157
mpad1242,afro1255,-1.6745675025814897,1.1225867673858776
mpii1239,sino1245,-4.982272993091391,3.1443868263032133
mpot1240,atla1278,4.064227817694228,2.4975732313001497
mpur1239,mpur1239,-1.7466546487137342,4.532847575223521
mual1241,aust1307,-3.2693789462462046,2.280250770424677
mudu1242,aust1307,2.74146106622444,0.9917658350563076
mudu1239,drav1251,-5.826597253059433,8.367305982543392
mull1237,nort1547,1.9495757354394696,4.969120645089431
nucl1240,atla1278,-0.7185062502651478,0.7964719866657042
muna1247,aust1307,1.3683836989750289,1.1986237890550946
munc1235,sino1245,-1.0673114706025362,1.545602424645752
mund1328,atla1278,-1.6920914509257603,0.5636442418492873
mund1325,atla1278,-0.8811330480529058,0.8592107134246607
mund1320,aust1305,-3.878680092395606,3.0593022413575515
mund1326,atla1278,-1.5857431893673346,1.0991387573785634
mund1330,tupi1275,1.7747206270297609,2.290307091010895
abar1238,atla1278,-1.6717496884690028,0.5628979166175192
murl1244,surm1244,-1.9623141138118525,2.007991129469316
murr1258,sout2772,1.789510254764286,4.691952822776804
muru1274,huit1251,-2.6804812742127773,4.768149755814592
muru1266,pama1250,-5.420664655579912,5.59267184390942
musg1254,afro1255,-1.8265981531908828,0.9045237497118864
muso1238,aust1307,1.679309036639272,0.6083216972106094
muss1246,aust1307,0.1305842562578156,1.1734015414357248
muth1236,drav1251,-5.777334241014881,8.509403355642558
muyu1244,aust1307,-0.1567173931742607,1.088134567113526
mwag1236,afro1255,-2.979619755683335,1.2346772368371752
mwan1250,mand1469,-5.180915792186742,4.832179985021295
mwan1247,atla1278,3.096148027930484,2.599452130707034
mwer1248,atla1278,3.40196617350756,2.174301357358672
motl1237,aust1307,-0.8324571859862573,0.7874969818166537
naas1242,sout2948,-4.233747664847428,6.430057678011712
naba1256,nucl1709,-2.6475610485986394,1.1923243564910706
sout2857,aust1307,0.6371627776842184,0.4102586664966647
naka1262,aust1307,0.2853283336793861,0.663807509458417
nalc1240,nucl1709,-6.181307830169873,2.1403352502409305
nali1244,aust1307,-1.3330498271635096,0.7787432172756041
litz1237,aust1307,0.5238578128924987,0.3451817322903157
nama1266,more1255,-3.124366997686959,3.615229347223986
namb1293,more1255,-3.2349104592293765,3.641347656942324
nami1256,sepi1257,-1.7503725359503837,1.1634562783480344
namu1246,sino1245,-5.267715233766663,2.8697479728965085
nana1257,tung1282,-4.977356752868039,9.141427361448065
nand1266,nilo1247,0.258155837118589,0.9340118864302288
nang1262,aust1307,-1.448636414417752,0.998445281701862
nara1262,nara1262,-3.0014802089682244,7.768865876727133
naro1251,aust1307,-3.1562866379068284,1.8292659586811852
yong1270,sino1245,-5.2094628322035215,2.6259363081362395
naru1238,pama1250,-5.5446606785928925,6.0637138612647945
nati1244,aust1307,0.4614180711873539,0.3968434777899059
nati1243,atla1278,-2.2395111719461425,1.1989840322956198
natu1246,aust1307,-1.5158438881954637,1.0160168958013165
naue1237,aust1307,0.2970999476926561,0.9014444774459882
naur1243,aust1307,-2.933954840647946,3.461385705069185
nava1243,atha1245,3.414239674171746,4.446264064386698
nawu1242,atla1278,-0.5708719911731728,0.966025302219048
naxi1245,sino1245,-5.089342208491333,2.407120319259608
ncan1245,atla1278,-1.4745417052252758,0.5664527523543619
ndam1239,atla1278,3.6257421310486087,1.9191360249201
nden1248,atla1278,2.7845783533281456,1.7825400584533906
ndob1238,atla1278,2.615598828745988,1.0002108172242783
ndog1248,atla1278,-1.6290662542433796,1.4723891631694848
ndun1249,atla1278,-0.4970791244482408,0.9851744675461482
nege1240,aust1307,0.2980065180273632,1.0804948594538877
negi1245,tung1282,-5.099062457270929,8.971772192753411
neha1247,aust1307,-1.8254302499896944,1.0498656887387536
kuma1276,aust1307,-0.7338686939341943,0.9207680865067368
nenn1238,more1255,-3.120776904654712,3.646920170416705
nend1239,nucl1709,-5.062475902909086,1.3195613548540326
neng1238,aust1307,-1.809888128875647,1.3322084725140029
nucl1706,afro1255,-3.216509870538091,4.272616699214586
nepa1254,indo1319,-6.341337352143749,4.640768469907938
nese1235,aust1307,0.451774086808097,0.3684778420873105
vinm1237,aust1307,0.3995286202908739,0.3584730146879007
ling1265,aust1307,0.5660997015494518,0.3399926455965278
nezp1238,saha1239,2.8558148583447367,4.661700940845138
ngaa1240,pama1250,-4.692851773349918,5.030887845072472
ngab1239,chib1249,-5.631725060766872,7.064059655737181
ngal1292,gunw1250,3.949740037748635,5.478170825110341
ngam1268,cent2225,-0.4429927303145482,1.0124676881461865
ngan1291,ural1272,-5.094846070806756,9.223886883787277
ngan1295,gunw1250,3.7022582900409673,5.342763848865493
ngar1235,pama1250,-1.94353870807611,2.4007474283215338
ngar1284,worr1236,3.021207668791979,5.342661999241383
ngar1283,mirn1241,1.9534814125766888,2.4055196415102
ngas1240,afro1255,-2.6337047284513417,1.2231592736841836
ngba1284,atla1278,-1.5278566075619082,1.145763114077992
ngba1285,atla1278,-0.9364665675489668,0.8777934603636783
ngge1241,nucl1709,-3.3347540071480566,2.037222719189959
ngit1239,cent2225,3.344747914167678,1.2256984530179391
wang1291,pama1250,-5.556715981906742,5.757110245279357
ngom1268,atla1278,1.8610226683867888,1.1097125605669262
ngul1236,aust1307,-2.2550416341021746,2.1045024635638097
nhan1238,pama1250,-5.451693975392493,6.14907201319439
nhen1239,tupi1275,0.6469590674299353,1.7571945146743229
nias1242,aust1307,-0.002733782902264,1.3494268760999706
niha1238,niha1238,-5.819336613175419,12.974379920313806
nila1242,atla1278,3.0175593070451563,1.5765589993942477
nucl1633,nimb1257,-2.273305564852696,5.51896136835383
labo1244,aust1307,0.5933912856169474,0.3993755973167534
nisg1240,tsim1258,0.7690362159727178,3.421227229589947
niua1240,aust1307,-2.459472438903525,2.606100282928724
niue1239,aust1307,-2.30874654206115,3.057554778692076
niva1238,mata1289,-2.0368084562673383,5.419777799843901
njan1240,atla1278,-1.7360938106663035,0.8098339462245434
nkon1248,atla1278,0.9177413495157084,0.6845555709836528
noct1238,sino1245,-3.791095048463572,1.4883962126154255
noku1237,aust1307,-0.379540822910748,0.6776951830942455
noma1260,atla1278,-0.2609633845065118,0.5951222079880054
noma1263,araw1281,1.9336786520953613,1.6013176699389398
noon1242,atla1278,-0.7628837373481026,1.439364146544852
noon1243,atla1278,-1.3515755566636365,0.5679650878929934
nopa1235,otom1299,-5.592031387325067,4.775913961263651
nort2839,aust1307,0.0783200286557628,0.4237934722777563
nort2697,turk1311,-5.109231750970035,8.387703800487515
darg1241,nakh1245,-1.3070507222570296,0.9929317671220907
nort2930,kiwa1251,0.5896811271039901,2.165633497516307
nort2724,sino1245,-5.001892474113669,2.27248368265648
nort2972,choc1280,-2.8743242810882217,5.326286716958064
nort2702,drav1251,-6.488410595831877,8.771380927497788
gumu1244,gumu1250,1.451786175046152,2.691433278523052
nort2938,haid1248,-1.8412681646987223,4.87502127937708
sing1264,sino1245,-3.842413537660764,1.5935753444526384
nort2877,aust1307,-2.6349858031226825,0.8662994154296495
nort2684,aust1305,-4.19284380290472,2.665636441660091
lush1252,sali1255,-4.474437896389756,5.113285900595308
nort2774,atla1278,-0.5114421372621503,0.9213550554238346
nort2954,utoa1244,-1.005078662236309,2.0499125071748026
nort2957,utoa1244,-1.7708933633202513,1.1145605930463225
nort2723,sino1245,-5.262033950013693,2.763995658336277
nort2747,hmon1336,-6.568884869484126,11.52929724614006
nort2722,sino1245,-5.1346116236406045,3.172841961330974
nort2994,aust1307,-3.953915110821258,2.758119160915172
nort2885,aust1307,-0.9974898039928982,1.1363961701133736
nort2959,utoa1244,-2.208988906165122,1.8642571075787373
tosk1239,indo1319,-4.741839613834912,5.001676128299632
nort2732,sino1245,-4.767643945703791,4.541579900914053
nort2690,turk1311,-5.645427140366436,10.36196584626614
yoku1256,yoku1255,-3.6419682307092778,9.289679644981224
nort2745,yuka1259,-4.598002014281513,12.883604351211574
nort3047,afro1255,-2.1616133081541875,0.7750202717089145
nort2980,quec1387,-4.097647125693053,5.642522036650197
nort3139,afro1255,-5.5215597043514615,4.405641605485448
nort2845,aust1307,-2.537402239572792,3.9992581183299176
nort2671,ural1272,-5.665927068165621,9.006188757098244
nort2942,atha1245,3.202538806197404,5.25900076053472
nort2847,aust1307,2.756932484885428,0.6611742533250791
nort2961,algi1248,-3.798600807244331,6.135203278404841
nort2775,atla1278,-1.9172197306346428,1.3653127978255777
nort2951,maid1262,-3.337900159081593,8.502219423161092
yaki1237,saha1239,1.01418676527451,3.2608453126186188
nsen1242,atla1278,3.924694925173629,3.060132127175949
nuer1246,nilo1247,-1.616104502663239,1.8012236654212348
nugu1242,atla1278,2.432810992416997,0.6166200520931291
nukn1238,nucl1709,-2.5228150536318035,1.1824459054012362
nuku1260,aust1307,-1.5390161766287065,1.938434799547137
nung1282,sino1245,-2.388479312352208,2.028908929041512
nupe1254,atla1278,-0.6916107655608048,1.0366960516281178
nusu1239,sino1245,-4.837079733634318,2.0844941750263715
nuuc1236,waka1280,-3.3089848804311863,7.211942013123798
nyah1249,aust1305,-4.536298754513186,2.509784977472524
nyah1250,aust1305,-4.126470268641732,2.915809958857249
nyak1260,atla1278,4.17233845370162,2.191333438839949
nyal1250,atla1278,0.9886456007368278,1.0462393400926082
nyam1285,afro1255,-3.3028224431636843,1.1579730582454122
nyan1307,atla1278,3.2001021916254007,1.6047620725584435
nyat1246,atla1278,2.9419107521494703,1.528339160264398
nyaw1247,pama1250,-4.839603787440714,4.450104029847292
nyig1240,nyul1248,0.063910148858171,1.7955975041381684
nyis1236,sino1245,-3.745506070403031,1.4409695810258878
nyor1246,atla1278,2.469810596042739,1.3169778464634143
nzak1246,atla1278,-2.1818891926402064,1.1289978350797814
nzak1247,atla1278,-1.7027744935920937,1.2646505887438373
obok1239,lake1255,-2.0786466881083743,5.132666175391634
obom1235,aust1307,-2.606191596947374,0.9781923067945256
occi1239,indo1319,-4.520598609682059,4.399834940028788
ocot1244,otom1299,-5.567238118527884,4.62483086775015
oriy1255,indo1319,-5.641071947965333,4.8789727527038576
ofay1240,nucl1710,-2.8892654704809693,3.0482667034836464
kalm1243,mong1349,-4.202144376013795,9.844960421006707
okan1243,sali1255,-2.2527222488491363,4.1484635239660825
okin1246,japo1237,-5.106908815699811,9.820510953966432
okoe1238,atla1278,-0.63108025614051,0.7362962753551869
oksa1245,nucl1709,-4.34088351961198,1.930678298176888
oloo1241,nucl1708,0.6062677894267461,0.962966328102576
olut1240,mixe1284,-2.7441799980939336,4.1922617561888345
omah1247,siou1252,-1.539173688676623,3.2289925555441865
omie1241,koia1260,-3.1674294698678884,3.633252548450047
onge1236,jara1244,-5.395397625705953,11.875791861474442
bira1253,bira1253,0.6693183787888426,3.1526172431883293
onon1246,iroq1247,2.91453463009915,3.655696849924892
orma1241,afro1255,-3.110342396827283,1.9543407167858096
oroc1248,tung1282,-4.973800212477569,8.919078772948076
oroh1237,aust1307,-2.5112269456072798,1.1326026962578055
orok1265,tung1282,-4.741106785884307,9.206348289889355
orok1269,nucl1709,-5.624874796896125,1.7851944628088514
orok1267,nucl1580,-3.1238715148696885,5.502040718246761
orow1242,aust1307,-2.167908394577019,1.0798675495935814
orya1242,toro1256,-2.284632894853238,5.544886174663663
osam1235,atla1278,1.0325543200473335,1.1623736982028543
otor1240,heib1242,-0.0434967676767894,1.7566961531036451
otta1242,algi1248,-3.283701298993429,5.555739953673006
owaa1237,aust1307,-2.187496570923248,1.509355581064158
paaa1242,afro1255,-3.2458585194009206,1.4942244108442733
paas1238,atla1278,-1.1707769684876652,0.9395080225818244
paco1243,aust1305,-4.62861718699293,2.752494311783172
pagi1243,atla1278,1.9618840619497129,1.0405562062036091
pagu1249,nort2923,4.2759344122545215,2.92347332014022
pahn1237,hmon1336,-6.956281580587971,11.064863130881434
pait1244,sino1245,1.1298991515486834,0.6741603568722816
paiw1248,aust1307,-2.2531164116703506,1.3169888458983028
pala1344,aust1307,-0.1586156954489523,1.7162267250668624
pali1279,araw1281,1.2686581074369427,2.416902991537606
balu1257,aust1307,1.226652355868752,0.8354207127255542
pamb1243,atla1278,-1.5319269415062156,1.1216535573995523
pamo1252,aust1307,-0.2209240924735396,0.8926110947290393
pamp1243,aust1307,-3.3039722037667927,1.371811969981378
pana1305,utoa1244,-3.670288055501844,2.6646857651382323
pana1307,nucl1710,1.105419723433406,1.8742757624584403
enap1235,cari1283,0.5497705483711743,1.9637145403419325
pang1290,aust1307,-3.1668679954901604,1.1378688399818897
pang1291,aust1307,-3.746890962070069,2.0314317793256045
pang1287,atla1278,3.975530786249783,2.2094673805984684
pano1254,pano1259,-2.080184486447,1.802918985650152
pany1241,pama1250,-4.880325534273033,5.140631448997128
papa1238,toto1251,-3.188248035452647,3.968414922026019
papa1265,aust1307,-1.1607295472578412,0.8335994392359982
papa1268,aust1307,-2.9941283939034298,1.4211172527059637
para1302,sino1245,-3.081602595286223,1.101006599139371
pare1272,araw1281,2.0408998274975527,2.304823518307808
pate1247,aust1307,1.118144161798031,0.5805815460561661
patp1243,aust1307,-1.3053738662055872,0.6892722036422256
patt1248,sino1245,-4.4211785449962,4.464254820439178
paul1238,aust1307,2.6083562179088053,1.5011959703710875
paun1241,araw1281,1.5295389174500045,1.5377942559298583
pawa1255,pawa1255,-2.692217519450259,6.323428476337453
pawn1254,cadd1255,1.5331980251663548,4.4760966464586165
pech1241,chib1249,-3.005545511069756,5.463637565704151
peer1241,atla1278,-1.7152340440456966,0.9607129681289076
pela1242,sino1245,-4.1059377828106784,1.90750880440412
pele1245,pele1245,0.845141381924928,3.2187021752809333
pemo1248,cari1283,-0.2970637342431481,1.6945830164195268
pend1242,aust1307,-2.5098097901481164,1.1526408746537609
peng1244,drav1251,-6.61020494658721,8.62687334201474
peri1253,mong1349,-5.6019545606745496,11.275052524187078
phak1238,taik1256,-5.711613043120527,9.926770736960556
phom1236,sino1245,-3.2412727505535406,1.0441581743253714
phon1246,aust1305,-4.642480244791936,2.936822267921196
pila1245,guai1249,-0.616975988576074,2.3741426020732543
pima1248,utoa1244,-1.873818033836543,1.7224999601933906
pina1252,piaw1238,-2.6843188071463877,4.480643555946111
ping1243,aust1307,-2.7881829207686284,2.6445619970789576
pint1250,pama1250,-4.220282165401942,4.2774315631191975
pipi1250,utoa1244,-1.2718564678426636,2.088591117491994
pite1240,ural1272,-5.693814697178462,8.94821408147114
plai1258,algi1248,-3.35247457510248,5.167960113127732
plat1254,aust1307,-1.7035020337414155,2.546935491899662
pnar1238,aust1305,-1.8436347715960888,1.665271881424534
pohn1238,aust1307,-2.3242409965359903,2.447127797734323
poko1263,nilo1247,-0.3907027731195551,1.090107371149042
poli1260,indo1319,-4.61593225412621,5.26796868950146
popt1235,maya1287,0.5271525564453032,0.7122597776475796
port1285,aust1307,0.5724291761989342,0.37322967402919
port1283,indo1319,-3.975493646597168,4.73058273797268
phai1238,aust1305,-4.370125553632331,2.7235677883655853
pras1239,indo1319,-5.002254941736452,5.9740605884091735
psik1239,afro1255,-2.5322956899119813,0.826716412545105
puka1242,aust1307,0.1474081492504355,2.035914914548652
pula1262,atla1278,-1.0790775281038625,1.4487110543831283
pulu1242,aust1307,-0.8622428531579911,1.603711591129338
puma1239,sino1245,-2.986481521221325,1.832970207977928
pume1238,pume1238,-3.4792678296127386,8.76660204150678
pura1257,pura1257,-2.776633385640281,6.529350171733443
pure1242,tara1323,-3.934474587624953,9.643372564747448
puri1258,sino1245,-4.376496097924557,4.616241464557271
puyu1239,aust1307,-2.083145823977224,1.2272890596778776
qanj1241,maya1287,0.7330456447190574,0.8041522952595876
qaqe1238,bain1263,-0.6678410420004677,1.9546862122407376
qawa1238,kawe1237,-3.9758424706101656,11.585748473019873
qima1242,afro1255,-3.0978147483608263,2.461105520604285
quer1236,otom1299,-5.005381295313035,5.35530544091354
quio1240,otom1299,-5.542767057942744,4.639213725874095
rabh1238,sino1245,-3.802345218742044,1.5820643577889315
rade1240,aust1307,-4.168674657065649,2.679385081272608
raji1240,sino1245,-5.061351224066781,3.637810692815542
ramo1244,aust1307,-0.8389586653214782,0.6115118524394259
rapa1244,aust1307,-2.4609648598180147,4.066976109147428
rapo1238,nort2933,-4.138413663156066,7.76263253644293
rata1244,aust1307,-1.060719707133492,1.5302068904190254
raut1239,sino1245,-5.017546845864539,3.721724248882071
rawa1267,nucl1709,-2.965171468777665,1.178225717014849
reja1241,aust1307,-3.3334390906269173,2.0175910690798773
remb1250,aust1307,-0.6974810924152486,0.8975797010607636
reng1252,aust1305,-4.443233865482855,2.541206154141016
renn1242,aust1307,-1.8146125171655985,1.6341506564372157
rere1240,aust1307,0.3876152438394866,0.3550245757178221
resi1247,araw1281,6.117208544099436,2.636728985752274
reye1240,pano1259,-2.025527622545229,2.5768128205896077
rian1263,kolo1268,0.8990724997068558,3.4028572230512424
rikb1245,nucl1710,-0.9886434810622584,1.984020546277078
rita1239,pama1250,-2.336587980029739,2.0962405928887997
beka1241,aust1307,-2.872695983508698,2.299017843003225
roma1326,indo1319,-4.522476093764721,4.519042191102832
romb1245,aust1307,-2.9094851576525214,1.372553258804274
ronn1241,afro1255,-2.9670433363627406,1.2341674958428488
rong1266,sino1245,-1.6909655272415494,0.6359854833827505
rong1264,sino1245,-4.777171702728024,4.0566420919219
roto1249,nort2933,-4.123249600182596,7.739769963401957
rotu1241,aust1307,-2.337629105429297,2.9048457249572976
rovi1238,aust1307,-1.7090312318263612,0.8145234097354095
ruch1235,aust1305,-3.507054615027692,2.397800359035392
ruka1240,aust1307,-2.2784423098696163,1.2295234168748106
ruma1248,aust1305,-2.8689998315037952,2.2983643620796776
rumu1243,tura1263,-3.009198047393451,7.042375768338346
rung1258,maba1274,1.559051026930225,3.5595185004447085
rung1259,aust1307,-3.4981352049731247,1.6935462584617031
russ1264,mong1349,-5.170137479085092,11.208283414736098
russ1263,indo1319,-4.19156578340804,6.150608979720216
saaa1241,aust1307,-0.1135975628279215,0.4503228914796526
saaa1240,aust1307,-2.5332426571602573,1.1216266630088274
saam1283,atla1278,3.2072642024103604,1.4129872205733047
saar1237,aust1307,-2.5985843792922494,1.2589876776803255
saba1267,aust1307,-2.950351920297661,1.4012401047528087
saba1268,namb1299,0.5992231691442163,2.3908623934219424
safw1238,atla1278,1.7685950441690226,1.866218872376642
saga1262,atla1278,2.064535363776437,1.182496299389694
sais1237,aust1307,-2.9310687673908475,1.6786854232683304
yaku1245,turk1311,-5.23649181137014,10.608508303206587
tsis1238,atla1278,0.0763501768246115,1.104652271374091
salt1242,nucl1709,-6.070603215165713,1.4591499445635367
samb1311,atla1278,-1.5878342170337332,0.8793866228135983
samo1303,east2433,-3.341748992357334,6.12905828332579
samo1305,aust1307,-1.7208149139682147,2.3080220912295726
sana1295,afro1255,-5.00891914377532,4.872857181922655
sanb1241,otom1299,-5.576170988270049,4.831072498339795
sanb1242,chib1249,-5.9652537952779685,6.492700094580751
sand1278,huav1256,-3.969012442770926,9.389317312729272
sang1331,atla1278,4.198147748797096,3.206976898651426
sang1321,sino1245,-2.5185854026826,0.7857135189009661
sang1330,atla1278,4.014197330294817,1.9224209956572655
sani1269,sino1245,-5.443712141030598,3.1659233939889404
sanm1301,otom1299,-5.515633852361297,4.800629889208338
sanm1289,quec1387,-3.459455742465986,5.612599365000994
sanm1295,otom1299,-5.598103188443622,4.524349742093497
sant1410,aust1305,-3.965675293409084,2.726001610908975
sant1451,otom1299,-5.527035276654702,4.9393831733563225
sant1436,otom1299,-3.1590380388106887,4.521333587102038
sanu1240,yano1268,-3.454464550672732,6.419856243625565
sapo1253,aust1307,-1.5771708954963874,0.8624394759686798
sapu1248,aust1305,-4.60114092958431,2.5313391524095668
sara1321,cent2225,0.7382436457544967,1.363892494961215
sara1327,aust1307,-2.627848024918883,1.4645008749791355
sars1236,atha1245,3.041744674718516,4.60926359265477
sasa1249,aust1307,-2.070323598388112,1.980868628864334
sata1237,aust1307,0.0634328659106362,1.5539310803851674
saur1249,drav1251,-6.664177813332717,8.729602921951926
savo1255,savo1255,-2.69938735847186,6.382333195269117
seda1262,aust1305,-4.524216666059751,2.6014611724674594
taro1264,aust1307,-2.743920674867597,1.40243788319097
seim1238,aust1307,0.4966274900542533,1.2742684739536774
seke1241,aust1307,0.0494590338000611,0.4672669109319862
sela1259,aust1307,2.277243558799824,1.9790868745097097
sela1260,aust1307,0.9287295429447332,1.0442071241940225
sele1249,atla1278,0.9804503518801884,0.6590907285284366
sele1250,nucl1709,-2.409563925740289,1.2480985415517851
selk1253,ural1272,-5.041176650667322,9.08963972029127
sema1266,aust1305,0.4051346679601701,0.978680109924543
sema1265,aust1305,0.3633589948469202,1.0982661145617918
seme1247,aust1305,0.0634128802592322,1.1569215933155554
sene1264,iroq1247,2.918862143825583,3.5902173397455237
seng1281,aust1307,0.789595647158194,0.7612809104011031
nucl1632,sent1261,-2.276611191832134,5.515851093317572
sout1528,indo1319,-4.7341351521024535,5.027393517946292
seri1257,seri1257,-2.027339750232229,5.424423227853467
seve1240,algi1248,-3.894704129773006,6.277168656349678
sgaw1245,sino1245,-4.48458291052291,2.9709838988382504
shab1252,shab1252,-3.5541254477446644,8.384481943032956
sham1280,atla1278,1.9179670663314956,1.0451780810943436
shan1283,pano1259,-2.43331821541788,1.8347473181032845
shaw1249,algi1248,-3.1290465279709525,5.450747523396833
shee1238,hmon1336,-5.988507913184721,11.2005783700651
shek1245,dizo1235,-3.7544178154811823,7.186077376677329
biao1253,taik1256,-6.243927758578279,10.947104808638873
shil1265,nilo1247,-1.259093448366781,1.7829502341663854
ship1254,pano1259,-2.6478981906326835,2.152547531633962
shix1238,sino1245,-5.159756240250788,2.6032903890887464
shol1240,drav1251,-5.898709611201182,8.376019487162283
shon1251,atla1278,3.6963835557494567,2.946526257754209
shor1247,turk1311,-5.215644260504349,10.33258964866288
shos1248,utoa1244,-3.182280460996628,3.058784937598075
shua1257,jiva1245,-3.5647600016940637,5.289259067148851
shwe1236,aust1305,-3.1750495192451345,2.323741773904695
siam1242,siam1242,-4.131563119383789,9.134048126920977
siar1238,aust1307,-1.0590541903337851,0.7333202875703808
siaw1243,amto1249,-2.645802573147937,6.217560159517694
sich1238,sino1245,-5.281325258793039,2.9134856995940144
sici1248,indo1319,-4.736427420776179,5.065725459924535
sici1249,atla1278,-2.263612796424004,1.2719007925958348
sida1246,afro1255,-2.9276110697435977,1.8848921141330504
siee1239,aust1307,0.6451514986257818,0.7252690347068214
sier1250,otom1299,-5.545824045228346,4.626174364801244
sier1248,utoa1244,-1.938297735617617,1.4171100535484251
sika1261,aust1307,-2.734733143560068,1.736512266401828
siks1238,algi1248,-3.1118938258023605,4.793706372100846
siku1242,aust1307,0.2397938985430956,1.345521476048086
simb1256,aust1307,-1.4530077775225605,0.9145067701313838
sina1266,aust1307,0.8032701512277818,0.7876384353416341
sini1242,mand1469,-5.520567073302589,5.801086678686337
sioo1240,aust1307,2.0053390865951557,0.7400506147910857
siri1274,tuca1253,-3.159926391888471,3.799956843649568
siri1273,tupi1275,0.931257180409538,1.3635752165132526
siro1249,nucl1709,-5.171843185988132,1.197370275180946
sile1255,nucl1709,-4.921576065329549,1.211394561258599
sisi1250,aust1307,-1.7759921089537074,0.9878149651105907
situ1238,sino1245,-5.195870507553021,2.903940694323204
siwa1245,sout2948,-4.04468498063003,6.456300510878727
siwi1239,afro1255,-4.371054698526537,4.7845697571473575
siwu1238,atla1278,0.9315952277200132,0.6604554009889245
skol1241,ural1272,-5.66819756254335,9.015365726374446
slov1268,indo1319,-4.7061713851313645,4.905817436647638
sooo1254,aust1305,-4.631846310289738,2.7634012985770937
sobe1238,aust1307,1.5063276167583268,1.2623045740636076
soch1239,otom1299,-5.542761884506462,4.676302797650401
soga1242,atla1278,0.9201655167418769,1.272683641275691
soni1259,mand1469,-4.873401263559082,5.536951714931744
sons1242,aust1307,-1.5272048090524302,1.9905634736571989
sora1254,aust1305,-3.8357054995293263,3.109178793573662
koon1244,atla1278,3.657975806709102,2.736451454595094
sout2859,aust1307,0.3499015383041053,0.4319642777880297
sout2976,utoa1244,-1.4226407128284566,1.4622633344557483
sout2856,aust1307,3.081222445458822,0.8152164014579242
sout2954,japo1237,-5.064968374741075,9.983030552601551
sout2996,ayma1253,-4.315864253254163,8.469727271741649
sout2730,sino1245,-5.082101465835608,2.4111949750703463
raro1241,aust1307,-2.3688411689008357,3.5902651494334634
sout2741,taik1256,-6.590629689465579,10.991313345884487
sout2715,sino1245,-5.280948580268522,2.6904141089187856
sout2826,krua1234,-3.303717390336224,8.559249649313891
sout3236,gumu1250,1.2290414053460514,2.6000359930775385
sout2956,haid1248,-4.281661192758965,5.294967322743375
kach1280,sino1245,-3.869574612068544,1.8207769585566496
sout2949,kiwa1251,-0.8062197175334159,2.2586811391507453
sout2994,namb1299,-1.6826161865090024,2.747498548492373
sout2649,indo1319,-4.813371693846902,6.216592607117542
sout2729,sino1245,-5.168763339149773,2.574743207013686
sout2728,sino1245,-5.197009771376564,3.15544122274909
sout2918,aust1307,-3.588229523983866,1.9840085121957465
sout2985,miwo1274,-3.657630792437889,7.545073425522837
sout2807,atla1278,1.2469411853556385,1.9750833878838063
khan1277,sino1245,-2.280932326975704,0.6702726230266496
sout2679,ural1272,-5.801549034415557,8.493441671167323
sout2782,atla1278,-1.2991741625930149,0.8985848604626057
sout2895,aust1307,2.610482320362946,1.480255251812217
sout2674,ural1272,-5.701154698315993,9.190449346879925
sout2959,atha1245,3.0816678550575065,5.13904363177536
para1301,aust1305,-3.907264871356861,2.4808617730499147
sout3261,nakh1245,-1.477775809389779,1.0145314333866686
sout2869,aust1307,0.269080458666652,0.610071273479182
stan1318,afro1255,-5.483567632460744,4.904974524622279
indo1316,aust1307,-3.020547754662433,2.7134126238722853
stan1306,aust1307,-0.0119400455005882,1.1129566087355176
horp1239,sino1245,-5.226848794374461,2.805552605119076
suab1238,sout3418,-0.7004372423365499,3.169315674374665
suba1238,atla1278,3.431558601408233,1.408928948937099
sude1239,aust1307,2.6184176421816825,1.741978104601959
suen1241,nucl1709,-5.436965584174683,1.7011912806605007
suku1259,atla1278,3.835281584824968,2.916998380545952
suku1261,atla1278,3.516363323766995,1.8983891794595904
suku1272,afro1255,-2.4571301152751284,0.8090498591871658
sulk1246,sulk1246,0.7466079794783402,3.142394467727716
sumi1235,sino1245,-0.3536399884668773,0.7278592126431267
sund1252,aust1307,-2.884795666174613,3.004098129870732
mari1426,aust1307,0.0738011103835862,0.6641631774848662
sunw1242,sino1245,-5.435512040285348,2.11599253660612
supy1237,atla1278,-2.2981232259089843,1.5887193207996102
surg1248,ural1272,-5.372981638030426,9.326016831679429
surs1246,aust1307,-1.339292625754358,0.7074661381005747
swah1253,atla1278,3.230851211714619,1.843873248300259
swed1254,indo1319,-4.461743035718993,5.684719281372802
taba1263,nort2923,4.09597364669091,3.0335923159529763
tabo1241,tabo1241,-2.03703099097489,5.065866786267101
taga1272,aust1307,-2.6868990412807925,1.07040836741327
taga1273,aust1307,-3.0199849630634654,1.548208205441691
taga1270,aust1307,-2.941467915247416,1.4373049361539625
tago1246,rash1249,2.13831830840393,3.6739720635302593
tagw1240,atla1278,-1.6805725017954982,1.4543325360882076
taha1241,afro1255,-3.993167759669341,4.325221001696187
tahi1242,aust1307,-2.650236180308074,3.8794442259351865
taia1239,taia1239,-1.9690496667096884,4.835561642140897
tain1253,anga1289,-4.144616801509256,3.636437040476052
taji1246,aust1307,0.0780205744631559,1.0449739502554998
taki1248,aust1307,1.9870028749269872,0.8642637646162736
taku1257,aust1307,-2.2545841720209707,1.631550513150028
binu1244,aust1307,-2.574732737495161,0.9938235080373748
tali1259,aust1307,-2.039147340155931,1.0001116429768615
tama1331,tama1329,1.408629068074104,2.6463028545490648
malo1243,aust1307,-0.031821209347302,0.4181271550546643
tama1365,afro1255,-4.620225904597954,2.474082081558098
tamb1254,aust1307,-3.270664176113752,1.4160405226118409
tami1290,aust1307,1.980365517945069,0.7696384091901791
tami1289,drav1251,-5.809079038957169,8.731495998064002
tane1237,aust1307,0.1964239295682359,0.7718251243953116
tang1377,sino1245,-4.418371341751618,2.182620524100699
tang1348,aust1307,-1.7595807104675965,0.9801349252920808
tang1373,sino1245,-4.637864506639811,4.203355884242495
tara1313,sino1245,-1.1594673159605446,0.5489932229970407
tari1256,araw1281,3.612637561433486,2.214649101890558
tari1263,afro1255,-2.30725648461719,3.138827110950464
tata1258,otom1299,-5.604688213614912,4.6944181873879565
tata1257,aust1307,-3.0179239925589254,1.413878894103318
tata1255,turk1311,-5.104080505151156,9.621229867339306
taul1251,taul1250,0.529526078546648,2.98949894111837
taus1253,taus1253,2.09687217807078,5.343906642740224
taus1251,aust1307,-3.7291110790297735,1.878959641754312
tauy1241,nucl1709,-3.0741636347191807,1.2385628672895237
tawa1275,aust1307,1.2551301777370814,0.7886376838564733
diga1241,sino1245,-4.497823275270156,2.2316231348163686
taya1257,afro1255,-3.5099735674552326,3.439036703655177
tbol1240,aust1307,-3.072624435079556,1.2579526918466666
tean1237,aust1307,0.1368868009189441,0.7895818904906999
teda1241,saha1256,-2.560305535814749,4.270877556119768
tedi1235,sino1245,0.7761153975063575,0.7632127834497648
tega1236,rash1249,2.156580126971744,3.666520238225232
tehu1242,chon1288,-3.955579399247653,11.504868447885697
teiw1235,timo1261,-2.8574514374821547,2.941635498994497
tekt1235,maya1287,0.0383416055375076,0.8084745353438052
tele1256,nucl1709,-4.343397469476634,1.9755731708687705
tema1239,utoa1244,-1.4678539456604198,1.2834731199650165
temi1246,aust1305,0.3009946584216854,0.8719680197372952
temo1245,otom1299,-5.071308170334891,5.073372470056293
temp1235,aust1307,-3.534401705046556,1.5460195350202142
teng1272,aust1307,-2.805570697028388,2.4186995421245
tene1248,dogo1299,-4.43963088829652,7.796276502719912
tenn1246,surm1244,-1.6090891650838215,2.211984356511593
teop1238,aust1307,-1.5755206867806495,0.841548355977503
tera1251,afro1255,-3.3642031810024733,1.2098484953064652
tere1278,sout2948,-4.134033207219208,6.459924659122242
tere1279,araw1281,2.1768129256694486,2.5888785266479357
teri1250,chib1249,-5.613764222287723,7.061309257541036
term1237,aust1307,0.0829184681380192,1.0568314113063677
tern1247,nort2923,1.9108449149462892,2.6374839832764057
tete1251,utoa1244,-1.479568724697947,1.11966548173878
tetu1245,aust1307,0.0484600375666648,0.8236932057654727
tezo1238,otom1299,-5.557612483419921,4.555520440381402
thad1238,sino1245,1.204181097891825,0.6448374658998297
thai1261,taik1256,-6.191409156854151,10.449299647794826
thak1245,sino1245,-5.219946449863107,3.152080124832977
than1259,sino1245,-5.286184114033148,2.6584983378224507
thao1240,aust1307,-2.7738678270528494,1.340974176537202
thar1283,atla1278,1.8225847849351653,1.24023085463301
aheu1239,aust1305,-4.589675782995927,2.849317176906768
thay1249,pama1250,-4.525600322393407,3.511910743558648
thul1246,sino1245,-5.274044857995414,1.9826248405906863
tibe1272,sino1245,-4.713103546925311,2.362386621360397
ticu1245,ticu1244,2.6456441123094563,6.739328371326353
tido1248,nort2923,2.5284728154727887,2.7791731117541296
tief1242,atla1278,-1.9096295516858848,1.009327154904211
tief1244,atla1278,-1.8787892976708256,1.011935622681655
tien1242,atla1278,3.7369999687018662,2.1944125341583973
tiga1245,aust1307,-1.2246334862064767,0.8419679104257547
tigo1236,atla1278,-1.7958765399038523,0.7231122455220014
tika1246,atla1278,-1.422443204781957,0.8236745333344135
tiko1237,aust1307,-0.2370537712289286,1.1243361066857709
tilu1238,sino1245,-5.411877901941756,1.990174343969592
timn1235,atla1278,1.7967653163728157,1.294617379285956
timu1262,aust1307,-2.665210117629364,1.380307724316447
tina1248,aust1307,-3.253230984626569,1.336522385037748
tira1254,heib1242,0.0753140797968807,1.756718649376225
maee1241,aust1307,0.4194380309955239,0.3681634541719969
tiri1258,aust1307,-2.2734981409819675,1.1253983575077928
tiru1241,aust1307,-3.1589933762843625,1.1722182746349166
tita1241,aust1307,1.4030480723205594,0.8666926225706231
tiwi1244,tiwi1244,3.4827796921568197,8.462810695232674
toab1237,aust1307,-2.729192987660176,1.08870487632875
toar1246,nucl1580,-2.85034101900714,5.353883980386868
toba1268,leng1261,1.4228391543585657,4.149565360876784
tobe1252,nort2923,4.449727095150236,3.0056240092868904
toda1252,drav1251,-5.862144873964692,8.328091639480444
toho1245,utoa1244,-1.8709002959249543,2.025841317321269
tojo1241,maya1287,-2.067763277217874,0.990526445509575
toke1240,aust1307,0.1740612067014471,1.9833784332806204
toll1241,jica1245,-2.183970678512084,5.597983827982674
tolo1255,aust1307,-0.1544581357880834,0.5448812816847042
toma1245,mand1469,-2.935077791873272,4.279818715438296
tomb1244,aust1307,-3.5373474732495365,1.6315129158371189
tomm1242,dogo1299,-4.458998210621946,7.9093749320142
tond1249,song1307,-4.629677766591329,7.47358576884723
tong1325,aust1307,-2.634322994396559,3.433920808907816
tong1318,atla1278,3.6819747130838576,2.8031935186935097
toor1238,atla1278,2.5690801753738737,1.3236515923322063
tora1259,aust1307,-1.383625098850962,0.8645862802144268
tote1238,atla1278,3.5631612469522342,2.664101604375825
toto1302,sino1245,-4.799880092495498,2.056917374347279
touo1238,touo1238,-4.123596994354548,8.777571005534696
trin1274,araw1281,1.6301727134874875,1.42404300595733
trio1238,cari1283,-1.108638941004828,1.6560694144675576
trum1247,trum1247,-2.2543832240542048,5.742512430029278
colo1256,barb1265,-3.5333144181211145,6.558685496373471
tsam1247,afro1255,-3.089800168802224,1.5872089662540905
tsat1238,aust1307,-4.232413119585197,3.62589017506423
dido1241,nakh1245,-1.708882055674762,0.8575249283269475
tsha1245,sino1245,-4.138853808845751,1.8072898154272607
tsix1234,khoe1240,-2.612585498057169,5.073115580836017
tsog1243,atla1278,0.1977988894789319,1.400682937322303
tson1249,atla1278,-0.3168812993738417,1.5017823311588714
tsou1248,aust1307,-2.4850653176290933,1.2384109814214508
tswa1255,atla1278,0.185654541201294,1.5135725324621632
tswa1253,atla1278,2.352591058379687,2.2641870376330804
tuba1278,utoa1244,-3.682858968775317,2.548747021155206
tuge1241,nilo1247,0.1339105976011687,0.9712073361477014
tugu1245,aust1307,1.0760456161743006,0.96568551565424
tuka1248,aust1307,1.4481259212874225,1.307308829992632
tuki1240,atla1278,2.300776960969316,0.7480017699665176
tula1252,atla1278,1.268549137732356,0.7786368187682626
tulu1258,drav1251,-5.878250563364911,8.65458464425128
tuml1238,aust1307,1.2443687648605826,0.9050111038844372
tumu1242,atla1278,-1.015343252807655,0.9889541125713208
nene1249,ural1272,-5.376052297103166,9.3840160817168
tune1261,atla1278,-0.4126800223200919,0.6245631904341309
tung1290,aust1307,-0.7531455956152344,0.95598227631438
tunn1238,afro1255,-3.143747480643597,2.697519789106785
turk1308,nilo1247,0.9331761644540352,1.4581522817872834
turk1303,turk1311,-5.593806865006529,9.542799356356957
nucl1301,turk1311,-5.365586139582272,9.633265175713072
turk1304,turk1311,-5.526130523742959,10.2084570731876
tusc1257,iroq1247,2.8166309665910254,3.874022427293747
tutu1241,aust1307,0.0927855455613837,0.4306593711661612
tuva1244,aust1307,-2.427024643533491,3.346455731943649
tuvi1240,turk1311,-5.323427056603333,10.385307457772434
tuwa1243,aust1307,-0.0316391938922435,0.6919804029744938
tuwu1238,atla1278,0.9066867229263798,0.6856529200873336
uuuu1243,aust1305,-4.482581497746948,2.69751703585713
ubir1237,aust1307,1.4247195369752674,0.7767668344026539
udii1243,nakh1245,-4.279748100323304,1.5345669658333492
udih1248,tung1282,-4.874377238081406,9.154096386122866
uduk1239,koma1264,-4.308417258516755,4.805782789060265
ughe1237,aust1307,-1.6090009272378007,0.8720346399467633
ugon1239,sino1245,-4.589108556812159,3.583120213131565
ukaa1243,atla1278,-0.9036290188741972,0.7469959425624886
ukra1253,indo1319,-4.391585253395053,5.701972320674356
ulch1241,tung1282,-5.049360694112521,8.792172381672597
ulit1238,aust1307,-1.8377847458357024,2.1199423432995363
ulwa1239,misu1242,-2.8778769706672733,5.6806610347219095
yaul1241,kera1258,-1.219750544053355,3.2983943348545868
umaa1242,aust1307,-0.70298755184238,0.9598653933934268
uman1240,daga1274,-1.5549788260540545,2.8201929636219862
umbu1257,atla1278,3.1186447619310536,3.604254680073375
umbu1258,nucl1709,-6.438452639396063,1.7111513324510454
umes1235,ural1272,-5.756240244280895,8.872780273228202
unaa1239,nucl1709,-6.394364960969716,2.2131529818602083
unua1237,aust1307,0.3916907144445734,0.3384339464664077
uppe1427,aust1307,-3.340171865892443,1.5147166293649867
uppe1275,toto1251,-3.2175960934641465,3.900777676387977
urak1238,aust1307,-1.3542882873306374,1.6087993962168792
urar1246,urar1246,-2.2002974312465007,5.577250409267659
urav1235,aust1307,0.6863355694284463,0.7527459753051691
urim1252,nucl1708,0.4069249280980678,0.9019521916649342
urip1239,aust1307,0.275402801758652,0.362949361271875
urni1239,giim1238,3.3125974797596087,8.071383104016522
usan1239,nucl1709,-2.444486740462683,1.1632031641436154
utes1238,utoa1244,-2.9722266460227083,3.336491453202868
pile1238,aust1307,-1.6136220722405676,1.131988371562498
veps1250,ural1272,-5.624396861810295,8.739677193951312
vera1241,aust1307,-0.9401892402804854,0.6788456302490946
viem1243,atla1278,-1.3135544512692476,1.0300616841972676
viet1252,aust1305,-4.619156464372773,3.25613322039991
voti1245,ural1272,-5.7661784586114,8.457374260832179
vunj1238,atla1278,2.0283284545389075,1.1178162301905843
vure1239,aust1307,-0.9037274901691444,0.702728264335688
vwan1235,atla1278,4.066105066350229,1.9913949631561536
wadj1254,wadj1254,3.442841498688105,8.2034121853886
wage1238,wage1238,3.44088114769676,8.25554206911946
waig1244,aust1307,2.00237103649173,1.5558044498437482
waim1251,aust1307,0.6815880875717504,0.7678826306733537
waim1252,aust1307,0.1839756969172707,0.8118493974100787
waim1253,cari1283,0.9956782645982224,1.7134900005942058
waiw1244,cari1283,0.5322863963779727,1.3808844380741956
waja1259,atla1278,-1.1911062669588364,0.8041126975506678
waka1274,pama1250,-5.3809091020251785,5.74765135945373
wala1266,aust1307,-2.6341868334862126,0.975225320795639
wamb1258,mirn1241,-1.0463983893619058,2.325061026272518
wamb1259,nucl1709,-6.837158106645582,2.313468640861013
wamb1257,sino1245,-5.377456741760496,1.9851135505597544
wann1242,mand1469,-5.165476477601412,4.8311528001953
wand1278,afro1255,-2.147228848413296,0.8345200086095765
wand1267,aust1307,2.3388328673254293,1.2652284881120792
wanm1242,pama1250,-4.485765287404076,4.81271071515479
saka1289,aust1307,-0.087399355738464,0.5453786694149745
waor1240,waor1240,-2.686099845075896,6.720086384233699
wapi1253,araw1281,1.979923287992984,2.277957175294409
wara1303,wara1303,-2.0999782774184137,5.6256574444777065
wara1300,aust1307,0.7981178657921579,1.1983640243363674
ward1246,yang1287,3.1778977480500044,7.882572126695504
ware1255,araw1281,3.0269907716755817,2.1553624284471944
ware1253,aust1307,1.7123588032854284,1.2585369582993504
wari1268,chap1271,-3.398926680489859,8.256124743227248
warj1242,aust1305,-2.36250516499053,1.8315058511069129
warl1254,pama1250,-3.466601283256037,3.5507543670949726
warl1256,pama1250,-4.756667554670711,4.258856182182303
waro1242,aust1307,1.9349403202132072,1.1997776554486048
warr1255,pama1250,-4.804108635384758,4.383377018367591
waru1265,pama1250,-3.8817265675614654,3.5265649488991144
wash1253,wash1253,1.3286077550823592,3.982919876023818
wask1241,nucl1709,-4.809117876439181,1.3447695660270167
waur1244,araw1281,3.1899499869168606,2.5090609417897767
wawa1246,atla1278,-1.823594772965724,0.8920919474091349
waya1269,cari1283,-1.5118781254012017,1.8514727957355053
wayu1241,sino1245,-5.411477356707542,2.1400362283224226
wayu1243,araw1281,-0.6607299570203802,2.0941632295815715
weda1241,aust1307,1.3096941597708174,0.7047304616740231
wels1247,indo1319,-2.8676522662130197,3.3619573427693474
nort2864,aust1307,2.6048895596759074,1.4994148701518828
weri1253,kuni1270,-1.5744767028418694,1.288645229947914
west2564,aust1307,-3.2435067283708485,1.7166508700550676
west2560,aust1307,-3.280993857042418,1.461052657328624
west2548,aust1307,2.076055409490965,1.5174236758911306
west2615,atha1245,3.663280489669711,4.348664691187967
west2441,pama1250,-4.543047155847248,4.333298782133365
west2397,aust1305,-4.53951908578445,2.735318039551613
west2555,aust1307,-2.678632350669261,0.9481276158309164
west2618,eski1264,-4.219134787343861,10.27340336557126
west2650,aust1307,-3.531231817883808,2.881819140955715
west2594,nucl1709,-3.236724693278143,2.056574282660348
west2778,utoa1244,-1.419516918686233,1.3978387805424894
west2369,indo1319,-4.637754446087151,5.830421342954459
west2519,aust1307,-2.2796478745663213,2.6778206814629666
west2354,indo1319,-4.240515363015014,4.407306282643702
west2644,otom1299,-5.600986536388976,4.703712710987622
west2624,utoa1244,-0.8414066829930644,1.3198631408041963
west2466,atla1278,-1.9964911085143655,1.0664875809185317
west2632,kere1287,1.564155489303864,4.432189251389646
west2396,aust1305,-4.015533287765492,2.5635278981627145
west2418,sino1245,-5.223541887976916,3.1360186582872185
west2392,ural1272,-5.405663503116739,8.520885161643585
west2763,afro1255,-5.395709483714839,4.425552878549787
west2557,aust1307,-3.760590140440876,1.6541246528450235
west2415,sino1245,-5.363022182528803,2.6119170607054336
sanj1284,otom1299,-5.549348310732469,4.624232038829225
west2430,hmon1336,-6.343699642857663,11.711129428037973
west2599,nucl1709,-4.380419842061306,1.8018533041279312
west2600,nort2923,2.2656313094984464,2.618694248388943
saka1291,aust1307,-1.4557913194845535,2.314691461000143
west2516,aust1307,-1.5699186939083165,1.0283013515040729
whit1269,aust1307,0.2725345176279869,0.6246778276920981
wikm1247,pama1250,-4.486971329140642,3.450872477511425
wiru1244,wiru1244,-2.7591769009376685,6.5020220250081415
babi1235,atha1245,3.641885456880952,4.827650540474417
woii1237,aust1307,2.227492416459992,1.3022283405641364
wola1253,afro1255,-3.284127588036961,2.076996232916013
wola1242,gong1255,-2.3211828292661165,1.4494253187926258
wole1240,aust1307,-0.9040542218169704,1.8154155306870263
woli1241,aust1307,3.662902242568301,1.2856372977538282
nucl1347,atla1278,-0.153587081288248,1.4561296132727737
wood1236,algi1248,-3.8679104711966175,6.381306229400726
wotu1240,aust1307,0.3492294684559756,0.8400909012589644
woun1238,choc1280,-5.523468528051408,6.0651562706834845
wuch1236,sino1245,-4.028662742354364,4.694089511634644
wudi1238,sino1245,-5.342380540965414,2.910855649077236
wuna1249,worr1236,2.9970275470059757,5.188287570577492
wusa1235,sino1245,-5.369528377340316,2.8944234102119726
wutu1241,sino1245,-4.743230364038422,3.943450763098373
wuvu1239,aust1307,1.14697618596463,1.213133101325555
xamt1239,afro1255,-3.3935414324967783,2.611812140025947
xara1244,aust1307,-2.262477862210619,1.101068934727051
xhos1239,atla1278,0.0168931904321456,1.915887118301088
xish1235,sino1245,-5.159555706570293,2.5065265315042726
xokl1240,nucl1710,-1.1074726948208624,2.4098052747114966
yaak1241,afro1255,-0.6001477997089903,1.2417853407244266
yabe1254,aust1307,1.9980557347108148,0.772405460076202
yaey1239,japo1237,-5.362063113226864,8.853667469735566
yaga1260,nucl1709,-3.521367142445505,1.3549841389287425
yagu1244,peba1241,1.453752702509708,4.110668458185447
yaka1272,atla1278,-1.458477891914726,1.2103399488369977
yaka1277,aust1307,-3.6828146929185217,1.8290206653554983
yaka1269,atla1278,3.803103526939668,2.8699113963287517
yakk1236,sino1245,-5.217292514806681,1.9900078451506555
yako1252,atla1278,-1.0945260272105308,1.017401962153798
yale1246,yale1246,-2.517826700653683,5.924036878666252
yami1254,aust1307,-2.2533388788849766,1.423133707229372
yami1256,pano1259,-3.297073448558383,2.2199628198891315
yamp1242,sino1245,-5.410118306806952,1.9749851908109568
yand1253,pama1250,-5.343015913540615,5.327295603566775
yane1238,araw1281,4.570533789802505,2.101271888216621
yano1261,yano1268,-2.68393437021826,5.947581762251129
yany1243,pama1250,0.1709135688568201,1.7841421880612085
yaoo1241,atla1278,4.038320014756215,2.7879743238795243
yaou1238,mand1469,-4.836641132527684,4.882689043900568
yape1248,aust1307,-2.178804587415045,2.097126548691905
yaqu1251,utoa1244,-1.1680316248748686,1.7532173451100288
yare1248,yare1250,-2.188055035639631,5.26914009789113
yatz1235,otom1299,-5.50742164308055,4.680760503339199
yaum1237,nucl1709,-2.6317662691862025,1.161189519365001
nucl1454,yawa1259,2.769655489628592,6.61678090992808
yawa1260,pano1259,-2.7390831422842896,1.9610674173507867
yawu1244,nyul1248,0.527160928524502,1.7601444694612989
yecu1235,toto1251,-3.2627766113543464,4.116981071248285
yele1255,yele1255,-3.017065878329161,7.471410714200072
yems1235,gong1255,-2.8144374400529752,1.8685270021768456
yapu1240,nucl1708,0.3867125572709851,0.8627844179545168
yess1239,sepi1257,-1.6235414054828397,1.0638005415593916
yeyi1239,atla1278,3.163992961882933,2.543156614048282
yidi1250,pama1250,-4.725355209960063,4.121977770195887
yima1243,lowe1423,1.982049567237811,4.869319054024686
yinc1238,aust1305,-3.680751632662828,2.4665853479527424
yind1247,pama1250,-5.0505163989062565,5.208567960645874
yine1238,araw1281,1.8756718136515105,1.5499906795345542
yoga1237,aust1307,-2.065275662816246,0.8414473774063467
yona1241,japo1237,-5.480396961988255,8.648218120214187
yong1276,taik1256,-6.81207336863252,10.824302710420332
yong1280,nucl1709,-7.257535921045425,2.3592849907966595
yora1241,pano1259,-4.291138483771025,2.5301656750184023
youl1235,sino1245,-5.251658430147961,2.600596166723429
youn1235,hmon1336,-6.3947727232636025,11.486016962760887
yuca1254,maya1287,-2.460650617952471,2.5604874926081056
yuch1247,yuch1247,1.4133601746740396,4.287753781389377
yuec1235,sino1245,-4.706066282345146,4.40808207050652
yukp1241,cari1283,-1.809471127051972,2.6458211827892555
yulp1239,pama1250,-3.6989569052628606,4.02408836789243
yulu1243,cent2225,-0.8983666156433401,1.463669305441286
yuqu1240,tupi1275,0.1485374152091072,1.4180074962865437
yura1255,yura1255,-2.2556811352803487,5.621209057948583
gami1243,pama1250,-5.558390145429788,5.833114597639048
zaba1237,aust1307,-2.300612652374749,1.1188037363638994
zaca1242,otom1299,-5.596219287736266,4.785219260536417
zaca1241,utoa1244,-1.825669141665348,1.1018920823959295
zaiw1241,sino1245,-4.35091578585976,2.0191232007325954
zamb1245,atla1278,2.499259474832657,1.0172805051137723
zand1248,atla1278,-1.8804662912131112,1.3277013920167793
zani1235,otom1299,-5.600979076574599,4.580089472735617
zapa1253,zapa1251,-1.020407108202594,2.469964901486252
zarm1239,song1307,-3.5983713880641224,7.387750158960556
zays1235,gong1255,-2.368138148803163,1.4458367362843827
zeme1240,sino1245,-2.040517117708514,0.6969361891000236
zenz1235,otom1299,-5.606708019190551,4.606994185629498
zhab1238,sino1245,-5.1777321755353976,2.8641527997810297
zigu1244,atla1278,-0.4388290066921971,1.0977277931096123
nort2795,atla1278,3.0897507014868464,2.5132357303559534
zinz1238,atla1278,3.601909212833021,1.9472446324257788
zoog1238,otom1299,-5.468192440358617,4.666025673729953
zulg1242,afro1255,-2.1317718095876077,0.7561914958557967
zuni1245,zuni1245,-1.6236007468180589,4.510897522830748
