Glottocode,Family_ID,GPGLMM_Latent_Mean,GPGLMM_Latent_Variance
abad1241,aust1307,-19.100266175801707,1031.7888252538496
abee1242,atla1278,-24.29630902582781,1044.7879792468032
aben1249,aust1307,-19.67647882066109,1032.8709998671156
abkh1244,abkh1242,3.985925830943584,53.03735703655877
abua1245,nucl1708,-7.140750057462007,497.2745608592329
abun1252,abun1252,-25.350552917811928,1051.5147395980168
achi1257,aust1307,-19.67618153592079,1032.874661954242
ache1246,tupi1275,-25.327095706168688,1051.8421187962683
ache1245,narr1279,-25.342733345986016,1051.7973943306658
achi1256,maya1287,-25.350209438381334,1051.8297200837449
achu1248,jiva1245,-25.32053352610873,1051.8404139652157
achu1247,pala1350,-25.3494580127596,1051.842749957818
acol1236,nilo1247,-25.342197749930225,1051.8424124809037
adan1251,timo1261,-25.345742405497624,1051.840775571294
adny1235,pama1250,-25.349338178940226,1051.8407911508298
adon1237,aust1307,-19.67644972302866,1032.872910178475
adze1240,aust1307,-14.645519262041386,949.2751299035484
aeky1238,kamu1264,-15.362725358897665,900.1239538925001
afad1236,afro1255,-9.738904989179169,741.3779254281936
afar1241,afro1255,-5.378281285463466,179.5116270506544
aghe1239,atla1278,-24.119936707225392,1042.5930215016083
aghu1255,nucl1709,-21.012329614060093,1015.535863566402
agob1244,paho1240,-25.212612928231938,1051.8100030876224
agua1253,jiva1245,-25.34629128861434,1051.8427462895313
agus1235,aust1307,-19.676472443786288,1032.8751110383453
agut1237,aust1307,-19.67648001809475,1032.8728835507452
ahin1234,aust1307,-19.676487916619973,1032.86678515327
aika1237,aika1237,-25.181684638418467,1051.780123727067
aime1238,bosa1245,-12.38529701967896,1037.148757896554
musa1266,nucl1709,-20.15075218352404,1026.050834890675
ayiw1239,aust1307,-19.676475260778467,1032.872781853926
ajab1235,atla1278,-24.29645299499352,1044.734786483208
ajas1235,kres1240,-25.343986630045087,1051.8427079982025
ajie1238,aust1307,-19.67647632037101,1032.8725335682775
akan1250,atla1278,-14.16043181269588,1044.0103094466397
west2635,maya1287,-15.214126507818182,1051.3034283469608
akei1237,aust1307,-19.67649582254834,1032.8642312805905
akha1245,sino1245,-21.191846336932542,1008.5720407944876
akoo1248,atla1278,-14.145668556019848,1043.4650977448057
akun1241,tupi1275,-25.23164307198981,1051.822589249267
alab1254,afro1255,-5.857195545984391,228.78202902648457
alab1237,musk1252,-25.350111324291777,1051.8427543009643
alac1244,otom1299,-15.214302654218535,1051.4476935902985
alag1248,afro1255,4.793684390434056,106.17797836515172
aleu1260,eski1264,-25.350111323674344,1051.8427543398257
alor1247,aust1307,-19.6764489474163,1032.8746946164904
aluk1238,drav1251,-15.206797243184234,1051.045441737755
amah1246,pano1259,-25.34724199860245,1051.8425681387996
amam1246,kuni1270,-21.81173690558565,1017.0008578092088
amap1240,left1242,-20.563584847411303,946.0357349284424
amar1272,aust1307,-19.496606011691966,1030.956146072446
amar1274,hara1260,-25.346854162548773,1051.8427476304548
amas1236,nyim1244,-25.34395487751029,1051.8420236795096
amdo1237,sino1245,-14.105036705987068,1046.6970776961064
amha1245,afro1255,5.066886330571586,137.4984435572627
amii1238,west2434,3.6000387558413447,35.521525463815806
amis1246,aust1307,-19.676474881153386,1032.8737675643763
hoaa1235,kxaa1236,-25.33992831933795,1051.8426709346118
amri1238,sino1245,-21.615453745022783,1011.1306560314616
gily1242,nivk1234,-25.341977191164823,1051.8427399227544
anei1239,aust1307,-19.676473379014148,1032.8745120928131
anfi1235,gong1255,-12.47242110935032,1027.2037015933074
anga1290,anga1289,3.981797638212976,52.6359472824563
anga1288,sino1245,-23.6797524494315,1044.9941371641055
ango1257,chib1249,-25.347219729048977,1051.8427471192265
wara1294,more1255,-24.95967848479952,1051.4629542849214
anta1255,aust1307,-19.67263817564105,1032.8853143600195
anua1242,nilo1247,-23.08124755166478,1037.4570206793271
anuf1239,atla1278,-24.29474179785806,1044.7150416045365
anuu1241,sino1245,-24.204479193942294,1047.5063332967316
anut1237,aust1307,-19.676469141121288,1032.8758912549508
aona1235,sino1245,-24.089351463415944,1046.217729317526
aoua1234,taik1256,-25.34117497862164,1051.8427127817065
apat1240,sino1245,-24.109324350628235,1047.344005197546
apin1244,nucl1710,-23.1733125342994,1045.0764673232004
apma1240,aust1307,-19.67650349626202,1032.8597744559488
apma1241,kera1258,-17.16154903922487,903.0679681656544
apur1254,araw1281,-15.209001615906043,1051.54311571966
arak1252,aust1307,-19.676501726273614,1032.859606042177
arao1248,pano1259,-25.296402464732967,1051.83538120473
arap1274,algi1248,-25.350157983632624,1051.839815264798
araw1273,tupi1275,-25.34723863623283,1051.8427503845926
arbo1245,afro1255,-4.799777376441954,106.29258854576256
aree1239,aust1307,-19.67296184554813,1031.942310748855
area1240,aust1307,-19.68503985267403,1031.7941451795864
argo1244,afro1255,5.205576177473242,155.0816587531972
arhu1242,chib1249,-25.347245840721563,1051.8427413681231
arig1246,atla1278,-24.26128912216372,1044.7838384624292
arik1265,nucl1710,-22.15129159850853,1042.2157387166565
arom1237,indo1319,-12.1284957170843,1035.5023966114495
arop1243,aust1307,-18.812416193935142,1030.4854645851194
arop1242,aust1307,-17.109944853230097,956.2276921377112
aros1241,aust1307,-19.67726814554837,1032.7035592342338
arta1239,aust1307,-19.676485232688336,1032.8682731451756
ashe1272,araw1281,-15.211385142633851,1051.5017993593065
assi1247,siou1252,-25.350111323085013,1051.8427543773437
asur1254,aust1305,-16.720508018590756,1023.287079272589
asut1235,atla1278,-23.703100970443145,1042.3883346018458
atam1240,aust1307,-19.67647704748965,1032.872943748192
atay1247,aust1307,-19.67647527385198,1032.8727141386407
athp1241,sino1245,-23.973601364524598,1044.016457904745
atii1237,aust1307,-19.6764714771036,1032.8749470318885
aton1241,sino1245,-22.183146897601347,1020.5827290806172
auuu1241,nucl1708,-10.566281071082155,834.6487869182207
aulu1238,aust1307,-19.67651761835497,1032.8474615559508
auye1238,nucl1709,-23.44495679817648,1045.1446325164152
avac1239,tupi1275,-25.34724527694565,1051.8427503962691
avat1244,atla1278,-14.161136114078923,1043.4998843688238
katb1237,aust1307,-19.676517494894757,1032.8470127098346
awac1239,barb1265,-25.34460880469456,1051.841033772114
awad1244,aust1307,-17.80943749412753,1024.8924081638263
awad1243,indo1319,-12.036000174944393,1035.2668635943928
awap1236,nucl1709,-18.73965374303997,987.2192171132124
awar1249,ramu1234,-11.936796019755535,508.4753374742001
awet1244,tupi1275,-25.34426379821192,1051.6583187277786
awji1241,afro1255,5.088128326650329,141.03823326021495
awtu1239,sepi1257,-11.005290440381671,881.0565429288376
axam1237,aust1307,-19.67651508866066,1032.8495637628412
axiy1235,sino1245,-24.157857336557655,1047.479291036247
ayac1239,quec1387,-25.347263203193314,1051.8417536243387
azha1235,sino1245,-24.0032620867154,1047.1765961331384
baba1264,atla1278,-14.067235365064898,1041.7251639654844
baba1266,atla1278,-24.21504024463385,1042.5926997354086
baba1268,aust1307,-19.678096994418084,1032.651698631425
bada1257,drav1251,-25.34333162300118,1051.1723058443638
bafi1243,atla1278,-14.15425046389182,1043.0494759280457
bafu1246,atla1278,-24.182485690133248,1042.558255990322
baga1273,atla1278,-24.296267028058995,1044.7889488967533
baga1272,atla1278,-24.29628700441397,1044.7850580951504
bagi1246,cent2225,-25.09370923322139,564.1053498227068
bagv1239,nakh1245,-13.81985281453099,1040.5386270979614
baha1259,afro1255,5.088126211444164,141.03848576900452
bahi1252,sino1245,-22.74239748097892,1009.5456482870704
bahn1262,aust1305,-15.789017737031852,1017.9226022711392
baik1238,aust1307,-19.67639523724985,1032.8754897718618
baim1244,sino1245,-24.240904623270502,1047.515144506767
baka1272,atla1278,-24.27091745463268,1044.6074518531252
baka1274,cent2225,-25.34380500637469,1051.8351926365535
baki1244,aust1307,-19.676505713123728,1032.8571109763452
bala1316,aust1307,-19.67647412299376,1032.8728844174432
bala1311,aust1307,-19.67648475022281,1032.8742792277658
bala1315,aust1307,-19.676473378676413,1032.8755758880652
bali1278,aust1307,3.720021516658107,41.5513345021767
liki1240,atla1278,-13.955771779469451,1041.3975156941833
bamb1270,aust1307,-19.676262279842504,1032.8751146381503
bamb1269,mand1469,-25.34348635662347,1051.8416402840312
bamb1262,maoo1243,-24.978007377371007,1051.2192351491713
bamb1266,atla1278,-14.056123624868778,1042.021739984201
bamu1253,atla1278,-14.132046012462078,1043.366815160077
bamw1238,atla1278,-13.881048742161392,1040.5730910341942
band1344,atla1278,-24.287805427226694,1044.696583952223
bang1363,bang1363,-24.88218878036008,1046.948671924573
bang1369,sino1245,-24.17120353961868,1047.481523078024
bank1256,atla1278,-24.29118012990279,1044.4253383000253
bant1281,sino1245,-23.73690851276292,1039.877660106043
bant1288,aust1307,-19.676471268938077,1032.8752311585686
bara1357,sino1245,-14.88581566779194,746.88513308702
nucl1630,koia1260,-25.20050286114272,1051.587241724049
bare1279,afro1255,5.242293287695583,160.1190685647514
bara1369,aust1307,-19.67402803378213,1032.8853237502735
bara1361,atla1278,-14.16082083494689,1043.8166407388912
bara1370,aust1307,-19.671847753445302,1032.6072820283202
barg1252,nucl1709,-19.95082868852644,1016.5218718104436
bari1286,aust1307,-19.498819119713065,1031.111383959406
baro1253,aust1307,-16.594437862180936,977.3659614292368
basa1282,atla1278,-23.99579037577167,1044.447959509011
bash1264,turk1311,-25.341977199839807,1051.842739909827
basq1248,basq1248,-25.34198905791175,1051.8427010047476
bata1289,aust1307,-19.658799394106385,1032.864696099431
bata1285,atla1278,-24.29629784563806,1044.7736015669043
bats1242,nakh1245,-21.2877724486466,986.5749712588664
baur1253,araw1281,-12.295664867866495,1023.9104136917628
bawm1236,sino1245,-24.06381108474685,1047.3357785721291
bayb1234,aust1307,-19.676470158962864,1032.8756511125896
bebe1248,atla1278,-24.28736056494603,1044.6131802805482
beel1236,afro1255,8.739257724614076,525.4308211732659
beem1239,atla1278,-24.296316586761066,1044.7796296482595
beja1238,afro1255,5.074926459118659,139.44943946703086
bekw1241,atla1278,-23.969118429116,1044.3666255126343
bekw1242,atla1278,-24.23138921469397,1044.390508365094
bela1256,nilo1247,-25.34405174681148,1051.8261155795285
bela1254,indo1319,-12.126863742935988,1035.8425679781187
nyal1254,aust1307,-19.67647077285107,1032.875388344151
belh1239,sino1245,-23.91778128515844,1043.159435332944
beli1257,cent2225,-25.34300629087391,1051.7650070884754
bell1243,sali1255,-15.213780711207445,1051.5684160433102
belu1239,atla1278,-24.29676099443264,1044.4118616356905
bemb1257,atla1278,-24.296236698884005,1044.7917026304222
bena1262,atla1278,-14.14818923434406,1043.9749425909902
benc1235,gong1255,-10.87368174903822,963.4194116792168
beng1282,atla1278,-24.29479510035876,1044.7786513031149
bent1238,dogo1299,-23.774166007845757,995.70057512912
bera1262,aust1307,-19.676036707577666,1032.8695318079142
zagh1240,saha1256,-25.343961075216107,1051.842741079638
bert1248,bert1248,-25.25009404381185,1051.7717387477433
bezh1248,nakh1245,-13.146885066198257,1031.11947705241
bhoj1244,indo1319,-21.67722562570302,1039.5899331060011
biaf1240,atla1278,-24.296048311703185,1044.75648790294
bian1252,kuni1270,-17.150874405869985,860.9865386232041
biao1254,hmon1336,-25.34197304666441,1051.842735166635
biao1256,hmon1336,-25.341977022021997,1051.8427355030135
biat1246,aust1307,-16.714685446904795,1006.9499228821984
bier1244,aust1307,-19.67650663452528,1032.855972347024
bign1238,aust1307,-19.676513194311863,1032.8505072451885
biha1246,aust1307,-11.59891134613886,922.0983320490672
bila1255,atla1278,-14.160385809183554,1044.0108549146755
bilb1241,aust1307,-17.071051845840934,1019.4677268275126
bili1260,afro1255,-5.384224106691651,180.38575024816305
bimi1240,nucl1709,4.237378645191454,66.49792412579393
bina1277,nucl1709,-22.84183398018484,1043.9689526659688
bini1246,atla1278,-24.28712082280313,1044.7905211101574
gunw1252,gunw1250,-11.08750619318064,924.0242303010708
birr1240,cent2225,-15.207821151712883,1051.5524363686438
bisu1244,sino1245,-23.513192632027916,1045.064606028561
bitt1240,aust1305,4.635778729989445,94.4942338089752
biwa1243,yuat1252,-16.244594445973423,893.1079006294133
blab1237,aust1307,-19.786981153193366,965.183750270014
blan1242,aust1305,-16.41189928874131,1021.7075776379652
bang1354,atla1278,-14.15335786192048,1043.9409699272962
bobo1255,aust1307,-19.67675826904628,1032.8757594617468
bodo1272,atla1278,-24.29645723700832,1044.7435504604898
bodo1267,aust1305,-16.75206855524508,1020.4139112593576
bodo1269,sino1245,-21.730555557989877,1020.0943277781942
boka1249,sino1245,-24.2285558342632,1047.505634147837
bola1250,aust1307,-19.351000775894367,1023.3931818326143
bolg1251,atla1278,-12.256159564772782,997.0496348247336
boli1256,aust1307,-19.676476543836277,1032.8740083884934
chim1302,quec1387,-15.2078794646242,1051.5677324892608
bolo1262,atla1278,-14.070403396391796,1042.669889392041
boly1239,aust1305,-16.667190932013263,1023.6815705761188
bomb1262,atla1278,-13.55566219857381,1037.645844466954
bomk1234,atla1278,-24.29624953960194,1044.79166241268
bona1250,mong1349,-25.342008482208783,1051.841421415406
bond1247,atla1278,-13.94274609000244,1043.4552362742147
bond1245,aust1305,-17.06914386190142,900.8427932931924
bong1289,aust1307,-19.68479564873021,1031.6201357251416
bong1284,atla1278,-14.105288194732744,1043.6063892839895
bong1285,cent2225,-15.207922406793134,1051.565345781294
bora1263,bora1262,-22.04225601625025,1021.170932396512
bora1271,afro1255,-5.488243727850387,195.76433037489232
bord1248,chib1249,-25.347244822083923,1051.842748301469
bori1243,sino1245,-24.20400068827665,1047.4322546095616
boro1277,gong1255,-15.107296061945425,1051.3531322569709
boro1282,boro1281,-25.345239754112026,1051.8427416667482
boto1242,aust1307,-19.67647741265084,1032.8718604629246
boun1243,atla1278,-24.295995819303897,1044.7876370894066
boun1245,nucl1709,-21.18164150947388,1038.2073625537796
brah1256,drav1251,-25.342048466980263,1051.8169451959543
lave1249,aust1305,-16.251569919787507,967.4125122293182
bret1244,indo1319,-12.12583572500163,1035.836485045487
brib1243,chib1249,-25.348797148139624,1051.8427431096063
bube1242,atla1278,-14.159198009579455,1043.989610182013
bubi1250,atla1278,-14.160269200676774,1044.0139396274542
budu1265,afro1255,5.416862294866059,179.3384593244748
budz1238,atla1278,-14.158950383872726,1043.9876858173818
buga1247,aust1305,-16.49595370211835,1022.3808826955684
buga1250,aust1307,-16.873278791279965,1004.0883600361376
bugh1239,aust1307,-9.661188650220838,940.9737726803096
bugi1244,aust1307,-19.67600364548118,1032.8742029060554
bugl1243,chib1249,-25.350111321821668,1051.8427533791323
bugu1246,sino1245,-23.893864064421248,1047.0005222528368
buhu1237,aust1307,-19.67569717156816,1032.6299972916338
bujh1238,sino1245,-20.897963015256646,990.5638309661538
buka1257,aust1307,-13.612955050511156,948.2579953951168
buku1249,atla1278,-14.193671814619352,1043.9815549476086
bull1247,atla1278,-24.296250389397013,1044.791575369802
bulo1242,aust1305,4.20603641322711,64.356287727461
bulu1251,atla1278,-14.159294664589426,1043.9313583321004
bumt1240,sino1245,-24.11233986402337,1047.3476251095967
gahr1239,sino1245,-24.24090039888733,1047.5152221760698
bund1253,indo1319,-12.126807531394965,1035.842747262682
buol1237,aust1307,-19.67646983519343,1032.8757857155397
bura1292,afro1255,-9.0110963098526,748.9576134105249
bure1242,afro1255,6.756924210126121,370.0045108319048
burj1242,afro1255,-5.517429909915371,200.25209184030257
nucl1310,sino1245,-24.234460001393312,1047.514257658435
burm1264,burm1264,-25.33425601198984,1051.8416941177782
buru1320,afro1255,4.418600910160034,77.1438189454152
buru1296,buru1296,-15.210173371524798,1048.0036182803574
busa1253,mand1469,-25.33264742070755,1051.8386531330204
bush1247,atla1278,-24.29631046468261,1044.779154494058
buwa1243,afro1255,-13.00713978332371,847.7459908031763
bwai1242,aust1307,-19.678780713887264,1030.6618094048729
bwat1240,aust1307,-19.67582177605175,1032.8733233588418
byan1241,sino1245,-24.238109051766244,1047.4966539637298
caac1237,aust1307,-19.67647412400209,1032.8736620353395
cabe1245,chib1249,-25.34879714487344,1051.842746106459
cahu1264,utoa1244,-25.3497791602582,1051.8427497611951
cakf1236,afro1255,4.541266495169161,85.2573909076292
cald1236,quec1387,-25.33984853334601,1051.8323387095195
caml1239,sino1245,-23.30519127204637,1029.956959459159
camp1261,indo1319,-12.125959448971594,1035.8315314178988
cams1241,cams1241,-15.187024416195536,1051.5603645468284
cane1242,nucl1710,-23.173305366089465,1045.0764677996206
caom1238,taik1256,-25.34194583820898,1051.8427398134904
capa1241,pano1259,-25.34460740479637,1051.8427286118615
carn1240,aust1305,-7.263292301395398,596.6976003184034
caro1242,aust1307,-19.676467032484155,1032.8759596723512
cash1251,pano1259,-25.3472047947896,1051.8423889162382
casi1235,aust1307,-19.67648024869881,1032.8717058961147
stan1289,indo1319,-12.126653992534573,1035.8421169152502
cavi1250,pano1259,-25.030490183630523,1051.5530436237866
cayu1262,cayu1262,-23.120765364393566,1038.3017456335365
cemu1238,aust1307,-19.675439141272847,1032.873943775086
cent2127,eski1264,-25.35040964013254,1051.8427510566994
cent2142,ayma1253,-25.346625935633284,1051.842692526577
cent2004,sino1245,-24.2394095732702,1047.51516173852
cent2292,aust1307,-19.67648955324528,1032.8652172531952
cent2084,aust1307,-19.676478362279195,1032.8727310736408
cent2314,aust1305,-16.38902831894223,1022.6844555696904
guer1241,utoa1244,-25.35031737354333,1051.8126764902763
cent2050,saha1256,-24.982063651884516,1036.862824353639
cent1989,aust1305,-15.355463043075108,1017.37686902312
cent2058,aust1307,-19.67648803561356,1032.8693727941595
mala1479,aust1307,-9.229764906791296,937.7173282262016
cent2322,ural1272,-25.34197754686432,1051.8427394168448
cent1992,aust1305,4.113872816385332,59.2369819528692
cent1990,aust1305,-16.76961973936934,1018.08518014707
cent2126,japo1237,-24.193264578062674,1048.2614013053003
cent2091,aust1307,-19.67698537345538,1032.8319945602934
cent2140,miwo1274,-25.3501113331866,1051.8427497331763
cent2090,aust1307,-19.6764801635914,1032.8737398369212
cent2131,utoa1244,-25.349263913640637,1051.8427463435946
cent2150,chib1249,-25.347230458892906,1051.8427471754069
mbal1255,atla1278,-24.29604744243187,1044.791991998418
chac1251,pano1259,-25.08831159035974,1051.659589740873
chad1249,afro1255,5.124629123972214,145.41674562249227
chak1270,sino1245,-24.204760239329005,1047.507223641927
chak1271,atla1278,-24.293270583821524,1044.7775694849047
chal1275,afro1255,5.312773847592984,168.51502921509075
cham1315,zamu1243,-11.876506723936746,1014.4212648779104
cham1309,nakh1245,-13.81806403273556,1040.6647967880297
cham1312,aust1307,-19.67610327800114,1032.8758167691235
chan1313,sino1245,-24.183434627192163,1046.3803638763998
chac1249,barb1265,-25.34603790130095,1051.8424356526427
char1269,gong1255,-24.29052236127866,1033.8237657274226
chas1234,sino1245,-24.2400793172148,1047.514773511719
chec1245,nakh1245,-24.918734039795694,1050.9550907006903
chek1238,aust1307,-9.670925781592466,934.3191047106616
chen1255,drav1251,-15.20621394480168,1051.5177057024755
chep1245,sino1245,-19.733090321212853,937.6811145388418
cher1273,iroq1247,-25.34986616895302,1051.839812098406
chey1247,algi1248,-25.350157984576317,1051.839815132088
chic1270,musk1252,-25.35011132499596,1051.8427542184716
chil1280,atha1245,-25.350144838297563,1051.8407790531078
chim1309,chib1249,-25.34678119956928,1051.8427440229725
chhi1245,sino1245,-23.88986059621224,1042.6304576469906
chip1261,atha1245,-25.349367899235013,1051.840786675061
chip1241,algi1248,-25.35015798364111,1051.839815238598
chir1283,sino1245,-23.983036083106715,1045.8995535898505
choc1275,sino1245,-24.027101173724574,1047.2549146556826
choc1276,musk1252,-25.35011132532816,1051.842754116579
chon1284,aust1305,-16.342484212776338,1022.458950478268
chot1239,sino1245,-23.89412314008358,1046.4967134426956
chra1242,aust1305,4.009092316976236,53.98767633903003
chuj1250,maya1287,-15.214122795636658,1051.3090897322006
chuk1273,chuk1271,-25.341977355127742,1051.842740499089
chuu1238,aust1307,-19.67646868902173,1032.875968488641
chuv1255,turk1311,-25.34197936282889,1051.8427384316649
chuw1238,atla1278,-24.296247034974574,1044.792029049347
cici1237,atla1278,-24.234629064163503,1044.6982531932963
chin1286,chin1490,-15.213764503259544,1051.5695313124295
cent2087,aust1307,-19.676471353829022,1032.8751716380611
sout2912,aust1307,-19.676470432826196,1032.8755647707708
coat1243,otom1299,-15.214505420552864,1051.3275239763532
coca1259,tupi1275,-25.23696975243929,1051.8198022319457
coeu1236,sali1255,-25.35014332619316,1051.8407912932507
cofa1242,cofa1242,-25.307865853304225,1051.8248375439475
cogu1240,chib1249,-25.34724617875208,1051.8427424417948
colu1241,sali1255,-25.350144106996623,1051.8407894427182
coma1245,utoa1244,-25.350111341731,1051.842753210642
como1259,sali1255,-15.213780845898132,1051.568416550114
cong1236,atla1278,-14.16032710710834,1044.0215720518895
copa1237,otom1299,-15.214635225204002,1051.2482815416568
cors1241,indo1319,-12.123487204782194,1035.7941585912188
cosa1234,sino1245,-18.72168424148472,858.8497902639466
cota1241,aust1307,-19.67647587761807,1032.873187136059
cree1270,musk1252,-25.350111324971603,1051.842754177664
crim1257,turk1311,-25.341922162414164,1051.842739762317
cros1244,atla1278,-24.200336324233877,1044.7210068438724
crow1244,siou1252,-25.349069771112266,1051.8427467750448
cube1242,tuca1253,-15.192148023034967,1051.4712180961108
culi1244,araw1282,-15.210815173710948,1051.568719969254
cusc1236,quec1387,-25.3472216351388,1051.8417647852684
cypr1248,afro1255,5.092796053202024,141.5955966956559
czec1258,indo1319,-12.096514673996168,1035.4764186581208
daai1236,sino1245,-24.23424893670003,1047.5143079606166
daak1235,aust1307,-19.67645208928021,1032.875235789376
daas1238,afro1255,-11.697247873851678,946.3826408146532
dadi1250,tebe1251,-24.083204113734347,1050.2337319259102
dagb1246,atla1278,-24.29519180745004,1044.7673200897816
dagi1241,narr1279,-25.34301094879841,1051.666624918814
daur1238,mong1349,-25.341977191863425,1051.8427402740622
daha1245,afro1255,-5.57291432726273,207.73536945705325
daka1243,aust1307,-19.67651355441068,1032.8518163986969
damp1237,aust1307,-19.6764690928512,1032.875402711694
dana1252,aust1305,-16.703844946145466,1023.8921414526232
dand1238,drav1251,-15.211160227963491,1051.462250796076
dani1285,indo1319,-12.12685389139871,1035.8425292674272
dara1250,indo1319,-20.584873297950463,1033.0384012649029
dard1243,daju1249,-10.657925581534233,625.6369041490628
darm1243,sino1245,-24.2384318217763,1047.4987393979306
daww1239,nada1235,-25.346675788228097,1051.8418817770994
dawr1236,gong1255,-15.712234004164728,1012.6124884872136
daza1242,saha1256,-25.240116500659056,1051.7136277123825
defa1248,ijoi1239,-15.20333909057995,1051.3222475006787
dege1246,atla1278,-24.29291975130875,1044.741002451621
dehu1237,aust1307,-19.676472089410638,1032.8750819495788
dera1248,afro1255,5.148537779168345,147.4916285705607
desa1247,tuca1253,-15.197006220679032,1051.3304224015833
dhao1237,aust1307,-19.67642599962852,1032.87507683635
dhim1246,sino1245,-24.172400612710703,1046.9964148779186
dhuw1249,pama1250,-24.83998487004105,1051.1297499181926
dibo1245,atla1278,-24.084966446309902,1043.2419529118365
digo1243,atla1278,-24.282693197706475,1044.5074244290297
dima1251,sino1245,-22.25670733634977,1027.2204013396902
dime1235,sout2845,-14.13554546354798,1024.0217914301545
diri1252,atla1278,-24.04441335649808,1044.416399969025
djee1236,mani1293,3.9583662307412535,51.36398920017552
djeo1235,nucl1710,-18.86196486836196,994.674231728486
dobe1238,aust1307,-9.605373428782856,965.8008222406298
dobu1241,aust1307,-19.68557678495477,1029.363147673287
domm1246,nucl1709,-21.503989885747217,1040.93032436229
doma1260,indo1319,-12.127173278038269,1035.6681913552486
dong1285,mong1349,-25.34198056525125,1051.842710787002
doro1266,manu1261,-25.23090754097486,1051.6578699674233
drun1238,sino1245,-24.240799507691463,1047.5148906619152
dual1243,atla1278,-24.293183882271453,1044.5744269376414
chug1252,sino1245,-23.983564326357104,1047.2207219438567
dumb1241,aust1307,-19.676472135259104,1032.8750507591249
dumi1241,sino1245,-23.177852729712097,1027.123802611044
dupa1235,aust1307,-19.67647839433807,1032.8728292528776
duru1236,drav1251,-25.37902122817381,1050.634983598895
dusn1237,aust1307,-19.676088985599424,1032.8583485379484
dutc1256,indo1319,-12.12725644612365,1035.7616648517694
dyul1238,mand1469,-25.34196109329767,1051.470011123016
dzao1238,hmon1336,-25.341975955137336,1051.8427354934836
dzon1239,sino1245,-14.037127686323496,1046.4886848905537
east2443,aust1307,-19.676495700040604,1032.8667483932843
tang1336,sino1245,-23.925999458665974,1046.3939872209355
nucl1235,indo1319,-21.01519110037744,1035.8498957120978
sout2896,aust1307,-19.67645351132762,1032.873268621121
east2555,tupi1275,-25.34582163207131,1051.842741280688
east2332,aust1305,-16.730224129112095,1016.9630652154444
east2690,afro1255,5.11997207398735,144.85820103777803
east2556,otom1299,-25.350052019421227,1051.8268451667698
east1236,aust1305,-16.735868826664237,1014.1855679778412
east2342,sino1245,-24.20599721231427,1047.488805743038
east2782,atla1278,-14.159010187251331,1043.9809905115771
east2328,ural1272,-25.3419887465238,1051.842713531022
east2773,sino1245,-21.123122046517977,917.3134044451388
panj1256,indo1319,-22.25811430817338,1041.6674605127378
east2485,aust1307,-19.68754480467757,1030.870250422253
fina1242,aust1307,-19.676490793641964,1032.8652840404698
east2694,aust1307,-19.676473674165944,1032.8741721335582
east2447,aust1307,-19.676468733715,1032.8759660708067
east2516,nucl1709,-21.937266030250083,1040.7145561050684
huaa1248,tuuu1241,-15.109100522685576,1051.506838241448
wall1257,aust1307,-19.67646880465712,1032.875963178588
egyp1253,afro1255,5.094102014022775,141.75080730657248
eipo1242,nucl1709,-22.741485349317355,1041.335994168796
ekar1243,nucl1709,-13.309340262256114,1043.7505199708764
elem1253,atla1278,-24.29162460900865,1044.580700149008
elip1238,atla1278,-14.15699452333998,1043.0418671284892
elna1235,utoa1244,-25.35031397172181,1051.8427452758633
emae1237,aust1307,-19.676493147856625,1032.8662533390775
emai1241,atla1278,-24.274395022431317,1044.7880375151474
embe1260,choc1280,-25.347243289803306,1051.8427487557676
embe1262,choc1280,-25.346964395371188,1051.8427493024935
stan1293,indo1319,-12.12687928363373,1035.840937819998
enuu1235,sino1245,-23.36688662165227,1043.7681116911194
epen1239,choc1280,-25.346986364247456,1051.8427451681482
ersu1241,sino1245,-24.240876852144638,1047.515266954485
erzy1239,ural1272,-25.34197700112504,1051.8427394407415
esan1238,atla1278,-24.2786819174978,1044.78806542828
esee1247,koia1260,-25.20725777407364,1051.2715776172406
esee1248,pano1259,-25.29113561113788,1051.8340157227944
esim1238,atla1278,-24.07041982068824,1043.4464168196996
esto1258,ural1272,-25.342079134163207,1051.8408479258212
eton1253,atla1278,-14.15817441452716,1043.4281250056672
even1260,tung1282,-25.34197719310645,1051.8427401959227
even1259,tung1282,-25.34171660521239,1051.842736868622
ewee1241,atla1278,-24.29684136686031,1044.5524822282423
fala1243,sino1245,-22.04929711278128,1023.1222446497732
fare1241,atla1278,-14.146100945157237,1043.9663175499202
faro1244,indo1319,4.09404713450345,58.52482076354738
fasu1242,fasu1242,-23.67340019484407,1048.7351589474436
fefe1239,atla1278,-24.27461202984908,1043.8650686924186
fiji1243,aust1307,-19.676729547523628,1032.8756446991497
fili1244,aust1307,-19.676473095561597,1032.873783666219
filo1235,toto1251,-25.35014778372929,1051.8407278284928
finn1318,ural1272,-25.341977259249344,1051.842739448076
fipa1238,atla1278,-14.157235144850391,1044.0190306539505
foii1241,east2499,-23.688175770562435,1049.331105069257
fonn1241,atla1278,-24.296441420270003,1044.737018762685
fore1265,ural1272,-25.3419772049288,1051.8427394502007
fran1266,mixe1284,-25.3497852329698,1051.8424873655918
stan1290,indo1319,-12.12684410587072,1035.8429911435774
fuln1247,fuln1247,3.9851654210318994,53.00047103927295
furr1244,fura1235,-25.34198501871431,1051.842658503872
furu1242,cent2225,-25.30027716829392,1051.720520323218
futu1245,aust1307,-19.6764733637185,1032.8746029413485
fuyu1242,fuyu1242,-24.504574174124304,1049.720915041145
gaaa1244,atla1278,-24.29645847560322,1044.7507666771833
gaaa1245,atla1278,-23.36553159687709,1034.068166523903
gaam1241,east2386,-25.32678922374453,1051.8395580645863
gaan1243,afro1255,-10.432341628837095,823.1764368655383
gade1242,atla1278,-23.37166556526645,1041.6995471895837
gaga1249,turk1311,-25.341977582962944,1051.8427398663916
gala1264,afro1255,10.054299314241392,505.00079058831216
gale1259,nort2923,-15.209714129733843,1051.5439845843453
gali1262,cari1283,-25.34744577079525,1051.725913008111
gali1258,indo1319,-12.126931363391089,1035.8337681310295
galo1242,sino1245,-24.22500525680659,1047.4740503516823
gamo1243,gong1255,-15.826672181263948,992.3461176265746
gand1255,atla1278,-14.159172761268042,1044.0173660204982
gang1266,sino1245,-23.82786274141641,1046.1697173146351
gant1244,nucl1709,-19.41121221820378,1016.4532470743248
gapa1238,aust1307,-19.670563795559627,1032.228972037009
boht1238,afro1255,4.156079081707837,61.7842095809043
garo1247,sino1245,-22.73621211563175,1033.224785713674
gata1239,aust1305,-16.78017708176719,1016.5586800536252
gayo1244,aust1307,-19.6757608923904,1032.8714222892447
gbay1278,atla1278,-14.157871509584965,1043.8375677309136
geba1237,sino1245,-24.23833909458439,1047.5132444399508
gebe1237,aust1307,-19.68206532665352,1032.0688561477743
geda1237,aust1307,-16.96787498911631,1017.5079277635392
gela1263,aust1307,-19.714456098273395,1022.0699515578532
geme1244,atla1278,-14.134639417802989,1043.9875393722705
nucl1302,kart1248,-23.75952183743283,1043.4158930315066
geru1240,afro1255,6.884586594657199,421.913536146986
gese1240,aust1307,-19.68060070089825,1032.436398444003
ghad1239,afro1255,5.087810175941508,141.00042862150508
ghan1242,aust1307,-19.67689492794961,1032.756231613958
ghar1239,aust1307,-19.699682897713217,1028.2330013869098
gheg1238,indo1319,-12.128590039516906,1035.3543939534566
ghom1257,afro1255,5.1825045933466445,152.3985504062705
gida1247,afro1255,-5.393018325129537,178.52521873181695
giiw1236,afro1255,7.352818899565436,401.287912716543
gilb1244,aust1307,-19.67646864623455,1032.8759754619418
gira1247,nucl1709,-20.39940491685965,1028.9674108369782
giry1241,atla1278,-24.927854755722755,1034.5308229475409
glav1244,afro1255,-11.597488189625892,919.0624100250164
gobu1238,atla1278,-14.07038619231034,1043.1513604395043
ghod1238,nakh1245,-14.425308394403595,1047.4682738530887
gofa1235,gong1255,-15.616379640424451,1016.9865624319934
gogo1265,suki1244,-24.891697725864177,1051.523293498115
gola1255,atla1278,-24.296529493842403,1044.7920421378535
pare1266,aust1305,-17.17955760584543,819.935095346621
guah1255,guah1252,-25.347245715664844,1051.842381113791
guam1248,barb1265,-25.34104247887757,1051.8409716256467
guat1253,guat1253,-25.317605282349515,1051.8403198840883
gube1234,atla1278,-24.296490500201,1044.6477701737658
gude1246,afro1255,-5.46665827805213,189.66985622186144
guer1243,otom1299,-25.350951250947062,1051.5805300314448
guhu1244,nucl1709,-21.266823734216644,1032.056385603438
guiq1238,sino1245,-24.241190703245213,1047.515217628808
gulf1241,afro1255,5.057516658431903,137.3572155883494
guma1254,aust1307,-19.69227811456308,1024.215324159326
guny1241,pama1250,-25.34933813567519,1051.8407906053142
gura1251,indo1319,-17.827725854905424,948.846664967199
guro1248,mand1469,-25.344013317425446,1051.841652580914
guru1261,sino1245,-22.351757559275825,992.56496571284
guru1271,afro1255,4.297526254029776,68.43983868703197
gusi1247,atla1278,-14.078355327482814,1043.7402694687298
kwam1249,koma1264,-14.73533079609672,1050.5534076845709
gyel1242,atla1278,-24.296368807258997,1044.6500362131965
haaa1252,atla1278,-24.28788632443463,1044.7889880256591
hadi1240,afro1255,-5.552882734261717,186.58149830371485
hadz1240,hadz1240,4.23145716056853,65.4563597080778
haka1240,sino1245,-23.860577033218068,1046.7152343219302
hakk1236,sino1245,-24.24062776256414,1047.5152756190623
halh1238,mong1349,-25.34197719208381,1051.8427402586371
hali1244,aust1307,-19.53529542792072,1025.647343778919
halk1245,sali1255,-25.35014547615145,1051.8403950747104
hame1242,sout2845,-15.707403227551168,720.7826305698986
hang1263,nduu1242,4.834174242146672,103.52107374217952
hani1248,sino1245,-22.562998104546327,1036.5542693646178
hano1246,aust1307,-19.67649622329067,1032.865895025783
haru1245,piaw1238,-20.366660815206256,1013.8509430092222
hass1238,afro1255,5.087680625949899,140.98492413129236
remo1247,aust1307,-19.67647187192443,1032.8754865159733
haus1257,afro1255,5.479030180316526,189.69732692848777
nige1253,atla1278,-11.665577359546765,989.1295089839596
hava1248,coch1271,-25.35011132285029,1051.8427544040808
hawa1245,aust1307,-19.676468646211333,1032.8759754640362
sabu1255,aust1307,-19.676431847062048,1032.8754645910517
hdii1240,afro1255,-12.155682247221518,905.3811597202182
hehe1240,atla1278,-24.09237922566884,1044.593616859362
heil1246,waka1280,-25.35017052122728,1051.8292038584464
here1253,atla1278,-24.26950127092001,1044.7340489857706
hert1241,afro1255,-5.177077842837859,151.37110677699332
hida1246,siou1252,-25.34906976973258,1051.8427469176145
high1276,mixe1284,-25.349813493919186,1051.8412796185503
high1278,utoa1244,-25.350146989013883,1051.8408236814844
karb1241,sino1245,-22.421926633723626,1032.1735313945424
hind1269,indo1319,-22.258290945300853,1041.6427657524414
hixk1239,cari1283,-15.2109276935007,1051.565494041944
hooo1248,aust1305,-16.74484369057471,1020.3007202207976
hoav1238,aust1307,-19.68365868209272,1031.9547010165263
ainu1240,ainu1252,-25.3419771403842,1051.8427405088912
holo1240,atla1278,-24.296107856463657,1044.789419499686
hone1235,atla1278,-18.05146214605924,885.9922648967677
honi1244,sino1245,-23.647493772517237,1045.9081223044204
hopi1249,utoa1244,-25.35011626894652,1051.8427527867711
hote1245,aust1307,-12.405661723886666,862.4722860903473
hozo1236,maoo1243,-14.474235214993763,1049.495068923242
hrus1242,hrus1242,-25.058117384720315,1051.509619825768
huuu1240,aust1305,-15.186992231980016,1002.2299250269514
hual1241,quec1387,-25.347290357131097,1051.838327822348
huam1247,jiva1245,-25.343247657285723,1051.8426893896913
huar1255,utoa1244,-25.34943771721817,1051.8427453700194
huas1242,maya1287,-25.35016029256193,1051.8398062301746
huba1236,afro1255,-13.240371434442984,694.3685973494357
huic1243,utoa1244,-25.350313970467933,1051.8427476334705
hula1239,aust1307,-19.599398060529506,1032.795695687403
hula1244,afro1255,-11.110872011142948,988.80630709201
huli1244,nucl1709,-19.24815801960179,1004.2767936129808
humb1243,song1307,-24.711967519841764,1042.7544639394591
hung1275,aust1305,-7.260919202559418,592.0337339616367
hung1274,ural1272,-25.338775483740747,1051.8424499449316
hunz1247,nakh1245,-23.50499704384747,1035.573723937917
hupd1244,nada1235,-25.32380559910748,1051.5599493303762
wyan1247,iroq1247,-15.213814654318217,1051.5643466052531
hyam1245,atla1278,-22.187036436760238,1027.4635421588655
iaai1238,aust1307,-19.676473655461983,1032.8737957941614
iatm1242,nduu1242,4.559316732159017,87.2367296829367
ibal1244,aust1307,-19.67648705173801,1032.8677372094294
iban1264,aust1307,-19.403528079361035,1031.75965106387
iban1267,aust1307,-19.676485884845683,1032.8708492833173
ibat1238,aust1307,-19.67647164090862,1032.8754270791414
ibib1240,atla1278,-24.281894617591156,1044.7106427648175
icel1247,indo1319,-12.126856186791471,1035.8433221017049
idii1243,paho1240,-25.10051660630465,1051.7183145946688
idom1241,atla1278,-24.00910777583854,1044.4832679293745
idum1241,sino1245,-24.240117921082863,1047.5134834667012
idun1242,aust1307,-19.67801913852225,1030.1949784949222
nucl1417,atla1278,-24.292481761322403,1044.5736289996785
ikkk1242,kuli1252,-25.363366438902776,1051.784293439042
ilaa1246,atla1278,-24.269582918872377,1044.7757214155724
ilia1236,aust1307,-19.676480635947467,1032.8707385235443
iliu1237,aust1307,-19.67638938827227,1032.8745832145137
ilon1239,aust1307,-19.676485998120043,1032.8679701603958
imba1240,quec1387,-25.342661070924148,1051.8388043535651
ingr1248,ural1272,-25.34197738098589,1051.8427389992976
ingu1240,nakh1245,-24.44601611420736,1048.6163428336763
alba1269,aust1307,-19.676472165731145,1032.8749162251704
iqui1243,zapa1251,-24.544824054829025,1050.6838445381009
iran1262,aust1307,-19.678506242817598,1032.684918630391
iraq1241,afro1255,5.118155578242764,137.17341572862222
irar1238,aust1307,-19.67675460114706,1032.85271337966
iray1237,aust1307,-19.67647076303888,1032.875815145974
iris1253,indo1319,-12.126860193479711,1035.8425428868554
irul1243,drav1251,-15.206028768488684,1051.541851000157
isco1239,pano1259,-25.34687174977075,1051.8427235538147
isin1239,aust1307,-19.67648813225791,1032.8668399526832
isir1237,kwer1242,-25.33606319494971,1051.840401231358
isna1241,aust1307,-19.676477028081408,1032.8734153341522
isth1240,utoa1244,-25.35015381246607,1051.84157620402
isth1242,utoa1244,-25.3504945481898,1051.8418320288145
isth1241,utoa1244,-25.350488813587088,1051.842099831755
ital1282,indo1319,-12.09880384743537,1035.50472030457
ivat1242,aust1307,-19.676469389375583,1032.8758730901134
iton1250,iton1250,3.9851396830977297,52.99891913709757
itza1241,maya1287,-25.35017171633269,1051.837827814454
iumi1238,hmon1336,-20.748515572386523,966.8816349442138
iwai1244,iwai1246,-24.53912923618034,1046.5299870765732
iwal1237,aust1307,-13.67967442177373,919.7761887260674
iwam1256,sepi1257,-8.793032845659926,829.1977736213763
iyoo1238,nucl1709,-21.013926322925887,1033.761558548693
jahh1242,aust1305,-10.496782044693246,896.6274248305078
jalk1242,mand1469,-15.206353629200343,1051.2015682033525
jamb1236,aust1307,-19.67633280531032,1032.8727217470366
djam1255,mirn1241,-24.396307222658884,1043.185772998712
jams1239,dogo1299,-20.816994524833177,585.4675549654252
nucl1643,japo1237,3.985430936716407,53.01334816058159
japh1234,sino1245,-24.24090704998269,1047.5148132493064
jaqa1244,ayma1253,-25.347256607710587,1051.842459388856
jara1266,aust1307,-16.533700102863506,1012.96466708227
java1254,aust1307,-19.67562167498394,1032.8723814166583
jede1239,aust1305,-15.54264739570425,996.9332298097296
jehh1245,aust1305,-16.605356288913967,1011.3430572891676
jeha1242,aust1305,-16.325156074548076,960.7609839363496
jenn1240,drav1251,-15.206705182193287,1051.163040283374
jeru1240,sino1245,-22.82181398492081,1010.8918409436716
jiba1237,atla1278,-21.056496142530754,949.9598201705916
jina1244,afro1255,4.084522801431133,54.571572439265765
djin1251,mirn1241,-25.345330379490036,1051.8316727407305
jita1239,atla1278,-24.046060204285567,1044.3734284981942
jjuu1238,atla1278,-12.131015327214628,1024.9845927484068
juan1238,aust1305,-16.747723054464764,1021.4253999324868
juku1254,atla1278,-23.66765609232633,1043.0968822393063
jurm1239,cent2225,-15.206358334028373,1051.564967096206
kaba1281,cent2225,-24.925097369908062,1049.7916684058291
kaba1278,abkh1242,-23.6902911089211,1045.6536326615844
kaby1243,afro1255,5.087681612016029,140.98504150224517
kach1284,gong1255,-17.738720547192777,921.6160413791172
kada1242,drav1251,-15.206741470143166,1051.1025379541838
cent2100,aust1307,-9.62067386967714,964.265725859854
kado1242,sino1245,-23.54707029980497,1045.483589010497
kafa1242,gong1255,-12.243566842636076,1009.3757788706936
kaga1256,aust1307,-19.67647856351303,1032.873476193379
kagu1239,atla1278,-23.31939848773598,1041.050290526009
kaik1246,sino1245,-23.93746539843068,1045.2277381702115
kaki1249,kaki1249,-22.12797495255736,1024.0730012873794
cacu1241,kaku1242,-15.19907888315367,1051.2993099807993
kala1399,eski1264,-25.35011132367496,1051.8427543397477
kala1388,aust1307,-19.676477861226665,1032.872323598099
kara1499,west2604,-25.346196782358952,1051.8417353620475
kala1384,atla1278,-24.279112031274583,1044.788941706871
kali1308,sali1255,-25.350143029154168,1051.8407947914875
kamm1249,atla1278,-22.43684577328216,1011.6137164276406
kama1370,nucl1709,-20.217386791771904,1021.7345082618916
kamb1316,afro1255,-6.201097750106014,253.6993303104936
kamb1297,atla1278,-24.551253416961067,1042.0052292182909
kamb1299,aust1307,-19.674427276685343,1032.8682069471697
kamu1260,kamu1264,-23.84214470963087,1048.0691548115365
kana1286,aust1307,-19.676477037220792,1032.8716217628175
kank1243,aust1307,-19.67648858895221,1032.867233629688
nucl1305,drav1251,-15.206166491478331,1051.5157141996256
bidy1244,atla1278,-14.160394482467574,1044.007824393203
kapi1249,aust1307,-19.676049634745013,1032.8739986984044
kaqc1270,maya1287,-25.350217858451696,1051.8273459990985
kara1482,cent2225,-25.34110086626683,1051.839608363245
kara1500,nucl1710,-23.172201921360003,1045.0695473787075
kara1487,aust1307,-19.67649089781345,1032.864124703582
kara1486,aust1307,-19.05605862370841,1028.5490316425844
kare1338,atla1278,-24.13007698266792,1044.2290985574969
kare1335,ural1272,-25.341977205001182,1051.8427394483235
kari1306,atla1278,-14.160559079189593,1043.974127878114
kari1311,tupi1275,-25.299296861840304,1051.83325018015
kark1258,pauw1244,-23.691979565494005,1037.6078937063244
karn1252,aust1307,-19.148050946854248,1031.1868330017196
karo1304,karo1304,-25.350111346324148,1051.8427544482693
kash1277,indo1319,-12.126978925673942,1035.8292252542665
kask1239,atha1245,-25.35014251251235,1051.8407880334871
newa1246,sino1245,-18.67114701795223,817.3247987161682
kats1235,sino1245,-24.16498667040968,1047.493698935583
kana1291,katu1274,-25.347011424603885,1051.8427047475088
kaur1271,kaur1274,-25.0023937054188,1051.3504928257312
kava1241,aust1307,-19.676473596116672,1032.8738126539706
kaya1315,sino1245,-24.234782048211112,1047.512568338566
keap1239,aust1307,-19.62532365055989,1032.8141895057038
keda1252,aust1307,-19.67646021080933,1032.8732573994723
kera1248,atla1278,-14.160333929465246,1044.006590793541
keig1242,kadu1256,-25.34393456011665,1051.8256200153387
kele1255,atla1278,-14.1604365148049,1043.9917349497107
kele1258,aust1307,-19.577611016498683,1032.668270738413
kele1259,aust1307,-19.67545631787809,1032.8635081136763
keme1240,atla1278,-24.04857898841138,1042.7738725223542
keng1240,cent2225,-22.660015939651625,967.498297115448
kens1248,aust1305,-7.16630709636863,569.6948920467078
kenu1236,nubi1251,-25.34387657421736,1051.8427406521157
keoo1238,aust1307,-19.6759604791026,1032.8731082490842
kera1255,afro1255,5.33031184502588,163.27263941319757
keri1250,aust1307,-19.674619872619363,1032.8642123615566
kesa1244,nucl1709,-21.09133031262793,1037.735399056774
kett1243,yeni1252,-25.34197718814123,1051.8427405090174
kgal1244,atla1278,-24.2912448011419,1044.7909128956778
khak1248,turk1311,-25.34197725324629,1051.8427398683882
khal1275,sino1245,-23.915943603283853,1043.4699727595394
kham1282,sino1245,-24.24073535040483,1047.5146774463117
khan1278,atla1278,-24.291245933730888,1044.4686579391853
khan1274,aust1305,4.525391027392468,86.35452929971507
khar1288,sino1245,-23.73264922804305,1045.2001466536212
khar1287,aust1305,-16.752243507817717,1020.504457143327
khas1269,aust1305,5.429351864226559,164.45479429253862
khez1235,sino1245,-23.97153828482334,1045.6000163415551
khin1240,nakh1245,-15.118942450520306,1051.4619528835544
khmu1256,aust1305,4.599947002111284,92.03254564133567
guan1266,sino1245,-24.24051816518526,1047.5149585756303
khum1248,sino1245,-23.90111891756417,1046.846275933396
kich1262,maya1287,-25.350234650366755,1051.822073631907
kiku1240,atla1278,-24.51990762351449,1042.69542285591
kile1243,tung1282,-25.34197718919255,1051.8427401728295
kili1267,aust1307,-9.595670512592486,965.1394485493502
kimm1246,atla1278,-19.525878382404628,842.0867827491245
kima1246,kolo1268,-25.28353689953451,1051.83065184632
kimm1245,hmon1336,-24.88207072978499,1050.3708852625807
kina1250,aust1307,-19.676471126913707,1032.8750402166622
kinn1249,sino1245,-24.24087829462844,1047.5151043664368
kiow1266,kiow1265,-25.35039363081095,1051.8427512077246
kips1239,nilo1247,-25.335840784015016,1051.7089780697968
miju1243,sino1245,-24.240487269407435,1047.513104828368
koda1255,drav1251,-15.20632078325546,1051.4622073972648
koho1244,aust1305,5.123066482958924,144.61663914453982
koir1240,sino1245,-23.858607561172136,1045.6107505648374
koit1244,koia1260,-25.028824355685607,1051.52236308636
koka1244,pama1250,-25.34933813372052,1051.840791152698
koko1269,aust1307,-9.651522920236122,950.1422484171316
kola1285,aust1307,-19.69172208541352,1028.2013614129498
kolb1240,atla1278,-24.305034572313904,1042.2588030394172
kolc1235,atla1278,-24.28649666809612,1044.4983286483027
kolu1245,aust1307,-19.682883851737124,1029.2472474459248
komb1274,nucl1709,-21.994592356201224,1032.998566173162
komc1235,atla1278,-14.031353375544503,1041.389767794317
komi1270,sino1245,-24.007716208617698,1046.8783892548945
komi1269,ural1272,-25.34197843662767,1051.8427391230828
komi1268,ural1272,-25.34197723139089,1051.8427394502455
komo1260,atla1278,-24.29627033506111,1044.788640035359
kona1242,east2433,-13.104157058359329,711.6534438439089
konk1267,indo1319,-12.12691765675338,1035.836823440458
kons1243,afro1255,-5.162184056963346,146.89146596895932
kony1248,sino1245,-14.064937199661534,1046.2377271028354
konz1239,atla1278,-24.29576204725042,1044.7768472556038
koon1245,atla1278,-14.132762880723066,1043.7929743660347
koor1239,gong1255,-17.479968019807835,905.8494566910588
kore1280,kore1284,-25.34196895976795,1051.8427404652218
kork1243,aust1305,-16.70673008793357,1023.9355205361932
koro1298,atla1278,-21.641998351060455,884.387834292159
koro1313,sout2948,-15.19731838918043,1051.5139463124642
korr1238,drav1251,-15.206333496182628,1051.3318888892734
kosa1249,nucl1709,-23.1199890274908,1043.8663327823613
kosr1238,aust1307,-19.676468694862123,1032.875970549438
kota1263,drav1251,-15.206711040551673,1051.1422259081046
koti1238,atla1278,-24.29625178735934,1044.7914610104506
guan1269,tuca1253,-15.200990331872196,1051.3083390846427
kova1243,nucl1709,-22.94071108388325,1044.811740844817
kove1237,aust1307,-19.50893506342325,1021.364593422408
koya1251,drav1251,-15.208432979573304,1051.4725179542197
koyr1242,song1307,-25.324626259823336,1051.834362795587
koyr1240,song1307,-25.24706841334753,1051.6282529809782
koys1242,afro1255,-6.687228070745579,419.5074698224755
kren1239,nucl1710,-23.173312531049245,1045.0764676306271
gbay1288,kres1240,-25.34396071776815,1051.8427220716885
ngeq1245,aust1305,-16.973402347343146,938.2825649905402
kron1241,kadu1256,-15.207054765032316,1051.5676613157675
kryt1240,nakh1245,-25.27266726373324,1051.5777786943252
puoc1238,aust1305,-13.649219804768393,949.623659989791
kuan1248,aust1307,-6.420974965219454,245.09656480283277
kuan1247,atla1278,-24.295774941234225,1044.7918767523804
bayo1255,atla1278,-24.296469245986167,1044.5909895653
kuii1252,drav1251,-15.44740909273884,1003.197288629606
kuik1246,cari1283,-25.34496611307019,1051.7200913255888
kuku1280,pama1250,-25.34814301870341,1051.8407704555964
kuku1273,pama1250,-25.34935908633213,1051.8351797644814
kulo1237,aust1307,-19.67647746200844,1032.871194268914
fait1240,nucl1709,-20.854147019455876,1035.683541145501
kulu1253,sino1245,-23.994158384309053,1044.509350195567
kuma1280,nucl1709,-21.32235294590102,1039.934207848209
kumb1268,pama1250,-25.34933825022901,1051.8407911498566
kumz1235,indo1319,-22.25786408591405,1041.667873223872
kuna1268,kuna1268,-25.70305076813436,1046.8186595422544
kunb1251,gunw1250,-6.847567586991978,437.8299818730544
kuni1267,kuni1270,-22.63976642321168,1031.499090446133
kunj1245,pama1250,-25.34934193931744,1051.8402358818746
kuot1243,kuot1243,-13.938609788006731,1043.3647188504435
kurr1243,pama1250,-25.349338151773765,1051.840790029111
kusa1251,aust1307,-19.68201526676504,1032.203259397762
kusu1250,kusu1250,-25.209905252375147,1051.3633173889457
kute1249,kute1249,-25.35036732394111,1051.8427511666305
kute1248,atla1278,-23.74719778597281,1043.280038398742
kuvi1243,drav1251,-25.63632611018093,980.0515512254412
kuyy1240,aust1305,-13.431462653872808,984.2609345412384
kwai1243,aust1307,-19.690679925937264,1030.6394231935649
kwam1252,aust1307,-19.676480428865773,1032.867855958838
kwar1239,aust1307,-19.697059277977694,1028.9167940732036
kwaz1243,kwaz1243,-25.203809700528424,1051.8098882519937
kweg1241,surm1244,-24.654597510551454,966.5893970031374
nucl1595,kwer1242,-25.333984124496187,1051.841255182275
kwin1241,worr1236,-15.17753038273516,1051.5398034838
kwom1262,sepi1257,4.672160221196746,90.92138296436644
nucl1593,kwom1263,-23.18415368297524,1016.9673470869687
kxoe1243,khoe1240,4.100424784913008,58.86616014124331
kyer1238,sino1245,3.94654752241342,50.69513880892532
cori1240,atla1278,-21.81843465311577,1021.6963344767668
laal1242,laal1242,-11.151978213645716,794.4715885127193
labe1239,aust1307,-13.336434342410122,893.1874438184946
labu1248,aust1307,-14.132378465174218,924.5710639035534
labu1249,aust1307,-19.693043303203822,1029.3121953059422
lach1248,taik1256,-24.614132367282178,1048.184832632444
lagw1237,afro1255,-4.201847380819453,60.851995691629554
zaye1235,sino1245,-24.237461628902768,1047.498605628485
lahu1253,sino1245,-23.292507332736054,1043.8319760569418
lahu1252,sino1245,-21.13647681458052,1007.4743505503808
laiy1246,aust1307,-19.67531998637173,1032.870817449298
lakk1252,nakh1245,-24.94512671278723,1050.8512444507523
lala1268,aust1307,-18.91037433547426,1031.1025175893024
lala1264,atla1278,-24.2962353950204,1044.7919721678004
lama1277,aust1307,-19.6764345868974,1032.872723168348
lama1288,afro1255,-11.922489826417474,915.0992821786464
lamb1269,indo1319,-12.126215300875112,1035.7461974250075
lamb1273,aust1307,-19.664109033945135,1032.8443176519536
lame1260,aust1307,-19.67650736865403,1032.8555011755277
hela1238,sino1245,-6.530289913198802,367.5141141790449
lamk1238,sino1245,-23.944844005945747,1046.701231942665
lamo1244,aust1307,-19.555997010738423,1019.621277287882
land1256,atla1278,-24.29628445059123,1044.7844415084337
lang1320,atla1278,-11.49037614147808,611.2484602099976
lang1324,nilo1247,-25.34725244091987,1051.8402959643272
lara1258,lara1258,-13.818517762836988,1043.0539717319923
lash1243,sino1245,-24.240152474342707,1047.5145798611711
teke1275,atla1278,-14.1595855201138,1044.0097813369
latv1249,indo1319,-12.126863382475072,1035.8426030841945
lauu1247,aust1307,-19.69659326298361,1029.097709437532
lave1248,aust1305,-7.276683586773833,536.6738338138588
lavu1241,lavu1241,-15.248907446161686,1044.3753304046322
lazz1240,kart1248,-24.373430808692763,1049.588395772956
lega1250,atla1278,-24.296084911184685,1044.7918439657076
lega1249,atla1278,-24.29622406177189,1044.791814596857
lele1276,afro1255,5.353551933619022,174.43569348344909
lele1267,aust1307,-19.676486303774904,1032.8680061469345
lele1270,aust1307,-19.59727622857202,1032.7125926761694
lemb1266,nucl1709,-17.441377694046253,991.5444640784416
leme1238,aust1307,-19.676479951049,1032.869598123155
lena1238,aust1307,-19.676480833229025,1032.8674809334148
lend1245,cent2225,-25.34407796760889,1051.8388849152743
leng1259,aust1307,-19.690868473819208,1030.6142050142885
lepc1244,sino1245,-24.172047517708023,1046.9726320790965
lese1243,cent2225,-25.344324177569906,1051.7367177225592
leti1246,aust1307,-19.675752595063795,1032.8730217919892
lewo1242,aust1307,-19.67650032310777,1032.8610948038968
lewo1244,aust1307,-19.6764069488311,1032.8730514890865
lezg1247,nakh1245,-25.224905687133635,1051.6240211564848
lian1251,sino1245,-22.991878686075765,1038.4347452514814
libi1244,atla1278,-13.840546558465448,1040.1657173992432
liby1240,afro1255,5.087699138082334,140.98712902508282
lihi1237,aust1307,-18.080694601323,1015.66562434729
liji1238,atla1278,-21.1591783514526,1009.3485999202046
lika1243,atla1278,-14.160493046561916,1043.9944700573838
lill1248,sali1255,-25.3501436399745,1051.8406377882227
limb1266,sino1245,-24.07277009741359,1045.6653063728022
nucl1327,limi1242,-24.65165819723461,1050.2067405314374
limo1248,aust1307,-19.67609919588933,1032.868970722436
lipo1242,sino1245,-24.222696983932043,1047.513850346772
lish1245,afro1255,4.165083756493878,61.8858448769638
lisu1250,sino1245,-24.24058109448801,1047.514934430715
lith1251,indo1319,-22.25845349852361,1041.6173490262072
lito1235,atla1278,-13.75395785641798,1039.8690066644915
livv1243,ural1272,-25.341977248937976,1051.842739393678
loba1239,atla1278,-23.66833419875401,1039.1129446806772
logo1259,cent2225,-25.34397027078587,1051.8391739209603
balo1261,atla1278,-14.030142157838862,1042.3683656497394
loka1252,atla1278,-24.23755543335724,1044.7414865174944
araw1276,araw1281,-15.211299128272453,1051.5437656807978
lolo1259,sino1245,-24.229239160188047,1047.514679388196
loma1260,mand1469,-25.34401627777313,1051.8417472249043
lomb1257,indo1319,-18.582520013466485,973.7390910642548
chiq1248,chiq1253,-15.205053828340738,1051.5670356132848
acha1249,sino1245,-24.238160186079465,1047.5055893407246
long1395,aust1307,-19.68516264650902,1031.7796075426827
loni1238,aust1307,-19.60857888541209,1032.7383826886332
lonw1238,aust1307,-19.67651329980164,1032.852171737924
lote1237,aust1307,-19.045103472402506,1028.7391444556374
loth1237,sino1245,-13.773364536223578,1045.1353523548314
lotu1250,aust1307,-19.73256962505596,1011.3237145045216
louu1245,aust1307,-19.578647326773535,1032.6740060653592
vano1237,aust1307,-19.676475065937066,1032.871802650269
lowl1260,tequ1244,-25.35026967656772,1051.8299348070484
lowl1265,utoa1244,-25.35011135036264,1051.842750102454
lozi1239,atla1278,-23.145315350958537,1039.6830354833735
luan1263,aust1307,-19.67561740730029,1032.872948219075
onto1237,aust1307,-19.677882240571627,1032.752784323816
lubu1243,aust1307,-19.67648656183952,1032.8679722351187
luch1239,atla1278,-13.964058458174344,1043.7120545400724
ludi1246,ural1272,-25.34197720538457,1051.8427393841882
lugb1240,cent2225,-25.34385679683017,1051.8395189453647
lugu1238,atla1278,-24.00444212345354,1044.4242152551967
lule1254,ural1272,-25.34197721956261,1051.8427388485811
lumu1239,narr1279,-25.34353143670749,1051.7825633521788
lund1271,aust1307,-19.689693363473918,1030.3498400029905
luok1236,nilo1247,-25.239785766450453,1051.5479614252956
luse1252,atla1278,-14.12897767333874,1043.5614356237784
lusi1240,aust1307,-19.54221201256644,1027.9500687616826
luva1239,atla1278,-24.21627157021148,1044.5916796181862
luya1241,atla1278,-23.2456847087447,1040.979888375399
maan1238,aust1307,-19.66906045690152,1032.8491429070332
maas1239,atla1278,-14.141197371469596,1043.6994198485777
maba1270,atla1278,-14.140500928053315,1043.6387410518612
maba1277,maba1274,-25.160562578944276,1051.1170761521494
mace1250,indo1319,-12.129067106999782,1035.2241635637135
maco1239,sali1297,-15.209757892285593,1051.5678084948054
macu1260,tuca1253,-15.15041603669613,1051.4618651615117
mada1285,aust1307,-17.244446838582896,995.4972621757596
madi1260,cent2225,-25.3425696852056,1051.8395388716938
jama1261,araw1282,-25.34628463713917,1051.8142315118023
madn1237,east2374,-21.53727642061689,899.4214073941166
mafe1237,aust1307,-19.67650138371605,1032.8615117034035
maga1260,indo1319,-22.212388467933923,1041.3788593589263
magd1235,otom1299,-15.214715634125357,1051.200252714129
magu1243,aust1307,-19.67647882428368,1032.87214950264
maia1254,nucl1709,-11.999959546392152,694.6915240707203
maia1253,nucl1709,-14.275195583321196,818.725981734666
mail1248,mail1249,-25.339707032382726,1051.8146948605297
mais1250,aust1307,-19.601674074013403,1032.5540663052757
mait1250,indo1319,-21.82040431959016,1039.6922011503525
maja1242,surm1244,-13.879137845290613,693.3347558548076
maka1304,atla1278,-14.146293184817232,1043.8776814459354
makc1235,taik1256,-25.341282096404715,1051.842732203135
makh1264,atla1278,-24.29630776128796,1044.7799125263073
makh1266,atla1278,-14.160340814729825,1044.021347976084
mako1251,atla1278,-24.296329804045563,1044.7144579499422
makw1236,atla1278,-14.160189539454963,1044.0211860082538
mala1463,drav1251,-15.206111742936002,1051.5172906126916
mala1534,aust1307,-19.676482008846165,1032.870475853202
mala1464,drav1251,-15.206217589254026,1051.4836526115926
mala1522,chib1249,-25.34724584741037,1051.8427430769225
male1284,gong1255,-14.45526360014614,919.1685952544996
male1297,chib1249,-25.3501113643852,1051.8427533742567
male1289,aust1307,-19.433628123913227,1031.4533396865904
malg1251,afro1255,-10.547107302722829,942.752732547414
mali1285,otom1299,-25.350858133633256,1051.5130620876032
malt1254,afro1255,-5.404205516103218,183.3657105320516
malu1245,aust1307,-19.676512643355757,1032.8511054747412
mamm1241,maya1287,-25.350315184051546,1051.785852278215
sauk1252,nucl1709,-19.701435780265047,999.9869759626076
mama1275,aust1307,-19.675273779234868,1032.8755683344907
mamb1306,aust1307,-19.676149016400977,1032.875554993439
mamb1294,atla1278,-26.94106215910307,727.7433707516051
mamb1296,atla1278,-24.295513496887487,1044.753879959776
mamv1243,cent2225,-25.344163241195712,1051.8316786473329
mana1295,aust1307,-7.368303570881782,433.20572548278847
mana1298,nduu1242,5.623722725859727,178.48113341187923
mana1288,sino1245,-22.70131343129602,1030.896075034498
payn1244,nucl1709,-17.06024647794208,955.2218809621278
mand1423,atla1278,-14.158884116457047,1043.9764081731937
mand1440,aust1307,-18.752537193973527,1025.026161435709
mand1415,sino1245,-24.240903519062925,1047.5152809706217
mand1436,mand1469,-25.343851961835185,1051.825847202317
mang1378,aust1305,-8.789114698425994,542.5101025289005
rapa1245,aust1307,-19.676468646212903,1032.8759754640314
mang1401,aust1307,-19.67646868960985,1032.8759754444725
penr1237,aust1307,-19.676468646213003,1032.8759754638384
mang1381,mang1423,-15.064472018860595,1051.461608587035
mang1394,cent2225,-25.34456163889463,1051.7239430552618
mang1404,aust1307,-10.151725906470515,739.1953009278332
mang1405,aust1307,-19.673853598686776,1032.8658792849303
mang1403,aust1307,-19.15877677269666,1027.357818022737
tong1308,aust1305,-7.268080210573524,595.0710591952077
manm1238,aust1305,-15.348093093024174,1005.6635458555252
mann1248,mand1469,-25.34385970382123,1051.841744249769
mans1262,aust1307,-19.67647238860676,1032.8752096918709
mans1260,hata1242,-25.34612694985677,1051.8278790701702
manu1258,aust1307,-19.71973365850291,1016.4983631707834
maor1246,aust1307,-19.676468646221377,1032.8759754640355
mapo1242,aust1307,-12.226363334091085,843.2224024464776
mapu1245,arau1255,-25.34693615560582,1051.8427475303638
mara1382,sino1245,-24.14341361669088,1047.457204100797
mara1399,aust1307,-19.676515788786688,1032.84804396573
mara1379,sino1245,-13.746431645319309,1045.1130711859782
mara1404,aust1307,-19.67647622707226,1032.8738712677662
mara1386,west2434,-4.524203594938888,75.90990522948744
mara1396,tama1329,-25.3220408313284,1051.8320604113171
mara1378,indo1319,-12.127392177897232,1035.749313401713
marg1253,pama1250,-25.349338135464777,1051.8407906398097
marg1265,afro1255,-11.647147793960642,924.676054351984
mari1414,drav1251,-15.206488525249656,1051.5299973103788
mari1440,coch1271,-25.3501113237545,1051.8427543489006
mari1428,aust1307,-16.897462687802715,1018.3751415749718
nucl1622,anim1240,-14.75294015417517,1050.8070599660125
mari1416,sino1245,-23.799846586421083,1045.8987791216605
mari1424,west2434,-7.976717429050485,494.1810783782065
moro1289,moro1289,-24.95456120857712,1051.388682556934
maro1244,aust1307,-19.68578340946164,1031.6048147978386
mars1254,aust1307,-19.67646864633377,1032.875975453201
mart1255,pama1250,-25.34933816142429,1051.8407898993637
maru1249,sino1245,-24.23069952674424,1047.514609419431
maru1252,pano1259,-25.344393048056805,1051.8426944484304
masa1322,afro1255,5.610936935754227,199.85758211767472
masb1238,aust1307,-19.67647317002931,1032.8738903257172
mask1242,aust1307,-19.67651398549134,1032.850917224256
matb1237,aust1307,-19.684761230599356,1031.886058496588
kemb1249,aust1307,-12.74599900496244,925.4652249410722
mati1250,aust1307,-19.67647957105141,1032.8711439455976
mato1252,aust1307,-17.676843378666593,1019.35445833389
mats1244,pano1259,-25.33389130150433,1051.8423134226937
matu1261,aust1307,-16.36865051479947,1005.588818252254
maun1240,iwai1246,-11.094993578461477,911.1974777332464
maxa1247,nucl1710,-23.17330757963653,1045.0764676378474
maya1285,misu1242,-25.350111330924527,1051.8427537211155
maib1239,mayb1237,-15.211514026162538,1051.5007477702477
mayo1264,utoa1244,-25.350070905178697,1051.842750861175
mayo1261,atla1278,-24.296632285370848,1044.6641066075188
maza1304,afro1255,-14.731456995230952,619.8445158747256
mbaa1245,atla1278,-14.160462064240257,1043.9907020669066
mban1263,atla1278,-13.755631242388803,1040.5637822356186
mbar1260,afro1255,4.824488217901729,108.51443373134988
mbay1241,cent2225,-24.014946807092205,1019.4696115662958
mber1257,atla1278,-24.293837324942235,1044.6951519703907
mboc1235,atla1278,-14.139453589476332,1043.4305678781882
mbol1247,atla1278,-24.29638757729442,1044.7499368338692
mbug1242,atla1278,-6.958188814950878,494.7906474445685
mbul1263,aust1307,-19.25394460914547,1031.5121407842223
mbya1239,tupi1275,-25.32625292968809,1051.8413500278389
meen1242,surm1244,-22.629751569529645,1012.637126879188
mehe1243,sepi1257,-5.8197606760959495,228.47494245315625
saki1248,tupi1275,-24.98783743453049,1051.497662117254
meke1243,aust1307,-17.049559623904486,1013.5394178311942
mele1250,aust1307,-19.67648549369243,1032.8677023213054
melo1242,gong1255,-14.993448149112917,1025.362515491188
melp1238,nucl1709,-20.69092944290201,1035.357765698571
mend1266,mand1469,-25.344016591614217,1051.841751252918
mere1242,aust1307,-19.676494990577524,1032.864183982235
meru1245,atla1278,-15.32786756199836,995.6475481977102
mesc1238,atha1245,-25.35014245423264,1051.8407934211716
meta1238,atla1278,-24.21735611261379,1043.813558944879
mezo1235,otom1299,-25.350777208230515,1051.6757896254476
mezq1235,otom1299,-25.350337148727096,1051.8279569389156
mich1245,utoa1244,-25.35029152289577,1051.8427492134022
midd1327,aust1307,-8.477914915447666,598.4901442469973
mids1243,atla1278,-14.159670487803028,1043.8599309923345
miga1249,afro1255,5.13575297311411,146.50586909663753
mika1239,musk1252,-25.350111324329244,1051.842754297371
mikm1235,algi1248,-25.35015799753684,1051.839813487904
mila1245,sino1245,-24.236635758360865,1047.5040561099577
mina1276,afro1255,-13.88716443078081,755.8068948234377
mina1268,aust1307,-19.67524088797619,1032.8641260029658
mini1256,huit1251,4.226173071937227,65.70865611610714
mini1251,aust1307,-6.842139130318696,289.40491710915137
minn1241,sino1245,-24.240903661608737,1047.5152800916162
miri1266,jarr1235,-15.1404639724559,1051.5118982666356
misi1243,aust1307,-19.67689957504373,1032.7969209961846
misk1235,misu1242,-25.351042595190727,1051.842747109156
mixt1426,otom1299,-25.35072142811296,1051.6990100995802
miya1266,afro1255,6.084257706558427,277.5087509664994
miya1259,japo1237,-24.19326454907729,1048.261401690653
lush1249,sino1245,-23.967470149234995,1047.123059307858
mlab1235,aust1305,-16.72707279309186,904.8096918574984
moba1244,atla1278,-14.154607341713096,1043.9779168909542
moch1257,maya1287,-25.35047546622812,1051.6603797173125
moco1246,guai1249,-25.34715578512557,1051.8416008817994
mode1248,indo1319,-12.126907299857397,1035.838075769644
hebr1245,afro1255,5.121158056984429,145.00308180914303
moii1235,west1493,-15.221760601199458,1049.5704299536656
moke1242,aust1307,3.7201215647806087,41.55514750292559
moki1238,aust1307,-19.67646930699314,1032.8758280305085
mokl1243,aust1307,-18.969834770467138,1029.2329840525251
moks1248,ural1272,-25.34066567791856,1051.8427340842836
molo1266,afro1255,-11.987731318450743,874.4461655999035
nucl1452,momb1255,-25.25693507227984,1051.814998140875
fass1245,baib1250,-23.695577206365797,1023.4117910737832
monn1252,aust1305,-16.70517954991556,1023.9200948408186
mong1338,atla1278,-14.159888671816937,1044.0137514427106
mono1273,aust1307,-19.670109644373984,1032.766048691224
mono1270,atla1278,-13.99667755918037,1042.5090579204957
mono1275,utoa1244,-25.350111346107784,1051.8427526497662
mont1268,algi1248,-15.213795184774437,1051.567581123819
nucl1458,monu1249,3.997488929911553,52.81984611002747
monz1249,atla1278,-12.331877642300777,1020.1700805148324
mopa1243,maya1287,-25.35016411971633,1051.8389911996348
mori1269,aust1307,-19.67646267234869,1032.8745245302453
morm1235,aust1307,-19.67637225986216,1032.8141246040211
moro1285,heib1242,-25.343539698933547,1051.792711752173
moro1287,aust1307,-19.676432771608475,1032.875636516698
mort1237,aust1307,-19.676468306475627,1032.875962581928
mose1249,mose1249,-15.191063377426987,1051.5618874086683
mota1237,aust1307,-19.6764804088541,1032.8699679403703
temb1272,atla1278,-14.11898432576023,1043.351919008882
motu1246,aust1307,-19.520363301957808,1032.7121708713414
mouk1239,aust1307,-19.544434601285403,1026.1100252814365
moun1252,koia1260,-24.931096395345435,1051.204756091681
movi1243,movi1243,-14.129673450104242,1047.8642535960048
tang1347,aust1307,-19.676501414090268,1032.8599363119774
moyo1238,sino1245,-23.93699518997712,1046.713688859461
mpad1242,afro1255,5.2999112284058985,162.8965812783547
mpii1239,sino1245,-24.22596889037755,1042.023882645641
mpot1240,atla1278,-24.29604122085771,1044.70663505245
mpur1239,mpur1239,-15.210716856992851,1051.5348445249426
mual1241,aust1307,3.719972555346015,41.54876286067929
mudu1242,aust1307,-19.47241782093264,1031.4493438375769
mudu1239,drav1251,-15.206707351425717,1051.1373817416618
mull1237,nort1547,-10.377027421644248,903.434673728344
nucl1240,atla1278,-22.3463669376022,1004.3121879609228
munc1235,sino1245,-24.238731660083037,1047.5149508917862
mund1328,atla1278,-13.926018457260993,1041.6775158601672
mund1325,atla1278,-24.947678744209345,792.5376733505282
mund1320,aust1305,-7.262800172437222,596.5679238428875
mund1330,tupi1275,-25.218126349916503,1051.791967892567
abar1238,atla1278,-13.929429446985864,1041.6955558417608
murl1244,surm1244,-24.130067243261585,1047.074427986163
muru1274,huit1251,4.226139926716188,65.7066845686586
muru1266,pama1250,-25.34933813456859,1051.8407910116666
musg1254,afro1255,-4.461632750954617,78.68509454229002
muso1238,aust1307,-15.440931931726851,968.1744332650449
muth1236,drav1251,-15.206381133921436,1051.4209050782715
mwag1236,afro1255,8.190427331732762,627.0844967871069
mwan1250,mand1469,-25.34361929722007,1051.8414186034329
mwan1247,atla1278,-24.29631958632357,1044.7777266707185
mwer1248,atla1278,-24.29497980916674,1044.7777021440645
motl1237,aust1307,-19.676478578785726,1032.8709013707546
sout2857,aust1307,-19.676511590248868,1032.852524247287
naka1262,aust1307,-18.705512702350635,1027.0873841908815
nalc1240,nucl1709,-22.91457492917408,1042.543776065495
nali1244,aust1307,-18.775574744898435,1025.219490631102
nalo1235,aust1307,-19.67647746921369,1032.8709969743236
nama1268,aust1307,-19.67649238163004,1032.8669200397778
litz1237,aust1307,-19.675482619749,1032.847691974769
nama1264,khoe1240,4.09488939120144,58.571208925316114
namb1293,more1255,-25.050675109076145,1051.6398680540317
namu1246,sino1245,-24.24082120904277,1047.5152597301733
nana1257,tung1282,-25.34197719212267,1051.8427401269005
nand1266,nilo1247,-25.455261031703603,1051.475227669804
nang1262,aust1307,-19.676477782948915,1032.8705075290598
nara1262,nara1262,-25.992415691690518,1026.6552016658663
naro1251,aust1307,-19.67760023033384,1032.330055991582
yong1270,sino1245,-24.24067994641837,1047.5152489324194
naru1238,pama1250,-25.34933852307448,1051.8407911358947
nati1244,aust1307,-19.67443873613873,1032.8503986558326
nati1243,atla1278,-24.29368358968805,1044.115602090557
natu1246,aust1307,-19.676477834813827,1032.8706521829458
naue1237,aust1307,-19.675766354960743,1032.8744789197883
naur1243,aust1307,-19.67646864787869,1032.8759753288186
nava1243,atha1245,-25.350502187379966,1051.8407894388388
nawu1242,atla1278,-24.29630872179962,1044.750106849728
naxi1245,sino1245,-24.240670715293195,1047.5152227113642
ndam1251,afro1255,5.263085891070601,162.78042276080123
ndam1239,atla1278,-24.23418329239741,1044.756811169695
nden1248,atla1278,-24.2744222063688,1044.7831799349806
ndog1248,atla1278,-24.29631053530517,1044.7533179872753
ndom1245,kolo1268,-25.305457817443944,1051.8377997062112
ndun1249,atla1278,-24.289186199752717,1044.578480195441
nege1240,aust1307,-18.2827792128378,1024.6238441584676
negi1245,tung1282,-25.341977194526766,1051.842740010694
neha1247,aust1307,-9.188529158180756,933.250512567956
kuma1276,aust1307,-19.676474228041457,1032.872844598916
nenn1238,more1255,-24.9992744538887,1051.5705801752022
nend1239,nucl1709,-17.914336952222065,980.7482492433452
neng1238,aust1307,-19.67647026624573,1032.8756988250043
nucl1706,afro1255,-5.350361020953066,175.40930644373384
nepa1254,indo1319,-15.069601246768274,881.2488499413221
nese1235,aust1307,-19.67651243810689,1032.8510883010028
vinm1237,aust1307,-19.676516919823406,1032.847545233247
nezp1238,saha1239,-25.34973931156526,1051.842742718328
ngaa1240,pama1250,-25.34933812772103,1051.840791159164
ngab1239,chib1249,-25.35011133652142,1051.8427510405477
ngal1292,gunw1250,-24.82086374344685,1047.5143390897529
ngam1268,cent2225,-23.358402094974277,980.3350089835694
ngan1291,ural1272,-25.340825031301843,1051.8427330715017
ngar1235,pama1250,-24.96545821491744,1050.171762266773
ngar1284,worr1236,-15.207648272261862,1051.562527941057
ngar1283,mirn1241,-15.211197053346806,1051.568801168472
ngas1240,afro1255,4.529841250809586,82.83719524053038
ngba1284,atla1278,-20.58911191184364,985.8460252790748
ngba1285,atla1278,-23.555894271390745,1037.3689805030126
ngit1239,cent2225,-25.344096579006013,1051.8347862395694
wang1291,pama1250,-25.349338134377437,1051.8407910681285
ngom1268,atla1278,-14.126609029262037,1043.5111200385268
ngul1236,aust1307,-17.44504662439661,1016.5567271004332
nhan1238,pama1250,-25.349338134186063,1051.8407911607796
nhen1239,tupi1275,-25.34708140507825,1051.842047565808
niha1238,niha1238,-25.342021394014697,1051.84212611386
nila1242,atla1278,-19.719733389360183,1006.020680320646
nucl1633,nimb1257,-25.189221874710512,1051.6675677239518
labo1244,aust1307,-19.67651345029344,1032.8506522761147
nisg1240,tsim1258,-25.35011166629945,1051.842753963271
niua1240,aust1307,-19.676468715883388,1032.8759684483698
niva1238,mata1289,-25.3283941374052,1051.8417176339535
njan1240,atla1278,-24.211135003414206,1044.34010907048
nkon1248,atla1278,-24.297779266760216,1043.4890985707573
nkor1239,ijoi1239,-15.20352130118174,1051.322903357539
noct1238,sino1245,-24.225059234037552,1047.2896047172017
noku1237,aust1307,-19.676483173130823,1032.8713097960615
noma1260,atla1278,-14.155312736705188,1043.0925955949674
noon1242,atla1278,-14.157780042713682,1044.0178394313143
noon1243,atla1278,-14.019578708729169,1041.697948393283
nopa1235,otom1299,-15.214660700389867,1051.1682400425134
nort2839,aust1307,-19.67650982248492,1032.8549844282184
nort2697,turk1311,-24.14267305071653,1046.1645233721435
darg1241,nakh1245,-15.019913033956191,1051.2291604262746
nort2930,kiwa1251,-24.19940326673981,1049.3256094541707
nort2836,aust1307,-19.676486416008395,1032.8676837796108
nort2724,sino1245,-24.240442884660517,1047.515170120635
nort2972,choc1280,-25.347243023625463,1051.8427495565172
nort2702,drav1251,-15.2103487407975,1051.427474247487
gumu1244,gumu1250,-15.159099809021654,1051.4988735968443
nort2938,haid1248,-25.35011133939332,1051.8427533574911
sing1264,sino1245,-24.230786232298605,1047.4024111473032
nort2877,aust1307,-19.67648870022855,1032.8667264046012
nort2684,aust1305,3.853366690140568,46.9204323502139
lush1252,sali1255,-25.35014467562592,1051.840518289424
nort2774,atla1278,-14.154287692818473,1043.8487244240328
nort2954,utoa1244,-25.35011137946056,1051.8427530370914
nort2957,utoa1244,-25.350397750004483,1051.84102365429
nort2723,sino1245,-24.240841610498844,1047.5152614885026
nort2747,hmon1336,-25.34186429301869,1051.8427354677362
nort2722,sino1245,-24.24090930555391,1047.515069121437
nort2994,aust1307,-16.70590371968824,1002.222843377199
nort2885,aust1307,-19.67647313147751,1032.8743303641693
nort2959,utoa1244,-25.35011134543541,1051.8427522960692
tosk1239,indo1319,-12.127839677272668,1035.6617428825912
nort2732,sino1245,-24.24090296040292,1047.5152806382046
nort2690,turk1311,-25.341977221356416,1051.8427399088737
yoku1256,yoku1255,-25.350111324653778,1051.8427540769778
nort2745,yuka1259,-25.341977355127742,1051.842740499089
nort3047,afro1255,-12.297581430857829,868.9309103805214
nort2980,quec1387,-25.34733096853253,1051.8302222168352
nort3139,afro1255,5.372520642986993,174.35020805585202
nort2845,aust1307,-19.67533694290044,1032.8759614783662
nort2671,ural1272,-25.34197720525304,1051.842739451252
nort2942,atha1245,-15.21303734065821,1051.5683455403655
nort2847,aust1307,-19.676480622880916,1032.868082141968
nort2699,drav1251,-15.206239664786228,1051.467448573528
nort2961,algi1248,-25.35015905219332,1051.8396760529615
nort2775,atla1278,-24.181110541877555,1044.2211041295525
nort2951,maid1262,-25.350111332955827,1051.8427543211978
yaki1237,saha1239,-25.35012001270089,1051.8424497561923
nots1237,aust1307,-18.34154970672928,1018.6744770856974
nsen1242,atla1278,-24.296244030100755,1044.7906963266903
nuer1246,nilo1247,-25.221355753990277,1051.799263468405
nukn1238,nucl1709,-21.3589662342977,1032.464862507942
nuku1260,aust1307,-19.676464520708684,1032.8759451398328
nung1282,sino1245,-24.24070468241656,1047.5148728868571
nupe1254,atla1278,-24.26314164603785,1044.7798127925548
nusu1239,sino1245,-24.240506620232274,1047.514887069594
nuuc1236,waka1280,-25.350126514479943,1051.8420669300451
nyah1249,aust1305,-7.255899797927169,533.3167721265661
nyah1250,aust1305,-16.532222582870716,1022.9755170807508
nyak1260,atla1278,-14.157349126049567,1043.9829550674715
nyal1250,atla1278,-24.296289273982563,1044.7785270068744
nyam1285,afro1255,5.809773545945513,248.2490264098809
nyan1307,atla1278,-24.29519452972405,1044.785882104051
nyat1246,atla1278,-20.034389724927276,997.7302569088016
nyaw1247,pama1250,-25.349356090756704,1051.8388402648654
nyig1240,nyul1248,-25.349251994873296,1051.8427209890967
nyis1236,sino1245,-24.117222630623807,1047.3732905184831
nyor1246,atla1278,-24.296043897819423,1044.735742227769
nyun1247,pama1250,-25.34933813365777,1051.8407911608847
nzad1234,atla1278,-14.16033959203416,1044.0203583456362
nzak1246,atla1278,-23.786053624615228,1040.1194115269293
nzak1247,atla1278,-14.159751309872728,1043.9091511098572
obok1239,lake1255,-25.335628661850805,1051.8411918613945
obom1235,aust1307,-19.67648071979372,1032.8705120493664
occi1239,indo1319,-12.108801552507517,1035.6250314853974
oriy1255,indo1319,-22.293518788644437,1041.137456326148
ofay1240,nucl1710,4.041878592006137,55.81208009574698
kalm1243,mong1349,-25.33832040168656,1051.8427037634765
okan1243,sali1255,-25.350142646012294,1051.840792862526
okin1246,japo1237,-24.19326428688972,1048.2613964964253
okoe1238,atla1278,-24.24506902380548,1044.7776070270447
oksa1245,nucl1709,-10.08200053787174,555.1481911949488
okuu1243,atla1278,-14.045010499348413,1041.3650902088125
oloo1241,nucl1708,-11.736128700029536,896.651011716922
olut1240,mixe1284,-25.34977077301388,1051.840751724413
omie1241,koia1260,-25.13769317731237,1050.7806417681682
bira1253,bira1253,-12.075396160468888,416.24107466992007
onon1246,iroq1247,-15.21382289912186,1051.5622698856705
orma1241,afro1255,-5.574279276740255,207.95237267239668
oroc1248,tung1282,-25.341977193240783,1051.8427401760578
oroh1237,aust1307,-19.67957625280664,1032.5767315898356
orok1265,tung1282,-25.341977193125345,1051.8427401937831
orok1269,nucl1709,-13.022855847765786,1042.9230834375062
orok1266,atla1278,-14.146025553400136,1043.7263825438663
orok1267,nucl1580,-23.06315079931701,1038.358117953116
orow1242,aust1307,-19.67647620957422,1032.8723832043866
osam1235,atla1278,-14.156902277002056,1043.9954813143868
otor1240,heib1242,-25.34327663863293,1051.8290234590745
otta1242,algi1248,-15.21379520450472,1051.5675811270237
owaa1237,aust1307,-19.676399037867064,1032.8498314613275
paaa1242,afro1255,5.997333031062341,260.9754485543572
paam1238,aust1307,-19.67650699287965,1032.856532748054
paas1238,atla1278,-24.290878100538475,1044.7673189051654
paco1243,aust1305,-16.78221362260947,1012.759388960672
pagi1243,atla1278,-24.293015360586587,1044.518382721567
pagu1249,nort2923,-15.20999459638589,1051.3741442525352
pahn1237,hmon1336,-24.870999604279547,1050.2859523478648
pait1244,sino1245,-13.332999878335544,1041.975305673795
pala1344,aust1307,-19.661982459365184,1032.8233431825024
balu1257,aust1307,-19.54910904868208,1032.6065718402012
pamb1243,atla1278,-14.160886249039446,1043.7872092006664
pamo1252,aust1307,-19.67648952856073,1032.8753115369204
pamp1243,aust1307,-19.67647528968664,1032.8738285009165
pana1307,nucl1710,-23.17133863669224,1045.061520272218
enap1235,cari1283,-25.346916904369944,1051.840187692125
pang1290,aust1307,-19.676480726121905,1032.8718731533463
pang1291,aust1307,-19.67657265266999,1032.8673911683543
pang1287,atla1278,-24.293409001381114,1044.4950558098926
pano1254,pano1259,-25.347072199950624,1051.836713452835
pany1241,pama1250,-25.349398121178528,1051.8407888915135
papa1238,toto1251,-25.350128510054983,1051.8423270428527
papa1265,aust1307,-19.642147258025265,1031.9653763642962
papa1268,aust1307,-9.66541673001277,925.1454549234356
para1302,sino1245,-24.191841823204136,1046.852416484893
pare1272,araw1281,-25.307075393289228,1051.8116078008225
patp1243,aust1307,-15.50289521204087,944.6763465514148
patt1248,sino1245,-24.240957869061443,1047.5148111329593
paul1238,aust1307,-9.648040943077142,940.1225029775665
pawa1255,pawa1255,-23.139201297977717,1041.5365054525778
pawn1254,cadd1255,-25.34960823514581,1051.84274996108
pech1241,chib1249,-25.350111364874905,1051.8427537774269
peer1241,atla1278,-24.005441474370283,1043.3556088617595
pela1242,sino1245,-24.237518649376707,1047.503205318577
pemo1248,cari1283,-25.34732192923162,1051.8407583774808
pend1242,aust1307,-19.67646572122812,1032.8741985621116
peng1244,drav1251,-15.460610769277467,997.8046696180973
peri1253,mong1349,-25.34197719186764,1051.8427402739774
phom1236,sino1245,-14.0278850619989,1045.936599880844
pich1237,araw1281,-15.211382981534149,1051.501799048991
pila1245,guai1249,-15.194935034437464,1051.5636140279933
pima1248,utoa1244,-25.349746702391464,1051.842748357284
pina1252,piaw1238,-20.453408560179824,1019.2811686753782
ping1243,aust1307,-19.676469187632765,1032.875849862599
pint1250,pama1250,-25.349337530054814,1051.840791081823
pipi1250,utoa1244,-25.350115949206835,1051.842723786056
pite1240,ural1272,-25.34197788569237,1051.8427387818529
plai1258,algi1248,-25.350157983389064,1051.8398152729471
pnar1238,aust1305,4.96915830992072,121.15364058368664
pohn1238,aust1307,-19.67646886505693,1032.8759432384068
poko1263,nilo1247,-25.47218540781441,1051.4394166243558
poli1260,indo1319,-12.126732990016777,1035.8412847623877
popt1235,maya1287,-15.214142446174712,1051.2802090858509
port1285,aust1307,-19.67651467062693,1032.8500607362987
port1283,indo1319,-12.126769845735552,1035.8328365914865
pott1240,drav1251,-15.255731302860966,1049.4466081000912
phai1238,aust1305,-6.641979025904183,435.9735666488766
pras1239,indo1319,-22.257739988143435,1041.6662182897148
psik1239,afro1255,-13.050854235112334,825.6744066161878
puka1242,aust1307,-19.67646864648533,1032.875975440163
pula1263,atla1278,-14.157721986809277,1044.0144380086326
pula1262,atla1278,-14.160252227574428,1044.016804056483
pulu1242,aust1307,-19.67646865790392,1032.8759629929114
puma1239,sino1245,-23.60604828690506,1036.825166926886
pume1238,pume1238,-15.210901142390368,1051.568725980252
pura1257,pura1257,-23.601905575320444,1044.5174885830234
pure1242,tara1323,-25.35011273822665,1051.842752952594
puri1258,sino1245,-24.24129076048427,1047.4983786889904
qanj1241,maya1287,-25.35049026068085,1051.646408063986
qawa1238,kawe1237,-25.347245841830222,1051.8427509907572
qima1242,afro1255,-11.30256982206186,988.6709920119282
quer1236,otom1299,-25.350333752900163,1051.8284286985088
quio1240,otom1299,-25.350954191361733,1051.525116374359
rabh1238,sino1245,-21.47471216848909,1001.7767386291928
rade1240,aust1307,-16.213753993192157,1011.3335544784568
raji1240,sino1245,-24.219182462563005,1047.311758750893
rama1270,chib1249,-25.350111364789026,1051.8427533533338
rapa1244,aust1307,-19.676468646574143,1032.8759754323346
rapo1238,nort2933,-15.129411991101712,1050.6426736510412
rata1244,aust1307,-19.676480572804408,1032.8753627301012
raut1239,sino1245,-24.2303420703515,1047.4387815288528
reja1241,aust1307,-19.650530157491087,1032.7298255775245
remb1250,aust1307,-19.675611004226592,1032.8716507158074
rend1243,afro1255,-5.504084715711363,198.22633442186643
reng1252,aust1305,-16.008094773045805,1015.5507363919544
renn1242,aust1307,-19.67708218374504,1032.8313236211636
rere1240,aust1307,-19.67651824649768,1032.8469452592544
reye1240,pano1259,-25.29693361165271,1051.816760884703
rian1263,kolo1268,-25.234214287353424,1051.8070638675254
rikb1245,nucl1710,4.041353682505674,55.78530851367293
beka1241,aust1307,-18.66453354918232,1027.4137275429784
roma1326,indo1319,4.094260275474911,58.5361274331276
romb1245,aust1307,-19.67647210386202,1032.874954991373
ronn1241,afro1255,10.217025296642827,580.532484896043
rong1266,sino1245,-23.406362078018585,1043.104438119903
rong1264,sino1245,-24.2405611433866,1047.5130275741722
roto1249,nort2933,-15.164829016198842,1051.1548140940852
rotu1241,aust1307,-19.67557211476266,1032.875967055877
rovi1238,aust1307,-19.681638186347183,1032.2372283541852
ruch1235,aust1305,-16.683345918230284,1023.7530681405344
ruka1240,aust1307,-19.676473972348912,1032.8739781423442
ruma1248,aust1305,-16.7036264155591,1023.9025174642368
rumu1243,tura1263,-24.53641455767024,1051.2160325761763
rung1258,maba1274,-25.29639329767813,1051.813302164113
rung1259,aust1307,-19.698267020504098,1027.2131416136488
russ1264,mong1349,-25.341977208286128,1051.8427402223062
russ1263,indo1319,-12.126856197464116,1035.8433222280648
saaa1241,aust1307,-19.677185700927613,1032.8588532100991
saaa1240,aust1307,-19.680266824377725,1032.496029266582
saar1237,aust1307,-19.676476146411296,1032.8722273208484
saba1267,aust1307,-19.76565387440978,976.48653029681
saba1268,namb1299,-25.194856420381043,1051.7859697572994
safw1238,atla1278,-24.28146096585152,1044.7617851710022
saga1262,atla1278,-24.30184644162887,1043.62141966548
sais1237,aust1307,-19.676474356969088,1032.8736072860918
yaku1245,turk1311,-25.34197722883326,1051.8427399079508
saki1247,aust1307,-19.676475197966656,1032.8735216551747
tsis1238,atla1278,-24.26780173175821,1044.76422351644
samb1311,atla1278,-13.412143526975102,1037.0943464886852
samb1305,atla1278,-23.448011523846183,1035.6961514763336
samo1305,aust1307,-19.67649037141416,1032.8759739551222
wara1292,atla1278,-14.157609492945635,1043.845241860262
sana1295,afro1255,5.087787015097559,140.99781369981736
sanb1241,otom1299,-25.35102989016293,1051.4265687253935
sanb1242,chib1249,-25.34724578648641,1051.8427495112865
sand1273,sand1273,-6.83536616269056,445.6371758542068
sand1278,huav1256,-25.350158600792945,1051.8417226652932
sang1331,atla1278,-24.296229208434298,1044.7914044557565
sang1321,sino1245,-13.958388250265836,1045.48722733388
sang1330,atla1278,-24.269737233282285,1044.760563905045
sani1269,sino1245,-24.099519291568768,1047.408545515543
sanm1301,otom1299,-15.214113137987953,1051.5276423857886
sanm1289,quec1387,-25.34687256185977,1051.84176284592
sanm1295,otom1299,-15.21476431143438,1051.163905516755
sant1410,aust1305,-16.683035185321376,1023.5897538968362
sant1451,otom1299,-25.35060691991978,1051.753216549294
sant1436,otom1299,-25.351066786819185,1051.5148338052506
sanu1240,yano1268,-25.346586535809223,1051.842557070662
sapo1253,aust1307,-19.572492810839396,1030.063670075932
sapu1248,aust1305,-17.05358305777125,872.5572556589501
sara1321,cent2225,-24.968601108211192,1050.4019950827303
sara1327,aust1307,-19.676520856199534,1032.8753244427485
sars1236,atha1245,-25.34974328344741,1051.8407899687086
sasa1249,aust1307,-16.890398080092993,1009.9261257696428
sata1237,aust1307,-19.67646573117372,1032.8759560174665
saur1249,drav1251,-25.326839117806728,1051.7294604370366
savo1255,savo1255,-15.252342845382552,1042.0074562843351
saya1246,afro1255,-4.7669714244461225,101.61162723139728
seda1262,aust1305,-16.34664217215324,1017.015310776756
seim1238,aust1307,-19.490369315249797,1032.6394929554074
seke1241,aust1307,-19.676503962846308,1032.8592646460922
sela1259,aust1307,-19.67198456049887,1032.8706313586626
sela1260,aust1307,-19.675632774039144,1032.871696331861
sele1249,atla1278,-14.161378788944312,1043.1150234178942
selk1253,ural1272,-25.341977204915302,1051.8427394520672
sema1266,aust1305,-14.718241527223306,1005.5501337160764
sema1265,aust1305,3.8512399969762754,46.823672137962376
seme1247,aust1305,-14.539128834245725,1002.4869619987588
sene1264,iroq1247,-15.213826296946856,1051.5615766220403
seng1281,aust1307,-9.458760296525057,955.7442701120056
nucl1632,sent1261,-25.10443565619892,1051.3678311188626
sout1528,indo1319,-12.120755542838666,1035.7651669330494
seri1257,seri1257,-25.350111322258574,1051.84275444462
seve1240,algi1248,-15.213795184792266,1051.5675811183082
sgaw1245,sino1245,-24.23848141203644,1047.5134472232007
shab1252,shab1252,3.981334576772669,52.77354970890485
shan1283,pano1259,-25.346959720286907,1051.8427099308406
shaw1249,algi1248,-25.350158076995488,1051.8398045863426
shee1238,hmon1336,-25.341977215678902,1051.8427361258323
shek1245,dizo1235,-8.91994312232519,832.9227500573986
sher1257,sino1245,-23.79041401804733,1046.6635228904788
biao1253,taik1256,-25.341976795707165,1051.8427378588842
shil1265,nilo1247,-25.328571871292944,1051.8415474237152
ship1254,pano1259,-25.34634313341115,1051.842740663975
shix1238,sino1245,-24.240834635238336,1047.5152514576137
shol1240,drav1251,-15.206399291388308,1051.4046772566994
shon1251,atla1278,-14.15865432067848,1044.0201005846343
shor1247,turk1311,-25.34197719765089,1051.842739909878
shos1248,utoa1244,-25.35010906230002,1051.8427530642414
shua1257,jiva1245,-25.34326531293068,1051.8425600819808
shwe1236,aust1305,-16.702433872388916,1023.8945197044892
siam1242,siam1242,-25.33957769128952,1051.5388187316232
siaw1243,amto1249,-22.137605019803438,1004.3326132895096
sich1238,sino1245,-24.24005755984429,1047.51526010934
sici1248,indo1319,-12.346058055274254,1035.030615052504
sici1249,atla1278,-24.29246963211187,1044.5217235408224
sida1246,afro1255,-5.73870937058785,232.8167705263197
siee1239,aust1307,-19.67647729279661,1032.872264713963
sier1250,otom1299,-25.35099886145356,1051.509125895794
sier1248,utoa1244,-25.349886875661756,1051.7929796070348
sika1261,aust1307,-19.677294810482746,1032.8077030754707
siks1238,algi1248,-25.350157985277395,1051.839815240833
siku1242,aust1307,-19.67638204534787,1032.8757934870223
simb1256,aust1307,-19.67707969015396,1032.7543758397785
sina1266,aust1307,-19.58466706891393,1032.7430912428697
sini1242,mand1469,-25.02062353763704,1049.4706892120632
sioo1240,aust1307,-18.35849875137016,1026.0912716306289
siri1274,tuca1253,-15.165235599030275,1051.4151108860672
siri1273,tupi1275,-25.19339925995807,1051.7710542567336
sile1255,nucl1709,-18.127660087742345,980.0656461637128
situ1238,sino1245,-24.24090436565176,1047.5151045945806
siwi1239,afro1255,5.088195362821603,141.046236103674
siwu1238,atla1278,-14.161331451687618,1043.168100429971
siyi1240,sino1245,-23.6758649953056,1044.66134878511
skol1241,ural1272,-25.342697845828734,1051.8427345623268
slov1268,indo1319,4.094259821938193,58.53610169094418
sooo1254,aust1305,-16.653143829443582,1009.6218826449076
sobe1238,aust1307,-19.66480916335722,1032.874802118699
soch1239,otom1299,-15.21432090577301,1051.449986488693
soga1242,atla1278,-24.293273902424595,1044.748533041595
soli1239,atla1278,-24.29550078397969,1044.78801515831
soma1255,afro1255,-5.40536850219633,183.53735832575205
soni1259,mand1469,-25.34378545830705,1051.8350318240507
sons1242,aust1307,-19.67639094097656,1032.875372119811
sooo1256,kuli1252,-25.413109123441032,1051.7304701838625
sora1254,aust1305,-7.2641141063608385,596.8684780785925
mani1235,east1459,-25.346075905640728,1051.8338110434606
koon1244,atla1278,-14.15896857904201,1043.9898434895815
sout2859,aust1307,-19.67535987502809,1032.855908433187
sout1549,drav1251,-15.206279257293556,1051.465331775992
sout2976,utoa1244,-25.350111347447463,1051.842751794078
sout2856,aust1307,-19.67648481584855,1032.8682140315302
sout2954,japo1237,-24.193260748058385,1048.2613771184772
sout2996,ayma1253,-25.34724052081476,1051.8427478707772
sout2730,sino1245,-24.2347158511074,1047.5150390374129
raro1241,aust1307,-19.67646868960983,1032.875975444474
sout2715,sino1245,-18.012237598276478,890.7907291052745
sout2826,krua1234,-25.34426076136998,1051.842737161508
sout3236,gumu1250,-25.024109519981963,1051.5051265553832
sout2956,haid1248,-25.350111346883956,1051.8427533561912
kach1280,sino1245,-24.23884993522641,1047.5102879363894
sout2994,namb1299,-25.300692017018157,1051.8367819215173
sout2649,indo1319,-12.126856198474728,1035.8433221319854
sout2729,sino1245,-24.24071870389663,1047.5152412341815
sout2728,sino1245,-24.240903842985823,1047.5152064975734
sout2918,aust1307,-19.676911853764175,1032.8383108009095
sout2985,miwo1274,-25.350111664909083,1051.8427498625083
sout2807,atla1278,-24.29624625776544,1044.7920675569128
khan1277,sino1245,-23.947244214209444,1045.5361878748363
sout2797,atla1278,-24.291461038579463,1044.198905532885
sout2679,ural1272,-25.3427358265751,1051.8424848654356
sout2782,atla1278,-26.268639134639777,906.4448091993428
sout2895,aust1307,-19.744565414886733,995.3467371192512
sout2674,ural1272,-25.341978515602616,1051.8427390835209
sout2959,atha1245,-15.21303734065578,1051.5683455405788
para1301,aust1305,-16.625150533612015,1023.391428636951
sout3261,nakh1245,-25.152860526045128,1051.5034810090506
sout2869,aust1307,-19.67648094191556,1032.8670528509629
stan1318,afro1255,5.08874781909204,141.1127485189487
indo1316,aust1307,-19.674577298136672,1032.8686149164923
stan1306,aust1307,-18.20899981745064,1026.4384568161834
horp1239,sino1245,-24.240903812131464,1047.5151011715468
suba1238,atla1278,-24.20251897044766,1044.5403245741963
sude1239,aust1307,-19.67650778984824,1032.8661806578723
suku1259,atla1278,-24.296384175939505,1044.756143585739
suku1261,atla1278,-23.912688729208583,1044.3624619395646
sumi1235,sino1245,-13.919554013409623,1045.222770712111
sund1252,aust1307,-19.676434351679102,1032.8758408901515
mari1426,aust1307,-19.67648688953528,1032.8699988250528
sunw1242,sino1245,-21.97987752668108,975.4043207201288
supy1237,atla1278,-24.29299435932922,1044.745040052185
surg1248,ural1272,-25.34197720496969,1051.8427394520436
surs1246,aust1307,-15.503656250556114,955.497916837336
suru1261,tupi1275,-25.347245750886152,1051.8427474954046
susu1250,mand1469,-25.34404394214393,1051.840695886067
swah1253,atla1278,-24.25841583032663,1044.781906504193
swed1254,indo1319,-12.126856213655223,1035.8433205409212
taba1263,nort2923,-15.209876184637814,1051.413563124529
tabo1241,tabo1241,-24.997004051790988,1051.70705871264
tafi1243,atla1278,-24.297566858377007,1043.7753532747486
taga1272,aust1307,-19.67647956997407,1032.871185791986
taga1273,aust1307,-19.693877889151302,1029.9148780400733
tagb1258,aust1307,-19.676362740388768,1032.868126861586
tagi1241,sino1245,-24.214513601062244,1047.479665739943
tago1246,rash1249,-25.34356980994278,1051.842220985996
tagw1240,atla1278,-24.29617033214133,1044.784941797689
taha1241,afro1255,5.08773851934186,140.99181946519468
tahi1242,aust1307,-19.676468646213188,1032.8759754640334
taia1239,taia1239,-6.791950744412443,442.04853078604174
taji1246,aust1307,-19.675308152018182,1032.874216473814
taku1257,aust1307,-19.67402026773533,1032.7971154230186
binu1244,aust1307,-19.676476653925768,1032.8733198877626
tali1259,aust1307,-19.688720115955,1031.1134011907973
tama1331,tama1329,-25.33357622964645,1051.8403175763945
malo1243,aust1307,-19.67651277053732,1032.8565306635614
tama1365,afro1255,5.087664995244845,140.98251663750625
tamb1254,aust1307,-19.73616693274535,1009.6918919368576
tami1290,aust1307,-18.202537761944257,1024.24840182846
tami1289,drav1251,-15.206068033724856,1051.5356239973385
tane1237,aust1307,-19.676474850509702,1032.8719304280564
tang1377,sino1245,-24.237742877630392,1047.5097377261122
tang1348,aust1307,-18.539884519115823,1017.243545114938
tang1373,sino1245,-24.240905907445256,1047.514989406887
lowe1412,aust1307,-19.67610169882288,1032.8677669733977
tara1313,sino1245,-23.84590719152481,1046.2418316557284
tari1256,araw1281,-15.20518790166555,1051.4794800159837
tari1263,afro1255,5.182505113908009,152.39861645082408
tata1258,otom1299,-15.214660123149963,1051.2261425421502
tata1257,aust1307,-9.664641258713642,925.3413368748372
tata1255,turk1311,-25.341994205969826,1051.8426852170442
taul1251,taul1250,3.885188392487804,46.764077904137935
taus1253,taus1253,-25.13295465010081,1051.7576044466518
taus1251,aust1307,-19.67792505072,1032.740873980546
tawa1286,afro1255,5.088291197467006,141.05765815884843
diga1241,sino1245,-24.240394296992203,1047.5126830331749
taya1257,afro1255,5.088256279026622,141.0534957862161
tbol1240,aust1307,-19.67647528075265,1032.8737368797972
tean1237,aust1307,-19.67647531279414,1032.8713338593873
teda1241,saha1256,-25.324673456046312,1051.838630144997
tedi1235,sino1245,-23.67443433560289,1045.0978724101417
tega1236,rash1249,-25.343404301118863,1051.842277353027
tehu1242,chon1288,-25.34609333870376,1051.8427446123176
tekt1235,maya1287,-25.349350599989204,1051.6274460050297
telu1262,drav1251,-15.206437719340377,1051.5053591379776
tema1239,utoa1244,-25.350129227650804,1051.842536988531
temi1246,aust1305,-15.591370351873,1001.9621177254418
temo1245,otom1299,-25.35034473957146,1051.8268798337954
temp1235,aust1307,-19.725284836906297,1010.3216811052322
teng1272,aust1307,-19.048533907356852,1029.9559266879714
tene1248,dogo1299,-14.073110432164492,1021.7162062751833
teop1238,aust1307,-19.60841901187368,1030.900772572961
tera1251,afro1255,-9.624504650164615,902.579156203682
tere1279,araw1281,-24.797267272289147,1051.2815643389758
teri1250,chib1249,-25.35011134732604,1051.842747588785
term1237,aust1307,-19.676416252269632,1032.8752624196122
tete1251,utoa1244,-25.350449764848083,1051.837817394763
teun1241,aust1307,-19.676387095474293,1032.8612963268297
tezo1238,otom1299,-15.214513547129105,1051.333967583946
thad1238,sino1245,-23.555391771383928,1043.336533596059
thak1245,sino1245,-23.481417664843505,1040.9124079651708
than1259,sino1245,-17.639933827024162,880.8088784216709
thao1240,aust1307,-19.676477164984902,1032.871437229907
thar1283,atla1278,-24.94497409688435,1032.2204272172771
aheu1239,aust1305,-7.262296770624056,592.3676688661341
thul1246,sino1245,-23.93583853595761,1043.8837296847466
tibe1274,atla1278,-24.28020875399809,1044.1292175527958
tibe1272,sino1245,-14.074155488924514,1046.5990171874344
ticu1245,ticu1244,-15.189104315409388,1051.5613219475022
tief1242,atla1278,-14.154670517187084,1043.815421687249
tief1244,atla1278,-24.289568100833964,1044.0940586091483
tien1242,atla1278,-24.296089468670843,1044.7827846399516
tiga1245,aust1307,-19.24510886316387,1030.30854586674
tigo1236,atla1278,-23.9457405346978,1043.6013824459749
tika1246,atla1278,-14.125900582320442,1043.7349015963423
tiko1237,aust1307,-19.67647001887967,1032.8757987599067
tilu1238,sino1245,-23.04970338328448,1020.5537451329316
tima1241,katl1246,-25.343961078668432,1051.84122327265
timn1235,atla1278,-24.296249098252755,1044.791742066282
timu1262,aust1307,-19.742880579798,1002.8230270470444
tina1248,aust1307,-19.67647870820221,1032.871550346784
maee1241,aust1307,-19.67651588740664,1032.8490943096388
tiri1258,aust1307,-19.67647565184372,1032.8725678740725
tiru1241,aust1307,-19.67647663590069,1032.8731382061278
tita1241,aust1307,-19.5409369170656,1032.5777866137405
tivv1240,atla1278,-23.842229717393124,1044.001628210841
toab1237,aust1307,-19.70796179361825,1025.0716831493685
toar1246,nucl1580,-21.75341652567328,1016.8445128455032
toba1268,leng1261,3.98556045393485,53.019043000673264
tobe1252,nort2923,-15.210119281792196,1051.4425644757664
toda1252,drav1251,-25.34324746251303,1051.2563108432444
toho1245,utoa1244,-25.34974669868937,1051.842749647362
tojo1241,maya1287,-25.350439059052626,1051.6942280030653
toke1240,aust1307,-19.67649036806672,1032.8759742519758
toll1241,jica1245,-25.35011149585855,1051.8427543876203
tolo1255,aust1307,-19.67649034108097,1032.8669537659157
toma1245,mand1469,-25.344015974538923,1051.8417413648629
tomb1244,aust1307,-19.70089858216607,1025.228291735797
tomm1242,dogo1299,-24.32049446218504,1027.906005196491
tond1249,song1307,-24.49075371328991,1035.268325583008
tong1325,aust1307,-19.67646866246792,1032.87597541446
tong1318,atla1278,-24.255765439677457,1044.7602934602128
toor1238,atla1278,-24.29598057267756,1044.7786047913423
tora1259,aust1307,-19.656255395730444,1032.3957948984917
toto1302,sino1245,-24.165978251446063,1047.246819906965
touo1238,touo1238,-15.213383452911952,1051.470431797667
trin1274,araw1281,-15.053667269419902,1051.4175349277978
trio1238,cari1283,-25.34727858198301,1051.8406865494553
trum1247,trum1247,-15.20563717574185,1051.54668733196
colo1256,barb1265,-25.34591914940311,1051.839097521088
tsam1247,afro1255,4.431371871348764,76.88118395327672
tsat1238,aust1307,-19.67186079364122,1032.8827026655551
dido1241,nakh1245,-12.86876572454228,1025.935177048421
tsha1245,sino1245,-23.95033204661897,1047.1154740215502
tsix1234,khoe1240,4.08404573523879,57.74799664792352
tsog1243,atla1278,-24.296318593070172,1044.7728445548832
tson1249,atla1278,-24.29624372809654,1044.79206441292
tswa1255,atla1278,-24.296244899171448,1044.7920640116529
tswa1253,atla1278,-24.294272210882333,1044.7911176745993
tuba1278,utoa1244,-25.349779160422266,1051.842749752058
tuge1241,nilo1247,-25.544830552103605,1050.8537060036606
tugu1245,aust1307,-19.676328219223592,1032.8735287661457
tuka1248,aust1307,-19.676472665076783,1032.8751915626185
tuki1240,atla1278,-24.291928873797595,1043.9904371535658
tula1252,atla1278,-20.054116368009684,895.0553462683357
tulu1258,drav1251,-15.206349811410874,1051.3255162957903
tuml1238,aust1307,-16.161343766260067,898.1856628994967
tumu1242,atla1278,-24.28490605474894,1044.749063403179
nene1249,ural1272,-25.34197720491596,1051.8427394519686
tune1261,atla1278,-24.28868602808367,1043.8766294287416
tung1290,aust1307,-19.519126144992757,1032.1839505293196
tunn1238,afro1255,-5.405769552525488,183.59658371485463
turk1308,nilo1247,-25.691593107733304,1038.2178294837845
turk1303,turk1311,-25.35328315632041,1051.8369984721596
nucl1301,turk1311,-25.340133354155032,1051.8426585690063
turk1304,turk1311,-25.34197729832848,1051.842739903888
tutu1241,aust1307,-19.676505257274695,1032.8587457876504
tuva1244,aust1307,-19.67646864753691,1032.8759753472978
tuvi1240,turk1311,-25.341978172716363,1051.8427398483927
tuwa1243,aust1307,-19.67649136925465,1032.8638923060116
tuwu1238,atla1278,-24.29770784940198,1043.5613862111215
uuuu1243,aust1305,-15.410097790113568,1007.1945513842272
ubir1237,aust1307,-19.65760499347585,1032.5327733842212
udih1248,tung1282,-25.341977161766906,1051.8427401436684
uduk1239,koma1264,-24.561611841648773,1049.626560985452
ughe1237,aust1307,-19.68107512269356,1032.2411088988556
ugon1239,sino1245,-24.197849628244285,1047.5129199675987
ukra1253,indo1319,-12.126856566620631,1035.843285766266
ulch1241,tung1282,-25.34197719614994,1051.8427395207875
ulit1238,aust1307,-18.02699043269846,1022.4088072075068
ulwa1239,misu1242,-25.350111328756576,1051.8427541139818
yaul1241,kera1258,-16.933293971310867,912.02696088242
umaa1242,aust1307,-19.676475261948617,1032.8752319633345
umbu1257,atla1278,-24.29586876073213,1044.7926709275848
umbu1258,nucl1709,-21.29696063837183,1038.282106412458
umes1235,ural1272,-25.34197814378922,1051.842739205416
unua1237,aust1307,-19.676872775893983,1032.8468039633833
uppe1275,toto1251,-25.3501414299269,1051.8413635325664
urak1238,aust1307,-19.52677631271225,1025.9094187168707
urar1246,urar1246,-25.29882402771311,1051.8386290000144
urav1235,aust1307,-19.676476790250813,1032.8727949398178
urim1252,nucl1708,-16.328969320765992,555.9323125598792
urip1239,aust1307,-19.676582576444307,1032.848655602935
urni1239,giim1238,-14.39065248996782,1048.7582057562988
utes1238,utoa1244,-25.35011134158691,1051.8427532132448
kagf1238,atla1278,-14.068234831950388,1043.7866008960311
pile1238,aust1307,-19.676475292515025,1032.8728845853132
veps1250,ural1272,-25.34197720536354,1051.8427393853003
vera1241,aust1307,-19.6764812680784,1032.8685365143117
viem1243,atla1278,-14.150100427006931,1043.6587332053712
viet1252,aust1305,-16.497768033156927,1021.2597582292232
voti1245,ural1272,-25.34197815851917,1051.842738790291
vunj1238,atla1278,-23.80026567502367,1041.274344358417
vure1239,aust1307,-19.67648136992884,1032.8685099893885
vwan1235,atla1278,-24.284837081911604,1044.6762798770048
wadj1254,wadj1254,-12.26952208553921,1012.3546227472524
waga1260,pama1250,-15.212972574413577,1051.568332358325
wage1238,wage1238,-24.72061699515065,1049.4449360782016
waig1244,aust1307,-9.606677520536724,965.8594243001288
waim1251,aust1307,-18.40554956488716,1028.2513617464376
waim1252,aust1307,-19.67611402120868,1032.8743139957132
waiw1244,cari1283,-15.210927842373808,1051.5654940549143
waja1259,atla1278,-19.83137996721886,783.8129099532144
wala1266,aust1307,-19.69843906752962,1028.474678397202
wamb1257,sino1245,-23.163733378575465,1024.067958542762
wann1242,mand1469,-25.343617595181613,1051.8413886415765
wand1278,afro1255,-11.197778864796948,924.2937201900312
wand1267,aust1307,-19.676679567373988,1032.858985596943
wanm1242,pama1250,-25.3493381196198,1051.8407911561574
saka1289,aust1307,-19.676491731841253,1032.8671206911472
waor1240,waor1240,-15.080029910516195,1051.484579624683
wara1303,wara1303,-25.347248818205795,1051.8427447809568
wara1300,aust1307,-19.67647003076509,1032.8756659529697
ward1246,yang1287,-25.270271485433803,1051.8021605146207
ware1255,araw1281,-15.211265208187037,1051.542983880914
ware1253,aust1307,-19.67457124360385,1032.8725549057283
wari1268,chap1271,-14.746388705486392,1050.8207780930172
warj1242,aust1305,4.90469657719939,116.78589310239306
waro1242,aust1307,-19.675723808363685,1032.8432788656694
waru1265,pama1250,-25.349328752606027,1051.840676185407
wash1253,wash1253,-25.34981396132755,1051.842750275537
wawa1246,atla1278,-24.19196229699544,1044.508569518886
waya1269,cari1283,-25.34727747129209,1051.840774898906
wayu1241,sino1245,-22.29347629465205,986.5942434560797
weda1241,aust1307,-19.675680860841883,1032.355076857487
wels1247,indo1319,-12.126893571357428,1035.8394980348603
nort2864,aust1307,-9.648747216933533,940.1406397132153
weri1253,kuni1270,-20.832840085907787,994.6832953667456
west2564,aust1307,-19.677980053630023,1032.267589045315
west2560,aust1307,-19.736993950503702,1010.5700465770228
west2548,aust1307,-19.676364958910703,1032.8644670596664
west2615,atha1245,-25.350142455736822,1051.8407933430376
west2441,pama1250,-25.34933822618381,1051.840789630504
west2397,aust1305,-16.36131096238021,1014.0409665542896
west2555,aust1307,-19.67648008546422,1032.8709735686114
west2618,eski1264,-25.350111323675154,1051.8427543397477
west2650,aust1307,-18.824797633831427,1031.927317876965
west2594,nucl1709,-23.41198283004362,1045.3964522100132
west2778,utoa1244,-25.350291393323733,1051.842745987853
west2369,indo1319,-22.259252568627375,1041.6678099846367
west2519,aust1307,-19.67557296256252,1032.8756392515168
west2354,indo1319,-12.12728538258441,1035.761488873944
west2644,otom1299,-25.35128821529806,1051.2325552352183
west2624,utoa1244,-25.3501143442201,1051.8427372768188
west2466,atla1278,-24.29358219988444,1044.233630797772
west2632,kere1287,-25.350111323303487,1051.842754331393
west2396,aust1305,-16.558217011756454,1021.7113063278996
west2418,sino1245,-23.59542374250345,1041.8430811086237
west2392,ural1272,-25.34066831642017,1051.8427323393305
west2763,afro1255,5.37002400149691,174.00839287050144
west2386,indo1319,-22.25811538091168,1041.66737620985
west2557,aust1307,-19.676473070081272,1032.8755074512578
west2415,sino1245,-16.26179417290645,794.0005623760434
sanj1284,otom1299,-15.214534651550816,1051.3244468456553
west2430,hmon1336,-25.34197503330254,1051.842735233099
west2600,nort2923,-25.34638465892275,1051.7783834166755
saka1291,aust1307,-19.674704732454632,1032.8853304311438
west2538,aust1307,-19.70032900698661,1021.7512815858228
west2516,aust1307,-19.67647732276332,1032.873657524641
whit1269,aust1307,-19.676481295941024,1032.866697539787
wikm1247,pama1250,-25.349268908410952,1051.8407797843004
wiru1244,wiru1244,-23.95141519932048,1050.4819500319943
babi1235,atha1245,-25.34936994283256,1051.8407699245452
woii1237,aust1307,-19.67650406390289,1032.8567059168402
wola1253,afro1255,4.8084360982478085,109.7402152274234
wola1242,gong1255,-17.25954444888046,960.6083532791316
wole1240,aust1307,-19.675944518387347,1032.8740826385244
woli1241,aust1307,-19.675296236469173,1032.8754853969947
nucl1347,atla1278,-24.275961454872903,1044.7723080053142
wood1236,algi1248,-25.350157983357725,1051.8398152743391
wotu1240,aust1307,-19.676454871893437,1032.8747488979795
woun1238,choc1280,-25.34724561033628,1051.8427494749926
wuch1236,sino1245,-24.240903519754877,1047.515280970272
wudi1238,sino1245,-24.222990944054757,1047.5140020722672
wuna1249,worr1236,-15.206377366130273,1051.5504728739977
wusa1235,sino1245,-24.230128975424684,1047.5148021105106
wutu1241,sino1245,-24.240434767981128,1047.5079025442767
wuvu1239,aust1307,-19.235817007899524,1031.217399238762
xamt1239,afro1255,-5.203185867609092,154.68208289640802
xara1244,aust1307,-19.676475458965285,1032.8728979918003
xava1240,nucl1710,-23.17309930357845,1045.074859281344
xhos1239,atla1278,-24.2962466768494,1044.7920676514375
xish1235,sino1245,-24.21817645103209,1047.51276420933
xokl1240,nucl1710,-13.0384927654779,1042.7110646190754
yaak1241,afro1255,-12.05494715893862,966.0742117737832
yaey1239,japo1237,-24.19268086949927,1048.2613890798527
yagu1244,peba1241,-24.84963260431717,1051.199477250478
yaka1272,atla1278,3.979932618349112,52.7371986852105
yaka1277,aust1307,-19.67647827693281,1032.8748065284988
yaka1269,atla1278,-14.16040753911371,1044.00958734799
yakk1236,sino1245,-24.073683330255385,1045.7028913025324
yako1252,atla1278,-14.15727137799458,1043.8328184287914
yala1266,aust1307,-19.725250775326224,1012.5358622818396
yale1246,yale1246,-12.062845115893728,992.225676604956
yama1264,yama1264,-25.34732810864055,1051.8427487462727
yami1254,aust1307,-19.676470800757336,1032.8755471449704
yami1256,pano1259,-25.34722943514303,1051.8418671824415
yamp1242,sino1245,-23.44741570696073,1035.165382719808
yank1247,pama1250,-25.349338133223185,1051.840791036038
yano1261,yano1268,-25.346578399698217,1051.842703203088
yaoo1241,atla1278,-24.29624318065217,1044.7916229998582
yaou1238,mand1469,-25.34401302122808,1051.8416875101111
yape1248,aust1307,3.720021536883032,41.55133613783039
yaqu1251,utoa1244,-25.35007090345057,1051.8427512546812
yare1248,yare1250,-25.28293483795874,1051.7191365171914
yasa1242,atla1278,-14.160223545217184,1044.001028855634
yatz1235,otom1299,-25.35097140528685,1051.4377040194902
yaum1237,nucl1709,-20.91956725273898,1026.111273534803
nucl1454,yawa1259,-15.209138546851184,1051.5666806807014
yawa1261,araw1281,-15.20811759138124,1051.5222909208228
yawa1260,pano1259,-25.347219464391397,1051.8389286569086
yawu1244,nyul1248,-25.349301958996964,1051.842752419689
yecu1235,toto1251,-25.35014022619377,1051.8417100263712
yele1255,yele1255,-25.3457628545115,1051.8423947158906
yems1235,gong1255,-16.44948358561695,831.2821443571002
yapu1240,nucl1708,-9.160693262537698,650.4153130180737
yeyi1239,atla1278,-7.339901711620163,557.3743144609488
yidi1250,pama1250,-15.212974974058946,1051.5683328776513
yind1247,pama1250,-25.34933819451584,1051.840789198066
yoga1237,aust1307,-19.67648479785283,1032.869597013518
yona1241,japo1237,-24.19282982386793,1048.261333931306
yong1280,nucl1709,4.118784308067466,59.8077445638786
yora1241,pano1259,-25.347225936357507,1051.842714194739
youl1235,sino1245,-22.406330933788617,1028.3708208377734
youn1235,hmon1336,-25.34196420711428,1051.8427352097035
yuca1254,maya1287,-25.350158527177783,1051.8397467369246
yuch1247,yuch1247,-25.349608235282137,1051.8427499576296
yuec1235,sino1245,-24.2409848442478,1047.515277123471
yukp1241,cari1283,-25.34689197754559,1051.8407820326088
yulp1239,pama1250,-25.34933684629466,1051.8407907937558
yulu1243,cent2225,-25.34378060959192,1051.8393419608683
yuqu1240,tupi1275,-25.330259381411448,1051.8404300104237
yura1255,yura1255,-25.3293209439042,1051.8399200808049
gami1243,pama1250,-25.349338149714765,1051.8407911470547
zaba1237,aust1307,-19.71624281930062,1020.518188232157
zaca1242,otom1299,-15.214657822649228,1051.1681275326157
zaca1241,utoa1244,-25.349632300691283,1051.8403556975427
zaiw1241,sino1245,-24.235318933013044,1047.5095607785915
zakh1243,sino1245,-24.24030493812633,1047.5119468494752
zamb1245,atla1278,-13.964959658152146,1041.879316577302
zand1248,atla1278,-14.160693469197238,1043.9242911947226
zani1235,otom1299,-15.214745196233627,1051.2177966545155
zapa1253,zapa1251,-25.159539339823706,1051.7472270156716
zarm1239,song1307,-25.239870612946586,1051.6009850288915
zays1235,gong1255,-15.99805435668201,861.2961216708497
zeme1240,sino1245,-23.26701799966155,1041.9461908974338
zhab1238,sino1245,-24.240902738937297,1047.5151544179244
zinz1238,atla1278,-14.071552286984426,1043.9189974596238
zoog1238,otom1299,-15.214420985705956,1051.3664073494265
zulg1242,afro1255,-12.159792429440088,890.9130011105262
zuni1245,zuni1245,-25.350111324558632,1051.842754239395
