Glottocode,Family_ID,GPGLMM_Latent_Mean,GPGLMM_Latent_Variance
abau1245,sepi1257,6.153004527038428,4.679384772037622
abee1242,atla1278,4.264958479411231,2.6002018917548355
aben1249,aust1307,-2.9990732564595883,1.078769039818383
abkh1244,abkh1242,4.519086896511302,5.9532281936722455
abua1245,nucl1708,6.15414630862645,4.956569021275868
abui1241,timo1261,4.659756366625858,4.386569374628863
abun1252,abun1252,4.966373313840323,5.525815995027216
achi1257,aust1307,-0.3650715224027148,1.1193960921290795
acha1250,araw1281,0.9286189975167436,1.3852778183958208
ache1245,narr1279,2.769389992146749,2.820910403506275
achi1256,maya1287,-1.968022679720288,1.0258207464931957
achu1248,jiva1245,3.5831757398804545,2.9680410165701545
achu1247,pala1350,-1.7765100644323009,3.3343792765944187
acol1236,nilo1247,0.7706090547780957,1.1421058540243365
adan1251,timo1261,4.605016143839061,4.395356965973406
adon1237,aust1307,2.577786232659152,0.8824629587822699
adze1240,aust1307,3.678677906435388,0.9685466515581423
aeky1238,kamu1264,5.7418428313010015,5.377093038008383
afad1236,afro1255,0.464538982251423,0.6348043164500723
afar1241,afro1255,1.018657064609862,1.3821826901213683
aghe1239,atla1278,4.188431822513312,1.32574234841357
aghu1255,nucl1709,6.336149615209402,3.5645521511063407
agob1244,paho1240,3.819721702719303,4.4553131043309975
agua1253,jiva1245,3.261766098450876,3.2022401343894416
agus1235,aust1307,-2.725016706117472,1.1684811349317386
agut1237,aust1307,-2.757847923503092,1.4086943807077148
ahin1234,aust1307,-3.0809238631343763,0.8687933518427826
aika1237,aika1237,3.076059051777941,4.289269231350474
aime1238,bosa1245,5.625022957963759,5.16212004447587
musa1266,nucl1709,6.69985885303092,2.816572049178916
aito1238,taik1256,3.948708620444976,4.263881476095861
ayiw1239,aust1307,3.225575803730281,1.1431308164113148
ajab1235,atla1278,5.520884861976272,2.026998007001936
ajas1235,kres1240,3.856608083221305,4.817583047580854
ajie1238,aust1307,-0.9573444746360305,0.6334872137726109
west2635,maya1287,-2.655889524652589,1.0000643593614171
akei1237,aust1307,2.740219833053335,0.7804849419897124
akha1245,sino1245,5.340202967407709,2.074653038467801
akoo1248,atla1278,3.839854011288242,1.4115395456734632
akun1241,tupi1275,2.7111513593679515,1.6480308963011223
alab1254,afro1255,3.184305975174338,1.213188485011102
alab1237,musk1252,2.2240029144427536,3.090082510603409
alac1244,otom1299,-2.585891200190758,0.9466678759903572
alag1248,afro1255,2.069577826227766,1.3537185384694368
alam1246,sepi1257,4.780033807629184,4.483022817556844
aleu1260,eski1264,3.621186341110965,10.426822656962784
alor1247,aust1307,2.8778379078261285,0.9620046795075154
aluk1238,drav1251,5.020805826766319,4.549779249544201
amah1246,pano1259,0.9081185572900884,1.030043305125588
amam1246,kuni1270,5.098972383885448,4.452280025169188
amap1240,left1242,6.0191264806718845,5.417076680539509
amar1272,aust1307,4.137866558506433,0.9813134377392032
amas1236,nyim1244,2.4361519692245186,3.872700042907496
ambu1247,nduu1242,6.154225041131239,5.042315948935922
amdo1237,sino1245,7.0579734023885,4.189878659578682
amha1245,afro1255,1.4565306515195575,1.1771532823631787
amii1238,west2434,2.2665462948854374,2.5397095207555083
amis1246,aust1307,-2.0582856973400534,0.7463930600673621
hoaa1235,kxaa1236,1.968919040342357,3.922549247211848
amri1238,sino1245,4.244082789662873,1.685345371520043
gily1242,nivk1234,6.04190518110965,13.3703794936053
anei1239,aust1307,-0.085800278754021,0.7820957434747982
anem1249,anem1249,5.7309685505970815,4.991681190932141
anfi1235,gong1255,4.161109632056403,3.22328107046647
anga1290,anga1289,3.751686827425445,4.271403476513711
anga1288,sino1245,5.413827752647821,1.4939770707222235
ango1257,chib1249,3.430818690542939,2.7885831790239592
wara1294,more1255,3.9206946477490168,4.022056210370863
anta1255,aust1307,-1.4887986098065222,2.6663990887628017
anuf1239,atla1278,5.25227754045679,1.8987291888998212
anuu1241,sino1245,3.859289779325053,2.0867157988073477
anut1237,aust1307,2.4818288347468216,1.5338639930776878
aona1235,sino1245,5.68939396290447,1.604205137421758
aoua1234,taik1256,6.512518946962343,4.952706670256987
apat1240,sino1245,4.462240250420855,1.755659269045566
apin1244,nucl1710,4.980485790601639,4.806563473148572
apma1240,aust1307,4.391431865792763,0.7432316948486033
apma1241,kera1258,6.090380526675867,5.164463158037222
apur1254,araw1281,0.784059249825209,1.3054892303318582
arak1252,aust1307,2.837847108101411,0.7397732508994039
aram1253,more1255,4.009919740617274,4.03905044505656
arao1248,pano1259,0.5586037708079954,0.9693125503160616
arap1274,algi1248,-1.6861909800295538,2.0026007252315594
araw1273,tupi1275,2.185559255320183,2.7271809458152063
arbo1245,afro1255,2.743115170166517,1.150748341670564
arch1244,nakh1245,3.812310120727462,1.4809357952323126
aree1239,aust1307,2.394375248040288,0.7501523542155866
area1240,aust1307,0.7659596628808356,0.5765360253503218
argo1244,afro1255,1.599293232529981,1.2248241722514877
arhu1242,chib1249,2.991710707824677,2.466892965877065
arig1246,atla1278,4.077111694230389,1.7275023384096355
arom1237,indo1319,2.0171369088576765,1.5889601831216709
arop1243,aust1307,4.089412261464473,1.0140002235715428
arop1242,aust1307,3.140396761422473,1.6172835758278694
aros1241,aust1307,0.7474411595297465,0.7707814149707843
arta1239,aust1307,-3.1885323875959446,0.9121956193712036
asha1243,araw1281,0.0698254438209726,0.8691846447312059
ashe1272,araw1281,-1.2726610737049238,0.9258613507536068
asoa1238,cent2225,4.858108595735297,3.6020865102010475
assi1247,siou1252,3.0538718359271737,3.6097686198514793
asur1254,aust1305,2.853820087027213,2.1376718391381644
asut1235,atla1278,4.551160725344264,1.8705866598164107
atam1240,aust1307,-2.530960918220696,1.0109782599718071
atay1247,aust1307,-1.4582819283858508,0.8386307243735303
athp1241,sino1245,5.222119408759408,2.2623844183282813
aton1241,sino1245,5.664601402515954,1.8142951348004883
auuu1241,nucl1708,6.144693389368152,5.002520146398041
aulu1238,aust1307,2.8586577935608486,0.6424846421499666
auye1238,nucl1709,6.422264202021813,3.80152520161036
avac1239,tupi1275,2.874267755106698,3.158166181316133
avat1244,atla1278,4.197622093572537,2.0173717138799816
katb1237,aust1307,4.237911603756777,0.661636715855991
awac1239,barb1265,3.6426091186426017,3.886898020833911
awad1244,aust1307,4.018964904619873,1.0105157404326803
awar1249,ramu1234,6.06728953928401,5.201655176170448
awar1248,nucl1709,4.746725967814903,2.7634150795983032
awet1244,tupi1275,2.252767733183605,1.8781196923745824
awji1241,afro1255,-1.0250629047944275,1.7883356020166872
awtu1239,sepi1257,4.828979243137422,4.616159931583908
axam1237,aust1307,2.807178582996521,0.6491414750816773
axiy1235,sino1245,5.547835849798311,2.46198981580524
ayac1239,quec1387,2.180461467867117,2.6092777448778577
azha1235,sino1245,5.5709367535914325,2.4754248637156024
baba1264,atla1278,4.191352737041395,1.3391449111580584
baba1266,atla1278,5.502023066131342,1.3494767497317923
baba1268,aust1307,0.2187669538431369,0.6002352182187991
bada1257,drav1251,5.013198815456304,4.585817744605748
bafa1247,atla1278,3.723355615891063,1.4577470802037735
bafi1243,atla1278,5.45035921081624,1.4730193512345269
bafu1246,atla1278,4.112563810863328,1.336119765078692
baga1273,atla1278,2.797634288920304,1.8603961462142704
baga1272,atla1278,3.977075553045486,1.8376646357111213
bagi1246,cent2225,4.2334471756997925,2.761354110333656
bagv1239,nakh1245,3.977544852926842,1.4892855497885191
baha1259,afro1255,-1.1862142716970356,1.9287369383986288
bahi1252,sino1245,5.37989559886363,2.408941697240479
bahn1262,aust1305,3.1316126457145903,1.5324459908169956
baim1244,sino1245,5.481789834261978,3.9686730169268287
baka1272,atla1278,5.60859561330606,2.0943259968116763
baka1274,cent2225,4.703297460943473,3.15431704466252
baki1244,aust1307,2.693890084942314,0.690230935314176
bala1316,aust1307,-1.2377083690173474,0.7600486014360541
bala1311,aust1307,-2.4406220231282663,1.1053089794962432
bala1315,aust1307,0.1917417128062202,0.9738854717612782
bali1278,aust1307,-0.3923245547599872,1.0243659695360634
liki1240,atla1278,6.074112268522628,2.3818264499877277
bamb1270,aust1307,0.252575530071518,0.8522271104296095
bamb1262,maoo1243,2.6933193285699564,3.666425694788032
bamu1253,atla1278,4.13292783375271,1.394375755962912
bamw1238,atla1278,4.707148371882436,2.3616901673775037
band1344,atla1278,6.203636800199531,2.4328841123329994
band1340,atla1278,3.880567835006,1.8322872499337564
bang1363,bang1363,-0.6546199049402754,2.4640314962251466
bang1369,sino1245,4.662004536125618,1.960806361126885
guar1293,araw1281,0.172188123046006,0.7482907640770122
bani1255,araw1281,1.1681115234516728,0.8263904996617839
bann1247,aust1307,1.7949676569277604,0.752376525673526
bant1281,sino1245,6.676529053213388,2.3140420518112848
bant1288,aust1307,-3.4252701642702017,1.3452897443623328
bara1357,sino1245,5.527948926209128,2.796720688399688
nucl1630,koia1260,4.178159060421404,3.9542818929107
bare1279,afro1255,2.1701085280728787,1.2828204694196046
bara1369,aust1307,-2.053092454592576,2.956655715889582
bara1361,atla1278,4.885970333484103,2.3866298280625102
bara1370,aust1307,0.7060436368862892,0.792305634780746
bard1255,nyul1248,0.1854013347509391,1.7381527152075762
bare1276,araw1281,0.1877159240590598,0.7598760039993948
barg1252,nucl1709,5.316403716864141,2.8612843631020155
bari1286,aust1307,4.147697108225282,0.9838767985997948
baro1253,aust1307,2.731198548290618,0.8868409468361591
basa1282,atla1278,4.138383186469895,1.5847242011602418
bash1264,turk1311,6.289461992228743,9.138946280878043
basq1248,basq1248,1.918749046315988,4.011193952710428
bata1293,aust1307,0.2480282051089286,0.9662957769214132
bata1289,aust1307,-0.6377042367265022,0.9688749759648516
bats1242,nakh1245,2.691812400597773,1.58552400339876
baur1253,araw1281,-0.5459040068065337,0.926260872345253
bauz1241,geel1240,5.725214063151187,5.690319242510938
bawm1236,sino1245,4.95400018412977,1.894183696384232
bayb1234,aust1307,-3.3023607587662336,1.3746879213189374
bebe1248,atla1278,4.255519837838836,1.668652252840218
beel1236,afro1255,2.080489052132103,0.6646738348011354
beem1239,atla1278,5.38652264859193,3.0241856493430106
beja1238,afro1255,0.4647998505883675,1.3947549930167753
bekw1241,atla1278,4.110394447513148,1.4033245110950645
bekw1242,atla1278,4.306017416898527,2.189177591546212
bela1256,nilo1247,2.471588739146464,1.983284609691211
bela1254,indo1319,4.092168336279904,4.032329434479877
nyal1254,aust1307,-1.018806512714224,0.9446670804320404
belh1239,sino1245,6.639016120008948,2.27819789197396
beli1257,cent2225,4.669592689482437,3.1477405168500923
bell1243,sali1255,-2.0716993427837624,2.113045157877252
bemb1257,atla1278,4.193811127056573,2.464473845610044
bena1262,atla1278,4.51613843066573,2.133589367782534
bent1238,dogo1299,2.91215343460763,2.8049416832177627
zagh1240,saha1256,3.6913272444841594,4.490377385777293
bezh1248,nakh1245,3.962294409705008,1.4759851259187542
bhoj1244,indo1319,5.116671598767695,3.5700291068557988
biaf1240,atla1278,2.087301395510317,1.6751368472505703
biak1248,aust1307,3.804278171109504,1.8351234782801955
bian1252,kuni1270,4.952186183985559,4.430196088962191
biao1254,hmon1336,4.38933633621637,4.381049634969756
biao1256,hmon1336,3.780619211829592,4.130176519400379
biat1246,aust1307,1.7395005399628158,1.204916795896736
bier1244,aust1307,4.126411244677447,0.6908895389538401
bign1238,aust1307,2.7902905588571127,0.6791049615199256
biha1246,aust1307,4.492070685285734,1.7852163805031154
bilb1241,aust1307,4.216308589102903,1.0601221511169712
bili1260,afro1255,0.0747838497328001,1.2324624536186093
bilu1245,bilu1245,1.860445075127633,3.071129019429094
bimi1240,nucl1709,6.654213461237001,3.285003702890833
bina1277,nucl1709,6.041913444471772,3.022340777481816
bine1240,east2503,3.866888388540279,4.3550760662287615
gunw1252,gunw1250,-0.0489515149641586,1.116320939620948
birr1240,cent2225,4.949319027502055,3.618344258641855
bisu1244,sino1245,5.143125053772319,2.098177635061205
bitt1240,aust1305,3.2067079509991925,1.390326632807202
biwa1243,yuat1252,6.029756610554843,5.2293079820854445
blab1237,aust1307,-0.5319705854528567,0.5103895243762935
blan1242,aust1305,2.412222845119857,1.2496659751484458
bang1354,atla1278,5.84137480843822,2.599716208088012
bodo1272,atla1278,6.274521179646859,2.415008263930602
bodo1267,aust1305,3.9137575633704618,2.150717101609644
bodo1269,sino1245,5.6106345235698445,1.632410563036359
boka1249,sino1245,6.214177775388501,2.171209416882704
bola1250,aust1307,2.809972190670806,0.9523339660617438
bolg1251,atla1278,6.058001466256046,2.0330753892159805
boli1256,aust1307,-2.7227744124078046,1.0796462453838274
chim1302,quec1387,4.220350221286632,3.36610889725722
bolo1262,atla1278,4.535541060382041,2.417800239236953
boly1239,aust1305,4.471228673492069,2.255678641539077
bomb1262,atla1278,6.078181354301394,2.335763625761629
bomk1234,atla1278,3.3222911676585416,2.076118464670131
bona1250,mong1349,4.972540653820087,7.640423566141152
bond1247,atla1278,4.5888348444388924,2.045796525981629
bond1245,aust1305,2.6397083464434385,1.9219713868685917
bong1289,aust1307,-1.4835496083120954,0.9063589458834826
bong1284,atla1278,4.461634606669463,2.4136875567119063
bong1285,cent2225,4.778110851156276,3.2759244856091243
bora1263,bora1262,-0.5325907168444242,2.311244054608693
bora1271,afro1255,2.17640704028476,1.203070311480218
bord1248,chib1249,5.068729377648191,2.852085005345316
bori1243,sino1245,4.62280192710594,1.8826799935312688
boro1277,gong1255,3.1565279898523504,3.3454022588696404
boro1282,boro1281,1.5956794852050575,3.143721640583294
boto1242,aust1307,-2.998861730032423,1.114940444045004
boun1243,atla1278,5.52975062083806,2.0576537823811094
boun1245,nucl1709,5.150903601489034,2.9259384372906823
bouy1240,taik1256,5.15117187964217,4.640398794958202
brah1256,drav1251,5.425693035275279,6.860153550000803
lave1249,aust1305,3.441257870847594,1.4373673764830954
bret1244,indo1319,-0.0230297916319091,1.4807710223372226
brib1243,chib1249,2.984999456568222,2.2937114666145533
bube1242,atla1278,3.1073244791207317,1.6807382961324322
budu1248,nakh1245,3.658397599589753,1.6314122972222125
budu1265,afro1255,1.6574941498219662,0.8525574619141167
buga1247,aust1305,3.263412316446733,2.055496775267628
buga1250,aust1307,3.5144991135663397,0.9150862738828208
bugh1239,aust1307,-0.3459563894545883,0.4945963785436333
bugi1244,aust1307,-0.3262838930865466,0.7774210814719424
bugl1243,chib1249,3.2603105684332907,2.614973730429085
buhu1237,aust1307,2.19633207022595,0.8814071117848954
bujh1238,sino1245,6.9510908691365625,2.848837935035988
buki1249,nucl1708,6.157028295671163,4.953985386649535
bull1247,atla1278,3.1091470159397088,2.065534109423112
bulo1242,aust1305,3.160006639733979,1.587902868286534
bulu1251,atla1278,5.417427040822718,1.778365762611699
bumt1240,sino1245,4.76339735155716,2.042559470605454
buna1278,timo1261,4.78692637716035,4.4355559040710375
buna1276,aust1307,2.000350607508548,0.8175262927810678
gahr1239,sino1245,5.623109252876802,4.63685066923378
bund1253,indo1319,5.001242603389226,4.191361574544203
buol1237,aust1307,-0.753632120425141,0.915376470676776
bura1292,afro1255,1.516810020889464,0.6002971762747791
bura1267,mani1293,2.9080843473889946,2.789251560796032
bure1242,afro1255,2.0328303491798234,0.6825941001547164
burj1242,afro1255,2.968515238334101,1.3529875452110645
nucl1310,sino1245,5.332647897250462,2.2039025209899563
buru1303,aust1307,2.7653232725425294,1.3328678893463746
buru1320,afro1255,2.1213918086977284,1.4598130882116038
buru1296,buru1296,4.728689630517216,8.426889205587187
busa1253,mand1469,4.661375186535503,3.248297712461195
bush1247,atla1278,4.305798564890292,2.9133237813840798
buwa1243,afro1255,1.2731663562250244,0.4283389602074692
bwai1242,aust1307,2.339473942913412,0.7131353482838563
bwat1240,aust1307,-1.267465472878022,0.6758061002693836
byan1241,sino1245,5.622006027355564,3.912020456393563
caac1237,aust1307,-1.225085265166697,0.7100897532653221
cabe1245,chib1249,2.898596179062452,2.2739643707613624
cahu1264,utoa1244,1.5639247139930004,1.625022905743009
cakf1236,afro1255,1.8854390658171685,0.8308152624886702
cald1236,quec1387,4.368459630927204,3.293977416547392
caml1239,sino1245,5.3473295250012605,2.365508401434653
camp1261,indo1319,2.738661325381717,2.4303239239426944
cams1241,cams1241,2.2748093509421854,3.8144387177263184
cane1242,nucl1710,4.966717466209962,5.172031268085078
caom1238,taik1256,4.760712626939483,4.816226461448011
capa1241,pano1259,2.3799550064391344,1.2528342974002695
carn1240,aust1305,-0.3110582536991439,1.426008379227099
caro1242,aust1307,0.846620059807933,1.7553420631971903
cash1251,pano1259,1.9846395925594555,1.3431796982347637
casi1235,aust1307,-3.297599393512314,0.993135368571842
stan1289,indo1319,2.3879308421102867,2.382007262004308
cavi1250,pano1259,1.0910273068978018,0.9932844481744922
cayu1262,cayu1262,-1.1194316050360125,2.553225070424901
cebu1242,aust1307,-2.8522385613712298,1.0366752586970165
cemu1238,aust1307,-1.18955821203707,0.650774932691121
cent2127,eski1264,2.496078918255766,7.284048439619383
cent2142,ayma1253,-1.2046790489668484,1.7406877781297396
cent2004,sino1245,5.046171355542217,2.0888533340894213
cent2292,aust1307,-2.74413331635268,0.8402790931252326
cent2084,aust1307,-3.065815475846868,1.011986305042626
cent2314,aust1305,3.114351330669337,1.743237699729704
qaua1234,taik1256,6.514908900677662,4.83574864246323
cent2050,saha1256,3.365482321397033,3.177112511438523
cent1989,aust1305,4.6712780373073866,1.71089454110097
mala1479,aust1307,2.6250551239760203,1.3445036186261206
cent2322,ural1272,5.701222063544407,10.43538722332245
cent1992,aust1305,4.597644236752812,1.5464969147821677
cent1990,aust1305,-0.3933430428222659,1.388803961505431
cent2126,japo1237,3.560597682370945,3.946742526292496
cent2140,miwo1274,-1.1938849885583327,1.953387117511312
cent2131,utoa1244,1.4709606741511334,1.0656294922148106
cent2150,chib1249,4.793797639600941,2.795136801763249
mbal1255,atla1278,3.050520889531818,2.681882713168193
chac1251,pano1259,0.5787977247881817,0.991763956343064
chad1249,afro1255,-0.5157447112881246,1.0981007759093018
chak1270,sino1245,5.207500810455256,2.171106047186953
chak1271,atla1278,4.000785108609872,1.854394782395687
cham1315,zamu1243,-1.2502443598346455,2.7979385538548343
cham1309,nakh1245,4.009481179450381,1.518548850985411
cham1312,aust1307,0.3209133095959164,1.4943242384118776
chan1313,sino1245,4.389876157137415,1.6604077901755545
chac1249,barb1265,3.5581602913325217,3.9294901687583774
char1269,gong1255,4.834059470098199,3.1786429376460745
chas1234,sino1245,4.887872361125634,1.982348789590333
chec1245,nakh1245,2.770685264209736,1.7983725014868526
chek1238,aust1307,-0.2242634585660243,0.5175038139244919
chen1255,drav1251,5.633191603902388,4.603198313954252
chep1245,sino1245,6.9142723669523445,2.7286252471475905
cher1273,iroq1247,-0.7263008964673179,2.064238374014536
chey1247,algi1248,-0.3677821142126998,1.7255254677367589
chic1270,musk1252,3.459952270134062,2.7998433446594646
chig1238,atla1278,4.51972658327788,2.1675367342270704
chil1280,atha1245,1.5532093127577444,2.4238741116546265
chim1309,chib1249,3.162561709029298,2.544992293800931
chim1312,atla1278,5.177985302368704,2.702529292440147
chhi1245,sino1245,5.25018561646062,2.282044448489728
chip1261,atha1245,4.199381148608291,6.592677744688103
chip1241,algi1248,-1.885703720772653,2.775970649233741
chir1283,sino1245,5.428936465796353,1.5029498303519802
choc1275,sino1245,4.671542900735151,1.9537295142421696
choc1276,musk1252,2.164041403775322,2.544607314245553
chon1284,aust1305,3.141236121014196,1.731393939763521
chot1239,sino1245,3.640560069126761,1.4970224498634224
chra1242,aust1305,2.8846552257095763,1.710983780432187
chuj1250,maya1287,-2.5993299679409883,1.0065589497216365
chuk1273,chuk1271,4.984780916684462,21.79834668512551
chuu1238,aust1307,2.1804251395287837,1.797688917270932
chuv1255,turk1311,6.214086254001158,8.266748557414957
chuw1238,atla1278,3.718308191350908,2.802606229817627
cici1237,atla1278,5.075376396488517,1.9305290296751425
chin1286,chin1490,-1.5542175548777697,3.1438489438369857
cent2087,aust1307,-3.533164913493177,1.3930325163969997
sout2912,aust1307,-3.4909608642904675,1.5253292306761068
coat1243,otom1299,-3.282313787984012,1.0237485875759802
coca1259,tupi1275,0.9105321269890436,1.4608580286482038
coeu1236,sali1255,-1.5640958523053672,1.5035494902110145
cofa1242,cofa1242,3.3622687722232403,4.657619097116196
cogu1240,chib1249,4.360028712513076,2.566232031370987
colu1241,sali1255,-1.6087509420954684,1.4064940338959246
coma1245,utoa1244,2.11947467103844,2.1858276630910893
como1259,sali1255,-2.395293108437787,1.913546763043314
cong1236,atla1278,5.756979137691234,2.637947150277739
copa1237,otom1299,-1.483053222159514,0.8257396019760392
cors1241,indo1319,2.976886898060443,2.297526632955666
cosa1234,sino1245,5.454681508000672,2.0804136837373903
cota1241,aust1307,-2.162546089157981,0.941236817776911
cree1270,musk1252,2.078215992803248,2.600336811845736
crim1257,turk1311,4.512831319107617,5.638703302727208
crow1244,siou1252,2.6013452147874805,3.165611130655876
cube1242,tuca1253,1.0267350621663138,1.3942484992537345
culi1244,araw1282,2.9264101091722647,3.861438951041563
curr1243,araw1281,-0.4123223350408831,0.837214641283083
cusc1236,quec1387,2.671613187471048,2.6905690995418468
cypr1248,afro1255,-1.13351168648699,1.5344556685010815
czec1258,indo1319,3.554347418158138,2.957103024415204
daai1236,sino1245,3.938097727894647,2.2080115307389434
daas1238,afro1255,2.434043270897776,1.2058956507701168
dadi1250,tebe1251,5.546050153385517,5.034044280008047
dagb1246,atla1278,3.999461692164726,1.863122858651451
dagi1241,narr1279,2.674894810118005,2.850455644803816
daur1238,mong1349,4.635271084784232,10.439824695856233
daka1243,aust1307,2.9503944098436965,0.659008878228633
damp1237,aust1307,-0.0850101164939221,0.8203080285038311
dana1252,aust1305,3.5517317524261127,1.5565606857835237
dand1238,drav1251,6.21558413569756,4.443178747536592
dani1285,indo1319,3.2822820551202594,3.4477678294611565
dara1250,indo1319,5.233074059371933,3.790823535743797
darm1243,sino1245,5.617736644089245,3.918952731127831
dawr1236,gong1255,4.949891173434248,3.180272629431542
daza1242,saha1256,3.224214099538907,3.51430884932347
dege1246,atla1278,3.7603245934059513,1.7398270151897322
dehu1237,aust1307,-0.906232601340942,0.6819002608396261
dera1245,sena1264,6.007047572750819,5.528830145333586
dera1248,afro1255,1.593078833781446,0.6570697364977036
desa1247,tuca1253,2.0773155998551065,1.3462498024392602
dhao1237,aust1307,2.360471126118816,1.0008655902762769
dhim1246,sino1245,5.022783740348412,2.152450306237043
dibo1245,atla1278,4.485242852754251,2.352787377202759
digo1243,atla1278,4.596606619343316,2.1555654073673054
dima1251,sino1245,5.241729361776256,1.4831800602690066
diri1252,atla1278,1.9056716988314693,1.8251939693868733
dizi1235,dizo1235,4.045648754190138,4.290166469362944
djee1236,mani1293,1.730167906954016,2.686313510895616
djeo1235,nucl1710,3.325823453965436,2.8274393198878727
dobe1238,aust1307,2.1420536992134958,1.560582949410417
dobu1241,aust1307,2.1494424609446274,0.7367265858376442
domm1246,nucl1709,6.357700957900585,2.81710092028689
doma1260,indo1319,5.141469266555273,5.575611902651332
dong1285,mong1349,6.343146961497512,7.721309961182996
doro1266,manu1261,5.376357300943178,4.85037635979117
drun1238,sino1245,5.10631292585035,2.290074584773251
dual1243,atla1278,3.639219587684317,1.510630515458729
chug1252,sino1245,4.566960236395325,1.8525863471846409
dumb1241,aust1307,-1.2264211300977972,0.8096262269821182
dumi1241,sino1245,6.718892573279652,2.3819315009823896
duna1248,duna1248,5.8803764018520415,5.294471693870946
dupa1235,aust1307,-3.1762951196914275,1.0310475500391618
dusn1237,aust1307,3.96338809155734,1.6672683841293292
dutc1256,indo1319,3.9335943647171607,2.8049932505235944
dyul1238,mand1469,3.3507348017770267,2.585404541384761
dzao1238,hmon1336,4.123616803401109,4.23668785694602
dzon1239,sino1245,4.919656234204474,2.14120849146461
east2443,aust1307,4.439074246649307,0.7962849984507017
tang1336,sino1245,3.869762953068229,1.4805504025653846
nucl1235,indo1319,3.394412752290205,2.576658918111008
sout2896,aust1307,2.667967490117137,0.9160248404413096
east2555,tupi1275,0.2045075266544995,1.5878441076856973
east2332,aust1305,3.5827740782768456,1.6371831742597325
east2563,aust1307,4.227220265048134,1.939055447173757
east2690,afro1255,-1.2100955904011346,1.4490659627812903
east2556,otom1299,-0.7826802529017551,0.9926995179702088
east2342,sino1245,6.290170501387584,2.226746049254828
east2328,ural1272,5.074698184480951,7.223102173962502
east2773,sino1245,5.340618757398893,2.496586082008946
panj1256,indo1319,4.997063013656291,4.8457213017186405
east2485,aust1307,0.2589409956684609,0.7202682290679263
fina1242,aust1307,-2.9200626030340007,0.8323345574417544
east2694,aust1307,-2.892215760127306,1.0565100522346853
east2447,aust1307,-0.0807846485645509,1.9823952668220384
east2516,nucl1709,5.083693802429732,2.965685365522063
huaa1248,tuuu1241,1.8548663285736748,3.8431020983326647
wall1257,aust1307,-2.026997526644361,2.1236052182679828
egaa1242,atla1278,4.1477309392860455,2.6507360345590314
egyp1253,afro1255,-0.2975388654453983,1.481797181763909
eipo1242,nucl1709,6.64173473137617,3.60123182385513
ekar1243,nucl1709,6.405039842207879,3.789542831769552
elem1253,atla1278,5.121536867460334,1.6461686531651338
elip1238,atla1278,4.095073718300064,1.5004076441054508
elna1235,utoa1244,0.1908754886627801,0.9565610421171016
emai1241,atla1278,4.045336437773873,1.7477977431392162
embe1260,choc1280,3.5648556019759763,3.798185457691332
embe1262,choc1280,3.754861778153311,3.7967850602827866
stan1293,indo1319,1.130234564762273,1.7267761002009792
enuu1235,sino1245,5.3130786794184175,2.094134274103752
epen1239,choc1280,3.7713495422317447,3.883391552055514
ersu1241,sino1245,5.4370132858262,2.9151697049022687
erzy1239,ural1272,4.78061563355871,6.372161391696494
esan1238,atla1278,5.371652400814357,1.7296222209248242
esee1247,koia1260,4.183389621418758,3.9619542935406287
esee1248,pano1259,2.16719233378136,1.0953661669633448
esim1238,atla1278,4.154287450633095,1.3348610059707653
esto1258,ural1272,4.805188436183734,5.827893109739932
eton1253,atla1278,4.007283810394384,1.5596823568224067
even1260,tung1282,6.844717262966226,17.27108330739574
even1259,tung1282,5.758848621591952,14.22300158998712
ewee1241,atla1278,5.523555786008943,2.110604498798409
fala1243,sino1245,4.960881233438469,1.6837747974503685
fare1241,atla1278,3.796379568047553,1.8087222586392928
faro1244,indo1319,1.717134208794871,3.124583469134052
fasu1242,fasu1242,5.63142151188597,5.1753198147564206
fiji1243,aust1307,0.1954114830078741,1.4354256195540671
fili1244,aust1307,-3.4858688196955216,1.3690418934501023
filo1235,toto1251,-2.042416240218244,1.808641939249938
finn1318,ural1272,5.001774927984901,6.915021674491456
foii1241,east2499,5.57427735551247,5.141878771299034
fonn1241,atla1278,4.125336366346982,2.01721903843702
fore1270,nucl1709,4.789219044491169,2.793857760834527
fore1265,ural1272,6.29673094885456,14.733797486125964
fran1266,mixe1284,-1.3136265245930931,1.6392362968444871
stan1290,indo1319,3.2863523373468144,2.3187332650155525
fuln1247,fuln1247,2.402652239959107,5.648236962552403
furr1244,fura1235,3.7936759138543135,5.318062693798296
furu1242,cent2225,4.845533393124951,3.795319600409513
futu1245,aust1307,1.554964192348672,0.8378036292219235
fuyu1242,fuyu1242,3.888748050444019,4.540658336867921
gaaa1244,atla1278,4.1109375639383146,2.329726268219133
gaaa1245,atla1278,5.544582783739623,1.4081866195501078
gaam1241,east2386,3.9223252622639766,4.795831300232749
gaan1243,afro1255,1.1144422014966633,0.5653874588734595
gada1258,aust1307,-3.0084817111227404,0.870563525794978
gade1242,atla1278,5.578586042738371,1.5410752002634354
gaga1249,turk1311,4.244958226189384,5.531860536812815
gala1264,afro1255,2.084238483759796,0.6648082589435376
gale1259,nort2923,3.724826844721596,3.7113963139686064
gali1262,cari1283,1.3631073542383343,1.7195710948774092
gali1258,indo1319,1.595383798723152,2.09834613619779
galo1242,sino1245,6.118140877172452,1.9980172105180567
gamo1243,gong1255,5.002780522212044,3.20614013717676
gand1255,atla1278,4.184904231895903,1.8307353347106383
gang1267,tang1340,0.4606391831472902,1.4489496095558536
gang1266,sino1245,5.104584384329181,1.4889337839792631
gant1244,nucl1709,5.25857946032874,2.869021211566292
gapa1238,aust1307,2.3984969784625823,0.7748785411615131
boht1238,afro1255,1.788751315819053,1.854243983825512
gari1256,araw1281,-1.6162186195031043,1.674928923094086
garo1247,sino1245,5.70624804377192,1.855395158873577
gara1269,garr1260,-0.8436899951187367,2.54694816443444
gata1239,aust1305,2.5580784042361704,2.061593078202236
gayo1244,aust1307,-0.4494317791698416,1.060998224462324
geba1237,sino1245,5.984870865091276,2.345209977615042
gebe1237,aust1307,2.5965740256117678,1.4793912928593898
geda1237,aust1307,2.894178954335619,1.0526114249331897
gela1263,aust1307,-0.1593889540549216,0.4760079482152122
nucl1302,kart1248,3.4494468545272743,4.431864262829436
geru1240,afro1255,2.080302379934418,0.7185723620542461
gese1240,aust1307,3.657652421869953,1.5041653376449773
ghad1239,afro1255,-1.255361686369859,2.095252572356685
ghan1242,aust1307,-0.3708460056728664,0.5730935896860387
ghar1239,aust1307,-0.3649512245562678,0.5259884410423012
gheg1238,indo1319,2.1480809721970897,1.6443342166809174
ghom1257,afro1255,1.4176723073716264,2.585507738746628
gida1247,afro1255,1.5105061552051726,0.5969222480966607
giiw1236,afro1255,2.015791926629669,0.6706788325279547
gilb1244,aust1307,2.015380603443081,2.9774787929220707
gira1247,nucl1709,6.588402000056606,2.805386410665108
giry1241,atla1278,4.667317288909818,2.1828444444643225
gizr1240,east2503,5.042191650382351,4.38099513987072
glav1244,afro1255,1.0240697017508094,0.4367530995046422
ghod1238,nakh1245,3.989190843257495,1.5588379142727575
goem1240,afro1255,1.9868088888536537,0.8491324750681173
gofa1235,gong1255,4.966192738713593,3.1790864064266486
gogo1265,suki1244,5.371587137756782,5.178602716796277
gola1255,atla1278,3.6836822656150088,2.4656764601566863
goli1247,nucl1709,5.018942637816323,2.8299770408948746
goon1238,buna1274,1.7779072751879004,3.3471522302128704
pare1266,aust1305,2.624046286893574,1.92207931282384
gras1249,koia1260,5.500643582258567,4.007933964433263
guah1255,guah1252,1.6394675440637028,3.182439632068352
guam1248,barb1265,3.717616164837585,3.992538867481329
guat1253,guat1253,-0.8657161169670569,2.558060286464737
gube1234,atla1278,2.56466244481765,1.9823706385764692
gude1246,afro1255,-0.2728811251298491,0.4875400841054329
guer1243,otom1299,-2.960681562007767,0.9464201741289172
guhu1244,nucl1709,5.871352355295612,2.955592717116076
guiq1238,sino1245,5.473508169654444,3.1464512764811303
gulf1241,afro1255,-1.0465128687775258,1.3728701726555386
guma1254,aust1307,2.1410119329943997,0.7461001293964955
guny1241,pama1250,0.982831203130392,1.4909582586121246
gura1251,indo1319,2.9155921564587683,2.4564262226780613
guro1248,mand1469,4.904980975361601,2.948692444446337
guru1261,sino1245,6.8036752507985145,2.437777259622038
guru1271,afro1255,2.024355622019096,0.6774105124722354
gusi1247,atla1278,3.907460543678312,1.5173073061903466
kwam1249,koma1264,0.4728336511215123,1.811030028271176
gyel1242,atla1278,3.66537247753746,1.8807080037612425
haaa1252,atla1278,4.415911555483948,2.2027688927803126
hadi1240,afro1255,3.12575393039028,1.186817687829162
hadz1240,hadz1240,-0.0509089715027388,2.297341564313058
haka1240,sino1245,4.975998984433412,1.810031710805504
hakk1236,sino1245,3.3402165903061563,2.8593407085793245
hala1252,aust1305,3.431632325105177,1.440091602656267
halh1238,mong1349,5.265311949790895,10.826355511451055
hali1244,aust1307,2.2419700833511738,0.8534577775740786
halk1245,sali1255,-2.170362113317615,1.536021068402576
hame1242,sout2845,4.185428465071661,4.647833254101954
hang1263,nduu1242,6.140105602417767,5.040995458943357
hani1248,sino1245,5.55032775678194,2.256174386318776
hano1246,aust1307,4.385873742238095,0.7973024893272935
haro1237,aust1307,2.942988425138424,1.7923751324478443
haru1245,piaw1238,5.953229584982287,4.900717691880857
hass1238,afro1255,-1.495698539577475,2.3544567986679965
hata1243,hata1242,5.156702195767105,5.449965030425872
haus1257,afro1255,1.827554634165411,0.9484209474277634
hava1248,coch1271,2.4320477041888484,3.3471211404229706
hawa1245,aust1307,-3.1097329787777457,7.59218488205147
sabu1255,aust1307,0.5783486338861583,0.8738885167971091
hdii1240,afro1255,0.8456317867186289,0.414766496474158
hehe1240,atla1278,4.562800353392774,1.9960884205530505
heil1246,waka1280,-1.799387547895687,2.786633330979953
here1253,atla1278,3.048822360240671,2.174317009602248
hida1246,siou1252,1.5943980452772348,3.1111584599577924
high1276,mixe1284,-0.7621825269668245,1.3810747030073005
karb1241,sino1245,5.31026862079757,1.515650264981062
hind1269,indo1319,4.905424870106824,4.4328268985138095
hinu1240,nakh1245,4.042841643752988,1.5316450657604292
hixk1239,cari1283,2.374603936787047,2.067140357955992
hlai1239,taik1256,4.778708630487692,4.525593570282751
hooo1248,aust1305,2.621276551057456,1.878015862538504
hoav1238,aust1307,-0.9305888685411676,0.5083898169739314
ainu1240,ainu1252,5.507911307342384,11.870799198043414
holo1240,atla1278,4.424848318158908,2.5026740427608303
hone1235,atla1278,5.736617378949562,1.3373195202588877
honi1244,sino1245,5.3605292725265095,2.114555859359001
hopi1249,utoa1244,1.9689132631518336,1.7174630712188588
hote1245,aust1307,3.1526233176827123,0.8952585371543478
hozo1236,maoo1243,3.980790574542256,3.673281435655241
hrus1242,hrus1242,3.81934209437636,5.389933392555008
huuu1240,aust1305,2.8812415690637434,1.2899359940884096
hual1241,quec1387,2.937393179651435,2.5766752452535684
huam1247,jiva1245,3.4852174662948503,3.011125888977304
huar1255,utoa1244,1.6310123965940382,1.035656464970458
huas1242,maya1287,0.1576957195332586,1.5499551996404364
huba1236,afro1255,1.1520491219672255,0.5019970959468623
huic1243,utoa1244,0.434521783784906,0.9659768938122824
hula1239,aust1307,2.38238260594352,0.9841023827958112
hula1244,afro1255,0.1200571475308724,1.3446293637628628
humb1243,song1307,2.4103655584703394,2.125890601375218
hung1275,aust1305,3.455138056509309,1.681133780069317
hung1274,ural1272,3.4301494768172955,4.88436917148762
hunz1247,nakh1245,3.936583969232528,1.4682146166511243
hupd1244,nada1235,2.5433370215053497,3.666120797444421
wyan1247,iroq1247,-0.2485375698502276,1.236810647803594
hyam1245,atla1278,4.232101560125454,1.4944656434815755
iaai1238,aust1307,-0.8924965487225403,0.6505031208814529
iama1237,aust1307,2.247480397209682,0.7220375216363948
iatm1242,nduu1242,4.677047111581185,4.964803941409514
ibal1244,aust1307,-2.9958826821204982,0.880034340492017
iban1264,aust1307,1.4674216532520965,1.0736716751748077
iban1267,aust1307,-3.2112588235528032,0.9628238600378722
ibat1238,aust1307,-2.950302749561103,1.1306874898540684
ibib1240,atla1278,5.139146651296487,1.5610296992404074
icel1247,indo1319,2.9972985627732545,5.559746819939221
idaa1241,aust1307,-1.9704064948770104,0.8863106939287348
idii1243,paho1240,3.888727974314485,4.454593705298393
idom1241,atla1278,5.502527688158002,1.5237112362285643
idum1241,sino1245,5.008449010243215,2.4794864421657365
idun1242,aust1307,2.343828064564303,0.7249828545806309
nucl1417,atla1278,3.722347456821755,1.6600030385928477
igna1246,araw1281,-0.9697316208888576,0.8482209450387757
ikkk1242,kuli1252,-0.1595790011715254,2.273866424564005
ilaa1246,atla1278,3.6037328643179234,2.115804866958399
iliu1237,aust1307,3.277214828647997,0.99417339760015
ilok1237,aust1307,-3.1104026280484507,0.929379988032366
ilon1239,aust1307,-3.230589967630884,0.9019982002012767
imba1240,quec1387,4.456997350116568,3.376924587372912
imon1245,bord1247,6.0742291215106174,5.524887553529041
ingr1248,ural1272,4.901737586545725,6.14820748685969
ingu1240,nakh1245,2.769233020316616,1.7744501131012242
alba1269,aust1307,-3.5283537347822747,1.3949683462674756
iqui1243,zapa1251,1.931602832208935,2.742174487752308
iraq1241,afro1255,1.9789031741683532,1.3244149071529705
irar1238,aust1307,3.8854275612353657,1.6444425414111947
iris1253,indo1319,-0.4632078529850782,1.739294441059684
irul1243,drav1251,5.206539202078899,4.585249166131831
kris1246,skoo1245,6.115483055194362,5.568478295495112
isco1239,pano1259,2.2988938300633013,1.2081310835039858
isin1239,aust1307,-3.1391976525800867,0.8685764627335857
isir1237,kwer1242,4.434877529600119,5.429349363229349
isna1241,aust1307,-2.883568900730896,1.0020627106280529
isth1240,utoa1244,0.2886555429808166,0.8983977158840872
isth1241,utoa1244,0.376162831795384,0.9225390777410212
ital1282,indo1319,3.0599210950051305,2.271209200903627
ivat1242,aust1307,-1.34039946981863,1.0393644999202678
iton1250,iton1250,-0.9152725715087616,2.4538439200091204
itza1241,maya1287,-2.014026553831911,1.2496218537902593
iumi1238,hmon1336,5.1306693182004,4.335754965205169
iwal1237,aust1307,3.1199470900895623,0.9035018109400568
iwam1256,sepi1257,6.164983356057286,4.59854385357994
iyoo1238,nucl1709,4.925833427941768,2.764453621129846
jahh1242,aust1305,1.2731158090147408,0.9157210685473274
jalk1242,mand1469,4.688654056729748,2.642553936359945
jamb1236,aust1307,0.6406943920521546,1.472091775738022
djam1255,mirn1241,-1.1266638594644536,1.9328398133476696
jams1239,dogo1299,2.947946566762125,2.778428788915136
nucl1643,japo1237,5.294544628794272,7.217611246519937
japh1234,sino1245,5.546138487827047,3.5454373697424444
jaqa1244,ayma1253,-0.4110639460602581,1.8360885723053852
jara1266,aust1307,3.216431149475359,1.7235603336989411
jede1239,aust1305,1.8126049098652648,0.953366861431391
jehh1245,aust1305,3.359136425241172,1.498983633566013
jeha1242,aust1305,1.878071701122416,0.9875777972047928
jenn1240,drav1251,5.039596568639977,4.582063220946239
jeru1240,sino1245,5.365507795347053,2.413572441464978
jiba1237,atla1278,5.599196157460897,1.352675734797259
jina1244,afro1255,1.8633818763407408,0.6210721279854852
djin1251,mirn1241,-1.577593399157379,2.043893398380036
juan1238,aust1305,4.003547786429648,2.05842533571618
juku1254,atla1278,5.627597522622788,1.3462597809573538
jurm1239,cent2225,4.648950657642525,3.133695926657253
kaba1281,cent2225,4.371480715253847,3.109974531075494
kaba1278,abkh1242,4.633648596488358,5.726931398233063
kach1284,gong1255,5.109480062502081,3.310209427623576
kada1242,drav1251,4.9799206097154975,4.58363567148109
cent2100,aust1307,-1.741037261366727,0.6741690197658272
kado1242,sino1245,6.448139617530957,2.000734916552517
kafa1242,gong1255,4.672040530805161,3.1949958943159658
kaga1256,aust1307,-2.835583618786458,1.3910681193582093
kagu1239,atla1278,4.556907119755355,1.925962740210437
kaik1246,sino1245,5.6303010397747535,3.2742323284679458
kair1263,aust1307,4.557965315514428,1.5196175246926202
kaki1249,kaki1249,3.873729745806025,4.581476293284894
cacu1241,kaku1242,1.5822456833549556,2.89337417559554
kala1399,eski1264,2.1789663479473416,6.530046606703763
kala1388,aust1307,-2.21482986809006,0.9550121743219506
kala1377,pama1250,3.52761737061247,1.903083922340187
kara1499,west2604,5.384589561505655,5.521098350982683
kala1384,atla1278,3.787863113404637,2.392659032334876
kali1308,sali1255,-1.1655076470086914,1.73541713709443
kalu1248,bosa1245,5.703858589833109,5.148235006664393
kamm1249,atla1278,5.707782401616766,1.363199353105415
kama1370,nucl1709,6.248061690961395,2.764926640476886
kama1367,nucl1708,6.15115187907133,4.909912955259685
kamb1316,afro1255,3.1582811134692808,1.1912372489772023
kamb1297,atla1278,4.533051506582517,1.8062081421256408
kamb1299,aust1307,0.6612225412950647,0.8182144034303604
kamo1255,nucl1709,6.345653586412675,3.780132411799059
kana1286,aust1307,-1.6106401620655393,0.7104255827822499
kana1288,daga1274,5.367807490549589,4.496689429423455
kani1286,nucl1709,4.846010033010021,2.7716600076612963
kank1243,aust1307,-2.849018826711585,0.8659935793831295
nucl1305,drav1251,5.277754637535557,4.79484922339681
bidy1244,atla1278,2.4739665343345547,1.8373432117487312
kaon1241,atla1278,5.209032783785387,2.4201283958389723
kaqc1270,maya1287,-1.139089094158697,1.0094745497401902
kara1482,cent2225,4.8750579636013125,3.602843025337122
kara1487,aust1307,-3.028128846504209,0.8479709976348033
kara1486,aust1307,2.747518969197142,0.9663211666966872
kare1338,atla1278,5.589370547358035,1.7470687861005842
kare1335,ural1272,5.071387937222884,7.38993996690904
kari1306,atla1278,6.218984363771435,2.4508142263946127
kari1311,tupi1275,1.2648489579335132,1.6005393107134296
kark1258,pauw1244,5.9854655844335,5.499511617927567
karn1252,aust1307,2.618428268737745,0.952740801684172
karo1304,karo1304,-1.1332520625972773,2.9003743245390297
kash1277,indo1319,5.036386686957378,5.253687358583704
kask1239,atha1245,2.63555864637371,4.122138185142191
newa1246,sino1245,5.498797095718548,2.635570953289289
kats1235,sino1245,5.374794713870415,2.278436109487004
kana1291,katu1274,1.8989351603948603,3.3780482110631738
kaur1271,kaur1274,5.94392589474896,5.6048952911069705
kava1241,aust1307,-1.5122204967929878,0.9135958940826896
kaya1315,sino1245,4.674165609062968,2.307738888843573
kaya1319,tang1340,0.2725402517847723,1.4129248928985731
keap1239,aust1307,2.379236542452475,0.9904305982218916
kera1248,atla1278,3.901120771570868,1.87869132479824
keig1242,kadu1256,-1.1582247877782836,1.790713865417331
kele1255,atla1278,4.675897429634059,2.6272636465383385
kele1258,aust1307,4.315494297869874,1.4853779405889045
kele1259,aust1307,-3.031344778734567,0.8300361841577626
keme1240,atla1278,5.594276655734882,1.345054274361317
keng1240,cent2225,4.643156404372169,3.219480154920987
kens1248,aust1305,1.9177207072607385,1.052280095899306
kenu1236,nubi1251,1.978354905106784,3.826075249751625
keoo1238,aust1307,0.941042333942232,0.7123064522319851
kera1255,afro1255,1.654104930295917,0.7055343225030413
kesa1244,nucl1709,5.1120802676899615,2.7666147540318207
kett1243,yeni1252,5.630166687475189,15.121830635392314
kgal1244,atla1278,3.81366120007866,2.6197764665132297
khak1248,turk1311,7.031136949467255,11.359861935694482
khal1275,sino1245,5.2615101201095165,2.3034551145290862
kham1282,sino1245,6.8011684546947375,3.36606228757131
khan1278,atla1278,3.71120484170918,1.6195090882338832
khan1274,aust1305,4.693570854199907,1.7205000185709023
khar1288,sino1245,5.2026313345798005,1.457710065283294
khas1269,aust1305,2.7317756498471564,1.3237438573618334
khez1235,sino1245,5.410804151632421,1.5140552027199874
khin1240,nakh1245,3.625172580763186,1.5512058193216234
khmu1256,aust1305,3.213357038537787,1.431871690186199
guan1266,sino1245,5.566604184204845,3.373091960858289
khum1248,sino1245,4.963274268108622,1.7925969477667962
khva1239,nakh1245,3.986339271580663,1.4894829612894114
kich1262,maya1287,-1.099228108576563,0.9807101436698816
kiku1240,atla1278,4.137765893242715,1.5528722943658408
kile1243,tung1282,5.85468702489049,9.747594250384822
kili1267,aust1307,1.6909543369946722,0.8229200856964098
kimm1246,atla1278,5.553843123674691,1.496241662806412
kima1246,kolo1268,4.867285173094716,5.2958881369214055
kima1244,aust1307,-1.7112915204194716,0.752698428853094
kimm1245,hmon1336,5.335740830586644,4.452561463879192
kina1250,aust1307,-3.318642847951643,1.3489204658800702
kinn1249,sino1245,5.5492404176999095,4.474482775879764
kiow1266,kiow1265,1.4664929887275204,3.230235887051009
kips1239,nilo1247,-0.1074440236036582,0.9259210175437572
kelo1247,timo1261,4.629579014135087,4.381086587143315
miju1243,sino1245,6.387335658580939,2.2951373013137584
kobo1249,nucl1709,6.669035600004081,2.9200192338765305
koda1255,drav1251,5.106773387268726,4.749478195623595
koho1244,aust1305,2.949714459665764,1.6413719202542725
koir1240,sino1245,5.341018792951376,1.4727584154224471
koit1244,koia1260,5.4133486860126485,4.055863531828194
koka1244,pama1250,2.7887665152692467,2.490602585512235
koko1269,aust1307,-0.6610235541864706,0.5213346683575679
kola1285,aust1307,2.453984879321081,1.5653485762576622
kolb1240,atla1278,5.422828375091987,1.4824177606667064
kolc1235,atla1278,4.1744054903675405,1.781698488732431
kolp1236,kolp1236,4.401270098451057,4.754284519632833
kolu1245,aust1307,2.2784093412942608,0.7203853860266349
komb1274,nucl1709,6.449231560583316,3.5913333718841898
komc1235,atla1278,5.471605625373586,1.3356182477485277
komi1270,sino1245,5.356168708980546,1.5086929768862376
komi1269,ural1272,5.440512762446357,8.96258074195788
komi1268,ural1272,5.661632274497261,10.050571914527794
komo1260,atla1278,4.696688569893375,2.5239752068693235
kona1242,east2433,5.839661690325732,5.249401712121127
konk1267,indo1319,5.4933450794947,4.945225177076736
kons1243,afro1255,2.968433603989853,1.1881321267047724
kony1248,sino1245,4.46542550466819,1.7129518196086622
konz1239,atla1278,4.518998376001459,2.1242641225288708
koon1245,atla1278,4.21607133107192,1.9087647021107443
koor1239,gong1255,5.072229426362439,3.337640505323378
kora1294,nucl1709,6.17964242818479,3.075474804408401
kore1280,kore1284,3.52692996826141,7.719306783672209
kork1243,aust1305,4.149732180507455,3.491888143717887
koro1298,atla1278,3.254113880352215,1.6242280046544124
koro1313,sout2948,4.737062320897143,3.4886853082671934
koro1312,nucl1709,6.51343810129144,3.575668977718109
kosa1249,nucl1709,6.633015777998521,3.658111955807669
kosr1238,aust1307,2.400027095060957,2.386379415264201
kota1263,drav1251,5.043220687093035,4.528210344277895
koti1238,atla1278,3.4937078464104983,2.7316173809718265
guan1269,tuca1253,2.193838915380544,1.3962414177577216
kove1237,aust1307,4.19112889978299,0.9689582439411026
koya1251,drav1251,6.051869967788496,4.449337341534132
koyr1242,song1307,2.2510603809191605,2.465772397915913
koyr1240,song1307,2.282759644872844,2.3636689119311143
kren1239,nucl1710,4.528318274002688,5.088460487893343
gbay1288,kres1240,3.885930088543861,4.861063798744368
kron1241,kadu1256,0.2300546534566319,1.6901231024301353
kryt1240,nakh1245,2.2690696013686424,1.571983965359422
kuan1248,aust1307,4.189276855527259,0.8688748353769284
kuan1247,atla1278,2.975549195738275,2.5590056701183386
kuii1252,drav1251,6.219245483956216,4.297592190515189
kuik1246,cari1283,2.5799824151334168,2.4158242401873053
kuku1280,pama1250,0.960916459017192,1.1439804351019802
kuku1273,pama1250,1.3742797263297857,1.5557855970357224
fait1240,nucl1709,6.542059680113992,2.793882922353646
kulu1253,sino1245,6.600251712040171,2.2706294182959823
kuma1280,nucl1709,5.10968022493546,2.8087354623935
kumb1268,pama1250,1.351522693921979,1.7201891125458246
kumz1235,indo1319,3.3416714623735526,3.9178281449807457
kuna1268,kuna1268,3.563400914365703,4.773600772773364
kunb1251,gunw1250,0.2014976413619789,1.1454060035062383
kuni1267,kuni1270,5.156187551991495,4.463065147826995
kuot1243,kuot1243,1.1838199641147047,2.6777353252107474
kurr1243,pama1250,-0.4426532953514406,1.0277346575888515
kurt1248,sino1245,4.722825112054625,1.99446082282293
kusa1251,aust1307,-0.8133527395456066,0.5085594909972997
kusu1250,kusu1250,6.210022067540313,7.024692524582932
kute1248,atla1278,5.624175366300451,1.3420591892952842
kuvi1243,drav1251,6.164059924944025,4.300683894309117
kuyy1240,aust1305,3.5800028299152378,1.582780813071878
kwai1243,aust1307,0.7279882891076572,0.5310534606749968
kwam1252,aust1307,0.7113669748578642,0.6070758740888067
kwar1239,aust1307,0.7001655985800679,0.4961208367481617
kwaz1243,kwaz1243,1.981618402838802,3.4124729014429818
kweg1241,surm1244,0.4535866995507729,1.233504682652466
nucl1595,kwer1242,5.838050642603411,5.424833946818097
kwin1241,worr1236,0.8974463041671688,1.87704850827906
kwom1262,sepi1257,4.820200137601894,4.529525083812104
nucl1593,kwom1263,6.016567504975219,5.474833304101438
kxoe1243,khoe1240,-0.4044909016260756,1.9635044714750196
kyer1238,sino1245,5.509780257745845,2.7220120448029945
cori1240,atla1278,4.246099862726151,1.4759983845544866
laal1242,laal1242,3.610411505342393,4.712011783002296
labu1248,aust1307,3.3773086941136388,0.9002773692697588
labu1249,aust1307,-1.866531816020192,0.7704419271815652
lach1248,taik1256,6.699800063491795,4.4685867025364985
lafo1243,tege1244,2.4923792273546934,3.740427137000978
lagw1237,afro1255,1.9076581779000976,0.6441177517583299
zaye1235,sino1245,4.548440072742999,2.2043640130784183
lahu1253,sino1245,5.132914372257694,2.0363516079287933
lahu1252,sino1245,5.346423045098209,2.07794264792868
laiy1246,aust1307,0.1514768960974746,0.7084789643614897
lakk1252,nakh1245,2.315713347259952,1.4278594248796708
lala1268,aust1307,2.262068080488494,1.013643871630677
lala1264,atla1278,4.098923182122444,2.459241411946536
lama1277,aust1307,2.541661320358676,0.8567365467907564
lama1288,afro1255,0.8327661262017774,0.4216942137961865
lamb1269,indo1319,5.5492929449476645,4.567556227512483
lamb1273,aust1307,0.7409167768398572,0.9096935332798496
lamb1272,atla1278,4.346651477596357,2.203467468116216
lame1260,aust1307,2.75773579017719,0.6840010264080547
hela1238,sino1245,5.42323509009022,2.6144833813845594
lamk1238,sino1245,5.013788323492507,1.534843546590395
lamo1244,aust1307,4.117677235801098,0.975496241885054
land1256,atla1278,3.971429889733836,1.808679837987114
lang1320,atla1278,4.458209585804866,1.5448819813386336
lang1324,nilo1247,0.5513353240041359,1.069520290735312
laoo1244,taik1256,5.426318162866544,4.475612872159118
lara1258,lara1258,1.9340747416466084,3.1420874143290973
lard1243,tang1340,1.8248158898838744,1.5658173231276322
lash1243,sino1245,4.861523791356703,1.964891863219691
teke1275,atla1278,5.650714926205344,2.6621625892315137
latv1249,indo1319,4.380301029903098,4.49528842928062
lavu1241,lavu1241,2.6497302234378086,3.710440626993517
lazz1240,kart1248,3.206988285039593,4.623093861657992
lega1250,atla1278,4.553380272325583,2.435374208869675
lega1249,atla1278,4.545824639463394,2.563529743960288
lele1276,afro1255,1.4903460045843229,0.9464793688378847
lele1267,aust1307,3.4143231337485656,0.767225620320545
lele1270,aust1307,4.500476003645646,1.4876729789689591
lemb1266,nucl1709,5.360078965985675,3.015582280533536
leme1238,aust1307,2.834037246927029,0.9865603424467224
bela1260,aust1307,-0.390795700420234,0.6808534723687671
lena1238,aust1307,2.1628567582377816,0.645065033536639
lend1245,cent2225,4.579302920297488,3.15052788511008
leng1259,aust1307,-0.0681407397549835,0.4997579854206009
lepc1244,sino1245,6.408815637262924,2.188207261905731
leti1246,aust1307,2.0958689149573257,1.0178858112567184
lewo1242,aust1307,4.042123118673176,0.7235826534259928
lewo1244,aust1307,2.555423826004249,0.8614814944993157
lezg1247,nakh1245,3.5159506859107967,1.5017180396766463
lian1251,sino1245,3.850072890324473,1.445682022471857
libi1244,atla1278,5.994883426391697,2.3521511513923485
liby1240,afro1255,-0.4114369660669243,1.6464717393317017
liji1238,atla1278,5.645532864176987,1.4097203645388277
lika1243,atla1278,6.170410211494856,2.351515769580857
lill1248,sali1255,-1.7858249064841971,1.6061767451026725
nucl1327,limi1242,1.7593181896190448,3.0056534659686065
lipo1242,sino1245,5.2066708457042346,2.1820528058801187
lish1245,afro1255,1.0050233770081438,1.4931044363913628
lisu1250,sino1245,5.010840522919217,2.1088313142603567
lith1251,indo1319,4.236113674732678,4.176785237208065
lito1235,atla1278,4.699698043679547,2.348949683416066
livv1243,ural1272,6.392706487706915,6.4743754896555
loba1239,atla1278,4.648345274816457,2.3270320836264773
logo1259,cent2225,4.672329468859838,3.126809823576991
balo1261,atla1278,6.001266206428086,2.402543292261754
araw1276,araw1281,0.3051183999181224,1.5213379458090373
lolo1259,sino1245,5.215227903929577,2.2093630782913607
loma1260,mand1469,3.186480156024182,2.732182825505163
lomb1257,indo1319,3.165647758348062,2.359265210061736
chiq1248,chiq1253,2.345750060021574,3.73609634405662
acha1249,sino1245,4.494222860944888,1.7456362298908488
long1395,aust1307,0.1204807079642233,0.5625996009654557
loni1238,aust1307,4.5206919637286,1.4808251812224569
lonw1238,aust1307,2.938490486886977,0.6637792012585209
lote1237,aust1307,4.084279385340379,0.9564378245327134
loth1237,sino1245,4.143150765688539,1.5339325876499146
louu1245,aust1307,4.505558659098133,1.4259753125903671
vano1237,aust1307,3.575839314595987,1.155416215771453
lowl1260,tequ1244,-2.650745474457856,3.958450903375862
lowl1265,utoa1244,1.4891170151151276,0.9925639393403428
lozi1239,atla1278,3.2799717989081576,1.8210002527212907
luan1263,aust1307,3.4752923589555333,1.0840589844851252
onto1237,aust1307,0.2564759640751757,1.016656597365369
lubu1243,aust1307,-2.8274124060830093,0.8749650409284015
luch1239,atla1278,3.1144623202622346,2.0591944078491906
ludi1246,ural1272,6.508636058984978,7.030000789177592
lugb1240,cent2225,4.570514785481949,3.063051532603964
lugu1238,atla1278,5.856340812415764,2.063240046418713
lule1254,ural1272,4.651614247579079,7.259250740483694
lumb1249,atla1278,3.85978117502415,3.042537978240617
lumu1239,narr1279,2.8395775709953104,2.851222057052468
lund1266,atla1278,5.089601777819366,2.5732467309580187
lund1271,aust1307,-0.1485291930780223,0.6699563064396443
luok1236,nilo1247,0.4228877434821645,1.0308944808548688
luse1252,atla1278,5.966028412866825,2.5035048567369245
lusi1240,aust1307,4.178798829964999,0.974085041783738
luva1239,atla1278,4.60938794145874,2.1739439527661943
luya1241,atla1278,2.905630007450157,1.8871616718167277
maan1238,aust1307,0.9218217435119418,1.2179346786375334
maba1270,atla1278,4.761323575955181,2.4951914891537683
maba1277,maba1274,3.9298841330640233,4.4272408130849925
mace1250,indo1319,2.127419887554709,1.6332835402266284
mach1267,araw1281,-0.8196355714105681,1.0078701986125935
maco1239,sali1297,2.5099434815791657,3.905315614231213
macu1260,tuca1253,0.4839471351491586,1.3463326803040871
mada1285,aust1307,2.7114025664150927,0.8848795062272785
madi1260,cent2225,4.461491751117675,2.973078335872316
jama1261,araw1282,3.3425795295656524,3.978719443056235
madn1237,east2374,1.8245344532740515,3.0363526866000825
nucl1460,aust1307,-0.2058286011508232,1.0575700666483954
mafe1237,aust1307,2.9546443633000234,0.7279998022607117
maga1263,aust1307,-3.073245138470671,1.096136097761871
magd1235,otom1299,-2.942445873623196,0.8203031268512859
magu1243,aust1307,-2.0867061961801485,0.89821883421709
maia1254,nucl1709,5.40384511417993,2.972955548556911
maia1253,nucl1709,6.780641319855954,2.9576740131985844
mail1248,mail1249,3.9599601937482274,4.58381900478534
nucl1594,mair1253,5.46890556061984,5.517340543199722
mais1250,aust1307,3.816817231758458,0.91299831920648
mait1250,indo1319,4.989087078130929,3.4122450933020616
maja1242,surm1244,-0.2402096992862321,1.1897715726994704
maka1304,atla1278,4.212387675958745,1.7486819911099474
maka1311,aust1307,-0.3620333706828122,0.7322579080952067
makc1235,taik1256,6.37818458011917,4.743186381545286
makh1264,atla1278,3.758348694930263,2.605002981575652
makh1266,atla1278,3.818170341978132,2.586648137027055
mako1251,atla1278,4.098036341708983,2.541062854007407
maku1277,aust1307,2.084222943333121,0.972034027346126
makw1236,atla1278,5.49144095561949,2.6028067531073877
mala1463,drav1251,4.642240002485631,5.040007076399107
mala1534,aust1307,-2.9745869978715755,0.9466768495116468
mala1464,drav1251,4.756786015055626,4.898034767338089
mala1522,chib1249,2.9048935493747554,2.491619062687036
male1284,gong1255,4.937860173110979,3.2030831004489926
male1297,chib1249,2.497780075566244,2.321230677586584
male1289,aust1307,4.000124192859895,0.9752127477967178
malg1251,afro1255,0.0551809991887144,0.5613708517906417
mali1284,bain1263,4.475219356067679,4.531167489291988
mali1285,otom1299,-2.58570161227389,0.9630469589023818
malt1254,afro1255,0.6522079395353768,1.8679656377124587
malu1245,aust1307,4.249278949807165,0.6921888295885879
mamm1241,maya1287,-2.6893897912242646,1.064260844155939
sauk1252,nucl1709,4.620258244401043,2.7815591138821816
mama1275,aust1307,-2.9427290707261053,1.2792276505798412
mamb1306,aust1307,1.7942387019170316,0.9985103434744076
mamb1294,atla1278,5.253173785956738,1.297532485724588
mamb1296,atla1278,4.3069391640121175,2.328386887653465
mamv1243,cent2225,3.3602008275045177,3.2152692819704214
mana1295,aust1307,4.477765871490822,1.3100449840830066
mana1298,nduu1242,6.111884736643541,5.018041091282555
mana1288,sino1245,5.588478690557604,3.048106135894613
payn1244,nucl1709,6.726970478024137,2.9073233838586674
mand1423,atla1278,4.419277259085128,2.247913133004559
mand1440,aust1307,2.65431287210188,0.9703686523698424
mand1415,sino1245,5.000161673006144,6.336496895289812
mand1436,mand1469,1.9155479568404317,2.488645212336252
mang1378,aust1305,3.1773870895513,1.4203019634611849
rapa1245,aust1307,-4.105021473049163,8.569150724941366
mang1401,aust1307,-4.211479124815092,8.810203760394103
penr1237,aust1307,-3.732709965344259,5.938952019108726
mang1381,mang1423,1.6728706173665595,2.6395941082061114
mang1394,cent2225,4.853955364928572,3.5231673789949696
mang1404,aust1307,3.310186472714713,0.9088176359953763
mang1405,aust1307,0.4135868893214689,0.74306086268939
mang1403,aust1307,4.110426385579769,0.9606363425737924
tong1308,aust1305,1.8740337231572508,1.215415275820817
manm1238,aust1305,2.840443120414879,1.2903843879256556
mann1248,mand1469,3.341344023641352,2.922432196623149
mans1262,aust1307,-2.0798279997809064,1.1172505007154
mans1260,hata1242,5.302943554857189,5.483527867882671
manu1258,aust1307,3.4523858258957976,1.3776567795256651
maon1241,taik1256,4.958936338894777,4.672952637829425
maor1246,aust1307,-1.9397077561838996,4.6502598932464565
mapo1242,aust1307,3.177308045030026,0.8996665982758003
mapu1245,arau1255,1.2459621142331234,3.5282644281733724
mara1382,sino1245,5.098517215996727,1.9593103452946397
mara1399,aust1307,2.879071641648125,0.6696201045877217
mara1379,sino1245,5.387182304328801,1.4870970559939425
mara1386,west2434,3.586288753492598,2.564239465574076
mara1396,tama1329,3.69776326379708,4.7690418570241775
mara1378,indo1319,5.6787684495765145,4.537329895657535
marg1265,afro1255,1.084900978033838,0.5109347318895914
mari1414,drav1251,6.213804613356119,4.728888464410346
mari1440,coch1271,2.2168114308340723,3.235831728576173
mari1428,aust1307,2.8216647509892394,1.0660761067703106
nucl1622,anim1240,3.729584298836351,4.967230259553602
mari1416,sino1245,4.995551963526493,1.5046753905678685
mari1424,west2434,2.1894614822345315,2.525118482764782
maro1244,aust1307,-0.8982957802544393,0.5519195667139911
mara1385,mang1423,2.734472304180935,2.883485159630212
mart1255,pama1250,-0.0638322115714191,1.1444064801441698
maru1249,sino1245,4.899700967029084,1.985241008888508
maru1252,pano1259,2.2459641525343432,1.2380855608267185
masa1322,afro1255,1.8193663191026503,0.7601153404838499
masb1238,aust1307,-3.5896584942720007,1.376050965040278
mask1242,aust1307,2.808318160112869,0.650589105371381
matb1237,aust1307,3.3668270952251245,1.475529436270108
kemb1249,aust1307,3.079453030852177,1.22731967493948
mati1250,aust1307,-2.535555881266013,0.959367123064368
mato1252,aust1307,3.841737241029234,0.9602541171288692
mats1244,pano1259,1.8698168359568204,1.269664814516446
matu1261,aust1307,2.928526714220521,1.0751583754471028
matu1259,atla1278,5.800494840491313,2.4207117870429613
mauw1238,nucl1709,6.823158397767335,2.9555618341228325
maun1240,iwai1246,-0.4269344199782341,2.273134987433337
maxa1247,nucl1710,3.2721587111727897,4.924017380566511
maib1239,mayb1237,5.263214450169803,5.540912170736149
mayo1264,utoa1244,1.2207126712912104,1.1570150416555691
mayo1261,atla1278,6.149555730513006,2.312222843095199
maza1304,afro1255,1.3052535156171547,0.4959990667775571
mban1263,atla1278,6.144168048869348,2.356312890129089
mbar1260,afro1255,2.028201165164061,0.7255655051519625
mbay1241,cent2225,2.772966379490445,2.836775940616235
mber1257,atla1278,4.2522916888500895,2.474093886427454
mboc1235,atla1278,3.926492670268598,1.390228065369925
mbol1247,atla1278,6.014797873534105,2.684082077781312
mbug1242,atla1278,4.320749787813906,1.5475085748014692
mbul1263,aust1307,4.009974512854688,0.9698447453353508
meen1242,surm1244,1.6479154809682497,1.180683479709387
mehe1243,sepi1257,6.210898056714244,4.571561566642544
saki1248,tupi1275,2.400518436929291,1.542687665129762
meke1243,aust1307,3.534634996420396,1.007250132372178
mele1250,aust1307,3.413319955429971,0.7673465770368466
melo1242,gong1255,4.905612427143305,3.1753935343580224
melp1238,nucl1709,5.218719069760265,2.898069898399456
mend1268,sepi1257,6.255866425800997,4.57115418683324
meng1267,aust1307,2.7563908900448344,0.922206586899506
meny1245,anga1289,5.166144071791672,4.321966823333113
mera1242,aust1307,2.809489451490944,0.9035325379975204
mere1242,aust1307,2.847146029056479,0.7886771499273522
meri1244,east2503,3.788960209088245,4.375144202836836
meru1245,atla1278,4.4580215414104,1.6499360651150423
meya1236,east1459,5.313946680642564,5.477268123366642
mezo1235,otom1299,-2.4249807806980423,0.8412688617028721
mezq1235,otom1299,-0.0564416511535834,0.8334067737586679
mian1256,nucl1709,6.731415475032053,3.382993952684842
mich1245,utoa1244,-0.0430943354979826,1.3704629244554525
midd1357,pama1250,1.3577380468362716,1.6694272145632567
midd1327,aust1307,3.4512599883076103,0.94302566829532
mido1240,nubi1251,3.986456667245703,4.381075199200964
miga1249,afro1255,2.2554756986096063,1.5215987475691009
mika1239,musk1252,3.0503282897751287,3.279175189362917
mikm1235,algi1248,-2.412221200522193,4.883413638998491
mila1245,sino1245,6.250158201714596,2.186968279732298
mina1276,afro1255,1.2946777163874383,0.4618161924624644
mina1268,aust1307,0.1916707984072201,1.2415491168854371
mini1256,huit1251,2.914049753493261,3.5436941380977918
mini1251,aust1307,2.805260069078685,0.8684600604087791
minn1241,sino1245,3.889963524950796,2.6660838384588037
misk1235,misu1242,2.161323027109889,3.272999431921747
mixt1426,otom1299,-3.2373213906285936,1.0806541851792986
miya1266,afro1255,1.9788451732972965,0.7812005029251878
miya1259,japo1237,3.0685513875021204,3.3062226385228826
lush1249,sino1245,4.92595610210577,1.8888914685867773
mlab1235,aust1305,3.191735856402801,1.5706725032684687
moba1244,atla1278,3.841467846148316,1.8564673003156715
moch1257,maya1287,-2.7110265110355303,1.0794762636723902
moco1246,guai1249,-0.4560879378510623,2.056519997470275
mode1248,indo1319,1.9881566013588172,2.0410300501139176
hebr1245,afro1255,0.4989061047084515,1.2574846355307017
moha1258,iroq1247,-1.086449785216924,1.5707966792682555
moii1235,west1493,3.643098577146905,4.998149713607674
moke1242,aust1307,3.3525350806939525,2.125688454645257
moki1238,aust1307,2.343905014897665,1.995321700460707
mokl1243,aust1307,2.9581990562858405,1.735128094403791
mokp1239,atla1278,3.5881855553868798,1.5029212786708115
moks1248,ural1272,4.840815717624125,6.461280816143017
molo1266,afro1255,1.4717428137449762,0.4657045933294341
nucl1452,momb1255,3.436955081740408,4.868631283587149
mong1338,atla1278,4.537242427533471,2.7296931468886783
mono1270,atla1278,6.135714925602626,2.3786353577326054
mono1275,utoa1244,1.098656901491616,1.3899120784886063
nucl1458,monu1249,6.031627625917411,5.176659820957099
monz1249,atla1278,6.053136241383237,2.3034428459156686
mopa1243,maya1287,-1.8661387688703388,1.270420279305867
morm1235,aust1307,4.054627141692583,1.753522997195773
moro1285,heib1242,3.682142505354099,4.123137980267615
moro1287,aust1307,-0.1947001579114053,0.7231664220339411
mort1237,aust1307,1.9206624536679056,1.6413130119750008
mose1249,mose1249,0.9782213688432012,2.535979672699113
temb1272,atla1278,6.153379494668462,2.4708278629877043
motu1246,aust1307,2.369120005781149,0.983780839041046
mouk1239,aust1307,4.143947110796985,0.9743310057985184
moun1252,koia1260,5.512807440451818,4.012155053455345
movi1243,movi1243,-1.160864164786776,2.5740551544620303
tang1347,aust1307,2.851624546495746,0.744283789840253
moyo1238,sino1245,5.119006590046363,1.50588190763483
mpad1242,afro1255,1.7523531478920145,0.7384902519678747
mpii1239,sino1245,5.369976814914491,2.5478856679515047
mpot1240,atla1278,5.78228460901151,2.344751790531632
mpur1239,mpur1239,5.161261368398838,5.5877104637495165
mual1241,aust1307,1.637633047267404,1.2210543147794937
mudu1242,aust1307,2.922242856734354,1.0038303656150165
mudu1239,drav1251,5.013793285211092,4.61636303223807
mull1237,nort1547,1.8306078338176064,3.0366094894826574
nucl1240,atla1278,5.484834856698443,1.373094245052755
muna1247,aust1307,0.1199706585231195,0.6782540112797335
munc1235,sino1245,4.049277235209452,2.284982228969397
mund1328,atla1278,4.039936558019459,1.3255003792785658
mund1325,atla1278,5.3496246254677455,1.304021164400055
mund1320,aust1305,4.104925727952802,2.056297133922868
mund1326,atla1278,5.98183235066343,2.090419418808821
mund1330,tupi1275,3.224131066269363,2.366037044837185
abar1238,atla1278,5.4285147713722335,1.3248893166159093
murl1244,surm1244,-0.4932414341741551,1.138451094760228
murr1258,sout2772,1.747463699902806,3.0379537638434755
muru1274,huit1251,3.118422721265693,3.6378018929138
muru1266,pama1250,0.5827846749156511,1.4289006792213712
musg1254,afro1255,1.9327597535435803,0.6249976394653203
muso1238,aust1307,3.545609133754612,0.9074785276254288
muss1246,aust1307,2.847203852875705,1.3928917126273603
muyu1244,aust1307,1.4295062306966249,0.9592785695818408
mwag1236,afro1255,1.9665174708526667,0.8117345873416468
mwan1250,mand1469,3.516122123922234,2.8340538338103443
mwan1247,atla1278,3.92909028604716,2.6623961887460723
mwer1248,atla1278,4.356026092905903,2.4405897833936905
motl1237,aust1307,2.8878826068045678,1.0158120259144567
naas1242,sout2948,4.64548584699323,3.445280005350554
naba1256,nucl1709,5.946384764035754,2.8113181174489625
sout2857,aust1307,2.722918673234514,0.6722181144964452
naka1262,aust1307,2.7718534688233807,0.9345481541003836
nalc1240,nucl1709,6.6197329479457725,3.616969607307595
nali1244,aust1307,2.693280567562827,0.9268564678371264
nama1268,aust1307,3.914900536031608,0.7791010169124633
litz1237,aust1307,4.270972422919458,0.667653489941614
nama1264,khoe1240,2.1868316194195696,3.5263765087227483
namb1293,more1255,3.945770075668609,3.9889427856040527
nami1256,sepi1257,4.787879416783678,4.605386653142034
namu1246,sino1245,5.413959290780472,2.7415680587210858
nana1257,tung1282,5.942361215385796,9.933390199342568
nand1266,nilo1247,-0.3451651965961839,0.8155778039724026
nang1262,aust1307,1.5903248344269376,0.9985433984740268
nara1262,nara1262,3.407915312773641,4.68920638014869
yong1270,sino1245,5.2906140151933165,2.479861556602472
naru1238,pama1250,1.457438416130469,2.6848342326053256
nati1244,aust1307,4.1561189483475705,0.67015955871058
natu1246,aust1307,1.545740229570232,1.0004864716976556
naue1237,aust1307,1.9439346002493176,0.950131259586513
naur1243,aust1307,2.159836869313651,2.38381612679396
nava1243,atha1245,3.775868992057832,3.621557750306181
nawu1242,atla1278,4.097992050495268,1.9202143942169985
naxi1245,sino1245,5.179280857290365,2.321169078473829
ncan1245,atla1278,5.549303523583559,1.3418049542509607
ndam1239,atla1278,5.88541534908339,2.097592468763139
nden1248,atla1278,5.877741934811199,2.3489506797446325
ndog1248,atla1278,6.116942011665417,2.256328965636385
nege1240,aust1307,1.1607751070914714,1.07199604004812
negi1245,tung1282,6.220503200079774,11.41121258721354
neha1247,aust1307,2.444872527511773,0.9503677868249696
kuma1276,aust1307,-1.2812128586278244,0.7608755590442371
nenn1238,more1255,3.9904992351563817,3.981779870074192
nend1239,nucl1709,6.73717862915146,2.8883789304656347
neng1238,aust1307,-1.0055279097451648,0.8383099727713272
nucl1706,afro1255,-0.7986275518194641,1.427722402412968
nepa1254,indo1319,5.191100041383031,3.709071929901455
nese1235,aust1307,2.8765050027306747,0.6852670604506699
vinm1237,aust1307,4.2489613271768025,0.6659982318602289
ling1265,aust1307,4.271368326530618,0.6604262431000194
nezp1238,saha1239,-1.4739025891102062,2.618671314030067
ngaa1240,pama1250,2.25418521375825,2.1348494073436086
ngab1239,chib1249,3.111819835647506,2.444616492696099
ngal1292,gunw1250,-0.0463988325063158,1.2422848556932706
ngam1268,cent2225,4.09962247111992,2.823698785663709
ngan1291,ural1272,6.346379330245121,15.51693274110538
ngan1295,gunw1250,0.8829026536500582,1.2106172964618338
ngar1235,pama1250,0.0864229986659599,1.2056368428150677
ngar1284,worr1236,0.0940295843020355,1.8127057495528331
ngas1240,afro1255,1.792801072721515,0.7474496198878313
ngba1284,atla1278,6.011889832788908,2.2661703359420926
ngba1285,atla1278,6.0576613570922095,2.330709064923866
ngge1241,nucl1709,6.612622812974662,3.7356329986845793
ngom1268,atla1278,6.1249259851182725,2.485968630592112
nhan1238,pama1250,-1.1433448518677554,2.3091342048239767
nhen1239,tupi1275,0.4632546656302989,1.2879668560645712
nias1242,aust1307,-1.0298165942404682,1.2090467796240605
niha1238,niha1238,5.527298042458446,7.407066382126032
nila1242,atla1278,4.23671522683529,1.6352033484581625
nucl1633,nimb1257,4.586413300532247,5.4611896862759295
labo1244,aust1307,4.144583110821591,0.6754068869387311
nisg1240,tsim1258,-1.1019803645699429,2.969559442971999
niua1240,aust1307,-2.157357582414998,2.176032010656087
niue1239,aust1307,-3.107787007157977,3.675811667736767
niva1238,mata1289,-0.5085783976979155,2.462818150603709
njan1240,atla1278,5.579843006430567,1.4452156485316152
nkon1248,atla1278,4.183576392474929,1.9667264739425436
nkor1239,ijoi1239,2.885521062017448,4.566834313211103
noct1238,sino1245,5.999447782418292,1.839931442458834
noku1237,aust1307,2.690257893583166,0.8977773736147725
noma1260,atla1278,4.043331922202743,1.4667287741893915
noma1263,araw1281,-1.2868978665218935,0.9087658156453527
noon1242,atla1278,2.557066912256684,2.2034508032372457
noon1243,atla1278,5.537489416567103,1.3446233144252346
nopa1235,otom1299,-3.2913466152130364,1.0163900186112471
nort2839,aust1307,2.955045242868973,0.6793757519822918
nort2697,turk1311,4.730501881848829,4.357864687951064
nort2930,kiwa1251,5.466067254979324,4.658201826518493
nort2836,aust1307,2.10680865738954,0.7582620704160945
nort2724,sino1245,5.04127136223153,2.1837916398120285
nort2972,choc1280,3.6067394205333887,3.8263262175272814
nort2702,drav1251,4.680188571613304,4.415684351272134
gumu1244,gumu1250,4.075857052867884,4.524597158816647
nort2938,haid1248,1.283677942994736,2.7341572046382367
sing1264,sino1245,4.657148804822349,1.8896053058956424
nort2877,aust1307,-2.8799084139317297,0.8698954741065705
nort2684,aust1305,3.4670114581439155,1.6517728082364016
lush1252,sali1255,-2.327685077021474,1.620268895553238
nort2774,atla1278,6.214948584516327,2.522958743238533
nort2954,utoa1244,0.8767596070119024,1.3676647747200263
nort2957,utoa1244,1.2485170044802314,0.8781170308551793
nort2723,sino1245,5.317355838995884,2.683361283535476
nort2747,hmon1336,4.953638713136026,4.792660245251199
nort2722,sino1245,5.564761929276951,3.6695730764920143
nort2994,aust1307,4.253793229462515,1.866061808804716
nort2885,aust1307,-2.909015267796256,1.0825121472362298
nort2959,utoa1244,0.7605574505262642,1.030483708038929
tosk1239,indo1319,1.5634135242299725,1.5490795965866369
nort2732,sino1245,6.46109727609416,3.741544265456298
nort2690,turk1311,4.873189387234291,8.081448029729671
nort2745,yuka1259,5.118069014543977,20.19121658246064
nort3047,afro1255,0.1157932535548948,0.4545908429384013
nort3139,afro1255,-1.1064506120415127,1.2526309666283169
nort2845,aust1307,-4.2008972125461135,8.031528086360936
nort2942,atha1245,4.2500812069206,5.229097792498635
nort2847,aust1307,0.8785813292784046,0.6225122705968573
nort2699,drav1251,6.163151557584433,4.9588982336852325
nort2961,algi1248,-1.9752922722475816,3.214251548471495
nort2775,atla1278,5.648996662305281,1.8762142816170095
yaki1237,saha1239,-2.1029948480569938,2.8599785445008905
nots1237,aust1307,2.648982447646713,0.898636423819184
nsen1242,atla1278,4.018200864092851,2.5498555670538536
nuer1246,nilo1247,0.9176897948777598,1.315763333209972
nugu1242,atla1278,4.118412661005387,1.483151142891444
nukn1238,nucl1709,4.774049660827973,2.822679067671288
nuku1260,aust1307,1.2686064926387783,1.563136307040935
nung1282,sino1245,5.068752452756925,2.1584030002595256
nupe1254,atla1278,5.363859174476337,1.8409687727247928
nusu1239,sino1245,4.987637668621787,2.074969454343048
nuuc1236,waka1280,-2.0854307644154804,2.9073260217625005
nyah1249,aust1305,3.4713703782603216,1.4573977919281162
nyah1250,aust1305,4.684350888076763,1.8337105677912573
nyak1260,atla1278,4.530066987536859,2.19187893294054
nyam1285,afro1255,1.8800757288908176,0.7872966796951744
nyan1307,atla1278,4.472340230184134,2.065166686181584
nyat1246,atla1278,4.329210421476333,1.642231885016443
nyis1236,sino1245,5.915927720871844,1.7811736021899094
nyor1246,atla1278,4.404403959669995,1.926781585967774
nzad1234,atla1278,5.830774223923113,2.935999428396457
nzak1246,atla1278,5.563590952948063,1.6994803950441764
nzak1247,atla1278,6.271848776666504,2.536089263596864
obok1239,lake1255,5.78451521808377,5.684684624024413
occi1239,indo1319,2.947501115843864,2.3596625303704712
ocot1244,otom1299,-3.064176771744282,0.8967046437654176
oriy1255,indo1319,6.088930678275757,3.4789517332724813
ofay1240,nucl1710,1.8211265950004576,2.6891828108762184
kalm1243,mong1349,5.081149426812596,6.695201764238121
okan1243,sali1255,-1.072924670356027,1.3926944173604738
okin1246,japo1237,3.845639236044095,4.272618978199347
okoe1238,atla1278,4.085188582412123,1.6887524888249177
oksa1245,nucl1709,5.2958035823450444,3.262936283200702
okuu1243,atla1278,4.152807336979894,1.3417668327693946
oloo1241,nucl1708,6.151907748916065,5.01208019219537
olut1240,mixe1284,-0.6638876500915454,1.40267035581806
omie1241,koia1260,4.173010774046702,3.9599123510307943
onge1236,jara1244,3.351974417078628,5.2406370690778346
bira1253,bira1253,3.068957745254473,4.156821555403582
onon1246,iroq1247,-0.977944773554071,1.283043788193055
orma1241,afro1255,2.392710575421246,1.6683716380279776
oroc1248,tung1282,6.072278683906804,10.57168675065563
orok1265,tung1282,4.643572247265663,11.046302772475684
orok1269,nucl1709,4.733666625369057,3.0307481821019024
orok1267,nucl1580,5.294071507568054,4.802706117857397
orow1242,aust1307,-1.185951858535002,0.6710697291687637
osam1235,atla1278,5.544912117095132,2.4181963041335166
otor1240,heib1242,3.746262516051557,4.146486405541992
otta1242,algi1248,-1.888137519240551,2.516792883555837
paaa1242,afro1255,1.8442965856438691,0.8359914852921406
paam1238,aust1307,2.81836717650025,0.6912075005290887
paas1238,atla1278,3.951849145005359,1.827606251415645
paco1243,aust1305,3.4569660315281188,1.5975910187404452
pagi1243,atla1278,6.239764721934302,2.5441386537276003
pagu1249,nort2923,3.9333535145600695,3.5355776224566853
pahn1237,hmon1336,5.340581183672221,4.4629375303943135
pait1244,sino1245,4.798054878718935,1.5248109449791798
paiw1248,aust1307,-2.120000505259497,0.8195457717912973
pala1344,aust1307,-0.4772273612055993,1.388353724237632
pali1279,araw1281,2.566079733919933,2.7555925228298435
balu1257,aust1307,4.5057539958621415,1.4063553411073997
pamb1243,atla1278,6.292616612383453,2.4059061194438414
pana1307,nucl1710,4.38452014901206,3.5241832554195582
enap1235,cari1283,1.406545880489526,2.0393292084327044
pang1290,aust1307,-3.0092172879845296,0.9851637928306332
pang1291,aust1307,-2.4525927667761525,1.0974548864082294
pang1287,atla1278,4.452821004290151,2.2013632055799377
pano1254,pano1259,2.5724710838755183,1.2433280908997233
pany1241,pama1250,0.0028116408121872,1.1163033628733956
papa1238,toto1251,-2.000672256102408,1.8711276735098887
papa1265,aust1307,1.8790976350730733,0.7452530501106622
para1302,sino1245,4.363478904159546,1.6520276743522118
pare1272,araw1281,0.6870407923336868,1.2792561123632709
pate1247,aust1307,3.340076748462133,0.9109324373702918
patp1243,aust1307,2.7377920414454846,0.8982927412060064
patt1248,sino1245,5.484768542265684,4.849448855097364
paul1238,aust1307,1.923806770606316,1.3053911962463332
paun1241,araw1281,-0.0760228990052058,0.9660494859192994
pawa1255,pawa1255,5.447904657024461,4.959614738256292
pawn1254,cadd1255,-0.833373511062582,2.7681921482140126
peer1241,atla1278,5.542333095623514,1.465998033392708
pela1242,sino1245,4.54074528251352,1.749536060635677
pele1245,pele1245,5.734886803061768,4.974013926623542
pemo1248,cari1283,2.649892620462873,2.0557977041063964
pend1242,aust1307,-0.0038936371508806,0.7535723451102285
peng1244,drav1251,6.128877624373855,4.311730922670677
phak1238,taik1256,4.442810298226409,4.701382517108925
phom1236,sino1245,5.765191947586898,1.653141590372826
phon1246,aust1305,3.4542077971850813,1.67669835598943
pila1245,guai1249,0.1684301086182462,1.845252782810178
pima1248,utoa1244,1.6424946616485523,1.1209536418983816
pina1252,piaw1238,4.565389588994655,4.903971838291824
ping1243,aust1307,2.390991936937063,2.033872255401519
pint1250,pama1250,2.5142339316877216,1.7461448453878887
pipi1250,utoa1244,-0.2843670772460771,1.4270528553448116
pite1240,ural1272,4.604292382775274,7.03689422981563
plat1254,aust1307,-2.024641004424676,2.470397546129206
pnar1238,aust1305,1.1405141692165626,1.2719664464081006
pohn1238,aust1307,2.216786454064906,1.936480495143087
poko1263,nilo1247,1.0358891448058485,0.9461099767683124
poli1260,indo1319,3.7908821664245775,3.40538129973568
popt1235,maya1287,-2.607587535113463,0.9853464083150812
port1285,aust1307,2.8125070021405283,0.647073276600679
port1283,indo1319,1.8569573520468308,2.3507349145784247
phai1238,aust1305,3.214541748940761,1.5171554400773315
pras1239,indo1319,4.746999713695249,5.449707043750507
psik1239,afro1255,0.8944879198488156,0.4285513872884507
pulu1242,aust1307,2.2232757824111755,1.7811966416952885
puma1239,sino1245,6.66317282326826,2.3298789328976284
pura1257,pura1257,3.950908434485133,4.67059150264744
pure1242,tara1323,0.8667823691878991,2.573982440658113
puri1258,sino1245,5.452893200369516,5.132765906256566
puyu1239,aust1307,-2.1176123167151526,0.7610902315226724
qanj1241,maya1287,-2.4869008828144668,1.0012809910767828
qaqe1238,bain1263,4.393353310127726,4.520950053764238
qawa1238,kawe1237,2.1132684138828832,5.02131966758698
qima1242,afro1255,2.517322187761204,1.3782964603762764
quer1236,otom1299,-0.0929666449888482,0.8850015873709651
quio1240,otom1299,-2.8074477761538605,0.8723022494624786
rabh1238,sino1245,5.666138798593773,1.7241910758096424
rade1240,aust1307,2.999026695327434,1.7319679652465396
raji1240,sino1245,6.986297914692278,3.568481157240342
rama1270,chib1249,2.6450673867769194,2.2937852646666386
ramo1244,aust1307,2.772671089912223,0.8679166703485919
rapa1244,aust1307,-3.63976577148119,9.110625734357969
rata1244,aust1307,-0.4479478882400793,1.11078893515878
raut1239,sino1245,5.597936587757353,3.6873217382621135
rawa1267,nucl1709,6.361661513989036,2.7691197203273674
reja1241,aust1307,1.0946242281478509,0.9051144611331664
remb1250,aust1307,0.8187332486802856,0.6965365915532686
rend1243,afro1255,2.1763505824225917,1.210301534937173
reng1252,aust1305,3.275492690726165,1.4608541672964606
rere1240,aust1307,4.272483941034013,0.650821885467181
resi1247,araw1281,0.2963001893203985,1.073807065951783
reye1240,pano1259,-0.3224251060323797,1.0709473593201435
rian1263,kolo1268,5.071822635743876,5.2993648015164325
rikb1245,nucl1710,3.2670668042468205,3.308298580670879
rita1239,pama1250,0.902040843034614,1.3523480392088345
beka1241,aust1307,1.685369444445787,1.297702955498437
roma1326,indo1319,3.2184988118933906,2.4138591309183823
romb1245,aust1307,-3.567354309879082,1.337950477056097
ronn1241,afro1255,1.927251721207304,0.8111507621933214
rong1266,sino1245,3.807402590846188,1.4474300219583969
rong1264,sino1245,6.978237504544547,4.192725455919842
roto1249,nort2933,3.525399638465548,4.32567083262596
rotu1241,aust1307,1.162040743855009,1.6819958174226315
rovi1238,aust1307,-0.8566661043300487,0.5254375577910935
ruch1235,aust1305,2.281437805945306,1.3195448155097154
ruka1240,aust1307,-0.683611062071245,0.7225482017617395
ruma1248,aust1305,2.110404751241497,1.358149721477588
rung1258,maba1274,2.7479602766035005,4.185726363564527
rung1259,aust1307,-1.6626476930198453,0.7873993057176563
russ1264,mong1349,6.695939318906989,11.538665239435616
russ1263,indo1319,6.490497433605517,7.887142376234792
rutu1240,nakh1245,2.2317891062225503,1.4164743778948008
saaa1241,aust1307,2.9928080509892188,0.7226189780512868
saam1283,atla1278,3.814740724320832,1.6297162603245567
saar1237,aust1307,-1.7514248643537509,0.7293251682901598
saba1268,namb1299,3.4859468993340297,3.3052052164710237
sais1237,aust1307,0.1631095137925751,0.8340021336930619
yaku1245,turk1311,6.890533748976088,14.880726075134646
saki1247,aust1307,-1.6787428238240871,0.8024261723218871
tsis1238,atla1278,5.192898214117749,1.9090821346939464
salt1242,nucl1709,6.375083499095252,2.816157325331517
samb1311,atla1278,5.593104913802405,1.415304921208616
samb1305,atla1278,5.577320088849694,1.4100861061024546
samo1303,east2433,5.665853840770579,5.228409633494096
samo1305,aust1307,-2.871028293561,2.8118777836807
sana1295,afro1255,0.5735916990474568,1.827416404459456
sanb1241,otom1299,-3.2657836213897258,1.0528038642401327
sanb1242,chib1249,4.9223466263787525,2.9005280706434604
sand1273,sand1273,3.626895601735063,4.737953797035686
sand1278,huav1256,-1.487775386177541,2.919215897901182
sang1331,atla1278,4.160375204279411,2.568945383839676
sang1321,sino1245,4.202571406064898,1.553539610738909
sang1330,atla1278,4.49839199395888,2.084367566629112
sani1269,sino1245,5.530055784812312,2.444803791644489
sanm1301,otom1299,-2.0171037750085747,0.8927473976338263
sanm1289,quec1387,2.2503339594525973,2.6634122107368654
sanm1295,otom1299,-3.035122601564726,0.8332312765612073
sant1410,aust1305,2.588976666256191,1.849917942949972
sant1451,otom1299,-3.246075719068628,1.144047941727365
sant1436,otom1299,-3.067621330478793,0.9241041323910082
sanu1240,yano1268,2.750158195071405,3.784691866673029
sapo1253,aust1307,2.1433074392390563,0.8049362953534569
sapu1248,aust1305,3.440879290634332,1.463332113073136
sara1321,cent2225,4.736097627977808,3.297604712177403
sasa1249,aust1307,0.152650408399563,1.0180295774083987
sata1237,aust1307,2.177630606330464,1.7473134032546511
saur1249,drav1251,6.193992444865048,4.641709721013086
savo1255,savo1255,1.8276726653797977,3.030004197548408
saya1246,afro1255,2.0248683830136915,0.7084931439671891
seda1262,aust1305,3.29430723012056,1.486122869559722
seim1238,aust1307,3.285511668267525,1.7241361812486105
seke1241,aust1307,3.0149641576017463,0.7327168499911778
sekp1241,atla1278,4.057441235243029,1.95848620088276
sela1259,aust1307,1.7647181352649608,1.363584828699743
sela1260,aust1307,-0.2033662645032694,0.6727195318375578
sele1249,atla1278,4.063617312683043,1.9561014633677016
sele1250,nucl1709,6.17239447117384,2.8676057996939197
selk1253,ural1272,6.134413003921917,12.08023531921475
sema1266,aust1305,1.4034577336919694,0.926228886568552
sema1265,aust1305,1.1294775236456691,0.977328356473734
seme1247,aust1305,0.9263302383624824,1.0496436832170986
sene1264,iroq1247,-0.7409194544296862,1.2017933543168056
seng1281,aust1307,4.071117859452931,0.9804471329945555
nucl1632,sent1261,5.972644705436855,5.649338377576697
sout1528,indo1319,2.744558348668534,2.0739011220711348
seri1257,seri1257,1.0284188231056146,2.822210508250464
sgaw1245,sino1245,4.768602084203604,2.63267684968541
shab1252,shab1252,3.766646874927586,4.502407197618211
sham1280,atla1278,4.588519242559542,1.979986288046362
shan1283,pano1259,2.3621968413883128,1.1539302849265312
shaw1249,algi1248,-2.013918297314329,2.5894598037484826
shee1238,hmon1336,3.140389689141817,4.03764477881964
shek1245,dizo1235,3.883187486759452,4.278008149484776
biao1253,taik1256,3.677503905704786,4.46831376889557
shil1265,nilo1247,1.0121397927781932,1.3685707186481435
ship1254,pano1259,2.31113032456234,1.2580209677799417
shix1238,sino1245,5.286692909954965,2.5350295019002687
shol1240,drav1251,5.1038990227247805,4.519631062999423
shon1251,atla1278,3.890951248069151,2.4596894768082365
shor1247,turk1311,7.253293128738784,11.575037590661992
shos1248,utoa1244,1.3846332948064206,1.6280651281787757
shua1257,jiva1245,2.1331751708986,2.9255613540219088
shwe1236,aust1305,2.1243124479436912,1.346389989928113
siam1242,siam1242,2.929998925111759,4.531486759213834
siar1238,aust1307,2.687117316751799,0.902356151473839
siaw1243,amto1249,6.009448106288042,5.449623281290769
sich1238,sino1245,6.78715857824478,2.711263257246131
sici1248,indo1319,2.6554642511683224,2.1416409674235557
sici1249,atla1278,5.140007543806084,1.9112039827537897
sida1246,afro1255,3.1835637136643324,1.2642936747427598
sier1250,otom1299,-2.852111443221918,0.8743311301308268
sier1248,utoa1244,-0.1956519817547319,0.9166147431609204
sika1261,aust1307,1.292653674080658,0.9929051392433051
siks1238,algi1248,-0.7166731074614137,1.9139297780145483
simb1256,aust1307,-0.5063070955806199,0.5965738831016552
sina1266,aust1307,2.4105626540033964,0.9461339826407597
sini1242,mand1469,2.7923999000031263,2.727526409576953
sioo1240,aust1307,3.845108883565304,0.9519297858111032
siri1274,tuca1253,2.194098913561982,1.3369593006132874
siro1249,nucl1709,6.46866892066692,2.793785215432493
sile1255,nucl1709,5.312455027780782,2.867469826859775
sisi1250,aust1307,0.5365436804660892,0.6347243245501204
situ1238,sino1245,5.488543859294524,3.438458365426825
siwa1245,sout2948,3.225927299775873,3.445206048067462
siwi1239,afro1255,-0.1404733322403006,1.5918662147307572
siwu1238,atla1278,4.181976757299804,1.9615809926618653
siyi1240,sino1245,3.23267746849486,1.540515887196321
skol1241,ural1272,5.251058266106583,8.34937840919686
slov1268,indo1319,3.274348589259287,2.471007037771088
sobe1238,aust1307,4.22375788933873,1.8971437122691557
soch1239,otom1299,-2.6899575631503683,0.8926970252072977
soga1242,atla1278,3.906057831334295,1.693856064782068
soma1255,afro1255,2.72818893694978,2.438645196615468
soni1259,mand1469,2.33989573946111,2.600721652104085
sons1242,aust1307,0.392351724509496,1.3570222720830003
sora1254,aust1305,3.871612402184615,1.962960824142442
mani1235,east1459,5.397609108740047,5.465802841864985
koon1244,atla1278,5.321339095159372,3.1959484838742758
sout2859,aust1307,2.896223980523452,0.6900543137690107
sout2976,utoa1244,0.1936070116977402,1.0202567598848304
sout2856,aust1307,3.3963520004898538,0.7765425726299355
sout2954,japo1237,4.033277475113868,4.583600371749625
sout2996,ayma1253,0.5106043023310196,1.7224034682603957
sout2730,sino1245,6.375345713981735,2.0895678347535096
raro1241,aust1307,-3.745394789084031,5.892946156844701
sout2741,taik1256,4.775163435981018,4.764220203018894
sout2715,sino1245,5.504482119946179,2.786852665842389
sout3236,gumu1250,3.990876964162693,4.405010868815282
sout2956,haid1248,2.540272504943632,2.843136950573779
kach1280,sino1245,4.593713322609609,1.8083185465648768
sout2949,kiwa1251,3.8833893190490953,4.743244854241993
sout2994,namb1299,1.9703833624045584,3.1470734533292983
sout2649,indo1319,3.92232869959474,4.96429971472088
sout2729,sino1245,6.663809261978509,2.4542510311933654
sout2728,sino1245,5.499931419482955,3.516543925450719
sout2918,aust1307,-1.9480577642725936,1.0042885277836715
sout2985,miwo1274,-1.2726087952514131,1.9650811999420057
sout2807,atla1278,3.8133643994676096,3.85959210516576
khan1277,sino1245,5.486505872150849,1.5133780903297662
sout2797,atla1278,5.253656380168826,1.840000500360503
sout2679,ural1272,6.1245205144986645,5.834470151210738
sout2895,aust1307,3.426758895307751,1.3471046606839536
sout2674,ural1272,4.257874815352356,6.630639532320458
sout2959,atha1245,4.258734543118537,5.252818889281031
para1301,aust1305,1.9643688141299556,1.2708768127772316
sout3261,nakh1245,3.3584791637905465,1.5000093287468133
sout2869,aust1307,0.7478452014438308,0.5985401563012545
stan1318,afro1255,-1.1716108509804388,1.610320734610596
indo1316,aust1307,0.3751005979625201,1.4369836399287976
stan1306,aust1307,1.2491232337292293,1.0534194987517085
horp1239,sino1245,5.459755007898199,3.2435972312800203
suab1238,sout3418,5.250312250033945,5.50781299992471
suba1238,atla1278,4.040945713256498,1.5855158532243363
sude1239,aust1307,1.8561535728650915,1.23704798276313
suen1241,nucl1709,5.87558971151285,2.968296285221925
suku1272,afro1255,0.8278661420319136,0.4167081319868941
sulk1246,sulk1246,4.365052510627489,4.738333767522121
sumi1235,sino1245,5.591214415349791,1.558077199296406
mari1426,aust1307,4.298217980623827,0.8894066888903183
sunw1242,sino1245,5.38582798380418,2.453888560437946
supy1237,atla1278,5.022212463673002,2.0091121938813785
surg1248,ural1272,5.9987018340573925,11.727318853016271
surs1246,aust1307,2.720542358386368,0.9090565863849918
swah1253,atla1278,4.49144513557702,2.206798464330504
swed1254,indo1319,5.56690977591329,4.935979672785976
taba1263,nort2923,3.831564288060156,3.5521131275493474
tabo1241,tabo1241,5.398155923815347,5.152413014304045
taga1272,aust1307,-2.350286192481359,0.9273922900913476
taga1273,aust1307,-0.9147509515357012,0.6823189255473352
taga1270,aust1307,-3.3737720716855217,1.271028402899475
tagi1241,sino1245,6.068891034680691,1.9760425841922429
tago1246,rash1249,2.516775013187296,3.890488913983788
tagw1240,atla1278,4.1042395341318,2.090049796821475
taha1241,afro1255,-1.8385240266752656,2.0685953039091345
tahi1242,aust1307,-4.138820470579642,6.948758766416859
taia1239,taia1239,6.126516003604623,5.239262731789978
tain1253,anga1289,5.281454597233717,4.387701548089439
taji1246,aust1307,-0.1269969883619341,0.7480515229980114
taki1248,aust1307,2.957220390789744,1.0983003686376378
taku1257,aust1307,1.427674914840893,1.0229794795526317
tali1259,aust1307,0.0366695612672427,0.5609816224693986
tama1331,tama1329,3.6732443265133714,4.809400313682275
malo1243,aust1307,2.914457079341315,0.7089042087286401
tama1365,afro1255,-0.6074374236128572,1.2857754221664663
tamb1254,aust1307,-1.5950679859639076,0.6466025442473438
tami1289,drav1251,3.494455788914689,4.57278279516018
tane1237,aust1307,3.639360993468257,1.1684739227541885
tang1377,sino1245,6.304262047996117,2.301911324866268
tang1373,sino1245,5.613158502875315,4.697721946102632
lowe1412,aust1307,-2.915518503538507,0.8618327217415924
tara1313,sino1245,5.0455109360578,1.4966685099385302
tari1256,araw1281,-0.3161331499557671,0.8845940546644897
tata1258,otom1299,-3.2131835658834684,0.9806502757125202
tata1257,aust1307,-1.064755273243999,0.6639793869311177
tata1255,turk1311,6.270224460140151,8.549728713386287
taul1251,taul1250,4.358090547754639,4.707167821514389
taus1253,taus1253,-0.4425878585994058,2.316098771940432
taus1251,aust1307,-2.0266737460107502,0.9268244934283416
tauy1241,nucl1709,6.480926861796791,2.784267177395492
tawa1275,aust1307,2.1352406186295707,0.8325731894620532
tawa1286,afro1255,0.1554380361978449,1.3596528961205363
diga1241,sino1245,6.355740287949773,2.289179976820293
taya1257,afro1255,-1.4208895070833305,1.614254028424014
tbol1240,aust1307,-2.0997310318672078,0.9648764485702088
tean1237,aust1307,3.6108234986504986,1.1590267371160934
teda1241,saha1256,2.559007826181672,3.577094523147452
tedi1235,sino1245,3.3891951965904146,1.587972912731587
tehu1242,chon1288,-1.1377495888749922,3.411754379134436
tekt1235,maya1287,-2.7121065498290124,1.0534489393944142
tele1256,nucl1709,6.684955824213992,3.3414005713869277
telu1262,drav1251,5.741113510111605,4.670394654746971
temi1246,aust1305,1.6757336800209264,0.9282238011780066
temo1245,otom1299,-0.3446917338956079,0.8543045048993179
temp1235,aust1307,-1.6952856340266744,0.7054116244429167
teng1272,aust1307,0.5926010589422805,1.0750964827186635
tene1248,dogo1299,2.978425435123315,2.832911496473514
tenn1246,surm1244,-0.6134072518284834,1.370615868701904
teop1238,aust1307,2.065878080008528,0.7841702232419152
tera1251,afro1255,1.6489617616893373,0.6960856603627121
tere1278,sout2948,3.1693292045871435,3.4417221717884843
tere1279,araw1281,-1.0802620357652477,1.550739553291038
teri1250,chib1249,4.395870558823519,2.400765924496256
term1237,aust1307,1.1664053113316766,0.987683740128432
tern1247,nort2923,3.939048623047372,3.544475917086203
tete1251,utoa1244,0.9664505730617284,0.9987496087446884
tezo1238,otom1299,-2.618262779100497,0.8409128223873097
thad1238,sino1245,4.830134853953821,1.5187090266573762
thai1261,taik1256,4.961139702044392,4.878218684026166
thak1245,sino1245,5.592826046274041,3.141058171650286
than1259,sino1245,5.505948346602473,2.782521625048716
thao1240,aust1307,-1.585919263574762,0.756234297944971
thar1283,atla1278,4.52160371354659,1.7414717199837213
aheu1239,aust1305,3.4925755342195512,1.6319351967173077
thay1249,pama1250,1.8224246129715969,1.2442818211988254
thul1246,sino1245,5.240079887521642,2.3213061787744493
tibe1272,sino1245,6.363854990974376,2.2970443935930263
ticu1245,ticu1244,1.6435202923772612,3.0870503363327657
tido1248,nort2923,4.337515340414507,3.615994113858619
tief1242,atla1278,5.313525229627468,1.837549159575204
tief1244,atla1278,5.293312456790892,1.8313289127473096
tien1242,atla1278,5.610575595130866,2.8470291855476404
tiga1245,aust1307,2.788210252892932,1.0127754004979437
tigo1236,atla1278,5.6150674918942105,1.3655025336693996
tika1246,atla1278,5.553657413283689,1.4726573009247232
tiko1237,aust1307,2.6466983376168227,1.307577186771837
tilu1238,sino1245,5.363248626196469,2.387062979258161
timn1235,atla1278,4.588661655185122,2.1290189948705205
timu1262,aust1307,-1.117639169710475,0.6324024535004469
maee1241,aust1307,4.27340216897869,0.6796435703679435
tiri1258,aust1307,-1.088662703941988,0.6634617195322505
tiru1241,aust1307,-2.297725973332987,0.9256867506305042
tita1241,aust1307,4.515003483683445,1.488212119615767
tivv1240,atla1278,5.5530648376491545,1.3704624301572608
tiwi1244,tiwi1244,-0.3114508979448156,2.251267715068749
toab1237,aust1307,0.55729897615111,0.5401931429681213
toar1246,nucl1580,4.945535348302757,4.72679060187231
toba1268,leng1261,-1.2907192967803378,2.8500024645820474
tobe1252,nort2923,4.087987950633389,3.5678009273741225
toda1252,drav1251,5.032944817303571,4.525223992267229
toho1245,utoa1244,2.296659712271856,1.5415999293623628
tojo1241,maya1287,-2.505111586748814,1.0815548161610875
toke1240,aust1307,-2.7186785248429604,3.4928945628853114
toll1241,jica1245,0.7003894851099308,2.482222833066956
toma1245,mand1469,3.21212087536776,2.6845965921019967
tomm1242,dogo1299,2.897006794739754,2.818114883346041
tond1249,song1307,2.381473487432381,2.1219340458328877
tong1325,aust1307,-2.590875839296412,3.636986471470024
tong1318,atla1278,3.666056120718665,2.130280493064788
toor1238,atla1278,5.873835621036742,2.0294449729089763
tora1259,aust1307,1.6163712220007942,0.7323965610190442
tote1238,atla1278,3.1265484390134017,1.7973800746990207
toto1302,sino1245,4.905020957556108,2.10477516125421
touo1238,touo1238,2.398517535322222,3.494874511502175
trin1274,araw1281,0.4763077757707581,0.8580909213654166
trio1238,cari1283,2.20067616109877,1.9311258573242756
trum1247,trum1247,2.850770239181079,4.361563691404911
colo1256,barb1265,3.475479162602058,3.974494576602893
tsam1247,afro1255,2.869782179471612,1.140662082643786
tsat1238,aust1307,2.800571455929696,2.2103023347240764
dido1241,nakh1245,4.050928703275682,1.5119705234514953
tsha1245,sino1245,4.645197290229152,1.8755488735890395
tsix1234,khoe1240,1.6870085891248667,2.17244472467074
tsog1243,atla1278,3.8974713300031394,2.718141047780037
tson1249,atla1278,3.780603007354693,3.14938202961622
tsou1248,aust1307,-1.7370316317285552,0.7130220200939732
tswa1255,atla1278,3.756442783658159,3.1340908460874037
tswa1253,atla1278,3.8685691784447873,2.482690454198149
tuba1278,utoa1244,1.5980878551117397,1.4859559019077722
tuge1241,nilo1247,-0.2348358353689756,0.8509710025582677
tugu1245,aust1307,2.0357634588045426,0.9891767565552384
tuka1248,aust1307,0.178156818993195,0.8223881807663815
tuki1240,atla1278,4.1304524893376815,1.5129581875542044
tula1252,atla1278,4.1188111080091865,1.332876767774536
nene1249,ural1272,7.412674288625277,12.661202880905677
tung1290,aust1307,2.8906205353149343,1.1343737127901932
tunn1238,afro1255,1.4305333122916477,1.946654436330064
turk1303,turk1311,3.5714678995150866,4.593308382591772
nucl1301,turk1311,3.3912722298830484,4.799283665380088
turk1304,turk1311,4.9340987493635975,6.624150366943638
tusc1257,iroq1247,-0.0444692982002083,1.3276094034995083
tutu1241,aust1307,2.952560422149333,0.7051790897378254
tuva1244,aust1307,0.1560603325261955,1.9480248358879209
tuvi1240,turk1311,7.238861312219123,11.565699936665569
tuwa1243,aust1307,-3.051314340790238,0.8347138744471465
tuwu1238,atla1278,4.188046513242654,1.9522780663435668
uuuu1243,aust1305,2.9837245562120143,1.4644957359088977
ubir1237,aust1307,3.8271949757477817,0.8424099990322134
udii1243,nakh1245,2.168357133502984,1.522520897161172
udih1248,tung1282,4.389158771843345,9.554145760980871
uduk1239,koma1264,1.699778453055773,1.844750207527284
ughe1237,aust1307,-0.8946774830937723,0.5608458809925168
ugon1239,sino1245,5.168276530961659,2.939750135280775
ukra1253,indo1319,3.753334673927722,4.032520491635964
ulch1241,tung1282,6.164860232613323,11.183842741580136
ulit1238,aust1307,0.4945878888803787,1.3283734246176664
ulwa1239,misu1242,2.5623916459910685,3.3860800753330125
yaul1241,kera1258,6.001897586168349,5.165232600144179
umaa1242,aust1307,-0.1597832197149702,0.7841794940795523
uman1240,daga1274,4.027973277338568,4.452289828839071
umbu1257,atla1278,3.2243138519227554,3.232874885972322
umbu1258,nucl1709,5.1680743068124855,2.946840142297333
umes1235,ural1272,4.709584919188526,6.667304251990359
unaa1239,nucl1709,6.640939791714443,3.575800198214651
unea1237,aust1307,2.898796513553638,1.001100568624281
unua1237,aust1307,2.884659643432549,0.6477732136022212
uppe1427,aust1307,-1.69378290400639,0.6823989239698562
uppe1275,toto1251,-1.8988869258565049,1.8129934238648104
urak1238,aust1307,1.708063488572272,1.528519945141369
urar1246,urar1246,1.7715246645780032,3.126888880643804
urav1235,aust1307,1.3351691951834153,0.7299164747151963
urim1252,nucl1708,4.767819235700255,4.943663303687856
urip1239,aust1307,4.31126961377513,0.6749086344322563
urni1239,giim1238,2.588773745962337,3.6813833190222023
usan1239,nucl1709,6.668477088930695,2.885523192488904
utes1238,utoa1244,3.179175319858322,2.248365511605812
pile1238,aust1307,1.8179434264662475,1.124919467675923
veps1250,ural1272,4.994095547903466,6.861189351165933
vera1241,aust1307,2.8645140296585585,0.9645965576460044
viem1243,atla1278,3.8769093981015854,1.819014344697564
voti1245,ural1272,4.937263625109786,6.033773417829337
vunj1238,atla1278,4.474313853441853,1.8082559309631565
vure1239,aust1307,2.870799588529693,0.9635515774572808
vwan1235,atla1278,4.487649677748635,2.117139104712521
wadj1254,wadj1254,-0.2674933990955632,2.204694029604127
waga1260,pama1250,-0.0378144081574265,1.1781709825287692
wage1238,wage1238,1.679115049032021,2.9399168087845737
waig1244,aust1307,3.128142443361975,1.5803052065210323
waim1251,aust1307,3.604481145375649,1.0372281685566804
waim1252,aust1307,1.918846343376988,0.9302610449499724
waim1253,cari1283,3.5213340303354546,2.31826976737878
waiw1244,cari1283,2.26686021588888,1.8361330352928744
waja1259,atla1278,4.0503815758362585,1.3273725962891805
wala1266,aust1307,0.6019596810117709,0.502461093711446
wamb1258,mirn1241,-1.772472196132028,2.1607250871881263
wamb1259,nucl1709,6.519649583280541,3.518870493325494
wamb1257,sino1245,5.359680403928085,2.379600745557312
wann1242,mand1469,4.9140276508494,2.841705103032865
wand1278,afro1255,1.1833390823299703,0.4715196865512894
wand1267,aust1307,3.864757784535845,1.6676568326535772
wanm1242,pama1250,-0.1653304567330447,1.3385424841411293
saka1289,aust1307,2.9079879388789256,0.8083780796731759
waor1240,waor1240,3.2329416120109595,4.470554463509131
wapi1253,araw1281,1.1679127814444112,1.53072722605269
wara1303,wara1303,2.660148509748838,4.577419806114307
wara1300,aust1307,-3.363725487090931,1.4773773614012669
ward1246,yang1287,1.568667958372402,2.929761824360554
ware1255,araw1281,0.2849190758528803,0.8734135831256253
ware1253,aust1307,4.114024098289137,1.8780397791325072
wari1268,chap1271,-0.561464265529295,2.3583954232161237
warj1242,aust1305,1.6052430819420604,1.346024535182238
warl1254,pama1250,0.9138899891354204,1.3519907389646164
warl1256,pama1250,0.7978997010121884,1.3775153155455797
waro1242,aust1307,4.15033407296796,1.79994863971271
waru1265,pama1250,0.7618551792215702,1.2547172010486918
wask1241,nucl1709,5.312330106126499,2.9455940501944724
waur1244,araw1281,0.5209298978417505,1.3801016787346612
wawa1246,atla1278,5.586490400419619,1.4693140352800356
waya1269,cari1283,2.229220556893442,2.083589981442543
wayu1241,sino1245,5.407951330915772,2.449214227106154
wayu1243,araw1281,-0.4289090696776685,1.7015238866919873
weda1241,aust1307,2.301400774963448,0.7941375133379012
wels1247,indo1319,-0.2348670813378777,1.4006874403085874
weri1253,kuni1270,5.01201252116959,4.44162041931834
west2560,aust1307,-1.5228283597676395,0.6765213433060921
west2548,aust1307,2.1210169339557585,1.2001722144349287
west2615,atha1245,3.562047904944544,3.505991159872835
west2441,pama1250,2.5950382785605743,1.7443793492713269
west2397,aust1305,3.612439038149596,1.6135797487437742
west2555,aust1307,-2.55227086239212,0.94007659008777
west2650,aust1307,4.798610040450926,2.18990756144612
west2594,nucl1709,6.537712861956988,3.775560865743472
west2369,indo1319,2.2444828074611505,2.9346270034318
west2519,aust1307,0.0847271724317377,1.357839788784858
west2354,indo1319,4.086324020442257,3.0088284513095687
west2644,otom1299,-3.253251923021913,0.9726852779403146
west2466,atla1278,3.9238586877399766,1.84383312458138
west2396,aust1305,4.046201550018472,1.4904621243240117
west2418,sino1245,5.476149321755983,3.096406995255592
west2392,ural1272,6.484580574027673,7.125791843920126
west2763,afro1255,-1.1088155460832885,1.254125849382035
west2557,aust1307,-2.832724652907984,1.1359851559965648
west2415,sino1245,5.5180153396387865,2.733875780042638
sanj1284,otom1299,-3.0033039058750077,0.8893453936838682
west2430,hmon1336,6.138795873099459,5.112588703272024
west2599,nucl1709,5.118454384777824,2.9973127804841084
west2600,nort2923,4.144049138012091,3.5623133100169757
saka1291,aust1307,-1.8298336774775372,2.324765570296435
west2516,aust1307,-0.8771726584005779,0.6616305173238857
whit1269,aust1307,2.166176598437568,0.6173712675117571
wikm1247,pama1250,1.028635556979307,1.1517415738364605
wiru1244,wiru1244,5.652547623850134,5.074276776761536
babi1235,atha1245,1.819810004758882,2.5107337657793067
woii1237,aust1307,3.967783781070457,1.7645064242852868
wola1253,afro1255,1.7607496717727895,1.18769598494886
wola1242,gong1255,5.08309631666234,3.281712945824495
wole1240,aust1307,1.819520113137401,1.7231033359898331
woli1241,aust1307,0.084984888672658,0.701970188619697
nucl1347,atla1278,3.901686181360594,2.1780961925738893
wotu1240,aust1307,0.2058421258639851,0.7989676029451118
woun1238,choc1280,3.463539571674102,3.992525512718743
wuch1236,sino1245,3.4170196169510736,3.6173587881205833
wudi1238,sino1245,5.360268496809376,2.372022415289706
wusa1235,sino1245,5.145596676290946,2.383430624347312
wutu1241,sino1245,5.634334754203749,4.437026979476897
wuvu1239,aust1307,3.2862855971852345,1.7131256234657286
xamt1239,afro1255,2.631477327602939,1.267382757648221
xara1244,aust1307,-0.9929456962711708,0.6458664587989205
xava1240,nucl1710,4.124054867774108,3.170039451384085
xhos1239,atla1278,3.7098313869462456,4.581156333222765
xish1235,sino1245,5.0765001096629945,2.0790468301355247
xokl1240,nucl1710,2.2334784472450413,3.755038253155419
yaak1241,afro1255,0.5312753050721395,1.06349201303496
yabe1254,aust1307,3.6626206480554,0.9430350746187202
yaey1239,japo1237,2.897635406963881,3.0375441786592887
yaga1260,nucl1709,4.904984384841338,2.778697618840738
yagu1244,peba1241,-0.621331650486002,2.3532256033451944
yaka1272,atla1278,5.897580115196094,2.2214233523478697
yaka1277,aust1307,-2.548122083779432,1.086157853249702
yaka1269,atla1278,5.451799054418659,3.144588871038067
yakk1236,sino1245,5.107095823262515,2.2684945420781446
yako1252,atla1278,6.232816221882798,2.526608193830455
yale1246,yale1246,6.0213578787689865,5.447528439356802
yama1264,yama1264,2.2000385959352844,5.59559211952454
yami1254,aust1307,-2.3953589631442287,0.8980195346652238
yami1256,pano1259,2.438677102438186,1.1287948248365467
yamp1242,sino1245,5.309135905646883,2.3842871933238428
yane1238,araw1281,-1.107473624989772,1.0388934330233326
yank1247,pama1250,2.7065167970601376,2.070552683659102
yano1261,yano1268,2.9433586620867107,3.682832170910558
yaoo1241,atla1278,4.2122764056764765,2.548407577841843
yaou1238,mand1469,4.95756583979235,3.072349169958557
yape1248,aust1307,-0.2305641953416564,1.3174611930566584
yaqu1251,utoa1244,1.5247559681381984,1.3298525311886635
yare1248,yare1250,4.02218204584895,4.571204641969416
yatz1235,otom1299,-2.9142944772789856,0.929688023321546
yaum1237,nucl1709,4.741382376337345,2.801599360085703
nucl1454,yawa1259,5.637906399879791,5.682379009037319
yawa1260,pano1259,2.4948002655617127,1.1664317400075106
yawu1244,nyul1248,0.5942315326901171,1.7523320468211097
yecu1235,toto1251,-2.264915202860408,1.9302511071225863
yele1255,yele1255,0.5516810985884621,2.429042404495135
yems1235,gong1255,3.653639324653896,3.2245149739756727
yapu1240,nucl1708,6.156573977133357,4.976370945614619
yess1239,sepi1257,6.222854108534003,4.535757953359337
yeyi1239,atla1278,3.1120759723769607,1.7877643158079763
yidi1250,pama1250,2.7191755218439244,1.84520589906424
yima1243,lowe1423,4.634008414726278,5.047789558027631
yinc1238,aust1305,2.443230881813261,1.4599143270096704
yind1247,pama1250,-0.3920220900458093,1.0309217320585873
yine1238,araw1281,-0.4549778411184877,0.8820172520708525
yoga1237,aust1307,-3.2055950130496487,0.916800135580317
yona1241,japo1237,2.922374418382775,2.9456666389481825
yong1276,taik1256,4.973054189248366,4.591547906390204
yong1280,nucl1709,6.390697624661572,3.422053395031469
yora1241,pano1259,1.9345588038504271,1.15244232519197
youl1235,sino1245,5.268704885295684,1.994780796675613
youn1235,hmon1336,4.582953430879179,4.480791235068523
yuca1254,maya1287,-1.6046626795908838,1.6937998401242282
yuch1247,yuch1247,1.2767281785730096,3.1223434174802662
yuec1235,sino1245,4.073207378218935,2.9964714608974816
yukp1241,cari1283,2.519871769850278,2.527360687533559
yulp1239,pama1250,0.7136094295948969,1.3120402135375144
yulu1243,cent2225,4.929776535571174,3.583077011899377
yuqu1240,tupi1275,1.412089913765536,1.3884294901137082
yura1255,yura1255,-1.0207713711638244,2.54849654225734
gami1243,pama1250,1.2695464840372002,1.6115736641093577
zaba1237,aust1307,-0.6152235875518346,0.5970717442635163
zaca1242,otom1299,-3.2977362509601598,1.0132317105806976
zaca1241,utoa1244,1.1794945549848888,0.8742680494680144
zaiw1241,sino1245,4.606077627273812,1.79083257530516
zakh1243,sino1245,4.937344462379084,2.205647216588161
zamb1245,atla1278,6.027600020022279,2.382956863790895
zand1248,atla1278,6.241220513565677,2.3928960489261897
zani1235,otom1299,-3.2028541143222102,0.8863270353933501
zapa1253,zapa1251,2.3360495925198888,2.990702895899986
zarm1239,song1307,2.4950677936139845,2.7374844295559626
zays1235,gong1255,4.994270989076133,3.2374635483804752
zeme1240,sino1245,3.8794674560097104,1.455455176986746
zenz1235,otom1299,-3.173974004649771,0.9176015626922976
zhab1238,sino1245,5.448877648341764,3.1209002077232384
nort2795,atla1278,3.830675972358709,2.3053140549276208
zinz1238,atla1278,4.3204465558325005,1.9349294555873089
zoog1238,otom1299,-2.920873042226567,0.917462573130578
zulg1242,afro1255,1.3256606545119514,0.4371865092903135
zulu1248,atla1278,5.047558822434594,4.169324823518238
zuni1245,zuni1245,2.336156606559745,4.054435794703707
