Glottocode,Family_ID,GPGLMM_Latent_Mean,GPGLMM_Latent_Variance
abad1241,aust1307,3.175429109630931,1.2772037301455867
abee1242,atla1278,2.891781017777068,2.1005200242521767
abkh1244,abkh1242,-6.73599478312379,10.329607183508074
abua1245,nucl1708,2.468603265754717,1.7648302251710677
abun1252,abun1252,3.056005477740571,3.2801645772488683
achi1257,aust1307,-2.376037331105629,2.527564042744899
acha1250,araw1281,-1.8224197222765093,2.3566633534051107
ache1245,narr1279,3.6452269038195406,3.054357788480388
achi1256,maya1287,-3.932850361338661,2.911819739319469
achu1248,jiva1245,-4.454224668363692,2.9266177310310866
acol1236,nilo1247,3.9926321031463856,2.928460444284425
adan1251,timo1261,3.267850781937408,3.0936576196931185
adon1237,aust1307,2.1128120141440347,1.1409548657048845
adze1240,aust1307,2.290273174694528,0.8064944865599273
afad1236,afro1255,1.5322206051363287,1.2535340739727872
afar1241,afro1255,-3.0518620010502078,3.0379553042439937
aghe1239,atla1278,3.4194679566523667,0.8733346879790957
aghu1255,nucl1709,2.5973172425758224,1.5419674815092037
agob1244,paho1240,-1.5811944962109077,1.8681019168643047
agua1253,jiva1245,-2.463731419146099,2.9736258186755435
agut1237,aust1307,-5.637284618442395,3.340312087230288
aika1237,aika1237,-2.2578228681052037,2.720950228236063
aime1238,bosa1245,2.6164664680839542,2.450776901704785
musa1266,nucl1709,2.2817294384685165,0.6905651872314422
ayiw1239,aust1307,2.4281261012078867,1.319693671593157
ajab1235,atla1278,3.647075458910821,2.208112457080162
ajas1235,kres1240,-0.7070093886401296,1.643789246015686
ajie1238,aust1307,-1.416901437338813,1.0822049629048536
ajyi1238,araw1281,-3.684382705484355,2.8099714884579043
west2635,maya1287,-4.576509349020691,2.723593745503962
akei1237,aust1307,3.3071881003182315,1.067582370480821
akha1245,sino1245,2.431321506967833,0.8839917449314783
akoo1248,atla1278,1.564574723132226,0.793740201738018
akun1241,tupi1275,-0.9747925334056284,1.716899309037302
alab1254,afro1255,-2.530025109633043,1.3889217027733023
alab1237,musk1252,1.2721288100576813,2.878289553957643
alac1244,otom1299,-3.64015925268854,2.318385432898168
alag1248,afro1255,3.546476395007632,2.987930005186797
aleu1260,eski1264,-2.4056292370844035,8.828706318832815
alor1247,aust1307,2.49433134289268,1.36062595770008
aluk1238,drav1251,-2.6059771227825963,1.4804399213883244
alya1239,pama1250,1.124766497285646,2.0223104710958357
amah1246,pano1259,1.6076390014852264,1.3896655630762922
amam1246,kuni1270,3.793921085815416,2.414220064452067
amap1240,left1242,1.265685094509839,1.8254418641841847
amar1272,aust1307,2.575725524451044,0.9191024809707926
amar1274,hara1260,-2.651014486939508,3.427157913350726
amas1236,nyim1244,3.2104581269467185,3.528844246477277
amdo1237,sino1245,0.6451267933326768,1.6184781338621406
amii1238,west2434,1.6715527995774937,1.5610086557366287
amis1246,aust1307,-5.58233587727786,3.61210190681345
hoaa1235,kxaa1236,2.239900600193287,3.4380476493449663
amri1238,sino1245,2.384645134430414,0.975774851417114
gily1242,nivk1234,-4.542587155039673,10.115903628522858
anei1239,aust1307,0.7777582727219419,1.0872106672881472
anfi1235,gong1255,-0.0115100737423632,1.2221206627018972
anga1290,anga1289,3.4549262871230773,2.4859169362208746
anga1288,sino1245,1.7978245143125142,0.7876344013981367
ango1257,chib1249,0.91657720807831,1.422330820975759
wara1294,more1255,-1.7464798588138728,1.6958510774317688
anta1255,aust1307,1.872559564958212,4.299107888399419
anua1242,nilo1247,3.597440154625452,2.547106081523381
anuf1239,atla1278,4.0201326676406826,2.328174853201745
anuu1241,sino1245,2.9123915981289907,1.2706121349722252
anut1237,aust1307,3.006529091216694,2.5092129152072857
aoua1234,taik1256,-2.8041234374323296,2.6789179811741803
apat1240,sino1245,3.573453838686853,1.0274845790273446
apma1240,aust1307,1.706547815517142,0.7561870222421732
apma1241,kera1258,2.879142706462616,1.6410952350316703
arak1252,aust1307,3.4084895016879195,0.9700181958229024
arao1248,pano1259,-0.2591390572051666,1.1762790259414118
arap1274,algi1248,-2.8212732741225026,3.407392713103903
arbo1245,afro1255,1.668117033570883,1.0812226409018706
arch1244,nakh1245,-6.618234664707595,9.047442693893714
aree1239,aust1307,2.377645760849297,0.9367412714820204
area1240,aust1307,-1.3492071668201748,0.77026058142593
argo1244,afro1255,-3.147843021779798,2.505553168294369
arhu1242,chib1249,-0.6602029817576551,1.0328991203252542
arig1246,atla1278,0.7875361692082321,1.3215912825672262
arom1237,indo1319,-6.847057908535648,9.51009793237614
arop1243,aust1307,2.348648776323805,0.9672366107911614
arop1242,aust1307,1.8659988827115208,1.0754736341252735
aros1241,aust1307,-0.640541703126456,0.8999377422610308
arta1239,aust1307,-5.812405983916381,3.475601243244199
ashe1272,araw1281,-3.9990263728658575,3.08695899924615
asoa1238,cent2225,4.207375926562241,2.541499868329097
assi1247,siou1252,2.1878809174911797,3.100673854337259
asur1254,aust1305,-4.439468525013876,3.3081596954950783
asut1235,atla1278,5.316058502921983,3.157702379265757
atam1240,aust1307,-1.4691817997939247,1.2898562428827771
atay1247,aust1307,-5.356513600592082,3.816882198074836
athp1241,sino1245,-2.299389937208688,0.8366265236585093
aton1241,sino1245,1.3636652055748448,0.9681194834291488
auuu1241,nucl1708,3.186037166812997,1.7222267053118117
aulu1238,aust1307,3.529057350347628,0.7226904343128098
auye1238,nucl1709,1.4736922346148762,1.347020914653541
avac1239,tupi1275,-1.5003270318842137,2.9614533684134585
avat1244,atla1278,3.717094459971724,2.0906291932396783
katb1237,aust1307,3.373689870818937,0.7575414987019826
avok1242,cent2225,3.813115175342373,1.7646699356404554
awac1239,barb1265,-2.998074514817175,3.165215520458716
awad1244,aust1307,2.203458899461967,0.8712822616963081
awad1243,indo1319,-3.712219626688997,2.648513534812324
awap1236,nucl1709,0.0128199683883685,0.7198105663842966
awar1249,ramu1234,2.4912968324630955,2.2748729267827343
awar1248,nucl1709,2.3416665786837654,0.7978950865135346
awet1244,tupi1275,-4.188858049735467,2.7037266324485643
awji1241,afro1255,-3.5377384187576504,5.916397718054569
awtu1239,sepi1257,0.0909131138373751,1.1504094309216129
axam1237,aust1307,3.374003164776871,0.7375410061582954
axiy1235,sino1245,2.766973712892669,1.378672184811606
ayac1239,quec1387,-3.3723775262379605,3.997722815019898
azha1235,sino1245,2.315731436560703,1.2473393074437098
baba1264,atla1278,2.650853723940292,0.8141037106234421
baba1266,atla1278,3.1979021144402373,0.8259698259651742
baba1268,aust1307,-1.2068278640555463,1.0602223422777683
bada1257,drav1251,-2.6936940246980314,1.5345590940492286
bafa1247,atla1278,1.2128292971057753,0.857454845971958
bafi1243,atla1278,3.5457903716210217,0.8995583807972451
bafu1246,atla1278,3.3056737760655905,0.8455004800434978
baga1273,atla1278,3.3684466236531363,2.118695765159984
baga1272,atla1278,3.4012090737891376,2.133185430038409
bagi1246,cent2225,4.5260116724294885,2.1069108349995678
bagv1239,nakh1245,-6.611698054034305,8.995052121223324
bahn1262,aust1305,-1.5594057508636063,1.1548700520142745
baim1244,sino1245,2.558677186621894,1.9489680144887127
baka1272,atla1278,1.9275304322920035,1.924762338451842
baka1274,cent2225,1.893601447090997,1.7413178229651294
baki1244,aust1307,3.5218685637025566,0.7393391896662109
bala1316,aust1307,-3.030998237349595,1.5022946034783615
bala1311,aust1307,-2.6028359635655822,2.062900159368425
bala1315,aust1307,-0.9810331408790156,1.5214260897501504
bali1278,aust1307,-2.5950880928951947,2.913350006834591
liki1240,atla1278,5.47370882065414,2.745216412997124
bamb1270,aust1307,-0.1884539493177528,1.3528418144430958
bamb1269,mand1469,2.189122511347063,2.41492485867343
bamb1262,maoo1243,-0.0125757299881397,1.3492717427234595
bamu1253,atla1278,0.6432142512238257,0.7853726857228054
bamw1238,atla1278,5.4317696913240905,2.635253983138881
band1344,atla1278,2.820354972742732,2.135693307787335
bang1363,bang1363,2.487433082592927,3.016651598192624
bang1369,sino1245,3.594303462781157,1.2654000170266215
bank1256,atla1278,3.301464259559404,0.9423654953266264
bant1281,sino1245,-2.37034456355964,0.7518326692297137
bant1288,aust1307,-5.189878993799544,3.0974208070841627
bara1357,sino1245,-1.3103020337828153,0.7692795303724722
nucl1630,koia1260,4.227194900800123,2.348011609322868
bare1279,afro1255,-0.2962899615858618,1.3917254204864378
bara1369,aust1307,1.8100668490821048,3.973572598144969
bara1361,atla1278,3.1145356539039315,2.091559012158527
bara1370,aust1307,-3.897662894692699,3.106013581021628
bara1380,tuca1253,-4.159463264111283,2.128765056362866
bare1276,araw1281,-2.6659878966874424,2.667095486254297
barg1252,nucl1709,2.279641010938892,0.8657791763716602
bari1286,aust1307,2.542553758014113,0.9307933624299808
baro1253,aust1307,-0.7974668193712646,0.7491004328963697
basa1282,atla1278,3.671760460571553,1.55629684473125
bash1264,turk1311,-6.4852706768226565,15.23984820315532
basq1248,basq1248,-3.629133696540871,9.849250024916245
bata1289,aust1307,-3.0831154924695583,2.871932217247206
bata1285,atla1278,0.3035264234772916,1.112353146567017
bats1242,nakh1245,-6.599077773332887,8.964760029188966
baur1253,araw1281,-4.482892701774913,2.77806929221127
bawm1236,sino1245,3.1820799559161297,1.162408929647654
bayb1234,aust1307,-3.88349940611899,2.600555400440072
bebe1248,atla1278,3.823098276283774,1.5213993762250482
beja1238,afro1255,-2.9325246948602257,2.9090998746488737
bekw1241,atla1278,3.82783117037208,1.182737685159566
bela1256,nilo1247,2.6205926569179883,2.7878902583643708
bela1254,indo1319,-7.784135537064143,14.031772373763374
belh1239,sino1245,-2.2945163598249487,0.7922540265451801
beli1257,cent2225,3.9599985122611367,2.237599090209045
bell1243,sali1255,-2.7285190436340927,3.582458105103129
belu1239,atla1278,4.255388433073449,2.08824692683082
bemb1257,atla1278,4.523852725686767,3.929167651358583
benc1235,gong1255,-1.0589656924536546,1.0212102993376106
beng1282,atla1278,0.2591960573731398,1.171966108994539
bent1238,dogo1299,2.727548471707129,2.220924212611933
zagh1240,saha1256,1.6019757003037731,3.061636095767895
bert1248,bert1248,2.1258032962146607,2.459689715572182
bezh1248,nakh1245,-6.594604028635505,8.904414587570287
bhoj1244,indo1319,-4.127235869134129,2.669440072741778
biaf1240,atla1278,3.186158989277709,2.050888859239123
bian1252,kuni1270,3.679364572925994,2.325012306594502
biao1254,hmon1336,-5.3342318867636696,3.728197619649251
biao1256,hmon1336,-3.7787947222572353,4.092748879950378
bier1244,aust1307,1.5057115665157998,0.7063360848315199
bign1238,aust1307,3.39821684063245,0.8195962526826861
biha1246,aust1307,-1.85852701656048,1.3654783574987448
bila1255,atla1278,4.335730189552281,2.17099164398293
bilb1241,aust1307,2.1711866582004897,0.8120443008386786
bili1260,afro1255,-1.1959132048240684,1.9777023963777085
bimi1240,nucl1709,2.082034430602893,1.019403951980209
bina1277,nucl1709,3.391637721206913,1.4310985064943935
bini1246,atla1278,2.789375962350538,1.5652188650255852
gunw1252,gunw1250,-2.390483492709912,2.264229192715064
bisu1244,sino1245,0.306887131532958,1.0251080052223784
bitt1240,aust1305,0.3107879168651588,0.7840272539170883
biwa1243,yuat1252,0.7691039947414757,1.675380339325244
blab1237,aust1307,-1.649935509880294,0.9881492795393854
bang1354,atla1278,4.817909452871346,3.237621031357463
bodo1272,atla1278,4.756357913043066,2.288750951631528
bodo1267,aust1305,-4.392020767827537,3.4942905818449788
bodo1269,sino1245,1.0569474611722138,0.9301583722812836
boka1249,sino1245,3.362544659939887,1.2626224206243537
bola1250,aust1307,1.6406600883863611,0.924514614294452
bolg1251,atla1278,3.381275849008238,1.9916157923546365
chim1302,quec1387,-4.080929618386408,3.596972236124813
bolo1262,atla1278,5.34533572730764,2.963693225426411
boly1239,aust1305,-0.3535644782418417,1.279544963964483
bomb1262,atla1278,5.548657181475091,2.5727840723389903
bomk1234,atla1278,3.0077079011357006,2.120333642689914
bona1250,mong1349,-1.0460084508350556,2.109027361400763
bond1247,atla1278,5.16838581335697,3.4019301562430684
bond1245,aust1305,-4.357382893229545,3.2382388753729145
bong1289,aust1307,-3.900279786145444,3.02927060809472
bong1284,atla1278,4.72466743231948,2.984853556441294
bong1285,cent2225,1.8842403650449788,1.9612973392626287
bora1263,bora1262,-2.2848566989111085,3.115012938936616
bora1271,afro1255,2.3256389164558797,2.144126975336391
bord1248,chib1249,2.200631655175106,1.9624003353743404
bori1243,sino1245,1.0805810819194437,0.8409281505715285
boro1277,gong1255,-1.434503233745231,1.4689702778826614
boro1282,boro1281,-0.5487347211739455,2.225664256015648
boto1242,aust1307,-5.883576015186266,3.641231252492929
boun1245,nucl1709,2.4315781879644383,0.8224251330407526
brah1256,drav1251,-4.384226792542291,7.624097790244434
lave1249,aust1305,0.6154123209516817,0.8266153041157622
bret1244,indo1319,-6.416689916889828,11.332572340449772
brib1243,chib1249,2.1024030105501352,1.557330879250543
budu1248,nakh1245,-6.41998088499353,9.05852524405644
budu1265,afro1255,3.193095234449602,1.7455495868343007
budz1238,atla1278,5.67190395722657,2.8466276836468154
buga1247,aust1305,-0.1575703691727192,1.085952860246394
buga1250,aust1307,2.5458325345471624,0.8711081372602223
bugi1244,aust1307,-0.8018841286207157,1.275951174192329
bugl1243,chib1249,2.4938096306227364,2.1790253588941937
buhu1237,aust1307,2.019091395335392,1.200883038522008
bujh1238,sino1245,-1.5206254539244868,0.8417286040123457
buku1249,atla1278,4.715540618447305,2.4592568325000457
bull1247,atla1278,3.20122934100584,2.2848544564895548
bulo1242,aust1305,-0.0253484268595127,1.0887045693498862
bumt1240,sino1245,2.734604485755926,1.3325738897697903
buna1276,aust1307,0.9571700158292002,0.9823168087936268
gahr1239,sino1245,-2.042825688825272,1.913918032527988
bund1253,indo1319,-4.725489581434241,4.541375815255762
buol1237,aust1307,-1.9413187801580196,1.7661587589638543
bura1292,afro1255,3.3179814025806578,1.140051106076811
bure1242,afro1255,3.1182453103155807,1.1251457178821769
burj1242,afro1255,-1.3110255391391503,1.4607627015042226
nucl1310,sino1245,2.404577211142536,1.3814882810085862
buru1320,afro1255,3.6864878824662815,3.102328955413242
buru1296,buru1296,-3.0406382876912343,4.664901694863772
busa1253,mand1469,2.8862772844096702,2.7659324614298697
bush1247,atla1278,4.869706190648076,4.1065735571098685
buwa1243,afro1255,3.512733191787722,0.9211164721403406
bwai1242,aust1307,2.079921913066755,0.8636917230373484
bwat1240,aust1307,-3.471265244186104,1.2691881715131077
byan1241,sino1245,-2.140372208831526,1.5261575975413135
caac1237,aust1307,-2.989846369027625,1.3540574862121275
cabe1245,chib1249,1.8982906616193571,1.5550949889785954
cahu1264,utoa1244,-1.6456780908368267,3.0026362732565843
cakf1236,afro1255,2.767136258021226,1.198209912510478
cald1236,quec1387,-3.7872076491530273,3.2112945675455364
camp1261,indo1319,-6.334405471410294,9.510701527309166
cams1241,cams1241,-2.7798061359678585,3.141684564477856
cane1242,nucl1710,1.3419237754813105,3.218495153575589
caom1238,taik1256,-2.3573406022566084,2.7512801203798745
capa1241,pano1259,-2.2511507058937803,1.6966383590244476
carn1240,aust1305,-2.4782509018617067,3.3449345837506144
caro1242,aust1307,-2.7495805882163507,5.0424237266308864
cash1251,pano1259,-2.1928858682247623,1.9128540098841285
casi1235,aust1307,-5.703787472292914,3.521388367623061
stan1289,indo1319,-6.296447645000564,9.595323156099395
cavi1250,pano1259,-1.045337361141629,1.301865561213006
cayu1262,cayu1262,-3.885477385455284,3.299943387322628
cemu1238,aust1307,-0.815733868606697,1.0815599080729044
cent2127,eski1264,-3.67940656620336,12.463319658618545
cent2142,ayma1253,-3.476616392769879,3.99311269120453
cent2004,sino1245,1.2945539581287462,1.005966868054628
cent2292,aust1307,-5.938641501689169,3.452859182916825
cent2084,aust1307,-5.753182978489001,3.674809826848645
cent2314,aust1305,2.44591219195742,1.8543717569036888
cent2050,saha1256,3.1663927886884067,2.655617745745161
cent1989,aust1305,1.4452348313718733,1.4348745666643623
cent2058,aust1307,1.3199669268033998,0.973396655536618
mala1479,aust1307,-3.585355821194684,3.0017663994885453
cent2322,ural1272,-6.300634480039157,17.884123539458017
cent1992,aust1305,-0.7478345341884993,1.0160887105181189
cent1990,aust1305,-2.6044720179323666,3.221762255516552
cent2126,japo1237,-2.131293369223386,2.505426957431439
cent2090,aust1307,-5.697008008155482,3.446898773802218
cent2131,utoa1244,-3.8468860682008335,2.84170056224265
cent2150,chib1249,0.9672243661583352,1.413936686970871
chac1251,pano1259,-0.9747219129386892,1.234964586907935
chad1249,afro1255,2.4616612074516104,2.2643782615045893
chak1270,sino1245,0.9573509486805682,1.277270012173915
chak1271,atla1278,3.813912211651848,1.9420653228325904
chal1275,afro1255,-5.163624325160319,6.888737504157561
cham1315,zamu1243,0.4781329921205546,2.206764506932529
cham1309,nakh1245,-6.622140725744073,9.035973703971903
cham1312,aust1307,-4.801704607962547,4.884832435295891
chan1313,sino1245,0.8595851978021396,0.7580297883190497
chas1234,sino1245,2.3656947201160388,0.9359597403226304
chec1245,nakh1245,-6.695573456507235,9.506440748091308
chek1238,aust1307,-3.722852966219424,1.0254169449476365
chen1255,drav1251,-3.905184939639164,3.289124980471541
chep1245,sino1245,-1.4459881052956072,0.8004556270528838
cher1273,iroq1247,-1.9245168515384123,3.5498340988012984
chey1247,algi1248,-2.1927827503252346,3.040515184605212
chic1270,musk1252,2.6525722793982616,3.043906153112758
chil1280,atha1245,0.6227574144940013,2.181129034079788
chim1309,chib1249,0.3159306092985772,1.2094247497917363
chhi1245,sino1245,-2.3129645994698635,0.7942119445532825
chip1261,atha1245,-1.3460586895945093,3.720492288298942
chip1241,algi1248,-2.854667114757698,4.949138224709515
chir1283,sino1245,1.801278548309973,0.7289318647559071
choc1276,musk1252,2.525527057342797,3.0396003765856108
chon1284,aust1305,2.416191014741251,1.8052465893212
chot1239,sino1245,1.485982756375726,0.7617386121252991
chra1242,aust1305,-1.2364700172124317,1.485603613066374
chuj1250,maya1287,-4.532816077951216,2.750007927394733
chuk1273,chuk1271,-4.675040524206265,25.81008088401478
chuu1238,aust1307,-4.124534941892637,3.2528261742935456
chuv1255,turk1311,-7.055202430274905,15.666341330262211
chuw1238,atla1278,4.492099454687883,4.722325756701679
cici1237,atla1278,4.266233649343393,2.4064166003673506
cent2087,aust1307,-5.029752074397232,3.4021345292256626
sout2912,aust1307,-4.71271982158771,3.5434316593473483
coat1243,otom1299,-4.035863618398844,2.2999841089045105
coca1259,tupi1275,-4.390681548059186,2.9537869131983285
cofa1242,cofa1242,-3.1217773936415925,3.351110561928607
cogu1240,chib1249,-0.6247923283595349,1.1351754237150544
inga1252,quec1387,-3.17681796515109,2.790931317639945
colu1241,sali1255,-3.8697112181924127,4.289368837123973
coma1245,utoa1244,-3.8986524020360087,4.058803791101582
como1259,sali1255,-3.050824592057966,3.7412978664980017
cong1236,atla1278,4.766519756441385,4.128372027747915
copa1237,otom1299,-3.882986516457303,2.1190188591947816
cors1241,indo1319,-4.600775579014025,9.623973567937838
cosa1234,sino1245,2.429522953637153,0.9436583398379668
cree1270,musk1252,2.400505762148677,3.381116930191382
crim1257,turk1311,-6.830852697723799,12.066121943034858
cros1244,atla1278,3.459272820183626,1.1968019159333778
crow1244,siou1252,0.3942859084507737,2.0661705033370765
cube1242,tuca1253,-3.930327089004943,2.211617128161663
culi1244,araw1282,1.038301108961965,2.2783181131066783
cusc1236,quec1387,-3.292257274218904,3.636859631520736
czec1258,indo1319,-5.381513520619256,11.975354754213411
daai1236,sino1245,2.6635373551491592,1.3658490667375958
daas1238,afro1255,2.0256380307886235,1.4191673065156465
dadi1250,tebe1251,1.2906037457614974,1.844464351244284
dagb1246,atla1278,3.907058782198744,2.150909636662263
dagi1241,narr1279,3.705480413965071,3.115037388209103
daur1238,mong1349,-4.03902689103764,8.520010535548323
daka1243,aust1307,3.675589778669725,0.719122737527357
damp1237,aust1307,-4.141176170135196,1.8301874696104927
dana1252,aust1305,1.4988662239889687,1.3647497470079344
dand1238,drav1251,-4.317378818694856,3.385785109920178
dani1285,indo1319,-7.348190856601386,14.15562338695132
dara1250,indo1319,-3.850949481521349,2.2366875170811653
darm1243,sino1245,-2.1015424371613176,1.5275803708140216
daww1239,nada1235,-2.434690314903337,2.772749004584128
dawr1236,gong1255,-1.5787195268093357,0.8738242591118137
daza1242,saha1256,3.253291327805472,3.4363849802091693
dege1246,atla1278,2.143800424429203,1.1882229268648956
dehu1237,aust1307,-2.9135382491326403,1.2842076683561032
dera1248,afro1255,1.1384646061614183,1.0467120736374227
desa1247,tuca1253,-4.243119831944346,1.964104685896061
dhao1237,aust1307,1.7076755731252713,1.5863658589552898
dhar1247,pama1250,-2.3342514183184506,3.4031253188123856
dhim1246,sino1245,-1.6844300114908326,0.9617781125859892
dhuw1249,pama1250,-1.9583700896991787,2.144724536378348
dier1241,pama1250,1.0638062023116652,1.945382957006302
digo1243,atla1278,5.079574705764406,3.515761048984274
dima1251,sino1245,3.4546679832423943,0.9672561154017388
dime1235,sout2845,-0.5796500036914307,1.6203418758991006
diri1252,atla1278,2.2306429410316446,2.435456566516123
djee1236,mani1293,-2.2339008228216906,2.718522279663418
djeo1235,nucl1710,-1.5658465088551297,2.046437664437235
djin1253,pama1250,-1.9672856740367848,1.94461704529769
dobe1238,aust1307,2.7937026470711017,2.180259447238285
dobu1241,aust1307,1.4641527192673212,0.8708481993953114
domm1246,nucl1709,2.367845062544681,0.757496168937223
doma1260,indo1319,-3.671497156679831,4.270153444248265
dong1285,mong1349,-3.3243459342514226,2.6093596337251483
doro1266,manu1261,4.024678430998048,2.884488616536757
drun1238,sino1245,0.6473169087330262,1.111524009799666
dual1243,atla1278,3.054357523406901,1.0419195561492955
chug1252,sino1245,3.570849411704591,1.1625942256133897
dumb1241,aust1307,-1.7049096887781163,1.4900801785701532
dumi1241,sino1245,-0.0603366276879797,0.6788671149175372
dupa1235,aust1307,-5.688781549352248,3.6570356680478966
duru1236,drav1251,-4.276787201047844,3.351310798046967
dusn1237,aust1307,1.6982256769672754,1.254381217414874
dutc1256,indo1319,-7.061898865309514,12.814919690337987
dyir1250,pama1250,0.1558416175238313,1.277430801759337
dyul1238,mand1469,1.6469867361873738,1.4807833601621925
dzao1238,hmon1336,-5.605748850404634,3.972794595114493
dzon1239,sino1245,1.7590887932816623,1.1615515445372608
east2443,aust1307,3.544644346059884,0.908815296026404
tang1336,sino1245,1.6716253741690124,0.7549129663971428
nucl1235,indo1319,-7.076449662469733,8.132718516745769
east2379,pama1250,1.5351143465275672,2.091160948365029
sout2896,aust1307,2.319278064630019,1.2052501805803215
east2555,tupi1275,-1.772579678578611,2.716842479199215
east2332,aust1305,-0.0486534352312628,1.009982677765905
east2690,afro1255,-3.4089188862450244,5.268284992669635
east2556,otom1299,-5.554793849082243,3.1121027196263498
east1236,aust1305,-2.705303720345328,1.1687631924205562
east2342,sino1245,3.4254311403385684,1.4660583136277978
east2782,atla1278,4.084606696932978,3.306108583663246
east2328,ural1272,-6.927375774958335,15.612328160467328
east2773,sino1245,-1.193886805386246,0.6797222584675779
panj1256,indo1319,-4.52751699094191,4.122858634510635
east2485,aust1307,-4.064067412566853,3.0545649475008645
fina1242,aust1307,-3.8333298923126287,3.408925554543856
east2694,aust1307,-1.4796836011730528,1.5917077700768232
east2516,nucl1709,0.614657138444263,0.8120258566261356
huaa1248,tuuu1241,2.0947537161759318,3.535939893008262
wall1257,aust1307,0.9827721022031404,2.563420780328684
egaa1242,atla1278,0.5447449421269339,1.6484956447769008
egyp1253,afro1255,-4.014663754077359,5.895529922095975
eipo1242,nucl1709,1.444953791977727,1.1446670321858503
ekar1243,nucl1709,1.4980443230471727,1.4163248302707387
elem1253,atla1278,-0.1066937714661073,0.8606759724867459
elna1235,utoa1244,-3.833445257135117,2.396070881482089
emae1237,aust1307,3.224940531824469,0.8894640981370827
emai1241,atla1278,2.8953275455760923,1.429439908303621
embe1260,choc1280,2.3518669174770657,2.232565358544008
embe1262,choc1280,1.8599399883765184,2.155144056792807
stan1293,indo1319,-6.73970705013385,12.93879362834349
enuu1235,sino1245,3.0448572720648808,1.041837298603582
epen1239,choc1280,1.8053853767698924,2.2151359277199845
ersu1241,sino1245,3.9378770049750336,1.7084570242303982
erzy1239,ural1272,-7.008539701090912,14.335171562428016
esan1238,atla1278,2.834241586781031,1.4180880827261717
esee1247,koia1260,4.298383405686003,2.278270874380283
esee1248,pano1259,-0.6825828843373594,1.235144011944314
esim1238,atla1278,3.607598499325485,0.9139956094054328
esto1258,ural1272,-7.23806622194869,16.67230427310227
eton1253,atla1278,1.4615176480924474,1.012354599520151
even1260,tung1282,-5.396175184172348,19.44396395677036
even1259,tung1282,-5.414155447903079,15.581844895684114
ewee1241,atla1278,3.450198546529668,2.2347701802371205
fala1243,sino1245,0.8210925906937301,1.034836992124653
fare1241,atla1278,3.8361380378725634,2.068932145569065
faro1244,indo1319,-6.268278909058553,17.301282255979487
fasu1242,fasu1242,2.8295226275445304,2.411671644715568
fefe1239,atla1278,1.502312792286927,0.7838541535430181
fiji1243,aust1307,-1.4611541634035308,2.4009004524288287
fili1244,aust1307,-4.649050778029773,2.975526215415158
finn1318,ural1272,-7.225591132870328,19.46944179976579
fipa1238,atla1278,5.16481758297572,3.944810049227812
foii1241,east2499,1.2671826432527022,1.868768428381529
fonn1241,atla1278,3.664282860602403,2.2042968617533347
fore1265,ural1272,-5.713112922564349,19.05708078163967
fran1266,mixe1284,-4.364012533177926,4.4415591998268695
stan1290,indo1319,-6.771028334336586,11.18816787707354
fuln1247,fuln1247,2.4991560581274093,5.968512275406127
furr1244,fura1235,2.0559234467115792,2.9804075577014686
furu1242,cent2225,2.4353965581535646,2.426255969591409
futu1245,aust1307,0.6350522139970436,1.0726395264365038
fuyu1242,fuyu1242,3.966401197976464,2.85424184475562
gaaa1244,atla1278,3.4060271101960047,2.6090478246214275
gaam1241,east2386,2.2581706334374494,2.801037968283936
gaan1243,afro1255,3.3236935990752534,1.0936411752107205
gade1242,atla1278,4.079369443672155,1.6234064285200844
gaga1249,turk1311,-6.767041495774999,12.17777913313411
gale1259,nort2923,2.529336047728147,2.4480052679934943
gali1262,cari1283,-2.613963562206616,2.763780966616423
gali1258,indo1319,-5.7597764013943245,10.873044049551169
galo1242,sino1245,0.6266976565006881,0.8410908378816799
gamo1243,gong1255,-1.316455136130545,0.7858787626987862
gand1255,atla1278,4.135987042987955,2.3295453742922803
gang1266,sino1245,1.4905397529683948,0.7405313011981036
gant1244,nucl1709,2.263908635172221,0.7424232210868098
gapa1238,aust1307,2.475961853860166,0.9803196668636218
garo1247,sino1245,-0.3928970343735867,0.9855791949170652
gata1239,aust1305,-4.419675324386725,3.4118564796347077
gayo1244,aust1307,-2.170770183761626,2.331544488549653
geba1237,sino1245,3.3636263880970474,1.7302277069519505
gebe1237,aust1307,2.2566307895999294,1.8682495391081488
geda1237,aust1307,2.1577011784227422,0.8323312845957673
gela1263,aust1307,-1.8900692060105464,0.8378342318435728
nucl1302,kart1248,-6.5709556228083255,9.643898526667485
gese1240,aust1307,2.986011811556988,1.9852595348526023
ghad1239,afro1255,-5.623717782381837,7.1402571961690455
ghan1242,aust1307,-3.2690171843536477,1.1045770489373012
ghar1239,aust1307,-1.848277720231441,0.9058093599797132
gheg1238,indo1319,-5.02585669240248,9.804209461857011
ghom1257,afro1255,-3.8858599445811657,7.86292295547463
gida1247,afro1255,3.3964567380745563,1.1886625100773358
gilb1244,aust1307,-0.5023696789424981,2.6850295826825885
gira1247,nucl1709,2.28771612872276,0.6993297186090928
giry1241,atla1278,4.710931012610516,3.421315357806094
glav1244,afro1255,3.698421017627035,0.934964079643791
gobu1238,atla1278,3.3727521924599144,2.095893751215528
ghod1238,nakh1245,-6.628876054769727,9.15012314051745
goem1240,afro1255,2.5123545330005164,1.185730984603481
gofa1235,gong1255,-1.3712897981701162,0.777030914875823
gogo1265,suki1244,-1.0463317039989364,1.892594214853176
gola1255,atla1278,2.7692236451310577,2.245159036370993
pare1266,aust1305,-4.233956605505208,3.261009396276222
guah1255,guah1252,-3.073232378613023,3.114022868012569
guam1248,barb1265,-2.3293419072594,2.8153361822171235
guat1253,guat1253,-0.9009128562275124,2.303607959498521
gube1234,atla1278,2.563475601948207,2.2887177828573613
gude1246,afro1255,1.404862256416306,0.9482997094132344
guer1243,otom1299,-3.790104411252005,2.24279101308106
guhu1244,nucl1709,3.306643035423253,1.326113135210136
guiq1238,sino1245,2.073710941778456,1.5024122642579272
gulf1241,afro1255,-3.962881402208654,5.95030910451149
guma1254,aust1307,1.5004762506112512,0.8654412837471881
gura1251,indo1319,-4.655879958184968,7.397244917057279
guro1248,mand1469,2.29260035251764,1.6087425841660945
guru1261,sino1245,-1.5154964124280217,0.6511035812152954
guru1271,afro1255,1.0245709015300952,0.9285418708119976
gusi1247,atla1278,4.884925103027326,2.702355035149424
gugu1255,pama1250,1.0515081469690697,1.5207004324568345
kwam1249,koma1264,2.831231645265873,2.419382797451277
gwen1239,atla1278,5.294680868491884,3.0928271597797306
gyel1242,atla1278,1.7927849202584176,1.1675670219048726
haaa1252,atla1278,5.004320561492861,3.5952959393066664
hadi1240,afro1255,-2.441273041178681,1.3321336473095329
hadz1240,hadz1240,4.624658199947493,4.642619994796661
haka1240,sino1245,3.156388365247046,1.1636799923141157
hala1252,aust1305,0.0920718275944199,0.7998717298263074
halh1238,mong1349,-4.787898933768274,8.896157121190384
hali1244,aust1307,-0.868776617041688,1.032523967913903
halk1245,sali1255,-3.416592126515932,3.616820402826335
hame1242,sout2845,2.319153460051841,1.850014412407475
hang1263,nduu1242,-0.5939381201950131,1.116299301888347
hani1248,sino1245,0.7355675954578689,1.0546673026176592
hano1246,aust1307,3.629490145296373,0.8928407258449766
haru1245,piaw1238,3.115347923786369,1.758873195888583
hass1238,afro1255,-1.523257981684042,2.879598604707539
haus1257,afro1255,0.8807549603284826,1.1840584137576542
nige1253,atla1278,5.122882077547635,1.904348758940131
hawa1245,aust1307,-2.733972936116297,9.177371635620233
hdii1240,afro1255,3.6032128117384175,0.8984805654261123
hehe1240,atla1278,5.593833956222085,3.5500843224807426
here1253,atla1278,2.534865739622018,2.7137473301594355
hida1246,siou1252,0.8571105890290993,2.469937916940524
high1276,mixe1284,-4.709551595319914,4.285678685920061
hind1269,indo1319,-4.898561125941134,5.034080763958173
hixk1239,cari1283,-1.644313659544944,2.5856401187693763
hooo1248,aust1305,-4.011445025990582,2.463805458950901
hoav1238,aust1307,-1.49023414208482,0.8221304217969987
ainu1240,ainu1252,-3.7478913710541897,9.103176534159914
holo1240,atla1278,4.971300390264924,4.013762398968126
hone1235,atla1278,4.693775756850053,1.4653714384386092
honi1244,sino1245,1.1051025520380224,1.0285231345757495
hopi1249,utoa1244,-3.092208345848866,2.565317638340886
hote1245,aust1307,2.742061101435071,0.8172568590427147
hozo1236,maoo1243,0.3999866841940824,1.344166660516677
hrus1242,hrus1242,0.6895124953764422,1.9501226311057709
huuu1240,aust1305,0.0567553018044768,0.7724240913034635
hual1241,quec1387,-3.3888631464366825,3.1549011183769267
huam1247,jiva1245,-2.5652935538117227,2.7425535912302053
huar1255,utoa1244,-1.676988119072869,2.310345870127918
huas1242,maya1287,-4.513272856066267,4.092641719259035
huba1236,afro1255,3.365789855652641,1.0123601897891206
huic1243,utoa1244,-3.7007145810336,2.5393103697287103
hula1239,aust1307,3.118857385937232,1.3887542320460966
hula1244,afro1255,-6.243262130389853,6.284339959440644
huli1244,nucl1709,2.166154781514878,1.0331346482762314
humb1243,song1307,2.8093374770716486,2.504203050025282
hung1275,aust1305,-0.5355203052177591,1.1020879126881624
hung1274,ural1272,-6.771367723690903,12.37661621294808
hunz1247,nakh1245,-6.588146926938814,8.89745446359197
hupd1244,nada1235,-2.748733545555917,2.6639621712879915
wyan1247,iroq1247,-2.081862689308617,3.98285208676765
hyam1245,atla1278,4.536217221085826,1.6836408005010242
iaai1238,aust1307,-0.9977382954727924,1.013134149137386
iatm1242,nduu1242,-0.2639643217622667,1.137940430344031
ibal1244,aust1307,-6.008066213663168,3.511497565112279
iban1264,aust1307,-3.9059337721241687,3.483705292019721
iban1267,aust1307,-5.766333837426572,3.58162878457874
ibat1238,aust1307,-5.734767063745069,3.8619133369279126
ibib1240,atla1278,0.7832822262518255,0.9296330974664072
icel1247,indo1319,-5.095463655843121,18.375247949558883
idii1243,paho1240,-1.6289736308944716,1.7867402614307792
idum1241,sino1245,1.383164189101174,1.3401348935232278
idun1242,aust1307,2.1070214114508032,0.8821959525055831
nucl1417,atla1278,2.0988618374103267,0.9714165789640532
ikkk1242,kuli1252,3.681285444737975,3.3953277757698714
iliu1237,aust1307,2.8289197789834613,1.6534480930155553
ilon1239,aust1307,-5.790306919634968,3.470642701379603
imba1240,quec1387,-3.536548521364884,3.18977013387196
ingr1248,ural1272,-7.289814070260082,17.14955010334498
ingu1240,nakh1245,-6.686394971163747,9.337950631039362
alba1269,aust1307,-4.850301141466007,3.249347316552885
iqui1243,zapa1251,-4.0148420568246745,3.672000085886296
iraq1241,afro1255,3.5969848987487008,2.998356204619114
irar1238,aust1307,2.072744430006771,1.3885184193963482
iray1237,aust1307,-3.659401084919699,3.3699742760281453
iris1253,indo1319,-4.182075399510472,12.756897847106686
irul1243,drav1251,-3.3006406870482,3.057664115028217
isco1239,pano1259,-1.8658085590931024,1.5066332863162586
isin1239,aust1307,-5.851109300562593,3.452552772910991
isir1237,kwer1242,3.763618875620785,3.2395024990672425
isna1241,aust1307,-5.876699480276528,3.6751856047045095
isth1240,utoa1244,-5.341976021282802,3.4184593200086795
ital1282,indo1319,-6.90180452762946,10.12510507712365
ivat1242,aust1307,-5.66707684346075,3.907266147377314
iton1250,iton1250,-1.7808223524064943,2.558910199958546
itza1241,maya1287,-3.710016585390028,3.108792076335533
iumi1238,hmon1336,-0.6089550908402015,1.5126968537777117
iwal1237,aust1307,2.853512196330351,0.8923997551145675
iwam1256,sepi1257,2.073876038383444,1.301660077468398
iyoo1238,nucl1709,2.371075545067194,0.7864487981816239
jahh1242,aust1305,-2.610660339670519,1.903580925973856
jalk1242,mand1469,2.191280907124772,1.5127987335281432
jamb1236,aust1307,-4.032158797716228,4.657503148121535
djam1255,mirn1241,-2.562270165884629,2.675838726189255
jams1239,dogo1299,2.5017917599458754,2.1098724383551257
nucl1643,japo1237,-1.986996249779875,4.241326446129307
japh1234,sino1245,3.5111665361854114,1.5796530778883806
jaqa1244,ayma1253,-3.2352785812922584,4.416712755915071
jara1266,aust1307,-3.2976237421454404,1.4261218035696146
jaru1254,pama1250,-0.7222611340193699,1.8435296897063156
java1254,aust1307,-3.677470440037386,4.448302000432591
jede1239,aust1305,-1.5020600987152073,1.351715531061174
jeha1242,aust1305,-3.2175731247094768,1.3834303591221158
jiba1237,atla1278,4.281317687337646,1.3664460446230464
jina1244,afro1255,3.5767166523618648,1.254085400900209
jjuu1238,atla1278,4.592227394643063,1.71935896040614
juan1238,aust1305,-3.9934376097628506,3.176838680129137
juku1254,atla1278,3.6909764491935575,1.009906889498751
jurm1239,cent2225,3.949273258258081,2.185025426881154
kaba1281,cent2225,2.0618859795115703,2.166660506064119
kaba1278,abkh1242,-4.663491369674714,9.955442532447265
kada1242,drav1251,-2.684691604858461,1.5365964533323506
cent2100,aust1307,-3.9406469505071393,2.772896855376217
kado1242,sino1245,2.258667382233486,1.068407840089009
kafa1242,gong1255,-1.375700743272779,1.014329870154853
kaga1256,aust1307,-5.541581628931082,3.251503055172776
kagu1239,atla1278,5.551564882150128,3.3341252507386088
kaik1246,sino1245,-0.8989315620618386,1.0148377009180791
kaki1249,kaki1249,3.366723850404632,2.6750498906844484
kala1399,eski1264,1.490585908792576,5.379945598253187
kala1388,aust1307,-2.321796101345019,1.2802001830281284
kara1499,west2604,3.319861692297488,3.3561650357971047
kala1384,atla1278,2.510325516207821,2.647058574085761
kamm1249,atla1278,3.50188254280596,1.254231880027703
kama1370,nucl1709,-0.0863891332137645,0.636238872513843
kamb1316,afro1255,-2.544725121046629,1.292730505327313
kamb1297,atla1278,4.69649933839489,2.943032140159488
kamb1299,aust1307,-0.4720949523379887,1.3501709151766477
kamu1260,kamu1264,2.277359551145657,2.3478588503987794
kana1286,aust1307,-3.569261241053696,3.5358935817898782
kani1286,nucl1709,-0.1057744513374872,0.642313634734549
nucl1305,drav1251,-3.356651468445064,2.52256233456032
bidy1244,atla1278,3.225302625542431,2.370287784598773
kaon1241,atla1278,3.3883766906355546,3.1380333286518862
kapi1249,aust1307,-0.901585715490692,1.8275429256616604
kaqc1270,maya1287,-4.17511201479787,3.0759875314071934
kara1482,cent2225,1.9750467022322995,2.14339550073592
kara1476,pama1250,1.46906502563778,1.4805148395869452
kara1500,nucl1710,-3.0504068618399303,2.8526021454501773
kara1487,aust1307,-5.900677107121194,3.4609571939436705
kara1486,aust1307,0.016672623043108,0.7353338898294339
kare1338,atla1278,2.7797064042978774,1.8812583600238355
kare1335,ural1272,-7.272032498406075,19.86559273833214
kari1306,atla1278,5.046220393930447,2.332492629135089
kari1311,tupi1275,-2.1415447473459523,2.621248349748086
kark1258,pauw1244,1.6772488417489284,2.029847648034533
karn1252,aust1307,2.630568772778156,0.8791329924596027
kash1277,indo1319,-3.661940550530137,3.8352259589782136
kask1239,atha1245,1.3531787066692875,3.111616687625684
newa1246,sino1245,-1.371118656763374,0.7333071560508415
kats1235,sino1245,3.286065258089376,1.428916354629834
kana1291,katu1274,-1.504729753856767,2.807619969305634
kaur1271,kaur1274,3.879160490875428,2.931267089464569
kava1241,aust1307,-5.252178067976697,3.8808025638693664
kaya1315,sino1245,3.4882114335117467,1.6609846977806058
keap1239,aust1307,3.070914114097989,1.4050357489437033
keda1252,aust1307,2.3369814274018874,1.2453672885168032
kera1248,atla1278,2.8792421995281585,2.121542261351891
keig1242,kadu1256,1.7313023156298164,2.6598307595706103
kele1255,atla1278,5.447824364143832,3.215340968810665
kele1258,aust1307,1.4077392306336285,0.8925170107719396
kele1259,aust1307,-5.9519745376365965,3.4408900269960583
keme1240,atla1278,3.3014133841450373,0.8993148974463026
keng1240,cent2225,2.595911568194976,2.181733005033564
kens1248,aust1305,-0.4730012778494452,1.2310738230880105
kenu1236,nubi1251,1.139448266564464,3.1593537998695496
keoo1238,aust1307,0.8456128844929434,1.0189429394761618
kera1255,afro1255,3.501910843410078,1.3236318615468292
keri1250,aust1307,-3.921442304025912,4.427085809691945
kesa1244,nucl1709,2.2298765439923627,0.7043668896956348
kett1243,yeni1252,-5.374444141887565,16.56960742112588
kgal1244,atla1278,2.7340554856427075,2.735024495992008
khak1248,turk1311,-4.508152254084445,10.192178012864218
khal1275,sino1245,-2.100870602233391,0.8136673705545832
kham1282,sino1245,2.8202079169389065,3.0521211216651665
khan1278,atla1278,-0.0638156843370887,0.8450553284932738
khan1274,aust1305,-0.2774205639586893,0.9685326531421764
khar1288,sino1245,1.8184126757811965,0.7339901496271324
khar1287,aust1305,-4.3021444425508655,3.124887483051168
khas1269,aust1305,0.1038844930298128,0.9456270260378687
khez1235,sino1245,3.751785220005606,0.7468467729805894
khin1240,nakh1245,-6.434182382808002,8.967385522134748
khmu1256,aust1305,0.7241545088512047,0.9477163909728432
guan1266,sino1245,1.899079108146251,1.4557450976206638
khum1248,sino1245,3.1023179285252023,1.148597574154664
khva1239,nakh1245,-6.606901060719057,8.949171048325312
kich1262,maya1287,-4.279049644739478,3.057494259353703
kiku1240,atla1278,4.696346749170067,2.640831664023409
kile1243,tung1282,-3.759482868846512,6.775484713122495
kili1267,aust1307,0.6858437359961544,0.9841515966818122
kimm1246,atla1278,5.1772630221758345,1.796131203338419
kima1246,kolo1268,2.831066296671497,2.6363155354336385
kimm1245,hmon1336,-1.6659826452391724,1.5879908734656
kina1250,aust1307,-2.7153816398785264,2.5627479315611907
kinn1249,sino1245,-2.260554410499032,1.9235128050375887
kiow1266,kiow1265,-1.4239884105484806,3.0226921893696077
kips1239,nilo1247,4.6756469742629285,3.330661053776325
miju1243,sino1245,1.0993515329079169,1.055986569770809
koda1255,drav1251,-3.040875350160632,2.027665284145428
koho1244,aust1305,-1.71998373786966,1.342813431985519
koir1240,sino1245,3.8333956583659066,0.7513677704127417
koit1244,koia1260,3.972101373772941,2.5003888573538973
koka1244,pama1250,1.5490942490626654,2.449408249944341
koko1269,aust1307,-1.6460095125915433,0.9873751954822012
kola1285,aust1307,2.916399198890978,2.0030824022638285
kolb1240,atla1278,4.158316556823243,1.6811943739171653
kolc1235,atla1278,1.8022011807084133,1.4788903862093292
kolu1245,aust1307,1.8902691304779584,0.8470235648542541
komb1274,nucl1709,2.988653628670276,1.4743609688587611
komc1235,atla1278,3.195168992949605,0.834725673558296
komi1270,sino1245,3.634096593342315,0.8417596507663347
komi1269,ural1272,-6.792119893100523,17.464244499684426
komi1268,ural1272,-6.762386189676679,19.518565986210906
komo1260,atla1278,5.007982048113675,3.247516742786928
kona1242,east2433,2.7170491211042687,2.4573330474169666
konk1267,indo1319,-4.595869846821117,6.01991904859571
kons1243,afro1255,0.939628012656049,0.9807042542816476
kony1248,sino1245,0.3159602121851796,0.7541268582246801
konz1239,atla1278,4.040960750172964,2.2113022831466367
koor1239,gong1255,0.5284399485946216,0.9556471625958524
kore1280,kore1284,0.2387343260271914,2.7586152399214825
kore1283,tuca1253,-0.1326780236986153,1.736122892504639
kork1243,aust1305,-4.646573392543505,4.524535528740941
koro1298,atla1278,3.0206386213375764,1.7702645830023869
korr1238,drav1251,-3.275978627325785,2.510114275652569
kosa1249,nucl1709,3.652373409145401,1.3201551732649648
kosr1238,aust1307,-1.23019341431536,2.09393681834959
kota1263,drav1251,-2.539808445882207,1.5036701562961523
koti1238,atla1278,5.089548371204675,4.9366106587279575
guan1269,tuca1253,-4.081186976181213,2.095337866500841
kova1243,nucl1709,0.8585127845004652,1.0329628970154232
kove1237,aust1307,2.0714044701080137,0.9270434435266424
koya1251,drav1251,-4.195215481379213,3.401163986952284
koyr1242,song1307,2.606540834362133,3.3018273043565927
koyr1240,song1307,2.593743296065285,2.8919474138354104
koys1242,afro1255,-4.972135098718038,6.671837980500555
kren1239,nucl1710,2.2267655349323987,3.844276928481946
gbay1288,kres1240,-0.7754451848908901,1.6449293219187808
kryt1240,nakh1245,-6.425280994490851,9.001654151115105
puoc1238,aust1305,-0.1131783147532474,0.969085428977138
kuan1248,aust1307,-2.602759810961864,0.847035523793565
kuan1247,atla1278,2.626342981386079,3.7349542818029695
kuii1252,drav1251,-4.173483053003295,3.329586570614822
kuik1246,cari1283,-4.517126841812219,3.118132377021311
kuku1280,pama1250,1.505334626298422,1.7071292934051456
kuku1273,pama1250,0.1265826933330021,1.2807570669466202
fait1240,nucl1709,0.0544450925094159,0.6464142173738026
kuma1280,nucl1709,2.340919800007288,0.7317322933201353
kumb1268,pama1250,-2.339362926461673,4.755420981518995
kumz1235,indo1319,-2.948972039777195,6.587870993718923
kuna1268,kuna1268,0.946695586288166,2.3130530912189897
kunb1251,gunw1250,-2.336748573364004,2.289222206550505
kuni1267,kuni1270,3.934091046230083,2.4702937455853373
kuot1243,kuot1243,-0.2793973868983621,1.6612373072349271
kusa1251,aust1307,-1.4717455069402932,0.8360619525439859
kusu1250,kusu1250,-1.1590215825627852,2.145056723630546
kute1248,atla1278,1.6535959046785904,0.9487720009689582
kuvi1243,drav1251,-4.115978304922335,3.380095191933691
kuyy1240,aust1305,1.9722356820511575,1.315044287365538
kwai1243,aust1307,-1.5709772086247704,0.7694923378525544
kwam1252,aust1307,1.2909717588778586,0.7737304999818093
kwar1239,aust1307,-1.6724380093617444,0.7840611667241433
kwaz1243,kwaz1243,-0.6704438943480455,2.107464276069578
kweg1241,surm1244,3.084967360470436,2.1982382310957576
nucl1595,kwer1242,3.969770018601249,3.170945060985943
kwin1241,worr1236,-2.2066143263701936,2.6502219646017693
kwom1262,sepi1257,-1.0054565535463778,1.171220834412324
nucl1593,kwom1263,1.4402859328533029,1.908724098423676
kxoe1243,khoe1240,-1.967173984805824,2.4960037097708607
kyer1238,sino1245,0.9714472878733492,0.746300371596945
cori1240,atla1278,4.572186790657133,1.6590720057096462
laal1242,laal1242,3.596360892005373,3.249667019813557
labe1239,aust1307,-2.792809599534366,1.052185876115843
labu1248,aust1307,2.67822426044594,0.791017303246548
labu1249,aust1307,-3.850630205375371,2.6730413694047
lach1248,taik1256,-1.1244192005093354,1.746184592115057
lagw1237,afro1255,3.460693135444481,1.2771169875650514
zaye1235,sino1245,3.488943747506791,1.550563424531063
lahu1252,sino1245,0.3866399196468335,0.8496696182382664
laiy1246,aust1307,-0.8017481793893393,1.1205949120938072
lakk1252,nakh1245,-6.555100130086995,9.018285418045808
lala1268,aust1307,3.0810341270325625,1.294299909294779
lala1264,atla1278,4.240137691355486,3.870046961007248
lama1277,aust1307,1.9114523721889396,1.1133632956719026
lama1288,afro1255,1.5923735057892094,0.8791439348165113
lamb1272,atla1278,5.274885099842688,3.843259514768533
lame1260,aust1307,1.5434135151274089,0.7025939561762442
hela1238,sino1245,0.9471351587493646,0.7026281557196512
lamo1244,aust1307,2.328428290711867,0.9467320041787416
land1256,atla1278,3.334917465388249,2.020231284914331
lang1320,atla1278,5.604549329293354,2.943852804594698
lang1324,nilo1247,4.132619876489313,2.967575455630083
lash1243,sino1245,0.107658993581404,0.9185417577701572
teke1275,atla1278,4.016464059254004,3.0712695919541773
latv1249,indo1319,-7.844215107683981,15.309034946003903
lauu1247,aust1307,-1.508913508246443,0.88134346436523
lave1248,aust1305,1.1990028311568373,0.8902696461074555
lavu1241,lavu1241,0.0858794682933816,1.7683428168729731
lazz1240,kart1248,-6.543418621736974,9.865434566055283
lega1250,atla1278,4.906854886121369,3.7090064497477897
lega1249,atla1278,4.945372094435978,3.9092129369138178
lele1276,afro1255,3.283998903958119,1.6121110596334205
lele1267,aust1307,2.67913193787254,0.9727898313970657
lele1270,aust1307,1.4776894677775745,0.8967106112583849
lemb1266,nucl1709,1.590860954753825,0.8564473945789359
leme1238,aust1307,3.4325254210656824,1.3042540432252423
lena1238,aust1307,1.3836026770753702,0.7614488326673552
lend1245,cent2225,0.4253772871928478,1.3304782066878855
leng1259,aust1307,-1.863504083469532,0.8080153294230428
lepc1244,sino1245,0.7624694490799846,0.8959016009067255
lese1243,cent2225,3.122663628800646,1.830898798877556
leti1246,aust1307,3.1014115941529243,1.8155701825617852
lewo1242,aust1307,1.4328430499206548,0.7658712484400212
lewo1244,aust1307,1.9393208344530664,1.124535690432623
lezg1247,nakh1245,-6.467232776691631,9.008877014152674
libi1244,atla1278,5.529937674500323,2.6795786504829664
liby1240,afro1255,-1.6361106353417072,3.041361868956315
lihi1237,aust1307,-0.7239467743581174,0.907147329323294
liji1238,atla1278,2.2927927407786703,1.400906744510138
lika1243,atla1278,4.91907406730895,2.227410832063839
lill1248,sali1255,-3.202881387714227,3.4907530607305546
limb1266,sino1245,-1.973066418954199,0.8459464180762382
nucl1327,limi1242,1.256141607139282,2.222806669902269
limo1248,aust1307,-5.869734863251544,3.5304223427213373
lipo1242,sino1245,3.5394423197792952,1.368779438757187
lish1245,afro1255,-7.085855408215936,6.717864054023593
lisu1250,sino1245,2.918499823354494,1.0521432494909249
lith1251,indo1319,-7.8029519599391985,14.62166541356828
lito1235,atla1278,5.624560409365634,2.5105249644143868
livv1243,ural1272,-7.306324718169781,18.057436463336288
loba1239,atla1278,5.509365671217028,2.670315362074703
logo1259,cent2225,3.44115320434728,1.6923928897195708
balo1261,atla1278,5.251871568953364,2.925601156783756
loka1252,atla1278,3.3078552145455133,1.1572911812934734
araw1276,araw1281,-2.8838925809328324,3.505802471235455
lolo1259,sino1245,3.5984840706052004,1.3892740335320752
loma1260,mand1469,2.0351522346885798,1.6220790331590678
lomb1257,indo1319,-7.015121128769911,10.77933303963269
chiq1248,chiq1253,-2.5812129532130315,3.426217332115882
acha1249,sino1245,1.2946510086302785,0.9380635592694944
long1395,aust1307,-1.608243255160565,0.8192378974816705
loni1238,aust1307,1.4334507889752357,0.8952094293845221
lonw1238,aust1307,3.6445090208094393,0.7192794567821181
lote1237,aust1307,0.968679482408152,0.9055077996212476
loth1237,sino1245,3.725069430971759,0.8234950407957911
louu1245,aust1307,-0.2705537717962802,0.8596652789306063
vano1237,aust1307,2.7918427530611782,1.4588987815191672
lowl1260,tequ1244,-4.72807843169584,4.434714158433508
lowl1265,utoa1244,-3.81293796683921,2.6144992618931298
lozi1239,atla1278,2.35486844954341,2.0217077426777905
luan1263,aust1307,3.100883682987202,1.8744135332776464
onto1237,aust1307,0.4461359028353873,1.5214651760000777
lubu1243,aust1307,-3.848609924210173,3.4549524584814293
luch1239,atla1278,2.062246380400818,1.9117527250950843
ludi1246,ural1272,-7.266454894042896,18.39201986213999
lugb1240,cent2225,3.1148639821366646,1.6540828907024263
lugu1238,atla1278,3.4844976352949746,3.424654373667068
lule1254,ural1272,-6.979664700992997,20.723614248159663
lumb1249,atla1278,2.6820930926523423,3.071194213930994
lumu1239,narr1279,3.8681707960416793,3.0703053491321555
lund1266,atla1278,3.4390217042778715,3.2172108427845387
lund1271,aust1307,-3.9639130454060703,2.907791953330189
luok1236,nilo1247,4.641691554106449,3.513267379634144
luse1252,atla1278,5.255183110398528,3.1345220232809083
lusi1240,aust1307,2.3807944347091907,0.9181329878603322
luva1239,atla1278,2.339209561409413,2.091391279470741
luya1241,atla1278,1.2640852447765163,1.725647763969647
maan1238,aust1307,-2.717744722120998,2.988839188718572
maas1239,atla1278,3.28103338849076,1.6542005744554302
maba1270,atla1278,5.670013452992157,2.76687162878099
maba1277,maba1274,0.8831430005351897,1.9582426452544013
maca1259,guah1252,-2.443109354523101,2.7927439318661413
mace1250,indo1319,-6.993540034570644,9.735808716689249
maco1239,sali1297,0.4348730708958199,2.094167107966186
macu1260,tuca1253,-2.259951746148458,1.9658082553579843
macu1259,cari1283,-1.4283622588646936,1.7484254945017312
mada1285,aust1307,-0.6404334505231195,0.722989075128126
madi1260,cent2225,3.3467312486505665,2.0137501818891224
madn1237,east2374,-0.4499529918433844,1.820108707345028
mafe1237,aust1307,3.53380286902118,0.91805985341567
maga1260,indo1319,-4.426435038735111,3.194469770823716
magd1235,otom1299,-6.048846350483769,2.0688476291633435
maia1254,nucl1709,1.9720972689231304,0.8442606821784722
maia1253,nucl1709,1.7785898087752048,0.8418266338744615
mail1248,mail1249,3.287695466286137,2.900872136731209
mais1250,aust1307,1.163562826979987,1.0135198840968656
mait1250,indo1319,-4.3826924041944135,2.4725514410797302
maja1242,surm1244,2.787929204011108,2.1881846421651545
maka1304,atla1278,3.9711053818306943,1.5795512835035197
makc1235,taik1256,-1.9897974099895976,2.363269416393152
makh1264,atla1278,5.097356992186271,4.8359289546453255
makh1266,atla1278,5.2788677433681865,4.865038876681666
mako1251,atla1278,5.406960707288485,4.648245124355569
maku1277,aust1307,3.0638977154019518,1.7538385729031631
makw1236,atla1278,5.39575644972189,4.693960742660636
mala1463,drav1251,-2.900398507248016,2.8329068195275795
mala1534,aust1307,-5.82764674735377,3.585589467616842
mala1464,drav1251,-2.8162296833176077,2.3261238637018096
mala1522,chib1249,-0.7908421288663434,1.1420531790727324
male1284,gong1255,-0.9286472016756364,0.8155299817281332
male1297,chib1249,0.675656384473855,1.5388085824348394
male1289,aust1307,2.31805906654497,0.9112004023521934
malg1251,afro1255,3.651584425986546,1.222721986731969
mali1285,otom1299,-3.645600935968605,2.329894488186369
malt1254,afro1255,-4.496781545294899,8.244374585297493
malu1245,aust1307,3.44082670138724,0.8298532522020423
mamm1241,maya1287,-4.425014091416829,3.0128932301244475
sauk1252,nucl1709,2.644786882870505,0.8784572307574194
mama1275,aust1307,-2.713475539396225,2.0988459980715106
mamb1306,aust1307,2.8437953217122582,1.730088806990068
mamb1294,atla1278,5.213798826371788,1.6091466473669698
mamb1296,atla1278,5.068020711297342,3.9734269154916433
mamv1243,cent2225,3.5147911936395366,1.8265552540908916
mana1295,aust1307,1.6864482794517008,0.9582334007449304
mana1298,nduu1242,-0.5145760421499479,1.0924408441179594
mana1288,sino1245,0.3487984313687966,0.8644947829012608
payn1244,nucl1709,2.145410064726146,0.7524646427990689
mand1440,aust1307,-2.025303699818452,0.8891048297485611
mand1415,sino1245,-1.9396681681575232,4.133765828957436
mand1436,mand1469,1.6489695435015803,2.044687000529237
mang1378,aust1305,0.4669993715316844,0.8116114375553138
rapa1245,aust1307,-1.7437299724310358,4.415452478287264
mang1401,aust1307,0.731469257046784,3.247834780885597
penr1237,aust1307,-4.537311421553921,7.696569308860546
mang1381,mang1423,-2.862529295511696,3.255271193662878
mang1394,cent2225,4.154648756028706,2.364375239285124
mang1404,aust1307,2.8187637397262573,0.7808747473199276
mang1405,aust1307,-0.428533219527806,1.0609016258115815
mang1403,aust1307,1.1717264397653238,0.8804927436124501
moni1237,otom1299,-0.8301563747185683,2.0184596355396565
tong1308,aust1305,-0.1890249397673131,1.2816896651592202
manm1238,aust1305,0.0793861276042711,0.7860021414480656
mann1248,mand1469,2.2085613333802008,1.8272873458464431
manu1258,aust1307,2.931480651485326,1.789390783365775
maor1246,aust1307,-3.2598620428720992,10.996364248169542
mapo1242,aust1307,2.772644793335974,0.7668871552957199
mapu1245,arau1255,-2.606323221323026,6.991695669455922
mara1382,sino1245,1.1516449272978124,1.1065199037578566
mara1399,aust1307,3.459278556847299,0.7788852713211298
mara1379,sino1245,3.84066871158986,0.7489346048827201
mara1386,west2434,1.6441266750581227,1.5216274891896688
mara1396,tama1329,-0.5380755108020474,1.5617259216655128
mara1378,indo1319,-4.764808065532611,5.219574856570858
marg1265,afro1255,3.526439275695187,1.0717169941683125
mari1414,drav1251,-4.403692057637139,3.711445724947353
mari1440,coch1271,1.0722529248733017,2.4257805117217544
mari1428,aust1307,2.119761955016846,0.8194201534900429
nucl1622,anim1240,-0.8362609153582299,2.0551521813891758
mari1416,sino1245,1.0918904318656335,0.7811823922370422
mari1424,west2434,1.4903054345188536,1.5326988002070152
maro1244,aust1307,-1.4808874186343073,0.85066505490515
mars1254,aust1307,1.1931380351257492,3.042544602736129
mart1255,pama1250,-2.5855495044272065,2.8093900495929347
maru1249,sino1245,1.043064933868043,1.0382661210675508
masa1322,afro1255,1.4344869941288798,1.2617031710441609
masb1238,aust1307,-4.506894254578628,2.978509994197452
mask1242,aust1307,1.445021399040732,0.6950152771003673
matb1237,aust1307,2.783580579123213,1.8182300020806248
kemb1249,aust1307,-4.001207569561521,3.807494837229868
mati1250,aust1307,-1.6445619933307882,1.209295827131598
mato1252,aust1307,2.049350543975915,0.8223791211880922
matu1261,aust1307,2.107978011846338,0.8636986795244752
matu1259,atla1278,5.448229095948522,4.1863641204661945
maun1240,iwai1246,-1.9593419803053045,2.596334087664673
maxa1247,nucl1710,2.259130292296782,3.743294675805785
maya1285,misu1242,1.8268568364901452,2.027294644930265
maib1239,mayb1237,3.067941613786496,3.159540020017189
mayo1264,utoa1244,-3.5955982420918304,2.967623658784873
mayo1261,atla1278,2.857238097001852,2.034316475507609
maza1304,afro1255,3.4113686978250413,1.014155066580912
mbaa1245,atla1278,3.306812607212691,2.852534675260401
mban1263,atla1278,3.5548961729471045,2.2072711785674244
mbar1260,afro1255,3.452665902109819,1.375850130873303
mbay1241,cent2225,4.12595155789988,2.231933673926406
mboc1235,atla1278,1.571348074613505,0.7682600589411095
mbol1247,atla1278,5.3985111123475065,3.5118288853173283
mbug1242,atla1278,5.487060598498843,2.943900062127213
mbul1263,aust1307,2.661819598762953,0.893676969025762
mbya1239,tupi1275,-1.428317481572757,2.803329143794457
meen1242,surm1244,2.574861807858832,2.110310363066546
mehe1243,sepi1257,1.1254372718872785,1.145822310020563
meke1243,aust1307,3.0046426037764564,1.1599532931344356
mele1250,aust1307,2.6176613902871915,0.9770489901051462
melo1242,gong1255,-1.0203317660623523,0.8002835967194954
melp1238,nucl1709,2.335765697407147,0.7899319439769812
mend1266,mand1469,1.214612901289255,1.7022689693611994
mere1242,aust1307,1.398899903722525,0.989470485763178
meta1238,atla1278,1.4423751695523044,0.8278114732096782
mezo1235,otom1299,-3.924811120746212,2.234509832873528
mezq1235,otom1299,-5.173310911310859,3.183537499500304
mich1245,utoa1244,-1.928481683258964,2.9249348700254387
midd1327,aust1307,2.593321173503099,0.8140175893599917
mids1243,atla1278,2.816404283447683,2.13927755099283
mikm1235,algi1248,-3.8196498734143542,9.920549099866818
mila1245,sino1245,1.0639307341578834,0.99913239393166
mina1276,afro1255,3.482845884246613,0.9712425976841814
mina1268,aust1307,-3.782743134992501,4.0897092160370505
mini1256,huit1251,-4.053134587563948,3.6082274928215554
mini1251,aust1307,-0.5997762605558052,0.8087009712172488
minn1241,sino1245,-3.116731905704045,3.749020044017215
miri1266,jarr1235,-1.261567166606936,2.3828108627183724
misi1243,aust1307,0.8488988186435225,1.2182986258527675
misk1235,misu1242,1.8907948595079855,2.309613688823447
mixt1426,otom1299,-4.041590601046364,2.412514264183443
miya1266,afro1255,1.0009345500796356,1.0219136494326193
miya1259,japo1237,-3.1947345150104,3.4558812717213527
lush1249,sino1245,3.103983914242755,1.210374328028777
mlab1235,aust1305,1.0823036362928682,1.1827212413233354
moba1244,atla1278,3.970525471089567,2.287153944316884
moch1257,maya1287,-4.634480972414563,2.916363517467701
moco1246,guai1249,-3.644371622136684,5.169068393062062
mode1248,indo1319,-6.576280616007411,9.347320178659132
hebr1245,afro1255,-3.788669425424383,5.476679805031722
moha1258,iroq1247,-4.044314473251154,5.438017083770021
moii1235,west1493,3.2250417435353174,3.327618542811379
moke1242,aust1307,1.4985794357969922,1.9948661381810664
moki1238,aust1307,0.6637951342378652,1.5102157223833077
mokl1243,aust1307,0.9376082388805852,1.5229625384742889
mokp1239,atla1278,3.109423366528909,1.015021053269308
moks1248,ural1272,-7.117745278756374,15.017479105982176
nucl1452,momb1255,2.4502230999896404,2.9211451450085377
fass1245,baib1250,3.0213599415729244,2.495234440265065
mong1338,atla1278,5.296485834527266,3.690254689747306
mono1273,aust1307,-2.8949600039501484,1.325904583923446
mono1270,atla1278,3.4787090755839194,2.0998367732450163
mono1275,utoa1244,-4.150989941814119,4.508175839989946
mont1268,algi1248,-4.015394410262337,8.91751440263711
monz1249,atla1278,3.5118760711714514,2.367340127961995
mopa1243,maya1287,-3.338306315921065,3.000151066027229
morm1235,aust1307,3.088572869174445,1.36391103234115
moro1285,heib1242,3.794307373561624,3.066158367432422
moro1287,aust1307,-1.6543179193173718,1.2935492524524506
mort1237,aust1307,-1.5587107406095506,2.117033657249692
mose1249,mose1249,-3.7067655664188224,3.6124536532339135
temb1272,atla1278,5.682074320501238,2.7639829732391945
motu1246,aust1307,3.2029000361138382,1.3482685837237651
mouk1239,aust1307,2.405365922582909,0.9185440240281366
moun1252,koia1260,4.282496599707885,2.349732987857493
movi1243,movi1243,-3.78396951052096,3.335032421677539
moyo1238,sino1245,1.5510718321477035,0.7717375909280122
mpad1242,afro1255,3.415364932642651,1.5124796992990357
mpii1239,sino1245,2.422518431465839,1.732889270269979
mpot1240,atla1278,5.207689983762087,4.023253079315978
mpur1239,mpur1239,2.831557273586053,3.140492748007702
mual1241,aust1307,-3.947439427635752,3.754622441214181
mudu1242,aust1307,1.7889532901935694,1.0620962547681927
mudu1239,drav1251,-2.7291244293073107,1.5829534679082968
mull1237,nort1547,1.13184066821862,2.01694875489342
nucl1240,atla1278,1.940295463216445,1.283625723719112
munc1235,sino1245,0.8975993423160573,1.4016433326004003
mund1328,atla1278,3.3244507129365477,0.870778250886957
mund1325,atla1278,5.373648999349856,1.637938678702028
mund1320,aust1305,-4.186512067630311,2.8673680273552837
mund1326,atla1278,2.6479839179395923,1.9314717904177456
mund1330,tupi1275,-1.5930511426802867,2.6109415096367456
abar1238,atla1278,3.3439681242099417,0.8705698105475648
murl1244,surm1244,3.536412138948549,2.6490090075685373
muru1274,huit1251,-3.82174801542614,3.632723982667244
muso1238,aust1307,2.5612117449025398,0.794892031450317
muth1236,drav1251,-2.797932996125088,1.8813024304634207
muyu1244,aust1307,-0.1626487315994489,1.1605237950437868
mwag1236,afro1255,2.9054338903772687,1.1834786157849209
mwan1250,mand1469,2.375768922176016,1.5626474780704882
mwan1247,atla1278,5.365443811564317,4.951104825129747
mwer1248,atla1278,5.438877574524609,4.358441951169937
motl1237,aust1307,3.418238446046798,1.3763389972069715
nade1244,nada1235,-2.31330760193397,3.058529743225364
sout2857,aust1307,2.974743861777872,0.8124015920826082
naka1262,aust1307,0.5974811774538611,0.8721238485838398
nalc1240,nucl1709,1.51898669845319,1.1686049943170786
nali1244,aust1307,0.020679767902116,0.7089844198863204
nalo1235,aust1307,1.780901095566263,1.279826886492998
nama1268,aust1307,3.3120629459959017,0.9223418886793552
litz1237,aust1307,3.4526493896305426,0.7618927563584208
nama1264,khoe1240,-1.5891038868761158,3.4456386071871066
namb1293,more1255,-1.7912829593115558,1.620695167075752
namu1246,sino1245,2.000961631150314,1.57530980567509
nana1257,tung1282,-4.059252433643668,6.7417717175913765
nand1266,nilo1247,4.507858995022007,2.997789295382532
nang1262,aust1307,1.98265849035011,1.2661758293839966
nant1250,araw1281,-3.411191938533497,2.9151286093891717
naro1251,aust1307,-4.019089952345887,3.1839753082888507
yong1270,sino1245,3.898036966789343,1.5375025741117412
naru1238,pama1250,-2.1916550269458264,4.080752227930219
nati1243,atla1278,3.129944330648845,1.4385983591752165
naue1237,aust1307,2.929650289285234,1.709992169780051
naur1243,aust1307,1.5603736483876278,2.77880818949636
nava1243,atha1245,-1.8355183674905136,2.3224511918820667
nawu1242,atla1278,3.826792667352224,2.1893556840424537
naxi1245,sino1245,3.6245732811014135,1.331138457251626
ndam1251,afro1255,2.6434257579570555,1.6465319729461356
ndam1239,atla1278,5.572216852445544,3.6879473306353816
nden1248,atla1278,5.420376472571917,3.977564669657383
ndob1238,atla1278,5.424965753447173,2.844642449455236
ndog1248,atla1278,2.582302772491861,2.0242538542557185
ndom1245,kolo1268,2.935702911084325,2.727283841444603
ndun1249,atla1278,5.608558589306062,2.7242133546791365
negi1245,tung1282,-4.768816549704358,8.63981892732346
neha1247,aust1307,-2.7784275620387224,1.3132480499104418
kuma1276,aust1307,-1.0374253620943423,1.4009694326610995
nenn1238,more1255,-1.820925817879687,1.5782279099765475
nend1239,nucl1709,2.197996293765505,0.7386013756927383
neng1238,aust1307,-2.934546534152244,1.645383604371574
nucl1706,afro1255,-4.252408207421649,6.205856834762557
nepa1254,indo1319,-3.487261516703543,2.053403178457444
nese1235,aust1307,3.4615834256116678,0.8248313926462458
vinm1237,aust1307,3.384267782846316,0.7672311805093699
ling1265,aust1307,3.4411102870744297,0.7473599174107619
nezp1238,saha1239,-3.710888559924504,4.640087174986689
ngaa1240,pama1250,1.7175593670731053,2.994707951728259
ngab1239,chib1249,2.3350239609142185,1.8240494162842824
ngal1292,gunw1250,-2.9317874062356077,2.719507725730523
ngam1268,cent2225,4.163840222082614,2.1842676799200973
ngan1291,ural1272,-5.885975663435199,21.00834219347027
ngar1235,pama1250,-2.3169860980499952,2.001225759471524
ngar1284,worr1236,-1.0723596200071026,2.2264712756669667
ngar1283,mirn1241,-2.728512968130968,3.7096314628558673
ngas1240,afro1255,2.8833302456133274,1.0737402551679054
ngba1284,atla1278,3.417110758420287,2.3134388048821397
ngba1285,atla1278,5.64421323833364,2.4286712744601715
ngit1239,cent2225,0.3968099557414724,1.4085039920044835
ngom1268,atla1278,5.4615369511347485,2.9153361637185498
nhen1239,tupi1275,-4.374728206656373,3.0362034313473885
niha1238,niha1238,-4.243159314844901,6.141062192319069
nila1242,atla1278,5.5398943718880265,3.161340075811623
nucl1633,nimb1257,3.610929920459165,3.09771283602673
nina1238,yano1268,-0.1531167929610632,2.1002176414938987
labo1244,aust1307,3.200665511324677,0.8016605787305195
nisg1240,tsim1258,-2.110438713169755,3.5885577364475694
niua1240,aust1307,2.806061088728734,3.0151907779280265
niue1239,aust1307,-0.4500552612066628,2.309406469921072
niva1238,mata1289,-3.3362783920066463,4.472900470011624
njan1240,atla1278,2.697142026921314,1.0761918186445882
nkon1248,atla1278,3.691588495669906,2.058198964433771
noct1238,sino1245,1.8664076446770836,0.8348852229651129
noku1237,aust1307,3.2711149757436853,1.274367066480437
noma1260,atla1278,1.4338804124149056,0.8739892626661572
noon1242,atla1278,1.671851528465536,2.1008444397371875
noon1243,atla1278,3.0785218636885623,0.8646042905371729
nopa1235,otom1299,-4.086355326797927,2.2792182297396693
nort2839,aust1307,3.756055248411645,0.7420271971866583
nort2697,turk1311,-6.555373299189808,8.987934453746021
darg1241,nakh1245,-6.55447256784975,9.201942240382166
nort2930,kiwa1251,-0.2346470407818679,1.6600445352046478
nort2836,aust1307,2.718176451632575,0.9651029009171026
nort2724,sino1245,1.3662612991106466,1.064125506639968
nort2972,choc1280,2.500879541979033,2.268433444416047
nort2702,drav1251,-4.254466925467808,3.372161677703432
gumu1244,gumu1250,-1.2550197347912282,1.871627314307787
nort2938,haid1248,1.6349827038450235,2.6444300249197
sing1264,sino1245,-0.1187861307631927,0.8407977920851835
nort2877,aust1307,-5.945928376800923,3.473117926274014
nort2684,aust1305,2.2993850920181926,1.5439205674845198
nort2774,atla1278,3.552809150775877,2.326531497473184
nort2954,utoa1244,-4.247640195344397,4.927031683838877
nort2957,utoa1244,-5.127442601705953,2.677351641114285
nort2723,sino1245,4.058816686846342,1.6148391211421256
nort2747,hmon1336,-2.3060209036885326,2.6412640359800577
nort2722,sino1245,3.246028051792171,1.6359775031874335
nort2994,aust1307,-2.443925620972096,1.739990188719304
tosk1239,indo1319,-4.857260413098027,9.454590823859377
nort2732,sino1245,1.2261711430702706,2.3423765669827787
nort2690,turk1311,-4.391874650549436,9.05436648526016
yoku1256,yoku1255,-3.376340372121517,5.738058526681584
nort2745,yuka1259,-4.964567997718884,23.099655410714107
nort3047,afro1255,3.6442445512721497,0.9993110543784668
nort2980,quec1387,-3.4299058337278425,3.538430112236526
nort3139,afro1255,-4.4338041752305735,6.274194061128995
nort2845,aust1307,-3.8234700872173257,9.4281493918772
nort2671,ural1272,-7.102337241988954,21.547745059934456
nort2942,atha1245,-2.067939599426561,4.086445870440201
nort2847,aust1307,1.415717979426932,0.7657118465731685
nort2699,drav1251,-4.413644059918736,3.956442951237122
nort2961,algi1248,-3.807745603247496,6.792563946387617
nort2775,atla1278,2.756673386722217,1.9969667896236276
yaki1237,saha1239,-1.8580144493635005,3.6253794844322575
nots1237,aust1307,-2.355765218819734,0.7527190886497124
nsen1242,atla1278,3.9674032039270872,3.854223074243322
nuer1246,nilo1247,4.128932098193223,2.997822222064741
nukn1238,nucl1709,2.4967484879470763,0.9199471293522664
nuku1260,aust1307,-0.7691919796145119,1.73586602319196
nung1282,sino1245,2.8954006593990385,1.1242787126433882
nupe1254,atla1278,3.727130824719117,1.9983693707673496
nusu1239,sino1245,2.8252155198439204,1.0307130124884338
nyah1249,aust1305,1.1230656511593362,0.8115586797968746
nyah1250,aust1305,2.023159732093182,1.83726927404868
nyak1260,atla1278,5.321936248219991,3.797233086149916
nyal1250,atla1278,3.7124009033585152,1.7972624478688033
nyam1285,afro1255,0.0952894602746154,0.9832843070662136
nyan1301,pama1250,-1.4142991150971196,1.9043765716115215
nyan1307,atla1278,4.303188928868096,2.538926240740963
nyat1246,atla1278,5.614756104490882,3.1709097811127407
nyis1236,sino1245,3.519263792590148,1.0433828337564393
nyor1246,atla1278,3.8957304830144657,2.092296709873594
nzad1234,atla1278,4.9032698056198765,3.915723709465766
nzak1246,atla1278,5.0087970377552455,1.9119065907060104
nzak1247,atla1278,3.2007991145303456,2.2236171282404484
obok1239,lake1255,4.177494918627522,3.240765146813402
occi1239,indo1319,-6.768332067037319,10.297661282698655
ocot1244,otom1299,-4.116318245350508,2.115832411852395
oriy1255,indo1319,-4.493628587790036,4.106195395998853
ofay1240,nucl1710,-0.917392028982294,2.213382953695074
kalm1243,mong1349,-7.370311942403877,11.444988318575724
okan1243,sali1255,-3.761438436894713,4.13180833135182
okin1246,japo1237,-1.4086303347572111,1.9517374906941851
okoe1238,atla1278,3.0592376039104585,1.3839086128143236
oksa1245,nucl1709,-0.2181678523487193,0.9384744689675272
okuu1243,atla1278,3.026954841023753,0.8450981189244118
oloo1241,nucl1708,3.123294200786002,1.7689529772449362
olut1240,mixe1284,-4.6438647624221066,4.2369561808282725
omah1247,siou1252,2.0881061327206445,3.64247531005536
omie1241,koia1260,2.279621049660228,2.2036861547983904
bira1253,bira1253,0.9782889856271466,1.8205782337326892
onon1246,iroq1247,-4.018388653307296,4.759514560817848
orma1241,afro1255,2.5436941451249395,2.7734113435588483
oroc1248,tung1282,-4.447680204919783,7.496534072536008
oroh1237,aust1307,-0.5336016681382705,0.7831538271033338
orok1265,tung1282,-4.394848648514849,9.040564324128267
orok1269,nucl1709,3.4247990874866114,1.4138510782061644
orok1266,atla1278,1.421774747024537,0.879827171342825
orok1267,nucl1580,3.089416596634487,2.456353778024109
orow1242,aust1307,-1.6536100044409587,1.1967322400459182
otor1240,heib1242,3.674215784547927,3.09320337866329
otta1242,algi1248,-3.639578899437309,5.443303679485638
owaa1237,aust1307,-1.1486291399893722,1.2590282854805537
paaa1242,afro1255,0.6554964769172975,1.0237017249024234
darl1243,pama1250,-3.3152473205536084,4.509398139093065
paam1238,aust1307,3.647066598822021,0.7489605676845628
paas1238,atla1278,3.881643316891137,1.827639127091544
paco1243,aust1305,-0.547593770000129,1.0548727023123234
pagi1243,atla1278,5.667600854087075,2.5120929205224627
pagu1249,nort2923,2.748531684118818,2.049726187015608
pahn1237,hmon1336,-1.808885191619812,1.6497210757186591
pala1344,aust1307,-3.115274341733708,3.370418857646385
pali1279,araw1281,-3.591734761867569,5.2774106470330935
balu1257,aust1307,1.7486027884979936,0.9262826680794944
pamb1243,atla1278,3.1405866487598177,2.1113246469677307
pamo1252,aust1307,-0.9355632816408036,1.2911929048765671
pamp1243,aust1307,-5.818387904694145,3.578677541004623
pana1305,utoa1244,-3.992595468942396,3.962948151213837
pana1307,nucl1710,-1.3836575837246046,2.128340342305321
enap1235,cari1283,-3.440968282330085,2.806985204690477
pang1290,aust1307,-5.934209612839492,3.5974974832272864
pang1287,atla1278,3.348338254586128,3.712398713047122
pano1254,pano1259,1.490644807915254,1.4579202807133242
pany1241,pama1250,-2.0384163418181296,2.441652485153668
papa1238,toto1251,-4.378536309725769,4.1902199806873455
papa1265,aust1307,-2.269844798401842,1.0919115588440889
para1302,sino1245,2.839266495712056,0.87273933885578
pare1272,araw1281,-1.4919752850678365,2.265205842045816
pate1247,aust1307,0.7362559100969324,0.7423231335259288
patp1243,aust1307,-2.86866472003041,0.8972730798759869
patt1248,sino1245,-1.8123514618256744,1.9722794718125984
paul1238,aust1307,2.830473701330774,1.835538312268412
pawa1255,pawa1255,1.233397642441877,1.827231785438784
pawn1254,cadd1255,-1.1722445461400732,2.8476614474984814
pech1241,chib1249,1.617046999763596,2.238075938735406
peer1241,atla1278,3.292225264242836,1.4243963685093348
pela1242,sino1245,1.578468867487611,0.9193544295028886
pemo1248,cari1283,-0.1120024731758904,1.5308881726658117
pend1242,aust1307,-1.805427035710157,1.500137352933578
peng1244,drav1251,-4.169208809594327,3.360013562341436
peri1253,mong1349,-4.354064085750187,6.948497989172154
phon1246,aust1305,-0.4868995736937269,1.0436064889531167
piap1246,araw1281,-2.322454687902445,2.3854048979931406
pich1237,araw1281,-3.761257313165951,2.898094149373307
pila1245,guai1249,-1.750800456662367,3.3499045608635214
pima1248,utoa1244,-3.641769546746888,2.5664909825717075
pina1252,piaw1238,0.984708380064356,1.6502773047096184
ping1243,aust1307,0.9690282665907666,1.6021026939590968
pipi1250,utoa1244,-3.741972953371468,3.5835151628681103
pite1240,ural1272,-6.982467312305397,20.25964989359161
plai1258,algi1248,-3.5373845030122824,4.762780757476676
pnar1238,aust1305,-1.6336563490125209,1.0336189119946937
pohn1238,aust1307,-0.5138237099495222,1.6766711758521922
poko1263,nilo1247,2.348889779816298,2.7231783957613658
poli1260,indo1319,-5.5268096082174,12.831227831420648
popt1235,maya1287,-2.4616787906342723,2.6582778217586736
port1285,aust1307,3.406807272708621,0.7206494700137114
port1283,indo1319,-5.514025275860517,10.709270374221632
phai1238,aust1305,1.0284774997397093,1.0970281828205088
psik1239,afro1255,1.2182101284038305,0.8599514726612654
puka1242,aust1307,-1.696138054363447,3.4694536884239966
pula1263,atla1278,2.3521125634635296,2.033920054743163
pula1262,atla1278,3.087823621155637,2.103897509193203
pulu1242,aust1307,-2.333327277059239,2.939269998326168
puma1239,sino1245,-2.251841534436745,0.7469734447252421
pume1238,pume1238,-1.2296218887421575,2.5727504758409907
pura1257,pura1257,1.2003371810202004,1.883704632929863
pure1242,tara1323,-2.77399603230707,4.013096643054567
puri1258,sino1245,-0.6715480996532315,1.963903902041736
qanj1241,maya1287,-4.371753033125463,2.747268605094831
qawa1238,kawe1237,1.771288681929542,5.766107663337834
qima1242,afro1255,-0.9279138993347956,1.6172068570098048
quer1236,otom1299,-4.942027100181376,3.2857879870604023
quey1238,sino1245,4.102296490337688,1.6774814710253452
quio1240,otom1299,-4.120597485452754,2.1698543606367195
rabh1238,sino1245,2.2116536653395875,0.9806919730917514
rade1240,aust1307,-2.051384104209064,1.4487124252354562
raji1240,sino1245,-1.6942484197535266,1.3679033021251
rama1270,chib1249,1.491133792255146,1.533892939450766
rapa1244,aust1307,-2.110641314203735,6.653821985640278
rapo1238,nort2933,-2.3831960108167807,2.132536189580179
rata1244,aust1307,-0.7845829584585613,1.6255811186914002
raut1239,sino1245,-1.9960947765869208,1.4386836359187072
remb1250,aust1307,0.4271004255562611,0.9483061489305696
reng1252,aust1305,-0.9443265303483774,0.894280949995931
renn1242,aust1307,-1.0349478366127929,1.4864243691687309
reye1240,pano1259,-0.8481902776767485,1.5714615285917688
rian1263,kolo1268,3.0532240832295634,2.6479355956727773
rikb1245,nucl1710,0.4202474282026371,1.8289456801168456
beka1241,aust1307,-4.010796601539315,3.934486832353031
roma1326,indo1319,-7.083719425130857,10.99515352190997
romb1245,aust1307,-5.283844955876932,3.016842145743496
ronn1241,afro1255,2.843223114689619,1.1765674635803265
rong1266,sino1245,1.7122707415447365,0.7782418834285068
rong1264,sino1245,-2.3263616569472565,1.821050942860694
roto1249,nort2933,-2.150015661712074,2.1400832813233137
rotu1241,aust1307,1.2234722257451822,2.7832101406728498
rovi1238,aust1307,-1.4200053178089598,0.8141978970441386
ruch1235,aust1305,1.0801695084819278,1.1901101738853868
ruka1240,aust1307,-5.694018718672096,3.612840504777637
ruma1248,aust1305,0.2311960148280643,1.0460045174432366
rung1258,maba1274,0.976161665126026,2.010742536136121
russ1264,mong1349,-4.973900592996415,9.89498932459567
russ1263,indo1319,-7.557242188517515,16.962315531149272
rutu1240,nakh1245,-6.583794306348167,8.918357318582423
saaa1241,aust1307,1.7131404879029,0.751858214159526
saaa1240,aust1307,-0.8151651962765158,0.7728974481715056
saam1283,atla1278,4.672663482186112,2.5195768432853214
saar1237,aust1307,-3.633323883983705,3.5455478460449115
saga1262,atla1278,5.050614499568134,3.21271624869199
sais1237,aust1307,-5.315922253022427,3.8448342839132295
yaku1245,turk1311,-5.023829091388327,14.710239144957312
tsis1238,atla1278,4.125164165184346,2.2565413898390005
samb1311,atla1278,2.952643465321971,1.277927888668046
samb1305,atla1278,3.164194095204818,1.2864127432568466
samo1305,aust1307,1.2778637295952442,2.312061971923285
wara1292,atla1278,3.165337426105571,1.5131865817703414
sana1295,afro1255,0.2784823882945129,2.504412127037085
sanb1242,chib1249,2.251310170704977,2.1547097210707875
sand1273,sand1273,4.820676544223737,4.7871909788482725
sand1278,huav1256,-4.636127630824975,4.495580508912241
sang1331,atla1278,4.22021848502045,3.786029386878852
sang1321,sino1245,1.488590208905824,0.7536323709763906
sang1330,atla1278,5.420845781580594,3.7048468254732967
sani1269,sino1245,2.6207964156538317,1.3094090459608907
sanm1301,otom1299,-3.849327266543244,2.4261647431946187
sanm1289,quec1387,-4.159524192993905,3.485349880459964
sanm1295,otom1299,-3.967072211391861,2.058511755248446
sant1410,aust1305,-3.8522487160988086,1.9751017236821724
sant1451,otom1299,-4.03114226480306,2.527980883163295
sant1436,otom1299,-3.873398360954243,2.178166823982025
sapo1253,aust1307,-2.787468980645802,1.042713253160514
sapu1248,aust1305,0.7235400562648109,0.8030978250504859
sara1321,cent2225,2.620026663706765,2.1690372345340307
sara1327,aust1307,-2.482986924071746,1.7191798897474797
sars1236,atha1245,-2.5070186435101385,3.805976813351762
sasa1249,aust1307,-2.2411031612121826,2.528888863954876
sata1237,aust1307,-2.4219016461053404,2.9764533440536383
saur1249,drav1251,-3.648483086623541,3.1128181624755484
savo1255,savo1255,-3.3553090555892395,2.647214936567224
saya1246,afro1255,1.020197482147699,0.9349387215022916
seda1262,aust1305,-0.981985524410064,0.9323006413598592
seim1238,aust1307,0.0122439130459048,1.366005724451938
seke1241,aust1307,1.7584970197070748,0.7491199200819239
sekp1241,atla1278,3.810178490789548,2.058105496940968
sela1259,aust1307,2.657568999322082,2.364183769246836
sela1260,aust1307,-0.9372488235263998,1.1265031119928608
sele1249,atla1278,3.818239506389295,2.049322916726979
selk1253,ural1272,-5.291343576312524,14.976792828788035
sema1265,aust1305,-2.448139157105262,1.9318231273630888
seme1247,aust1305,-2.892942497231467,2.3615705386268218
sene1264,iroq1247,-3.9031396488780583,4.405204471946504
nucl1632,sent1261,3.4617732220991377,3.008276621533085
sout1528,indo1319,-7.095525678895994,10.390763816390203
seri1257,seri1257,0.911087664384142,2.68738983160857
seve1240,algi1248,-3.85602769740252,7.212667738669978
sgaw1245,sino1245,3.3664051216770985,2.253909408756556
shab1252,shab1252,-0.5886279268350951,1.80901818441896
sham1280,atla1278,5.167985554271624,3.3068000801188475
shan1283,pano1259,-0.6268700176095217,1.2943649202943135
shaw1249,algi1248,-2.938534552986218,4.562505226945305
shee1238,hmon1336,-6.172248397557071,4.548463596651118
shek1245,dizo1235,2.3735350947868787,2.42950322735949
sher1257,sino1245,3.6359255882020594,1.0893680146030815
biao1253,taik1256,-5.5123136259082095,4.298814873691498
shil1265,nilo1247,4.0406516396492975,3.041468146247013
ship1254,pano1259,-2.2613847406956986,1.6307655968363548
shix1238,sino1245,3.7455788877537706,1.5580967347447654
shol1240,drav1251,-2.7419648167207105,1.7378938597293114
shon1251,atla1278,3.298472606154838,3.3072851954247966
shor1247,turk1311,-4.524134701036767,11.569535495345647
shos1248,utoa1244,-4.080711376342991,4.435528945029418
shua1257,jiva1245,-2.51302481362694,2.801019271200474
shwe1236,aust1305,-0.2785859715774585,0.9776206685843788
siam1242,siam1242,2.568949608072946,2.79333556176843
siaw1243,amto1249,0.0622058827802507,1.6100372686819924
sich1238,sino1245,3.9223438567544178,1.7088600900173674
sici1248,indo1319,-6.282077919642221,9.169326762081909
sici1249,atla1278,3.2506681212460946,1.5755620485021211
sida1246,afro1255,-2.3748602239054617,1.371871673747421
siee1239,aust1307,1.522719709466807,0.8859397020091109
sier1250,otom1299,-4.112551390356179,2.13970923448008
sier1248,utoa1244,-5.475370782247277,2.836629470793582
sika1261,aust1307,0.5884673679830184,1.317721260744193
siks1238,algi1248,-3.788208354144784,4.5231998719792585
siku1242,aust1307,-2.6668141446511773,3.1404301584794894
simb1256,aust1307,-1.24428775502698,1.0631640305086734
sina1266,aust1307,3.206350854633841,1.287814957135936
sini1242,mand1469,2.40505137535308,2.4283211527101543
sioo1240,aust1307,2.434578863568159,0.8684928420724845
sion1247,tuca1253,-2.6793137051038074,2.0243487309322035
siri1274,tuca1253,-2.186740521027661,1.876541907254392
sile1255,nucl1709,2.188990715516697,0.7474311307842214
situ1238,sino1245,3.677507983313459,1.5364703725744135
siwi1239,afro1255,-3.4706028529695367,5.7157333200380265
siyi1240,sino1245,3.308267574484281,1.008123094956744
skol1241,ural1272,-7.321707387438082,21.836708688287985
slov1268,indo1319,-7.223523852550032,10.962240286743524
sooo1254,aust1305,0.9446723635881872,0.9912400821824718
sobe1238,aust1307,3.013862116013946,1.8141642298899825
soch1239,otom1299,-4.094459947796127,2.238287016830455
soga1242,atla1278,4.508665704506349,2.504016629252945
soni1259,mand1469,1.881550347661809,2.2126834314666297
sons1242,aust1307,-0.5970839533710159,2.072533353308671
sooo1256,kuli1252,3.807286702946109,3.455338106373958
sora1254,aust1305,-4.307311316356602,3.3002845992298546
mani1235,east1459,2.7972241674928084,2.9334077329488792
koon1244,atla1278,3.7873679941915888,3.50246509526211
sout2859,aust1307,3.7017389266003806,0.754874231774437
sout1549,drav1251,-4.394519601878304,3.865853200382631
sout2976,utoa1244,-2.0496238595636584,2.37258293352933
sout2856,aust1307,2.5903224084526504,0.9833856558819748
sout2954,japo1237,-0.6290282168983858,1.958149137400824
sout2996,ayma1253,-3.478989430471606,4.522302288544879
sout2730,sino1245,1.4181481804448146,1.0813812062907715
raro1241,aust1307,-2.248851886317853,4.770685545734366
sout2826,krua1234,0.9893966388986803,2.595704091916062
sout3236,gumu1250,1.5355353181300546,1.7912432575999588
sout2956,haid1248,1.604383685879847,2.680102475008127
kach1280,sino1245,2.103723246638692,1.1621530469328718
sout2994,namb1299,0.7893152610624887,2.167149285378386
sout2649,indo1319,-5.027078464418002,7.534765136766111
sout2729,sino1245,3.843877880526097,1.4966726320440389
sout2728,sino1245,1.4621855104682306,1.5510958296198964
sout2918,aust1307,-3.2631902281664518,2.4878473545100945
sout2807,atla1278,0.4245986376743178,1.9519826824523816
khan1277,sino1245,1.7808997089746137,0.7313361447189237
sout2797,atla1278,3.159876649258913,1.393885037064564
sout2679,ural1272,-7.366808861317542,16.427879905027538
sout2782,atla1278,5.080597591170049,1.5893700236612889
sout2895,aust1307,2.935501642446702,1.7966827930291345
sout2674,ural1272,-6.910392080139063,18.7416949537042
sout2959,atha1245,-2.841780325934673,5.11073134365482
para1301,aust1305,0.6381086190062031,1.0945749264694768
sout3261,nakh1245,-6.518455611267976,9.063559230077686
sout2869,aust1307,1.4136161317880744,0.7605647219384934
stan1318,afro1255,-3.3599667691878534,5.587338286705432
indo1316,aust1307,-3.6327329044739938,4.419298110533831
stan1306,aust1307,-3.1223205592702006,2.3042908260011643
horp1239,sino1245,4.098413124378428,1.5015295848199628
suba1238,atla1278,4.849138274125775,2.749530996056478
sude1239,aust1307,0.8762655078105186,1.419081425592239
suku1259,atla1278,4.445129650521436,3.401804938680272
suku1261,atla1278,5.061384143589482,3.2300536730352007
sumi1235,sino1245,1.5787653530326948,0.7494345173428201
sund1252,aust1307,-3.820341269867753,5.084485820869773
mari1426,aust1307,3.145387711409376,1.0355712568763806
sunw1242,sino1245,-1.5687800963990832,0.6610893167657821
supy1237,atla1278,3.2896598974524607,1.923819540370488
surg1248,ural1272,-5.720853951047168,16.68804737945746
surs1246,aust1307,-2.8603239232193585,1.0152987995820553
susu1250,mand1469,2.2679948891315305,2.0651209195893045
swah1253,atla1278,5.549192418704822,3.825276156919429
swed1254,indo1319,-7.695740155384923,16.417831699012993
taba1263,nort2923,2.5761891896452997,2.092983729120448
tabo1241,tabo1241,-0.8785781650113429,1.8507980822802776
tafi1243,atla1278,3.698771972846616,2.1112621014358126
taga1272,aust1307,-0.3043069588808333,1.1545623723317815
tagi1241,sino1245,1.2023325763642505,0.908914834789087
tago1246,rash1249,3.316307848867108,3.2402414377737188
tagw1240,atla1278,3.363553468839489,1.858754064251656
taha1241,afro1255,-1.7234843981163608,3.2558223367868067
tahi1242,aust1307,-2.49325711600063,5.367048262790917
taia1239,taia1239,0.807593787292546,1.7374261412437164
taji1246,aust1307,-1.6092400516701209,1.429057342259739
taku1257,aust1307,0.3547676789316809,1.374184240021961
tali1259,aust1307,-1.7746663763115378,0.8855806697984718
tama1331,tama1329,-0.6213017069625857,1.6025583470796505
malo1243,aust1307,3.499807576872924,0.8862244989604875
tama1365,afro1255,0.8486191579581273,1.5081227199910927
tami1290,aust1307,2.0552686923569587,0.9445372426457936
tami1289,drav1251,-2.934632392027782,2.5642272414567486
tane1237,aust1307,2.873484918240528,1.4936569882762711
tang1377,sino1245,3.3032781713723725,1.231315788192731
tang1373,sino1245,-1.2012140430322629,1.8221519908483683
tani1257,tuca1253,-4.261172245223795,2.236955614069103
lowe1412,aust1307,-5.865162576350565,3.473931983546393
tara1313,sino1245,3.545114352047802,0.7580606029410433
tari1256,araw1281,-5.608932063895418,2.7383968691765546
tari1263,afro1255,-3.949074935987094,7.753492462977391
tata1258,otom1299,-3.9490508224605976,2.2190855559417173
tata1257,aust1307,-4.125680541603671,2.902097234051766
tata1255,turk1311,-6.969834360645667,15.831237137965031
taul1251,taul1250,0.805086902823342,1.8131876031194447
taus1253,taus1253,-4.046467791926117,3.797112568002888
taus1251,aust1307,-3.468368063285425,2.544133545518463
tawa1286,afro1255,2.0286297877124944,2.4767972797812234
diga1241,sino1245,3.216733331979474,1.1174663375575449
taya1257,afro1255,-1.4433598097408855,2.442342091156803
tean1237,aust1307,2.8308794475641803,1.4694252077065784
teda1241,saha1256,2.3525890101652087,3.464540578667353
tedi1235,sino1245,3.206934885388566,1.0796842610320567
tega1236,rash1249,3.305827896719465,3.230401182189354
tekt1235,maya1287,-4.591857148810336,2.8810572564500347
telu1262,drav1251,-4.001914514038997,3.3643110635123463
temi1246,aust1305,-1.702746730145846,1.3841015430535035
temp1235,aust1307,-6.157454646536438,2.890396881344373
tene1248,dogo1299,2.7017943100771773,2.258525126735435
tenn1246,surm1244,4.0433009205238,3.176125459798285
teop1238,aust1307,-0.6687527265097484,0.9658427741245674
tera1251,afro1255,3.3566078621976465,1.3343546652241685
tere1279,araw1281,-3.9910960663440407,3.266535010413349
teri1250,chib1249,2.1947952056277398,1.6782569201892557
term1237,aust1307,1.9695095907523887,1.6173372173520022
tern1247,nort2923,2.618248776184488,2.1243644818051592
tete1251,utoa1244,-2.917225037761048,2.5819081122763947
teun1241,aust1307,3.0996139417057846,2.1195100079891773
tezo1238,otom1299,-3.8922660992837153,2.14676982260238
thad1238,sino1245,3.1917121485393003,0.9408304333008176
thak1245,sino1245,-1.5122229782028982,0.9262013830386876
than1259,sino1245,-1.3323852490842598,1.0042754378114154
aheu1239,aust1305,0.8030066855463924,1.1023207599194509
thul1246,sino1245,-2.1088112308687337,0.848711139547575
tibe1274,atla1278,1.2841264530259529,0.8813141534885318
tibe1272,sino1245,2.3566483598188586,1.534202741630736
tief1242,atla1278,3.127860436318039,1.3837793517543275
tief1244,atla1278,3.182979951683196,1.4108632953988405
tien1242,atla1278,4.486092314221478,3.3419817134953007
tiga1245,aust1307,0.2094114068094881,0.8026524165946256
tigo1236,atla1278,1.2484575296446585,0.927313495598412
tika1246,atla1278,2.927149282421796,1.0789629957264282
tiko1237,aust1307,3.1956910857176197,2.033233409815338
tilu1238,sino1245,-0.0678394242660602,0.6419738428231625
tima1241,katl1246,3.408292320095963,3.509545293080436
timn1235,atla1278,3.0384945750489805,2.166828380680357
timu1262,aust1307,-4.077731116019942,2.827892495401386
tina1248,aust1307,-5.9165338295960535,3.658040301805528
tira1254,heib1242,3.665330049114668,3.1129846767450857
maee1241,aust1307,3.484540547803826,0.7918531374032511
tiri1258,aust1307,-3.7370518232869983,1.3450067045942546
tita1241,aust1307,1.1567910185291868,0.904281504774744
tivv1240,atla1278,1.8151892116136932,1.0614935354039687
toab1237,aust1307,-3.6727118064394495,0.9735875264162672
toar1246,nucl1580,3.622599742608546,2.5602540463153503
toba1268,leng1261,-2.716719239521501,3.456338529068645
tobe1252,nort2923,2.9305818987667838,2.121995330428305
toda1252,drav1251,-2.3500613090832467,1.50490254541279
toho1245,utoa1244,-2.5609299627788062,2.448152830629596
tojo1241,maya1287,-4.51267840671458,2.881160174449008
toke1240,aust1307,-1.820404566382264,3.338752863330086
toll1241,jica1245,0.9599403216995496,2.347913026087
toma1245,mand1469,2.174902679262581,1.6624183525541127
tomb1244,aust1307,-3.9497437876420087,2.760132008859827
tomm1242,dogo1299,2.7746612112353097,2.2657579107495707
tond1249,song1307,2.73879841769782,2.368283494693173
tong1325,aust1307,0.8192492907021687,2.817696665804121
tong1318,atla1278,2.863997391506737,2.6571108697934136
toor1238,atla1278,3.8846943230114017,2.07458622278088
tote1238,atla1278,2.244053020201489,1.9544454875693589
toto1302,sino1245,-1.2662958034534424,0.99420121083989
touo1238,touo1238,-2.745439578195905,2.536343285686641
trin1274,araw1281,-4.463398577825872,2.7840816588988133
trio1238,cari1283,-3.353184246666905,2.801535882797026
trum1247,trum1247,-1.7474266327976964,2.8648791621088634
colo1256,barb1265,-3.591599066621724,3.7118855434904248
tsam1247,afro1255,1.442460693314899,0.9627157757206533
tsat1238,aust1307,-2.621858322542231,2.7052726844560624
dido1241,nakh1245,-6.611738225190944,8.951329240865078
tsha1245,sino1245,1.212140879761916,1.102621300087506
tsix1234,khoe1240,-1.5171707366178269,2.443943183728578
tsog1243,atla1278,2.2773067985203013,2.405884360114712
tson1249,atla1278,1.0612379216742034,2.021144993317748
tswa1255,atla1278,1.6173918313546625,2.1809117979587995
tswa1253,atla1278,2.748128771926637,2.473720317716669
tuca1252,tuca1253,-2.18794917073163,1.915390482171034
tugu1245,aust1307,2.992159140715182,1.7199372886279605
tuka1248,aust1307,0.1637191554156323,1.2461819958785867
tuki1240,atla1278,1.5343149695528466,0.9584511092343037
tula1252,atla1278,4.799990244433412,1.4905395135014317
tulu1258,drav1251,-3.2504593959346857,2.441435223567765
tumu1242,atla1278,1.8234830800588155,1.738937016865279
nene1249,ural1272,-6.079941817207255,19.08154677441792
tung1290,aust1307,0.1454573184289667,1.017808063258741
tunn1238,afro1255,-0.3390863110084852,2.338515152947082
turk1308,nilo1247,3.80974765893751,2.520472129852905
turk1303,turk1311,-5.664682184796748,8.355926012245504
nucl1301,turk1311,-6.390910568020697,10.36672830089026
turk1304,turk1311,-5.39901393104261,9.921370876827524
tusc1257,iroq1247,-3.80255363278924,4.438450893636784
tutu1241,aust1307,3.544781613017145,0.8789826642957621
tuvi1240,turk1311,-4.395541468627144,10.978644041557317
tuwa1243,aust1307,-5.8916088211488855,3.437317431816524
tuwu1238,atla1278,3.830596069775938,2.068137146584704
uuuu1243,aust1305,0.9610171228396154,0.9460005467825424
ubir1237,aust1307,2.79196957458989,1.066135429855109
udii1243,nakh1245,-6.425837444641971,8.852886923529852
udih1248,tung1282,-3.865242438383675,6.555487449207035
uduk1239,koma1264,2.9994116082380238,2.43417117265912
ughe1237,aust1307,-1.2363345976036837,0.8464915618366717
ugon1239,sino1245,3.9966259152521206,2.7686814728416635
ukra1253,indo1319,-7.693405676757392,13.083973329923296
ulch1241,tung1282,-4.647445446956361,8.350193357394517
ulit1238,aust1307,-2.32400611761346,3.5728099047477144
ulwa1239,misu1242,1.90342935118163,2.2420264340848206
yaul1241,kera1258,0.6378110153119354,1.5416039656515892
umaa1242,aust1307,-2.233518450784754,1.4390424345735653
umbu1257,atla1278,3.072747147172725,4.523225352108611
umbu1258,nucl1709,2.3605975949724143,0.8346656020481191
umes1235,ural1272,-7.066019447035066,19.354371301157077
unua1237,aust1307,3.435262890893386,0.7347921090141512
uppe1275,toto1251,-4.401324489231056,3.993598734224293
urak1238,aust1307,0.6114596891358999,1.3641822585844352
urar1246,urar1246,-2.1459884155019986,3.0244346422880284
urav1235,aust1307,1.352495584047166,0.914999383910839
urim1252,nucl1708,2.4815027314629847,1.6807064414249453
urip1239,aust1307,1.453770786718389,0.7495077820174174
urni1239,giim1238,-2.401034875257241,2.7835803663526804
utes1238,utoa1244,-1.6266769265255356,2.7903356499459875
kagf1238,atla1278,4.183218359687276,2.564737968844611
pile1238,aust1307,0.355678521879295,1.258434566079515
veps1250,ural1272,-7.308116310838383,17.770443550110272
vera1241,aust1307,3.460040043257219,1.2418849570100008
viem1243,atla1278,3.38282834015573,1.5869010633518457
viet1252,aust1305,-1.354820236072094,1.4231813200188412
voti1245,ural1272,-7.358208125461147,17.060751294760706
vunj1238,atla1278,5.267634851870987,3.06806980023606
vure1239,aust1307,1.405059922839922,1.2016536993958198
vwan1235,atla1278,5.399711103865743,3.716401463250449
waig1244,aust1307,2.38147288555028,1.859633106248097
waim1251,aust1307,3.006419519223987,1.266071407061645
waim1252,aust1307,2.9055991763554974,1.646827898124826
waim1253,cari1283,-3.714423080371431,3.148090820052204
waja1259,atla1278,4.889601767595268,1.495881968090245
waja1257,pama1250,1.2495380605474202,3.1144495142445408
waka1274,pama1250,-3.926555145120169,5.066092412216889
wala1266,aust1307,-1.7124078023230471,0.773290255002621
wamb1257,sino1245,-2.0633568012054195,0.6983320433578939
wann1242,mand1469,2.3693114235391284,1.5719878383970922
wand1278,afro1255,1.6805809947558124,0.96151209125442
wand1267,aust1307,-0.3600265086727163,1.1763370952707248
saka1289,aust1307,3.4616904748981256,1.0513372834981425
wara1303,wara1303,1.4590671969572084,3.103585414717472
ward1246,yang1287,-2.790855569041021,3.254274410760459
ware1255,araw1281,-4.394151536421751,2.651265640348498
ware1253,aust1307,2.9534555349532208,1.7481527132036945
wari1268,chap1271,-3.6455152861535054,3.5964662981459554
warj1242,aust1305,-0.1064847452436343,0.969693941947824
waro1242,aust1307,1.1126328402524996,1.3288944799973592
warr1255,pama1250,-2.284475475712068,2.0596458517434826
waru1265,pama1250,-1.609691296902208,2.094924116832942
wawa1246,atla1278,2.521429100666038,1.1872606603355251
waya1269,cari1283,-1.4939285811116163,2.667116641796156
wayu1241,sino1245,-1.672073473109267,0.6962589741744551
wayu1243,araw1281,-4.561777009154477,3.4798249015331777
wels1247,indo1319,-6.51118114001334,12.456392299382031
nort2864,aust1307,2.8339104603197955,1.813255445337191
weri1253,kuni1270,3.863819933677735,2.401749411815203
west2560,aust1307,-4.147112034485213,2.861970412258998
west2548,aust1307,3.1163031250463376,2.035078625578322
west2615,atha1245,-0.5455445323177259,1.863460190094472
west2397,aust1305,1.3454435535513798,1.0815004428864086
west2555,aust1307,-2.179729930395212,1.2527590891293414
west2650,aust1307,1.79194045621465,1.8296702371040965
west2594,nucl1709,1.7060675402382404,1.4796413068613674
west2778,utoa1244,-1.7723136305918623,2.305660149127192
west2369,indo1319,-4.024490884875201,7.312426148623089
west2519,aust1307,-1.253113631154601,2.2126801033515022
west2354,indo1319,-7.148499500819705,13.31668385068005
west2644,otom1299,-4.079501105558803,2.201597419466069
west2624,utoa1244,-2.68716758520411,2.830952448727487
west2466,atla1278,3.0508546656894686,1.3671777772915874
west2632,kere1287,-2.7847942113871853,3.669393469533617
west2396,aust1305,1.1006999824079595,1.1910032061177986
west2418,sino1245,-1.3847362671923258,0.9553011542465412
west2392,ural1272,-7.124092146672979,15.787434809205877
west2763,afro1255,-4.485609693467799,6.181744819221251
west2386,indo1319,-4.506671477208862,4.221157504312657
west2557,aust1307,-4.286688767791226,2.072826686942335
west2415,sino1245,-1.1173410879731684,0.7135372789987287
sanj1284,otom1299,-4.126834985046953,2.1260782347216747
west2600,nort2923,2.791584117104504,2.177471265078225
saka1291,aust1307,2.02094990968159,3.633345043638769
west2516,aust1307,-0.9176320947685102,1.0270977547340578
whit1269,aust1307,1.3905610727181048,0.7479594544581687
wikm1247,pama1250,1.494803890654262,1.6992871197440564
wiru1244,wiru1244,1.3668556946096664,1.8580155587678175
babi1235,atha1245,-1.783195099016853,2.605463858232284
woii1237,aust1307,2.458236262506636,1.5393087640036782
wola1253,afro1255,-2.690091135614049,1.644072184933265
wola1242,gong1255,-1.254364658460919,0.9296213428662838
wole1240,aust1307,-2.2607952931037567,3.128196757519973
woli1241,aust1307,-0.0578753547619474,1.1346191649422224
nucl1347,atla1278,0.7293721320548676,1.714606470071061
wood1236,algi1248,-4.048213433353444,6.718034277637486
wotu1240,aust1307,-2.443146256231476,1.4179704211178006
woun1238,choc1280,2.5780288227648085,2.541264455432397
wuch1236,sino1245,-2.0684699393330868,3.523891922777125
wudi1238,sino1245,3.422554637234636,1.562010472054595
wusa1235,sino1245,3.4670515959197608,1.6021664142469234
wutu1241,sino1245,-0.7883360104049744,1.3863650565278078
wuvu1239,aust1307,-1.2957572351547086,1.3839267699298574
xamt1239,afro1255,-3.1433636127889533,2.196487015253197
xara1244,aust1307,-3.605347575557933,1.2995358709432736
xava1240,nucl1710,-1.0585127673209436,2.01865495230129
xhos1239,atla1278,-0.5646494585531365,2.3171715554933314
xish1235,sino1245,3.281650414239937,1.2586075024066048
xokl1240,nucl1710,0.9580023187345624,2.7283296589516226
yaak1241,afro1255,2.71877828788763,2.2118948764367303
yaey1239,japo1237,-3.5766508484927084,3.752522704194945
yagu1244,peba1241,-2.1156673121804297,3.044748946783912
yaka1272,atla1278,5.169987327484888,2.481019814562387
yaka1277,aust1307,-2.3463365950183825,1.9536231490670983
yaka1269,atla1278,2.245972560718323,3.103287879754859
yakk1236,sino1245,-1.878673523256444,0.8629383656108018
yako1252,atla1278,3.428575803913803,2.2263717771342897
yale1246,yale1246,1.37746102038524,1.8492200063095083
yami1254,aust1307,-3.64019717320352,3.660103332242969
yami1256,pano1259,1.7504653869064852,1.3562117209684033
yand1253,pama1250,-0.6083982874192242,2.0704426506401603
yane1238,araw1281,-4.065052748668274,3.0951339257038484
yank1247,pama1250,1.9405246312829576,2.520929914153342
yaoo1241,atla1278,4.850029379501267,4.431788013806894
yaou1238,mand1469,2.138905933402563,1.680537282532569
yape1248,aust1307,-4.038372123330074,3.926400955539578
yaqu1251,utoa1244,-2.8343733584848096,2.5215298752593758
yare1248,yare1250,1.9708807240992845,2.3019159173025514
yasa1242,atla1278,-0.5380622968471536,1.150510773809316
yatz1235,otom1299,-4.121699934303932,2.2237034295692557
yaum1237,nucl1709,2.3725151338400727,0.8710740760039215
nucl1454,yawa1259,3.6692658083636815,3.1930381197361584
yawa1261,araw1281,-4.734982838625809,3.0165869261729483
yawa1260,pano1259,1.7522761635449782,1.3364024627656477
yawu1244,nyul1248,-1.6272233019596514,2.7192968949673
yecu1235,toto1251,-4.43241348288012,4.190220817355097
maqu1238,cari1283,-1.0504885034854348,1.823988226047504
yele1255,yele1255,1.591327295613103,2.5099312695541585
yems1235,gong1255,-2.108220674389472,1.2526907233243207
yapu1240,nucl1708,2.712814043349723,1.6925916715396312
yidi1250,pama1250,-0.1487388014992015,1.254510403684051
yinc1238,aust1305,1.4908712690945118,1.2755598923124012
yind1247,pama1250,-2.48214654807077,2.5935653974859605
yoga1237,aust1307,-5.736686572830381,3.490186804412602
yong1280,nucl1709,2.181993495161292,1.3522896968835312
yora1241,pano1259,1.2170703907022449,1.5417119026020742
youl1235,sino1245,2.258404170945503,0.9106387063758774
youn1235,hmon1336,-5.151618291742096,3.402317320165011
yuca1254,maya1287,-3.223626344059108,3.81520941881395
yuch1247,yuch1247,0.5493909165311961,2.5227033049968384
yucu1253,araw1281,-5.580983917998713,2.962286215716631
yuec1235,sino1245,-3.0816392214569146,3.540017587873322
yukp1241,cari1283,-1.7751352764999797,2.3411306299258285
yulp1239,pama1250,-0.4673247219280463,1.4198508302048083
yulu1243,cent2225,2.679653507984644,2.2211304763747397
yuqu1240,tupi1275,-0.8158225910950052,1.8861611839360108
yura1255,yura1255,-2.525842397910081,3.055774099241077
gami1243,pama1250,-4.066673783049431,5.213059181006855
zaba1237,aust1307,-3.4768912032366357,1.1587815412443234
zaca1242,otom1299,-3.964050321466728,2.3001540014385142
zaca1241,utoa1244,-3.055664642665344,2.663359727364352
zaiw1241,sino1245,1.416144608987206,0.9852864142092416
zakh1243,sino1245,0.924139205625131,1.0052307106034988
zamb1245,atla1278,5.4246542004199565,2.854666959456594
zand1248,atla1278,3.060903838619124,2.137172340544893
zani1235,otom1299,-4.042762676762033,2.0765489666423638
zapa1253,zapa1251,-3.8902095222854656,3.72696980440476
zarm1239,song1307,3.6591611968573416,3.6487857295700503
zays1235,gong1255,-1.2225910084761282,0.8053528380187487
zeme1240,sino1245,3.766669228576235,0.83134699532485
zenz1235,otom1299,-3.9998174175247336,2.119116353865266
zhab1238,sino1245,2.058958256852241,1.5700192083746742
zigu1244,atla1278,5.3678205590769,3.469238833055371
zinz1238,atla1278,4.958592294279972,3.2004265844499287
zoog1238,otom1299,-4.121879262793618,2.193974349828977
zulg1242,afro1255,1.6095617015985062,0.9005231484130718
zuni1245,zuni1245,-0.9792751477917272,2.3386942599831717
