Glottocode,Family_ID,GPGLMM_Latent_Mean,GPGLMM_Latent_Variance
abad1241,aust1307,-2.5226250393407077,0.762736598654687
abee1242,atla1278,-4.055224570514375,1.788164158488465
abkh1244,abkh1242,-1.3529282692466131,1.9388464916412185
abua1245,nucl1708,-3.4469383798612547,2.488952733662737
abun1252,abun1252,-2.7751128898174877,3.3516501145800683
achi1257,aust1307,-3.5535708654553915,2.045914480706841
acha1250,araw1281,-0.8886157115904312,1.076657533209309
ache1245,narr1279,-2.9052135362600704,2.5160416121370064
achi1256,maya1287,1.67929701207715,0.6905962820154201
achu1248,jiva1245,-1.966928615554508,1.953689406781524
acol1236,nilo1247,-1.5149140499143,1.0898519610984687
adan1251,timo1261,-3.4302905706691567,3.697544842368052
adny1235,pama1250,-0.7615177177084562,1.360578579730462
adon1237,aust1307,-3.762069383796933,1.0588946775400867
adze1240,aust1307,-3.5369797776469505,0.6808853306472908
aeky1238,kamu1264,-3.417247365886288,3.0115836324399927
afar1241,afro1255,0.7026625246313971,1.1105854028141895
aghe1239,atla1278,-2.8537780013771727,0.5468123539219016
aghu1255,nucl1709,-3.116693724241441,1.1026976230481402
agob1244,paho1240,-3.295254881903338,3.0502516782662505
agua1253,jiva1245,-2.2242669125973946,2.117521484191731
agus1235,aust1307,0.1855856147264449,0.6206593663091091
agut1237,aust1307,-1.9802424157458147,0.8247214814862618
aime1238,bosa1245,-3.223379451558485,3.157700505722053
musa1266,nucl1709,-2.951486814124243,0.5851467429613413
ayiw1239,aust1307,-3.503732081691963,1.161984355113293
ajab1235,atla1278,-3.3645065916295187,1.1565749825768714
ajas1235,kres1240,-0.4600375988446492,1.4403346165279425
ajie1238,aust1307,-2.822007219169994,0.9225687268998416
ajyi1238,araw1281,-0.5291574775446792,0.8092289714909189
west2635,maya1287,0.3282154431400141,0.5446434548954802
akha1245,sino1245,-4.075454242806879,0.901163630429747
akoo1248,atla1278,-0.60403865011435,0.5124735368433866
akun1241,tupi1275,-4.593858758444229,2.0379425977810923
alab1254,afro1255,1.2316165689377678,0.6425770708373317
alab1237,musk1252,-1.922557896008135,2.54227285422745
alac1244,otom1299,-2.1343253905331068,1.0752780229305277
alag1248,afro1255,-3.3032976592964225,1.1626125841634254
aleu1260,eski1264,-2.4566507162544813,4.316698287930329
alor1247,aust1307,-3.827165179795779,1.0909527968602912
aluk1238,drav1251,2.5103089698963594,0.998420061468262
alya1239,pama1250,-3.75455993810787,1.8497645517120027
amah1246,pano1259,-3.111716621101403,1.620959698980898
amam1246,kuni1270,-3.777383103454071,2.728828716384588
amap1240,left1242,-3.278526426954778,3.1905043151024737
amar1272,aust1307,-3.4779396745285927,0.7434345837809415
amar1274,hara1260,0.7012968370240416,2.1272853052902247
amas1236,nyim1244,-2.86387576613163,3.3669906070804787
amdo1237,sino1245,-2.840757277340196,1.2200587464828423
amii1238,west2434,-3.9198518409607166,3.3752931114359424
amis1246,aust1307,0.4800584613549752,0.6158829063112155
hoaa1235,kxaa1236,-2.7520532231272594,3.7495666134013534
amri1238,sino1245,-1.244425343953576,0.5418609570317106
gily1242,nivk1234,2.4909745966338432,4.239726615684815
anei1239,aust1307,-3.006773381046257,1.0937205742570129
anfi1235,gong1255,-0.909971187341154,0.8558917362245406
anga1290,anga1289,-1.6905503499197103,2.404730477880132
anga1288,sino1245,-3.5230635091938827,0.5135116042962755
ango1257,chib1249,-4.910983659693887,2.2541208446536167
wara1294,more1255,-0.6815045516321194,1.2662004230384625
anta1255,aust1307,-0.461278537365974,1.7338169240097605
anua1242,nilo1247,-1.2891216393071203,1.1286047643341697
anuf1239,atla1278,-1.9370944294732828,1.1729975642927482
anuu1241,sino1245,-2.028459066979471,0.8359500559780049
anut1237,aust1307,-3.392674226860069,1.4009169614201005
aoua1234,taik1256,-3.348849432301816,2.659919576451781
apat1240,sino1245,-1.3586188328591802,0.5420912080311666
apin1244,nucl1710,-4.829015803778828,3.4059437454281074
apma1240,aust1307,-2.7303325646961665,0.578969752372414
apma1241,kera1258,-3.202352192834277,2.786660477690873
arak1252,aust1307,-3.0542670756172625,0.6066774203977197
arao1248,pano1259,-2.447078768536044,1.5294007882240388
arap1274,algi1248,1.625093255712707,1.6215477390891015
araw1273,tupi1275,-4.957857179431886,3.08078248741817
arbo1245,afro1255,-1.6107872454932683,0.6839242332527284
arch1244,nakh1245,3.311418603244617,1.3320482402000176
aree1239,aust1307,-2.4943186324597098,0.789490583952567
area1240,aust1307,-3.272746256167597,0.8470003141397164
argo1244,afro1255,0.975548958267804,0.9117761530206288
arhu1242,chib1249,-2.6002655613447025,1.8880676570966892
arig1246,atla1278,-0.8558332777253184,0.7678708409373876
arom1237,indo1319,-0.3746184064699702,0.8751216363034784
arop1243,aust1307,-3.3507667220527586,0.73158431657163
arop1242,aust1307,-3.789491980542322,0.8812854732937323
aros1241,aust1307,-3.439523690377798,0.8888526021301901
arta1239,aust1307,-0.826874438007364,0.4245348030568543
ashe1272,araw1281,-0.6687647838135999,0.800886257263401
assi1247,siou1252,-3.069756164137426,2.754818861478354
asur1254,aust1305,2.131004136622298,1.0038122700605268
asut1235,atla1278,-3.026678193830106,0.951672916712698
atam1240,aust1307,0.4510709947500393,0.5671520461640176
atay1247,aust1307,-1.400883133362067,0.6964138855153852
athp1241,sino1245,1.3966174053639393,0.4351914987751124
aton1241,sino1245,-0.7902697898119158,0.5659393209532073
auuu1241,nucl1708,-3.527074418689712,2.4668906939639905
aulu1238,aust1307,-3.1294857396991684,0.5282216528338157
auye1238,nucl1709,-1.5834442872953738,1.1914444663535368
avac1239,tupi1275,-3.4688755082786678,3.075611675122121
avat1244,atla1278,-3.687492296256033,1.1915555910984397
katb1237,aust1307,-3.132353332059536,0.5312768438065216
avok1242,cent2225,-1.8470429332307583,0.8068256664366249
awac1239,barb1265,0.0807555844687244,1.21483863886517
awad1244,aust1307,-3.464573614334752,0.7012807341047314
awad1243,indo1319,3.024525908329769,1.2488477877937614
awap1236,nucl1709,-0.9021892664229364,0.5833802270853328
awar1249,ramu1234,-1.663961387124527,2.4279062570308705
awar1248,nucl1709,-2.8702298192048072,0.6586275264085399
awet1244,tupi1275,-3.0899453251932214,2.172992656146439
awji1241,afro1255,-4.164189459336338,2.4874242136588025
axam1237,aust1307,-3.1327167597094707,0.5385313737587891
axiy1235,sino1245,-3.489911891727788,0.9273032414689384
ayac1239,quec1387,1.6816644706922932,1.4314703087107494
azha1235,sino1245,-3.5720765679467914,0.9760606813117364
baba1264,atla1278,-2.67850791642779,0.5271189973202404
baba1266,atla1278,-2.6911507601382256,0.5245226065475492
baba1268,aust1307,-3.0229427573469723,0.8413071383728292
bada1257,drav1251,2.5181138432369443,1.0220139747939934
bafa1247,atla1278,-2.45303243093437,0.5607402557986729
bafi1243,atla1278,-2.24858691079264,0.5493470056910104
bafu1246,atla1278,-2.6770598582518903,0.5352798279388722
baga1273,atla1278,-2.884136839474208,2.2805348050982968
baga1272,atla1278,-4.6839699200520695,2.3502478010417773
bagi1246,cent2225,-3.87002361359549,1.2821616423013058
bagv1239,nakh1245,3.288833633159992,1.3100581899251074
bahi1252,sino1245,1.210958415607903,0.3954834261053612
bahn1262,aust1305,-3.148074993208338,1.254351286360535
baik1238,aust1307,-3.865342643841108,1.1433322751404231
baim1244,sino1245,-2.8900234148450146,1.1137340585429083
baka1272,atla1278,-1.2492619761054304,0.7891718065151725
baka1274,cent2225,-1.8113245479569904,0.8264870921098808
baki1244,aust1307,-3.123977156332839,0.5775689759501743
bala1316,aust1307,-1.1011424821347484,0.895820469275229
bala1311,aust1307,-1.9938927049241733,0.8361989962303973
bala1315,aust1307,-2.783521937218425,1.1023479866723047
bali1278,aust1307,-3.1877208027120565,1.6790752309088006
liki1240,atla1278,-2.136855790764987,0.5848900670978683
bamb1270,aust1307,-0.946643443310318,0.9197933895281089
bamb1269,mand1469,-5.070956959022091,3.1419753795558494
bamb1262,maoo1243,1.3916481181511258,1.7706978820721329
bamu1253,atla1278,-2.414348893196536,0.5371660816187918
bamw1238,atla1278,-1.890969401609381,0.5454099000795365
band1344,atla1278,-0.0511673293437153,0.653643290495789
bang1363,bang1363,-4.233907801087,4.413504787346007
bang1369,sino1245,-1.151326185758255,0.6034736822225408
bant1281,sino1245,1.3515872626741467,0.4094178653076064
bara1357,sino1245,0.5285436336720464,0.4573964921644835
nucl1630,koia1260,-4.028710214653679,2.457529372277885
bare1279,afro1255,-0.4501190588080503,0.9090430818287104
bara1369,aust1307,-1.4407616782674044,1.9205089278139849
bara1361,atla1278,-0.4515554732460853,0.5802544784327646
bara1380,tuca1253,-0.2393020024379453,0.6989799300872201
bare1276,araw1281,-1.5246972124738127,1.018648329774389
barg1252,nucl1709,-2.88978488159068,0.6975148249511705
bari1286,aust1307,-3.4660094553123004,0.7448694887559135
baro1253,aust1307,-3.1696905900278467,0.651087249962166
basa1282,atla1278,-2.935948005231383,0.7964718098862171
basq1248,basq1248,-4.1824409573642924,4.910943626247894
bata1289,aust1307,-3.877555634301328,2.057549228560446
bata1285,atla1278,-2.492214346556884,0.975002848554534
bats1242,nakh1245,3.142988133067822,1.3978487043138903
baur1253,araw1281,-0.2670625447706509,0.9493540684837054
bawm1236,sino1245,-3.89614073902486,0.7386052661112954
bayb1234,aust1307,0.3830727839267711,0.6604395084493841
bebe1248,atla1278,-1.569276943364018,0.6416619297091142
beja1238,afro1255,-3.1695197640072603,1.523807978533026
bekw1241,atla1278,-2.7781205648110063,0.6474572401508425
bekw1242,atla1278,-1.6602942654965964,0.8283560967105599
bela1256,nilo1247,-0.3333868277391563,1.1520164893134606
bela1254,indo1319,1.327567332319702,1.3146925015399766
belh1239,sino1245,1.3811968332557911,0.4211611880995987
beli1257,cent2225,-2.0471507261639417,0.9505309272846568
bell1243,sali1255,-0.9257410315873827,1.3625392242151717
belu1239,atla1278,-1.865610585437262,0.6814816625209188
bemb1257,atla1278,-3.8347839231775342,1.3972888839768007
bena1262,atla1278,-1.163182876446638,0.8649826202568862
benc1235,gong1255,-1.0368585131446273,0.6837943578851959
beng1282,atla1278,-2.514614364904104,1.0193625012104794
bent1238,dogo1299,-4.185781972030581,3.799234416635717
zagh1240,saha1256,-3.7501558579610936,3.887083191208632
bert1248,bert1248,-2.1071045476223924,2.7687136906188945
bezh1248,nakh1245,3.241909593188236,1.2964607085780404
bhoj1244,indo1319,2.91842379650519,1.151988689066652
biaf1240,atla1278,-4.768664811230367,2.482627238885648
bian1252,kuni1270,-3.600957718726653,2.727595710056294
biao1254,hmon1336,-1.2817820089711858,1.128076395436051
biao1256,hmon1336,-1.1038609632187608,1.1213691166045496
bier1244,aust1307,-3.1333411034740406,0.57100584958632
bign1238,aust1307,-3.140808967113109,0.5459495511171673
biha1246,aust1307,-2.923754418328821,1.342339555385287
bila1255,atla1278,-1.877960488045408,0.7034724929456129
bilb1241,aust1307,-3.5467205776578847,0.711351444218761
bili1260,afro1255,-0.9907878145989566,1.1654497926356022
bimi1240,nucl1709,-3.086311033095726,0.8622548519199871
bina1277,nucl1709,-3.393774247273098,0.9773629758776048
bini1246,atla1278,-2.674422741611369,0.856791142605382
gunw1252,gunw1250,-4.29061706849697,3.0488089692263545
birr1240,cent2225,-1.3514342191110016,0.9573831498186038
bisu1244,sino1245,-2.405628509517789,0.9392712451343908
bitt1240,aust1305,-4.162164603056795,1.114193607819976
biwa1243,yuat1252,-3.063113134782831,3.068425405187737
blab1237,aust1307,-2.79533450219952,0.7940500856992951
bang1354,atla1278,-2.8345241889102604,0.9808361873076814
bodo1272,atla1278,-0.941419681622945,0.6851670277743578
bodo1267,aust1305,2.077730375365944,1.0240928073784117
boka1249,sino1245,-2.5814946383007573,0.6865290078981294
bola1250,aust1307,-3.598041815751983,0.7618259757181942
bolg1251,atla1278,-2.277290086267156,1.0291154440630246
boli1256,aust1307,1.0280700171328685,0.5462160492828918
chim1302,quec1387,1.729283170971582,1.2433313834987834
bolo1262,atla1278,-2.47540624346526,0.6903206171757095
boly1239,aust1305,-3.719632387001656,1.368862383245422
bomb1262,atla1278,-1.754105300386299,0.5458252125870962
bomk1234,atla1278,-4.70376429959545,2.186369491883699
bona1250,mong1349,0.2455255265729428,1.3762058547605402
bond1247,atla1278,-2.934078178892221,0.9772686960033904
bond1245,aust1305,-0.0437569367085695,0.8258071156861062
bong1289,aust1307,-2.383300955603066,0.8340454564465922
bong1284,atla1278,-2.436059086353974,0.8676758023080309
bong1285,cent2225,-2.0556854347838294,1.004430350772756
bora1263,bora1262,-1.589849116113022,2.502771306729451
bora1271,afro1255,-2.368512514552827,1.0602624632533848
bord1248,chib1249,-2.9997834358659,2.030850146792747
bori1243,sino1245,-2.742243559668255,0.581461483241541
boro1277,gong1255,-1.292194492000873,1.0136904010865564
boro1282,boro1281,-2.3397072843289086,3.317481157815904
boto1242,aust1307,-0.7020962004334392,0.5379448782533061
boun1243,atla1278,-3.809051225129358,1.3739500789011032
boun1245,nucl1709,-1.1985325305696692,0.5813157609888862
brah1256,drav1251,0.274267989132857,1.7194837228522983
lave1249,aust1305,-3.518106635278721,1.158773627233849
bret1244,indo1319,-2.5366661080707704,1.67948867329803
brib1243,chib1249,-4.339491870101799,2.321879669894293
budu1248,nakh1245,3.0886417710214755,1.496444918458506
budu1265,afro1255,-3.5431037922459447,1.0847231965994617
budz1238,atla1278,-1.3815171007658202,0.6857100218388119
buga1247,aust1305,-3.7351837109619694,1.309570755865524
buga1250,aust1307,-3.7154141310032633,0.6996327995969676
bugh1239,aust1307,-2.9122506672778874,0.7849361935242163
bugi1244,aust1307,-1.2191148500066316,0.9227479808252036
bugl1243,chib1249,-4.496684000837933,2.392296469033824
buhu1237,aust1307,-4.300688078306788,0.9271473568812104
bujh1238,sino1245,1.0481504116938225,0.4878540396527384
buku1249,atla1278,-2.645445505502534,0.8892300914776632
bull1247,atla1278,-4.716460249462129,2.316839731473632
bulo1242,aust1305,-3.500581923383869,1.3679958051831642
bumt1240,sino1245,-0.8062242316111989,0.6121900791265551
buna1276,aust1307,-4.23656043536241,0.948239124676678
gahr1239,sino1245,0.5211124688365234,0.8592756182063885
bund1253,indo1319,3.458329037648762,1.6471625874410414
buol1237,aust1307,-2.5447974115609604,1.04195667592713
bura1292,afro1255,-3.072458413795606,0.7861100251491386
bure1242,afro1255,-3.192463951949474,0.8412334496228313
burj1242,afro1255,0.415478506721622,0.7822238747277455
nucl1310,sino1245,-2.129069981353492,0.9276969703623924
buru1320,afro1255,-3.225347325589244,1.183788088849
buru1296,buru1296,1.7961428511931952,2.9249795128475444
busa1253,mand1469,-3.7998140252320223,2.847981909575596
bush1247,atla1278,-3.5546229062225247,1.416338674894349
buwa1243,afro1255,-3.2320582419437747,0.7270657938840728
bwai1242,aust1307,-4.270592221526079,0.8149138332623673
bwat1240,aust1307,-2.8354987314060445,0.943472258160342
byan1241,sino1245,1.5203252450777551,0.7863300711788552
caac1237,aust1307,-0.8926840408400755,0.8508568716699774
cabe1245,chib1249,-4.301015427287553,2.304390960048641
cahu1264,utoa1244,0.4195950286170617,1.219580331770846
cakf1236,afro1255,-3.1602687857436127,0.8642488463060438
cald1236,quec1387,1.7286542758460546,1.133889508730905
camp1261,indo1319,-2.0997781524871995,1.555630132094043
cams1241,cams1241,-1.4362181847694142,2.386809703380167
cane1242,nucl1710,-4.917625635037063,3.654525583297175
caom1238,taik1256,-2.706982462015639,2.49521069358088
capa1241,pano1259,-3.498976424871985,1.8411222367916815
carn1240,aust1305,-0.5288608864660165,1.3234681269130526
caro1242,aust1307,-2.6512189264789465,1.891478994904264
cash1251,pano1259,-5.398025058337696,1.852499617529153
casi1235,aust1307,-0.7313199583832839,0.4795461734444783
stan1289,indo1319,-3.5827105613384638,2.014121900491093
cavi1250,pano1259,-2.4878379914755486,1.524628334019228
cayu1262,cayu1262,0.5199051985896466,2.0193136586486373
cemu1238,aust1307,-2.824266424617428,0.8834716893521684
cent2127,eski1264,-2.3735305576765517,4.149708364613954
cent2142,ayma1253,0.782694387594348,1.4684731286660655
cent2004,sino1245,-2.396442709329518,0.7063433058830171
cent2292,aust1307,0.7186086233107591,0.3953694140784094
cent2084,aust1307,-0.9604738685465088,0.4913131015339971
cent2314,aust1305,-4.111169976959773,1.5294043418099186
cent2050,saha1256,-3.4366251195630007,3.0840238183688795
cent1989,aust1305,-3.799189703449405,1.4458700995445923
cent2058,aust1307,-3.0055525382272963,0.6761488238805198
mala1479,aust1307,-3.656073144334367,2.0374096275390343
cent2322,ural1272,2.4574990080907995,2.512462301786382
cent1992,aust1305,-3.3684630504124997,1.2851937538307467
cent1990,aust1305,-0.9914365377480616,1.365268451301047
cent2126,japo1237,1.2883699707149932,1.4164529934811148
cent2091,aust1307,0.1195860732355955,0.8356088905464025
cent2140,miwo1274,-2.1063778671161124,2.359732608905576
cent2090,aust1307,-1.9920371281045743,0.8475137910905568
cent2131,utoa1244,0.092400904635304,0.7691025267066056
cent2150,chib1249,-4.86451388166579,2.2422140447291863
chac1251,pano1259,-2.5639536467489057,1.5445769468539998
chad1249,afro1255,-3.752789875595611,1.3982982802941135
chak1270,sino1245,-1.890678924528688,0.8624534896147642
chak1271,atla1278,-3.629828220498703,1.2632286014429344
chal1275,afro1255,-1.270931800919541,1.1183676125253834
cham1315,zamu1243,-2.347541758697552,3.390706271026758
cham1309,nakh1245,3.290689673072999,1.324763305102282
cham1312,aust1307,-0.7985338650822356,1.509281442400674
chan1313,sino1245,-1.562745105738084,0.5239682824901379
char1269,gong1255,1.1721122331678735,0.6046260367144978
chas1234,sino1245,-2.852018424290658,0.7105417475694855
chec1245,nakh1245,3.30611716977628,1.5283950593692284
chek1238,aust1307,-2.7206045369734766,0.7926017076529304
chen1255,drav1251,3.069484093953557,1.3731363848281628
chep1245,sino1245,1.0365769005332832,0.46374641348803
cher1273,iroq1247,-0.1995432939849742,1.7892338285172684
chey1247,algi1248,1.5975016884331104,1.616309247992965
chic1270,musk1252,-3.444056034610706,2.565337777724344
chil1280,atha1245,-1.835502488607271,1.878075055100722
chim1309,chib1249,-4.493973246844978,1.994389552673256
chhi1245,sino1245,1.3830455978172926,0.4208750202945941
chip1261,atha1245,-2.770260723415375,3.005422086662352
chip1241,algi1248,1.0091405059300813,1.592390569073883
chir1283,sino1245,-1.5668169824413565,0.5042242602874207
choc1276,musk1252,-3.473997286295427,2.471979300434011
chon1284,aust1305,-3.980489278689501,1.5232184889077578
chot1239,sino1245,-3.879980914239001,0.5968033387559641
chra1242,aust1305,-3.4913273738410977,1.5150744555191658
chuj1250,maya1287,0.4430146976032376,0.5206659555005935
chuk1273,chuk1271,-1.14829246213549,3.1448161547599884
chuu1238,aust1307,-3.100998367657158,1.720135932875909
chuv1255,turk1311,4.012165109340975,3.040484688743203
chuw1238,atla1278,-2.604008118953279,1.5131378331405143
cici1237,atla1278,-3.4948192330812278,1.2129673489636836
chin1286,chin1490,1.343581652998774,2.5338018011617347
cent2087,aust1307,0.5516401145852434,0.6606302304671727
sout2912,aust1307,0.2448557155364819,0.7183480461491323
coat1243,otom1299,-3.2388263752876147,1.0575896432664609
coca1259,tupi1275,-2.902490730915712,2.121777159086764
cofa1242,cofa1242,-1.3898406416206237,2.354279978023442
cogu1240,chib1249,-4.342377724457268,1.9771923087003864
inga1252,quec1387,1.500379318711471,1.1871857082123327
colu1241,sali1255,1.532381091335025,1.32328208177426
coma1245,utoa1244,0.4343571965345429,1.355443287188054
como1259,sali1255,1.0376670255157308,1.2063143858602094
cong1236,atla1278,-3.8783690551306464,1.4290243555549518
copa1237,otom1299,-3.735191247353498,1.0150825278499005
cors1241,indo1319,-1.9438032463651156,1.3087287809349393
cosa1234,sino1245,-2.18694622078334,0.8585701807776172
cota1241,aust1307,0.5377111988496486,0.6277241868286358
cree1270,musk1252,-1.6214536017677394,2.371659581226912
crim1257,turk1311,2.3417417011830404,2.2681668771243544
cros1244,atla1278,-2.597297384085308,0.651548763444338
crow1244,siou1252,-1.2951444269226329,2.139302869464621
cube1242,tuca1253,-0.9472113503953166,0.7541406746656705
culi1244,araw1282,-1.7671184534784756,2.5638298078353685
cusc1236,quec1387,2.163070489474966,1.5035717346348283
czec1258,indo1319,-0.1748705960300313,1.088924536275183
daai1236,sino1245,-3.9404284834107126,0.9606911423965698
daas1238,afro1255,-1.915491129642752,0.7899646543800358
dadi1250,tebe1251,0.2053858451269268,1.8741985817278213
dagb1246,atla1278,-3.7128161444642007,1.2031465240286927
dagi1241,narr1279,-2.806068850690551,2.536129657421238
daur1238,mong1349,2.831883134193512,3.3847569229467203
daka1243,aust1307,-3.0406008254879797,0.5357223505682631
damp1237,aust1307,-2.581732617020537,1.0169094389233573
dana1252,aust1305,-4.376421187796309,1.3440591074557844
dand1238,drav1251,3.3980664382550896,1.3837471411086186
dani1285,indo1319,1.2515380070464834,1.4136329347292174
dara1250,indo1319,2.5209377437869764,1.0773114522872778
darm1243,sino1245,1.5356796172982956,0.7878532664630198
daww1239,nada1235,-2.5314921670084565,2.590568741711861
dawr1236,gong1255,1.4573863582805684,0.5875943876655176
daza1242,saha1256,-3.752843074603662,3.5969637666898318
dege1246,atla1278,-2.285159341477751,0.7989308482485313
dera1248,afro1255,-2.814850552415537,0.7857043826100281
desa1247,tuca1253,-0.8242014316515083,0.6576606089909296
dhao1237,aust1307,-3.543381068289399,1.2735387200621755
dhar1247,pama1250,-3.555006748949332,2.2581798439122887
dhim1246,sino1245,1.0215414410901773,0.5033064334176549
dhuw1249,pama1250,-2.4897491214874536,1.72805802421576
dibo1245,atla1278,-2.2995410880349265,0.7452545371485408
dier1241,pama1250,-2.984526470112723,1.579216293332859
digo1243,atla1278,-2.826330501180543,1.0848625618383585
dima1251,sino1245,-1.7989156314320691,0.5371131637669553
dime1235,sout2845,-1.9148008490132684,2.129228100581968
diri1252,atla1278,-3.4224531138524696,1.6837853231482898
djee1236,mani1293,-2.4164022056668,3.181715648878182
djeo1235,nucl1710,-1.93271170619706,2.0554936606713365
djin1253,pama1250,-4.367447370462241,1.7235706746315618
dobe1238,aust1307,-4.106400352979719,1.3608853150732223
dobu1241,aust1307,-2.452700879344521,0.8606354212112093
domm1246,nucl1709,-2.8724876969129385,0.5575497245418966
doma1260,indo1319,2.1339600641246945,1.547269979795674
dong1285,mong1349,0.7321036564396985,1.3635026307644793
doro1266,manu1261,-2.234209750310928,2.7741018021606747
drun1238,sino1245,-1.1698986479954503,0.6832105119738383
dual1243,atla1278,-0.7455598005089779,0.5704381121835826
chug1252,sino1245,-1.327500573693818,0.5707879162636775
dumb1241,aust1307,-2.675212319953627,1.0739966870324462
dumi1241,sino1245,1.1313773081825378,0.39826475248341
dupa1235,aust1307,-0.7676735493902296,0.4836279101984804
duru1236,drav1251,3.280172639641074,1.3685995681644254
dusn1237,aust1307,-3.633164891176413,1.064933496094027
dutc1256,indo1319,0.845485794506164,1.1801345401141603
dyir1250,pama1250,-2.330954661661613,1.812776427130016
dyul1238,mand1469,-4.710549652989259,2.6903242637468754
dzao1238,hmon1336,-1.2392540947468087,1.099140672374605
dzon1239,sino1245,-1.859837942590837,0.60420069093579
east2443,aust1307,-2.9763386462539856,0.6166910926984732
tang1336,sino1245,-3.5686591394863325,0.543798769611163
nucl1235,indo1319,1.2203978535415252,1.2802783367005492
east2379,pama1250,-3.474888363132977,1.8442251780522687
sout2896,aust1307,-2.05219571607698,1.0393440787191173
east2555,tupi1275,-2.935770348882671,2.3923158510734828
east2332,aust1305,-3.921966261132273,1.3089390312111853
east2690,afro1255,-2.05333036007345,1.901341796237296
east2556,otom1299,-1.9024413322993108,1.24741747698591
east2342,sino1245,-2.4226114549118845,1.0810083629384195
east2782,atla1278,-3.5089442919183456,1.4935371823889474
east2328,ural1272,3.238062533487037,2.2040658791419743
east2773,sino1245,1.1532153466311672,0.4089546538286583
panj1256,indo1319,2.351317845951026,1.4952073541941244
east2485,aust1307,-3.175281503992929,1.1019056255749016
fina1242,aust1307,-1.0524951848766175,0.3791021423589971
east2516,nucl1709,-1.1580951846779424,0.618089977073355
huaa1248,tuuu1241,-2.7547083061893938,3.857199613727573
wall1257,aust1307,-4.256651307743074,3.9322013233868978
egaa1242,atla1278,-4.119986452843857,1.8723981722236136
egyp1253,afro1255,-3.884039078056814,2.221404943779601
eipo1242,nucl1709,-1.6475640999317438,0.989950562266678
ekar1243,nucl1709,-3.398739342985695,1.2651139445343187
elem1253,atla1278,-2.076401114961593,0.7123880727644769
elip1238,atla1278,-2.045775936889228,0.5694925666515438
elna1235,utoa1244,-1.284842145802748,0.8638868149637258
emae1237,aust1307,-3.08345267170285,0.635142340625455
emai1241,atla1278,-2.723886922476438,0.8023552218959908
embe1260,choc1280,-2.5152423052970354,2.0086643193735387
embe1262,choc1280,-2.4425158153927717,1.9735948830397223
stan1293,indo1319,0.72966709233823,1.3284808510145991
enuu1235,sino1245,-3.5083580265715453,0.8058526722522936
epen1239,choc1280,-2.310354493602459,1.986126976716541
ersu1241,sino1245,-1.6672217784847891,0.796758521200629
erzy1239,ural1272,3.089080139572794,2.2069159186591367
esan1238,atla1278,-2.582839832480894,0.7908449712530947
esee1247,koia1260,-4.06510126115071,2.451408487127483
esee1248,pano1259,-2.608997006406588,1.5687547384392415
esim1238,atla1278,-2.867067145180476,0.5625295171430036
esto1258,ural1272,2.423143900542012,1.4879975553595512
eton1253,atla1278,-1.76835936569038,0.5850606365380155
even1260,tung1282,2.5239900718161663,4.121772576969723
even1259,tung1282,2.577760968029063,3.816625878894144
ewee1241,atla1278,-3.568633500292301,1.2314975244167483
fala1243,sino1245,-1.8532191038210493,0.6471609936210969
fare1241,atla1278,-3.752133742836477,1.2783731784353582
faro1244,indo1319,1.469857870279229,2.0871599303249324
fasu1242,fasu1242,-3.120567608228087,3.0743295313184307
fefe1239,atla1278,-2.3364162559942057,0.5277137344845153
fiji1243,aust1307,-3.282637006048325,2.415927590165497
fili1244,aust1307,-1.50625291263035,0.6412157203180477
finn1318,ural1272,2.575788923416613,1.807934216963436
fipa1238,atla1278,-3.697286853122869,1.2294170836130889
foii1241,east2499,-0.858299140509724,2.027611691959339
fonn1241,atla1278,-3.367275417604206,1.1526180214345452
fore1265,ural1272,2.744857123800179,2.832600743189646
fran1266,mixe1284,0.6031102870189384,1.3087294946621268
stan1290,indo1319,-2.408907652481289,1.5415343044814716
fuln1247,fuln1247,-2.411360181670975,4.394562725745438
furr1244,fura1235,-1.2739637320984605,2.464976126752126
furu1242,cent2225,-0.4353681549696491,0.8788153574333251
futu1245,aust1307,-3.0071321860252525,1.0816142582212829
fuyu1242,fuyu1242,-2.1320866993917957,2.6913131366796943
gaaa1244,atla1278,-3.639022991463624,1.4197484958334785
gaaa1245,atla1278,-2.889833734935761,0.7008209429982717
gaam1241,east2386,-2.4495731342780904,3.039807337924291
gaan1243,afro1255,-3.0499502086610075,0.7704538861589212
gada1258,aust1307,0.8670833446149251,0.3875179555691161
gade1242,atla1278,-3.115822406712716,0.821129561395133
gaga1249,turk1311,2.1603536373882024,2.204514272714228
gale1259,nort2923,-2.8691555105158195,2.3266734490031133
gali1262,cari1283,0.2292090179122963,1.0530307419699074
gali1258,indo1319,-1.6767074514357558,1.8590054949827977
galo1242,sino1245,-2.690628709851333,0.6105258955882311
gamo1243,gong1255,1.417823718128441,0.5864873991014514
gand1255,atla1278,-2.588197776758688,0.833288712122803
gang1266,sino1245,-3.843565243333424,0.5780522032161226
gant1244,nucl1709,-3.025463846815356,0.5911492945454082
gapa1238,aust1307,-2.546533164052577,0.7871225349381721
garo1247,sino1245,-0.3975294608377995,0.5719407416209137
gata1239,aust1305,1.9680716083277217,0.9716958445950494
gayo1244,aust1307,-3.7439288790314738,1.989069721770848
gbay1278,atla1278,-0.0624710626273397,0.5875470363025403
geba1237,sino1245,-4.166754223724681,1.1874479530420912
gebe1237,aust1307,-3.315611754848504,1.2214814012623083
geda1237,aust1307,-3.5426043652501145,0.7193633774434129
gela1263,aust1307,-3.1125369970274432,0.7746505968954782
nucl1302,kart1248,1.69625458262785,2.0271670079772948
gese1240,aust1307,-3.8675495100108783,1.2757996764895836
ghad1239,afro1255,-4.968068747695309,2.8276364091429187
ghan1242,aust1307,-3.2437654063145613,0.8504296594589302
ghar1239,aust1307,-3.0948818666166047,0.7943483898647434
gheg1238,indo1319,-0.1932448804722638,0.8544789392174712
ghom1257,afro1255,-4.936740029568824,3.1508098808474285
gida1247,afro1255,-2.9186524403351006,0.7574006976767524
gilb1244,aust1307,-3.014592977760523,2.6366609461534365
gira1247,nucl1709,-2.938293528160585,0.5973619932844958
glav1244,afro1255,-3.3105185582465726,0.7528804375484102
gobu1238,atla1278,0.219900689948794,0.5656236324085313
ghod1238,nakh1245,3.3205564818073268,1.3537265003398398
goem1240,afro1255,-3.125968440835963,0.8638380337528995
gofa1235,gong1255,1.4045387000450629,0.5619933392030836
gogo1265,suki1244,-1.6955552789841808,2.469210482678479
gola1255,atla1278,-4.487871348055702,2.2674411645460166
pare1266,aust1305,1.8040475157377496,0.8592452269287767
guah1255,guah1252,-0.1428927173265627,2.038445649788724
guam1248,barb1265,0.0700142240761212,1.319429690070372
guat1253,guat1253,-2.360349184068082,3.304712224105703
gube1234,atla1278,-4.70353700124217,2.8046172807299827
guer1243,otom1299,-3.791256456641939,1.0634633009911625
guhu1244,nucl1709,-3.427469260817228,0.8915528816810339
guiq1238,sino1245,-1.744576001983456,0.7980921538348866
gulf1241,afro1255,-2.072443268963085,1.504371629481673
guma1254,aust1307,-4.200906974229859,0.8546836336940942
guny1241,pama1250,-3.1928583917859976,1.624163624759837
gura1251,indo1319,-2.1634202894900234,1.327569583460547
guro1248,mand1469,-4.645418522021823,2.92280851357782
guru1261,sino1245,1.2046864638209014,0.3972309298707976
guru1271,afro1255,-3.1621674360799856,0.8270222952400577
gusi1247,atla1278,-3.023637369798768,0.8988140959765305
gugu1255,pama1250,-4.188396794087302,1.895025845047696
kwam1249,koma1264,-2.1558277065919915,2.204311443527604
gwen1239,atla1278,-3.093898834718447,0.9549527074243054
gyel1242,atla1278,-2.2548803671533824,0.7986433446557486
haaa1252,atla1278,-1.7980423507651857,1.029105742434016
hadi1240,afro1255,1.239473500085979,0.6406684253510289
hadz1240,hadz1240,-3.244338236805788,3.545598323486126
haka1240,sino1245,-1.9812769164932984,0.6640349287607279
hala1252,aust1305,-1.6541168166007427,1.1207625786628377
halh1238,mong1349,2.2766224347643784,2.522448821345951
hali1244,aust1307,-3.021059996196341,0.7933192847356283
halk1245,sali1255,0.9487624000073274,0.9885926246922744
hame1242,sout2845,-2.130728385224597,2.151749803573649
hang1263,nduu1242,1.1591526392157907,1.3229297782772005
hani1248,sino1245,-3.6577275893651175,0.9133672565073968
hano1246,aust1307,-2.916119789308676,0.6169986498898226
haru1245,piaw1238,-1.8669232416892108,1.6338567236849286
hass1238,afro1255,-4.719343911751075,3.153416615206483
haus1257,afro1255,-3.1751964394613625,1.0105445084083513
nige1253,atla1278,-3.2622757452150357,0.9644199507878604
hava1248,coch1271,-2.4889784335584983,2.844907932524035
hawa1245,aust1307,-3.9059110794376792,4.613746248558867
hdii1240,afro1255,-3.2998039887709014,0.7381927483692845
hehe1240,atla1278,-2.9676744276677085,0.9137925399528743
heil1246,waka1280,0.0782729772715522,2.1251295963008943
here1253,atla1278,-3.130977110680436,1.7506951817410892
hida1246,siou1252,-3.440563481136231,2.831161642284881
high1276,mixe1284,0.5700819189699338,1.1844225233596557
hind1269,indo1319,3.2444433788374405,1.7397292343427535
hixk1239,cari1283,-2.315881835298188,1.183303684018477
hooo1248,aust1305,1.2714009451121866,0.8853875991019624
hoav1238,aust1307,-3.0944697073422343,0.8060603404432571
ainu1240,ainu1252,2.381201664800612,4.193353694040519
holo1240,atla1278,-3.8041650116511354,1.2464714777288126
hone1235,atla1278,-3.2033611050189488,0.8022854918159004
honi1244,sino1245,-1.5160044515262352,0.7763117690001033
hopi1249,utoa1244,0.7187737538401022,1.0537140444990856
hote1245,aust1307,-3.820562150876999,0.685970326551578
hozo1236,maoo1243,1.4885610440542094,1.7631437786220705
hrus1242,hrus1242,-2.691494458092219,3.1678410906379098
huuu1240,aust1305,-2.413788715693576,1.0446683984354053
hual1241,quec1387,0.6169590266315446,1.0448540129478214
huam1247,jiva1245,-2.089119088870405,2.0027524238631624
huar1255,utoa1244,0.0765391725287658,0.7419524974329921
huas1242,maya1287,0.1111192025200344,1.2955995907962814
huba1236,afro1255,-3.115993730268512,0.7500049487946558
huic1243,utoa1244,-1.2778218535777472,0.8910910547964885
hula1239,aust1307,-2.55668858052886,0.8136496457251639
hula1244,afro1255,-2.0848581579534406,1.473505414241524
huli1244,nucl1709,-2.9141637577988764,0.7639314629994338
humb1243,song1307,-4.281065747283629,3.771875066539297
hung1275,aust1305,-4.062503290042789,1.3457823272379708
hung1274,ural1272,1.096814128939688,1.6675970203915416
hunz1247,nakh1245,3.243858125752905,1.294495125972932
hupd1244,nada1235,-2.244177512194078,2.4105847087863896
hyam1245,atla1278,-3.230326655202125,0.8639022221685426
iaai1238,aust1307,-2.76739899682346,0.8971122190683198
iama1237,aust1307,-4.251899117253305,0.8373123040425146
iatm1242,nduu1242,1.083833023274804,1.2788604254996372
ibal1244,aust1307,1.0106443866171249,0.4353515274790052
iban1264,aust1307,-3.437443252216042,1.4736876289711676
iban1267,aust1307,1.0303807938886238,0.4484361561155818
ibat1238,aust1307,0.5058375087471696,0.6152023501609456
ibib1240,atla1278,-2.124356126145236,0.665217447974138
icel1247,indo1319,1.3120737524523958,2.433553270369208
idii1243,paho1240,-3.3294156145894647,3.0149940276957565
idum1241,sino1245,-0.5202636615740595,0.7280144225921319
idun1242,aust1307,-2.510694117063148,0.7903909014869352
nucl1417,atla1278,-2.207842422146938,0.7380810940246736
ikkk1242,kuli1252,-2.436211930756312,2.5579156146557303
ilaa1246,atla1278,-3.7568578770223455,1.4688392528714551
iliu1237,aust1307,-4.024797644361406,1.1970758351746378
imba1240,quec1387,1.6490206950385398,1.1846743337142227
ingr1248,ural1272,2.3579725639030653,1.4106878217315115
ingu1240,nakh1245,3.199072674356811,1.5158868023131378
iqui1243,zapa1251,-0.6831886149374728,1.5709030011044105
iraq1241,afro1255,-3.3180623028126144,1.2010466727820637
irar1238,aust1307,-3.6521509439644433,1.0956158622282732
iray1237,aust1307,0.2012022820063834,0.6857374743480991
iris1253,indo1319,-1.7970736475185536,1.793193332210011
irul1243,drav1251,2.622103230966544,1.3864157061603608
isco1239,pano1259,-5.320360429267346,1.8193131487920635
isin1239,aust1307,1.0462920797377575,0.4204763958255855
isir1237,kwer1242,-3.5425632085586503,3.2890711177611083
isna1241,aust1307,0.8748134310293809,0.5105584179600031
isth1240,utoa1244,1.5592809027943266,0.88901832030378
isth1241,utoa1244,1.5352930872920711,0.9064056910887848
ital1282,indo1319,-1.3372974766411885,1.151414795973186
ivat1242,aust1307,-1.4314445154964217,0.7546555271691977
iton1250,iton1250,-1.4417403759340297,2.406778359500655
itza1241,maya1287,-0.0324524529179077,0.7540661288584403
iumi1238,hmon1336,-2.98747500094424,1.79820530027348
iwal1237,aust1307,-3.8759341104134863,0.6928739560380572
iyoo1238,nucl1709,-2.789706077199654,0.6222383562334688
jahh1242,aust1305,-3.935222844105303,1.9039835922061528
jalk1242,mand1469,-4.787312926676502,2.713172431367491
jamb1236,aust1307,-3.858961894774669,2.307734035837908
djam1255,mirn1241,-3.8112622925165742,3.4407509548616906
jams1239,dogo1299,-4.162015494337954,3.722213880289399
nucl1643,japo1237,2.2271049581232814,2.6723191341679504
japh1234,sino1245,-3.3398225450795027,0.9228019700336264
jaqa1244,ayma1253,-0.5577906561031467,1.6332131087282231
jara1266,aust1307,-2.788312049317911,1.292339292819598
jaru1254,pama1250,-1.7723403331281058,1.4781649551763936
java1254,aust1307,-3.62992722206081,2.163230829103439
jede1239,aust1305,-4.014926909117089,1.7924687745535746
jeha1242,aust1305,-3.922519037681916,1.7756054471606442
jiba1237,atla1278,-3.013990336076982,0.750352926097249
jina1244,afro1255,-3.1919446893085706,0.8267257083615629
djin1251,mirn1241,-3.632257383071912,3.589860186041585
jita1239,atla1278,-3.1996229922209616,0.9451109258323482
jjuu1238,atla1278,-3.249724089748652,0.8951861850947891
juan1238,aust1305,1.6507395622847727,0.9553089368916609
juku1254,atla1278,-3.0401692870729917,0.612539724429146
jurm1239,cent2225,-2.017943728797898,0.924951866458322
kaba1281,cent2225,-2.0304361501572914,1.064663455535154
kaba1278,abkh1242,-0.7242617694007398,1.7965439143847313
kaby1243,afro1255,-5.078985820781158,2.845525929136822
kach1284,gong1255,1.6330271991224472,0.6783014065625936
kada1242,drav1251,2.5225571719251976,1.0238011520686676
cent2100,aust1307,-0.8657589860994803,0.7111310359073402
kado1242,sino1245,-2.310337567376988,0.868563410263052
kafa1242,gong1255,0.9209096170231948,0.6559766062749599
kaga1256,aust1307,-1.9854568049625727,0.8185197915309432
kagu1239,atla1278,-2.962333461721121,0.9192291159756598
kaik1246,sino1245,1.1281443824317825,0.6345914482326132
kaki1249,kaki1249,-1.938109751829722,2.55289625549863
kala1399,eski1264,-3.308358093032121,5.366804242144879
kamm1249,atla1278,-2.980947158521974,0.694352833026648
kama1370,nucl1709,-0.7715036722469529,0.5297459975069039
kamb1316,afro1255,1.24908421715385,0.630494229704107
kamb1297,atla1278,-2.850408440375518,1.0701114399018383
kamb1299,aust1307,-3.071339974323646,1.1863063917638517
kamu1260,kamu1264,-3.2410274906073364,2.9644343981118544
kana1286,aust1307,-1.536680498901318,0.6160791894058093
kani1286,nucl1709,-0.7703483465415084,0.5273885728235497
nucl1305,drav1251,2.707621983934266,1.2151326072796031
bidy1244,atla1278,-4.732681138044805,2.6184005579162566
kapi1249,aust1307,-3.0292274020782157,1.3590895449947975
kaqc1270,maya1287,0.1548720969200614,0.6625901727016013
kara1482,cent2225,-2.492185361821506,1.2821063908813262
kara1476,pama1250,-1.0333472530701489,1.2475078266770545
kara1500,nucl1710,-2.9614752223595984,2.6223676812159225
kara1487,aust1307,1.041929559022177,0.3903050148303588
kara1486,aust1307,-3.1536175215206352,0.740844671239163
kare1338,atla1278,-1.119673918854435,0.6772834498205675
kare1335,ural1272,2.591368044340778,1.8162883154023968
kari1306,atla1278,-0.7554172098204437,0.6314514218798895
kari1311,tupi1275,-4.136275699508279,2.2990182334240217
kark1258,pauw1244,-1.8989190539980887,2.5846855247837865
karn1252,aust1307,-3.3432371358587503,0.7180782051712358
karo1304,karo1304,-0.8669415125626216,2.372639042029824
kash1277,indo1319,2.052914603056473,1.4169138915877113
kask1239,atha1245,-2.65749809524475,2.70292629900817
newa1246,sino1245,1.0028249646906011,0.4359717803567751
kats1235,sino1245,-3.3118565247699085,0.8410314144714759
kana1291,katu1274,-1.752070336265558,2.7709298810337604
kaur1271,kaur1274,-3.5445602030059367,3.3891499958218816
kava1241,aust1307,-1.1698685624260317,0.745793162500914
kaya1315,sino1245,-4.08436962616069,1.1675152443577783
keap1239,aust1307,-2.5603969100574706,0.8278608688559359
keda1252,aust1307,-3.68376283570744,1.0634678532436157
kera1248,atla1278,-4.729887820381386,2.719022703071299
keig1242,kadu1256,-2.743953618257426,3.239510073686062
kele1255,atla1278,-2.2526753266842205,0.8822563500169291
kele1258,aust1307,-3.075973866490851,0.9213360340115636
kele1259,aust1307,0.9104887557781508,0.3827767642168478
keme1240,atla1278,-2.9109691549280345,0.5601681546482258
keng1240,cent2225,-3.135287363241229,1.3383508649614413
kens1248,aust1305,-4.01594582739481,1.7568862860966394
kenu1236,nubi1251,-2.2226042787395563,3.5700943145346846
keoo1238,aust1307,-3.401061966533585,1.108057469483013
kera1255,afro1255,-2.7160446571890766,0.7924770675704629
keri1250,aust1307,-3.858311356665774,2.3124442596226915
kesa1244,nucl1709,-1.144091340529111,0.5538646476486688
kett1243,yeni1252,1.7911145378030753,3.466769398035
kgal1244,atla1278,-2.807448086685258,1.6890164361765
khak1248,turk1311,4.187185041319905,3.6057395789645392
khal1275,sino1245,1.2190305468842388,0.435496586733163
kham1282,sino1245,-2.087184674262909,1.2456505561082576
khan1278,atla1278,-2.0916271906206534,0.6987785262923429
khan1274,aust1305,-4.00782966566371,1.2289210263858763
khar1288,sino1245,-1.7988546153571194,0.5045255840301959
khar1287,aust1305,1.9713155131663904,0.9715200528734762
khas1269,aust1305,-1.7891549533195057,0.8888597702535286
khez1235,sino1245,-3.4267512226374266,0.5043732913304337
khin1240,nakh1245,3.087673659372713,1.4473121382026122
khmu1256,aust1305,-4.317355302414311,1.2017672662198908
guan1266,sino1245,-1.6496636633731696,0.8308317974979413
khum1248,sino1245,-2.1302567974239293,0.6755911478102439
khva1239,nakh1245,3.265028398032243,1.2974803401211794
kich1262,maya1287,0.1699750585597983,0.6464809182804538
kiku1240,atla1278,-2.709390986847172,0.9836521338964328
kile1243,tung1282,3.4765830635092487,3.301070033545437
kili1267,aust1307,-4.063713297200899,0.8881257871798889
kimm1246,atla1278,-2.5360347360590048,0.8330024031251995
kimm1245,hmon1336,-2.544537718139729,1.5540046986988774
kinn1249,sino1245,0.9410633008440484,0.8564366789282891
kiow1266,kiow1265,-1.4517339365715003,2.734861919629088
kips1239,nilo1247,-2.2615631102974145,1.149460086399699
miju1243,sino1245,-2.8366345654356944,0.6753260626730766
koda1255,drav1251,2.579186462239384,1.12113552533787
koho1244,aust1305,-3.213291683796604,1.4154627292110913
koir1240,sino1245,-3.585008172909606,0.5226717671164387
koit1244,koia1260,-4.288315358159536,2.5162020547726165
koka1244,pama1250,-2.9826107670842235,1.7550326215411216
koko1269,aust1307,-2.8957624897372227,0.7978558872822559
kola1285,aust1307,-4.093617505199145,1.2917828615300877
kolb1240,atla1278,-2.564861121927595,0.7343646066351157
kolc1235,atla1278,-1.2850668684651725,0.6560986595454024
kolu1245,aust1307,-4.159301847263521,0.8230561109311045
komb1274,nucl1709,-3.3460760374390026,1.0776357639774157
komc1235,atla1278,-2.7801414615883275,0.5281823735153903
komi1270,sino1245,-3.6352907524303535,0.5659877022370967
komi1269,ural1272,2.939694388781198,2.477597424715888
komi1268,ural1272,2.853441634789597,2.655577568657581
komo1260,atla1278,-2.591976657210292,0.9596575232610088
kona1242,east2433,-3.165409854494716,3.1554629681699358
konk1267,indo1319,3.1015843847596085,2.093464462664641
kons1243,afro1255,-1.4077057378936693,0.6530546269497934
kony1248,sino1245,-1.4949252307832932,0.5346772363332244
konz1239,atla1278,-2.3443109295905598,0.7638900430570494
koor1239,gong1255,1.3203191643153214,0.7004538234623912
kore1280,kore1284,2.519969587891859,4.061197371095338
kore1283,tuca1253,-0.1285441832302245,0.9488604888556617
kork1243,aust1305,2.0338155459040057,1.536331825073507
koro1298,atla1278,-4.122682234978364,1.6003992859118288
korr1238,drav1251,2.646396175297653,1.236272615332454
kosa1249,nucl1709,-3.459012711714724,1.0676672497096522
kosr1238,aust1307,-1.6874841505370848,1.6483804109180855
kota1263,drav1251,2.4780484986397293,1.0042014942644073
koti1238,atla1278,-2.1963375081773946,1.4280177906371794
guan1269,tuca1253,-1.0624029384864966,0.7019007696272119
kova1243,nucl1709,-2.628394124042357,0.9017170379659908
kove1237,aust1307,-3.570397818642804,0.7556419741401923
koya1251,drav1251,3.250659680443196,1.3913213676465368
koyr1242,song1307,-4.353960099676111,4.030475540953417
koyr1240,song1307,-4.565184171178834,4.009418732451905
koys1242,afro1255,-1.4896362838936468,1.1065206995759749
kren1239,nucl1710,-4.997600060320501,3.995538256586924
gbay1288,kres1240,-0.4856270094655261,1.439830748335158
kryt1240,nakh1245,3.0869179351643,1.465040849718788
puoc1238,aust1305,-4.015731123790406,1.265399131988466
kuan1248,aust1307,-1.4559422324762823,0.6307741371802829
kuan1247,atla1278,-3.3078736687546386,2.1553572665861607
kuii1252,drav1251,3.080996145474098,1.3572852970129423
kuik1246,cari1283,-2.1309753099257738,1.6638264814717312
kuku1280,pama1250,-4.095833951855009,1.913476164478051
kuku1273,pama1250,-4.204522427992513,1.8643640060051572
fait1240,nucl1709,-2.9568321720772706,0.5686260607497342
kulu1253,sino1245,1.3110427997359784,0.4326423587901571
kuma1280,nucl1709,-1.166745279340356,0.5413340382005014
kumb1268,pama1250,-1.13977380679609,1.602000548888527
kumz1235,indo1319,-0.536850206910378,1.6532236454573512
kuna1268,kuna1268,-2.528985329503413,3.2589550102927385
kunb1251,gunw1250,-2.489510888572214,2.99179566465447
kuni1267,kuni1270,-3.779093672701771,2.748152473712337
kunj1245,pama1250,-4.116592099366656,1.8968266459248837
kuot1243,kuot1243,-1.3570179776470006,2.337085863788632
kusa1251,aust1307,-3.127870294731346,0.8087949351970032
kusu1250,kusu1250,2.357073384255717,3.0147890134473467
kute1248,atla1278,-2.954591198880952,0.6047021334413278
kuvi1243,drav1251,3.0002611301447115,1.3687101834417286
kuyy1240,aust1305,-3.877473370565249,1.3060268176197347
kwai1243,aust1307,-3.239522149038628,0.8276170750585896
kwam1252,aust1307,-3.053367189692774,0.946985014420477
kwar1239,aust1307,-3.097024142471217,0.8154153597646197
kwaz1243,kwaz1243,0.2619481398824814,2.0667371473156457
kweg1241,surm1244,-2.528132586851124,1.8965398991762976
nucl1595,kwer1242,-3.5154902850852414,3.270247171622086
kwin1241,worr1236,-3.4630531543465937,3.4956484857908183
kwom1262,sepi1257,0.0660025551665282,1.6068233331656092
nucl1593,kwom1263,-3.401324750781753,3.257768235988384
kxoe1243,khoe1240,0.2615450007050104,1.652747204088305
kyer1238,sino1245,0.5446992098011041,0.4471091630851385
cori1240,atla1278,-3.232808827408645,0.8579466561987132
laal1242,laal1242,-2.1402101825470714,2.8575962812465834
labe1239,aust1307,-2.927456886430102,0.6958209675180278
labu1248,aust1307,-3.726278148748302,0.6790250360539076
labu1249,aust1307,-0.9837820851437976,0.7893367682675523
lach1248,taik1256,-3.747148865038088,2.606138880327234
lagw1237,afro1255,-3.2208605013216105,0.8547081869185762
zaye1235,sino1245,-4.1855700131808575,1.1180518631248146
lahu1252,sino1245,-4.077858907044627,0.9041297909419111
lakk1252,nakh1245,3.294967897387484,1.3278829538402936
lala1268,aust1307,-4.261844943663322,0.7819686697231658
lala1264,atla1278,-1.9419381425037727,1.3251506933667103
lama1277,aust1307,-3.693253898342347,1.066715066016517
lama1288,afro1255,-3.232363505079738,0.7423852235891912
lamb1269,indo1319,3.456493214348328,1.9124470401685425
lamb1273,aust1307,-1.0246910397446651,1.1542835492507733
lamb1272,atla1278,-3.404585666830765,1.0729366887532723
lame1260,aust1307,-3.112949197239097,0.5688016461982643
hela1238,sino1245,0.7098070428335244,0.4248869768371648
lamo1244,aust1307,-3.6147193941854265,0.7455605404180776
land1256,atla1278,-4.771635267367316,2.3399506454860592
lang1320,atla1278,-1.591340276811799,0.8533776518330516
lang1324,nilo1247,-1.775778980349115,1.094680628781191
lara1258,lara1258,-2.320779361095844,3.091984419946243
lash1243,sino1245,-2.9391858434058533,0.717832765065693
teke1275,atla1278,-2.782843997979054,1.1744008185307733
latv1249,indo1319,1.7424612755456912,1.349889065831083
lauu1247,aust1307,-3.187673280356777,0.8435875776574555
lave1248,aust1305,-3.7269211091915526,1.205499751630953
lavu1241,lavu1241,-2.5740204327820413,3.0722964912593858
lazz1240,kart1248,1.3397025117079444,2.04700619477092
lega1250,atla1278,-1.7332368732763823,1.0099417946591762
lega1249,atla1278,-1.7923851449218962,1.079883844755785
lele1276,afro1255,-2.2917553155974586,0.854394889108824
lele1267,aust1307,-1.4070928788608026,0.6547187487764443
lele1270,aust1307,-2.9977760388952737,0.927612656114154
lemb1266,nucl1709,-2.9313571445582265,0.6791488226353808
leme1238,aust1307,-3.226612498442199,0.8481390937646731
lena1238,aust1307,-3.0681567799420826,0.9136212704587264
lend1245,cent2225,-0.3701348294943711,0.7370998861542608
leng1259,aust1307,-3.241712833330643,0.8057434266156438
lepc1244,sino1245,-1.1474205654158791,0.5104894119838557
lese1243,cent2225,-2.487562642928267,0.8626860226474147
leti1246,aust1307,-4.201874437488229,1.293892069657102
lewo1242,aust1307,-3.1174586946476173,0.6029856888368448
lewo1244,aust1307,-3.6917542813484663,1.073795190657992
lezg1247,nakh1245,3.174433889187697,1.4074856391891153
libi1244,atla1278,-1.994084663091098,0.5586031901251713
liby1240,afro1255,-4.334514270935299,2.4186054180773784
lihi1237,aust1307,-3.0862696654526083,0.7152746844514581
liji1238,atla1278,-3.1193441288106523,0.7707706966340826
lika1243,atla1278,-1.185920880515864,0.6513901403370959
lill1248,sali1255,1.169050114214866,1.141454554163655
nucl1327,limi1242,-3.970547927444294,3.782342448482864
limo1248,aust1307,0.962498709463377,0.4212143832181283
lipo1242,sino1245,-3.0406263473940367,0.766715687700291
lish1245,afro1255,-1.525974555255089,1.0787097028371333
lisu1250,sino1245,-2.8058178723872427,0.6875947484377409
lith1251,indo1319,1.5714636896907472,1.2717669306082575
lito1235,atla1278,-1.4969786053231768,0.5319876786327526
livv1243,ural1272,1.8594923988240384,1.415445889435623
loba1239,atla1278,-1.9655425571759184,0.5830209568251927
logo1259,cent2225,-1.9294112430507968,0.7896102389699546
balo1261,atla1278,-2.4288973514617345,0.6923933069407457
loka1252,atla1278,-2.498985500716027,0.6530030399266176
araw1276,araw1281,0.0307712203945751,1.2455343799651502
lolo1259,sino1245,-2.9942535410122377,0.7693116224490124
lomb1257,indo1319,-1.3666652393078131,1.08443269673284
chiq1248,chiq1253,-1.942385571538449,2.8834975038482247
acha1249,sino1245,-3.559937341127456,0.7916246839344971
long1395,aust1307,-3.2965755594633697,0.8298737509194796
loni1238,aust1307,-3.0831175097708066,0.923074724877374
lonw1238,aust1307,-1.2383567273827354,0.5182934986621381
lote1237,aust1307,-3.593714258210265,0.7903634879572374
loth1237,sino1245,-3.366629961475399,0.5206084019033677
louu1245,aust1307,-2.5476985674257104,0.8906165919157187
vano1237,aust1307,-3.476991101616601,1.0618209697261447
lowl1260,tequ1244,0.958293975690728,2.214966911054149
lowl1265,utoa1244,0.0152649442093037,0.7126125145887148
lozi1239,atla1278,-1.7006935031275394,1.308315548911466
luan1263,aust1307,-4.093799160144021,1.3122368997283995
onto1237,aust1307,-2.849914285426072,1.155414484217398
lubu1243,aust1307,-0.9713770103714268,0.415756618505144
luch1239,atla1278,-3.6581476054825512,1.579480135326934
ludi1246,ural1272,2.698607851206055,1.6639951644651827
lugb1240,cent2225,-2.1732097339042507,0.8225793005456339
lugu1238,atla1278,-2.276849471178551,0.9302443285301196
lule1254,ural1272,2.88464796221568,2.184558720418951
lumb1249,atla1278,-3.051193491306944,1.5957483402657378
lumu1239,narr1279,-2.953590217652073,2.5445188632073057
lund1266,atla1278,-3.9040289979045006,1.656292690153653
lund1271,aust1307,-3.0931530778514933,1.0312330715431823
luok1236,nilo1247,-2.4768114059815285,1.2165630828071723
luse1252,atla1278,-2.6612639745143847,0.8069976387710263
lusi1240,aust1307,-3.508109963838453,0.7414352970871381
luva1239,atla1278,-3.69925492089864,1.6070571612566482
luya1241,atla1278,-3.621121801608608,1.510078363504343
maan1238,aust1307,-3.186466962780428,1.4872796692421897
maas1239,atla1278,-4.103525663639612,1.3644775145256096
maba1270,atla1278,-1.753759310370917,0.6211090379879822
maba1277,maba1274,-3.1209873599883244,2.894372903834367
mace1250,indo1319,0.030638534156596,0.8535742540755553
maco1239,sali1297,-2.505816417561862,3.1560033476972995
macu1260,tuca1253,-0.603188298565104,0.6774702909966424
macu1259,cari1283,-0.9532136361408676,0.9732781299387055
mada1285,aust1307,-1.4043371291439462,0.6289412155044447
madi1260,cent2225,-2.486357521220234,0.9383221526198132
jama1261,araw1282,-3.4231241076620598,2.9717626686966048
madn1237,east2374,-3.787105974249907,3.7439374623369615
mafe1237,aust1307,-2.8801867768039324,0.5818963983714518
maga1260,indo1319,3.2288148730622166,1.2663260097853284
maia1254,nucl1709,-2.946314429086199,0.7070877218743998
mail1248,mail1249,-2.2125844669700148,2.863525753400008
mais1250,aust1307,-4.203379628615119,0.7580801784931044
mait1250,indo1319,2.9348609310427025,1.0937633853850652
maja1242,surm1244,-2.4284505940623244,1.9025385535913488
maka1304,atla1278,-1.3723217545001896,0.6426616664585065
makc1235,taik1256,-3.1357209475375383,2.547782242636515
makh1264,atla1278,-2.445005465574672,1.2912821022460026
makh1266,atla1278,-2.3998613015093144,1.2424316131716608
mako1251,atla1278,-2.520415150795523,1.1374280670633228
maku1277,aust1307,-4.183872285738215,1.2703346181056645
makw1236,atla1278,-2.447039946754705,1.1687695882043725
mala1463,drav1251,2.3909346769576527,1.4499534501322715
mala1534,aust1307,-0.8567989155817508,0.4363546253703205
mala1464,drav1251,2.446359024233604,1.3075361318029373
mala1522,chib1249,-2.519923395015496,1.9018115417321877
male1284,gong1255,1.2015016268900856,0.6102341594518697
male1297,chib1249,-2.3543165062398432,2.18118544137677
male1289,aust1307,-3.452747060267197,0.7395642400102087
malg1251,afro1255,-1.671889675847717,0.8081412763049638
mali1285,otom1299,-3.930374897326423,1.1067282060210148
malt1254,afro1255,-2.66553602053191,2.080224469797293
malu1245,aust1307,-3.1000135658908703,0.5474441858451211
mamm1241,maya1287,1.751698972512223,0.6444631618417116
sauk1252,nucl1709,-2.957359738089372,0.7176223477295798
mama1275,aust1307,0.1067455520898825,0.655363676584404
mamb1306,aust1307,-2.2776821221204195,1.1620545935675874
mamb1294,atla1278,-2.8976305475858046,0.7659428115875988
mamb1296,atla1278,-3.693101339041013,1.2506205705784348
mamv1243,cent2225,-1.903586315122664,0.8034562980621134
mana1295,aust1307,-3.5643756130978046,0.7751624984739749
mana1298,nduu1242,1.0768029390374037,1.2567722210527847
mana1288,sino1245,-1.0254417711901804,0.5460735235315495
payn1244,nucl1709,-1.2008320676265491,0.6041538840281993
mand1423,atla1278,-1.2836444987400193,0.9249326942616536
mand1440,aust1307,-1.1492146592722643,0.6811457141565169
mand1415,sino1245,1.406019853998978,2.007849251941524
mand1436,mand1469,-5.173620181394826,3.876671527843177
mang1378,aust1305,-4.164326105621693,1.1201715471451186
rapa1245,aust1307,-2.494554452398809,3.5171887187219197
mang1401,aust1307,-4.104504004854985,4.214747061476394
penr1237,aust1307,-2.6439624356365954,3.399368424694691
mang1381,mang1423,-2.1539904304556075,3.0210632840537004
mang1394,cent2225,-1.5817764103710097,0.907745572004644
mang1404,aust1307,-3.781179833672773,0.6771697082533343
mang1405,aust1307,-3.0486036132875154,1.1190908388197842
mang1403,aust1307,-3.6167190985625313,0.7697856357391712
tong1308,aust1305,-3.858865822475174,1.728001766283091
manm1238,aust1305,-4.096009394141072,1.0654505980105444
mann1248,mand1469,-4.8767549785170345,3.25666141395752
mans1262,aust1307,0.1394575147224381,0.6807788821092613
mans1260,hata1242,-2.890207847492165,3.37083815021702
manu1258,aust1307,-3.667636152734829,1.2410673969686368
maor1246,aust1307,-3.2061740024990835,3.740186048485097
mapo1242,aust1307,-3.749680742468724,0.6765142487018876
mapu1245,arau1255,1.0568179505719375,2.904795134644133
mara1382,sino1245,-3.898242136056703,0.7692488004756299
mara1399,aust1307,-3.124769447150121,0.535919322250554
mara1379,sino1245,-3.377520248793203,0.5129753782997621
mara1386,west2434,-3.915447193845885,3.36615470892244
mara1396,tama1329,-3.5121269016872274,2.7074825389995327
mara1378,indo1319,3.5488095505226838,1.8919112789874868
marg1265,afro1255,-3.2555563598809814,0.7711062790259362
mari1414,drav1251,3.4078215467158848,1.507463479508294
mari1440,coch1271,-2.46308652859816,2.7767544496623664
mari1428,aust1307,-3.5616800148116288,0.7110038969321302
nucl1622,anim1240,-0.8325135578835428,2.1533775003451945
mari1424,west2434,-3.9610318052872273,3.390803459838466
maro1244,aust1307,-3.090161240976198,0.8093261165756909
mars1254,aust1307,-2.4333174953961487,2.383899373551624
mart1255,pama1250,-1.744097455580793,1.711060916500016
maru1249,sino1245,-2.958585403251013,0.7519067356492739
masa1322,afro1255,-2.7026023303704187,0.806251865509247
masb1238,aust1307,0.3331251019687566,0.6102519789939418
mask1242,aust1307,-3.1232449435659904,0.5405035879972679
matb1237,aust1307,-3.4537449159534086,1.2096327839289955
kemb1249,aust1307,-3.660101409780455,1.7297708344965974
mati1250,aust1307,0.5917470120918664,0.5518884142142548
mato1252,aust1307,-3.5201669142455563,0.698176781900985
mats1244,pano1259,-5.262695820702625,1.92305237834453
matu1261,aust1307,-3.5407051049256584,0.7318054455745173
matu1259,atla1278,-2.692966342849159,1.066213089412881
maun1240,iwai1246,-2.426371691184249,3.178451193033575
maxa1247,nucl1710,-3.2428782737837287,3.832450033015368
maya1285,misu1242,-3.1581739513953546,2.446221285634953
maib1239,mayb1237,-3.00778220967792,3.4385367583825968
mayo1264,utoa1244,0.2332959976517372,0.8735658000758031
mayo1261,atla1278,-0.7087812297650462,0.6163786237229099
maza1304,afro1255,-3.0242876577946625,0.7370259745298116
mbaa1245,atla1278,-1.783759217529291,0.824254833341298
mban1263,atla1278,-0.3308926855724463,0.5340353565291265
mbar1260,afro1255,-2.9993498206868754,0.8366656937782491
mbay1241,cent2225,-2.495332590424717,1.045804320595341
mboc1235,atla1278,-2.3453462459683467,0.5111976773104674
mbol1247,atla1278,-2.623090589519083,0.9827365122198168
mbug1242,atla1278,-3.3820426264481456,0.904238641077475
mbul1263,aust1307,-3.39350188097767,0.7285372021868746
mbya1239,tupi1275,-3.467552548238545,3.4672521807608687
meen1242,surm1244,-2.4905194519276224,1.851139976991286
mehe1243,sepi1257,-1.9756078336474536,1.7040058311603137
saki1248,tupi1275,-2.7149089089877427,1.934617793736435
meke1243,aust1307,-2.312647768287765,0.7146761280639389
mele1250,aust1307,-3.1323474802989995,0.6844496823329145
melo1242,gong1255,-0.599221534408406,0.5675004232535432
melp1238,nucl1709,-2.9798034590130995,0.5920344069044408
mend1266,mand1469,-5.024983340408765,3.4096762851832194
mere1242,aust1307,-2.8649255045048228,0.6447868226184221
meta1238,atla1278,-2.6037088596160016,0.5422858490234663
mezo1235,otom1299,-3.561824723193527,1.0293590543625912
mezq1235,otom1299,-3.777289133942475,1.3579263653049969
mich1245,utoa1244,-1.0652889659193572,1.1886919590650278
midd1327,aust1307,-3.6926342835975534,0.6797872838321961
mids1243,atla1278,-0.2912886152871832,0.613310700209257
mikm1235,algi1248,1.7752376491995308,2.3703943610778104
mila1245,sino1245,-2.3278940587569315,0.6596119057880561
mina1276,afro1255,-3.073040424982016,0.7260460508259587
mina1268,aust1307,-3.854382396844296,2.2653718490795844
mini1256,huit1251,0.8387664827003021,1.5519172626490558
mini1251,aust1307,-1.479360562207824,0.632606560030597
minn1241,sino1245,0.6108499992681962,1.1202799608040408
misi1243,aust1307,-4.052499097194214,1.143568886163176
misk1235,misu1242,-1.330720813197768,2.307599469555556
mixt1426,otom1299,-2.98747268506637,1.0782168365704132
miya1266,afro1255,-1.3637660501145363,0.8644926453520512
miya1259,japo1237,1.7322654868827398,1.4179787862679565
lush1249,sino1245,-1.8992435840554545,0.7002412402722671
mlab1235,aust1305,-4.4293120409216495,1.341753865677667
moba1244,atla1278,-3.7289093326988874,1.2576901453218543
moch1257,maya1287,2.049960209658348,0.6263924958374281
moco1246,guai1249,-2.117704000500714,3.121571478565325
mode1248,indo1319,-1.3825789561380972,1.3079029340461146
hebr1245,afro1255,-3.6086285219254055,1.932722978295141
moii1235,west1493,-3.0024292545638227,3.4881750479235656
moke1242,aust1307,-3.5541101456093527,1.8812510301916108
moki1238,aust1307,-2.475711367536168,1.594199726589543
mokl1243,aust1307,-3.433859427317566,1.8478730322614805
mokp1239,atla1278,-0.6817500351516954,0.5710773672307274
moks1248,ural1272,3.0784027998825567,2.215743287776429
fass1245,baib1250,-3.317044869014336,3.2502396307526302
mong1338,atla1278,-3.0120268349985317,1.0899225896884088
mono1273,aust1307,-1.4473350759770254,0.7983663097793476
mono1270,atla1278,0.0840174237001578,0.5323602980692606
mono1275,utoa1244,1.3509144459960232,1.167207345824532
mont1268,algi1248,0.0919816066216365,1.8181762680723592
nucl1458,monu1249,-3.1236552963280486,3.1187619661379946
monz1249,atla1278,-1.1744385304487437,0.5328923584030347
mopa1243,maya1287,0.0990420969435126,0.8059904486157423
more1259,utoa1244,-1.9865245995278944,0.8067395335113279
mori1269,aust1307,-2.400352793495036,0.8965879631571498
morm1235,aust1307,-2.130402998851328,1.0301488862901795
moro1285,heib1242,-2.9287278955348586,2.580246853883917
moro1287,aust1307,-1.3763364004158485,0.9338473713746804
mort1237,aust1307,-3.076720204961559,1.5549082805515226
mose1249,mose1249,0.7934853945715261,2.1443036117734358
temb1272,atla1278,-1.7825701039379638,0.6118259630283571
motu1246,aust1307,-2.552181027026537,0.7935555527715845
mouk1239,aust1307,-3.568923981792305,0.7431904487485905
moun1252,koia1260,-4.033467089742731,2.408500347595167
movi1243,movi1243,-2.57589179559789,3.0303950961540247
tang1347,aust1307,-3.06770071861211,0.6084366621093835
moyo1238,sino1245,-1.9267240338282536,0.5824794177596591
mpad1242,afro1255,-3.4581315084687057,0.9891425397913453
mpii1239,sino1245,-4.149313911911618,1.3115627309899924
mpot1240,atla1278,-3.112590685081773,1.0541278071941242
mpur1239,mpur1239,-2.8189855124736565,3.3512216726749715
mual1241,aust1307,-3.606681276088787,1.703149123300336
mudu1242,aust1307,-3.393761386927405,0.7862703626580361
mudu1239,drav1251,2.527750164069855,1.0411995658079958
mull1237,nort1547,-3.770958174315005,3.72089783814571
nucl1240,atla1278,-2.932723782975578,0.724195565929616
munc1235,sino1245,-2.1963845554659587,1.0194061503148468
mund1328,atla1278,-2.8151555158151376,0.5476845471178269
mund1325,atla1278,-2.904268263612409,0.7862111361211506
mund1320,aust1305,1.6882024492201633,0.9337807112735196
mund1326,atla1278,-1.049708328848611,0.7337133882823812
mund1330,tupi1275,-2.9470498420293865,2.480480619905614
abar1238,atla1278,-2.8135162590579808,0.5468185560626715
murl1244,surm1244,-2.687942101822321,1.9492791913816896
muru1274,huit1251,0.9083994568183176,1.5581886171771968
muru1266,pama1250,-1.2295416085849964,1.3998632880475013
musg1254,afro1255,-3.0114504798169115,0.7986088344136828
muso1238,aust1307,-3.6674548052537337,0.6808696737757725
muyu1244,aust1307,-3.908761025761361,1.0249640271180498
mwag1236,afro1255,-1.4485020572551577,0.8318126052263448
mwan1250,mand1469,-4.70468546245596,2.7973346800949628
mwan1247,atla1278,-2.391511912939176,1.2798047203859646
mwer1248,atla1278,-2.7104471924458178,1.085310637504552
motl1237,aust1307,-3.2903765590064635,0.8717102566218511
nade1244,nada1235,-4.160604826018524,2.9114851636032526
sout2857,aust1307,-3.1522587407060323,0.5533154464294956
naka1262,aust1307,-3.5336056365996957,0.775387048358601
nali1244,aust1307,-3.187688553643184,0.7065486149812772
nalo1235,aust1307,-1.761412636749001,1.0477832341813187
nama1268,aust1307,-3.123344808470628,0.6512663180554528
litz1237,aust1307,-3.1280949983263646,0.5269052867374935
nama1264,khoe1240,1.0216797245763012,2.1452671518521687
namb1293,more1255,-0.9779052383766969,1.2426301248067704
namu1246,sino1245,-3.412811309256965,0.7980538024036683
nana1257,tung1282,3.4282236719857013,3.1559435919464134
nand1266,nilo1247,-1.8416399439090636,1.020205857954786
nang1262,aust1307,-3.53605703433012,1.0801417925520926
nant1250,araw1281,0.3536646289577563,0.9545536992561257
nara1262,nara1262,-2.787806327056698,3.446687391164253
naro1251,aust1307,-3.249957524949069,1.190077424269612
yong1270,sino1245,-3.1415656395174643,0.7305616416075535
naru1238,pama1250,-1.277683135870887,1.757108066043596
naue1237,aust1307,-4.040230020470466,1.2495601621632728
naur1243,aust1307,-2.756060206201921,2.0175844785307326
nava1243,atha1245,-2.811725942214111,2.180144182085153
nawu1242,atla1278,-3.6861262293191537,1.1868636804383854
naxi1245,sino1245,-2.872056253124601,0.7085010210423821
ndam1239,atla1278,-2.973526306168124,0.9311520072191106
nden1248,atla1278,-2.681385745724992,1.049795281901833
ndob1238,atla1278,-2.232127228606727,0.6301199999490663
ndog1248,atla1278,-1.3155772909178602,0.8627447312534144
ndun1249,atla1278,-1.458721798517293,0.6157309044836312
negi1245,tung1282,3.3038886692912626,3.220778991128258
neha1247,aust1307,-3.0218149278289137,0.8152936067194378
kuma1276,aust1307,-2.86678886872078,0.930656181519117
nenn1238,more1255,-1.0366339095845356,1.2465224067311294
nend1239,nucl1709,-2.977014364265209,0.6103424528942494
neng1238,aust1307,-2.3745407931253744,1.0899679126523711
nucl1706,afro1255,-1.9547501823492457,1.4485887492210487
nepa1254,indo1319,2.2176722635377284,1.0194280921626877
nese1235,aust1307,-3.083848670346653,0.5434896359657042
vinm1237,aust1307,-3.133169290970454,0.5328855255663001
ling1265,aust1307,-3.1259653921404635,0.5238184201765987
nezp1238,saha1239,-0.4886049302173503,1.746187926594282
ngaa1240,pama1250,-3.337538392022684,2.1089689100143048
ngab1239,chib1249,-4.408050669890837,2.3738785013273027
ngal1292,gunw1250,-4.157633695052021,3.1746447320901456
ngam1268,cent2225,-2.769078794259316,1.041458802093997
ngan1291,ural1272,2.584085767196118,2.960696491218637
ngar1235,pama1250,-2.2509684752271126,1.486093645807257
ngar1284,worr1236,-3.0649515286053544,3.4769847740481508
ngar1283,mirn1241,-3.718932193010782,3.702668497464728
ngas1240,afro1255,-3.135264404150845,0.8355093737261488
ngba1284,atla1278,-0.6455663680032044,0.5830000441396228
ngba1285,atla1278,-1.2502332992997816,0.5241778330607296
ngit1239,cent2225,-0.5549314608006806,0.7734975145944558
ngom1268,atla1278,-2.131985457001873,0.6549042668231948
nhan1238,pama1250,-3.5462892412998004,2.6973041275436955
nhen1239,tupi1275,-3.724798990327945,2.192175341085118
niha1238,niha1238,2.893613926174196,3.8056541510999065
nila1242,atla1278,-3.4380911087656325,0.976161183275484
nucl1633,nimb1257,-1.989073129714653,2.7225704011500627
nina1238,yano1268,-2.787908294944258,2.6761408201332517
labo1244,aust1307,-2.969165865415898,0.542546849456846
nisg1240,tsim1258,-0.0270063093780463,2.18592242690486
niua1240,aust1307,-4.20698976879569,3.870848362081553
niue1239,aust1307,-4.361175157674851,3.754534544504353
niva1238,mata1289,-2.0098246566085884,3.2013728296292525
njan1240,atla1278,-2.5928070952550897,0.5989360391209573
nkon1248,atla1278,-3.6671241241657935,1.1737818401263116
noct1238,sino1245,-3.015382935720456,0.5835472472118646
noku1237,aust1307,-3.0766052208294288,0.7355969205559933
noma1260,atla1278,-2.1987388658055345,0.54991412975627
noon1242,atla1278,-4.708175292837083,2.920266686891688
noon1243,atla1278,-2.827887735813128,0.5408710296984403
nopa1235,otom1299,-3.391844940581016,1.059850926515968
nort2839,aust1307,-2.9294707209692743,0.5446881320995676
nort2697,turk1311,3.063966221955549,2.0227270469568923
darg1241,nakh1245,3.337629684457083,1.3969049512686338
nort2930,kiwa1251,-1.62583490421266,2.3684893723580167
nort2724,sino1245,-2.5056805456579334,0.697615619086692
nort2972,choc1280,-2.476654949340716,2.005917711240988
nort2702,drav1251,3.29137178035061,1.376241980301499
gumu1244,gumu1250,-2.275908199290015,2.364269903591346
nort2938,haid1248,-1.4243430372449752,2.045368595547659
sing1264,sino1245,-1.3202894963911094,0.5815786902766957
nort2684,aust1305,-3.9143314781822784,1.3794226913646348
lush1252,sali1255,0.7156283424978529,1.0294779660040447
nort2774,atla1278,-0.6150509465059137,0.5318238176726267
nort2954,utoa1244,1.5389544099890125,1.240318731377208
nort2957,utoa1244,0.2566373139699189,0.7016166457164266
nort2723,sino1245,-1.5834280629462365,0.7404822277362682
nort2747,hmon1336,-3.597089021744775,1.6049247702351046
nort2722,sino1245,-3.1840876692776146,0.9978589581025216
nort2994,aust1307,-2.9587803535070725,1.4060269264956051
nort2885,aust1307,-1.0274093867207317,0.6650301495284001
tosk1239,indo1319,-0.5715086055859004,0.8989046618275669
nort2732,sino1245,-0.8714461879257671,1.2495182114320569
nort2690,turk1311,3.1702323835860065,3.075461118785074
yoku1256,yoku1255,1.0374128329066576,2.377452948750073
nort2745,yuka1259,1.3847209917500871,3.3320303241580547
nort3047,afro1255,-3.1172595779605947,0.7381883450149713
nort2980,quec1387,0.8709928172500283,1.0797895928528307
nort3139,afro1255,-3.4430067605820787,1.8911689886272525
nort2845,aust1307,-4.1569944799217735,4.279510749942974
nort2671,ural1272,2.8175884045577053,2.270709710005232
nort2942,atha1245,-2.635887192748606,2.818492814275853
nort2847,aust1307,-3.113187322511424,0.9073946458992506
nort2699,drav1251,3.353606033648292,1.5619570754297163
nort2961,algi1248,0.5347711760084985,1.4095098495600604
nort2775,atla1278,-0.8826279079169201,0.7063477394900826
yaki1237,saha1239,0.3170506379337139,1.7103490181630123
nots1237,aust1307,-1.3963533650635158,0.6475062003411294
nsen1242,atla1278,-3.480123862506564,1.491697848792418
nukn1238,nucl1709,-3.0025541527205584,0.7493963372017047
nuku1260,aust1307,-1.2955934847532915,1.3375049875445295
nung1282,sino1245,-2.8682341139896512,0.6926473249117979
nupe1254,atla1278,-3.2085497046690485,1.0012416075699138
nusu1239,sino1245,-2.7998311124820363,0.6892216988028954
nyah1249,aust1305,-3.692859076137801,1.1853295552220429
nyah1250,aust1305,-4.304061146680018,1.4645559148381544
nyak1260,atla1278,-3.268950229917918,1.0070643283883598
nyal1250,atla1278,-1.716668082110662,0.6821530130111073
nyam1285,afro1255,-3.075084990616607,0.8305893314441386
nyan1301,pama1250,-2.9686796642070425,1.5001855591377984
nyan1307,atla1278,-2.6996857886137056,0.8638167945234754
nyat1246,atla1278,-3.4090677713835187,0.957332041722184
nyig1240,nyul1248,-1.4675587401708503,1.874851881541256
nyis1236,sino1245,-3.1037225265165227,0.5647133564539537
nyor1246,atla1278,-2.376653324205878,0.7762589947987237
nzad1234,atla1278,-3.4599235796709693,1.347474711870622
nzak1246,atla1278,-1.420393779675686,0.6917708045947952
nzak1247,atla1278,-0.1998289139298519,0.5805625811316304
obok1239,lake1255,-3.5407261652539086,3.536305605139791
occi1239,indo1319,-1.662047185479575,1.3227150554520053
ocot1244,otom1299,-3.245725601219778,0.9768753136609593
oriy1255,indo1319,3.377499914997687,1.4843177907729477
ofay1240,nucl1710,-3.2933611804737324,3.1585890149629066
kalm1243,mong1349,1.7602268574347957,2.3256546724678917
okan1243,sali1255,1.4275828000314723,1.2384111048378763
okin1246,japo1237,1.6401914199865204,1.4496053016212054
okoe1238,atla1278,-2.7893098228894537,0.7768297716589974
oksa1245,nucl1709,-3.004877613268391,0.8420109198566417
okuu1243,atla1278,-2.826895562955638,0.5384579114925812
oloo1241,nucl1708,-3.5363637258246228,2.4849639105823758
olut1240,mixe1284,0.6754124299942266,1.2215446611717056
omah1247,siou1252,-2.0847205401941737,2.73002863209046
omie1241,koia1260,-2.1866020020241184,2.365305125556163
bira1253,bira1253,0.1962137907176169,1.9108351246359156
onon1246,iroq1247,-1.48719531459846,1.827149259629801
orma1241,afro1255,-2.566144419783916,1.290013812161229
oroc1248,tung1282,3.4047038178241418,3.124320497814264
oroh1237,aust1307,-3.376361059267971,0.8886004824218263
orok1265,tung1282,3.141237545660761,3.4332972135459645
orok1269,nucl1709,-3.427399732311209,1.006926244915764
orok1266,atla1278,-2.4798176130616043,0.5579903841249259
orok1267,nucl1580,-1.9397649907667052,2.145398631407259
orow1242,aust1307,-2.819354946189004,0.967275501999416
otor1240,heib1242,-2.9371418752631366,2.5955438151393624
otta1242,algi1248,-0.4142126938570301,1.4146276985484016
owaa1237,aust1307,-1.7270025578972814,0.9547926969192462
paaa1242,afro1255,-2.957158808260532,0.933851808551614
darl1243,pama1250,-2.7815045168479022,1.7829333405391736
paam1238,aust1307,-3.0193483642767327,0.5628297872985373
paas1238,atla1278,-3.5347915898959075,1.253262129363157
paco1243,aust1305,-3.555848962452109,1.2592408240879769
pagi1243,atla1278,-0.8983058919920808,0.5742979708401545
pagu1249,nort2923,-3.087576321896752,2.2173654469829778
pahn1237,hmon1336,-2.51826928936754,1.5843378514651807
pait1244,sino1245,-2.166438052237775,0.5763872848252518
pala1344,aust1307,0.4359861909168545,1.1864760579866769
pali1279,araw1281,-0.902758259742513,1.604308587913696
balu1257,aust1307,-2.9910537156542545,0.8893967073744449
pamb1243,atla1278,-0.3599166320822502,0.5805981846426924
pamo1252,aust1307,-2.419730469043475,0.928193072742168
pamp1243,aust1307,0.8934365337178707,0.5623065152265934
pana1307,nucl1710,-2.795124390415964,2.392350867046506
enap1235,cari1283,-2.7329159632263518,1.4933807878262693
pang1290,aust1307,0.8451715997466702,0.4788512249493371
pang1291,aust1307,-2.1330546520225564,0.8603792399139891
pang1287,atla1278,-2.7888923915422104,0.9242909476920866
pano1254,pano1259,-3.382082337808282,1.7546384423985764
pany1241,pama1250,-1.6683384549516591,1.6143871842006536
papa1238,toto1251,0.3801223525798316,1.1510529738037416
papa1265,aust1307,-1.2791847937001617,0.75002286571205
papa1268,aust1307,-2.940328379757739,0.9107088394983158
para1311,tupi1275,-5.235579464233974,3.1493886040700296
para1302,sino1245,-3.373327402480257,0.5628244469038215
para1316,araw1281,-1.3261901240964211,1.1204231321323794
pare1272,araw1281,-1.162995805148982,1.2776273423812912
pate1247,aust1307,-3.747169876901253,0.6784403837535988
patp1243,aust1307,-1.3672627503323334,0.6410832916465905
patt1248,sino1245,0.5289774548912072,0.9239067026367732
paul1238,aust1307,-3.577384459440615,1.2582388766211272
pawa1255,pawa1255,-1.534909240512517,2.3098584601769243
pawn1254,cadd1255,-2.8630391532887427,3.83726517443813
pech1241,chib1249,-1.888160377221488,2.082793172757879
peer1241,atla1278,-2.6675965024052903,0.693165871246757
pela1242,sino1245,-1.7424378765362527,0.7673039397371264
pemo1248,cari1283,-1.129023718111276,1.040215096960492
pend1242,aust1307,-2.43347868580358,0.978538035100846
peng1244,drav1251,3.0781977975859465,1.369954130632645
phom1236,sino1245,-1.5373806232392075,0.5146636663670083
phon1246,aust1305,-4.053333979952201,1.3043294644748338
piap1246,araw1281,-1.291054617426913,0.9803397283162214
pich1237,araw1281,-0.6494788886089042,0.7740740534740054
pila1245,guai1249,-2.449064560277133,2.9713221094604654
pima1248,utoa1244,0.4864242502923104,0.7750508460520757
pina1252,piaw1238,-0.0975909442276241,1.5720741030239846
ping1243,aust1307,-2.312263986829516,1.5827047121951825
pipi1250,utoa1244,1.377916382728498,1.400238891525338
pite1240,ural1272,2.883989993676168,2.1259021888340293
plai1258,algi1248,2.1048077485360204,1.915303658161366
pnar1238,aust1305,-1.9728189616023424,0.9018929804566476
pohn1238,aust1307,-2.6748429990181704,1.6367781672905275
poko1263,nilo1247,-1.8706300862402447,1.0523075673467703
poli1260,indo1319,0.1349878773793469,1.1729846712425047
popt1235,maya1287,0.1942207710706087,0.5318127960333099
port1285,aust1307,-3.099486029385353,0.5360947169201395
port1283,indo1319,-1.8252890714721333,2.016661892862075
phai1238,aust1305,-4.340062367978694,1.2986242738273963
psik1239,afro1255,-3.2099331602079646,0.7333948652202507
puin1248,puin1248,-2.4700923921486133,3.0767748018518573
puka1242,aust1307,-4.451946109428288,3.691218205544045
pula1263,atla1278,-4.799900031951442,2.4830686453442974
pulu1242,aust1307,-3.064053472558286,1.6975477255848936
puma1239,sino1245,1.3122695426339257,0.4102178857003933
pume1238,pume1238,-2.067950942535832,2.9965725134815138
pura1257,pura1257,-1.8274774584185196,2.4793569943054417
pure1242,tara1323,-2.0797848865336146,3.003171102691426
puri1258,sino1245,0.8333951250322484,1.058902155950863
qanj1241,maya1287,0.2888750751326334,0.5488075947544218
qawa1238,kawe1237,-1.968644355286508,3.8366823634149783
qima1242,afro1255,-2.011782920242772,1.009262207257314
quer1236,otom1299,-2.3239931538286385,1.3888986214227064
quio1240,otom1299,-1.4056483748208104,0.9370646255453544
rabh1238,sino1245,-1.1932223656737082,0.542950433050212
rade1240,aust1307,-2.923210630868548,1.3335935473302118
raji1240,sino1245,1.5696255728510708,0.7969793474552942
rama1270,chib1249,-4.202087448016681,2.181187771445932
rapo1238,nort2933,-0.1738403138411755,1.575752807517322
rata1244,aust1307,-2.66083688414703,1.1572710036356586
remb1250,aust1307,-3.261603066887566,1.0967676239929895
reng1252,aust1305,-3.3411932203326806,1.1831152683979855
renn1242,aust1307,-1.743994204614879,1.005664999194936
reye1240,pano1259,-2.304322964575209,1.6190198039530594
rian1263,kolo1268,-1.913227124774613,2.7846242658778264
rikb1245,nucl1710,-2.666614689352446,2.3621139249047083
beka1241,aust1307,-3.572347346558621,1.777973903045896
roma1326,indo1319,-1.1102546243649571,1.070798286876645
romb1245,aust1307,0.1581583302913523,0.6272440322319293
ronn1241,afro1255,-3.1999805559722345,0.8549500063842705
rong1266,sino1245,-3.682920505454022,0.5250279105650968
rong1264,sino1245,1.2823281190479636,0.8528624992650737
roto1249,nort2933,1.4715389170378854,1.6305672475305757
rotu1241,aust1307,-3.4185637905726223,2.351647869998616
rovi1238,aust1307,-3.112428004586017,0.8080971091182558
ruch1235,aust1305,-4.27448025538531,1.2807028639475329
ruka1240,aust1307,0.3384829463800538,0.6219142406995637
ruma1248,aust1305,-3.9609284634288784,1.245313851705225
rumu1243,tura1263,-3.125214159964304,3.066080509716685
rung1258,maba1274,-1.965308456062317,2.597167121036656
russ1264,mong1349,2.32753476066272,2.652469759170925
russ1263,indo1319,2.4844662070487806,2.534392212976964
rutu1240,nakh1245,3.2400875797222146,1.3555400904729105
saaa1241,aust1307,-2.7375074404284407,0.5764908189355644
saaa1240,aust1307,-3.3565295472845182,0.8811411341565032
saam1283,atla1278,-2.801763676200949,0.8864403195820669
saar1237,aust1307,-1.5499807407920367,0.6292723238294604
saba1268,namb1299,-3.349954875799216,3.3671580880940937
saga1262,atla1278,-2.954450003708492,1.0355196173266332
sais1237,aust1307,0.2228434879021914,0.6941610689062205
yaku1245,turk1311,4.181795894319553,4.506782346620669
tsis1238,atla1278,-3.41423333900126,1.1373554016584857
samb1311,atla1278,-2.879663703985582,0.6776007773957149
samb1305,atla1278,-2.931880773673888,0.6794015054438169
samo1305,aust1307,-4.372801949213554,3.7353103879417313
wara1292,atla1278,-4.320573762461385,1.4431090372498954
sana1295,afro1255,-2.171335787451854,1.8922427012114345
sanb1242,chib1249,-2.8866126212777896,2.086346033913965
sand1273,sand1273,-3.2100962698193247,3.5304260224358126
sand1278,huav1256,0.1073819947765408,1.9860561581139269
sang1331,atla1278,-3.874148234039056,1.5458696959993323
sang1321,sino1245,-1.635345454371414,0.5086210248851888
sang1330,atla1278,-3.391442933793005,0.999328264727188
sani1269,sino1245,-1.746569166669722,0.9026914988031508
sanm1301,otom1299,-3.547631434365413,1.0927683373476151
sanm1289,quec1387,1.030708677415452,1.2556989315323284
sanm1295,otom1299,-3.614549556624501,0.9843049408346332
sant1410,aust1305,1.1038598397223036,0.8549642096696548
sant1451,otom1299,-2.896041177404673,1.1151561009779396
sant1436,otom1299,-1.9310014350973077,1.0102626032602036
sanu1240,yano1268,-2.8927189761332013,2.647556163294817
sapo1253,aust1307,-3.023620702212596,0.7718867202402766
sapu1248,aust1305,-3.64286496135636,1.1869392672301986
sara1321,cent2225,-2.106544718457016,1.1455697652098769
sara1327,aust1307,-1.297914801368552,0.7105970178774115
sars1236,atha1245,-1.7103762514709309,2.0236098840056504
sasa1249,aust1307,-3.1414575382440253,1.5515116755519376
sata1237,aust1307,-3.0175256254871696,1.6620202507755346
saur1249,drav1251,2.225615012032782,1.5195751337511512
savo1255,savo1255,0.5123498486015097,2.0375009650255445
saya1246,afro1255,-3.195992834586468,0.8317784963511894
seda1262,aust1305,-3.323637450655025,1.1972487420777265
seim1238,aust1307,-1.6932448151653734,1.001717036009583
seke1241,aust1307,-2.848146908030709,0.5780756279437274
sekp1241,atla1278,-3.650495110671509,1.1607490003129517
sela1259,aust1307,-4.339294568559794,1.4481974023166968
sela1260,aust1307,-3.216392477852193,1.0565732989718288
sele1249,atla1278,-3.669780257111192,1.1652867787716126
selk1253,ural1272,2.343449513204144,2.479208677030764
sema1265,aust1305,-3.926872682390665,1.903837091932841
seme1247,aust1305,-3.904735545059336,2.0047508382949752
sene1264,iroq1247,-1.660516815771576,1.7163930345345555
seng1281,aust1307,-1.906905321667652,0.7424319056924524
nucl1632,sent1261,-1.969193530931474,2.699198753075434
sout1528,indo1319,0.1334521625963054,0.9592622812418732
seri1257,seri1257,-2.4215641846130804,3.387964831616295
seve1240,algi1248,0.1082008543337003,1.4344915873070845
sgaw1245,sino1245,-4.171903492469431,1.362986796414475
shab1252,shab1252,1.1327353784750651,2.1821061012323097
sham1280,atla1278,-2.995057177696748,0.9594933023805696
shan1283,pano1259,-3.468199509656943,1.746701315797229
shaw1249,algi1248,-0.0884248337420634,1.4493106045036228
shee1238,hmon1336,-0.7968959423552275,1.265908356379601
shek1245,dizo1235,-1.861880258584164,2.552138818649996
sher1257,sino1245,-1.4641727263416962,0.5497300210945415
biao1253,taik1256,-2.2259165108765666,2.412507643246609
shil1265,nilo1247,-1.844706080015588,1.321400342146207
ship1254,pano1259,-3.509702985783222,1.836180458422964
shix1238,sino1245,-3.174628010999056,0.7417567463807329
shol1240,drav1251,2.264516598611825,1.038845416323169
shon1251,atla1278,-3.4110732042490186,1.5517195462831015
shor1247,turk1311,3.455557500223128,3.633872531910064
shos1248,utoa1244,1.6296999778417876,1.3368045436178102
shua1257,jiva1245,-3.826884835049666,2.028507633223501
shwe1236,aust1305,-3.9101945335580255,1.2299919428750794
siam1242,siam1242,-2.508596683109644,3.4142054590307467
siaw1243,amto1249,-1.969670048179468,2.6050517007041742
sich1238,sino1245,-3.363442978540852,0.8328976836381301
sici1248,indo1319,-1.6987667149844858,1.4919454092798503
sici1249,atla1278,-2.569092956494764,1.4177330524198153
sida1246,afro1255,1.213871875594069,0.6702335643796946
siee1239,aust1307,-3.125695604558056,0.8669672817985106
sier1250,otom1299,-3.198866820290426,0.9511124579784632
sier1248,utoa1244,0.644508429401327,0.8036429150706184
sika1261,aust1307,-3.200725698965752,1.1017956798459982
siks1238,algi1248,2.3874676473197427,1.8533446655709456
siku1242,aust1307,-3.54977745516983,2.189087302606689
sina1266,aust1307,-2.54646525157811,0.7785170065523896
sini1242,mand1469,-2.760661220317352,2.8413648078369533
sioo1240,aust1307,-3.4968542772791458,0.7085363627642103
sion1247,tuca1253,0.0923198828065579,0.9572275229131576
siri1274,tuca1253,-0.6607690584512174,0.6320560598350289
siri1273,tupi1275,-2.5781877538867284,1.819475839207872
sile1255,nucl1709,-2.934099315463801,0.629267875553368
situ1238,sino1245,-3.4052981596895857,0.9034460125515826
siwi1239,afro1255,-2.357757337614971,2.2022918993679914
siwu1238,atla1278,-3.6545300849061086,1.1674643006384209
siyi1240,sino1245,-2.181090422422879,0.605801407574055
skol1241,ural1272,2.686423330816093,2.2596479909283627
slov1268,indo1319,-0.1532363905162385,1.0177338947418555
sooo1254,aust1305,-4.012341735768633,1.312661399791183
sobe1238,aust1307,-3.9513341250462326,1.1223189294000893
soch1239,otom1299,-3.163335330786662,0.991454735332204
soga1242,atla1278,-2.8015544722109014,0.8713077153854298
soli1239,atla1278,-3.64720733106838,1.48931278719426
soma1255,afro1255,-1.5796466015773478,1.568723676535514
soni1259,mand1469,-3.4201058367026973,3.3985437272575165
sons1242,aust1307,-2.099979950620417,1.2809153741594548
sooo1256,kuli1252,-2.5646284308495995,2.578647664516157
sora1254,aust1305,1.789132423423187,0.8804882923544044
mani1235,east1459,-2.9510825567286245,3.369538254546005
koon1244,atla1278,-3.472661432931573,1.6045077455786796
sout2859,aust1307,-2.9902760915314515,0.5579270434153125
sout1549,drav1251,3.355248293965225,1.531200315715035
sout2976,utoa1244,-1.1413627928163206,0.920579687378864
sout2856,aust1307,-3.177993767617909,0.6969858842746861
sout2954,japo1237,1.7728938181627516,1.5826342791751298
sout2996,ayma1253,0.8777268352979268,1.5125261523959903
sout2730,sino1245,-2.5645725457562016,0.7265510782278621
raro1241,aust1307,-2.6988864721540566,3.372214542460685
sout2826,krua1234,-4.043039855580312,4.856846838544021
sout3236,gumu1250,-2.10339287889527,2.288057959561117
sout2956,haid1248,-1.4146995076829567,2.040610727642039
kach1280,sino1245,-3.3527629147018763,0.7530382063540388
sout2994,namb1299,-3.6343781578830265,3.4296284969970587
sout2649,indo1319,1.0319906211734329,1.5481883831098484
sout2729,sino1245,-1.3187042947464571,0.6993294542137072
sout2728,sino1245,-3.2871177950550696,0.987197962195154
sout2985,miwo1274,-2.124771343193167,2.3749124522296023
sout2807,atla1278,-1.7061345166706996,1.577598393486765
khan1277,sino1245,-1.4058975271358478,0.4914889179014308
sout2797,atla1278,-4.240967771106165,1.373429293497466
sout2679,ural1272,2.402364513675815,1.4533455482479587
sout2782,atla1278,-2.879809480510497,0.7748414623117235
sout2895,aust1307,-3.741415295246431,1.2467834152059716
sout2674,ural1272,2.8225187777699627,2.362316069104618
sout2959,atha1245,-2.4391274949048496,2.638384772470734
para1301,aust1305,-3.9307468629841744,1.1948719645428367
sout3261,nakh1245,3.269839238839516,1.373969311149005
sout2869,aust1307,-3.0286114485249804,0.9317331400928736
stan1318,afro1255,-2.191272002006136,1.7252363852714687
indo1316,aust1307,-3.5987491987081865,2.1486936018552942
stan1306,aust1307,-3.676878115037269,1.9416689377352856
horp1239,sino1245,-1.7008053856725334,0.7983554224095073
suba1238,atla1278,-3.0884343160237457,0.9024740606839928
sude1239,aust1307,-3.999395444318491,1.2538300409619083
suku1259,atla1278,-1.8904816899977053,1.3884583843290148
sumi1235,sino1245,-3.4004434960509102,0.5029233035277052
sund1252,aust1307,-3.6864362994686384,2.3575587181617736
mari1426,aust1307,-3.024601720815215,0.6856327374822673
sunw1242,sino1245,1.1573388090889964,0.3899453261846055
supy1237,atla1278,-4.439875508611781,1.553993723524839
surg1248,ural1272,0.9410387265678236,1.90873882075426
surs1246,aust1307,-3.0921028968956823,0.6882662360166645
swah1253,atla1278,-2.810540357874383,0.97834330934859
swed1254,indo1319,1.818016134745902,1.7334776224780262
taba1263,nort2923,-3.0087592047335576,2.2284056704999378
tabo1241,tabo1241,0.131803158389431,1.9126643400951364
tafi1243,atla1278,-3.6848487233385647,1.2008897068082396
taga1272,aust1307,-1.4012660406103603,0.5961586420242906
tagi1241,sino1245,-2.5400819481769985,0.6150182616956883
tago1246,rash1249,-2.9943967528508044,2.9564160270891837
tagw1240,atla1278,-4.375486406726893,1.5306389554663244
taha1241,afro1255,-4.579082324342116,2.56067330809125
tahi1242,aust1307,-4.442545785373006,3.786836681052529
taia1239,taia1239,-3.0551936448961,3.094957296908958
taji1246,aust1307,-2.490313554989465,0.9696834149438284
taku1257,aust1307,-2.8280687296938267,1.020262248117774
tali1259,aust1307,-3.239231256456142,0.8223576565225725
tama1331,tama1329,-1.777111765683432,2.6848732827225525
malo1243,aust1307,-2.9888582806966806,0.5715453500616103
tama1365,afro1255,-4.317895684641217,1.776643735115199
tami1290,aust1307,-3.723823735735776,0.7200806646221984
tami1289,drav1251,2.4348474243349667,1.3206075380237854
tane1237,aust1307,-3.4436840659667896,1.0625469817142497
tang1377,sino1245,-2.384766985191653,0.7062799017381369
tang1348,aust1307,-3.027198330878609,0.7857986981024929
tang1373,sino1245,-0.2056637910137415,1.0832570995278816
tani1257,tuca1253,-0.2227779934645233,0.7277033976777867
lowe1412,aust1307,0.9573156507544692,0.3995973310740526
tara1313,sino1245,-3.8632148152941,0.5911604551157472
tari1256,araw1281,-1.077604670952223,0.9211428968115172
tari1263,afro1255,-5.002622489183821,3.1306928040891364
tata1258,otom1299,-3.548732691821831,1.0498204723540852
tata1257,aust1307,-2.9624105420177456,0.9091363633823244
tata1255,turk1311,3.958905740554314,3.095431923478877
taul1251,taul1250,-2.7648686054107974,3.080801943058618
tawa1286,afro1255,-3.895417561574412,1.6983016789953576
diga1241,sino1245,-1.1427069150281004,0.6580366964362527
taya1257,afro1255,-2.3873859308004435,1.7987562237231618
tbol1240,aust1307,-1.4721252165785432,0.6632301080802794
tean1237,aust1307,-3.4653761838528303,1.0600180892096631
teda1241,saha1256,-4.087614488131282,3.924533343066104
tedi1235,sino1245,-2.207135420393791,0.6131244339047095
tega1236,rash1249,-2.96903275698096,2.948498401131328
tekt1235,maya1287,1.957705528796012,0.6002932706259951
telu1262,drav1251,3.132473829024041,1.3854385487276917
temi1246,aust1305,-3.933217510577501,1.802552010387192
temp1235,aust1307,-0.7565044303759255,0.7212710071662896
tene1248,dogo1299,-4.214765016677651,3.744503855017368
tenn1246,surm1244,-2.727250988196549,2.1084767564802345
teop1238,aust1307,-3.016021824749012,0.7697427084688178
tera1251,afro1255,-3.1826262834285446,0.8479130893576805
teri1250,chib1249,-4.349838844845927,2.3588305061366963
term1237,aust1307,-3.618524533840852,1.2681661235744004
tern1247,nort2923,-3.067939001478946,2.2538874488007963
tete1251,utoa1244,-0.2220634932155726,0.7818696023525966
teun1241,aust1307,-4.054284613065301,1.363156943964272
tezo1238,otom1299,-3.6970692715232167,1.01824955445771
thad1238,sino1245,-2.1732126385335557,0.5754291874540085
thak1245,sino1245,0.8572534809095527,0.56918565863967
than1259,sino1245,0.7027040277822199,0.5287994169867982
thao1240,aust1307,0.1870381534539382,0.6223985300026262
aheu1239,aust1305,-4.127257956426321,1.342193028309581
thul1246,sino1245,1.1427866812588046,0.456243410812772
tibe1274,atla1278,-2.375964494567756,0.5582610260948497
tibe1272,sino1245,-2.196450770105298,0.722432107287438
tief1242,atla1278,-4.110477450288933,1.3601137376596713
tief1244,atla1278,-4.103388325268217,1.3589886978484724
tien1242,atla1278,-3.164762713007322,1.2344027868410832
tiga1245,aust1307,-3.1976623635635355,0.7801433882623687
tigo1236,atla1278,-2.8765170396549733,0.6007058793133089
tika1246,atla1278,-2.372215102358572,0.5975331897096687
tiko1237,aust1307,-3.353321538402666,1.177067866337068
tilu1238,sino1245,1.1382549868610554,0.3994983115469335
tima1241,katl1246,-2.774399804394132,3.301175004791629
timn1235,atla1278,-4.700069633803167,2.2592925426559587
timu1262,aust1307,-2.967240241933501,0.9012161779742458
tina1248,aust1307,0.9101257198462164,0.533376553879747
tira1254,heib1242,-2.9543536491679148,2.580229507702964
maee1241,aust1307,-1.338558087859477,0.5256822325895554
tiri1258,aust1307,-2.7970319932848047,0.9942836740780264
tita1241,aust1307,-3.0498651454456507,0.920965210619454
tivv1240,atla1278,-2.904170216011423,0.6285773410470226
toab1237,aust1307,-3.0690090255780067,0.8367689678301806
toar1246,nucl1580,-2.174387838988861,2.168784357302914
toba1268,leng1261,-3.946334989114798,4.268185566393911
tobe1252,nort2923,-3.1214187154380912,2.239488962833061
toda1252,drav1251,2.476205582120622,1.009102211912115
toho1245,utoa1244,-0.6393731837843646,0.9926873988051704
tojo1241,maya1287,0.4539990179811779,0.5776533782062181
toke1240,aust1307,-4.3754546745474245,3.905990822477163
tolo1255,aust1307,-3.0206950638198595,0.6787690033769715
toma1245,mand1469,-4.972238926888194,3.198775893029734
tomb1244,aust1307,-2.5994153927567973,0.7887767135935322
tomm1242,dogo1299,-4.322080808071414,3.814741472487018
tond1249,song1307,-4.36435126557563,3.8048328872300496
tong1325,aust1307,-4.128431818667334,4.022010653354003
tong1318,atla1278,-3.569843523378492,1.4839809008008285
toor1238,atla1278,-2.370020610710137,0.7566095603042893
tote1238,atla1278,-3.5793271731846565,1.3758281611068313
toto1302,sino1245,0.5796781277039389,0.5337440280602044
touo1238,touo1238,0.4342580731815957,2.029340379417735
trin1274,araw1281,0.2631117149135895,0.9581650991656376
trio1238,cari1283,-0.1226610015835394,1.0020796380782295
trum1247,trum1247,-1.9303771581183464,2.9166742949594093
colo1256,barb1265,0.4610916256147142,1.375048890706812
tsam1247,afro1255,-1.553697240780307,0.6551922925981284
tsat1238,aust1307,-1.3157499808727375,1.3582636548689957
dido1241,nakh1245,3.238919092850224,1.3166274920123762
tsha1245,sino1245,-1.261599033668281,0.5763343824560136
tsix1234,khoe1240,-1.624248298057903,1.764968244869376
tsog1243,atla1278,-2.748194372939839,1.3485998435182998
tson1249,atla1278,-2.6243842429058564,1.7186932191514153
tswa1255,atla1278,-2.6547606908979264,1.7265170337418665
tswa1253,atla1278,-2.823292384121155,1.595663652532214
tuca1252,tuca1253,-0.927200107661682,0.6494288998763844
tuge1241,nilo1247,-1.734574628480167,1.0510952322590563
tugu1245,aust1307,-4.153349771284814,1.2412893408339016
tuka1248,aust1307,-3.494045263288303,1.1125027500732347
tuki1240,atla1278,-2.01608085295646,0.5707804227973474
tula1252,atla1278,-3.010608032406739,0.7848431934044768
tulu1258,drav1251,2.6409879926464903,1.2182333220871833
tumu1242,atla1278,-3.470338120928761,1.2680644803816223
nene1249,ural1272,1.8126363334772968,2.225031019289004
tung1290,aust1307,-3.1834071111714537,0.8681249937110262
tunn1238,afro1255,-1.846341458527753,1.5196078326695126
turk1308,nilo1247,-1.4485112391462027,1.0740386666749728
turk1303,turk1311,1.4685167631013845,1.942816763221229
nucl1301,turk1311,1.9376243821814247,2.223560956550552
turk1304,turk1311,2.3599263409419318,2.604872396082204
tusc1257,iroq1247,-1.8227790196201965,1.8377850660699444
tutu1241,aust1307,-2.8991112128546,0.5619489587314437
tuva1244,aust1307,-3.390095742150257,2.793164030119055
tuvi1240,turk1311,3.650024312641458,3.6949461626991935
tuwa1243,aust1307,1.023472869560898,0.3797000320992225
tuwu1238,atla1278,-3.648732454846476,1.1718182476061934
uuuu1243,aust1305,-2.0855256829948896,1.0418130689036875
ubir1237,aust1307,-2.501335319037665,0.7700964022449677
udii1243,nakh1245,3.018283732428772,1.4419582651851472
udih1248,tung1282,3.451810609260628,3.17960982337772
uduk1239,koma1264,-2.08980966592073,2.1976229612288485
ughe1237,aust1307,-3.118775120334329,0.8161498683559483
ugon1239,sino1245,-2.214048762251369,1.546822828081985
ukaa1243,atla1278,-2.7740478484673687,0.7875693437623843
ukra1253,indo1319,0.4433222991980261,1.4187345924960058
ulit1238,aust1307,-1.7504161057728511,1.387140454182255
ulwa1239,misu1242,-3.3002929376842003,2.634517321460427
yaul1241,kera1258,-3.0589738308362424,2.769563566156693
umaa1242,aust1307,-2.1601549864232377,0.9196590968805332
umbu1257,atla1278,-3.616095267032661,2.2543338789358387
umbu1258,nucl1709,-1.2279556897182198,0.5889535510586086
umes1235,ural1272,2.8451554308052804,2.018364838119818
unua1237,aust1307,-3.1152292812783218,0.526996636600285
uppe1275,toto1251,0.1455956098170119,1.1548498243997525
urak1238,aust1307,-3.553083724923725,1.8459735906108576
urar1246,urar1246,-1.704272755340143,2.617673407103811
urav1235,aust1307,-3.1138006902037496,0.8502547391639093
urim1252,nucl1708,-3.5404550714559875,2.455190748892016
urip1239,aust1307,-3.1281546135035123,0.5314572208114932
urni1239,giim1238,-3.890201284624045,3.763474408058793
utes1238,utoa1244,0.4269877683007377,1.242893675881695
pile1238,aust1307,-3.5523093673434523,1.1656382376125984
veps1250,ural1272,1.047503827332806,1.5568609821129638
vera1241,aust1307,-3.20442238492852,0.8248970039223238
viem1243,atla1278,-4.11449806793386,1.353813958331723
viet1252,aust1305,-3.854881272958397,1.390945247381607
voti1245,ural1272,2.1994003242843703,1.3646267764444042
vunj1238,atla1278,-3.097431759658134,0.963985122991275
vure1239,aust1307,-3.2017470700577864,0.8233952534546969
vwan1235,atla1278,-3.3115793570853778,0.9652901787111804
wadj1254,wadj1254,-2.375372647327432,3.1134720959622992
waga1260,pama1250,-3.761081440195713,1.8711446712624955
wage1238,wage1238,-2.329178221383038,3.068473923664886
waig1244,aust1307,-3.324082745399953,1.1999810028938231
waim1251,aust1307,-4.180887565082438,0.7575848713008462
waim1252,aust1307,-3.99671212912424,1.2152303624605088
waim1253,cari1283,-0.2195191832753107,1.1259604323379406
waiw1244,cari1283,-0.6620790620264201,0.9882872728952564
waja1259,atla1278,-2.9777342396850446,0.7892952901146053
waja1257,pama1250,-3.5287111186875526,2.553654926544718
waka1274,pama1250,-3.1053789462545054,1.8701338792141708
wala1266,aust1307,-3.156011577391576,0.8117708336930436
walm1241,pama1250,-3.1740303424902243,1.564152681685954
wamb1257,sino1245,1.3162585141003964,0.404500484899132
wann1242,mand1469,-2.893550453940493,2.783793403891365
wand1278,afro1255,-3.344438900693036,0.7722438281406383
wand1267,aust1307,-1.5278746400544296,1.0161907058488948
saka1289,aust1307,-3.0228948750429168,0.6592710448294694
waor1240,waor1240,-1.3418955169753837,2.342187414806718
wara1303,wara1303,-3.319176020729664,4.021217731734586
wara1300,aust1307,-1.4926298151985495,0.7125439121206307
ward1246,yang1287,-0.1386759474112884,2.0770545893756323
ware1255,araw1281,-1.4955259836780364,0.9728149773585884
ware1253,aust1307,-3.8317314788998673,1.1486894930994849
wari1268,chap1271,-0.5288827791442046,2.090369337101998
warj1242,aust1305,-1.632687517443282,0.8869592189994702
warr1255,pama1250,-3.995779658791837,1.9408390447875217
waru1265,pama1250,-3.661314500595021,1.805616458576985
wash1253,wash1253,1.1854417340623011,2.395081410089958
wawa1246,atla1278,-2.579130388226041,0.6294907785374182
waya1269,cari1283,-0.4794837305750246,1.101922726506202
wayu1241,sino1245,1.176572510747468,0.4098275056678133
wayu1243,araw1281,0.4895659666142722,1.1428550784385774
weda1241,aust1307,-2.537417363116276,0.8513597015553342
wels1247,indo1319,-1.810845407622839,1.4947297584016104
weri1253,kuni1270,-3.674145986803029,2.731678937778794
west2564,aust1307,-3.161388099181467,1.147728119506958
west2560,aust1307,-2.6916386423051013,0.8180425032247651
west2548,aust1307,-4.08979106992858,1.3457612572722386
west2615,atha1245,-2.6400609069991594,2.168074774528451
west2397,aust1305,-4.026856215595034,1.3158050737786935
west2555,aust1307,0.6241473596928984,0.5603471337667774
west2618,eski1264,-1.9982582960816933,3.5033465612150243
west2650,aust1307,-3.693161483988607,1.658575092431651
west2594,nucl1709,-3.4550748100448363,1.198455622337809
west2778,utoa1244,-1.2433611684336354,0.9062536911739452
west2369,indo1319,-0.5454937865067246,1.4375234063662612
west2519,aust1307,-3.3525951700912664,2.322422144657124
west2354,indo1319,1.1388151442639312,1.2019606312197428
west2644,otom1299,-3.477315383009821,1.036020178567881
west2466,atla1278,-4.419078034503452,1.3774384728547178
west2632,kere1287,-1.3618414462061703,2.560911797397103
west2396,aust1305,-4.429286518720392,1.2890151374483958
west2418,sino1245,1.163065447804656,0.5799412301678748
west2392,ural1272,3.225747635713193,2.1819583487661776
west2763,afro1255,-3.48257670196063,1.8752021032839536
west2557,aust1307,-1.6329743894819746,0.7500510409432035
west2415,sino1245,0.7250729634636106,0.4362525524948575
west2600,nort2923,-3.222028840037509,2.280847244981536
saka1291,aust1307,-0.8708499069649145,1.5819362351856316
west2516,aust1307,-2.8687707037313457,0.8880867692696564
whit1269,aust1307,-3.0675172441870706,0.9210913102044876
wikm1247,pama1250,-4.148811583561838,1.907742054459777
wiru1244,wiru1244,-3.118217815872109,3.040094026515124
babi1235,atha1245,-2.0989786841649014,1.9361807965830176
woii1237,aust1307,-3.634159303771953,1.099276132408999
wola1253,afro1255,-0.4283932873276388,0.6937621238511875
wola1242,gong1255,1.5396280868514531,0.6465015128541056
wole1240,aust1307,-2.7277341154884374,1.609228400581979
woli1241,aust1307,-3.293600524181429,1.0384140568096365
nucl1347,atla1278,-4.7539644810283725,2.787829801787437
wood1236,algi1248,1.2481146092599502,1.876752332887028
wotu1240,aust1307,-1.9850637796358088,0.8816175254390952
woun1238,choc1280,-2.4428150291473205,2.1414761643708227
wuch1236,sino1245,1.1136079290697145,1.475311828917257
wudi1238,sino1245,-3.2585802662547163,0.8529605654164252
wusa1235,sino1245,-3.2296180184429044,0.8536263039017742
wutu1241,sino1245,-2.71975523947275,1.125333957884159
wuvu1239,aust1307,-1.902232456380053,0.9649757632921768
xamt1239,afro1255,0.4972021356069396,0.9005938723645697
xara1244,aust1307,-2.7481695652111853,0.9747494135958624
xava1240,nucl1710,-4.785287261285614,2.576278031710885
xhos1239,atla1278,-0.4154456712281251,1.6032936304819687
xish1235,sino1245,-1.2490148625338555,0.7184308292084927
xokl1240,nucl1710,-4.831069789898221,4.051191354634891
yaak1241,afro1255,-2.487114109644134,1.0386253337039548
yaey1239,japo1237,1.7544305589078362,1.3942385020072834
yagu1244,peba1241,-1.7467067352316676,2.634461183482373
yaka1272,atla1278,-1.1011123383232526,0.6534037323229223
yaka1277,aust1307,-1.837530496099197,0.777678199152553
yaka1269,atla1278,-3.64895919991884,1.4707430528978618
yakk1236,sino1245,1.0518201859328018,0.4682577663308676
yako1252,atla1278,-0.4521935714893095,0.5370581528879015
yala1266,aust1307,-3.716560538913869,1.2501546087542224
yale1246,yale1246,-3.388822058095412,3.235095238409614
yama1264,yama1264,0.3353534805615528,2.603795775423878
yami1254,aust1307,-1.3234774384786123,0.6975140832707183
yami1256,pano1259,-3.0684372081015177,1.628004672281385
yand1253,pama1250,-2.9141900923680653,1.5724862975333398
yane1238,araw1281,-0.7849029443514668,0.8145573612299675
yank1247,pama1250,-3.3181650149461097,1.902491352696449
yano1262,yano1268,-2.71329085183704,2.70016684536016
yano1261,yano1268,-4.567575055469723,2.80347229464096
yaoo1241,atla1278,-3.08800681525419,1.3055743007509475
yaou1238,mand1469,-4.553937771921724,2.939637296589166
yape1248,aust1307,-1.243363506490852,1.311157358243758
yaqu1251,utoa1244,0.8852062674121917,0.9348946989631556
yare1248,yare1250,-1.2376644630556235,2.246727582006014
yasa1242,atla1278,-2.166970141638697,0.8407404500764306
yatz1235,otom1299,-3.030770217827273,0.9915852579766709
yaum1237,nucl1709,-2.9065137887686365,0.7230612886331524
nucl1454,yawa1259,-3.228171872174131,3.4868487732193563
yawa1261,araw1281,-0.832906607720796,1.2578022047211208
yawa1260,pano1259,-3.297757991046669,1.6770242073067232
yawu1244,nyul1248,0.1407534902012404,1.745728492379139
yecu1235,toto1251,0.2503315312588496,1.1715587477036582
maqu1238,cari1283,-1.34893277609511,1.182418497586358
yele1255,yele1255,-1.877034247252744,2.8822465315143635
yems1235,gong1255,1.7130327455962204,0.7419334767983736
yapu1240,nucl1708,-3.456283727304821,2.4615266099554134
yidi1250,pama1250,-4.113667706915482,1.8678834985781547
yinc1238,aust1305,-4.451178723355773,1.3221080637882476
yind1247,pama1250,-3.550088819195257,1.7354389057790556
yoga1237,aust1307,0.8166108853515506,0.4275410474669288
yona1241,japo1237,1.8238821292968432,1.420541711697803
yong1280,nucl1709,-3.128619987767712,0.9940407390799412
yora1241,pano1259,-2.664693606083981,1.615780600220912
youl1235,sino1245,-2.103520707172818,0.8069919176486504
youn1235,hmon1336,-1.1344095877377658,1.1879786454854075
yuca1254,maya1287,0.1777788526901185,1.0543369624933565
yuch1247,yuch1247,0.5542858214118029,2.3007272238184227
yucu1253,araw1281,-0.1280815041072323,0.9138792731357476
yuec1235,sino1245,-0.2227115545004734,1.0967800281323132
yukp1241,cari1283,-0.1458223099548914,1.375348119390546
yulp1239,pama1250,-2.639303782542612,1.306248820382791
yulu1243,cent2225,-1.8485330045787,1.0936038679242088
yuqu1240,tupi1275,-2.428122814849096,1.8735588643140095
yura1255,yura1255,-1.420919793262954,2.468162005602662
gami1243,pama1250,-0.7065831975901093,1.352500388251265
zaba1237,aust1307,-2.9511921320317134,0.8373599273767907
zaca1242,otom1299,-3.4509860591433554,1.0762387273515088
zaca1241,utoa1244,0.1749839819434204,0.7108012734014233
zaiw1241,sino1245,-3.384968634304282,0.8026544139582565
zakh1243,sino1245,-1.2357682490489963,0.6454841556183446
zamb1245,atla1278,-2.338841678254801,0.6435359039531319
zand1248,atla1278,-0.3176216889429959,0.6190918341475848
zani1235,otom1299,-3.4729241831116955,0.9870113690401086
zapa1253,zapa1251,-0.1647161781579624,1.5282784881857854
zarm1239,song1307,-3.798195935443687,3.6926158848407065
zays1235,gong1255,1.2787294719892883,0.6278370403035032
zeme1240,sino1245,-1.8225575023619447,0.5145008389138894
zenz1235,otom1299,-3.5343251875693635,1.0092669908645568
zhab1238,sino1245,-1.646785073913242,0.8085261269999933
zigu1244,atla1278,-2.809277064912164,0.9830292899609788
zinz1238,atla1278,-3.356273553828249,1.023945374134405
zoog1238,otom1299,-3.0655253194505274,0.9767101685005776
zulg1242,afro1255,-3.2208710293723994,0.7379492505563512
zuni1245,zuni1245,-1.2758680924210537,2.469384738909733
