Glottocode,Family_ID,GPGLMM_Latent_Mean,GPGLMM_Latent_Variance
abad1241,aust1307,0.1057705433398004,0.3338523638426287
abau1245,sepi1257,0.8608874334526304,0.5073651794406087
abee1242,atla1278,-0.1148418742625883,0.5851485678375217
aben1249,aust1307,1.1417172213720637,0.3823770183314177
abkh1244,abkh1242,2.142750834421437,1.4038799220499558
abua1245,nucl1708,0.125660836705669,0.4983093456942709
abui1241,timo1261,-0.5782067418163357,0.6102337699950655
abun1252,abun1252,-0.6872228819343644,0.962199680988491
achi1257,aust1307,-0.2491587077312507,0.65638811436924
acha1250,araw1281,1.450331485219665,0.7393709175985039
ache1246,tupi1275,-0.7465102856847707,0.833692320601291
ache1245,narr1279,0.0874291291276285,0.6714866923635876
achi1256,maya1287,1.7024060975951816,0.6361422927333242
achu1248,jiva1245,1.6470945344247343,0.9639755692436078
achu1247,pala1350,1.0466576822615812,1.1752054008646424
acol1236,nilo1247,0.7860797458855482,0.6370108799614065
adan1251,timo1261,-0.2281002215055538,0.6077440212768521
adny1235,pama1250,0.8861347316605631,0.7606747328000347
adon1237,aust1307,-1.7120200715799756,0.4559785840535433
adze1240,aust1307,-0.4192482483022548,0.2964848881242314
aeky1238,kamu1264,1.4164844106608705,0.8594446222556296
afad1236,afro1255,0.2668624404857012,0.3763443040903635
afar1241,afro1255,1.862371078929872,0.9105385565651672
aghe1239,atla1278,0.1012180555607682,0.2700540933297901
aghu1255,nucl1709,0.3682790536928362,0.4368549719335921
agob1244,paho1240,1.6466467984706274,0.9059077022000857
agua1253,jiva1245,2.39722708711732,1.1314744500475036
agus1235,aust1307,1.1935219858704162,0.4770403425252474
agut1237,aust1307,0.7976413221429255,0.4898999460874953
ahin1234,aust1307,1.358030359399795,0.3317258038691562
aika1237,aika1237,1.1058922529889197,1.0627488968465475
aime1238,bosa1245,0.7977440052323047,0.7572403411981852
musa1266,nucl1709,0.7668545887430537,0.2773969994638507
aito1238,taik1256,-0.220963772433453,0.7511271400245256
ayiw1239,aust1307,-0.4397050076784068,0.4738496399632566
ajab1235,atla1278,-0.2394897807042122,0.4131123500390683
ajas1235,kres1240,0.3210893124689704,0.8764411442501832
ajie1238,aust1307,1.1758485703553372,0.4557037057711879
ajyi1238,araw1281,2.076275584978103,0.7516706662020631
akan1250,atla1278,0.3192426170683884,0.4989566797023759
west2635,maya1287,1.4608427103923207,0.5435593304388924
akei1237,aust1307,-0.295462304913002,0.2997708485060748
akha1245,sino1245,-1.6777365172333671,0.4574059219474069
akoo1248,atla1278,-0.866405530406821,0.3118933924279172
akun1241,tupi1275,1.379274857640095,0.6698781036759578
alab1254,afro1255,2.2453221163570447,0.5970295074161722
alab1237,musk1252,2.048130395662296,1.3953528437223168
alac1244,otom1299,0.1973529948814487,0.3822034018668141
alag1248,afro1255,0.7130738369793996,0.4531538718262853
alam1246,sepi1257,1.1168993608550148,0.5346179363876931
aleu1260,eski1264,2.2658890932848297,2.491436928814233
alor1247,aust1307,-1.5655621509389426,0.4280366374454956
aluk1238,drav1251,3.112732163393805,1.0280675497750158
alya1239,pama1250,1.1491523476935384,0.6692892803044743
amah1246,pano1259,2.911017648696504,0.9233783799862736
amam1246,kuni1270,0.9632900443753256,0.6230604014510654
amap1240,left1242,1.236392296176672,0.8551340306850501
amar1272,aust1307,0.1534235347797514,0.3117795025895038
amar1274,hara1260,1.791192506716377,1.2349703456337733
amas1236,nyim1244,0.7642570036339708,0.9930598109416152
ambu1247,nduu1242,0.25390894241001,0.5998654142812438
amdo1237,sino1245,1.212341207653303,0.7155226514630213
amha1245,afro1255,2.082113880189027,0.7584372830008825
amii1238,west2434,1.2805446976941504,0.8224752737049119
amis1246,aust1307,1.1587931983320094,0.4306156423906131
hoaa1235,kxaa1236,0.1578680022160528,1.0054861481099953
amri1238,sino1245,1.591958343875333,0.4206789671671833
gily1242,nivk1234,2.29515152228579,1.9166349477925524
ando1256,ando1256,0.2900355859597723,0.9575977758414936
anei1239,aust1307,0.200227624574111,0.4720802665144408
anem1249,anem1249,0.7019767388240196,0.8652203659540163
anfi1235,gong1255,1.5149428995411458,0.750822780220767
anga1290,anga1289,1.214106093062787,0.7229201885197636
anga1288,sino1245,1.6685226796983843,0.3332330021761587
ango1257,chib1249,2.339262982596697,0.9804569256651504
anin1240,gunw1250,1.2065070624296688,0.846400009137978
wara1294,more1255,1.6314714120028375,0.778942063325998
anta1255,aust1307,-0.5123436949085396,1.1224602373999812
anua1242,nilo1247,1.892302466534924,0.6943744467434247
anuf1239,atla1278,0.3846028378918069,0.4730094832482128
anuu1241,sino1245,0.9545873084352128,0.472322395931473
anut1237,aust1307,-0.4393326465194298,0.6106095685040298
aona1235,sino1245,1.2378096614462717,0.3277918856636979
aoua1234,taik1256,-2.562472742519456,0.9659342951725592
apat1240,sino1245,0.8414604129949719,0.3493465943626526
apin1244,nucl1710,0.9755867785874394,0.9471005218608152
apma1240,aust1307,-0.5562846365631398,0.264872750174995
apma1241,kera1258,0.5034040720980255,0.7324161473496238
apur1254,araw1281,1.3802914861423026,0.77138918668994
arak1252,aust1307,-0.2306148546108364,0.2804372844384639
aram1253,more1255,2.0622416617229167,0.7772182877659479
arao1248,pano1259,2.330187367423719,0.8860031586674224
arap1274,algi1248,0.7178752088383727,0.9316957003985712
araw1273,tupi1275,0.9598614570945538,0.9554058876103388
arbo1245,afro1255,1.746730541196156,0.5178441162028471
arch1244,nakh1245,3.001427604174296,0.8345762412694158
aree1239,aust1307,0.2926843115146604,0.3109706953521685
area1240,aust1307,-0.1913602484731908,0.3486546135736041
argo1244,afro1255,2.1362074739302326,0.7599667922228996
arhu1242,chib1249,2.4866423319651725,1.0149015055708697
arig1246,atla1278,-0.0192604752245693,0.375943051781872
arik1265,nucl1710,1.5966263638818603,0.7817007668975822
arom1237,indo1319,2.677807119887268,1.212198170442191
arop1243,aust1307,-0.0086543294895113,0.3128281867404774
arop1242,aust1307,0.0477801985278312,0.3442039994196069
aros1241,aust1307,-0.5293522010189053,0.4041962526544571
arta1239,aust1307,1.2806875003352736,0.3498476020524363
asha1243,araw1281,2.283350906689902,0.7714628803863093
ashe1272,araw1281,2.46165725884084,0.7793811569252669
asoa1238,cent2225,1.3365400614044862,0.5684240558503064
assi1247,siou1252,-0.5160848237898663,1.0557737543608834
asur1254,aust1305,2.262255249674811,0.802346984823715
asut1235,atla1278,0.0139077129035398,0.4046979722414026
atam1240,aust1307,1.435050130675826,0.4293655086965589
atay1247,aust1307,1.1752991357272065,0.4800276595128645
athp1241,sino1245,3.100246111176012,0.5513966387663074
atii1237,aust1307,0.9142421367511012,0.4537977705072213
aton1241,sino1245,1.834377976944436,0.4727620072297451
auuu1241,nucl1708,-0.1518049804125476,0.498145100771469
aulu1238,aust1307,-0.4421907034699268,0.2443405877591073
auye1238,nucl1709,0.5077632413061064,0.4546701368520258
avac1239,tupi1275,0.9771230250175426,1.0123096286951916
avat1244,atla1278,-0.0146151637585936,0.3642609286049114
katb1237,aust1307,-0.3570408885035241,0.2350675639364992
avok1242,cent2225,1.290458879970838,0.5208272442666408
awac1239,barb1265,1.6047705256819365,0.9492850859097408
awad1244,aust1307,0.1821006164890843,0.3045992475554029
awad1243,indo1319,3.3209852404535054,1.0462954168755791
awap1236,nucl1709,0.7659597894166675,0.3046554571067918
awar1249,ramu1234,0.3845793599655538,0.8336689209658203
awar1248,nucl1709,0.5924146866031386,0.2979083368894253
awet1244,tupi1275,0.5467823321410863,0.6566341201845738
awji1241,afro1255,0.7469988857569064,1.0398819172646427
awtu1239,sepi1257,0.9648182955781036,0.4893961487364966
axam1237,aust1307,-0.4475592194449564,0.239314542828009
axiy1235,sino1245,-1.568044801662452,0.5054825077128413
ayac1239,quec1387,2.3563395596513788,1.171075246114934
azha1235,sino1245,-1.9784114206553456,0.5572366599502598
baba1264,atla1278,-0.1654740590007302,0.2619135855432648
baba1266,atla1278,0.018000915806726,0.2719778436146045
baba1268,aust1307,-0.2388381273556838,0.3651525862397622
bada1257,drav1251,3.2073145946285857,1.0455920478802327
bafa1247,atla1278,-0.949556486246752,0.3329325676832675
bafi1243,atla1278,-0.8079738787588462,0.3084007973635123
bafu1246,atla1278,0.0165558668759007,0.2595117416483146
baga1273,atla1278,-0.0945603265993022,0.4713654393447246
baga1272,atla1278,-0.1896882330856923,0.4751296889572951
bagi1246,cent2225,1.4089890200382122,0.5675904805623602
bagv1239,nakh1245,2.922744209628846,0.8105105834486244
baha1259,afro1255,0.2600892514998074,0.9857914166753536
bahi1252,sino1245,3.2022426155584407,0.5735864676587545
bahn1262,aust1305,-1.798655977584283,0.5782812733731331
baik1238,aust1307,-1.09940013605278,0.4609957836292397
baim1244,sino1245,0.2859953682197322,0.5982661240642768
baka1272,atla1278,-0.6652610129024632,0.4705260034122562
baka1274,cent2225,1.3614112392729818,0.5299535098371595
baki1244,aust1307,-0.0765422825513177,0.2566114260840875
bala1316,aust1307,0.6696540796386434,0.4767664898990187
bala1311,aust1307,1.204229945049617,0.5029477319550257
bala1315,aust1307,-0.2673637349517854,0.5248764153244259
bali1278,aust1307,-1.3769818054722165,0.7443972717974705
liki1240,atla1278,-0.9615052305897024,0.3606789747105652
bamb1270,aust1307,-0.8239795838015564,0.5295209511317198
bamb1269,mand1469,-0.3544527509962139,0.6920763575239355
bamb1262,maoo1243,1.8709207421254392,0.9770900880532798
bamb1266,atla1278,0.0112798297976424,0.2574755827163648
bamu1253,atla1278,-0.179287382431982,0.2902401055238361
bamw1238,atla1278,-0.8099842291710289,0.3685260290318806
bana1288,aust1307,0.7070930288262107,0.340392824987036
band1344,atla1278,-0.0407580377389731,0.4730834157589583
band1340,atla1278,0.1519265931032098,0.4700179520249645
bang1363,bang1363,-0.0288054451633423,0.9760269446700848
bang1369,sino1245,0.9987958082485636,0.4071699081111024
guar1293,araw1281,1.290358722434105,0.5671305365678974
bani1255,araw1281,1.4077883004649303,0.572666796603678
bank1256,atla1278,-1.0077229929556752,0.3446224962762736
bann1247,aust1307,0.1027838937290692,0.3689542420866201
bant1281,sino1245,3.163687921774236,0.5578226362171232
bant1288,aust1307,0.9414464117771172,0.440967897571396
bara1357,sino1245,3.3088333807815493,0.6720472157360255
nucl1630,koia1260,1.2275806243159184,0.6124483199812447
bare1279,afro1255,0.6396713010052721,0.4704530944411154
bara1369,aust1307,-0.7105788064477792,1.1154003934642192
bara1361,atla1278,-0.0646566511765911,0.4225539129850562
bara1370,aust1307,-1.151827697039432,0.469402720260812
bara1380,tuca1253,0.3729485763531506,0.5560813122920543
bard1255,nyul1248,0.987104145868212,0.9822204008511726
bare1276,araw1281,1.3468521458206713,0.5730912038168987
barg1252,nucl1709,1.0974676088893862,0.3005217902289137
bari1286,aust1307,0.1955213395536581,0.3101302805097399
baro1253,aust1307,0.4216364016347178,0.3281825729550776
basa1282,atla1278,0.0618531566507756,0.3778605920771611
bash1264,turk1311,3.4245056776489533,2.118282248452628
basq1248,basq1248,1.951346561198576,1.7678434103959275
bata1293,aust1307,-0.1384307537289641,0.5980644434195144
bata1289,aust1307,-0.1842565926191182,0.5906355803685264
bata1285,atla1278,-1.0508620312815196,0.5286919232347786
bats1242,nakh1245,2.768934463584849,0.8360839346649085
baur1253,araw1281,1.312060182912155,0.6081065540732089
bauz1241,geel1240,0.5771181164875303,0.8992069851789779
bawm1236,sino1245,1.2586338125311536,0.4320569762715776
bayb1234,aust1307,0.9672720630233091,0.4837160328361398
bebe1248,atla1278,-0.5791540500282402,0.4011298174581101
beel1236,afro1255,0.333215647368865,0.3206002057812327
beem1239,atla1278,-0.6760145478795994,0.5988261092553344
beja1238,afro1255,1.4589377560228374,0.903458786695368
bekw1241,atla1278,0.1078311132664469,0.33653643784214
bekw1242,atla1278,-0.879394171417911,0.4769802845849193
bela1256,nilo1247,0.9687038269982516,0.7211639720970506
bela1254,indo1319,3.3428666607820228,1.568385755248741
nyal1254,aust1307,0.4380648590047307,0.5395955899198892
belh1239,sino1245,3.121214712172684,0.5496652042756329
beli1257,cent2225,1.6831767507493762,0.5951189118736311
bell1243,sali1255,0.0273201004123671,0.8531880840775794
belu1239,atla1278,-0.6831862306290977,0.416685304653285
bemb1257,atla1278,0.7503787277644605,0.5953235562540105
bena1262,atla1278,0.4870963324765702,0.431285381421719
benc1235,gong1255,2.336425458204023,0.7150253291143023
beng1282,atla1278,-1.0483552267937868,0.5437569426832276
bent1238,dogo1299,0.8734744846267078,0.7243665380428661
bera1262,aust1307,-0.4271824231329135,0.5302967353921866
zagh1240,saha1256,-0.1317494203728431,1.07456274398964
bert1248,bert1248,1.5724964377589783,1.0665490081072275
bezh1248,nakh1245,2.861096025342792,0.802083488783293
bhoj1244,indo1319,3.397614354550532,0.9571193050507882
biaf1240,atla1278,0.1061087500459434,0.4868971322223494
biak1248,aust1307,-1.357602362260212,0.4994230838135958
bian1252,kuni1270,0.9180401250657771,0.6287513309062498
biao1254,hmon1336,-2.4016849437663708,1.0245941544740624
biao1256,hmon1336,-2.0977278522609457,1.0114253258136947
biat1246,aust1307,-1.4895624828283514,0.621523483618875
bier1244,aust1307,-0.0924833018324979,0.2538977210051447
bign1238,aust1307,-0.3445547641451427,0.2546595646126386
biha1246,aust1307,-2.3472754344927376,0.6665899528902473
bila1255,atla1278,-0.7907802026238064,0.4304123232018009
bilb1241,aust1307,-0.032667799063287,0.2981415043308861
bili1260,afro1255,1.7088413964535647,0.8403152488912498
bilu1245,bilu1245,0.892936517537424,0.9191324929879524
bimi1240,nucl1709,0.7692555872941867,0.3609024231525146
bina1277,nucl1709,0.8893812587535522,0.3952126951600099
bine1240,east2503,1.6831373898976218,0.8629288446110541
bini1246,atla1278,-0.2577544984843933,0.4310112996654607
gunw1252,gunw1250,0.3668852337436923,0.6975329755548039
birr1240,cent2225,1.4718588264432042,0.6326640657587541
bisu1244,sino1245,-1.1309256527668845,0.467517042334292
bitt1240,aust1305,-2.399941304658228,0.5412553001830895
biwa1243,yuat1252,1.1452687838914812,0.8623266300135937
blab1237,aust1307,-0.5723798909453268,0.3658683292773896
blan1242,aust1305,-1.867866589403194,0.5357180307565979
bang1354,atla1278,-0.9848107135463078,0.4960933103495
bobo1255,aust1307,-0.2522808614274729,0.48299157372761
bodo1272,atla1278,-0.1453538680626789,0.4819660426846104
bodo1267,aust1305,2.120039780278388,0.8196518332394058
bodo1269,sino1245,1.5867168873338429,0.3962178873366455
boka1249,sino1245,1.2259544804512283,0.4283353574008388
bola1250,aust1307,0.0677094306305909,0.3284449400221021
bolg1251,atla1278,-0.2292913370289566,0.5062977162426607
boli1256,aust1307,0.9495230289915556,0.4097418639630947
chim1302,quec1387,1.780547959061978,0.9206674660112472
bolo1262,atla1278,-0.7925075820254062,0.3934238720137384
boly1239,aust1305,-2.486261217580679,0.7043879263235646
bomb1262,atla1278,-0.7621924419901585,0.3590027224442869
bomk1234,atla1278,-0.394326851372714,0.5206144235090044
bona1250,mong1349,1.923296693152409,1.1176378829353295
bond1247,atla1278,0.5393922432668734,0.4126880240046962
bond1245,aust1305,2.188568895495848,0.7555613010612396
bong1289,aust1307,0.5716409291727449,0.4250699735522953
bong1284,atla1278,-1.034610819549576,0.4718423773838625
bong1285,cent2225,1.4669754534519472,0.6274018096246343
bora1263,bora1262,1.464604843184395,1.0627618533563123
bora1271,afro1255,0.5349180337067252,0.506149585117341
bord1248,chib1249,2.432080006738696,1.0212667786068024
bori1243,sino1245,0.7689508101722147,0.3659363090434455
boro1277,gong1255,2.08896510925093,0.8610523014855973
boro1282,boro1281,0.7863717101096905,1.144777821343563
boto1242,aust1307,1.2195394848630356,0.3991890609144133
boun1243,atla1278,0.4993984320119204,0.4570026195570071
boun1245,nucl1709,0.9716385332735455,0.3143972607142773
bouy1240,taik1256,-2.819313592511202,0.9535971677267394
brah1256,drav1251,2.6485609303733098,1.7349973168105952
lave1249,aust1305,-2.182252704375929,0.538163252890878
bret1244,indo1319,2.160237998423839,1.263248168486808
brib1243,chib1249,2.782148771563477,1.0857141527221872
bube1242,atla1278,-1.024206446425691,0.4315105531288252
bubi1250,atla1278,-0.6139118317751864,0.5557532386489386
budu1248,nakh1245,2.944234841397493,0.9400207885898616
budu1265,afro1255,0.2802766788107296,0.4598427536959071
budz1238,atla1278,-0.3386776166784377,0.4629312450220704
buga1247,aust1305,-2.6447932915291155,0.6816109781514696
buga1250,aust1307,-0.3958732403987017,0.2882246796119454
bugh1239,aust1307,-0.643787803889448,0.3441287945417279
bugi1244,aust1307,-1.2337498833762697,0.5279804957794232
bugl1243,chib1249,2.7255074755846422,1.1407884475002414
bugu1246,sino1245,1.202825071171281,0.3795599920770938
buhu1237,aust1307,0.322292238673304,0.3793985406404423
bujh1238,sino1245,3.2787899644855485,0.6871641562159128
buka1257,aust1307,-1.162349587187364,0.6068594523832167
buki1249,nucl1708,-0.1071629976406303,0.5099419341051821
buku1249,atla1278,-0.2771787831214771,0.429710358037886
bull1247,atla1278,-0.455041285094526,0.5254502912593924
bulo1242,aust1305,-2.071743786732554,0.6165634662947936
bulu1251,atla1278,-0.9930676638288158,0.4146777624299056
bumt1240,sino1245,2.252643150835813,0.4800787166932458
buna1278,timo1261,-0.6037931061657651,0.6417838290261386
buna1276,aust1307,0.6629107312730054,0.371833265915547
gahr1239,sino1245,3.049193997507909,1.148311609608529
bund1253,indo1319,3.2905090951985656,1.2025908131500564
bunu1267,aust1307,0.9148507895720176,0.4094220650393425
buol1237,aust1307,0.2174326568500202,0.5060869376214656
bura1292,afro1255,0.957525812935482,0.3499943585926854
bura1267,mani1293,1.3924659670651809,0.9158363653094784
bure1242,afro1255,0.3192685070703787,0.3364490429590754
burj1242,afro1255,1.7278930614481007,0.6063849490401028
nucl1310,sino1245,1.0862420512409106,0.4881320039431993
burm1264,burm1264,0.3138657843632357,0.8784342286163889
buru1303,aust1307,-1.0502202530074745,0.5562199106128003
buru1320,afro1255,0.8072870512894982,0.4753902728204506
buru1296,buru1296,3.043345617422033,1.9621986367808748
busa1253,mand1469,0.0552088716633607,0.682907464255484
bush1247,atla1278,-0.6731116114283089,0.6518971008743502
buwa1243,afro1255,0.4318533811702129,0.2887047998049818
bwai1242,aust1307,0.5694495921581877,0.3258354133251986
bwat1240,aust1307,0.7480510596228774,0.4733753431381924
byan1241,sino1245,2.8748838230099487,0.946712322772754
caac1237,aust1307,0.8392429403770253,0.4577081858133236
cabe1245,chib1249,2.492178902875392,1.0847992758416702
cahu1264,utoa1244,1.6672513464216865,0.8803284989324918
cakf1236,afro1255,0.1989492181790866,0.3567933510994927
cald1236,quec1387,1.6676679594412795,0.836527541272742
caml1239,sino1245,3.221829484271109,0.5605207625165782
camp1261,indo1319,2.399961479953859,1.2357953865267546
cams1241,cams1241,1.2173511435819826,1.0387924955735053
cane1242,nucl1710,1.22701931779885,1.082689545328344
caom1238,taik1256,-2.6725751732191894,1.021128316552844
capa1241,pano1259,3.017627347640733,0.9380840115566752
carn1240,aust1305,-0.4660702844121378,0.8218900370875999
caro1242,aust1307,0.1251191744289745,0.9718313827247278
cash1251,pano1259,3.116828391694784,1.0058223700902658
casi1235,aust1307,1.3374495972745142,0.3659440074041709
stan1289,indo1319,2.3235684368205174,1.2632610807165627
cavi1250,pano1259,2.090248028245529,0.8527115025331544
cayu1262,cayu1262,0.487556410372616,0.9782601406858142
cebu1242,aust1307,1.1387973630589203,0.4198882688700056
cemu1238,aust1307,0.8039125511231261,0.4516691368304615
cent2127,eski1264,2.2410808434665914,2.427535103397762
cent2142,ayma1253,1.786131081348992,1.1910031862277717
cent2004,sino1245,-0.4506696567872639,0.36922637400041
cent2292,aust1307,1.177992723708159,0.3300861725996595
cent2084,aust1307,0.7342251377082388,0.3922798718149316
cent2314,aust1305,-2.1484458429224347,0.7061220741332934
qaua1234,taik1256,-2.811143665092782,0.9651726871604978
guer1241,utoa1244,0.7649056133240366,0.5459996386529418
cent2050,saha1256,0.4471218343884982,0.7739067409452569
cent1989,aust1305,-2.1628884343764097,0.674707193266451
cent1972,indo1319,0.5054130546877676,0.7877411218063259
cent2058,aust1307,-0.6035499860359423,0.3080483969132159
mala1479,aust1307,-1.378499408578724,0.6839352177655078
cent2322,ural1272,3.3959417461601458,2.2156353808079388
cent1992,aust1305,-1.9519494198930536,0.5672052412584265
cent1990,aust1305,-0.4116840882344452,0.8185356984535264
cent2126,japo1237,2.523271855640105,1.3102300147987602
cent2091,aust1307,0.6181813799868604,0.503670717015885
cent2140,miwo1274,1.5587048627602318,1.0726323370657431
cent2090,aust1307,0.8345769112314567,0.5053239399715905
cent2131,utoa1244,2.225218898725114,0.8925746175929543
cent2150,chib1249,2.3448732382146518,0.9853592706178752
mbal1255,atla1278,0.2411864757391082,0.7614508623557281
chac1251,pano1259,2.085924648977673,0.8552944515116039
chad1249,afro1255,0.3399546251047145,0.5999081553173617
chak1270,sino1245,1.2664845515347205,0.503400688149473
chak1271,atla1278,0.5430784476596888,0.4302240770760539
chal1275,afro1255,0.5749865427122722,0.6219293782839923
cham1315,zamu1243,-0.6422397864264857,1.1110016055032914
cham1309,nakh1245,2.9303840261075527,0.8171614244283183
cham1318,araw1281,2.068513786320188,0.7624029014345366
cham1312,aust1307,-0.0899661811104681,0.8902074410439824
chan1313,sino1245,1.065991115608422,0.3450478734035318
chac1249,barb1265,1.794247787337028,0.98954075603603
char1269,gong1255,2.226520900297393,0.6922859564000134
chas1234,sino1245,-0.587026372006644,0.3763215102563673
chec1245,nakh1245,3.0333440767366198,0.9382104414948702
chek1238,aust1307,-0.5927119520963395,0.3611764612389319
chen1255,drav1251,3.1835348416199234,1.0664545745405198
chep1245,sino1245,3.313484701334616,0.6609063900653589
cher1273,iroq1247,0.9124944157273386,1.1532343127018776
chey1247,algi1248,0.103738030556393,0.9051804190214976
chic1270,musk1252,1.748257296933282,1.1826086464040926
chig1238,atla1278,-0.8283775094953265,0.4739516764531388
chil1280,atha1245,-0.6104518020370167,0.8989397312137037
chim1309,chib1249,2.483096553560248,1.013084866341195
chim1312,atla1278,0.6568967696595995,0.828793847901875
chhi1245,sino1245,2.864780096886986,0.5547187016881079
chip1261,atha1245,-0.3651306570141772,1.2761693851338118
chip1241,algi1248,0.6015406588542522,1.1065590445383893
chir1283,sino1245,1.6867291115904577,0.3250351787876009
choc1275,sino1245,1.6592715046610065,0.4493564454942476
choc1276,musk1252,1.7323427631662134,1.1766249509832414
chon1284,aust1305,-2.1653280268084187,0.7038257349650316
chot1239,sino1245,1.6599606091557435,0.350543819406933
chra1242,aust1305,-1.9939430391388924,0.6855429110590427
chuj1250,maya1287,1.243157329249295,0.5351844857757229
chuk1273,chuk1271,2.060586219343312,2.475147806808131
chuu1238,aust1307,-0.5060537622007797,0.7566976507023413
chuv1255,turk1311,3.542521735552684,1.9162051270798293
chuw1238,atla1278,0.0340495946227941,0.7412097963313147
cici1237,atla1278,-0.2474359776816685,0.4796819469786166
chin1286,chin1490,-0.2591745425284946,1.1088904404895623
cent2087,aust1307,1.15394911115914,0.4786380324575625
sout2912,aust1307,1.2936534843472212,0.5351729873395725
coat1243,otom1299,-0.4868195904822054,0.340922894292881
coca1259,tupi1275,1.8630230284853957,0.8220469870453275
coeu1236,sali1255,-0.9233192116152992,0.8055788452774277
cofa1242,cofa1242,1.3407220130930375,1.048137510405038
cogu1240,chib1249,2.4964520793192624,1.0332490632956457
inga1252,quec1387,0.8326910716532513,0.7945182347266244
colu1241,sali1255,-1.0896964319917513,0.7698701229151292
coma1245,utoa1244,1.853388578344748,1.1031728766974815
como1259,sali1255,-0.0677558570666059,0.7842961521092482
cong1236,atla1278,0.7078484842050429,0.633024105519818
copa1237,otom1299,0.1572705293626091,0.3417767413150616
cors1241,indo1319,2.669752543618328,1.2091654682462298
cosa1234,sino1245,-1.7497057892384928,0.4766839605678852
cota1241,aust1307,0.8096911171067508,0.426153187707357
cree1270,musk1252,1.907367172890704,1.2275167966357627
crim1257,turk1311,2.78541465873434,1.6345304637885891
cros1244,atla1278,-0.1254300102089323,0.3340106030638448
crow1244,siou1252,-0.1246695734928353,0.9711406172303962
cuaa1241,aust1305,-2.113486078923194,0.5914909389451553
cube1242,tuca1253,1.0682975331308668,0.5878459477017555
culi1244,araw1282,1.3164704017081776,1.045621108038468
curr1243,araw1281,1.3407206872848454,0.5790767898681302
cusc1236,quec1387,2.1981799554934454,1.110894689552839
cypr1248,afro1255,0.2948795568671434,0.8201969010643797
czec1258,indo1319,3.190886593764295,1.4184595989536617
daai1236,sino1245,0.6197215267923201,0.4770300423687001
daak1235,aust1307,-0.6946580352876097,0.4781549005088874
daas1238,afro1255,1.5179676596251794,0.5297372882373317
dadi1250,tebe1251,1.106309465960837,0.8670156009712748
dagb1246,atla1278,0.542186253889338,0.4300785686317132
dagi1241,narr1279,0.1522172033645001,0.6885969871831437
daur1238,mong1349,2.308467721080936,1.896840659067073
daha1245,afro1255,0.8237574857573351,0.6135104696966511
daka1243,aust1307,-0.305409493211122,0.2517528036234222
damp1237,aust1307,0.0018181843444191,0.4865722465175239
dana1252,aust1305,-0.8454103120142724,0.5524501138855906
dand1238,drav1251,3.23542835722274,0.9642429876191184
dani1285,indo1319,3.06422796273428,1.536197264364438
dara1250,indo1319,3.468457998607114,0.9799882687034298
dard1243,daju1249,1.0378671678734035,1.0283504265012064
darm1243,sino1245,2.6705294446701333,0.94303442530988
daww1239,nada1235,0.951664426864195,0.8628726432662277
dawr1236,gong1255,2.580356419318348,0.6938207044071065
daza1242,saha1256,0.7753209373970891,0.9070437315621228
defa1248,ijoi1239,0.0834390136231764,0.7843272031914514
dege1246,atla1278,-0.62302116606058,0.4197273449819092
dehu1237,aust1307,0.7502859326894589,0.4552025060331734
dera1245,sena1264,1.0456832443249195,0.8691495962957854
dera1248,afro1255,0.979173118799466,0.3526292617891933
desa1247,tuca1253,1.0943245233326857,0.5487581974960136
dhao1237,aust1307,-1.733540954278982,0.5897174292527532
dhar1247,pama1250,0.1777835961916878,0.823173062665612
dhim1246,sino1245,2.488458241829124,0.5486204561638672
dhuw1249,pama1250,0.9968143509397218,0.5992662081091087
dibo1245,atla1278,-0.5395963973723026,0.4206502173945607
dier1241,pama1250,0.5318887500173755,0.7279517299520686
digo1243,atla1278,0.5110023675347299,0.4508700797710814
dima1251,sino1245,1.718130781128364,0.3526527255335958
dime1235,sout2845,2.287293752640485,1.0209105021659983
diri1252,atla1278,0.319153608491354,0.6297505827057144
dizi1235,dizo1235,1.817942931570966,0.9761678498864064
djam1256,pama1250,1.0799268388492536,0.6082346324636205
djee1236,mani1293,1.296133962139225,0.9121772937213706
djeo1235,nucl1710,1.1786684007843888,0.7738274472065068
djin1253,pama1250,0.4313556160397707,0.552372236607432
dobe1238,aust1307,-0.9897268107998044,0.5386041589786705
dobu1241,aust1307,0.6363313186615696,0.3376582177237575
domm1246,nucl1709,0.5000853785880746,0.2844767428689545
doma1260,indo1319,3.2491208880647537,1.5034772732202826
dong1285,mong1349,1.7685375412421809,1.1156052719887946
doro1266,manu1261,0.4306777405885736,0.8493915834472308
drun1238,sino1245,-0.0657137098717535,0.3977983876486313
dual1243,atla1278,-1.06346383598816,0.3613370534397506
chug1252,sino1245,1.0371769309614876,0.3885935429811935
dumb1241,aust1307,1.1646529925163644,0.5243705252339268
dumi1241,sino1245,3.2235403642196894,0.5659631035383899
duna1248,duna1248,0.3980793161390272,0.8319417334416634
dupa1235,aust1307,1.203961640420877,0.3897619029691728
duru1236,drav1251,2.793284831283521,0.932601778665218
dusn1237,aust1307,-1.0678667225631426,0.4431898503092544
dutc1256,indo1319,2.765829275013416,1.3537781191094966
dyir1250,pama1250,0.6617685888733377,0.5926420945570885
dyul1238,mand1469,-0.2350274798968747,0.488530619408817
dzao1238,hmon1336,-2.291685257992152,1.016076969009979
dzon1239,sino1245,2.5519812396367656,0.5338175422593654
east2443,aust1307,-0.3288855816728979,0.2795964888303204
tang1336,sino1245,1.714571757710972,0.334196084820169
nucl1235,indo1319,1.7693953171587071,0.8676150283968558
east2379,pama1250,1.4543865670556253,0.7187512011820045
sout2896,aust1307,-1.5386448576983551,0.440256081614871
east2555,tupi1275,0.7366081263204739,0.888985746566457
east2332,aust1305,-2.374127633858143,0.6228639640666156
east2563,aust1307,-2.3168555390010352,0.7360305194042622
east2690,afro1255,-0.0725961185465515,0.8315259337692518
east2556,otom1299,-0.1931754381494663,0.5221854732191327
east1236,aust1305,-2.1081288945869074,0.5719289242663277
east2342,sino1245,-0.7411433186446161,0.4644413953668529
east2782,atla1278,-0.4201838016911736,0.5695770941096323
east2328,ural1272,3.5778124985670594,1.7981641755462248
east2333,aust1305,-1.965325537198088,0.5899820390787034
east2773,sino1245,3.29045691061245,0.595291444234495
panj1256,indo1319,3.3131501858873733,1.2963260459314505
east2485,aust1307,-0.929303158036916,0.4183737998725925
fina1242,aust1307,1.110690111002967,0.309018839754168
east2694,aust1307,1.5125565699582495,0.4402810888241899
east2447,aust1307,-1.0538818355078343,1.0803027880197655
east2516,nucl1709,0.8924273778995038,0.3272484186174917
east2440,aust1307,-0.6965244493877409,0.5071093530102417
huaa1248,tuuu1241,1.2087661342486873,1.2701213532883613
wall1257,aust1307,-1.117752535534648,0.9973018344686038
egaa1242,atla1278,0.0707553973073262,0.5907719955782436
egyp1253,afro1255,0.7167560437540199,0.9280101960901508
eipo1242,nucl1709,0.8021858422683888,0.3635127963289606
ekar1243,nucl1709,0.5521321498036145,0.4692327785499692
elem1253,atla1278,-0.6368457709364357,0.3655933429203468
elip1238,atla1278,-0.8520201479646832,0.3191193697023182
elna1235,utoa1244,2.0692339246667277,0.8316833814012936
emae1237,aust1307,-0.2726330155854461,0.2922575054013689
emai1241,atla1278,0.069947826509354,0.3846684152459363
embe1260,choc1280,2.0135012357248887,1.1002744717408488
embe1262,choc1280,1.9452039827403635,1.0488166976545084
stan1293,indo1319,2.254100209254584,1.3091906075092878
enuu1235,sino1245,-1.6353554303922508,0.4614773706697463
epen1239,choc1280,2.078447734968944,1.0565620020524285
ersu1241,sino1245,0.2113635517357814,0.4284141228923008
erzy1239,ural1272,3.4965982823395976,1.7422720581255136
esan1238,atla1278,-0.2455564619650596,0.3895444602064835
esee1247,koia1260,1.3009095754918576,0.6109278348243508
esee1248,pano1259,2.3029479440245058,0.8868433115576
esim1238,atla1278,0.0180583067412709,0.2731112565104907
esto1258,ural1272,3.7782290233103977,1.738709374120797
eton1253,atla1278,-0.7629432664360514,0.3489645741753704
even1260,tung1282,2.597366220701352,2.374055986727208
even1259,tung1282,3.076200116736119,2.3851605919589582
ewee1241,atla1278,-0.1901762293484479,0.4036758064675161
fala1243,sino1245,1.282990364045571,0.4294471436621361
fare1241,atla1278,0.7090456232489114,0.4516059816829525
faro1244,indo1319,2.0518971742785257,1.7067562688441429
fasu1242,fasu1242,0.8965840177792646,0.8616472423725074
fefe1239,atla1278,-0.642061931084092,0.3068464124103895
fiji1243,aust1307,0.3137463185482652,0.9137702464276374
fili1244,aust1307,0.9548569715284096,0.4558678116348824
filo1235,toto1251,1.0186880022652596,0.6677474540465416
finn1318,ural1272,3.6649128149604016,1.8748411099234
fipa1238,atla1278,0.4294063433827531,0.5181966845158517
foii1241,east2499,0.2616331542914329,0.8251666878500599
fonn1241,atla1278,-0.2579992852295651,0.4324295385282339
fore1270,nucl1709,0.3693337924042794,0.3016482781415055
fore1265,ural1272,3.104406080499398,2.276802979440479
fran1266,mixe1284,1.3153746086416611,0.9303102429535022
stan1290,indo1319,2.5651538838017136,1.262619975948649
fuln1247,fuln1247,1.470015679965169,1.8251135366523887
furr1244,fura1235,1.0072304382340402,1.1119450676071168
furu1242,cent2225,1.0668739925676496,0.6025527287256298
futu1245,aust1307,0.0858865461103204,0.4629194808829751
fuyu1242,fuyu1242,1.1066778082865834,0.8639721398183702
gaaa1244,atla1278,-0.1919928373711179,0.5099993172568578
gaaa1245,atla1278,0.7737347574932291,0.3397219187500049
gaam1241,east2386,1.5563915003902766,1.1116785705514172
gaan1243,afro1255,1.0154227992870282,0.3333495504037724
gada1258,aust1307,0.8149610904825123,0.3278319103565055
gade1242,atla1278,0.0324357935420263,0.372694896794723
gaga1249,turk1311,2.909185708618677,1.676718195584092
gala1264,afro1255,-0.0336875725603575,0.3352932993914295
gale1259,nort2923,-0.4724319752445893,0.6903166585791753
gali1262,cari1283,0.0816460320121419,0.7897657257636759
gali1258,indo1319,2.212424172056761,1.3846557668799222
galo1242,sino1245,0.9603648424511384,0.3724182975789101
gamo1243,gong1255,2.5493729188705383,0.6891522902721685
gand1255,atla1278,-0.6741809791104711,0.4403503423386357
gang1267,tang1340,2.265799691796282,1.172040288954065
gang1266,sino1245,1.7373623006747174,0.3427287353054162
gant1244,nucl1709,0.7218826933618036,0.2877773538575598
gapa1238,aust1307,0.5059766305799207,0.3131584524843962
boht1238,afro1255,1.374241976310688,0.7319189422160415
gari1256,araw1281,1.686019348426267,0.9008130518234464
garo1247,sino1245,2.134703208241676,0.4988821792749291
gara1269,garr1260,2.0734321274026555,1.3012162979307194
gata1239,aust1305,2.112138356907077,0.7979284501793149
gayo1244,aust1307,-0.3978910958788872,0.6420587390922043
gbay1278,atla1278,0.1002643730798455,0.4471844474243442
geba1237,sino1245,-0.00435059144206,0.4765462073389566
gebe1237,aust1307,-1.1608220830496627,0.5302754200564812
geda1237,aust1307,0.0776014649249425,0.2902472455930476
gela1263,aust1307,-0.676785752910722,0.3344181814712397
geme1244,atla1278,-0.0916564038429046,0.5245949224503175
nucl1302,kart1248,2.0192965342907687,1.223918883126991
geru1240,afro1255,0.1233774429394922,0.3580840804442893
gese1240,aust1307,-1.3965616099362623,0.5170245923226173
ghad1239,afro1255,1.6356426740165415,1.22138924131579
ghan1242,aust1307,-0.2549379514033005,0.3598095644408272
ghar1239,aust1307,-0.4914227818557832,0.3523239794013788
gheg1238,indo1319,2.7701330995471363,1.2270196921472172
ghom1257,afro1255,1.78442713027503,1.2987637243921035
gida1247,afro1255,0.5981360588926492,0.3351397997418845
giiw1236,afro1255,0.3473243462547193,0.3252079761137576
gilb1244,aust1307,-0.2432093592547606,1.123549835837804
gira1247,nucl1709,0.935586426155098,0.267958547862853
giry1241,atla1278,0.4224606374021789,0.4912407635023581
gizr1240,east2503,1.8199093632519103,0.8505071215542466
glav1244,afro1255,0.7468092262060424,0.3097595141633507
gobu1238,atla1278,-0.1803568867456315,0.4104718765329278
ghod1238,nakh1245,2.8800090612236797,0.8336114350701127
goem1240,afro1255,0.604619402924917,0.3781882618740035
gofa1235,gong1255,2.4357213219796807,0.6912070863994293
gogo1265,suki1244,0.6384106537590799,0.8871100431848808
gola1255,atla1278,-0.7228606192115778,0.6232558308978708
goli1247,nucl1709,0.4205704610602194,0.2919179891098831
goon1238,buna1274,1.3037585960966245,1.164582801420743
goro1270,afro1255,0.2310403738485091,0.4315821198408582
pare1266,aust1305,2.097767612706465,0.7604508524581992
gras1249,koia1260,1.2104487138059528,0.6250983233147513
guah1255,guah1252,1.575096385225324,1.066307138330456
guam1248,barb1265,1.5551409427019682,0.9607357947456454
guat1253,guat1253,-0.5197434370080989,1.1036767654228616
gube1234,atla1278,0.1751231985269929,0.5516558390584962
gude1246,afro1255,0.7393379316872463,0.3201188184630612
guer1243,otom1299,0.1221755115217033,0.3647838538937402
guhu1244,nucl1709,1.0450669356798832,0.3729508683577882
guiq1238,sino1245,0.3078344822528711,0.4283360762419188
gulf1241,afro1255,0.9438721742084136,0.832292376863065
guma1254,aust1307,0.3919085937222608,0.3472020157706899
guny1241,pama1250,1.5211324783196452,0.7583214545555097
gura1251,indo1319,0.75380508369691,0.7324069228010615
guri1248,guri1248,0.8514131978415961,0.8282552654237967
guro1248,mand1469,0.4082331698712775,0.5239437990630345
guru1261,sino1245,3.280086724349541,0.5716595842247547
guru1271,afro1255,0.2471271855708492,0.338394852713181
gusi1247,atla1278,-0.4057394558604956,0.4110021862830479
gugu1255,pama1250,0.480337881222185,0.6234845872924835
kwam1249,koma1264,0.8133967915782097,0.8611145320002369
gwen1239,atla1278,0.2610916456118035,0.3910295453290033
gyel1242,atla1278,-1.0896348919244985,0.4507013590505195
haaa1252,atla1278,-0.2329405689257864,0.5314652003510969
hadi1240,afro1255,2.234672548621117,0.5829840165421545
hadz1240,hadz1240,0.2280807385071648,0.9316691163084428
haka1240,sino1245,1.2738749013117172,0.4207028532927586
hakk1236,sino1245,-0.7638241473818606,0.7667691857934384
hala1252,aust1305,-2.16855241542186,0.5345689409359307
halh1238,mong1349,2.565317032150924,1.7301096715205415
hali1244,aust1307,0.3066573956143381,0.3867024270170973
halk1245,sali1255,-0.8284860971110715,0.7412623379478833
hame1242,sout2845,2.062356413063103,1.021767356239506
hang1263,nduu1242,0.379629280624471,0.5982600956422037
hani1248,sino1245,-1.912755133194699,0.511454308679864
hano1246,aust1307,-0.4125882247284629,0.2827384126237628
haro1237,aust1307,-2.41709912237384,0.688841867552731
haru1245,piaw1238,0.4183449560837694,0.7234372603220032
hass1238,afro1255,0.4052827652171742,0.9415801270848094
hata1243,hata1242,-1.1396755892371426,0.8335907311617112
remo1247,aust1307,0.9513676396815256,0.4059630056443724
haus1257,afro1255,0.3505366447088873,0.4415311730779145
nige1253,atla1278,0.364162157689649,0.4310994161500114
hava1248,coch1271,1.990850261307317,1.3111788451823965
hawa1245,aust1307,1.1590840848695818,1.776656541563769
sabu1255,aust1307,-1.7125540883465886,0.6001374194744771
hdii1240,afro1255,0.8826220121443034,0.2903235114457709
hehe1240,atla1278,0.5728473417182078,0.4371111964073564
heil1246,waka1280,0.3029109144673501,1.0085158991975174
here1253,atla1278,0.5030969776624996,0.6829302267192037
hert1241,afro1255,0.3579869971601024,0.6575164650960894
hida1246,siou1252,0.5622025340125902,1.1050176128612317
high1276,mixe1284,1.2161864877586497,0.8489220980792798
high1278,utoa1244,0.5837170655804624,0.4821305799575821
high1243,toto1251,1.0881524364251978,0.675623705639381
hili1240,aust1307,1.0673434380847555,0.4605347540159497
karb1241,sino1245,1.19117271732968,0.354964378864818
hind1269,indo1319,3.2733451384532657,1.279903137180272
hinu1240,nakh1245,2.904434507830267,0.8088582971347753
hixk1239,cari1283,1.265289945938411,0.8089643002518629
hlai1239,taik1256,-2.475412355985973,1.091961585044189
hler1235,sino1245,-1.4068343693038572,0.4351086235799219
hooo1248,aust1305,1.986041971600982,0.7106427831277067
hoav1238,aust1307,-0.3823574373039404,0.3418366341959471
ainu1240,ainu1252,0.54349028400275,1.592761270139195
holo1240,atla1278,0.4865879331122882,0.5872344904171007
hone1235,atla1278,0.2617621518639721,0.3528482203456504
honi1244,sino1245,-1.200985047706494,0.4556377552545148
hopi1249,utoa1244,1.8518788520529943,0.8493139757283652
hote1245,aust1307,-0.5231324232402113,0.2777565531384955
hozo1236,maoo1243,1.8478640641756288,0.9666659863940192
hrus1242,hrus1242,0.59206457399791,0.9832863378944764
huuu1240,aust1305,-2.1153414408986397,0.510704069359456
hual1241,quec1387,2.520186567609403,1.0469677743947243
huam1247,jiva1245,1.9988763390547837,1.035090761457222
huar1255,utoa1244,2.196218268403871,0.8856599748364462
huas1242,maya1287,1.4910370952252006,0.8877730361295884
huba1236,afro1255,0.959236931808788,0.3158559445622249
huic1243,utoa1244,1.9600404481625529,0.8143208480476618
hula1239,aust1307,0.0670859877356946,0.3700229673345725
hula1244,afro1255,0.4592562477698956,0.7757740260893513
huli1244,nucl1709,0.7354448978492939,0.3553195762718095
humb1243,song1307,0.7565367460545679,0.734425167608296
hung1275,aust1305,-2.574961242213991,0.6538701575260366
hung1274,ural1272,3.498305619959212,1.7828872464492578
hunz1247,nakh1245,2.9476693176954822,0.7993478806198988
hupd1244,nada1235,1.3760478775052334,0.8647102509488378
wyan1247,iroq1247,-0.6773402810145006,0.8636755593463481
hyam1245,atla1278,0.0569990272550644,0.3654698010043962
iaai1238,aust1307,0.9958148948550132,0.4389884830276296
iama1237,aust1307,0.2599661212793007,0.3294186617435541
iatm1242,nduu1242,0.3678303731240897,0.6094587799478157
ibal1244,aust1307,1.2346571184759283,0.3356519451202517
iban1264,aust1307,-1.2997010683144945,0.5761775763192536
iban1267,aust1307,0.8306337498423608,0.3615817052879229
ibat1238,aust1307,1.1843691520687958,0.4720122859250293
ibib1240,atla1278,-0.3063322137291355,0.3492590531974726
icel1247,indo1319,2.1124495655008397,1.9953888843852323
idaa1241,aust1307,0.5078244467888708,0.4241777737922483
idii1243,paho1240,1.5363109700704796,0.8920054465059977
idom1241,atla1278,-0.4222799651679652,0.3729175833898073
idum1241,sino1245,0.8782478732821607,0.4760539789649316
idun1242,aust1307,0.5403841979955495,0.3287737990138306
nucl1417,atla1278,-0.7440112348052548,0.3904858100063633
igna1246,araw1281,1.3287250682047484,0.6358943528203187
ikkk1242,kuli1252,1.4290467926125954,0.9269512051727542
ilaa1246,atla1278,0.6569369325721377,0.5742664513712485
ilia1236,aust1307,1.3955720993843652,0.3949632848421704
iliu1237,aust1307,-1.235778245154874,0.4607837803402157
ilok1237,aust1307,1.0920953544807082,0.3454978844718823
ilon1239,aust1307,1.295871427490636,0.3445784324321486
imba1240,quec1387,1.6286102678678844,0.8402907175649004
imon1245,bord1247,1.1777610884463006,0.8664622912914353
ingr1248,ural1272,3.751791455760594,1.7639801596907942
ingu1240,nakh1245,2.946135434383735,0.9172130489756024
alba1269,aust1307,1.2928395633489127,0.470439689411295
iqui1243,zapa1251,0.5071860912738817,0.9144404972176567
iran1262,aust1307,-0.0478146961161904,0.4416228975719805
iraq1241,afro1255,0.5078558336914774,0.441819425592346
irar1238,aust1307,-1.414107162180597,0.4622053045532963
iray1237,aust1307,0.7961596913901786,0.4623257024520644
iris1253,indo1319,2.012126750667005,1.4274354659922035
irul1243,drav1251,2.919401281278168,1.1255287800532223
kris1246,skoo1245,0.7682410691371391,0.8597259127274879
isco1239,pano1259,3.0573197135181207,0.952382684693566
isin1239,aust1307,1.2887345233452454,0.3264248710891988
isir1237,kwer1242,1.0016741598649828,0.8264788575031394
isna1241,aust1307,1.0953496210349196,0.4029011775668301
isth1240,utoa1244,0.5458157763865021,0.5356133906152585
isth1242,utoa1244,0.7411760087660735,0.5335689414585478
isth1241,utoa1244,0.8263155506142307,0.539905801192603
ital1282,indo1319,2.9095089607912783,1.2456403782224217
ivat1242,aust1307,1.428800821837932,0.5377786506879665
iton1250,iton1250,0.4708592796251676,0.9733181167604864
itza1241,maya1287,1.8223052221628235,0.728962177066379
iumi1238,hmon1336,-2.117458635942496,0.9473641514378291
iwai1244,iwai1246,-0.2585286344187034,0.848157931446794
iwal1237,aust1307,-0.4725940181402253,0.2845165399773721
iwam1256,sepi1257,0.9153871716759214,0.4931076902808056
iyoo1238,nucl1709,0.48264463591635,0.2908446164362352
jahh1242,aust1305,-0.8230498881592205,0.5638485852187931
jalk1242,mand1469,-0.1912302460637824,0.5020650880945285
jamb1236,aust1307,-0.4972809587406577,0.7616562600350578
djam1255,mirn1241,1.4739421676823152,0.9359396338728788
jams1239,dogo1299,0.7911931610776364,0.6984775742912035
nucl1643,japo1237,2.0201897627334104,1.7244059371454656
japh1234,sino1245,0.6810226363063098,0.4650674162632935
jaqa1244,ayma1253,2.523602794267956,1.3652245787099573
jara1266,aust1307,-2.1406316181722675,0.6451116936333783
jaru1254,pama1250,1.0041723905348572,0.6704160607190714
java1254,aust1307,-0.5749852420912802,0.7418978531917717
jede1239,aust1305,-0.9364786537125704,0.5501902481248822
jehh1245,aust1305,-1.8699029746590088,0.5443010347448296
jeha1242,aust1305,-1.1427543290696145,0.5615244704552
jenn1240,drav1251,3.116968032520445,1.0342050417906403
jeru1240,sino1245,3.3893885379751403,0.5764835331606117
jiba1237,atla1278,0.2361800397375093,0.3423135522797831
jina1244,afro1255,0.5645895180705272,0.3363346684849366
djin1251,mirn1241,2.107664770605685,1.049734206268207
jita1239,atla1278,-0.4436497700519597,0.4410780463592911
jjuu1238,atla1278,0.1606654349943335,0.3925498339292939
juan1238,aust1305,1.999193559211616,0.7681051453897143
juku1254,atla1278,-0.0244507548534904,0.299899029403778
jurm1239,cent2225,1.6831586866924184,0.5826689383707668
kaba1281,cent2225,1.5790143493421698,0.6320816391526161
kaba1278,abkh1242,2.311412524639735,1.3345756704224327
kaby1243,afro1255,1.3160247188890004,1.2308650722741392
kach1284,gong1255,2.6196735369758617,0.7552377866354729
kada1242,drav1251,3.187563485635624,1.0544724446690124
cent2100,aust1307,0.1037815498148415,0.3464830709889037
kado1242,sino1245,-1.1584748280023098,0.4446817167135641
kafa1242,gong1255,2.38298447082828,0.6976262878715871
kaga1256,aust1307,0.9716011276191112,0.4954264139078521
kagu1239,atla1278,-0.002914615838079,0.4295807248206098
kaik1246,sino1245,3.1218603658050714,0.7964960767909113
kain1272,nucl1710,-0.112798810552279,0.9729264347682688
kair1263,aust1307,-0.3101636527589395,0.3650503387027455
kaki1249,kaki1249,1.336840539980501,0.8882699750959739
cacu1241,kaku1242,1.6215856370163384,1.0393477495575114
kala1399,eski1264,1.979554763124593,2.397326005070091
kala1388,aust1307,1.1937442696399296,0.4228074892429658
kala1377,pama1250,1.404704523544499,0.6969483678844139
kara1499,west2604,0.210613209915615,0.9382108380473632
kala1384,atla1278,0.5335593297014576,0.6418600458114194
kali1308,sali1255,-1.326716638054679,0.8953137641753401
kalu1248,bosa1245,0.4102173702394384,0.7422592902534144
kamm1249,atla1278,0.7071977358410615,0.3383577219222919
kama1370,nucl1709,0.8335065907038322,0.286739649951643
kama1367,nucl1708,-0.2566196919354151,0.5512174917277637
kamb1316,afro1255,2.242122156424184,0.5812962342126946
kamb1297,atla1278,0.4375921336850388,0.4557890501124939
kamb1299,aust1307,-1.7157123341910725,0.63172600087315
kamo1255,nucl1709,0.2245740071228037,0.4845280823208155
kamu1260,kamu1264,1.450997038997993,0.86741124274675
kana1286,aust1307,0.8538842202139821,0.4101673765195066
kana1288,daga1274,0.1346067946821081,0.7208846881432307
kani1286,nucl1709,0.509353158805532,0.288422545440107
kank1243,aust1307,0.870530864356248,0.3241019217082295
nucl1305,drav1251,3.263332984875821,1.108014070427676
bidy1244,atla1278,0.3594365933131416,0.5388863753535889
kaon1241,atla1278,1.0929450572656405,0.6288810113755208
kapi1249,aust1307,0.0320308504651338,0.6671554925595049
kaqc1270,maya1287,1.6938273357953118,0.630915825523271
kara1482,cent2225,1.4310508126858212,0.7309612440500692
kara1476,pama1250,0.2235264599321329,0.6133788814480301
kara1500,nucl1710,0.4610711247471968,0.8185022013204097
kara1487,aust1307,1.3555161959887894,0.3173242514459766
kara1486,aust1307,0.5253820929632225,0.3789031228855979
kare1338,atla1278,0.2212418189790779,0.4273805616673738
kare1335,ural1272,3.624119116141389,1.9273277084441007
kari1306,atla1278,-0.1320950502864049,0.4606092002441531
kari1311,tupi1275,1.0822205990441225,0.7826220895105314
kark1258,pauw1244,0.907956937221048,0.8368556599891139
karn1252,aust1307,-0.0091787481300182,0.2990650453229095
karo1304,karo1304,1.3023511563501091,1.3031311270880668
kash1277,indo1319,3.24195913806213,1.4202108571011829
kask1239,atha1245,-0.1990903992244361,1.134707526275657
newa1246,sino1245,3.315959546975537,0.6328831885133073
kats1235,sino1245,-1.2817603131189728,0.4581007904850076
kana1291,katu1274,1.6643613854869768,1.2256657223070997
kaur1271,kaur1274,0.9839330992425432,0.8893720126121121
kava1241,aust1307,1.0377493584206776,0.5168237366211224
kawa1283,utoa1244,0.7366199191765419,0.6900986495071901
kaya1315,sino1245,-0.314201919205604,0.4632226722669363
kaya1319,tang1340,2.1819870542066964,1.1460147368352214
keap1239,aust1307,0.0897716246876387,0.3775241885036791
keda1252,aust1307,-1.0055579228526668,0.4290017332662201
kera1248,atla1278,0.1720728025965296,0.4882983340593174
keig1242,kadu1256,0.8627011281159148,0.8430358844306483
kele1255,atla1278,-0.5705952681527053,0.5004864724189764
kele1258,aust1307,-0.524814413434904,0.3888155479375532
kele1259,aust1307,1.2774444482709035,0.3226015138424598
keme1240,atla1278,0.1380425400521767,0.2768045076399299
keng1240,cent2225,1.575264598021866,0.6512801179040206
kens1248,aust1305,-1.2308237361226029,0.5644221578747222
kenu1236,nubi1251,0.904136953856578,1.285933223729344
keoo1238,aust1307,-2.0138304218476955,0.5479525242648053
kera1255,afro1255,0.5732502992655264,0.3670171397567423
keri1250,aust1307,-0.2657780714666979,0.72073933650959
kesa1244,nucl1709,0.6242880022567147,0.271885228850643
kett1243,yeni1252,2.717065685415365,2.4288013340814985
kgal1244,atla1278,0.6210799744892175,0.7264294840799175
khak1248,turk1311,2.6734719096004547,1.9471653675591565
khal1275,sino1245,3.09349065494556,0.5560741504964954
kham1282,sino1245,2.159750559037905,0.8596310835902412
khan1278,atla1278,-0.6168396813182517,0.3587861843197912
khan1274,aust1305,-2.385489160162841,0.620302281423935
khar1288,sino1245,1.7611266139537778,0.3262162255357981
khar1287,aust1305,2.207175753685552,0.7790870441010527
khas1269,aust1305,1.2870362388943448,0.5235011860400389
khez1235,sino1245,1.6476640897322614,0.3286461738102169
khin1240,nakh1245,2.854772868363161,0.9138968579980392
khmu1256,aust1305,-2.337910181340713,0.5581613594133179
guan1266,sino1245,0.8068052836189059,0.4429378156741799
khum1248,sino1245,1.174450227417868,0.4122958524824023
khva1239,nakh1245,2.8864820183592417,0.8047079525121648
kich1262,maya1287,1.6259666676529936,0.6225941143825642
kiku1240,atla1278,0.2634198558436447,0.4347375973779961
kile1243,tung1282,2.3011514981977927,1.564639700520555
kili1267,aust1307,-0.0543445848538941,0.3728721291806809
kimm1246,atla1278,-0.0708173701599665,0.4082904200767676
kima1246,kolo1268,1.4664299706293582,0.8657857661701671
kima1244,aust1307,0.326450084165766,0.3732518507869793
kimm1245,hmon1336,-2.816778785136786,1.0136983423174466
kina1250,aust1307,1.0605042815534085,0.4586951266012153
kinn1249,sino1245,3.069896854098205,1.09308486026681
kiow1266,kiow1265,2.05481548953156,1.570434255703946
kips1239,nilo1247,0.7451108393888402,0.5927242349375379
kelo1247,timo1261,-0.4538688468406773,0.6054041134291137
miju1243,sino1245,0.434711427872583,0.4210094382200791
kobo1249,nucl1709,0.5474376736231549,0.2989207580318886
koda1255,drav1251,3.2345577598201816,1.0870868340251296
koho1244,aust1305,-1.7989596355910835,0.6315714035736537
koir1240,sino1245,1.7212458149783918,0.331451888429302
koit1244,koia1260,1.1228712744815523,0.6353538309773015
koka1244,pama1250,1.0466380105125987,0.8469688813204983
koko1269,aust1307,-0.4158219813250068,0.3672690225073203
kola1285,aust1307,-0.7920809438074459,0.5196341514151253
kolb1240,atla1278,0.6729820873233695,0.3818835585883211
kolc1235,atla1278,-0.8674583075518711,0.4088920324290748
kolp1236,kolp1236,0.5267566725508013,0.8680615073484317
kolu1245,aust1307,0.3204370159909604,0.3287481767701927
komb1274,nucl1709,0.299631681564797,0.380421993536495
komc1235,atla1278,-0.1063335055980951,0.2522846955857774
komi1270,sino1245,1.3895099366906158,0.3438031282788061
komi1269,ural1272,3.4969306011736654,2.046404010425592
komi1268,ural1272,3.436596510157345,2.175776545651344
komo1260,atla1278,-0.9010575238379088,0.5394595568123126
kona1242,east2433,1.173688417630005,0.8036056721757991
konk1267,indo1319,3.1575874374974955,1.4288895776899966
kons1243,afro1255,1.9663155088325124,0.5358817145212371
kony1248,sino1245,1.20472328049914,0.3343751810614246
konz1239,atla1278,-0.8218554030382417,0.4373575535490364
koon1245,atla1278,-0.8441585588086906,0.4404353287573852
koor1239,gong1255,2.5767302088094093,0.7482538653908288
kora1294,nucl1709,0.7705392815157045,0.4235076981853853
kore1280,kore1284,1.7237529641941685,1.776105817151738
kore1283,tuca1253,0.1401454193931397,0.6890142951632869
kork1243,aust1305,2.568736437362879,1.1331155527981789
koro1298,atla1278,0.1144943919313088,0.5051983696884497
koro1313,sout2948,1.3705270335829272,0.7700229557281646
koro1312,nucl1709,0.3181052711251819,0.3787577269862208
korr1238,drav1251,3.27303549887725,1.1435254422260246
kosa1249,nucl1709,0.7295412828830788,0.395998859811129
kosr1238,aust1307,0.821884580795018,0.8778948465448133
kota1263,drav1251,3.142130593271392,1.025296594288173
koti1238,atla1278,0.5473109661992581,0.7150500957451018
guan1269,tuca1253,1.133540426555181,0.5661798631361785
kova1243,nucl1709,1.1385407416903344,0.3780189231285114
kove1237,aust1307,0.0920179132126133,0.3134429797106968
koya1251,drav1251,3.147423021257751,0.9844298326129666
koyr1242,song1307,0.263640717644632,0.8507112577926543
koyr1240,song1307,0.7440622449443949,0.8160768664127347
koys1242,afro1255,0.339282587272445,0.5892111507116828
kren1239,nucl1710,1.3911480750224934,1.2994806502448513
gbay1288,kres1240,0.3772803768245956,0.8784205645255705
ngeq1245,aust1305,-1.7022839703446595,0.5378868057887036
kron1241,kadu1256,0.91171543785806,0.8180940427903876
kryt1240,nakh1245,2.861337229921938,0.9272994041433912
puoc1238,aust1305,-2.654095373900464,0.6402786384109511
kuan1248,aust1307,0.0780445276564383,0.3051966475951362
kuan1247,atla1278,0.3127428415678783,0.7338849891663486
bayo1255,atla1278,0.314593081554726,0.4992338000285383
kuii1252,drav1251,2.8991869355968136,0.9240905251164868
kuik1246,cari1283,0.9094957333751452,0.8079466750023894
kuku1280,pama1250,1.5708133740090968,0.6333560863987415
kuku1273,pama1250,1.2515677572254655,0.6170755654377369
kulo1237,aust1307,1.0282540546448236,0.4238766261249491
fait1240,nucl1709,0.8058982584213329,0.2716117763152024
kulu1253,sino1245,3.066762230748374,0.5541622428598343
kuma1280,nucl1709,0.5887553520806684,0.2837985617171998
kumb1268,pama1250,1.2458056167292308,0.906139607103252
kumz1235,indo1319,0.9667150219111308,1.260418529211638
kuna1268,kuna1268,2.152334774788569,1.3458546213155875
kunb1251,gunw1250,0.6111678493311474,0.7018188568015855
kuni1267,kuni1270,1.1727376817599886,0.635882904775825
kunj1245,pama1250,1.4083455145811623,0.6448277449495414
kuot1243,kuot1243,1.481266119648648,0.9609594634261563
kurr1243,pama1250,0.95071642667008,0.6809625405831561
kurt1248,sino1245,1.717655941498225,0.4722957080324255
kusa1251,aust1307,-0.3506347397498586,0.3415936773637735
kusu1250,kusu1250,3.0430179903177,1.4787788277371643
kute1249,kute1249,-0.9141022332608592,1.1683539072419142
kute1248,atla1278,0.0733674062262799,0.2978329328093325
kuvi1243,drav1251,2.8741734260936043,0.933004310260126
kuyy1240,aust1305,-2.3042656955286143,0.6127170597517488
kwai1243,aust1307,-0.1071201253099993,0.3516152156442729
kwam1252,aust1307,0.2614892558009456,0.3742660128445889
kwar1239,aust1307,-0.1631095737112153,0.3316578044188856
kwaz1243,kwaz1243,1.2829871658714014,1.0867431563848649
kweg1241,surm1244,1.7211724698271051,0.8135569755656809
nucl1595,kwer1242,0.7807534866324782,0.8114903097445301
kwin1241,worr1236,-0.2420270953045078,0.8203108405142685
kwom1262,sepi1257,0.6791953646541815,0.4807644564926576
nucl1593,kwom1263,1.0429866397061631,0.8417757916266106
kxoe1243,khoe1240,1.3353398001605898,0.9904090348487108
kyer1238,sino1245,3.3002478289778017,0.6574894669905804
cori1240,atla1278,0.0453421782514464,0.3630030740755736
laal1242,laal1242,0.3824082119382017,0.9406755238086696
labe1239,aust1307,0.0372670458508419,0.3285196786035742
labu1248,aust1307,-0.5856363856351339,0.2815745958926832
labu1249,aust1307,0.1178981725484713,0.3706860415907989
lach1248,taik1256,-3.2368777133704727,0.9377299212231328
lafo1243,tege1244,0.1037371628907373,0.9040199391683617
lagw1237,afro1255,0.5464947407334697,0.3467509770810504
zaye1235,sino1245,-0.3968640897184579,0.4545546136203726
lahu1253,sino1245,-1.5008443392587083,0.4445647327025677
lahu1252,sino1245,-1.686690371027226,0.4530376987168938
laiy1246,aust1307,-1.5490860550864554,0.5461011968347651
lakk1252,nakh1245,2.9582285654022327,0.8433948201110186
lala1268,aust1307,0.0464906206977617,0.3514301678555362
lala1264,atla1278,0.5197088828647471,0.6026743832384089
lama1277,aust1307,-1.7547212714467348,0.4738429068073824
lama1288,afro1255,0.8591911219017523,0.2924710336754161
lamb1269,indo1319,3.255287336004014,1.3001118520741004
lamb1273,aust1307,-1.929979501044722,0.6729571536019363
lamb1272,atla1278,0.2930186338994909,0.4508931710350996
lame1260,aust1307,-0.3586590366502227,0.2540953310885574
hela1238,sino1245,3.3040247292683107,0.630244519054032
lamk1238,sino1245,1.6240164982610876,0.3685332737503879
lamo1244,aust1307,-0.0094242063155673,0.3059966068511124
land1256,atla1278,0.0523064961053854,0.4552456069984649
lang1320,atla1278,0.3317273538565768,0.3907107324425265
lang1324,nilo1247,0.4423269739988698,0.6258738477625556
laoo1244,taik1256,-2.88142566882415,0.9841473693922124
lara1258,lara1258,0.0740007579116412,0.9219795560296836
lard1243,tang1340,1.9327690846870464,1.1367109951847385
lash1243,sino1245,-0.5690055288006413,0.3817928515936217
teke1275,atla1278,-1.079994280017365,0.5261651657412298
latv1249,indo1319,3.3158392967461263,1.6075417889558683
lauu1247,aust1307,-0.0081644614046567,0.3486641572101292
lave1248,aust1305,-2.199251424988985,0.5496892576835117
lavu1241,lavu1241,0.8037000394078876,0.915797824172885
lazz1240,kart1248,1.9440166930178235,1.2826740630260445
lega1250,atla1278,0.1525751273497417,0.5327943206160644
lega1249,atla1278,0.253793755785717,0.5636123527507393
lele1276,afro1255,0.4351999319631576,0.4111801552106002
lele1267,aust1307,0.0420480809505581,0.3066476005197827
lele1270,aust1307,-0.2003888386161438,0.4106043480634
lemb1266,nucl1709,0.983531566187319,0.3277042148968441
leme1238,aust1307,-0.7308036630283601,0.3686496600889186
bela1260,aust1307,-0.4946030316636411,0.4061015092422821
lena1238,aust1307,0.2048503738709854,0.3816721676277841
lend1245,cent2225,1.2073066996311408,0.4939243523783072
leng1259,aust1307,-0.7624495840108314,0.3445225444319328
lepc1244,sino1245,2.8024025822112684,0.5544806568813496
lese1243,cent2225,0.726252819665025,0.4999714194912967
leti1246,aust1307,-1.3031726243429445,0.4756637832212336
lewo1242,aust1307,-0.3199859805182734,0.2708129742509255
lewo1244,aust1307,-1.6649399275280583,0.4754357778851634
lezg1247,nakh1245,2.913073976876225,0.885371138044627
lian1251,sino1245,1.7686997254146968,0.3375417758325891
libi1244,atla1278,-0.9112458094606462,0.353864660924565
liby1240,afro1255,1.2134735964759724,1.0035609057669277
lihi1237,aust1307,0.5701776510832632,0.3662698795669481
liji1238,atla1278,0.0251634923206218,0.3637571586206292
lika1243,atla1278,-0.5049224669635954,0.4400836843794624
lill1248,sali1255,-1.356440440784883,0.7859545275231343
limb1266,sino1245,2.9980972492002267,0.5567894894440077
nucl1327,limi1242,1.111482409321555,0.980975752950024
limo1248,aust1307,1.1259450657482415,0.3464375325146727
lipo1242,sino1245,-1.2338851825074189,0.4173396731330219
lish1245,afro1255,0.4004980535376896,0.5795882669092212
lisu1250,sino1245,-0.4545671288767217,0.3662018704621208
lith1251,indo1319,3.366811540948045,1.5788144173820218
lito1235,atla1278,-0.6152523760738662,0.3635784920289944
livv1243,ural1272,3.7281412449122775,1.790769404492511
loba1239,atla1278,-0.7130655278282165,0.3644339479385907
logo1259,cent2225,0.916294266219438,0.4802017002149452
balo1261,atla1278,-0.7052619275339151,0.3893160192942346
loka1252,atla1278,-0.170502706852162,0.337349783431045
araw1276,araw1281,-0.1448297352193233,0.820687314301797
lolo1259,sino1245,-1.1651074929234513,0.4171961590886828
loma1260,mand1469,0.1166787137401461,0.5477069172201885
lomb1257,indo1319,2.9593805997369067,1.2560332213741323
chiq1248,chiq1253,1.072642713478957,1.1281349092110085
acha1249,sino1245,-0.4859058699600305,0.4052650622341049
long1395,aust1307,-0.624713301425786,0.3647331309173136
loni1238,aust1307,-0.2668142475709294,0.3925480807452333
lonw1238,aust1307,-0.4854957454268875,0.2497982106541338
lote1237,aust1307,-0.0111114958408153,0.3338405259156678
loth1237,sino1245,1.6068987338092664,0.3320382311348102
lotu1250,aust1307,-0.2268202760029345,0.3493016636484509
louu1245,aust1307,-0.1727957693142083,0.4018375013211703
vano1237,aust1307,-0.8042220801061908,0.4220015287279453
lowl1260,tequ1244,0.2183881568601631,0.9653379911330506
lowl1265,utoa1244,2.2613659674096867,0.8842314823507671
lozi1239,atla1278,0.3738585583626108,0.5452202197721756
luan1263,aust1307,-1.2481427131786655,0.4969399742202234
onto1237,aust1307,-0.2450970702888235,0.5644818291462594
lubu1243,aust1307,0.8748467032179409,0.3316639208991638
luch1239,atla1278,0.917405721423136,0.5975427581263868
ludi1246,ural1272,3.6553675576017177,1.8794521636763304
lugb1240,cent2225,1.212308766743805,0.4932685849688876
lugu1238,atla1278,0.5347081755241199,0.4394867993986402
lule1254,ural1272,3.2392775191827887,1.95423088741672
lumb1249,atla1278,-0.8056089162330555,0.6940308977858884
lumu1239,narr1279,0.0899613356197996,0.7012778919227634
lund1266,atla1278,0.9258879242336392,0.6814817669373019
lund1271,aust1307,-0.7915405871971708,0.397228097441483
luok1236,nilo1247,0.3886056407001952,0.597655939316236
luse1252,atla1278,-0.907565345676161,0.4456646812148759
lusi1240,aust1307,0.1569354127899009,0.3026339050465232
luva1239,atla1278,0.9206657061437972,0.6122607301922609
luya1241,atla1278,1.0213615364296635,0.5974095833230306
maan1238,aust1307,-1.3390062854243063,0.6931427865387194
maas1239,atla1278,0.229077124345568,0.4112245938674563
maba1270,atla1278,-0.7670217443613705,0.4080663226537222
maba1277,maba1274,0.4664250351385128,0.9309572252829116
maca1259,guah1252,1.54041367721874,1.0937573025467069
mace1250,indo1319,2.7530615730704517,1.2222238250429465
mach1267,araw1281,2.175634312008115,0.7359142469024746
maco1239,sali1297,1.3008179408184437,1.1036425952279867
macu1260,tuca1253,0.8892306956084838,0.5522539831265725
macu1259,cari1283,0.3182207676984583,0.6696409631941722
mada1285,aust1307,0.461170114954277,0.3313626888822272
madi1260,cent2225,1.4853915114633447,0.5691462587858176
jama1261,araw1282,0.7910227615128074,1.0314641025511355
madn1237,east2374,1.2204515390147304,0.9616930135645898
nucl1460,aust1307,-1.5858892786552845,0.7449007629598787
mafe1237,aust1307,-0.3402203118525344,0.2656147861748588
maga1260,indo1319,3.255778281595867,0.9638211046881032
maga1263,aust1307,1.008674876313867,0.3841837169158246
magd1235,otom1299,-0.2410277445565314,0.3238255650808521
magu1243,aust1307,1.348563691230813,0.4034595844939472
maia1254,nucl1709,0.5346014912729186,0.3136212620003613
maia1253,nucl1709,0.7023356454623677,0.3111642594809285
mail1248,mail1249,0.5962674938240053,0.8801808673884826
nucl1594,mair1253,-0.6599278715497299,0.9426142173813096
mais1250,aust1307,0.167286037448473,0.3360062429701522
mait1250,indo1319,3.34171273827745,0.9147855116226702
maja1242,surm1244,1.631161665115452,0.8241817112311662
maka1304,atla1278,-0.7552665880871374,0.407090825651732
maka1311,aust1307,-1.7208408928445995,0.5456731854419301
makc1235,taik1256,-3.1011173837524773,0.9853529708102567
makh1264,atla1278,0.5321346876611961,0.6228050085179313
makh1266,atla1278,0.4168264997652315,0.6009338337621055
mako1251,atla1278,0.4969740049550382,0.5415686690246164
maku1277,aust1307,-1.4101501470504614,0.4658252260460807
makw1236,atla1278,0.395888903493907,0.556564549322887
mala1463,drav1251,3.076869678177993,1.2642734483529283
mala1534,aust1307,1.0488642123976288,0.3637661903346667
mala1464,drav1251,3.038433715351104,1.192737749277359
mala1522,chib1249,2.424451862970319,1.0188511025411229
male1284,gong1255,2.455583956825566,0.7053310346701775
male1297,chib1249,2.63513523670636,1.0866396303384644
male1289,aust1307,0.1458149675805182,0.3128099197429472
malg1251,afro1255,0.4783670503181885,0.3459680948669326
mali1284,bain1263,1.6165854438598282,0.8427217661146074
mali1285,otom1299,-0.1419915585009568,0.3884295299290916
malt1254,afro1255,1.7739111230736675,1.2361002813001294
malu1245,aust1307,-0.2564731357056631,0.2448472546876523
mamm1241,maya1287,1.4467008369294108,0.5743889203987451
sauk1252,nucl1709,0.5465147156767016,0.30099986246843
mama1275,aust1307,1.3370799791177292,0.499833157833665
mamb1306,aust1307,-1.7300770050648868,0.4652393036607578
mamb1294,atla1278,0.3163193947784648,0.3462112914908752
mamb1296,atla1278,0.3740314821251276,0.5188793977916659
mamv1243,cent2225,0.8971393944971977,0.4840756449459547
mana1295,aust1307,-0.023835944168689,0.3330321622205154
mana1298,nduu1242,0.4454532994019068,0.6028845683750172
mana1288,sino1245,3.26888794141941,0.7424619640879646
payn1244,nucl1709,0.6463922126804926,0.2814920349910994
mand1423,atla1278,0.378313386625821,0.4658937337149105
mand1440,aust1307,0.5590328277661776,0.3829396255476132
mand1415,sino1245,0.2826543437433111,1.1897634718574994
mand1436,mand1469,0.3261507251177058,0.6610340806730037
mang1378,aust1305,-2.4648050796611227,0.5485661112015419
rapa1245,aust1307,-0.5811529115754583,1.3714835932818037
mang1401,aust1307,0.5334942426946645,1.413742691162192
penr1237,aust1307,-0.4011220205932222,1.2403151907065135
mang1381,mang1423,1.9703505375389545,1.051781213677113
mang1394,cent2225,1.3415059900070028,0.5432969963285101
mang1404,aust1307,-0.2952889512909367,0.275024972568755
mang1405,aust1307,-2.085596726197457,0.5875354317652701
mang1403,aust1307,0.1025905114540637,0.3321998127106695
moni1237,otom1299,0.5312386658490058,0.9057895211938104
tong1308,aust1305,-1.0826550838289748,0.6196131826026603
manm1238,aust1305,-2.1035601221647213,0.5123157697131338
mann1248,mand1469,-0.1014754335853764,0.6026108161727919
mans1262,aust1307,1.2091252352346131,0.4921828238314738
mans1260,hata1242,-1.1557146984879378,0.8438613834365793
manu1258,aust1307,-1.127766167802008,0.4710868977141222
maon1241,taik1256,-2.879847726053968,0.9887166381978858
maor1246,aust1307,-0.1495664644680023,1.4760913110377951
mapo1242,aust1307,-0.3060306042524483,0.2715174065570926
mapu1245,arau1255,0.8023050769346941,1.6572054496591382
mara1382,sino1245,1.3125522074696934,0.4460848818422804
mara1399,aust1307,-0.2837126448777229,0.2453470177855132
mara1379,sino1245,1.727080415255534,0.3274377906744661
mara1404,aust1307,1.383118174108171,0.4095426292195832
mara1386,west2434,1.2685190952395562,0.8091679003805861
mara1396,tama1329,1.1397456392054064,0.9729113283402532
mara1378,indo1319,3.269484136101206,1.292885708907196
marg1253,pama1250,0.8863859261390307,0.7477541072286455
marg1265,afro1255,0.8981636375549701,0.323864554925815
mari1414,drav1251,3.2099315846288707,1.0564629290162948
mari1440,coch1271,2.131585051444432,1.3190466568326475
mari1428,aust1307,0.0384474359940256,0.2907536841978895
nucl1622,anim1240,0.2147879598738185,0.9306077139333296
mari1416,sino1245,1.7046400079513715,0.357218560709168
mari1424,west2434,1.5097732208532575,0.8228736812138262
moro1289,moro1289,1.5283827983944496,1.026117573541777
maro1244,aust1307,-0.6062477391771957,0.3667130155792604
mara1385,mang1423,1.9583975707022356,1.0758430598190651
mars1254,aust1307,0.7013135897146032,1.158521513837572
mart1255,pama1250,0.855171842587235,0.7408049859968511
maru1249,sino1245,-0.7207600702373882,0.406221529864307
maru1252,pano1259,2.7044570067089038,0.9184669869891472
masa1322,afro1255,0.4339949854330081,0.3709689408515002
masb1238,aust1307,1.143470549954395,0.4603628755704791
mask1242,aust1307,-0.3922535071003525,0.2509757727569268
matb1237,aust1307,-1.073316252728358,0.4792742933675038
kemb1249,aust1307,-1.3952749637531427,0.618922113554123
mati1250,aust1307,1.4468354502842076,0.3986983126624737
mato1252,aust1307,0.2024697223740623,0.2926065093850543
mats1244,pano1259,2.441996820326377,0.9258512475332128
matu1261,aust1307,-0.0409272150211124,0.3061467617904871
matu1259,atla1278,0.478640349468866,0.4959120681341304
mauw1238,nucl1709,0.7535556450818676,0.314499948111302
maun1240,iwai1246,-0.0359842468189521,0.8276229410229567
maxa1247,nucl1710,1.7428895140701286,1.308801549160996
maya1285,misu1242,1.9802334192181796,1.14979072172857
maib1239,mayb1237,-0.7656613936471346,0.9358727983423858
mayo1264,utoa1244,2.515346444112718,0.956486022337172
mayo1261,atla1278,-0.2221741194672744,0.4277010367097276
maza1304,afro1255,0.8309820723612218,0.3170942998657935
mbaa1245,atla1278,-0.445947958230489,0.4913420676516549
mban1263,atla1278,-0.1649674953344562,0.401049331457215
mbar1260,afro1255,0.2634154595494713,0.3752457396770294
mbay1241,cent2225,1.7595654276707389,0.5987896946299949
mber1257,atla1278,-1.048715717420832,0.5024116356702581
mboc1235,atla1278,-0.7484675502214739,0.3001231088879259
mbol1247,atla1278,-0.6680447990643033,0.535211489209118
mbug1242,atla1278,0.0555858970521707,0.4035276712605724
mbul1263,aust1307,0.381861455072048,0.3093708136381163
mbya1239,tupi1275,0.3195587189901381,0.9233367954269772
meen1242,surm1244,1.8691046318112683,0.7979518294337309
mehe1243,sepi1257,0.6232354590345963,0.4712128874278081
mehi1240,araw1281,0.194955716232241,0.5985038109440421
saki1248,tupi1275,1.5045687447953626,0.6703138171424157
meke1243,aust1307,-0.0674233758097342,0.3202298101507397
mele1250,aust1307,0.0035586628665942,0.317556016129783
melo1242,gong1255,2.443835274065104,0.6893454555938674
melp1238,nucl1709,0.648348589771048,0.2974386325586953
mend1268,sepi1257,0.439887608683465,0.4847491371183374
mend1266,mand1469,-0.2824935980590142,0.6091056034009039
meng1267,aust1307,-0.0111327786811796,0.326086127064968
meny1245,anga1289,1.370251642723865,0.7267044258410471
mera1242,aust1307,-0.0186727468834688,0.3321196682712535
mere1242,aust1307,-0.0367037899228261,0.2974589770975191
meri1244,east2503,1.7585411672267066,0.8943070183896089
meru1245,atla1278,-0.0630232167682292,0.4523615509254468
mesc1238,atha1245,1.4470805546808334,1.1253690237396947
meta1238,atla1278,-0.2287657732087069,0.2905420108826306
meya1236,east1459,-0.6744206573436822,0.8090924142207205
mezo1235,otom1299,-0.3054939004889831,0.3752807468333996
mezq1235,otom1299,0.2065897104197822,0.5177624593487371
mian1256,nucl1709,0.7827915972528234,0.3632988335292308
mich1245,utoa1244,1.646929791622537,0.8786755457814102
midd1357,pama1250,1.0957487987671897,0.8814685299773362
midd1327,aust1307,-0.4762268745956963,0.2951022417614455
mido1240,nubi1251,0.1576885807424246,1.0345431536913052
mids1243,atla1278,0.2059061384801812,0.4671305497206042
miga1249,afro1255,0.7332950851182933,0.5368499953978008
mika1239,musk1252,1.8123806276591805,1.3339832081756495
mikm1235,algi1248,0.8972388208374703,1.4454736533477828
mila1245,sino1245,1.1535354334011962,0.4188993396621132
mina1276,afro1255,0.7257128626265525,0.2951163063200699
mina1268,aust1307,-0.4804047473611204,0.6823235907108103
mini1256,huit1251,1.4789790446466644,0.9232396991396148
mini1251,aust1307,0.061742690394799,0.3061135083542634
minn1241,sino1245,0.282435771581935,0.7218858019057719
miri1266,jarr1235,1.5853087211937154,1.140314896983556
misi1243,aust1307,0.3511974506028745,0.487514566398882
misk1235,misu1242,1.9762026983696928,1.2149327287124263
mixt1426,otom1299,-0.5823582881659266,0.3757615691615723
miya1266,afro1255,0.061659045024826,0.36852373233405
miya1259,japo1237,2.291818593148219,1.183220604307773
lush1249,sino1245,1.2431711790431634,0.4384585995310459
mlab1235,aust1305,-2.061756634909805,0.5944086110776459
mmen1238,atla1278,-0.3080394939152611,0.26604393618463
moba1244,atla1278,0.8320283135448426,0.4825949042951105
moch1257,maya1287,1.0720414655601045,0.5521545176619513
moco1246,guai1249,-0.9594814735190828,1.2578312819761814
mode1248,indo1319,2.299865978607987,1.2682964441760554
hebr1245,afro1255,-0.1285033427172446,0.7728687165939312
moha1258,iroq1247,-0.4166139767929451,0.9382732489095776
moii1235,west1493,-0.7194413756910327,0.9619549506874217
moke1242,aust1307,-2.056619655899142,0.8322173538575428
moki1238,aust1307,0.4368455733417415,0.7672414678515782
mokl1243,aust1307,-1.8185737994948687,0.763625859553879
mokp1239,atla1278,-0.9781593667982156,0.3487370306670905
moks1248,ural1272,3.513291945541768,1.7964236725051927
molo1266,afro1255,0.5865607429319073,0.2968148999378903
nucl1452,momb1255,1.2300533436646746,1.0334886820570643
fass1245,baib1250,1.1210496827298682,0.8731394310775835
monn1252,aust1305,-1.1896727201051256,0.7211961729448122
mong1338,atla1278,-1.0832793688631672,0.5643937136320094
mono1273,aust1307,0.1639173599871515,0.3723203244117603
mono1270,atla1278,-0.2670453528118113,0.3956767319562075
mono1275,utoa1244,1.1379316679434022,0.6735504819889244
mont1268,algi1248,0.1338938274598049,1.2849383253132434
nucl1458,monu1249,1.1606241822439602,0.8602808412650518
monz1249,atla1278,-0.1808306027532087,0.3731081569361247
mopa1243,maya1287,1.753980143431236,0.7394392856637348
more1259,utoa1244,0.5477735715851522,0.4940543319559527
mori1269,aust1307,-0.5098804695277321,0.448474386006128
mori1268,aust1307,-0.88035960017416,0.4563069106343755
morm1235,aust1307,-0.6408264050372856,0.4287953242446791
moro1285,heib1242,1.0029747024773945,0.7489643372297277
moro1287,aust1307,-1.2195292501223909,0.5012577759161667
mort1237,aust1307,-0.1530850170809641,0.7097188932665199
mose1249,mose1249,1.6770849050331915,1.184487976707743
mota1237,aust1307,-0.5286969447925047,0.3640849480327
temb1272,atla1278,-0.8123449922979495,0.4063393746340318
motu1246,aust1307,-0.1871220648136806,0.3472638414384734
mouk1239,aust1307,0.0507640952992447,0.2992748638116089
moun1252,koia1260,1.2337885990915138,0.5948327346603834
movi1243,movi1243,0.5538640107650681,0.9870846631295258
tang1347,aust1307,-0.4828626660750204,0.282249436314939
moyo1238,sino1245,1.6645786260764284,0.3552387139105311
mpad1242,afro1255,0.520854368788926,0.4108216264812192
mpii1239,sino1245,-1.0217200275649323,0.5973710896818027
mpot1240,atla1278,0.6717447976957063,0.5129075681035915
mpur1239,mpur1239,-0.9501979552611832,0.963527696138012
mual1241,aust1307,-0.9357637706567924,0.6064655330153954
mudu1242,aust1307,0.0335236563144005,0.3390780858593318
mudu1239,drav1251,3.1606003781327,1.0547308238952957
mull1237,nort1547,1.1085506059157462,0.9471243607724786
nucl1240,atla1278,0.5576575623264124,0.3442803532862482
muna1247,aust1307,-1.2484764714950125,0.4936387615482394
munc1235,sino1245,0.6017242252332566,0.5026526500329869
mund1328,atla1278,-0.0120040737931472,0.2606769100958348
mund1325,atla1278,0.2602269476419487,0.3531774208282212
mund1320,aust1305,1.8783547426827016,0.7351242241233984
mund1326,atla1278,0.1167809647647202,0.467145833821323
mund1330,tupi1275,1.3556594403576103,0.901547151958066
abar1238,atla1278,-0.0212402922211332,0.2604466327739789
murl1244,surm1244,1.5931669358416798,0.8110141821981465
murr1258,sout2772,0.4664640641722382,0.9686808055806996
muru1274,huit1251,1.1448405701317912,0.9257118306548716
muru1266,pama1250,1.2132399157881708,0.7522234837904294
musg1254,afro1255,0.3854270442098064,0.3486787869168455
muso1238,aust1307,-0.1905034719532634,0.283103897201034
muss1246,aust1307,-0.2518550387353369,0.5009541658463736
muth1236,drav1251,3.1512723651085977,1.1142918287805772
muyu1244,aust1307,-0.0329666626711617,0.4497350491952376
mwag1236,afro1255,0.4685974161139092,0.3692990273045984
mwan1250,mand1469,0.2613245793342067,0.5017845577152809
mwan1247,atla1278,0.6136665344303578,0.639506073870058
mwer1248,atla1278,0.6039807018907652,0.523463603877544
motl1237,aust1307,-0.6386181629677168,0.3632210522618004
naas1242,sout2948,1.6823599197340788,0.7666625547970733
naba1256,nucl1709,0.1818253364123472,0.3053136627685018
nade1244,nada1235,0.4887353427896003,0.9301898247754968
sout2857,aust1307,-0.2509827338954509,0.2484452267514139
naka1262,aust1307,-0.2324732024915021,0.3372712358019121
nalc1240,nucl1709,0.6469633009070925,0.3796774266610274
nali1244,aust1307,0.3940774856716984,0.3664431844617213
nalo1235,aust1307,-0.2305533068471501,0.4245951309625946
nama1268,aust1307,-0.241795784903356,0.3055708746214867
litz1237,aust1307,-0.4105365763418627,0.2454121936590443
nama1264,khoe1240,0.3574233917485856,1.236796467856871
nama1266,more1255,1.7668049690586205,0.7607076237837802
namb1293,more1255,1.7750685340219738,0.7612819121453018
nami1256,sepi1257,0.5924806367040033,0.4775950269483373
namu1246,sino1245,-0.1813041868016398,0.4228280391509451
nana1257,tung1282,2.6015868719474278,1.4882588371792815
nand1266,nilo1247,0.8850737565763656,0.5595733757675929
nang1262,aust1307,-0.1672827598108424,0.4431704074456148
nant1250,araw1281,1.903888352039796,0.7347506671727002
nara1262,nara1262,2.0282556666912708,1.3627017023038563
naro1251,aust1307,-1.1304286145043831,0.4714862374864954
yong1270,sino1245,-0.1305125134731368,0.3815047823104689
naru1238,pama1250,1.2105269324925103,1.0547806294212283
nati1244,aust1307,-0.4431086564495097,0.2510448841362782
nati1243,atla1278,-0.3830576696162335,0.3616949222395287
natu1246,aust1307,-0.4721828146991602,0.425775303985362
naue1237,aust1307,-1.1764021292258835,0.474136070384239
naur1243,aust1307,0.4299961754027452,0.94394920666624
nava1243,atha1245,1.5404637007983293,1.0203122146305166
nawu1242,atla1278,0.4906239020268548,0.4177515401772238
naxi1245,sino1245,-0.1559491252795741,0.3719690418383856
ncan1245,atla1278,0.1448267059262333,0.2575695820610471
ndam1251,afro1255,0.4473803222496959,0.4553226171380604
ndam1239,atla1278,0.6125861958693881,0.4528668354182881
nden1248,atla1278,0.3546115686297537,0.4830819487964346
ndob1238,atla1278,-0.8212021343296785,0.3707958975458045
ndog1248,atla1278,-0.0497547209703723,0.54167243229191
ndom1245,kolo1268,1.3907191832395371,0.8536326488617925
ndun1249,atla1278,-0.7324414444791052,0.414651925017496
nege1240,aust1307,-1.2264821351443294,0.6152448668948867
negi1245,tung1282,2.7023161241393074,1.5350462633311288
neha1247,aust1307,0.469389219212758,0.3940371074487796
kuma1276,aust1307,0.8106721930631635,0.4812359754832207
nenn1238,more1255,2.121924117875206,0.7625745963041428
nend1239,nucl1709,1.035676270119417,0.2885363842423167
neng1238,aust1307,0.906555479719576,0.5229638228789608
nucl1706,afro1255,1.0567688987875583,0.8475531132563243
nepa1254,indo1319,3.495088215233608,0.9522144277968484
nese1235,aust1307,-0.2552966693477507,0.2441222327151635
vinm1237,aust1307,-0.4581920148637621,0.2358216894641627
ling1265,aust1307,-0.4835776132511404,0.233153862941402
nezp1238,saha1239,0.4390586238297727,1.0184367377496335
ngaa1240,pama1250,1.5060423417729472,0.9305469315772016
ngab1239,chib1249,2.806458065290017,1.1208120318848578
ngal1292,gunw1250,1.3680649370293705,0.7576825682891752
ngam1268,cent2225,1.636227498696127,0.575851465785961
ngan1291,ural1272,3.0326008129196955,2.348625797125336
ngan1295,gunw1250,1.0275842089824363,0.6939062695159643
ngar1235,pama1250,1.1663752235444638,0.6158236040213159
ngar1284,worr1236,0.7221714998697535,0.8642595148466881
ngar1283,mirn1241,2.244788219606361,1.0451615684891982
ngas1240,afro1255,0.3783013021584664,0.3418559482831003
ngba1284,atla1278,0.0415876475701124,0.4135278394346677
ngba1285,atla1278,-0.3200366610661211,0.3625698489508329
ngge1241,nucl1709,0.9718481358561022,0.4261145207052981
ngit1239,cent2225,0.9897506346474252,0.5059117895056588
wang1291,pama1250,1.07982155662707,0.7727668887301644
ngom1268,atla1278,-1.0144054486881635,0.4137045106401635
ngul1236,aust1307,-0.938877316461122,0.7468885519388873
nhan1238,pama1250,0.7477829787608851,0.9450962948777436
nhen1239,tupi1275,1.287509747906601,0.7311908807657566
nias1242,aust1307,0.1503051258018672,0.6835528011127638
niha1238,niha1238,3.088385334745886,1.7491617841942642
nila1242,atla1278,0.4247776916231924,0.4238191199134706
nucl1633,nimb1257,0.8400880126045258,0.8868979336952023
nina1238,yano1268,-0.0502834561867804,0.8092283690387592
labo1244,aust1307,-0.3569676018193783,0.2540504123211446
nisg1240,tsim1258,-0.050586069117317,1.212797404642739
niua1240,aust1307,-1.281479986659908,0.994627571221653
niue1239,aust1307,-1.1967422281506428,1.1158657090119195
niva1238,mata1289,-0.6453892720843264,1.2005178263212055
njan1240,atla1278,0.0895560344654806,0.3153553343647415
nkon1248,atla1278,0.2219451216942731,0.3603795141742751
nkor1239,ijoi1239,-0.14385286752741,0.8000211651157203
noct1238,sino1245,0.8486407199440287,0.36371260549828
noku1237,aust1307,0.0505966767462275,0.3312527318437954
noma1260,atla1278,-0.6587953006651666,0.3136434926573486
noma1263,araw1281,2.343133774606222,0.7711745636109497
noon1242,atla1278,0.4503778474635398,0.6732194478049607
noon1243,atla1278,0.1172620429733612,0.2569962953060423
nopa1235,otom1299,-0.0895529930483909,0.3530422174198144
nort2839,aust1307,-0.4525539414433219,0.2609862611950713
nort2697,turk1311,2.493477901305261,1.123244387213619
darg1241,nakh1245,3.0272298960386843,0.8789799513642365
nort2930,kiwa1251,0.1290248249305261,0.7507569220016199
nort2836,aust1307,0.28429874387052,0.3071553228872945
nort2724,sino1245,-0.3883588726559621,0.3755161716696547
nort2972,choc1280,2.290698435975572,1.1133138130351696
nort2702,drav1251,3.0223870238618997,0.9740501686516172
gumu1244,gumu1250,2.225451585480432,1.1091363737052906
nort2938,haid1248,1.0829646068946708,1.2058927256353873
sing1264,sino1245,0.9947541925668092,0.3677020994693536
nort2877,aust1307,1.2219376800029536,0.3305445750067077
nort2684,aust1305,-2.335547819047421,0.6355144333252105
lush1252,sali1255,-0.9856306788792476,0.763008125890198
nort2774,atla1278,-0.4440058425468831,0.4004588361738381
nort2954,utoa1244,0.9847208200954888,0.720965955183078
nort2957,utoa1244,0.7704592830946015,0.4728427314794423
nort2723,sino1245,-0.1483020046317134,0.4095134982438915
nort2747,hmon1336,-2.439566548845006,1.0553071517555757
nort2722,sino1245,0.7850240344896839,0.5116945940219204
nort2994,aust1307,-1.9831708721294503,0.6891966935816414
nort2885,aust1307,1.6324399444205528,0.438768398395942
nort2959,utoa1244,2.551237765222304,0.9160806181476012
tosk1239,indo1319,2.75773454833843,1.2181788905079771
nort2732,sino1245,-1.0196467419796569,0.8267376111310147
nort2690,turk1311,3.408759747270257,2.044712586832726
yoku1256,yoku1255,1.220440587378783,1.1990761673158508
nort2745,yuka1259,2.107622397655579,2.440857216431036
nort3047,afro1255,0.6962958610084576,0.3080900088985419
nort2980,quec1387,2.5112149293691317,1.0808542614917729
nort3139,afro1255,0.2174713366188492,0.7075257866842226
nort2845,aust1307,-0.3363525092847461,1.4098995139763444
nort2671,ural1272,3.5008585683912163,2.006399099531168
nort2942,atha1245,0.2507306426877995,1.169729722690319
nort2847,aust1307,0.2581782739712679,0.3627482375075583
nort2699,drav1251,3.256099849797855,1.119593057008268
nort2961,algi1248,1.2595963815751596,1.2009348660789163
nort2775,atla1278,-0.1507392482907774,0.4607901495946898
nort2951,maid1262,1.4174099885307858,1.21021417296537
yaki1237,saha1239,0.3972392824441741,1.0361437210502404
nots1237,aust1307,0.6025080477307858,0.3467679016919778
nsen1242,atla1278,0.6868043910205377,0.6547704973570636
nuer1246,nilo1247,1.383768943874994,0.719452447978155
nugu1242,atla1278,-0.7934398514026295,0.3111790602279178
nukn1238,nucl1709,0.7002009284524582,0.3178103724734002
nuku1260,aust1307,0.1950142990793251,0.6926869560116935
nung1282,sino1245,-0.0893616696322168,0.3672667436708101
nupe1254,atla1278,0.0540093618714401,0.4469401926531358
nusu1239,sino1245,-0.1883987829169218,0.3637506771791221
nuuc1236,waka1280,0.190311416070195,1.0355386650616354
nyah1249,aust1305,-2.203153187854548,0.5287668665383354
nyah1250,aust1305,-2.117827467818701,0.6749121777699325
nyak1260,atla1278,0.1834119031151766,0.445175941653674
nyal1250,atla1278,-0.527036375427377,0.4187334955200494
nyam1285,afro1255,0.691129643464356,0.3542761805814272
nyan1301,pama1250,0.1228438130409295,0.6522252094775554
nyan1307,atla1278,-0.8876912492779692,0.4469397284102485
nyat1246,atla1278,0.5696721975412218,0.417371920384614
nyaw1247,pama1250,0.7839524736260091,0.6648253310036862
nyig1240,nyul1248,1.5090202292750416,0.9623634168464528
nyis1236,sino1245,0.9854883590902236,0.3514323802811701
nyor1246,atla1278,-0.4864914845857582,0.4269833323214138
nyun1247,pama1250,-0.1884599364901817,1.1253808713387694
nzad1234,atla1278,-0.8817086859805467,0.6190846505333307
nzak1246,atla1278,0.2717604440694785,0.4210801152283294
nzak1247,atla1278,0.1075506248274209,0.4410418018135127
obok1239,lake1255,0.7370405459015226,0.8916595212233407
obom1235,aust1307,1.0867957601688765,0.4009753468561414
occi1239,indo1319,2.712848751243917,1.2433733649563936
ocot1244,otom1299,-0.3459684645546916,0.3181388619784768
oriy1255,indo1319,2.8013100764032024,1.0118222161443322
ofay1240,nucl1710,0.3843501875366266,0.8795366458199343
kalm1243,mong1349,3.049809057258358,1.6244077317676189
okan1243,sali1255,-1.3772712393565425,0.8020963736965228
okin1246,japo1237,2.2400196369430887,1.3129861418617872
okoe1238,atla1278,0.246716876960666,0.3675892362739938
oksa1245,nucl1709,0.8385205809453881,0.3539250917202654
okuu1243,atla1278,-0.1106820897278015,0.2561873663154768
oloo1241,nucl1708,-0.0557672531521022,0.4873176170498365
olut1240,mixe1284,1.34363407104913,0.835439194253214
omah1247,siou1252,0.8340601112251348,1.2325340399408682
omii1238,cent2225,1.225341609758014,0.4973512707900225
omie1241,koia1260,1.233013440122006,0.6154057020278927
onge1236,jara1244,0.74867340719819,1.2704930429609118
bira1253,bira1253,2.226921951460596,1.0916577434658734
onon1246,iroq1247,-0.4116731660933395,0.8433990504306164
orma1241,afro1255,0.754032253767107,0.5547108333848279
oroc1248,tung1282,2.383080850538854,1.430861756247904
oroh1237,aust1307,-0.5872476786545033,0.378338251863815
orok1265,tung1282,2.0534323291811405,1.562900763447575
orok1269,nucl1709,0.9199943636584562,0.4009455512708304
orok1266,atla1278,-0.7730445824184771,0.3279989184678391
orok1267,nucl1580,1.1483684306428408,0.8152524964846428
orow1242,aust1307,1.1401718053674743,0.4692456168824739
orya1242,toro1256,1.0150206991363402,0.9011896917002752
osam1235,atla1278,-0.946532573058842,0.5159666616577439
otor1240,heib1242,1.135094819567099,0.7792371520067483
otta1242,algi1248,1.034148688853217,1.1001867139511965
owaa1237,aust1307,-0.796386982004115,0.4758942435766236
paaa1242,afro1255,0.0732129765881628,0.3888148454424702
darl1243,pama1250,0.068713063045563,0.8106613569152388
paam1238,aust1307,-0.2141982184743847,0.2665074118554917
paas1238,atla1278,0.3178278627115531,0.405326294404539
paco1243,aust1305,-1.948982258537867,0.582889132904826
paez1247,paez1247,0.3754195275576606,1.0212236469574587
pagi1243,atla1278,-0.4077272129587141,0.4204687534188087
pagu1249,nort2923,-0.6184978907364869,0.5953170826100309
pahn1237,hmon1336,-2.923634754788437,1.016922856445908
pait1244,sino1245,1.7151210469578395,0.3719105869863899
paiw1248,aust1307,1.2785361663814732,0.4491570817499153
pala1344,aust1307,-0.6598488010098231,0.7869304631675318
pali1279,araw1281,0.7206131669143373,1.0595452596778483
balu1257,aust1307,0.0505763790345883,0.3856876559562661
pamb1243,atla1278,-0.2581036120729028,0.4284058202282006
pamo1252,aust1307,-0.4035380306365237,0.4490645432243094
pamp1243,aust1307,1.2212345194646104,0.3949699760237273
pana1305,utoa1244,0.9932433407719472,0.698856493018229
pana1307,nucl1710,1.1127714899862269,0.7966918904305107
enap1235,cari1283,1.4913171681092898,0.8982456105060939
pang1290,aust1307,1.1047683275134634,0.3629608854332251
pang1291,aust1307,1.276464573007602,0.5035862221487668
pang1287,atla1278,0.5953587956536743,0.4474733814514415
pano1254,pano1259,2.8263671105750614,0.9249805750441262
pany1241,pama1250,0.7909368654060728,0.6901606512357157
papa1238,toto1251,1.0531627723922727,0.7036848730608436
papa1265,aust1307,0.2979299723476687,0.3593387727936119
papa1268,aust1307,-0.1885609997211104,0.3434329754740473
para1311,tupi1275,-0.898723973368404,0.8394341725758303
para1302,sino1245,1.3173203523202122,0.3489914649450845
para1316,araw1281,1.0727170818390417,0.8906369875003897
pare1272,araw1281,1.0284490224730292,0.7394844325156038
pate1247,aust1307,-0.5062653327376045,0.2866451599756745
patp1243,aust1307,0.4878155972650886,0.339321892113547
patt1248,sino1245,3.123879950333184,1.2025823242015936
paul1238,aust1307,-1.0093547626173829,0.4603793497376567
paun1241,araw1281,1.3475775645547972,0.6396016024659028
pawa1255,pawa1255,0.1878957272553398,0.8174715960751415
pawn1254,cadd1255,1.754316127319598,1.5459829536565537
pech1241,chib1249,2.260356770527705,1.1043449987060303
peer1241,atla1278,0.5768448235253372,0.3633512944929333
pela1242,sino1245,-0.3112012187662563,0.4039242160204157
pele1245,pele1245,0.9601402718533276,0.9001075488884518
pemo1248,cari1283,0.7766907934309408,0.69735690903553
pend1242,aust1307,-0.2521566724837538,0.466644097609286
peng1244,drav1251,2.928109355137242,0.9376240555529214
peri1253,mong1349,1.7947757083992963,1.5357521754993684
phak1238,taik1256,-0.6014117909300607,0.7936393246983551
phom1236,sino1245,1.350961614144277,0.3232844528045264
phon1246,aust1305,-2.640299321130171,0.6440774154320459
piap1246,araw1281,0.8615867008109375,0.6310983552947977
pich1237,araw1281,2.4015282947995025,0.7582706509708839
pila1245,guai1249,-1.068129270316053,1.1319415743562715
pima1248,utoa1244,2.5011084610222767,0.899041794087279
pina1252,piaw1238,0.5000206580938843,0.716727743794034
ping1243,aust1307,0.778957039260199,0.7830226936427276
pint1250,pama1250,1.3548996380304217,0.7786166004652926
pipi1250,utoa1244,0.9460332704890532,0.8394449229008742
pite1240,ural1272,3.2600741577718866,1.919578943240236
plai1258,algi1248,0.0511276986997391,0.9489439144603304
plat1254,aust1307,0.0251525265790166,0.9854266685489654
pnar1238,aust1305,1.2635884343105477,0.5207790766122087
pohn1238,aust1307,0.314694132879515,0.7795186606893103
poko1263,nilo1247,0.9317899828810066,0.6001944097060563
poli1260,indo1319,3.326331306770915,1.514804118648302
popt1235,maya1287,1.4933106180881823,0.5442971077957766
port1285,aust1307,-0.4477527473418976,0.2398182966553266
port1283,indo1319,2.1671309204922147,1.4311952807087365
pott1240,drav1251,2.885783119489853,0.9310560448604236
phai1238,aust1305,-2.116764793036729,0.5840441359689428
pras1239,indo1319,3.1127818471992166,1.5588599480856318
psik1239,afro1255,0.5979868807336175,0.3038799258443725
puin1248,puin1248,0.3936057700789133,0.9998286294287416
puka1242,aust1307,0.0619252972696784,1.0658825049972438
pula1263,atla1278,0.5022402726507913,0.574757233838556
pula1262,atla1278,0.3552999984074192,0.5245606508391112
pulu1242,aust1307,-0.2843004067448562,0.7639055626546014
puma1239,sino1245,2.93218100576742,0.5568020094689881
pume1238,pume1238,1.3611669734971974,1.2110226197135412
pura1257,pura1257,1.12779286006035,0.8836774615455782
pure1242,tara1323,1.4469413377860787,1.2140142958194753
puri1258,sino1245,3.022109161599456,1.2928822414602037
puyu1239,aust1307,1.105468653116798,0.4345815909943571
qanj1241,maya1287,1.5694760517461177,0.5623978936429896
qaqe1238,bain1263,1.643166863598892,0.8426181099072325
qawa1238,kawe1237,-0.461945089752388,1.608119468764289
qima1242,afro1255,1.7720109438464413,0.7274897905280575
quer1236,otom1299,0.0632065345371164,0.5460735369335747
quey1238,sino1245,0.052070392441645,0.4496202708939081
quio1240,otom1299,-0.6445543494396793,0.3502956643368669
rabh1238,sino1245,1.8932471769370327,0.4332672916357758
rade1240,aust1307,-2.4803528047035583,0.667041319044297
raji1240,sino1245,3.1123509994813165,0.8749189587397321
rama1270,chib1249,2.456959372380431,1.0545827964909216
ramo1244,aust1307,0.0939819044545964,0.3226357177042964
rapa1244,aust1307,-0.3112687846517086,1.606138695273147
rapo1238,nort2933,1.7965358992632727,0.9048510967294172
rata1244,aust1307,-0.1122563054117153,0.561542690423348
raut1239,sino1245,3.0145189504086667,0.90317539752443
rawa1267,nucl1709,0.5234269363396163,0.2782124725100758
reja1241,aust1307,-1.3009030830217854,0.5180416219046071
remb1250,aust1307,-2.006881049998982,0.5548891411400101
rend1243,afro1255,1.002273852299758,0.5371558477556344
reng1252,aust1305,-2.170356530396852,0.5376629530682893
renn1242,aust1307,-0.5411617281330283,0.5300007280873307
rere1240,aust1307,-0.735491466760267,0.2383897864342845
resi1247,araw1281,1.282525670913957,0.6058555969075194
reye1240,pano1259,2.207855052314916,0.9168805572432754
rian1263,kolo1268,1.3570652025362837,0.8352471740322263
rikb1245,nucl1710,1.4602532560804609,0.8853818697142395
rita1239,pama1250,1.190475604413968,0.5597284165586398
beka1241,aust1307,-1.1657444309853195,0.6577093237459306
roma1326,indo1319,3.006721284552203,1.2676673019442064
romb1245,aust1307,0.7157051535495541,0.4394171783197285
ronn1241,afro1255,0.493445347917067,0.3677615299599921
rong1266,sino1245,1.7657970553694262,0.3391291924905681
rong1264,sino1245,2.938004957894925,1.0179911722559472
roto1249,nort2933,1.6115209344477672,0.9001814723564223
rotu1241,aust1307,-0.7315354781434844,0.9384204978958052
rovi1238,aust1307,-0.4226044894491922,0.3567486172748975
ruch1235,aust1305,-1.3541413954339028,0.5410638170209121
ruka1240,aust1307,1.3293597328338702,0.4306813222555812
ruma1248,aust1305,-0.9486481933674242,0.5470282073712021
rumu1243,tura1263,1.0996174035685418,0.8735615892738027
rung1258,maba1274,0.5285165341801012,0.8969481612724146
rung1259,aust1307,0.0723248746166722,0.377745738140383
russ1264,mong1349,2.6653217963955087,1.8305644074352097
russ1263,indo1319,3.167616590493907,1.9257416464000237
rutu1240,nakh1245,2.8851298656691795,0.8521025288873356
saaa1241,aust1307,-0.5996467189873536,0.2689645934422024
saaa1240,aust1307,-0.4885292347479983,0.3854634962768282
saam1283,atla1278,-0.7761269200770693,0.4254166259792815
saar1237,aust1307,0.9475141319716894,0.4192171670818707
saba1267,aust1307,-0.3735597554204768,0.3662262411292367
saba1268,namb1299,1.3368074769263545,1.0048867305903455
safw1238,atla1278,0.0419806839102667,0.4348925581542118
saga1262,atla1278,0.3646360954071408,0.4333341608242178
sais1237,aust1307,1.3253606415502062,0.4950734404027961
yaku1245,turk1311,2.7823953077895345,2.25776467546734
saki1247,aust1307,1.187333901643808,0.4577607742419221
tsis1238,atla1278,-0.2488346263693719,0.4524540000358565
salt1242,nucl1709,0.2066557864387626,0.2854032994994009
samb1311,atla1278,0.7053859550526579,0.3330813268300909
samb1305,atla1278,0.6607145224704509,0.3295365418308456
samo1303,east2433,1.2056210252024449,0.8189227862297854
samo1305,aust1307,-0.9529202415790428,0.9618307063167416
wara1292,atla1278,-0.4173643703065397,0.3754699390895668
sana1295,afro1255,0.6495866485755333,1.0831904199429596
sanb1241,otom1299,-0.4805440475012559,0.3508610457564356
sanb1242,chib1249,2.795669802886816,1.091630433955248
sand1273,sand1273,1.2730727740502878,0.9914924386689604
sand1278,huav1256,-0.0673394640926403,0.9691792839324024
sang1331,atla1278,1.0183440725161752,0.6371793721089429
sang1321,sino1245,1.5411715580125098,0.3377501582702296
sang1330,atla1278,0.6686470302666863,0.4291684853549622
sani1269,sino1245,-1.6394193329738609,0.5074936120799873
sanm1301,otom1299,-0.5945073560696539,0.4169010889289772
sanm1289,quec1387,2.3492956147178337,1.062174448496331
sanm1295,otom1299,0.0277558154887189,0.3229597415673417
sant1410,aust1305,2.195778102927468,0.6984406207308176
sant1451,otom1299,-0.7247662301414302,0.4089045169633958
sant1436,otom1299,0.0040008352702638,0.3485451183741448
sanu1240,yano1268,0.7748494921303237,0.8188778506967118
sapo1253,aust1307,0.2893044800521298,0.3586856232198774
sapu1248,aust1305,-1.8857090903725204,0.5232002485669272
sara1321,cent2225,1.576023680673886,0.6543528879407625
sara1327,aust1307,0.8001718750182617,0.4785677359254978
sars1236,atha1245,-0.965633510569019,0.9670204855462776
sasa1249,aust1307,-1.771017002505339,0.74147822413074
sata1237,aust1307,-0.6347993750471121,0.7645390368961165
saur1249,drav1251,2.863690629876446,1.0542020345712912
savo1255,savo1255,0.8852983704749943,0.9080746893257076
saya1246,afro1255,-0.078369537149606,0.3345178797081227
seda1262,aust1305,-1.9029719358175117,0.5400668386757586
taro1264,aust1307,1.407462509735341,0.4431494924961363
seim1238,aust1307,-0.4095696388184118,0.5060542423352725
seke1241,aust1307,-0.5555237889902584,0.2639337560268417
sekp1241,atla1278,-0.0075172510305707,0.3583074345496158
sela1259,aust1307,-0.9633507249816128,0.5928101276960467
sela1260,aust1307,-1.5269217486415885,0.5214400467196336
sele1249,atla1278,0.0542466256273963,0.3536573292139202
sele1250,nucl1709,0.8299514965648436,0.332779840956829
selk1253,ural1272,3.331526819480704,2.232063308981396
sema1266,aust1305,-1.0038049063085626,0.554336752529045
sema1265,aust1305,-1.1649808932294126,0.5930436465834177
seme1247,aust1305,-0.8591851433822386,0.618325229645301
sene1264,iroq1247,-0.3247343784387511,0.8241418549246746
seng1281,aust1307,0.129726982537035,0.3309502050484143
nucl1632,sent1261,0.2844379045981478,0.8648496700124042
sout1528,indo1319,3.026988325016987,1.2894122142780238
seri1257,seri1257,2.487357051530538,1.6243571062373912
seve1240,algi1248,1.339173150156475,1.241426597883398
sgaw1245,sino1245,-0.1056761135678459,0.575762550416898
shab1252,shab1252,2.1025967031842376,1.080239868477347
sham1280,atla1278,0.5350010759664487,0.4008152365438899
shan1283,pano1259,2.9692090163136413,0.9190383054974912
shaw1249,algi1248,1.3044978651601384,1.1262129715046785
shee1238,hmon1336,-1.6733355223955666,1.0326676611530328
shek1245,dizo1235,2.096769946483873,0.9821870732201252
sher1257,sino1245,1.1309220365219916,0.3616395525563196
biao1253,taik1256,-2.572808222898069,1.0546105821497362
shil1265,nilo1247,0.8428502943976257,0.7030058572816773
ship1254,pano1259,2.9808753029029456,0.9619039674343206
shix1238,sino1245,0.1055696571053705,0.3986410537304055
shol1240,drav1251,3.2508384034344453,1.0380424898683076
shon1251,atla1278,0.4262759806443019,0.6298477000985354
shor1247,turk1311,3.326208927053302,2.224333207176072
shos1248,utoa1244,0.8658343203974581,0.8274167264828347
shua1257,jiva1245,1.9038291547745136,1.0283899524537188
shwe1236,aust1305,-0.8916620872143914,0.5315185436404035
siam1242,siam1242,-0.3802748383393872,0.9067860825687696
siar1238,aust1307,0.3504147439179246,0.34254152477981
siaw1243,amto1249,1.2797207056660205,0.8677530527192077
sich1238,sino1245,-0.6003656597253695,0.4396403567090754
sici1248,indo1319,2.486099214868376,1.2505736377148726
sici1249,atla1278,-0.4804130636110919,0.3869723424458517
sida1246,afro1255,2.183353927265219,0.596518838393818
siee1239,aust1307,0.2132362086859716,0.3620991575277683
sier1250,otom1299,-0.4079051434353191,0.3438007916633117
sier1248,utoa1244,0.5270966665168086,0.4984638161894801
sika1261,aust1307,-0.2928337453259111,0.5055756152353617
siks1238,algi1248,-0.5573288128663076,0.8741748016566104
siku1242,aust1307,0.4406740755598368,0.7033491442953457
simb1256,aust1307,-0.2443068949642701,0.3700554066668102
sina1266,aust1307,0.16499022699677,0.3523668030559022
sini1242,mand1469,0.6977317558228858,0.7117941064926883
sioo1240,aust1307,-0.0575632190842891,0.2981801192343876
sion1247,tuca1253,0.1170202750300126,0.6944406956595333
siri1274,tuca1253,0.8999056712623298,0.5283042815036247
siri1273,tupi1275,1.1351399451028945,0.6873731817563713
siro1249,nucl1709,0.5733457747289737,0.292992507011875
sile1255,nucl1709,0.7601557440220472,0.2887838730558227
sisi1250,aust1307,-0.4043970141426813,0.369753106766848
situ1238,sino1245,0.6146359633939729,0.4482204780112417
siwa1245,sout2948,1.7055926838433717,0.7797232960778744
siwi1239,afro1255,0.8817000137888745,1.0008418199057645
siwu1238,atla1278,0.2001689767358236,0.3669742431831921
siyi1240,sino1245,1.6800277544232032,0.3736951300839988
skol1241,ural1272,3.4977522867422097,2.071130107111407
slov1268,indo1319,3.125663934983524,1.3255322475585314
sooo1254,aust1305,-2.4092225084261667,0.6191631580610317
sobe1238,aust1307,-0.2795682750189137,0.4473154681141817
soch1239,otom1299,-0.6753770008826012,0.370106097313533
soga1242,atla1278,-0.611393558062054,0.4349784552074398
soli1239,atla1278,0.6605403715751619,0.608215190583921
soma1255,afro1255,1.5157595864590592,1.0157077114320354
soni1259,mand1469,0.5201461450359206,0.6992443506328168
sons1242,aust1307,-0.9306824111916412,0.7529782151376239
sooo1256,kuli1252,1.2627992708173426,0.916101434021444
sora1254,aust1305,2.077585996640788,0.7664790923501368
mani1235,east1459,-0.3756848110317283,0.7960888692635111
koon1244,atla1278,-0.2515719106183116,0.6090474628691247
sout2859,aust1307,-0.3254762776091038,0.2611833153365279
juho1239,kxaa1236,0.0449072245285737,0.9835223302616756
sout1549,drav1251,3.195628781585896,1.09921835492539
sout2976,utoa1244,1.840717935417559,0.8275921483004791
sout2856,aust1307,0.2633075811480485,0.3277858809476877
sout2954,japo1237,2.207859795128756,1.3691277974503049
sout2996,ayma1253,1.9583235748209389,1.2909759724669545
sout2730,sino1245,-0.6904327752763626,0.383623386448721
raro1241,aust1307,-0.8357868757754079,1.2742030291301545
sout2741,taik1256,-2.9692707709203017,1.0172969047883955
sout2715,sino1245,3.3004465886019503,0.6707172375029922
sout2826,krua1234,-0.0899526087303144,1.1545450790319154
sout3236,gumu1250,2.1515258432284687,1.0532440642129686
sout2956,haid1248,1.0039949363885192,1.2011535571051395
kach1280,sino1245,0.3135536657970665,0.4023261319592985
sout2949,kiwa1251,0.1845053584992237,0.8018796460465807
sout2994,namb1299,1.4315147525212526,1.053546660214924
sout2649,indo1319,2.662786565302544,1.5403309570237664
sout2729,sino1245,-0.4346180606008194,0.3910013372006036
sout2728,sino1245,0.5829771519468685,0.505173011855244
sout2918,aust1307,0.5470028741057732,0.4686491635679783
sout2985,miwo1274,1.5320175388078696,1.0813372644090116
sout2807,atla1278,0.2071921143507871,0.8312928376380682
khan1277,sino1245,1.6699208866754895,0.3219834737456466
sout2797,atla1278,-0.2622628257701129,0.3516623244004293
sout2679,ural1272,3.764301285911772,1.7404959920111054
sout2782,atla1278,0.5511842179734232,0.365612347820174
sout2895,aust1307,-1.067530958557381,0.4494824807966475
sout2674,ural1272,3.224031812245817,1.98285342933016
sout2959,atha1245,0.1088226531195653,1.165889125383813
para1301,aust1305,-1.595537843227472,0.5444323078876776
sout3261,nakh1245,2.9693944621740016,0.8661251950095052
sout2869,aust1307,0.0109702859507627,0.3688394129673926
stan1318,afro1255,0.8188342738786423,0.9122092796730974
indo1316,aust1307,-0.6501956490288818,0.7411601771588181
stan1306,aust1307,-1.4792311022479292,0.5954146579800526
horp1239,sino1245,0.4561523395939556,0.4295891826329585
suab1238,sout3418,0.2352472791474884,0.9267000925764948
suba1238,atla1278,-0.5406001578186306,0.413783298119911
sude1239,aust1307,0.3701736207810981,0.5689042232274937
suen1241,nucl1709,0.7221645349321034,0.3734654066445504
suku1259,atla1278,-0.7163994266678202,0.6046958290090445
suku1261,atla1278,-0.0538900102720831,0.4777018595814106
suku1272,afro1255,0.8311942300665534,0.3036364365083859
sulk1246,sulk1246,0.5522913761663555,0.8614246534380321
sumi1235,sino1245,1.3015009013865204,0.330481616715776
sund1252,aust1307,-0.1925331759016952,0.821187898238414
mari1426,aust1307,-0.5759321432966822,0.3108805393691991
sunw1242,sino1245,3.27226426102436,0.5873005694110427
supy1237,atla1278,-0.5109947721888521,0.4557192965085677
surg1248,ural1272,3.2518024719932828,2.2413923638845064
surs1246,aust1307,0.4524321469114762,0.3432549907294087
suru1262,tupi1275,0.889834922718421,0.6995115512142944
suru1261,tupi1275,0.7794384200959242,0.9459285008809082
susu1250,mand1469,0.1229457353726257,0.6055214759350793
swah1253,atla1278,0.4096719496652345,0.4686260659564896
swed1254,indo1319,3.332512839137182,1.7097045970825953
taba1263,nort2923,-0.9248309531350491,0.6086937671278361
tabo1241,tabo1241,1.1691839149437868,0.9114951634323892
tafi1243,atla1278,-0.0194847471107724,0.3696839497562023
taga1272,aust1307,0.949649163517471,0.4014840725296067
taga1273,aust1307,-0.5734647299714282,0.3972689712000647
taga1270,aust1307,0.7949101912841813,0.4290060483153537
tagb1258,aust1307,0.934619480259579,0.5195090856876092
tagi1241,sino1245,0.9523872398278644,0.3845713218059945
tago1246,rash1249,-0.1743793243909905,0.7883451509337926
tagw1240,atla1278,-0.0398061517917058,0.4700879927653103
taha1241,afro1255,1.3494104753635652,1.0655147915816396
tahi1242,aust1307,0.2056940324681377,1.2400494358821783
taia1239,taia1239,1.1518355750189937,0.8727908204543668
tain1253,anga1289,1.3265925692131066,0.7510231771944782
taji1246,aust1307,-0.4368588108206412,0.4507773502637522
taki1248,aust1307,-0.1390277646970132,0.3225919570192688
taku1257,aust1307,-0.0534390666084407,0.510930901469874
binu1244,aust1307,1.486300821571554,0.4165949058653826
tali1259,aust1307,-0.7485399182775834,0.3741783163038619
tama1331,tama1329,1.1269009019833516,0.986742908353636
malo1243,aust1307,-0.4151135826556131,0.2664990802876428
tama1365,afro1255,0.5008448450107643,0.5354769631408831
tamb1254,aust1307,-0.4041296660138485,0.3455661521915649
tami1290,aust1307,0.1160744792217103,0.3070994470211672
tami1289,drav1251,2.971478272416362,1.156468512828916
tane1237,aust1307,-0.8165183866435344,0.4242452935654124
tang1377,sino1245,0.9939508745879984,0.4474277750271755
tang1348,aust1307,0.245361401583938,0.3910000758072436
tang1373,sino1245,1.2634947273840278,0.7653873473902495
tani1257,tuca1253,0.3584646752415272,0.5720571119065356
lowe1412,aust1307,0.946333881493144,0.3260885982297323
tara1313,sino1245,1.70477767546065,0.3526236716028359
tari1256,araw1281,1.5344328631116575,0.5764993318803127
tari1263,afro1255,1.785546118295262,1.280973372604934
tata1258,otom1299,-0.0158285273285379,0.3371236644533493
tata1257,aust1307,0.0542123878565132,0.3426701303342421
tata1255,turk1311,3.642505646947768,1.940461536147204
taul1251,taul1250,1.134677913855517,0.8804763678747722
taus1253,taus1253,1.3654830467704844,1.0825534641755272
taus1251,aust1307,0.7677982558789076,0.438460972451459
tauy1241,nucl1709,0.6496123612127905,0.2773319098853646
tawa1275,aust1307,0.3804619403295162,0.3609996543193325
tawa1286,afro1255,0.7807982993398767,0.6882511034572647
diga1241,sino1245,0.579316883026008,0.4075335077538673
taya1257,afro1255,0.9596775577497564,0.8319935309920297
tbol1240,aust1307,1.1779666405977198,0.4312722389525225
tean1237,aust1307,-0.7756034016962774,0.439097868684994
teda1241,saha1256,1.0000280446945955,1.0190409315311673
tedi1235,sino1245,1.6990256138478967,0.3875012168139284
tega1236,rash1249,-0.1506659978867865,0.788120493666236
tehu1242,chon1288,-0.2761628641254101,1.544127987748646
teiw1235,timo1261,-0.4972740941962545,0.5858942547115951
tekt1235,maya1287,1.0475762051839834,0.5345641176504881
tele1256,nucl1709,1.0434605451149204,0.3610182483432576
telu1262,drav1251,3.2256709303309083,1.0642972779991533
tema1239,utoa1244,1.0196176913081865,0.529867721017895
temi1246,aust1305,-0.608755690269632,0.5393114613579968
temo1245,otom1299,-0.0208057120220503,0.4959623524224308
temp1235,aust1307,-0.0580969451259449,0.3553067853444216
teng1272,aust1307,-1.1568757824952036,0.7523588087391935
tene1248,dogo1299,0.7539336682297614,0.7070994967148709
tenn1246,surm1244,1.030278974290277,0.8418030492448687
teop1238,aust1307,0.5642664537736342,0.3563519791470506
tera1251,afro1255,0.8410215473968312,0.3703362746619207
tere1278,sout2948,1.7407297085743625,0.7831962902457188
tere1279,araw1281,-0.1831052625115052,0.7859104487702804
teri1250,chib1249,2.826482031038477,1.1041758166113498
term1237,aust1307,-1.4598641180430856,0.5696292696088063
tern1247,nort2923,-0.874999496567638,0.6045032785554483
tete1251,utoa1244,0.8583976831756188,0.4941916130472554
tetu1245,aust1307,-1.6234038652847946,0.461926989540478
teun1241,aust1307,-0.8770698056738713,0.5233784631586418
tezo1238,otom1299,-0.1417880460793237,0.3518855227000292
thad1238,sino1245,1.7357389078640235,0.3626341014209822
thai1261,taik1256,-2.486797700880693,1.0843662316414422
thak1245,sino1245,3.2456376750119724,0.7657557142174864
than1259,sino1245,3.256032971973318,0.6821396358808625
thao1240,aust1307,1.0117704327451398,0.4296083949314546
thar1283,atla1278,-0.0305140015740865,0.463175282755901
aheu1239,aust1305,-2.4873925444606044,0.6354276139635684
thay1249,pama1250,1.1929354746519751,0.618142400059357
thul1246,sino1245,3.0668883010218018,0.5668283976087576
tibe1274,atla1278,-0.5259632291023255,0.310586152290329
tibe1272,sino1245,2.3118893770135296,0.5750197579667433
ticu1245,ticu1244,1.5979418612728773,1.172696791243791
tido1248,nort2923,-1.0050397433675258,0.6421773737684489
tief1242,atla1278,-0.3624520341431352,0.3498570179350291
tief1244,atla1278,-0.3470745258205663,0.3529540582622563
tien1242,atla1278,-1.0685193201614958,0.5542128637541266
tiga1245,aust1307,0.5580896732947576,0.3776163947930651
tigo1236,atla1278,0.4426920055932544,0.3013407495556492
tika1246,atla1278,-0.0526430266038828,0.3328370442746244
tiko1237,aust1307,-0.4054984681913764,0.5031241839462925
tilu1238,sino1245,3.33866697142138,0.567209933393729
tima1241,katl1246,0.0374454716425514,0.9566262134758374
timn1235,atla1278,-0.3440383063085668,0.5230232258872478
timu1262,aust1307,-0.2924972569881647,0.3584004025172018
tina1248,aust1307,1.1886237261838797,0.3877763936770737
tira1254,heib1242,1.046782307421243,0.7584963807815428
maee1241,aust1307,-0.6089171813176444,0.2515596343113544
tiri1258,aust1307,1.0029092336612366,0.4627726197413091
tiru1241,aust1307,1.2107311281868889,0.4130897594351235
tita1241,aust1307,-0.1372870430638508,0.4024385540753732
tivv1240,atla1278,0.0938182361281974,0.312265050591757
tiwi1244,tiwi1244,-0.1124995521334484,0.9525176490558942
toab1237,aust1307,-0.022838608918996,0.3485792533599032
toar1246,nucl1580,1.175016389840679,0.806670802000581
toba1268,leng1261,-0.765647055426439,1.1278507571041398
tobe1252,nort2923,-0.864596883316425,0.6071533405305716
toda1252,drav1251,3.2044620746954933,1.0361611122218233
toho1245,utoa1244,2.2416201452377407,0.9150000778039972
tojo1241,maya1287,1.489614657060906,0.5796031977021929
toke1240,aust1307,-0.0868447275416344,1.057164464683685
toll1241,jica1245,1.621717398502745,1.2401897062637848
tolo1255,aust1307,0.0562379969581083,0.3007278523674652
toma1245,mand1469,0.1672172052571572,0.5443575103682803
tomb1244,aust1307,0.1876259351339353,0.3748295972590494
tomm1242,dogo1299,0.7784186256785681,0.7342498517577916
tond1249,song1307,0.1452015490023945,0.6830028815660256
tong1325,aust1307,-1.2866123456231535,1.2334303199497287
tong1318,atla1278,0.6609187573550195,0.574151987316649
toor1238,atla1278,-0.6409239050345628,0.4200735276238081
tora1259,aust1307,0.5409972643205276,0.3577774702786702
tote1238,atla1278,0.8110552891624827,0.5648582527512054
toto1302,sino1245,2.6941345984710017,0.5431198522369289
touo1238,touo1238,0.0251956571700933,0.884987973021325
trin1274,araw1281,1.3507852068475517,0.6423382799652502
trio1238,cari1283,0.5229512927523985,0.7725278989429185
trum1247,trum1247,0.9213086615850912,1.0596531992592344
colo1256,barb1265,2.083444103720633,1.0302228711524406
tsam1247,afro1255,1.6078379284879594,0.5096834886228434
tsat1238,aust1307,-2.2394624048978384,0.8326150882849523
dido1241,nakh1245,2.8653154226243385,0.8006127151372091
tsha1245,sino1245,1.6024116408167892,0.4248325141959364
tsix1234,khoe1240,1.185841220652366,0.9615905752271184
tsog1243,atla1278,-0.4324426058471888,0.5997968713574262
tson1249,atla1278,0.5410176447810482,0.7538540518804093
tsou1248,aust1307,0.9744448123987232,0.4150723480025413
tswa1255,atla1278,0.809941848820587,0.7649567800710897
tswa1253,atla1278,0.6006312476913773,0.6648583700745561
tuba1278,utoa1244,1.3409266561198523,0.7527698834659198
tuca1252,tuca1253,0.865899641526646,0.5392751744294642
tuge1241,nilo1247,0.9376042962985296,0.5715557792270727
tugu1245,aust1307,-1.1994673223706434,0.4606700208369298
tuka1248,aust1307,-1.028891919507355,0.5104514294447324
tuki1240,atla1278,-0.5152077923036424,0.3427766121783828
tula1252,atla1278,0.5915178507745249,0.3410799023346618
tulu1258,drav1251,3.229102445447949,1.1412541759670596
tuml1238,aust1307,-0.0110662256647289,0.3412476376135558
tumu1242,atla1278,0.5670550827565444,0.4130999025972168
nene1249,ural1272,3.248683010533256,2.3011431404133127
tune1261,atla1278,-0.6534602175773649,0.3089432738003617
tung1290,aust1307,0.4543877044022109,0.4113672256635885
tunn1238,afro1255,1.063770200139531,0.801806901328951
turk1308,nilo1247,1.8409015704053893,0.68983318123334
turk1303,turk1311,1.9951475498560844,1.3171834153177762
nucl1301,turk1311,1.986090018319657,1.4242693873621746
turk1304,turk1311,2.762082126842928,1.8036151359997483
tusc1257,iroq1247,-0.2229136087656928,0.8746896438354779
tutu1241,aust1307,-0.6270944682440405,0.2569815929344332
tuva1244,aust1307,-0.4652164225032336,1.103150983349145
tuvi1240,turk1311,3.1061394419193324,2.1573099950573047
tuwa1243,aust1307,1.0780149117855955,0.3179965345158573
tuwu1238,atla1278,0.0466563092919845,0.3727631767835051
uuuu1243,aust1305,-2.2286463128806333,0.5514651565442934
ubir1237,aust1307,-0.0470390477508397,0.3350257526757443
udii1243,nakh1245,2.779143520382092,0.8915719372129898
udih1248,tung1282,2.5079307830165694,1.4760758738274835
uduk1239,koma1264,1.1723103629848874,0.8823865819147567
ughe1237,aust1307,-0.5638332903026562,0.367509772417852
ugon1239,sino1245,-1.378117759655522,0.7615874424162725
ukaa1243,atla1278,0.169266670293567,0.376130081262084
ukra1253,indo1319,3.057732520743857,1.5803838437431237
ulch1241,tung1282,2.6508795784744024,1.485835995615946
ulit1238,aust1307,-0.4013642177396519,0.7961066506603705
ulwa1239,misu1242,2.073702702925014,1.204971466638488
yaul1241,kera1258,0.9174207060652354,0.7344641817673478
umaa1242,aust1307,-0.7030612381239956,0.4641950362680642
uman1240,daga1274,0.1379135561508708,0.7108164213481771
umbu1257,atla1278,0.1570372399339821,0.8862505464097454
umbu1258,nucl1709,1.0252874511537795,0.3175458889722211
umes1235,ural1272,3.606210229381528,1.8762154308428496
unaa1239,nucl1709,0.6775423306614939,0.3649934581064356
unea1237,aust1307,0.2745705191196228,0.3277091476519636
unua1237,aust1307,-0.4534043605910458,0.2426406324723062
uppe1427,aust1307,-0.2165249057007432,0.3641171226139907
uppe1275,toto1251,1.0294375332832848,0.6724975662976926
urak1238,aust1307,-1.6614036648604298,0.7290198202337739
urar1246,urar1246,1.9097199198996275,1.1701414092127789
urav1235,aust1307,0.1901256917729781,0.3605200922432536
urim1252,nucl1708,-0.3502579275413342,0.4704896608762734
urip1239,aust1307,-0.2066425132304634,0.2451477924603122
urni1239,giim1238,1.4229954854731628,1.0176950407658634
usan1239,nucl1709,0.6483077756274029,0.2931906500708838
utes1238,utoa1244,1.0782216048611115,0.905736326992582
kagf1238,atla1278,-0.1331577358799456,0.5234705765947161
pile1238,aust1307,-0.3801905596462291,0.4697917003794334
veps1250,ural1272,3.645263260190679,1.881130453772196
vera1241,aust1307,-0.471515947185706,0.3579267994709352
viem1243,atla1278,-0.0931037086992225,0.3893458680913073
viet1252,aust1305,-2.4085280539453526,0.7169636766277883
voti1245,ural1272,3.755519640040076,1.741070975093456
vunj1238,atla1278,0.2063042676704161,0.398138338130265
vure1239,aust1307,-0.390456430000806,0.3426336864490502
vwan1235,atla1278,0.6828172445478359,0.4184101388211423
wadj1254,wadj1254,0.9593186372343526,0.967161090755872
waga1260,pama1250,1.421663684680735,0.6707069807369597
wage1238,wage1238,1.3018796362656888,1.0042583611423233
waig1244,aust1307,-1.2354314939412796,0.5236825151952789
waim1251,aust1307,0.2096720541160144,0.3369735249665999
waim1252,aust1307,-1.3372334124757947,0.4610373191431338
waim1253,cari1283,1.075144145360187,0.8207060761349063
waiw1244,cari1283,0.8048296570545189,0.7230316562902663
waja1259,atla1278,0.6350800099783636,0.3443602187614378
waja1257,pama1250,-0.0413000589967034,0.8839111925240286
waka1274,pama1250,0.6250104778561657,0.8665374552767866
wala1266,aust1307,-0.1707435254328189,0.3283847383984182
walm1241,pama1250,0.5433682134742416,0.663355797015786
wamb1258,mirn1241,2.212354485798214,1.096600200025498
wamb1259,nucl1709,0.3492808771560751,0.3609353434737192
wamb1257,sino1245,3.23787701344399,0.5728047794995343
wann1242,mand1469,0.5327470705276953,0.5027161107870106
wand1278,afro1255,0.6142317461031033,0.3082169357735065
wand1267,aust1307,-1.2782560555043436,0.4421743549259238
wanm1242,pama1250,0.8413015864218965,0.7233843261548061
saka1289,aust1307,-0.4011247401214959,0.3012635133412717
waor1240,waor1240,0.5632764200764484,0.9932339287263674
wapi1253,araw1281,0.6244791961761511,0.7606095246373701
wara1303,wara1303,-0.4650348923896752,1.230705834436681
wara1300,aust1307,1.0027720330328682,0.5124754832769063
ward1246,yang1287,1.8777422796868228,1.1180663813234195
ware1255,araw1281,1.3177088094082725,0.5907597661194384
ware1253,aust1307,-0.6755483944861331,0.4477986552922495
wari1268,chap1271,0.4672738053744083,1.030019863270967
warj1242,aust1305,1.305162516301945,0.5556905193325368
warl1255,pama1250,1.1175187905012955,0.6551810514355467
warl1254,pama1250,1.2988160226744323,0.6964371878651407
warl1256,pama1250,1.234483220893417,0.7335587016172171
waro1242,aust1307,-0.7346811535389235,0.4330455662966628
warr1255,pama1250,0.5903068765615083,0.6506247209840401
waru1265,pama1250,1.2495641770415256,0.6626523171517156
wash1253,wash1253,0.5849094144728886,1.0818882794423166
wask1241,nucl1709,0.7923997877093041,0.3392210432744478
waur1244,araw1281,0.6606122240129875,0.6388086808432485
wawa1246,atla1278,0.2241670837497531,0.3333566874576923
waya1269,cari1283,0.516294109094373,0.8354319003690485
wayu1241,sino1245,3.0100228553152077,0.5876771466851518
wayu1243,araw1281,1.562350479436855,0.9314474108178694
weda1241,aust1307,0.2965780674157141,0.3316194223780426
wels1247,indo1319,1.599332343960536,1.2381170239320225
nort2864,aust1307,-1.007610931385773,0.4734309867306026
weri1253,kuni1270,0.8850872494027335,0.6211548561319806
west2564,aust1307,-1.1037356529754878,0.4387495813714519
west2560,aust1307,-0.1324197032603615,0.3566222417655669
west2548,aust1307,-1.354492408367789,0.5237341308548538
west2615,atha1245,1.688749463773931,1.0353693989547017
west2441,pama1250,1.533840447333821,0.7354154992113542
west2397,aust1305,-2.3901358556716144,0.6181654820405651
west2555,aust1307,1.3060163400433282,0.3907791107876428
west2618,eski1264,1.5522615325190714,1.856927031682782
west2650,aust1307,-2.63410721715777,0.7947504014401714
west2594,nucl1709,0.6243952137030183,0.4466607979158579
west2778,utoa1244,2.125829604315394,0.8592628470004287
west2369,indo1319,1.6886880885153253,1.1652407990249665
west2519,aust1307,0.3905746988488268,0.8817846109839929
west2354,indo1319,2.8720526335419474,1.4071854360124036
west2644,otom1299,-0.0213637234850359,0.3417076572023863
west2624,utoa1244,0.7364316970162775,0.5722865307126899
west2466,atla1278,-0.1089279709959611,0.363346736215528
west2632,kere1287,0.9625745193604668,1.2454683772600794
west2396,aust1305,-1.4122074724461915,0.5395813830367273
west2418,sino1245,3.2536038388607045,0.7577317747419077
west2392,ural1272,3.581119727891623,1.799152323817602
west2763,afro1255,-0.0313358593429267,0.7289031728284936
west2386,indo1319,3.223419438643467,1.3226941523876752
west2557,aust1307,1.531257416859404,0.4824758188321518
west2415,sino1245,3.3169843017257987,0.6576925694110032
sanj1284,otom1299,-0.4189616618448704,0.3219611485738456
west2430,hmon1336,-2.1457089204938717,1.0977609355412996
west2599,nucl1709,0.4918051169346363,0.3283504712945584
west2600,nort2923,-1.0821610778649315,0.6130013743948819
saka1291,aust1307,-0.3256252799259276,0.9104882211533432
west2538,aust1307,-0.878859431722943,0.5525388901012511
west2516,aust1307,0.9430591245835548,0.4315987029942585
whit1269,aust1307,-0.0119160417208483,0.3667022059372375
wikm1247,pama1250,1.1477347636929054,0.6316057862538482
wira1262,pama1250,0.3871000959120882,0.9154335554869326
wiru1244,wiru1244,1.075436260543887,0.8514700044638364
babi1235,atha1245,-0.2631036071005681,0.9029821675747356
woii1237,aust1307,-1.026491862675592,0.4490491136166419
wola1253,afro1255,2.2275433533691604,0.633370735524621
wola1242,gong1255,2.523464622268527,0.7338754248751393
wole1240,aust1307,-0.612202141034397,0.8052092879020649
woli1241,aust1307,-1.214043439529323,0.4933928389684423
nucl1347,atla1278,0.4111255000527132,0.6390246874677747
wood1236,algi1248,1.0583866177914096,1.2310936109402937
wotu1240,aust1307,-0.7070616407395591,0.4579771988126291
woun1238,choc1280,2.3564768891796986,1.1859133951726997
wuch1236,sino1245,0.1907475226110928,0.9457300773298448
wudi1238,sino1245,-1.1839166561914445,0.4586039530156411
wuna1249,worr1236,-0.1703210728085042,0.8384225983554447
wusa1235,sino1245,-1.2488455514338042,0.4582049119429818
wutu1241,sino1245,1.4738816952055729,0.7139241355457271
wuvu1239,aust1307,-0.1904873740390729,0.465906108125897
xamt1239,afro1255,2.030764444103696,0.747521630923873
xara1244,aust1307,0.9888404043157036,0.4533696113977403
xava1240,nucl1710,1.0765608577762027,0.8014016754542546
xhos1239,atla1278,-0.0775147045689474,0.926977244169776
xish1235,sino1245,-1.184345957489589,0.414178684018605
xokl1240,nucl1710,0.8730178788911209,1.0797199835666884
yaak1241,afro1255,0.1578025458072878,0.483140091853437
yabe1254,aust1307,0.0032868836658204,0.3097350287094418
yaey1239,japo1237,2.2711438304545357,1.0873825001715591
yaga1260,nucl1709,0.7046168615272801,0.2843206732355887
yagu1244,peba1241,1.3992430490470182,1.0980253451208646
yaka1272,atla1278,-0.0090720154617012,0.4384851404936234
yaka1277,aust1307,1.3550833043882569,0.4975678394105518
yaka1269,atla1278,-0.3109487951624472,0.5952877194442165
yakk1236,sino1245,2.727274134563292,0.5534265228619377
yako1252,atla1278,-0.3038645077303374,0.4102737393722209
yala1266,aust1307,-1.1515796365593594,0.4708972827633193
yale1246,yale1246,0.4828677647864885,0.8080243712490445
yama1264,yama1264,0.9080987261543068,1.7568495178579755
yami1254,aust1307,1.566663293212072,0.4788819669974993
yami1256,pano1259,2.872563460821928,0.9148829143832716
yamp1242,sino1245,3.173181599494768,0.5753754538230327
yand1253,pama1250,0.3641406999035781,0.7306564949678043
yane1238,araw1281,2.445073183771652,0.8019115200604783
yank1247,pama1250,1.3085090237984662,0.8058801789817012
yano1262,yano1268,0.046590472519687,0.8115338626184627
yano1261,yano1268,0.8749586612265066,0.8271365864375544
yany1243,pama1250,1.636066661584425,0.6449917405683911
yaoo1241,atla1278,0.7504790560293444,0.6291127399465899
yaou1238,mand1469,0.2085110576006135,0.5464754058554888
yape1248,aust1307,-0.5116320924657551,0.747928544784632
yaqu1251,utoa1244,2.4210779189998988,0.9311964230989545
yare1248,yare1250,1.215186538310196,0.8957108056501983
yasa1242,atla1278,-0.883082866925196,0.4663199106048918
yatz1235,otom1299,-0.6180104516686664,0.3546868356367909
yaum1237,nucl1709,0.6768833078835307,0.3102140905160193
nucl1454,yawa1259,-0.2672926721386748,0.9109387953495078
yawa1261,araw1281,0.1865879036398787,0.5978757928299547
yawa1260,pano1259,2.886699141789328,0.9089832230662154
yawu1244,nyul1248,1.3676197139424655,0.954858871088368
yecu1235,toto1251,0.8962125804077395,0.7124765990832702
maqu1238,cari1283,1.137511533845745,0.7515770433776043
yele1255,yele1255,1.5297820825510369,1.143885954973806
yems1235,gong1255,2.700194141907475,0.7757334384715397
yapu1240,nucl1708,-0.1289837363444923,0.4941345964634949
yess1239,sepi1257,0.3547226583158605,0.4781648811964918
yeyi1239,atla1278,0.7026690379909594,0.5716601704058384
yidi1250,pama1250,0.7835151729439417,0.608838511364294
yima1243,lowe1423,1.1524632180483303,0.860775887327542
yinc1238,aust1305,-1.2704411810087146,0.5287293442004319
yind1247,pama1250,0.8699191859472195,0.6973340952742944
yine1238,araw1281,2.1236246540470844,0.7354960618797195
yoga1237,aust1307,1.049514383572299,0.3447273844726517
yona1241,japo1237,2.473507396808857,1.0505473156136294
yong1276,taik1256,-3.172977442695105,1.04270977018047
yong1280,nucl1709,0.8095476505071262,0.4150913522880235
yora1241,pano1259,2.897965191243252,0.9363819683599544
youl1235,sino1245,-1.4362000988694947,0.4489125304646135
youn1235,hmon1336,-2.476264650499788,1.0294585659972624
yuca1254,maya1287,1.9451512203280616,0.9380263544663484
yuch1247,yuch1247,0.6749476224293991,1.3264034217512557
yucu1253,araw1281,0.715843314534308,0.5835121993024268
yuec1235,sino1245,-1.2970068384334992,0.8046126712513555
yukp1241,cari1283,2.034906165103945,1.0548223071707006
yulp1239,pama1250,0.7095334329621228,0.6178026700666881
yulu1243,cent2225,1.7625779939841844,0.6873690222144271
yuqu1240,tupi1275,1.23724996087552,0.7415512625796001
yura1255,yura1255,0.5449987912842633,1.040548205887546
gami1243,pama1250,1.354708190116641,0.8410631216012598
zaba1237,aust1307,-0.1239389043892993,0.3866219477951884
zaca1242,otom1299,-0.0880750328462245,0.354784593355502
zaca1241,utoa1244,0.7590645867424022,0.4710322560032636
zaiw1241,sino1245,-0.359159018053159,0.4057594213518136
zakh1243,sino1245,0.4050308706354166,0.4078955851870529
zamb1245,atla1278,-0.7859473889909836,0.3727253253888096
zand1248,atla1278,0.2620455986898744,0.4640649931089666
zani1235,otom1299,0.1377034919916306,0.3222513528315018
zapa1253,zapa1251,0.3108062888417646,0.9026890437978934
zarm1239,song1307,0.823049409583545,0.8870151187697823
zays1235,gong1255,2.553942150087225,0.7064837214030004
zeme1240,sino1245,1.746359946725772,0.3314202932666861
zenz1235,otom1299,-0.0271609968516397,0.3294860596938358
zhab1238,sino1245,0.4005690503683068,0.4556825477422817
zigu1244,atla1278,0.2887286456762326,0.4402443195977783
nort2795,atla1278,0.3989912910325879,0.6297799376682969
zinz1238,atla1278,-0.3965798793947481,0.4866007235923129
zoog1238,otom1299,-0.6684337925674106,0.3532643943241322
zulg1242,afro1255,0.6521162651560564,0.2906006622211428
zulu1248,atla1278,0.007379113394007,0.8475846886942207
zuni1245,zuni1245,2.054179562552516,1.3587536730006704
