Glottocode,Family_ID,GPGLMM_Latent_Mean,GPGLMM_Latent_Variance
abad1241,aust1307,-0.0284722412008808,0.356374891311658
abau1245,sepi1257,-0.0943841699241243,0.5546367158212302
abee1242,atla1278,1.903521333638129,0.8259328239327499
abkh1244,abkh1242,-2.70413917331187,1.814946540612652
abua1245,nucl1708,0.9278231998150844,0.6136392617902522
abui1241,timo1261,1.9030142961517555,0.9977115460677012
abun1252,abun1252,1.911412040036192,1.4234827624306243
achi1257,aust1307,1.8370388972168703,0.819028183525401
acha1250,araw1281,-3.039492043981912,1.0957415244079396
ache1245,narr1279,0.3541217151561164,0.7925026075429042
achi1256,maya1287,1.5087094724104104,0.6608321908837742
achu1248,jiva1245,-2.181119317949455,1.234737827981455
achu1247,pala1350,-1.4368049013420572,1.5204493077978651
acol1236,nilo1247,0.1141378385411413,0.6849509566007193
adan1251,timo1261,1.897395989423778,0.9632890605014596
adny1235,pama1250,-2.649064586110025,1.798180925858441
adon1237,aust1307,3.052658881226421,0.6542761161797372
adze1240,aust1307,1.314317062269821,0.3225661550058292
afar1241,afro1255,-1.963226748292409,0.8791688755628799
aghe1239,atla1278,1.358269066945011,0.3413725193055232
aghu1255,nucl1709,0.5899830881356785,0.4481808301202346
agob1244,paho1240,-1.2122681731039366,1.044069612293537
agua1253,jiva1245,-2.362978753892969,1.377330721454853
agus1235,aust1307,0.8833418793531813,0.4664934005498442
agut1237,aust1307,0.1672203256230973,0.4941533038754189
aime1238,bosa1245,-0.4582641073480531,0.9055502148339092
musa1266,nucl1709,-0.4695091940661493,0.2827038146868164
aito1238,taik1256,0.3715714844016036,0.962356829820544
ayiw1239,aust1307,2.167836146230181,0.6603437005578208
ajab1235,atla1278,2.569621185152659,0.6793513016242256
ajas1235,kres1240,1.442977875657297,1.1889971370741677
ajie1238,aust1307,1.4618195059677996,0.514096263342561
west2635,maya1287,1.5608740759049364,0.5849904936436263
akei1237,aust1307,1.7665247114271436,0.3697109609066475
akha1245,sino1245,1.589772245206487,0.500853609908793
akoo1248,atla1278,1.933132076587295,0.4062834058730402
akun1241,tupi1275,-1.0147745996894098,0.8647697776950394
alab1254,afro1255,-2.382234771741172,0.6406591020298391
alab1237,musk1252,-2.094116853823196,1.577917397294362
alac1244,otom1299,1.2177986320561256,0.4649769511652217
alag1248,afro1255,-0.6543637922736518,0.5385575384448376
alam1246,sepi1257,-0.6005647428628418,0.5837808464048804
aleu1260,eski1264,-1.2995556755331965,2.137678069028931
alor1247,aust1307,3.0197908544897505,0.6269110628798513
aluk1238,drav1251,-3.5405781571948607,1.3081956176823493
amah1246,pano1259,-3.027480625984425,1.0620104838010738
amam1246,kuni1270,-1.2270966145618496,1.003055989162153
amap1240,left1242,-0.7246984843135902,1.0809183505511577
amar1272,aust1307,1.0547983673486585,0.3413249120572597
amar1274,hara1260,-1.874641501927594,1.5503733100637147
amas1236,nyim1244,-1.455738355710142,1.3821766225921768
ambu1247,nduu1242,-0.0895256808053737,0.7057618474342839
amdo1237,sino1245,-1.4143821868487805,0.7215587619351398
amha1245,afro1255,-1.0777237099709938,0.7039906118038433
amii1238,west2434,0.3988080158927027,0.990749556471735
amis1246,aust1307,0.4747240888150568,0.406053507456602
hoaa1235,kxaa1236,-0.0452212008674486,1.3286313091458992
gily1242,nivk1234,-2.263787351190184,2.209571669690972
anei1239,aust1307,1.0657445574452726,0.5332594354666313
anem1249,anem1249,0.7929297848114967,1.1316406219692117
anfi1235,gong1255,-1.5240116294063355,0.7815673758626929
anga1290,anga1289,-0.3914954635828158,0.8619633343509263
anga1288,sino1245,-1.8725960702878897,0.3535797862597691
ango1257,chib1249,-2.845109543251934,1.190119530614937
anin1240,gunw1250,-0.7563348587292491,0.910467891275874
wara1294,more1255,-1.0130658416826095,0.7237119156835887
anuu1241,sino1245,-0.9564609770191556,0.4828350689237091
anut1237,aust1307,2.102545009525832,0.7690861834273242
aona1235,sino1245,-1.55856137572606,0.3589584250024029
aoua1234,taik1256,3.498621209108868,1.1919490751835444
apin1244,nucl1710,-0.2890289309175138,0.9912908380969854
apma1240,aust1307,1.849672554999903,0.3530151464345201
apma1241,kera1258,-0.2604880813271355,0.8879128736056581
apur1254,araw1281,-2.1175781683448367,0.9451894127673776
arak1252,aust1307,1.761581385808771,0.3517232188511228
aram1253,more1255,-0.733815060192837,0.7326668502220754
arao1248,pano1259,-2.5033037608764683,0.9631628660254116
arap1274,algi1248,0.2007285565740741,0.9387114403393162
araw1273,tupi1275,-0.9211703951787688,1.1076836137601314
arch1244,nakh1245,-3.4728195262557326,1.0769885698254993
aree1239,aust1307,-0.6443150658487027,0.3480094211019504
area1240,aust1307,1.517871719868206,0.437694988833146
argo1244,afro1255,-1.081976944834543,0.7126524187387142
arhu1242,chib1249,-2.705794646968104,1.2022886911794028
arig1246,atla1278,2.0119336414480387,0.543342979140633
arom1237,indo1319,-1.410613283817802,0.8190239241784254
arop1243,aust1307,1.1053320850083226,0.3314155613180651
arop1242,aust1307,1.8180204730781189,0.42671791655934
aros1241,aust1307,1.5908832884817936,0.4968131976904884
arta1239,aust1307,0.5007364473147446,0.3404076283023896
asha1243,araw1281,-2.753762610652504,0.966282477527686
ashe1272,araw1281,-2.8581423305318445,0.9720444644178028
asoa1238,cent2225,0.2288929575561336,0.5460053601858172
assi1247,siou1252,0.4516574111199394,1.1647116038097356
asur1254,aust1305,-1.6617072942564342,0.7736948330588964
asut1235,atla1278,-0.4013116148128099,0.4573371683495368
athp1241,sino1245,-3.1364769263140526,0.5777183827054482
atii1237,aust1307,0.8890993048468141,0.4499164276712211
aton1241,sino1245,-2.179215117268979,0.5233831009484278
auuu1241,nucl1708,1.160635831667522,0.6230961193812341
aulu1238,aust1307,1.832622920201621,0.3170583205913431
auye1238,nucl1709,0.6322916999958448,0.5132535045623241
avac1239,tupi1275,-0.6804611474684457,1.1022881776123232
avat1244,atla1278,2.5267989264514297,0.6854207446431442
katb1237,aust1307,1.8547877541411943,0.3118374660647798
awac1239,barb1265,-1.0885864782350674,1.1025082663767316
awad1244,aust1307,-0.1437312843329348,0.3198685049407506
awad1243,indo1319,-3.0596471411273023,1.0411806642302517
awap1236,nucl1709,-0.2838057678303096,0.3135206705545434
awar1249,ramu1234,-0.001891223401039,1.063962382205118
awar1248,nucl1709,-0.4315255801727209,0.2971772373125212
awet1244,tupi1275,-0.4556104879503522,0.8290782435231878
awji1241,afro1255,0.4841950034301009,0.99998921426966
awtu1239,sepi1257,-0.2311318429563023,0.5397164648461761
axam1237,aust1307,1.7496558397619515,0.3046672130154606
axiy1235,sino1245,1.5188959656756251,0.5391808474609641
ayac1239,quec1387,-2.6019173847292434,1.3119266015502005
azha1235,sino1245,1.6116063077239993,0.5743334455878806
baba1264,atla1278,1.2933332984754158,0.3329136540183151
baba1266,atla1278,1.5118069805461938,0.3398315537497893
bada1257,drav1251,-3.3856967541778187,1.3134751879018185
bafa1247,atla1278,0.8309858201174274,0.4238784851016355
bafi1243,atla1278,1.5521091043916178,0.4049294142693762
bafu1246,atla1278,1.524360143327712,0.3473737486322901
baga1273,atla1278,1.8266040997568995,0.6833684257075365
baga1272,atla1278,1.7091468621393102,0.6872890967846437
bagi1246,cent2225,0.7646211995086167,0.5928530573146698
bagv1239,nakh1245,-3.414014181615366,1.038794939134683
baha1259,afro1255,0.3969957731274288,0.9653456699255556
bahi1252,sino1245,-3.203969556495125,0.5971904643411614
bahn1262,aust1305,2.443719659376232,0.6977854317288656
baik1238,aust1307,3.2239917545113093,0.6540564239094206
baim1244,sino1245,-0.5813516242831722,0.605724890737573
baka1272,atla1278,1.8739620521510976,0.5680896654204437
baka1274,cent2225,0.7642496807055374,0.5437456409645494
baki1244,aust1307,1.7272450437800602,0.3423025875212473
bala1316,aust1307,1.6156807438215377,0.5615495546441198
bala1311,aust1307,1.0832781681906685,0.5037784840739583
bala1315,aust1307,1.6768770993505069,0.6317827796115569
liki1240,atla1278,1.7479561098997896,0.4561835054999545
bamb1270,aust1307,2.0589405688226394,0.664171035821564
bamb1262,maoo1243,-2.124992038677874,1.4188581483927876
bamu1253,atla1278,1.4481947199755565,0.3639037925440731
bamw1238,atla1278,1.9466209856807792,0.4491774855535086
band1340,atla1278,2.086993495080236,0.7946670348828544
bang1363,bang1363,0.6495684718962651,1.2912650449764935
bang1369,sino1245,-1.5471261742646338,0.4833328311016958
guar1293,araw1281,-1.6437752033173263,0.8282718758348739
bani1255,araw1281,-2.873481580535275,0.8671772251909502
bann1247,aust1307,1.0826798175849297,0.4104746907431953
bant1281,sino1245,-3.1230843217939444,0.5727698136800474
bant1288,aust1307,0.7145087806267196,0.4346757491414856
bara1357,sino1245,-3.3239738567013037,0.6905622027105078
nucl1630,koia1260,-1.3316634019372051,0.7536911958065935
bare1279,afro1255,0.9165273908655632,0.5714786915533274
bara1369,aust1307,0.4284366130823827,1.085745085853544
bara1370,aust1307,1.9961738757748224,0.5679910237885335
bard1255,nyul1248,-1.5744339644357397,1.3070693563692155
bare1276,araw1281,-2.658845188028854,0.8578575502566124
barg1252,nucl1709,-0.4273174769838881,0.3115018510393068
bari1286,aust1307,1.054462385742507,0.3423108293562116
baro1253,aust1307,1.5313545396824455,0.3822715154837022
basa1282,atla1278,1.627445885881184,0.5075938866226783
bash1264,turk1311,-3.642459986408933,2.3437373835570847
basq1248,basq1248,-0.6642710538544515,1.5577019584810423
bata1293,aust1307,1.5333843235098312,0.713433034493955
bata1289,aust1307,1.5763087193338967,0.6917986888487535
bats1242,nakh1245,-3.346284505588049,1.0656212157008964
baur1253,araw1281,-1.7843492934053629,0.7993393738326051
bauz1241,geel1240,-0.4744356983480989,1.1493875398444118
bawm1236,sino1245,-1.102063549494387,0.4416122830320059
bayb1234,aust1307,0.6378257349215508,0.4735958436695977
bebe1248,atla1278,1.569532885826784,0.4651285002150764
beem1239,atla1278,1.2795244586830885,0.6841810273508799
beja1238,afro1255,-1.489738223533963,0.886251199598934
bekw1241,atla1278,1.8283205528250897,0.4082754763384368
bela1254,indo1319,-2.069384837023585,1.143399990697294
nyal1254,aust1307,0.4679194044673815,0.6004702471962675
beli1257,cent2225,0.7175038780401607,0.5530880141886816
bell1243,sali1255,0.3790081147358835,0.9689254320778072
belu1239,atla1278,1.3039595075281751,0.534889649057321
bemb1257,atla1278,-1.1237187888430646,0.6662566077023131
benc1235,gong1255,-1.908614038510412,0.6881759595347581
beng1282,atla1278,2.0126566417751617,0.6645662102545278
bent1238,dogo1299,-0.5380470345736927,0.8035725849109969
zagh1240,saha1256,-0.3461631973720016,1.184172374160514
bert1248,bert1248,-1.189523781899393,1.280418155962877
bezh1248,nakh1245,-2.1399459157582084,1.009785838667911
bhoj1244,indo1319,-3.090879930370428,0.9489950542483254
biak1248,aust1307,2.404356684225376,0.6226011731390955
biao1254,hmon1336,2.755939098305205,1.2858748713271777
biao1256,hmon1336,2.424567407342088,1.2769179698724886
biat1246,aust1307,1.7084599615738612,0.6649759454853634
bign1238,aust1307,1.8081404533633767,0.3169470022558949
biha1246,aust1307,2.5220142906549308,0.7575213586347243
bilb1241,aust1307,-0.1783383707802497,0.3156824789197734
bili1260,afro1255,-1.6231346680330905,0.8175971876435422
bilu1245,bilu1245,0.0097734364870711,1.1397635490743143
bimi1240,nucl1709,-0.0777344043183854,0.3635012523023766
bina1277,nucl1709,-0.6172005927029345,0.3887795882832945
bine1240,east2503,-0.6140001063461842,0.8465377640530369
bini1246,atla1278,2.0574796300397464,0.5738940422254899
gunw1252,gunw1250,0.9643413895484428,0.7981426895752426
birr1240,cent2225,0.443984180150103,0.6316481054621552
bisu1244,sino1245,1.3236758499925334,0.51509140694592
bitt1240,aust1305,3.669507610131684,0.6936308060957126
biwa1243,yuat1252,-1.091492648218171,1.1185863106145106
blab1237,aust1307,1.4054446367987283,0.4156054474626289
blan1242,aust1305,3.133685819218739,0.6975206695518694
bang1354,atla1278,1.5398255283655269,0.56316697021744
bodo1267,aust1305,-1.7316062495829878,0.8705308512529353
bodo1269,sino1245,-2.00103688849802,0.4527277150644839
bola1250,aust1307,1.3845868654930318,0.3703478590270048
bolg1251,atla1278,1.5474262880535945,0.6147558414929066
chim1302,quec1387,-2.524738841802925,1.24316770546285
bolo1262,atla1278,1.47697316914663,0.4703255201419383
boly1239,aust1305,3.4036921652799466,0.840335635269811
bomb1262,atla1278,1.751190335411512,0.4557592408634194
bomk1234,atla1278,2.441253017979822,0.7513589088975019
bona1250,mong1349,-2.0614118811836013,1.316444077466539
bond1247,atla1278,-0.8292796973463896,0.4735915492401048
bong1289,aust1307,1.6437362892623977,0.5146285547605207
bong1284,atla1278,1.540457543510618,0.5486565989471539
bong1285,cent2225,0.5451069905668097,0.6138377887635986
bora1263,bora1262,-2.155617339277587,1.5451586968811015
bord1248,chib1249,-2.611870617173015,1.0863913127214304
boro1277,gong1255,-2.012901556205916,0.8765906890098911
boro1282,boro1281,0.5127782155093517,1.3558812191401466
boto1242,aust1307,0.5821568390009091,0.4119730388754821
boun1243,atla1278,2.3063906241679364,0.657349701743215
boun1245,nucl1709,-0.4367298567444548,0.3164356346429864
bouy1240,taik1256,3.7725927492451934,1.1911884163499955
brah1256,drav1251,-2.443935446634144,1.8095328822100747
lave1249,aust1305,2.6407932513316235,0.6614868454963969
bret1244,indo1319,1.0111472543551174,0.9228714936316558
brib1243,chib1249,-1.8776693515726408,0.8626393858567627
bube1242,atla1278,2.104212607919665,0.5404838482884791
bubi1250,atla1278,1.3956263087803624,0.6462940296935127
budu1248,nakh1245,-3.5450946308940385,1.1951763377860436
budu1265,afro1255,1.5309220147601,0.5391331445363661
budz1238,atla1278,1.6029773427094018,0.5445410797174892
buga1247,aust1305,3.4257593318487247,0.8212712370695612
buga1250,aust1307,1.421567639579041,0.3128149835854965
bugh1239,aust1307,1.6686493429690186,0.4221789608646582
bugi1244,aust1307,2.353263648291602,0.6867800946972933
bugl1243,chib1249,-1.674485908558065,0.9619176730973136
buhu1237,aust1307,0.7672378708002221,0.4076403353807509
bujh1238,sino1245,-3.3249176429603,0.6950974752451442
buka1257,aust1307,1.827874868799091,0.678265648684083
buki1249,nucl1708,0.9133407779444268,0.6230085225775972
bull1247,atla1278,2.264305040407669,0.7578027472017794
bulo1242,aust1305,2.37783249486682,0.7133595753459931
bulu1251,atla1278,1.886314792400645,0.50476085983418
bumt1240,sino1245,-2.4497676319666137,0.5590302885758907
buna1278,timo1261,1.7986821685534626,1.0493182159535466
buna1276,aust1307,-0.6588268054709472,0.3963957463091625
gahr1239,sino1245,-3.1709763849030432,1.1685338074124698
bunu1267,aust1307,0.6990173147711418,0.3803603256467269
buol1237,aust1307,0.8593993455646014,0.5703416282724936
bura1292,afro1255,1.452664791611186,0.3991184424071581
bura1267,mani1293,-1.7534743068971494,1.1402174470680029
bure1242,afro1255,1.1764402237173244,0.4314148694838926
burj1242,afro1255,-2.173219756957012,0.6961690626463057
nucl1310,sino1245,-0.7199802658434156,0.4980215292286738
buru1303,aust1307,2.381919529945625,0.7031405062898957
buru1320,afro1255,-0.6400549621884841,0.5551347136724143
buru1296,buru1296,-3.3425273020430133,2.29788527996131
busa1253,mand1469,2.841289088532694,1.2591656167232053
bush1247,atla1278,0.8766577893018466,0.6887683368558934
buwa1243,afro1255,1.5872261613636582,0.3620052013358581
bwai1242,aust1307,-0.7146847804022691,0.3322724409437381
bwat1240,aust1307,1.47246621222606,0.5374590406774167
byan1241,sino1245,-3.0420601443611166,0.9751286207907466
caac1237,aust1307,1.5869741430902635,0.5397858014124846
cabe1245,chib1249,-1.8619699770910647,0.8685562562795148
cahu1264,utoa1244,-2.303725902241312,0.9808552094832712
cakf1236,afro1255,0.9850471873428804,0.4340387511544645
cald1236,quec1387,-2.4742844866726847,1.2001478233548513
caml1239,sino1245,-3.291374285194456,0.5883711374273961
camp1261,indo1319,0.7170354229537952,0.8608576062873872
cams1241,cams1241,-1.8984053014177693,1.5444012904579751
cane1242,nucl1710,-0.7412129202781937,1.084882929215103
caom1238,taik1256,3.3883211533232904,1.2752819258578896
capa1241,pano1259,-3.2390757524821843,1.1035230154447833
carn1240,aust1305,1.823626024293998,0.9995154533347584
caro1242,aust1307,0.8382690448184777,1.0932552043469077
cash1251,pano1259,-3.195754444124219,1.17716054331706
casi1235,aust1307,0.7118096877701485,0.3566780486791381
stan1289,indo1319,1.1520611396102638,0.9541807003476568
cavi1250,pano1259,-0.9878756166686552,0.913093558796266
cayu1262,cayu1262,0.6517100739030863,1.2430243794956608
cemu1238,aust1307,1.335143816772187,0.5139988901564463
cent2127,eski1264,-2.311618046155444,2.450495013119585
cent2142,ayma1253,-1.6541230931801194,1.3592485781163797
cent2004,sino1245,2.086568486159593,0.4394772848803439
cent2292,aust1307,0.7737260656802023,0.340722675838975
cent2084,aust1307,0.7822529253084731,0.4062090528171325
cent2314,aust1305,2.7060104513036345,0.7946695724059558
qaua1234,taik1256,2.392541745628401,1.171833796115612
cent2050,saha1256,1.429558552776077,0.9691613559958724
cent1989,aust1305,2.286416683267018,0.7381866185280188
mala1479,aust1307,1.3977778012557267,0.7204121185549783
cent2322,ural1272,-4.059112792954624,2.4207361498887643
cent1992,aust1305,2.210325935452098,0.6828543248932446
cent1990,aust1305,1.821705743267566,0.9996374491505042
cent2126,japo1237,-2.7597146388258835,1.5235585020533162
cent2140,miwo1274,-1.030772393355759,1.1352693022627252
cent2090,aust1307,-0.1118653818277586,0.516610087252964
cent2150,chib1249,-2.8374424415240576,1.1889978214399717
chac1251,pano1259,-2.344724209908572,0.9645966564902944
chad1249,afro1255,1.4130037155864927,0.6714806252409651
chak1270,sino1245,-1.185094757899661,0.5150904607185116
chak1271,atla1278,1.0096894281585915,0.5672357344387726
chal1275,afro1255,-0.1870287674257955,0.7156625548065274
cham1309,nakh1245,-3.5428096494292367,1.054121773786321
cham1318,araw1281,-2.887935422751448,0.965892842438945
cham1312,aust1307,1.3770789120576616,1.0478670661793932
chan1313,sino1245,-1.3075692791911218,0.3701893365441115
chac1249,barb1265,-1.316943306346959,1.0699121140145964
char1269,gong1255,-1.919300819757071,0.6676776801267637
chas1234,sino1245,0.5900336389763803,0.4016951874795578
chec1245,nakh1245,-3.5522809698887614,1.1685106387767372
chek1238,aust1307,1.5534824412840822,0.4278079940750849
chen1255,drav1251,-3.549035641133238,1.33145032436898
chep1245,sino1245,-3.3743495727939674,0.6703764461318467
cher1273,iroq1247,-0.8654780066855244,1.2740651359117283
chey1247,algi1248,-0.4408080738168798,0.9332919445788832
chig1238,atla1278,0.8503325194646301,0.5362387797133579
chil1280,atha1245,1.2397834074420917,1.075241134233691
chim1309,chib1249,-2.7030243133209373,1.1904840916976216
chim1312,atla1278,-0.3298739020718653,0.9043983490743313
chhi1245,sino1245,-3.204926482988638,0.5785938722483164
chip1261,atha1245,1.0249106847546257,1.4263136030254544
chip1241,algi1248,-0.0870726883949184,1.0740741372916118
choc1276,musk1252,-1.9498143050338577,1.436985186029342
chon1284,aust1305,2.6738114504630976,0.793723879208573
chot1239,sino1245,-1.5841179084630357,0.3693962846905307
chra1242,aust1305,2.306856712546254,0.7725316176441832
chuj1250,maya1287,1.3983682165269715,0.5631684431650505
chuk1273,chuk1271,-2.1407001669817287,2.6406417117667447
chuv1255,turk1311,-3.9021442667188433,2.162082012448433
chuw1238,atla1278,-0.2857809673375746,0.7302256144153452
cici1237,atla1278,1.9809706458756695,0.669198024506402
chin1286,chin1490,0.2059196971665149,1.3315895841612209
cent2087,aust1307,0.395811412925303,0.4370900872027654
sout2912,aust1307,0.3802685811138941,0.5015100479370567
coat1243,otom1299,1.4360920935628194,0.458884599389072
coca1259,tupi1275,-2.016659622217136,1.0297320739933022
coeu1236,sali1255,1.4381003634123082,1.006707093403215
cogu1240,chib1249,-2.68505741911854,1.2292642747661071
colu1241,sali1255,1.4862399385427942,0.9634199246826785
coma1245,utoa1244,-2.178058908272901,1.1620210262919557
como1259,sali1255,-0.5257999832457518,0.8930632263812988
cong1236,atla1278,-0.5494345411066166,0.6610308719538969
copa1237,otom1299,1.3037569379671414,0.4197867618659994
cors1241,indo1319,0.4649380948474078,0.7654814080231365
cosa1234,sino1245,1.5652182108802335,0.5192900351529519
cree1270,musk1252,-1.9931235099829567,1.4392584166640503
crim1257,turk1311,-3.3303774261538424,1.8634752143785045
cros1244,atla1278,1.8712842652863664,0.4386994193443549
crow1244,siou1252,0.3318630999471814,1.0696129150482223
cube1242,tuca1253,-2.472250645024001,1.300292735402873
culi1244,araw1282,-1.3159765622243924,1.2295997316309697
curr1243,araw1281,-2.743887354877761,0.8621269878391846
cusc1236,quec1387,-1.2800090840172678,1.2072992554410074
cypr1248,afro1255,0.6925301316617188,0.8755043351347673
czec1258,indo1319,-0.956289783324226,0.877770998007116
daai1236,sino1245,-0.7890371300543717,0.5015224268714884
daak1235,aust1307,1.6679101816985726,0.6012017796948252
daas1238,afro1255,-1.6724322048477729,0.6036043166371021
dadi1250,tebe1251,-1.046907404953785,1.1231060235675452
dagb1246,atla1278,2.196554923384859,0.5999590180451286
dagi1241,narr1279,0.3764877326941868,0.8087620929002464
daur1238,mong1349,-2.50745200697195,2.094080045588878
daka1243,aust1307,1.8828725118270893,0.3275461886043667
damp1237,aust1307,0.8641537750474897,0.5548643597986409
dana1252,aust1305,1.813182346293664,0.7094764723528995
dand1238,drav1251,-3.5704471890925795,1.29167221631826
dani1285,indo1319,-0.3350391996213024,0.935138525856936
dara1250,indo1319,-3.149277825689531,0.9688626806606186
darm1243,sino1245,-2.7506982173643264,0.9829751093289398
dawr1236,gong1255,-2.240757953484719,0.6655950944858948
daza1242,saha1256,-0.4765901720615079,0.97536996396855
dege1246,atla1278,2.115902513868284,0.559431264399127
dera1245,sena1264,-0.5435649611560043,1.0786341792619396
dera1248,afro1255,1.241360956843286,0.4069931717101416
desa1247,tuca1253,-2.438106776187213,1.2676042834801162
dhao1237,aust1307,2.817304950755518,0.7692907284501871
dhim1246,sino1245,-1.6740048078927756,0.5529335603128929
dhuw1249,pama1250,-2.491547579068164,1.0514749355964597
dibo1245,atla1278,1.549262402111945,0.5111358952507983
digo1243,atla1278,-0.7667532343706664,0.5335767592381373
dima1251,sino1245,-1.8573274481794724,0.3918891824770449
djee1236,mani1293,-0.5694871330011397,1.0925115612447334
dobe1238,aust1307,2.5540640432533,0.700935636516808
dobu1241,aust1307,-0.6849378154598638,0.3580087180385014
domm1246,nucl1709,1.0082143758612294,0.2945614811051
doma1260,indo1319,-3.224322735968024,1.42053414457934
dong1285,mong1349,-1.9338315483573352,1.3115429422120497
doro1266,manu1261,-0.2630720065851137,1.0762065229568578
drun1238,sino1245,-0.0729868515795451,0.4437633522218398
chug1252,sino1245,-2.0931757956702,0.4887038189584496
dumb1241,aust1307,1.3443233129643557,0.5760188060025744
dumi1241,sino1245,-3.26460459094883,0.5938018599406418
duna1248,duna1248,0.145746444926534,1.0556375765785768
dupa1235,aust1307,0.6001803883138881,0.4023755888356235
dusn1237,aust1307,2.7031957031795493,0.5762483745065015
dutc1256,indo1319,0.8833146923595236,0.8460368330882675
dzao1238,hmon1336,2.6231555551506918,1.2794621610355708
dzon1239,sino1245,-2.7202299168753483,0.5789441121597036
east2443,aust1307,1.7840459830982045,0.3664994533184722
tang1336,sino1245,-1.6007559167120124,0.3620505697484222
nucl1235,indo1319,-1.0773307063316435,0.8566678398399521
sout2896,aust1307,3.1129532621801914,0.6436258016741374
east2555,tupi1275,-0.3697800954594061,1.0294078851397308
east2332,aust1305,2.987886976301284,0.739588509820416
east2563,aust1307,2.3658096859289417,0.8043480934991951
east2690,afro1255,1.1152235395073038,0.8893689362600572
east2556,otom1299,1.2624492602859518,0.6094998183736147
east1236,aust1305,2.6364855409477013,0.6947316662510179
east2342,sino1245,1.997765459033648,0.5777054993735895
east2782,atla1278,0.9233323247167426,0.674723802803022
east2328,ural1272,-4.350401767206153,1.9698120230991916
east2333,aust1305,2.3871694780229724,0.7088690951098835
east2773,sino1245,-3.155678426308702,0.6078802775377103
panj1256,indo1319,-3.1139244533389983,1.2442655985995223
east2485,aust1307,2.0634290196372778,0.5531595540177077
fina1242,aust1307,0.6131685770663822,0.3404071099051431
east2694,aust1307,0.577085484275182,0.4093083145420588
east2447,aust1307,1.8780943530145884,1.2999937633991805
east2516,nucl1709,-0.323040326755339,0.3248499699060709
east2440,aust1307,1.8698080625837856,0.6211986516968566
huaa1248,tuuu1241,0.0831784592751851,1.428745132459798
wall1257,aust1307,1.712452897181812,1.2077474879717878
egyp1253,afro1255,0.7168515284960885,0.9311188789158223
eipo1242,nucl1709,0.4043794586716394,0.3740438552298135
ekar1243,nucl1709,0.9030769642631348,0.5268434313683232
elem1253,atla1278,1.9303413188828504,0.5108054213857116
elip1238,atla1278,1.727332956619056,0.4290001181063192
emae1237,aust1307,1.6524920407633923,0.3706754272419781
emai1241,atla1278,2.09443871158697,0.543745415361228
embe1260,choc1280,-2.461332485576968,1.3637526582843216
embe1262,choc1280,-2.4387767653587096,1.3331667928713875
stan1293,indo1319,0.9795839255778798,0.9155943169700134
enuu1235,sino1245,1.355087958132212,0.4800403331517042
epen1239,choc1280,-2.306970276294892,1.3328199984224796
ersu1241,sino1245,1.1520358084359985,0.4696300498244197
erzy1239,ural1272,-4.475765946259659,1.9351033294853592
esan1238,atla1278,2.080091782399635,0.5312856622863067
esee1248,pano1259,-2.5380352410389406,0.99495278845819
esto1258,ural1272,-3.2061162805292653,1.448542254927831
even1260,tung1282,-2.7430334256599904,2.51799486748596
even1259,tung1282,-3.17461724659862,2.567053851490664
ewee1241,atla1278,2.352962571538715,0.7125072159460797
fare1241,atla1278,0.6835543954542995,0.5909073713789441
faro1244,indo1319,-0.5999058231529389,1.2674479999986397
fasu1242,fasu1242,0.0203398118556474,1.060362854303873
fiji1243,aust1307,1.866245217278734,1.178859344253922
fili1244,aust1307,0.6656745659766248,0.4241834735202734
filo1235,toto1251,-0.5412747022931503,0.7190205581512594
finn1318,ural1272,-2.9691286234142886,1.538172148199731
fipa1238,atla1278,-0.9143996484832004,0.6169087576648034
fonn1241,atla1278,2.568864503805604,0.6766924883614522
fore1265,ural1272,-3.5916516888132466,2.44863950460974
fran1266,mixe1284,-1.4891655949714022,1.1259012539686553
stan1290,indo1319,1.2218355281666002,0.8833984181883396
fuln1247,fuln1247,-1.4099227415840616,1.9914117087207388
furr1244,fura1235,0.0538535937678346,1.27851521215924
furu1242,cent2225,1.1174790714988596,0.6357885613983045
futu1245,aust1307,1.3535403886054584,0.5326499793655306
fuyu1242,fuyu1242,-1.2984742018842497,1.1550981574227217
gaaa1245,atla1278,0.8112990625248548,0.3845486386342385
gaam1241,east2386,-0.8360395207380433,1.257614020711785
gaan1243,afro1255,1.3908721703987748,0.3936136866610682
gaga1249,turk1311,-3.4418711385797134,1.8683186972310493
gale1259,nort2923,0.4817962385950689,0.8013625807846303
gali1262,cari1283,0.1023770581684717,0.8722740959268203
gali1258,indo1319,1.1916708363993158,1.0818819524460492
galo1242,sino1245,-1.2894744683924568,0.4241791753801203
gamo1243,gong1255,-2.214892849857899,0.679241676639613
gand1255,atla1278,0.9966153798798604,0.4943197977105567
gang1267,tang1340,-2.5245783099294283,1.5842589187387888
gant1244,nucl1709,-0.290011488864158,0.2916703703150447
gapa1238,aust1307,0.5846741029401759,0.3509750600809114
boht1238,afro1255,-0.8234275254681541,0.7861402817179748
gari1256,araw1281,-0.6735387788616067,0.9360287806460316
gata1239,aust1305,-1.921414663126904,0.8543932042429585
gayo1244,aust1307,1.774190244787896,0.7725064866285694
gbay1278,atla1278,0.4716195169371213,0.5485299441360372
geba1237,sino1245,1.6503607802849574,0.5894216000557897
gebe1237,aust1307,2.034456105862203,0.6403375416766606
geda1237,aust1307,-0.1046944901720583,0.3127736005737849
gela1263,aust1307,1.6409199049377816,0.419023071378978
nucl1302,kart1248,-1.6043573473905726,1.3647822484458612
gese1240,aust1307,2.672530143437334,0.6801185797557889
ghad1239,afro1255,0.8359205319857741,1.073385745113645
ghan1242,aust1307,1.455610002864056,0.4441716093458652
ghar1239,aust1307,1.6533686784893586,0.431406639544599
gheg1238,indo1319,-1.561562675597914,0.8299907515165574
ghom1257,afro1255,1.0887231758331726,1.1098436878680582
gida1247,afro1255,1.3189471446136598,0.3901204370972504
giiw1236,afro1255,1.0842513702824323,0.4251540209752105
gilb1244,aust1307,2.2417863384871266,1.4757503589314327
gira1247,nucl1709,-0.4496219060495909,0.2806269252764188
gizr1240,east2503,-0.6768252944908162,0.8546584346116637
glav1244,afro1255,1.5527067224034368,0.370940908801491
gobu1238,atla1278,1.7434410765906865,0.5289066186493812
ghod1238,nakh1245,-3.4595711548286543,1.0729429357942983
goem1240,afro1255,1.1708823505370274,0.4495910274647654
gofa1235,gong1255,-2.223803215948539,0.6583782026608844
gogo1265,suki1244,-0.0078675066548954,1.087530369536235
gola1255,atla1278,1.341033505978506,0.8182679274042184
goli1247,nucl1709,-0.1599090060674477,0.3002717694205175
goon1238,buna1274,-1.8342132283101773,1.643931348376498
pare1266,aust1305,-1.8249919923237352,0.8237709520990308
gras1249,koia1260,-1.0874455629858746,0.7444871463121805
guah1255,guah1252,-2.202777827660004,1.71674706144208
guat1253,guat1253,1.5631037630862992,1.529244516326826
gube1234,atla1278,2.0647190939940128,0.8675776160496294
gude1246,afro1255,1.3636285450068495,0.3720382415497925
guer1243,otom1299,1.2679999783062137,0.44454511153255
guhu1244,nucl1709,-0.4085786053445779,0.374445460487713
guiq1238,sino1245,-0.4880773848754425,0.4529568370308383
gulf1241,afro1255,0.1901571533556703,0.78660681796844
guma1254,aust1307,-0.4487665163955863,0.3672744589739647
guny1241,pama1250,-3.7719464946484553,1.7271519280706884
gura1251,indo1319,-0.1883014135513698,0.8317186287908114
guru1261,sino1245,-3.2993285355687,0.6027039711203059
guru1271,afro1255,1.155283535204404,0.4277158695973297
gusi1247,atla1278,0.3498112956745121,0.4608203342595751
kwam1249,koma1264,-0.3569612819717769,0.9348209941867452
gyel1242,atla1278,1.8205086182576509,0.5575583496403
haaa1252,atla1278,-0.8380758323850424,0.6092903180861247
hadi1240,afro1255,-2.3071843184790017,0.6278240816824545
hadz1240,hadz1240,0.0461637839752586,1.1803578203764356
haka1240,sino1245,-1.5837115599767986,0.4282733771139058
hakk1236,sino1245,1.2143622706666766,0.8420959958574255
halh1238,mong1349,-2.717626127940793,1.8802295446999704
hali1244,aust1307,1.3244125244249247,0.4299425403841397
halk1245,sali1255,1.2622798555742392,0.8373879757750133
hame1242,sout2845,-2.253290233787439,1.443039779619416
hang1263,nduu1242,-0.1530525214885769,0.6952773337922222
hani1248,sino1245,1.6849402649167136,0.5376993021503194
hano1246,aust1307,1.795270589812512,0.3683197486915524
haro1237,aust1307,2.4770729600659056,0.7763964866798441
hass1238,afro1255,2.026407126464971,1.213729022029896
hata1243,hata1242,1.972731469618575,1.2779648832061752
remo1247,aust1307,0.4422325212149247,0.4004361913533878
nige1253,atla1278,1.3921838194192813,0.5046470021482534
hava1248,coch1271,-1.7700013293053964,1.408838234824172
sabu1255,aust1307,2.918396604723836,0.7848993740079466
hdii1240,afro1255,1.6468959764612825,0.366556524476803
hehe1240,atla1278,-0.8578258340467455,0.4959890183606918
heil1246,waka1280,0.3651009555083767,1.1295874878112242
here1253,atla1278,-0.4804026182384298,0.8230767468011333
hida1246,siou1252,-0.2923489573654692,1.1923791716962295
high1278,utoa1244,-1.4837549752290942,0.5369666378003419
high1243,toto1251,-1.7621476890763708,0.7428524965786121
hind1269,indo1319,-2.945323785739692,1.2534897244361067
hinu1240,nakh1245,-3.522893704098604,1.0418119039597742
hixk1239,cari1283,-0.938444150272106,0.8165191143982748
hlai1239,taik1256,3.322568959684069,1.3726897545273298
hler1235,sino1245,1.3053341165375918,0.4557472916299123
hooo1248,aust1305,-1.8871828711517955,0.7147169786293124
hoav1238,aust1307,1.5766498324986558,0.4266923236106343
ainu1240,ainu1252,-0.5134391344212514,1.7435078439871925
holo1240,atla1278,-1.639165199947226,0.6382667646483298
hone1235,atla1278,0.9519322147752132,0.4177610302226262
honi1244,sino1245,2.4473517971106844,0.4977320846603859
hopi1249,utoa1244,-1.887548810209001,0.86244876335532
hote1245,aust1307,1.442019197345106,0.3103727005514392
huuu1240,aust1305,3.407111118106052,0.6672571407419996
hual1241,quec1387,-2.790960048356656,1.2805526454713925
huam1247,jiva1245,-2.2534768664369818,1.297830008795219
huar1255,utoa1244,-2.236974298376847,0.8786389509352368
huas1242,maya1287,1.0941420207846992,0.9442995875689038
huba1236,afro1255,1.4191155196787189,0.3700106642855623
huic1243,utoa1244,-2.3363997629731177,0.8445329467249776
hula1239,aust1307,0.8793465625298234,0.389212897418103
hula1244,afro1255,0.591279113555459,0.7937682589068946
humb1243,song1307,2.121023074902457,1.1473207444131115
hung1275,aust1305,3.2732495680604226,0.7816934902589274
hung1274,ural1272,-3.85704070964206,1.661743650819112
hunz1247,nakh1245,-3.3800630990745457,1.012580083601475
hupd1244,nada1235,-2.269939697218331,1.5627989556992898
iaai1238,aust1307,1.4865236941357662,0.4988655212719481
iama1237,aust1307,0.5411135900474868,0.3536180786660141
iatm1242,nduu1242,-0.410403822173947,0.7108401056088298
ibal1244,aust1307,-0.753391952698641,0.3340063210697237
iban1264,aust1307,1.904338163156137,0.6563600510778214
iban1267,aust1307,0.8463932906059901,0.3706008464313437
ibat1238,aust1307,0.7280025520793498,0.476255909817314
ibib1240,atla1278,1.982010443233989,0.4720347518614769
icel1247,indo1319,-0.761671333264153,1.5199423213002468
idaa1241,aust1307,1.494076312658235,0.4938991752704287
idii1243,paho1240,-1.1209162325094844,1.0332181258261135
idum1241,sino1245,-0.9800497429080236,0.5159914027798544
idun1242,aust1307,-0.6832209098705402,0.3343063912841075
nucl1417,atla1278,2.040370144124946,0.5245195376975516
ikkk1242,kuli1252,-0.8505181623455264,1.0368830050710365
iliu1237,aust1307,3.1421948424023918,0.6692910489952562
ilok1237,aust1307,0.4188839159800803,0.3501763504583972
ilon1239,aust1307,0.2943463410428244,0.3335533466584421
imba1240,quec1387,-2.357042465544642,1.2353868220010806
imon1245,bord1247,-0.4655412621346397,1.0692380916434017
ingr1248,ural1272,-3.227015910678028,1.521593361811192
ingu1240,nakh1245,-3.4857730452694637,1.14629190819696
alba1269,aust1307,0.4026021506968396,0.4388804213029935
iqui1243,zapa1251,-0.4406832274791716,1.0524999541254751
iran1262,aust1307,1.649596828624387,0.5207217785960228
iraq1241,afro1255,-0.499064085137858,0.5370789378521259
irar1238,aust1307,2.7426593854463643,0.5887495137559013
iray1237,aust1307,0.8613666205638004,0.4634161946184858
iris1253,indo1319,0.0688669975415897,1.0285634539162969
irul1243,drav1251,-3.345033775249624,1.3844334710856798
kris1246,skoo1245,0.3998980569585273,1.0941905865379518
isco1239,pano1259,-3.224230099751953,1.1170981711584989
isin1239,aust1307,0.7321323808124824,0.3251276300355141
isir1237,kwer1242,-0.794280371085274,1.011061829645985
isna1241,aust1307,1.0527004321588098,0.4104391612491551
isth1240,utoa1244,-1.3203513802233382,0.6007265295285653
isth1242,utoa1244,-0.1330285232102512,0.6022871705569246
ital1282,indo1319,0.1973756462601944,0.755702171576413
iton1250,iton1250,-0.1301460423026119,1.217239626745001
itza1241,maya1287,1.0116699390183648,0.6972467795132045
iumi1238,hmon1336,3.3722159590384058,1.3142990937020165
iwal1237,aust1307,1.4215304806775615,0.3162084683629422
iwam1256,sepi1257,-0.242159178322773,0.5351927736123625
iyoo1238,nucl1709,-0.2959125498208619,0.2932574707252278
jahh1242,aust1305,1.3302820667817574,0.6352941907154155
jalk1242,mand1469,1.926498957850058,1.0081471066158345
jamb1236,aust1307,1.213983259233349,0.8323154752087367
djam1255,mirn1241,-1.696901120725627,1.2607592601510025
jams1239,dogo1299,-0.348087432170777,0.7667464318748141
nucl1643,japo1237,-2.3302526687690754,1.9414459398733928
japh1234,sino1245,-0.6778079888837807,0.4849088813991189
jaqa1244,ayma1253,-2.321398238814334,1.567622715902472
jara1266,aust1307,2.789619187000813,0.7455079038089831
java1254,aust1307,1.204245305789984,0.8392966666413382
jede1239,aust1305,1.2070262042015842,0.6313374420133231
jehh1245,aust1305,1.4184901925084668,0.6600268647556717
jeha1242,aust1305,1.415940166811571,0.6489166767983248
jenn1240,drav1251,-3.554309553293171,1.3180953746515631
jeru1240,sino1245,-3.260659155605385,0.6012250009467981
jina1244,afro1255,1.604565536710793,0.4297743681283541
jjuu1238,atla1278,1.6359571863047968,0.510039773493173
juan1238,aust1305,-1.8488390392368823,0.7435668939703839
juku1254,atla1278,1.0165786617129051,0.3526649188130526
jurm1239,cent2225,0.739172841590923,0.5438567165038499
kaba1281,cent2225,0.1869584226746121,0.5824264532238712
kaba1278,abkh1242,-2.776566888963592,1.7437876814821558
kach1284,gong1255,-2.356582931116177,0.7246858299611345
cent2100,aust1307,0.6157311085811106,0.4351414812597323
kado1242,sino1245,1.4584479771154697,0.4889908544377297
kafa1242,gong1255,-0.8399485819577126,0.6696725222836846
kaga1256,aust1307,1.1891726347522302,0.5075760571440102
kagu1239,atla1278,-0.3393976424817553,0.4731546748448352
kaik1246,sino1245,-3.2107904050057083,0.8149148402319488
kair1263,aust1307,1.7218585886822042,0.4148740034907057
kaki1249,kaki1249,-0.99953244033133,1.1305260466754006
cacu1241,kaku1242,-2.267482836919575,1.563148907098058
kala1399,eski1264,-2.078949290005481,2.513964126208477
kala1388,aust1307,0.8551088855287965,0.434189634795334
kala1377,pama1250,-2.996296932161487,1.112645182370494
kala1384,atla1278,-0.1106726237093111,0.6636426193999845
kalu1248,bosa1245,-0.2227303590280338,0.9025528429563644
kamm1249,atla1278,1.3235390035087085,0.3787177446797414
kama1367,nucl1708,-0.1202809914659128,0.6446640928637484
kamb1316,afro1255,-2.4417911124259595,0.6185855091675543
kamb1297,atla1278,-0.5054938874929162,0.5081129558023405
kamb1299,aust1307,2.7341807212207367,0.8055774161194256
kamo1255,nucl1709,0.9652578397266494,0.5470942515797499
kamu1260,kamu1264,-0.8687261831341393,1.1254365508010462
kana1286,aust1307,0.7135883116510526,0.3831487488600031
kani1286,nucl1709,-0.2956437137636065,0.2989295581351805
kank1243,aust1307,0.5322187079281118,0.3302560701698263
nucl1305,drav1251,-3.651858848612133,1.3603476709327986
bidy1244,atla1278,1.971810769515784,0.8091695504555063
kaon1241,atla1278,-0.997485759743468,0.6756660635484941
kapi1249,aust1307,1.6469995531452566,0.7976984369346636
kaqc1270,maya1287,1.7098709430116683,0.6630441150283786
kara1482,cent2225,0.5903076571419945,0.6892842399524501
kara1500,nucl1710,-0.2735962369555715,0.8282940689792708
kara1487,aust1307,-0.7123636543433991,0.319102711821384
kara1486,aust1307,1.5439804315130563,0.419480454147819
kare1338,atla1278,1.1028917205758455,0.4645165801231603
kare1335,ural1272,-3.1250017619086963,1.6746146199922682
kari1311,tupi1275,-1.2049789662901016,0.9512005866271562
kark1258,pauw1244,-0.5984224101859923,1.080467812180554
karn1252,aust1307,1.2001922274295729,0.3210581674785797
karo1304,karo1304,-1.485039222235209,1.6179919954214856
kash1277,indo1319,-3.216610552333454,1.3353624449720876
newa1246,sino1245,-3.3149914428078437,0.6476634987191301
kats1235,sino1245,1.3133413706275432,0.480446228262724
kava1241,aust1307,0.3553908805601384,0.5057628954254025
kaya1315,sino1245,1.697553552524062,0.5698350653535695
kaya1319,tang1340,-2.552336651299598,1.5658539691496998
keap1239,aust1307,-0.3689131731160722,0.394643888720608
keda1252,aust1307,3.150661369112327,0.6333997077521833
kera1248,atla1278,2.07499818034104,0.8096176286187942
keig1242,kadu1256,-0.6050549666478078,1.0011164446006648
kele1255,atla1278,1.278705044278079,0.5611866045080061
kele1258,aust1307,1.6555646345784305,0.4877451713414822
keng1240,cent2225,0.198118840907095,0.6492437407676488
kenu1236,nubi1251,-1.4376225260639768,1.7218621218997343
keoo1238,aust1307,2.83738404588141,0.7246096267099036
kera1255,afro1255,1.1490054095441145,0.4287411337515694
keri1250,aust1307,0.7938170261261561,0.7798846672944166
kesa1244,nucl1709,-0.4296697880068036,0.2842962215411231
kett1243,yeni1252,-1.8285621019755147,2.349822201300826
kgal1244,atla1278,-0.339009909541099,0.7786065180001693
khak1248,turk1311,-2.739573610627663,2.1898003514269377
khal1275,sino1245,-3.2003861370541635,0.5842081234331817
kham1282,sino1245,-2.308091852709949,0.8863365254161031
khan1278,atla1278,1.9010126290744975,0.5026523856693155
khan1274,aust1305,3.4633722549149297,0.7674012116832016
khar1288,sino1245,-1.7404585238810997,0.3585441677387888
khar1287,aust1305,-0.6450805629198768,0.7106562050458272
khas1269,aust1305,0.1752652933921561,0.5604262657449621
khez1235,sino1245,-1.7552449457704142,0.3472144328680215
khin1240,nakh1245,-3.4254579044137508,1.1632602749485417
khmu1256,aust1305,3.39166210640078,0.7227500938319338
guan1266,sino1245,-0.7471704249789625,0.4555102694051052
khum1248,sino1245,-1.5536753069537084,0.4230489368840442
khva1239,nakh1245,-3.515037996268122,1.027186286578177
kich1262,maya1287,1.702544425314697,0.652864577019356
kiku1240,atla1278,-0.2804775608730083,0.4881561273942298
kile1243,tung1282,-2.6728894556195124,1.7285503638544673
kili1267,aust1307,0.9004876883882382,0.4088177197762626
kima1246,kolo1268,1.12339230420742,0.9638917231582615
kima1244,aust1307,0.2660762032877413,0.4418307304020881
kimm1245,hmon1336,3.4618741117557263,1.3266005081902632
kina1250,aust1307,0.9154789246157922,0.4563941512280487
kinn1249,sino1245,-3.297092452524568,1.1294937589904168
kiow1266,kiow1265,-1.7632735006951434,1.763345827686091
kips1239,nilo1247,-0.7406763978901161,0.6754199219165313
kelo1247,timo1261,1.83063867568524,0.9941068865108078
miju1243,sino1245,-0.4118538656072441,0.4519789217901442
kobo1249,nucl1709,-0.2733889757175645,0.3048456657796023
koda1255,drav1251,-3.6114700734384826,1.3520616291271148
koho1244,aust1305,2.3241746934395984,0.7322100495170072
koir1240,sino1245,-1.6885000974118527,0.349139501908899
koit1244,koia1260,-1.1075840227351357,0.7329874579475866
koka1244,pama1250,-3.7631410854286775,1.8720067665196083
koko1269,aust1307,1.3518155036335917,0.4158777207542989
kola1285,aust1307,2.6506879438300848,0.6678915164772108
kolb1240,atla1278,0.783754356889284,0.4087194022276676
kolc1235,atla1278,1.6974871329199075,0.4868215808614708
kolp1236,kolp1236,0.9727603552273638,1.1628308011558
kolu1245,aust1307,-0.6629495441996962,0.3499514149282139
komb1274,nucl1709,0.6616051526596678,0.4133474848120251
komc1235,atla1278,1.4114043337866768,0.3307680908758228
komi1270,sino1245,-1.5469881257177345,0.3651828446513603
komi1269,ural1272,-4.137228682750797,2.205672793254572
komi1268,ural1272,-4.072641359814512,2.3327047255314315
kona1242,east2433,-0.9693558683405858,1.1260772756168098
konk1267,indo1319,-2.892057435848284,1.4298240602420431
kony1248,sino1245,-1.2598472131066556,0.3750253915206443
koon1245,atla1278,1.7043912338675236,0.5353863819180837
koor1239,gong1255,-2.2143672549710574,0.7426688223796041
kora1294,nucl1709,-0.5791437240853816,0.4427027096040108
kore1280,kore1284,-1.924848139168988,2.0754728953378554
kork1243,aust1305,-2.330587643788572,1.151288261594022
koro1298,atla1278,1.7636649572039598,0.6557137580158909
koro1313,sout2948,-1.62793420394726,1.0238986964552073
koro1312,nucl1709,0.6659708050955606,0.394762540169332
korr1238,drav1251,-3.6014399072552683,1.3939773392352035
kosa1249,nucl1709,0.3656282717332146,0.3823807227017037
kosr1238,aust1307,2.1285552653483717,1.1439902734275718
kota1263,drav1251,-3.539587312768672,1.3094280186795002
koti1238,atla1278,-0.5328817308760248,0.7229755140686578
guan1269,tuca1253,-2.480426451484086,1.2962018950395056
kova1243,nucl1709,-0.4616423182361233,0.3755802677009687
kove1237,aust1307,1.308164437487805,0.3578176541731186
koya1251,drav1251,-3.520207504900936,1.3020186866345274
koyr1242,song1307,2.067561484190972,1.3089609449700617
koyr1240,song1307,2.2569896057626018,1.2495461652354818
koys1242,afro1255,0.2736190884975136,0.7008326595652652
kren1239,nucl1710,-1.1404087531803957,1.1961734196154068
gbay1288,kres1240,1.4676675287014298,1.1878631619505589
ngeq1245,aust1305,2.491766977948255,0.6728333790450955
kron1241,kadu1256,-0.6174089067050147,0.9710504352519074
kryt1240,nakh1245,-3.5357371366130894,1.1777340415711457
puoc1238,aust1305,3.493041475421312,0.7853847908571039
kuan1248,aust1307,1.5138542726845083,0.3517120257259543
kuii1252,drav1251,-3.370242774392437,1.2727288128079517
kuik1246,cari1283,-0.5389015292350745,0.9629287384711138
kuku1280,pama1250,-2.0718559493598123,1.1018785585520514
kuku1273,pama1250,-3.464783809175373,1.2855342600737298
kulo1237,aust1307,0.7038525185038051,0.4121296030585291
fait1240,nucl1709,-0.3259555108406637,0.2786601872530738
kulu1253,sino1245,-3.057508067510663,0.5696358524084322
kuma1280,nucl1709,-0.3807894232199291,0.2880219200157161
kumb1268,pama1250,-3.4887716492805936,1.9075726377962567
kumz1235,indo1319,-0.1198251752203892,1.152652566802741
kuna1268,kuna1268,-2.1766758242469844,1.6178486321881205
kunb1251,gunw1250,1.0961467413456525,0.8069587815708705
kuni1267,kuni1270,-1.3301253856956603,1.010519889202873
kunj1245,pama1250,-3.479688309670124,1.274452564632715
kuot1243,kuot1243,-0.0053837666291429,1.123379189582542
kurr1243,pama1250,-3.212238427838276,1.6541840623069295
kurt1248,sino1245,-2.412859584871344,0.5407731490834427
kusa1251,aust1307,1.5641525928462936,0.4271404116506327
kusu1250,kusu1250,-3.1568627971816903,1.8661858977294183
kute1249,kute1249,1.7474030109316356,1.602883060945148
kute1248,atla1278,1.3448597498772354,0.3609674090651409
kuyy1240,aust1305,2.756108208351579,0.7161088329480529
kwai1243,aust1307,1.6141549099089822,0.4347627536121377
kwam1252,aust1307,1.1985978571478495,0.4549313822672682
kwar1239,aust1307,1.743476584154014,0.4296936883211075
kwaz1243,kwaz1243,-1.387093554689164,1.421768035137679
kweg1241,surm1244,-0.9576929294421564,0.8922220314510123
nucl1595,kwer1242,-0.8120269401016975,0.9998095618366114
kwin1241,worr1236,0.2051096846360389,0.9437273642595132
kwom1262,sepi1257,-0.3498428584545585,0.5308404841795804
nucl1593,kwom1263,-0.6722644436771965,1.0866480044651756
kxoe1243,khoe1240,-0.1951544868591439,1.193919236586138
kyer1238,sino1245,-3.3526669814910104,0.6709067745742994
cori1240,atla1278,1.5488467666641454,0.499801165939584
laal1242,laal1242,1.2338211216239905,1.3090301347635245
labe1239,aust1307,1.5785687300359543,0.3838121477496417
labu1248,aust1307,1.439275250970778,0.3040950245011413
labu1249,aust1307,1.4451448914651035,0.470616255230492
lach1248,taik1256,3.947795813820921,1.195475650132784
lagw1237,afro1255,1.6952684354951717,0.4375331721189766
zaye1235,sino1245,1.4655385800739955,0.5413448149076849
lahu1253,sino1245,1.3340004231777225,0.4927220582480611
laiy1246,aust1307,2.725651168791968,0.697530829698477
lakk1252,nakh1245,-3.507701581661602,1.082185895024888
lala1268,aust1307,-0.1327421948009588,0.3621051352184499
lama1277,aust1307,2.9595332227913937,0.6591657683162708
lama1288,afro1255,1.6565781771753698,0.3721227501527591
lamb1273,aust1307,2.581988789802626,0.8372449952261314
lamb1272,atla1278,-2.029415504790353,0.5839803353654291
lame1260,aust1307,1.7924215023421952,0.3437277035830295
hela1238,sino1245,-3.319946416591434,0.6468965463210989
lamk1238,sino1245,-1.5203986696140022,0.3793160984727772
lamo1244,aust1307,1.278786865842007,0.3525351340592109
land1256,atla1278,0.5605339342629851,0.6678021653936392
lang1324,nilo1247,0.1006473237964816,0.6873563398227476
laoo1244,taik1256,3.7262264210171656,1.2557753543395416
lara1258,lara1258,-0.0564857884419049,1.17035955941247
lard1243,tang1340,-2.5854095475349608,1.5466047909107663
lash1243,sino1245,0.5967351735497237,0.4105493058031397
teke1275,atla1278,1.5666978686894708,0.6332825291557542
latv1249,indo1319,-2.080411447211394,1.142096353390218
lauu1247,aust1307,1.8344081912405945,0.4402585281329902
lave1248,aust1305,2.6907017390933747,0.6721186284672811
lavu1241,lavu1241,-0.721882096031798,1.1766776264613878
lazz1240,kart1248,-1.5864284947025105,1.4255988207283363
lega1249,atla1278,-0.0006435989880013,0.6275852771113102
lele1276,afro1255,1.1217884644868594,0.4835748182195205
lele1267,aust1307,1.131931220136425,0.3731550512821289
lele1270,aust1307,1.6290201357665406,0.4861502161662194
lemb1266,nucl1709,-0.4118958446018368,0.3316007469528808
leme1238,aust1307,1.814776641508866,0.4716415575311963
bela1260,aust1307,2.0510319705545577,0.5303452097669901
lena1238,aust1307,1.370985724356054,0.4395275601806414
lend1245,cent2225,-0.8444465265311727,0.5030429177306126
leng1259,aust1307,1.6474698798739078,0.4332931592152049
lepc1244,sino1245,-2.934209029820829,0.5788065414800689
lese1243,cent2225,0.4148417116123811,0.5266854116330117
leti1246,aust1307,3.0393511784887384,0.7181688895768401
lewo1242,aust1307,1.7445330381462063,0.3585007787111829
lewo1244,aust1307,2.9988732757458614,0.6552559308186376
lezg1247,nakh1245,-3.5071081091771643,1.143447483325088
lian1251,sino1245,-1.7986357700060511,0.3711927601297149
libi1244,atla1278,1.7506244051459654,0.4416993289784683
liby1240,afro1255,0.9488031019022204,0.9690262682786344
lihi1237,aust1307,1.3377331888805917,0.4271741641311766
liji1238,atla1278,1.5475780582251826,0.4503533998637579
lika1243,atla1278,1.1552463869835037,0.5395930321775411
lill1248,sali1255,1.3542865055126108,0.9241579046176208
limb1266,sino1245,-3.08087870536787,0.5811743123012616
nucl1327,limi1242,-1.2137447055680552,1.2692760221824215
lipo1242,sino1245,1.4284448452171326,0.4261787246257151
lisu1250,sino1245,0.4321187292934991,0.4053732816140947
lith1251,indo1319,-1.875426472796193,1.09361891687783
lito1235,atla1278,1.8281227092710248,0.4609257201108709
livv1243,ural1272,-3.202627969944916,1.521401710037923
loba1239,atla1278,1.7477203079005734,0.4564587386939474
logo1259,cent2225,-0.4718611468369276,0.4914529531453686
balo1261,atla1278,1.4853718729080347,0.4673556729167867
loka1252,atla1278,0.7581908239484836,0.4382650940639063
araw1276,araw1281,-0.8053174621738567,0.9767583521606044
lolo1259,sino1245,1.3782306467359002,0.4284265692687063
loma1260,mand1469,3.1250442339250477,1.1104246711446404
lomb1257,indo1319,0.8134527819262292,0.7319795065131869
chiq1248,chiq1253,1.1102902114871174,1.402287817844038
acha1249,sino1245,0.3152065656781921,0.423434850310358
long1395,aust1307,1.594877047864937,0.4458683862803907
loni1238,aust1307,1.6467019262699412,0.4916385086059645
lote1237,aust1307,1.4109572485371495,0.3806602862468291
loth1237,sino1245,-1.695354100235619,0.3664174209180175
lotu1250,aust1307,1.9924685141470564,0.465719489179405
louu1245,aust1307,1.654430699494094,0.4660418830517296
vano1237,aust1307,2.112990420799985,0.5888694799183316
lowl1260,tequ1244,0.9482277632960464,1.2922121435231326
lowl1265,utoa1244,-2.329152336850989,0.8962996395702252
lozi1239,atla1278,-1.3276174087716783,0.6815330813584248
luan1263,aust1307,2.9394177878483445,0.728320332854488
onto1237,aust1307,1.688923354541349,0.642072790955531
lubu1243,aust1307,0.7833018094041226,0.3549671380292318
luch1239,atla1278,-1.8309744539042263,0.7452882296994892
ludi1246,ural1272,-3.1445869813588425,1.6986893075625522
lugb1240,cent2225,-0.7141019022002427,0.5005945614274472
lugu1238,atla1278,-0.5310122719024941,0.4954980549134915
lule1254,ural1272,-2.5288755552688134,1.5092681247513489
lumb1249,atla1278,1.3246245007666155,0.7837647624553195
lumu1239,narr1279,0.2492772348346613,0.827826758605045
lund1266,atla1278,-0.7820499389434572,0.7162549574955257
lund1271,aust1307,1.8809738740634012,0.5218903269081996
luok1236,nilo1247,-0.6192083420433204,0.6799476934070698
luse1252,atla1278,1.6016497250868074,0.5150198794644125
lusi1240,aust1307,1.2733038304756932,0.3395738927105136
luya1241,atla1278,-0.6134033678354769,0.7072248082707309
maan1238,aust1307,1.9702547190178497,0.7861476371533827
maas1239,atla1278,2.1768037513739644,0.5800309470361533
maba1270,atla1278,1.6264481914978843,0.4865563780232791
maba1277,maba1274,0.4999640082749437,1.1144501728577647
mace1250,indo1319,-1.5383430984566784,0.8293535552212901
mach1267,araw1281,-2.7225794991931607,0.9270780632080448
maco1239,sali1297,-2.0181963809174768,1.6248867520619783
macu1260,tuca1253,-2.4799610111878656,1.3210628468008516
mada1285,aust1307,1.5073398301932566,0.3846812909829005
madi1260,cent2225,-0.857132335888343,0.5641165818041807
jama1261,araw1282,-0.7226127658504518,1.2104276449786535
madn1237,east2374,-1.209223571604848,1.2629041477700809
nucl1460,aust1307,1.760023884528357,0.8523175159903893
mafe1237,aust1307,1.7576244010408744,0.3483399900532431
maga1260,indo1319,-2.847181219312147,0.9549152258732208
magd1235,otom1299,1.1834193528860306,0.3937730024710233
magu1243,aust1307,1.0349897663659369,0.3931020358080932
mail1248,mail1249,-0.5021029502648269,1.1282755509308182
nucl1594,mair1253,1.0113103663596248,1.2617347714579823
mais1250,aust1307,-0.414848126089153,0.3569169682963862
mait1250,indo1319,-3.066133883243836,0.9221439954414374
maja1242,surm1244,-2.2319640042260445,0.9445242227395464
maka1304,atla1278,1.618825994980665,0.4778440134826378
makc1235,taik1256,3.4741204107359547,1.2137286465502202
makh1264,atla1278,-0.848011036394765,0.65192482251808
makh1266,atla1278,-0.8197749180786875,0.6428063815238967
mako1251,atla1278,-0.9441194821873352,0.6546505996677006
mala1463,drav1251,-3.35717096689677,1.5216190497851372
mala1534,aust1307,0.9253301365201324,0.3744599233227137
mala1464,drav1251,-3.4147747271806943,1.452693598379978
mala1522,chib1249,-2.6933655986397493,1.2275016147095172
male1284,gong1255,-2.1422101100279414,0.6909547893431864
male1297,chib1249,-1.7644790163156807,0.915171155040353
male1289,aust1307,1.2154446954300158,0.3418841276084556
malg1251,afro1255,1.7018568060207986,0.4299621378734435
mali1284,bain1263,0.4895281564274869,0.9409888257263508
mali1285,otom1299,1.0757328008261535,0.4694311683518841
malt1254,afro1255,0.208673224291307,0.9665347602744384
malu1245,aust1307,1.772956284169686,0.3260391758235625
mamm1241,maya1287,1.6627991017037105,0.6199510807853832
sauk1252,nucl1709,-0.2597862306261114,0.3081651427438827
mama1275,aust1307,1.0268888740276096,0.4978914503219793
mamb1306,aust1307,2.016465030660986,0.6513130776786067
mamb1294,atla1278,1.0412635068936702,0.3969409558890211
mamv1243,cent2225,-0.5414518260715514,0.4987513621936994
mana1295,aust1307,0.2757305384348916,0.3592455250540793
mana1298,nduu1242,-0.3112366086155849,0.7005996202104989
mana1288,sino1245,-3.248922517255085,0.7544453042556127
payn1244,nucl1709,-0.4267143876356858,0.2932226349155673
mand1440,aust1307,1.481210989897254,0.434767983167724
mand1415,sino1245,0.3534487296965916,1.202007524896616
mand1436,mand1469,2.844715106565735,1.22570686904895
mang1378,aust1305,3.3528632573314407,0.6989908710109001
rapa1245,aust1307,2.02315817416312,1.8042523220962357
mang1401,aust1307,1.9398559753733349,1.818220328977405
mang1381,mang1423,-2.388650292811171,1.2704109780098425
mang1394,cent2225,0.2895162871659119,0.5269807860070741
mang1404,aust1307,1.4750322817990809,0.3038084092774795
mang1405,aust1307,2.760621523843673,0.7482964842300559
mang1403,aust1307,1.3384324215875416,0.3658877654075563
tong1308,aust1305,1.8209195671000653,0.7473725129610611
manm1238,aust1305,3.3645727231145246,0.6787840821807634
mann1248,mand1469,1.990634942628661,1.1294038619461615
mans1260,hata1242,2.1573427506778016,1.2869479023908306
manu1258,aust1307,2.396192775865619,0.6550142279528521
maon1241,taik1256,3.505036361768907,1.2246787826121306
maor1246,aust1307,1.4665941458241245,1.710818624297524
mapo1242,aust1307,0.2427286104036565,0.2991854541362944
mapu1245,arau1255,-0.2156411622777439,1.7046175166532236
mara1382,sino1245,-1.0974215112324928,0.4496779914623383
mara1399,aust1307,1.8216439807330995,0.3114827538736815
mara1379,sino1245,-1.7924771966786106,0.3493796830379212
mara1404,aust1307,1.034376213789354,0.3899530286478043
mara1386,west2434,-0.8084514970817611,0.9980112063097484
mara1378,indo1319,-2.966353144357818,1.325856002371315
marg1253,pama1250,-3.788950630898444,1.7099709493961734
marg1265,afro1255,1.405582907245842,0.3846051763621658
mari1414,drav1251,-3.680446314316894,1.365536069794106
mari1440,coch1271,-1.6900872237257143,1.372362136277157
mari1428,aust1307,-0.179636986353878,0.317623085894557
nucl1622,anim1240,1.3343990415621898,1.279693806643743
mari1416,sino1245,-1.594262727153449,0.3787815774899865
moro1289,moro1289,-0.7170793154345778,1.1839775240302752
maro1244,aust1307,1.5730221602792958,0.4323552172198712
mara1385,mang1423,-0.9531635906867768,1.242001594825176
mars1254,aust1307,2.1120347354264792,1.47065895059544
mart1255,pama1250,-3.062912452270255,1.6651067938272024
maru1249,sino1245,1.0831325993956806,0.4404262374335865
maru1252,pano1259,-3.1936563431838945,1.0991036317595206
masa1322,afro1255,1.2505259634050578,0.4482592174893591
masb1238,aust1307,0.5869488479890157,0.4357760037162905
mask1242,aust1307,1.765236850241833,0.3146770690102367
matb1237,aust1307,2.0891463771196914,0.6306918811618996
kemb1249,aust1307,1.6763571425544053,0.68696245782716
mati1250,aust1307,-0.5327184577425059,0.40571463649185
mato1252,aust1307,1.1386558683756622,0.3144688851393709
mats1244,pano1259,-3.192849731840789,1.113624519494755
matu1261,aust1307,-0.1269028835274386,0.3227759798748093
matu1259,atla1278,-0.9945716056452174,0.5927885557538253
mauw1238,nucl1709,-0.162945670338191,0.3278870394176629
maun1240,iwai1246,0.6713493542103856,1.2308958779167614
maxa1247,nucl1710,-1.187065491219393,1.1766755903856616
maya1285,misu1242,-0.1038693878437042,0.9147826545100156
maib1239,mayb1237,0.8959020487478382,1.243611412163411
mayo1264,utoa1244,-1.192941651318898,0.89564632351098
mayo1261,atla1278,1.3924558106118965,0.5566240070876649
mbaa1245,atla1278,-0.0247197510322982,0.5492959912428201
mban1263,atla1278,1.7690206789926897,0.4977611834450957
mbay1241,cent2225,0.0069557143388361,0.5622962197462149
mboc1235,atla1278,1.841721188765317,0.3919147595020456
mbol1247,atla1278,1.2312135891386151,0.59097226328119
mbug1242,atla1278,-0.0882268616203674,0.4483395221365756
mbul1263,aust1307,1.2430987755537688,0.3378612319503351
mbya1239,tupi1275,0.2924349015938206,1.145967722412927
meen1242,surm1244,-2.222333839202539,0.8911089694762602
meke1243,aust1307,-0.0115218587340324,0.3321155617590654
mele1250,aust1307,1.474138818654737,0.3880473164354558
melo1242,gong1255,-2.186901163032433,0.6651242177320209
melp1238,nucl1709,-0.572868054895846,0.2976767429163658
mend1268,sepi1257,0.0169920380117905,0.5421891518950082
mend1266,mand1469,3.081401169377706,1.1493382644125163
meng1267,aust1307,1.40528530586246,0.3768625950413713
meny1245,anga1289,-1.547985181765775,0.8879333425736351
mera1242,aust1307,1.3155380755656296,0.3594910895064123
mere1242,aust1307,1.756121692121585,0.3717124115440753
meri1244,east2503,-0.7446551798509544,0.902457860455895
meru1245,atla1278,-0.2730699742062135,0.5382546430818178
meta1238,atla1278,1.5948029852411525,0.3622915805780975
meya1236,east1459,2.1284995586306623,1.3096983743617563
mezo1235,otom1299,1.3233280242174044,0.4490700760563997
mezq1235,otom1299,1.200309193363479,0.6063022243119249
mian1256,nucl1709,0.2870535926575448,0.3645188290205841
mich1245,utoa1244,-2.0973303949839206,0.9115498096308444
midd1357,pama1250,-3.4620171299942024,1.8826119811664837
midd1327,aust1307,1.3869035169965425,0.3238991006697511
mids1243,atla1278,1.5834619505569874,0.5739533250375568
mika1239,musk1252,-1.929779835572291,1.5406266554394343
mikm1235,algi1248,-0.2281069476699382,1.3961786600262056
mila1245,sino1245,-1.2410324112528917,0.4515747524417568
mina1276,afro1255,1.507218021789504,0.3606203947336497
mina1268,aust1307,1.3283498527522288,0.7629302441342727
mini1256,huit1251,-2.223454024575896,1.385996161221707
mini1251,aust1307,1.5412193561661918,0.3655477852097624
minn1241,sino1245,0.6287262896329606,0.7684826071438589
miri1266,jarr1235,-1.6084351781550708,1.468714748768584
misk1235,misu1242,-0.4556087867139164,1.0021387674580875
mixt1426,otom1299,1.560133021270634,0.4842585679316999
miya1266,afro1255,1.3890665138003844,0.489942006584247
miya1259,japo1237,-2.627220286377249,1.395266674069438
lush1249,sino1245,-1.5038958201861246,0.457478295743813
mlab1235,aust1305,3.1605744403324723,0.7511662614846686
moch1257,maya1287,1.5842320182404634,0.6075418759643609
moco1246,guai1249,0.953557715459842,1.400422330310783
mode1248,indo1319,-1.1458348078713674,0.9490094735573428
hebr1245,afro1255,1.13513617342928,0.8363881558894599
moii1235,west1493,0.7752451980715858,1.2522319530206567
moke1242,aust1307,2.382116158640536,0.9193007880610472
moki1238,aust1307,2.006911785003277,1.0374620813918138
mokl1243,aust1307,2.144402660037205,0.8615254924628015
mokp1239,atla1278,2.045584145823571,0.4564092099615431
moks1248,ural1272,-4.498197153957802,1.9461536629402203
fass1245,baib1250,-0.7167607618651448,1.102564833634446
mong1338,atla1278,1.455919534133207,0.6026336346855379
mono1273,aust1307,0.964234732478488,0.4305575605522684
mono1270,atla1278,1.75675826982404,0.5061049801778648
mono1275,utoa1244,-2.338028991952859,0.9043510117992845
mont1268,algi1248,-0.7037045651175087,1.3393057217942483
nucl1458,monu1249,-0.9740693159810032,1.1204509996060574
monz1249,atla1278,1.920061284387892,0.4755977886242797
more1259,utoa1244,-1.5159660127022443,0.5472519860131095
mori1269,aust1307,1.962862661960602,0.5865660086590023
mori1268,aust1307,1.8895380195623968,0.591467529843912
morm1235,aust1307,2.347546014401684,0.5435532491059152
moro1287,aust1307,2.4324475872531828,0.6506295253257628
mort1237,aust1307,1.57908988697967,0.9035931761072576
mose1249,mose1249,-1.4215734804677416,1.4264468578366465
temb1272,atla1278,1.7908069630083825,0.4826813784532402
motu1246,aust1307,-0.073841479853669,0.3728279726862831
mouk1239,aust1307,1.2683305524655986,0.3478375394523141
moun1252,koia1260,-1.1483374983297276,0.7437706541867484
movi1243,movi1243,-0.1351685570349716,1.2144352440171091
tang1347,aust1307,1.7616152416391044,0.3535783705823152
mpad1242,afro1255,1.6524381817359426,0.5014957208774891
mpii1239,sino1245,0.7928012875803265,0.642870543977748
mpot1240,atla1278,-1.2840846677486502,0.5906801929004288
mpur1239,mpur1239,1.8805891148477751,1.4017121189430188
mual1241,aust1307,1.6301039392112524,0.684214257908637
mudu1242,aust1307,1.415807878547649,0.3776272870077286
mudu1239,drav1251,-3.5299797919466687,1.330031918876506
mull1237,nort1547,-1.3218439470279524,1.2743347765647437
nucl1240,atla1278,1.0929097034992947,0.3987476034650954
muna1247,aust1307,2.3642036772320623,0.6349749746936153
munc1235,sino1245,-0.3703391202107489,0.5364521704720051
mund1328,atla1278,1.4786739032748966,0.3339926219820057
mund1325,atla1278,1.016646486655765,0.4096451719093172
mund1320,aust1305,-1.4016785036549586,0.6984809377986645
mund1330,tupi1275,-1.2577622651755902,0.9990225288634348
abar1238,atla1278,1.5000135579027611,0.3344089034480046
murl1244,surm1244,-0.7761620760571469,0.8515959251240028
murr1258,sout2772,0.5533922352126706,1.2230718831461136
muru1274,huit1251,-2.1525632768046683,1.3905137737665565
muru1266,pama1250,-3.5494983674836664,1.7722240483433476
musg1254,afro1255,1.5754696521726916,0.427910813491597
muso1238,aust1307,1.4036677789974463,0.3030182265683669
muss1246,aust1307,1.683559372718921,0.5667711458071967
muth1236,drav1251,-3.4622488423555784,1.3869926008743172
mwag1236,afro1255,1.0310147035837007,0.4404210185425605
mwan1250,mand1469,3.097748723615247,1.0601239902756268
mwan1247,atla1278,-0.8321024177131477,0.7007299045781581
mwer1248,atla1278,-2.1497358451550674,0.6289594341920068
motl1237,aust1307,1.549690906647639,0.4727088349826251
naba1256,nucl1709,-0.1503400302570672,0.3227100970949959
sout2857,aust1307,1.7779016396683365,0.3269189430019557
naka1262,aust1307,1.2840067383103604,0.363000838181013
nalc1240,nucl1709,0.5482970628212338,0.385276326841057
nali1244,aust1307,1.507750785996613,0.4058246204677398
nama1268,aust1307,1.6971125283516073,0.3764008114749182
litz1237,aust1307,1.911074474368623,0.3045567275746919
nama1266,more1255,-1.0617009131325332,0.7180996160573634
namb1293,more1255,-1.044717837005439,0.7105035120290899
nami1256,sepi1257,-0.1807061991506446,0.5227250034944495
nana1257,tung1282,-2.666503619856774,1.6527037016818458
nand1266,nilo1247,-0.8365161323465132,0.6428188415240554
nang1262,aust1307,2.1231383601890554,0.6342974739117722
nant1250,araw1281,-2.720737380612692,0.9253563719238284
nara1262,nara1262,-0.908247605365172,1.3967349299735292
naro1251,aust1307,1.985684308511802,0.588346609718235
nati1244,aust1307,1.6515841025426543,0.3224610140683701
naue1237,aust1307,3.204471399692479,0.6871281119255892
naur1243,aust1307,2.2182671650974823,1.2021231669096446
nava1243,atha1245,0.2306455006174035,0.954022352886096
nawu1242,atla1278,1.0142976127813386,0.6137854276188657
ncan1245,atla1278,1.1624799290209973,0.3227270118925562
ndam1239,atla1278,-2.204663810271205,0.536949062468052
ndog1248,atla1278,1.3652368315019618,0.6573540454813513
ndom1245,kolo1268,1.0802754378055566,0.9752274141157792
ndun1249,atla1278,1.77874264036503,0.4947876446730492
nege1240,aust1307,1.439709166688084,0.6581174506553626
negi1245,tung1282,-2.76468505992226,1.6911264938962465
neha1247,aust1307,1.376075310776249,0.4382834065517316
kuma1276,aust1307,1.6543690328356082,0.5635819488898735
nenn1238,more1255,-0.8996187479949231,0.7128232460796995
nend1239,nucl1709,-0.4439542684060475,0.2874034439307138
neng1238,aust1307,1.3874312917704374,0.5835048560068827
nucl1706,afro1255,-0.072812854794574,0.799517413338843
nepa1254,indo1319,-3.235827848292702,0.9555870198242702
nese1235,aust1307,1.6374766660114093,0.3246419266025282
vinm1237,aust1307,1.8177725503113875,0.3165636857920497
ling1265,aust1307,1.8277630589569336,0.3145461367621314
nezp1238,saha1239,-0.8691206098441044,1.2269124160288103
ngaa1240,pama1250,-3.6858640669260505,1.7461430948338514
ngab1239,chib1249,-1.8486276937058228,0.9151952688762148
ngal1292,gunw1250,-0.8149127638157349,0.7933596517017638
ngam1268,cent2225,0.0752752484042024,0.534916179809215
ngan1291,ural1272,-3.476795186035277,2.533166117669184
ngan1295,gunw1250,-0.7499244898693824,0.7964202259212017
ngar1235,pama1250,-2.800861265836176,1.0569256392483122
ngar1284,worr1236,-0.602890826573331,0.9994227006848582
ngar1283,mirn1241,-2.4202486718161347,1.4834374783467252
ngas1240,afro1255,1.1905478678513113,0.4405810146011708
ngba1285,atla1278,1.7566799946927163,0.4678942411102404
ngge1241,nucl1709,0.2789002011063564,0.4314903603519688
ngit1239,cent2225,-0.8295668581620437,0.5242083884798889
wang1291,pama1250,-3.792961215026196,1.8685694320001465
ngom1268,atla1278,1.881983591190573,0.4907477369117812
nhan1238,pama1250,-3.344966935800389,2.100985369034257
nhen1239,tupi1275,-1.5696981701171668,1.0076191329387618
nias1242,aust1307,1.10157805660118,0.7799205775972622
niha1238,niha1238,-2.9806406684443063,2.088451548517656
nila1242,atla1278,-0.5948071544498228,0.4683496655972252
nucl1633,nimb1257,0.4676830883745559,1.1213744682645728
labo1244,aust1307,1.7716536446086513,0.316726490723473
nisg1240,tsim1258,1.0097723125172149,1.5640237408737758
niua1240,aust1307,1.850503865191576,1.219674766450372
niva1238,mata1289,1.578513153029635,1.631556232806021
njan1240,atla1278,1.0484338514717382,0.3647295638985497
noct1238,sino1245,-0.7895192624445113,0.3802155601387595
noku1237,aust1307,1.77577205454038,0.4210894510101401
noma1260,atla1278,1.6465456807684435,0.4080293342284968
noma1263,araw1281,-2.712681016505037,0.968061256000083
noon1242,atla1278,2.112863552796191,0.9768955774180964
noon1243,atla1278,1.1706948429980892,0.3232061415398628
nopa1235,otom1299,1.3012593817524942,0.4337409203057212
nort2839,aust1307,1.8257359566189708,0.3362697781843904
nort2697,turk1311,-3.1100668515335754,1.4288072879004123
darg1241,nakh1245,-3.577457185230241,1.136229414152825
nort2930,kiwa1251,0.4267764518284549,0.9365591580937722
nort2972,choc1280,-2.3514859606234837,1.3554918307258448
nort2702,drav1251,-3.5283884797055047,1.2910524876718403
gumu1244,gumu1250,-1.547160329374205,1.1884412158052675
nort2938,haid1248,-1.536497733831851,1.4836778359464184
sing1264,sino1245,-1.0057561693018613,0.4006402565571911
nort2877,aust1307,0.6177650197470599,0.3320864312963789
nort2684,aust1305,2.9637187137278325,0.7475959013526592
lush1252,sali1255,1.1756282293913471,0.8558495220871665
nort2774,atla1278,1.8177822992335888,0.503041936369991
nort2954,utoa1244,-1.9706140396330445,0.9164770898909572
nort2957,utoa1244,-0.3286959630607857,0.496714574682414
nort2723,sino1245,0.3321045495248953,0.4341775362178266
nort2747,hmon1336,2.956151905071053,1.3323935953373147
nort2722,sino1245,-0.702810287526643,0.5174316576716746
nort2994,aust1307,2.390162043465081,0.7717164677147639
nort2885,aust1307,0.3784840019627404,0.4075825877384162
tosk1239,indo1319,-1.350576110558931,0.8098875405231127
nort2732,sino1245,0.59359904978432,0.830235186010102
nort2690,turk1311,-3.743963213494692,2.235736261234469
yoku1256,yoku1255,-0.8590299818558707,1.4301630711189777
nort2745,yuka1259,-1.2694241417454135,2.190307167266993
nort3047,afro1255,1.5347006003073709,0.3735282863466453
nort2980,quec1387,-2.7438295365432803,1.3081714589081606
nort3139,afro1255,0.9536852562545362,0.7837849296368686
nort2845,aust1307,1.848748751659281,1.8272360313122515
nort2671,ural1272,-2.6036945888331253,1.6317572742864943
nort2942,atha1245,1.2207959205319536,1.4828979068359869
nort2847,aust1307,1.2765708454680162,0.4443566990430856
nort2961,algi1248,-0.7358862924429039,1.0974143200876605
nort2775,atla1278,1.3898365075212424,0.5143473646938412
yaki1237,saha1239,-1.1173136575368237,1.2512932410826552
nots1237,aust1307,1.3053310262815905,0.4056104623577976
nsen1242,atla1278,-0.8137750839587199,0.6893206154222202
nuer1246,nilo1247,-0.5113663208623789,0.7696974725330854
nukn1238,nucl1709,-0.5308090621071209,0.3225398344854362
nuku1260,aust1307,1.358066626352042,0.8656641181202565
nung1282,sino1245,0.3558952456280717,0.4203296122368756
nupe1254,atla1278,2.054151209637091,0.6097376246857307
nuuc1236,waka1280,-0.603909181357126,1.1535805914182309
nyah1250,aust1305,2.953699390452305,0.7938552856588825
nyak1260,atla1278,-1.177279595246126,0.5527924391641887
nyam1285,afro1255,1.1393050413259964,0.4214906012446695
nyan1307,atla1278,0.9128330981666908,0.5124171562503337
nyat1246,atla1278,-0.7458848538589269,0.460742911847821
nyig1240,nyul1248,-1.9383842369846005,1.3239897222320494
nyis1236,sino1245,-1.719628351363905,0.4283220562165337
nyor1246,atla1278,0.7001263345619194,0.4970352225248837
nzad1234,atla1278,1.070328293490604,0.6730763524359822
nzak1246,atla1278,1.0434477212476956,0.4580344986869047
obok1239,lake1255,-0.5385501528716174,1.1524012967863335
obom1235,aust1307,0.7854433029882093,0.3941763417844597
occi1239,indo1319,0.9047131423323928,0.7936008124962077
oriy1255,indo1319,-2.262496895768989,1.004777001202088
ofay1240,nucl1710,0.6731488484360044,1.0159677282837878
kalm1243,mong1349,-3.620169759293258,1.9276262960596664
okin1246,japo1237,-2.5601280775267186,1.5447671292151353
okoe1238,atla1278,2.0263043276618253,0.5324232508904001
oksa1245,nucl1709,-0.0410183105601402,0.3565920823181043
oloo1241,nucl1708,1.158107187518373,0.6045229215095835
olut1240,mixe1284,-0.29788359581483,1.0523200500782135
omie1241,koia1260,-1.2649199858552804,0.7381610285083693
onge1236,jara1244,0.40459725116858,1.4693241673794928
bira1253,bira1253,-2.3477213886106822,1.46448945089114
onon1246,iroq1247,-0.1652896866818864,1.04829991055589
orma1241,afro1255,-0.740537985813225,0.6637945640801042
oroc1248,tung1282,-2.686022612755502,1.620951757795725
oroh1237,aust1307,1.5496097827597115,0.4716933114456467
orok1265,tung1282,-2.495654630076401,1.7653461534426311
orok1269,nucl1709,-0.6252383910387269,0.4082778949993053
orok1266,atla1278,1.995819714421284,0.4239418284627367
orok1267,nucl1580,0.3530284566265564,0.9134040837104372
orow1242,aust1307,1.6116293762691654,0.5271367832485954
orya1242,toro1256,0.4378899161800034,1.1168092987785108
otor1240,heib1242,-0.81508237833674,0.9849406688036888
otta1242,algi1248,-1.5205784113740588,1.196382050860319
paaa1242,afro1255,1.476733076844705,0.5169098610520466
paas1238,atla1278,2.190365928420773,0.5686900193745807
paco1243,aust1305,2.7388075390007787,0.7085115828998223
pagi1243,atla1278,1.446032710139951,0.5115385863614765
pagu1249,nort2923,1.438742960914184,0.7433664676821214
pahn1237,hmon1336,3.388913348724257,1.3188284531138068
pait1244,sino1245,-1.646554988670145,0.3852265762792006
pala1344,aust1307,1.9266942148169544,0.9404675700446125
pali1279,araw1281,-1.4222171995162998,1.2373765772747496
balu1257,aust1307,1.3993612259192123,0.4644874605436508
pamo1252,aust1307,1.817169144506049,0.5777646501257676
pamp1243,aust1307,-0.6519070394502013,0.4025749478634428
pana1307,nucl1710,-0.6861459094000002,0.8323483913875069
pang1290,aust1307,0.3881133720436718,0.3793812582384643
pang1291,aust1307,1.234534786213329,0.5081668060029996
pang1287,atla1278,-1.1033693022388358,0.5387062680162384
pano1254,pano1259,-3.267111427898492,1.072928713469365
pany1241,pama1250,-3.2655891822774428,1.6451901545841867
papa1238,toto1251,-0.4213644206402864,0.7381615058346638
papa1265,aust1307,0.981185811563914,0.4017291956697857
para1302,sino1245,-1.2576386390206231,0.3780417895036092
pare1272,araw1281,-1.5150133970540138,0.8901174383683603
pate1247,aust1307,1.4145941559200943,0.3166367699637011
patp1243,aust1307,1.5477504020806327,0.3907615112847575
patt1248,sino1245,-3.2619882317329214,1.2299256046316551
paul1238,aust1307,2.4455268671216377,0.6738910721301039
paun1241,araw1281,-0.5241571097260319,0.7708060151682323
pawa1255,pawa1255,0.1801905767920144,1.0479761661616216
pawn1254,cadd1255,-0.6852090821447226,1.5419314659073675
pech1241,chib1249,-1.8246657229630443,1.0702392529161466
peer1241,atla1278,0.8232267553875192,0.3977668184051
pela1242,sino1245,0.5855244999146332,0.4228193804903819
pele1245,pele1245,0.2487339253164704,1.0970670508685774
pemo1248,cari1283,-1.05914086891661,0.9124750753555464
pend1242,aust1307,1.0794144914493042,0.5351013479106075
peng1244,drav1251,-3.3175461061742317,1.2773288717608584
peri1253,mong1349,-2.094174170455112,1.708875337412632
phak1238,taik1256,1.6101722251407942,1.0435697803731174
phom1236,sino1245,-1.2015934202574223,0.3637206815649643
pich1237,araw1281,-2.855094950262009,0.9535171045682024
pila1245,guai1249,1.0603082199782865,1.2945277919798848
pima1248,utoa1244,-2.12839683034775,0.8716211158436886
pina1252,piaw1238,-1.1567484780009725,1.12879680133705
ping1243,aust1307,2.053781357186728,1.054109616350189
pipi1250,utoa1244,0.0758439240805093,0.852884258031462
pite1240,ural1272,-2.494860993543866,1.4735007928577906
plai1258,algi1248,-0.4851100188628345,0.99035832127406
plat1254,aust1307,-0.105086971385756,1.0134808976815206
pnar1238,aust1305,0.2478115919033132,0.5641942750701068
pohn1238,aust1307,1.8193590866799088,0.9990159814593488
poli1260,indo1319,-1.4943223216850263,0.9960263106718844
popt1235,maya1287,1.530139709880232,0.5806773546705895
port1285,aust1307,1.8177610378559168,0.3231375118845054
port1283,indo1319,1.2660075613827877,1.1373677900808157
phai1238,aust1305,3.274779981324931,0.7355679245849207
pras1239,indo1319,-1.9545237617473807,1.3573833329902991
psik1239,afro1255,1.669235475662146,0.3598274467189903
puka1242,aust1307,1.6002595020823016,1.4024525343804752
pula1263,atla1278,2.213005597892943,0.8135716556757133
pula1262,atla1278,2.200530488373417,0.7364767009547624
pulu1242,aust1307,1.8087907888661168,0.9857753520308808
puma1239,sino1245,-3.305694515793633,0.5858359482161464
pume1238,pume1238,-2.0564633770924625,1.7461081067547677
pura1257,pura1257,0.0861980390073768,1.0638188244414857
pure1242,tara1323,-0.5477169314846724,1.3415985875867662
puri1258,sino1245,-3.158492495994161,1.3071101321730878
puyu1239,aust1307,-0.498676349540835,0.4046242026833413
qanj1241,maya1287,1.5076579949242512,0.5936263900232692
qaqe1238,bain1263,0.3833168881495179,0.9258911560195836
qawa1238,kawe1237,0.1481328538522168,1.7034799835464691
qima1242,afro1255,-2.121316215295693,0.7154152213869462
quer1236,otom1299,1.168408072068378,0.6391924313532646
quio1240,otom1299,1.4508469200773686,0.4196883761592396
rabh1238,sino1245,-2.0538019341651843,0.4843184009056376
rade1240,aust1307,2.7108857929298527,0.7455290723884564
raji1240,sino1245,-3.061499314772804,0.908051064982674
rama1270,chib1249,-1.7652175775800378,0.8895304559504211
ramo1244,aust1307,1.579112239638773,0.3761913857211412
rapa1244,aust1307,1.6526952077855697,1.9394825738476624
rapo1238,nort2933,-1.2970500336004729,1.0964380365131938
rata1244,aust1307,1.1422018011285042,0.6298232024592183
rawa1267,nucl1709,-0.2540838092580506,0.2921075741484746
reja1241,aust1307,1.9735111044819835,0.6116727913747115
remb1250,aust1307,2.9566427088249903,0.7248501785647399
reng1252,aust1305,2.5324571646914187,0.6653863147830523
renn1242,aust1307,1.727932921160891,0.6038347199321339
rere1240,aust1307,1.8360150846160213,0.3152626436618475
resi1247,araw1281,-2.9676358942305416,0.9291751136156514
reye1240,pano1259,-2.260957762975337,1.013624608590456
rian1263,kolo1268,1.0802731276939692,0.9592001049294496
rikb1245,nucl1710,-0.9619851725899604,0.9416913735146508
rita1239,pama1250,-2.8414410479908447,1.0361721539430095
beka1241,aust1307,1.7102158561959535,0.6988736502930291
roma1326,indo1319,0.6327736527439161,0.7415283559238515
romb1245,aust1307,0.5494945611107263,0.4128203802975365
ronn1241,afro1255,1.2520732371768637,0.4542601196058928
rong1266,sino1245,-1.8094363117074164,0.3628449838916281
rong1264,sino1245,-2.998881516317302,1.0550783317269294
roto1249,nort2933,-1.652604575410206,1.103421114875883
rotu1241,aust1307,2.161765268164685,1.1846703669212113
rovi1238,aust1307,1.5800869860132594,0.4267648235949663
ruch1235,aust1305,2.533716631715248,0.7235093093192138
ruka1240,aust1307,-0.430632529614815,0.3988474077983892
ruma1248,aust1305,2.078348054613536,0.7018969376206066
rung1258,maba1274,0.7503964927270932,1.087495349950665
rung1259,aust1307,1.5561903880143482,0.4595851646366671
russ1264,mong1349,-2.8257337498354067,2.009426433119672
russ1263,indo1319,-2.001133683699573,1.732410886945341
rutu1240,nakh1245,-3.4269222848169427,1.1028532911255873
saaa1241,aust1307,1.997000775287966,0.3462981727136567
saaa1240,aust1307,1.5240041504546211,0.4634633444163261
saar1237,aust1307,0.77606361461334,0.3922563545129516
saba1267,aust1307,1.9583318683037845,0.4832960255035186
saba1268,namb1299,-1.5392856135871973,1.2140114920792129
saga1262,atla1278,-0.5187536713247358,0.4744858967737486
sais1237,aust1307,0.5102542381360167,0.4839065185192122
yaku1245,turk1311,-2.6991880321454427,2.408136749547883
saki1247,aust1307,-0.8979153180738162,0.4493435315099852
tsis1238,atla1278,2.0649451087438297,0.6406667120620164
salt1242,nucl1709,-0.0769192116141004,0.2950335298386828
samb1305,atla1278,0.7933566265750527,0.3690509702304734
samo1305,aust1307,1.6449382800062935,1.202261952430456
sana1295,afro1255,0.1234734196036869,1.052884004056728
sanb1242,chib1249,-2.436112000851668,1.0920949431672875
sand1278,huav1256,0.9660543064352852,1.2900402349429632
sang1331,atla1278,-1.0273094977869457,0.6696942202592475
sang1321,sino1245,-1.5239225785648547,0.3531042562121071
sang1330,atla1278,-0.9842090106192168,0.5132370794829075
sanm1301,otom1299,1.3156804216769615,0.4824318762334445
sanm1289,quec1387,-2.785344354017583,1.3247210275501369
sanm1295,otom1299,1.2010556727091914,0.3930162006328435
sant1410,aust1305,-2.001017028919456,0.7049147391402983
sant1451,otom1299,1.636868111363192,0.4988671199611856
sant1436,otom1299,1.3798825755296342,0.4194119576395567
sanu1240,yano1268,-2.0838396496109364,1.4855380586691886
sapo1253,aust1307,1.268548595868541,0.4017743492722245
sapu1248,aust1305,2.7010285961122715,0.6680929586692819
sara1321,cent2225,0.7128973905667475,0.6331795225706203
sara1327,aust1307,0.6978856912755393,0.498515449880879
sars1236,atha1245,1.7503411230661792,1.1771595443747658
sasa1249,aust1307,2.303803945359782,0.9090026557483536
sata1237,aust1307,1.7725764371256123,0.9475426939115515
saur1249,drav1251,-3.454273963895824,1.3239807572206326
savo1255,savo1255,-0.8226452483037967,1.1879059999516013
seda1262,aust1305,2.5414388286903806,0.6769995034952534
taro1264,aust1307,0.4884746373147748,0.4067914517055877
seim1238,aust1307,1.887328576551476,0.5927742195826897
seke1241,aust1307,1.8597697001546287,0.3513642708993045
sela1259,aust1307,2.744528014258093,0.7814242023787963
sela1260,aust1307,2.5892755913742933,0.6988310238303668
sele1249,atla1278,2.518559666540952,0.6790660908006974
sele1250,nucl1709,-0.118991609577312,0.331771700415135
selk1253,ural1272,-3.821038478734782,2.392333448336976
sema1266,aust1305,1.22105331531325,0.6062477760604019
sema1265,aust1305,1.360446967957422,0.6561645477763878
seme1247,aust1305,1.0674766026655929,0.679478578929646
sene1264,iroq1247,-0.3328518951294472,0.9846170000108838
seng1281,aust1307,1.2841333477809866,0.3614150217496283
nucl1632,sent1261,0.5424962208101514,1.1186235287408848
sout1528,indo1319,-1.3767794295309852,0.8520530307074075
seri1257,seri1257,-0.4089214464288475,1.4395886030178913
seve1240,algi1248,-0.8140688807868562,1.1458190160172834
shab1252,shab1252,-2.11012041803602,1.418396647729078
sham1280,atla1278,-0.7904782098851735,0.4568780405061745
shan1283,pano1259,-3.2517054068397524,1.0819513704720718
shaw1249,algi1248,-1.6004512068381094,1.2213842029624864
shee1238,hmon1336,2.0946508589470154,1.2985361738667
biao1253,taik1256,2.8901204947868004,1.334114075237904
shil1265,nilo1247,-0.3125741236381684,0.7777881486914442
ship1254,pano1259,-3.246250943845154,1.1180046639015018
shix1238,sino1245,0.258786806018171,0.4416813392122711
shol1240,drav1251,-3.530683934946787,1.3095665060746424
shon1251,atla1278,-1.462837089104367,0.6859005821739692
shor1247,turk1311,-3.2632326254712725,2.458488956227092
shos1248,utoa1244,-1.6720843883849088,0.970416708992401
shua1257,jiva1245,-2.263295246303617,1.2727525329955691
shwe1236,aust1305,2.3402728728756514,0.6932065176818467
siam1242,siam1242,1.0957471455169117,1.3272573802382337
siar1238,aust1307,1.5790561409470525,0.3938885243661145
siaw1243,amto1249,-0.7163844640408192,1.0754504144781785
sich1238,sino1245,0.5686253723816153,0.4818627407452323
sici1248,indo1319,0.0600707396346896,0.8381721100707473
sici1249,atla1278,2.3679351888515123,0.6010940065111217
sida1246,afro1255,-2.4571423792034377,0.6467010553723473
siee1239,aust1307,1.1511662206710611,0.4292879244789898
sier1250,otom1299,1.4001253093210837,0.4284272958303239
sier1248,utoa1244,-0.3774705943292031,0.5442644361520128
sika1261,aust1307,1.856369368725573,0.6151203934216052
siks1238,algi1248,-0.0328639002961788,0.938454519971478
siku1242,aust1307,1.5746614273551058,0.8567605962679665
sina1266,aust1307,-0.1612930406900914,0.3676374583406647
sioo1240,aust1307,1.2341959554483497,0.3201786869045628
siro1249,nucl1709,-0.3860031816636036,0.2932997267641593
sile1255,nucl1709,-0.4312784744850819,0.2919283936847106
sisi1250,aust1307,1.362386549493677,0.4479623535251775
situ1238,sino1245,-0.6942365950710863,0.4797780283703239
siwa1245,sout2948,-1.6080100675699196,1.0165845288357809
siwi1239,afro1255,0.1717426648432304,0.956336746556954
skol1241,ural1272,-3.0101278498421813,1.8015363755251803
slov1268,indo1319,-0.7676431464948719,0.7987551692769221
sooo1254,aust1305,3.016110408741546,0.7422968178893057
sobe1238,aust1307,1.966952535510196,0.528671823030058
soch1239,otom1299,1.4396032239586602,0.4345875125493457
soga1242,atla1278,0.7178711473848556,0.4945978981756456
soli1239,atla1278,-0.7263001993748712,0.6665965049168756
soni1259,mand1469,1.7316138063457007,1.1557027308898653
sons1242,aust1307,1.823614080068913,0.848026861742893
sooo1256,kuli1252,-0.9417250993917722,1.043149629679072
mani1235,east1459,2.1460134039488894,1.3059749929861575
koon1244,atla1278,0.7828596026883201,0.7004697596024059
sout2859,aust1307,1.8396884118472576,0.3434983022752917
sout2976,utoa1244,-1.1736808461768224,0.8156389099018098
sout2856,aust1307,1.2900006180851185,0.3930208363484433
sout2954,japo1237,-2.6604297624479694,1.620003928725128
sout2996,ayma1253,-1.8582046469875424,1.432668685770266
sout2730,sino1245,2.2846003081445785,0.4435725655638811
raro1241,aust1307,1.991609567657098,1.6616801190518815
sout2741,taik1256,3.286106938579378,1.2560426472107036
sout2715,sino1245,-3.307531164041312,0.6774737527214252
sout2826,krua1234,0.975680768782718,1.5503713007218614
sout3236,gumu1250,-1.4586467575787292,1.1506485629610983
sout2956,haid1248,-1.5696180099642776,1.4763724177138156
kach1280,sino1245,-0.1826484893837512,0.4238874256863787
sout2949,kiwa1251,0.3961803972058955,0.9667265322681686
sout2994,namb1299,-1.2795159307020616,1.2287063506500662
sout2649,indo1319,-1.694972180230828,1.320118303639386
sout2729,sino1245,0.4499818935105897,0.4323236300394937
sout2728,sino1245,-0.5781118793519923,0.5127353536707129
sout2918,aust1307,1.4160862278676976,0.5172575157214112
sout2985,miwo1274,-1.022300015569085,1.141349914813052
sout2807,atla1278,-1.3680147001175051,1.117851959394477
sout2679,ural1272,-3.3348011903747574,1.4605624613104895
sout2782,atla1278,1.314775880604136,0.4117827251271535
sout2895,aust1307,2.53021184190412,0.6652643971016401
sout2674,ural1272,-2.1833306954059646,1.5668416568580068
sout2959,atha1245,1.572293772241133,1.4066042136906276
para1301,aust1305,2.957236753013163,0.7134030606396498
sout3261,nakh1245,-3.422081827422465,1.124404240197725
sout2869,aust1307,1.1297001405695046,0.4417232789725798
stan1318,afro1255,0.1962869822312954,0.8700214837167581
indo1316,aust1307,1.571902614550571,0.8707979483014823
stan1306,aust1307,1.4977374775905892,0.6664380542552828
horp1239,sino1245,-0.6509572564863861,0.4489361930488034
suab1238,sout3418,1.052570609041517,1.2748738308333607
suba1238,atla1278,0.5006082284454049,0.4699770633951479
sude1239,aust1307,1.0133271928462542,0.6244572562476112
suen1241,nucl1709,-0.2511092239412988,0.3809493823971204
suku1272,afro1255,1.6264379293409723,0.3570744336576497
sulk1246,sulk1246,0.9268510579457854,1.142587318074873
sumi1235,sino1245,-1.6809901757139605,0.3589982713238679
sund1252,aust1307,1.349758985013559,0.9382557662348968
mari1426,aust1307,1.4904271168587395,0.3938309201325434
sunw1242,sino1245,-3.3324039757377704,0.6061969923673782
supy1237,atla1278,2.342447662997676,0.6571885058722895
surg1248,ural1272,-3.951313522038981,2.4734352051463318
surs1246,aust1307,1.5727829361686034,0.3948436247157283
susu1250,mand1469,1.5479774137010684,1.059330871405439
swah1253,atla1278,-0.550572500978106,0.5266455839786834
swed1254,indo1319,-0.7759747168674255,1.098805137417497
taba1263,nort2923,0.3484419551656215,0.729488898197475
tabo1241,tabo1241,0.0541550822823928,1.0884019341855025
taga1272,aust1307,0.6255547224222575,0.4109426625271322
taga1273,aust1307,1.7579214511212402,0.5093978988231691
taga1270,aust1307,0.551261242227503,0.4117928604077807
tagi1241,sino1245,-1.5672021598825543,0.4353974336459458
tagw1240,atla1278,1.1367997862805952,0.6350076161268854
taha1241,afro1255,0.6270968990736088,1.0089755011646462
tahi1242,aust1307,2.0415818161046646,1.7042697679369407
taia1239,taia1239,0.0007281985312663,1.060235568143102
tain1253,anga1289,-1.538417786296635,0.9065037377558616
taji1246,aust1307,1.1464175282349682,0.5329891877233184
taki1248,aust1307,0.0545979183878673,0.3335838534831317
taku1257,aust1307,1.4596513263847573,0.5681153453757206
binu1244,aust1307,0.744934432912842,0.4015447038984834
tali1259,aust1307,1.677280503337529,0.4465967329740592
tama1331,tama1329,-0.9364063644097756,1.3898691202158244
malo1243,aust1307,1.5829150848879885,0.3306910277569552
tama1365,afro1255,1.5528184282507318,0.6883452519553783
tamb1254,aust1307,1.741906057152695,0.451665887380607
tami1290,aust1307,0.171929608304413,0.326976337312622
tami1289,drav1251,-3.379166778561677,1.411411792616215
tane1237,aust1307,2.108588108837445,0.5876383135055625
tang1377,sino1245,-1.284055315789969,0.491059779833622
tang1348,aust1307,1.499155552743584,0.4281662269039987
tang1373,sino1245,-1.2883743791621256,0.7733463284800086
tara1313,sino1245,-1.6132586934446214,0.3656082091314827
tari1256,araw1281,-1.7722524735226677,0.8396807573726996
tari1263,afro1255,0.793645880018222,1.0831733388875375
tata1258,otom1299,1.2773812985010673,0.4340991207413172
tata1257,aust1307,1.671132242409452,0.4969054971746849
tata1255,turk1311,-3.874752249176687,2.1715837068446406
taul1251,taul1250,1.0829858602318945,1.1703120155742064
taus1253,taus1253,-1.9367315430861016,1.4908126486590207
taus1251,aust1307,1.4425500409198029,0.4987801288014508
tauy1241,nucl1709,-0.5110331348154291,0.2724693419598321
tawa1275,aust1307,0.6455642397822909,0.3863450708688005
tawa1286,afro1255,1.8552710612129444,0.8623801417180839
diga1241,sino1245,-0.5213655190967632,0.4477891798626872
tbol1240,aust1307,0.8290881105237431,0.4543760707788089
tean1237,aust1307,2.094518063639226,0.5983359275337654
teda1241,saha1256,-0.6163497422227147,1.0604957369241728
tedi1235,sino1245,-1.5240983665962715,0.4052413959917933
tega1236,rash1249,0.3522250800959886,1.2117303382321798
tehu1242,chon1288,0.2206036821015178,1.665995961286706
teiw1235,timo1261,1.901933353327464,0.9698446074966514
tekt1235,maya1287,1.6058708741923144,0.5866388702630085
tele1256,nucl1709,0.3450338049459636,0.3474040713189712
telu1262,drav1251,-3.613065419494954,1.3391263129287592
tema1239,utoa1244,-0.4858738706297847,0.573988027133566
temi1246,aust1305,1.1955737177264958,0.6038877301725472
temo1245,otom1299,1.22488548799868,0.5704289360276515
temp1235,aust1307,1.720482565739279,0.4525128267822169
teng1272,aust1307,1.7922267386655346,0.8670601104541658
tene1248,dogo1299,-0.3238610994512074,0.7678192982893495
tenn1246,surm1244,-0.114354949605741,0.8826311567205285
teop1238,aust1307,1.2256236299301586,0.4000621961671595
tera1251,afro1255,1.479413380237687,0.4334175775443274
tere1278,sout2948,-1.572001347092533,1.019319400581931
tere1279,araw1281,0.8398905633859872,0.9790237956808734
teri1250,chib1249,-1.8608881850113443,0.8975942033182203
term1237,aust1307,3.025046604571785,0.7488122634677135
tern1247,nort2923,1.6166635066406223,0.768161854520427
tete1251,utoa1244,-0.4224798243023275,0.5488251677074452
tetu1245,aust1307,3.2258683167456974,0.6624790879472853
tezo1238,otom1299,1.3735350544874565,0.4151975801280585
thad1238,sino1245,-1.6332947506380062,0.3908357393162611
thai1261,taik1256,3.249564480057176,1.35339324275501
thak1245,sino1245,-3.142119159330236,0.7745585580844021
than1259,sino1245,-3.287150607805938,0.7028358327956901
thao1240,aust1307,0.7417549852554783,0.4175330884529793
aheu1239,aust1305,3.160864148747712,0.766926563099434
thay1249,pama1250,-3.3943966778016743,1.1715779450117023
thul1246,sino1245,-3.076454748502649,0.5865429585121027
tibe1272,sino1245,-2.513322482955706,0.6228772475608069
ticu1245,ticu1244,-1.0549027949284489,1.400153264931499
tido1248,nort2923,1.777859937008092,0.8083524681453502
tief1242,atla1278,2.3800815157469577,0.565638530083707
tief1244,atla1278,2.3550337383079256,0.5643501701919722
tien1242,atla1278,1.3718902364990646,0.627868214789097
tiga1245,aust1307,1.5664754245284882,0.4353142198306821
tigo1236,atla1278,0.9858184468432264,0.3585672444000463
tika1246,atla1278,1.1837868117767554,0.3844057499774536
tiko1237,aust1307,2.018714984339302,0.6471146722301744
timn1235,atla1278,2.354333676532458,0.7594086861454783
tina1248,aust1307,0.4925336807185951,0.4054787479713537
tira1254,heib1242,-0.8408707809094439,0.9873133121783302
maee1241,aust1307,1.7881055378174977,0.3213769331252343
tiri1258,aust1307,1.292121421417582,0.5206125141506504
tiru1241,aust1307,0.642253934410361,0.4253487435972372
tita1241,aust1307,1.6456759826779923,0.4862679137615679
tivv1240,atla1278,1.6326032846865304,0.3881164594175104
tiwi1244,tiwi1244,1.056046189014828,1.2865064304793208
toab1237,aust1307,1.6882726908515615,0.447137617966534
toar1246,nucl1580,0.2662814157744657,0.9105736690623076
toba1268,leng1261,1.8354396617567663,1.6372361493277623
tobe1252,nort2923,1.662678657107671,0.7613266245800383
toda1252,drav1251,-3.530497129501597,1.3119660263685131
toho1245,utoa1244,-1.6560904888482983,0.8635051494999302
tojo1241,maya1287,1.2646714420673362,0.5904292311180659
toke1240,aust1307,0.9516495228113264,1.2428628883372808
toll1241,jica1245,-1.2535423520833793,1.419188715497504
tolo1255,aust1307,1.7114641179471344,0.3864124687010997
toma1245,mand1469,3.1377829183761934,1.10256007341652
tomb1244,aust1307,1.7540882120209005,0.4703096348753406
tomm1242,dogo1299,-0.498756773109708,0.8042202080164205
tond1249,song1307,1.9249443403789768,1.1354501688681338
tong1325,aust1307,1.9010496551059335,1.5021837608137494
tong1318,atla1278,-0.4452528838660157,0.6496322885366577
tora1259,aust1307,0.9149075124550896,0.4120037556892013
toto1302,sino1245,-2.8649221394865623,0.5746233177666249
touo1238,touo1238,0.1030953173668418,1.1459073574598575
trio1238,cari1283,-0.2689891504696771,0.8171830993670492
trum1247,trum1247,-0.9953285782537666,1.3672580588937246
colo1256,barb1265,-1.3637788994746805,1.0934623676177564
tsam1247,afro1255,-1.936496710819957,0.5959163994055028
tsat1238,aust1307,2.9659006681826234,0.9457314069890534
dido1241,nakh1245,-3.3773129331983496,1.0404499256432391
tsha1245,sino1245,-2.145972830712282,0.507647070520687
tsix1234,khoe1240,-1.4035008996253633,1.2210657448448852
tsog1243,atla1278,1.5187455570049069,0.6952957438106568
tson1249,atla1278,-1.1398577279447395,0.8078298532779447
tsou1248,aust1307,-0.6339939548343223,0.3971042591413538
tswa1255,atla1278,-0.0214253481693529,0.7954052593098644
tswa1253,atla1278,-0.3000192910558328,0.703647822998184
tuba1278,utoa1244,-1.1350571419892166,0.8975717115060391
tuge1241,nilo1247,-0.9236116965659394,0.6522353504137599
tugu1245,aust1307,3.021833935604178,0.6976448596994835
tuka1248,aust1307,2.265390072926067,0.6485616783816432
tuki1240,atla1278,1.4878240159780487,0.4181261458095031
tula1252,atla1278,0.8389371052688726,0.4161113481967216
tulu1258,drav1251,-3.5977639011785745,1.3876872164008829
nene1249,ural1272,-3.7735215808030023,2.520353755478527
tung1290,aust1307,1.604173774350463,0.4698546936454555
tunn1238,afro1255,-1.81717756360628,0.9364891556495304
turk1308,nilo1247,-1.074399631506737,0.7457597169531569
turk1303,turk1311,-2.614779485994147,1.587029886856674
nucl1301,turk1311,-2.4896599517468165,1.703004912902268
turk1304,turk1311,-3.311939328054315,2.0324324746747524
tusc1257,iroq1247,-0.1550479409702081,1.0644798725155429
tutu1241,aust1307,1.7616136780380562,0.3386145421650623
tuva1244,aust1307,2.206185833114276,1.4350216256793442
tuwa1243,aust1307,-0.5124184878182796,0.3238699147799257
tuwu1238,atla1278,2.5346936472879573,0.6636171713862127
uuuu1243,aust1305,3.4595760617584475,0.6967960949449026
udii1243,nakh1245,-3.413881297528052,1.1472848994323126
udih1248,tung1282,-2.591080542186771,1.6397793880808162
uduk1239,koma1264,-0.3455866076397663,0.934521679025782
ughe1237,aust1307,1.6188522230259643,0.4328650333696902
ugon1239,sino1245,0.8874223441777591,0.8055354325883712
ukra1253,indo1319,-1.984854284589652,1.280475831173386
ulch1241,tung1282,-2.8024288509733357,1.6514686602674606
ulit1238,aust1307,1.7556913666449303,1.0038045715086223
ulwa1239,misu1242,-0.0843180090620732,0.9646418981928138
yaul1241,kera1258,-0.5298258842871844,0.8931524282591528
uman1240,daga1274,-0.5313229393837158,1.1139832698980785
umbu1257,atla1278,-0.2578852527637916,0.9878989201858666
umbu1258,nucl1709,-0.4241826338450909,0.3223814673401208
umes1235,ural1272,-2.5240283556412315,1.443058791930539
unaa1239,nucl1709,0.4829827402278828,0.3658749808270589
unea1237,aust1307,1.3596551579494414,0.3652352363436799
unua1237,aust1307,1.8338756638968543,0.314517479062006
uppe1275,toto1251,-0.5750847445584493,0.7261432412410143
urak1238,aust1307,2.198210733633702,0.8265143350020452
urar1246,urar1246,-2.0677602827877237,1.535285250567311
urav1235,aust1307,1.3083237159045469,0.4372711767458961
urim1252,nucl1708,1.045873392348197,0.582331145895628
urip1239,aust1307,1.800405263639696,0.3190786436225594
usan1239,nucl1709,-0.2558143707261566,0.302828911183187
utes1238,utoa1244,-1.5885778996043458,1.001084888463724
pile1238,aust1307,2.151708526545109,0.678865924133206
veps1250,ural1272,-3.339389052213333,1.7458531080904147
vera1241,aust1307,1.7558420608368326,0.4559608767446677
viem1243,atla1278,0.8362241174863971,0.5490116007299797
viet1252,aust1305,3.377667545657622,0.8420155622380636
voti1245,ural1272,-3.243567495458612,1.485980485576889
vunj1238,atla1278,-0.311331971120945,0.4487195921931222
vure1239,aust1307,1.803559260183108,0.4588704254959705
vwan1235,atla1278,-1.0340651586026568,0.5086239506969652
wadj1254,wadj1254,-1.220794321310231,1.2618470097028172
wage1238,wage1238,-1.4477453034426937,1.319656413960666
waig1244,aust1307,2.0174001579939747,0.6164373900131133
waim1251,aust1307,-0.0069696505022625,0.3464419402141829
waim1252,aust1307,2.997463685464548,0.6617237047131437
waim1253,cari1283,-0.8259544300060793,0.8653216564010848
waiw1244,cari1283,-0.9051507671746536,0.7751508148784838
wala1266,aust1307,1.6860709649935923,0.4304524754365122
wamb1258,mirn1241,-2.5090681683670946,1.5199223402137432
wamb1259,nucl1709,0.552020647554079,0.3921361498647062
wamb1257,sino1245,-3.2755171495014674,0.5944445245292158
wann1242,mand1469,1.8567733720643875,1.0573673985015382
wand1278,afro1255,1.7049976982640591,0.392919745703189
wand1267,aust1307,2.6391481440062643,0.5595902737056502
wanm1242,pama1250,-3.3383438072414,1.5937898988913903
saka1289,aust1307,1.5521483674516137,0.3739789894142222
waor1240,waor1240,-0.7447835672041306,1.2987429185006842
wapi1253,araw1281,-1.8840755171481895,0.993215255443793
wara1303,wara1303,0.1909353128728734,1.4433832404674214
wara1300,aust1307,0.5187584303297847,0.4953105934889703
ward1246,yang1287,-1.9089832864393117,1.4728919702891932
ware1255,araw1281,-2.800259008748169,0.8969616909593965
ware1253,aust1307,2.182973413886555,0.5532796006392195
wari1268,chap1271,0.6247123173134499,1.2907810074617547
warj1242,aust1305,-0.0624869168238062,0.570727410978757
warl1254,pama1250,-3.419173121338421,1.360502640610667
warl1256,pama1250,-3.745626018800892,1.5067436035326898
waro1242,aust1307,2.2872853944640488,0.5433250584796183
waru1265,pama1250,-3.649272932962353,1.3918386803467566
wash1253,wash1253,-0.6431748727802138,1.3426822062080417
wask1241,nucl1709,-0.2807125269711805,0.3333023987344332
waur1244,araw1281,-1.3864714413335169,0.8747429849182602
wawa1246,atla1278,0.9236010185750588,0.3761997068522911
waya1269,cari1283,-0.4454547456788955,0.8804376100165494
wayu1241,sino1245,-3.2079810966569937,0.6001678610228005
weda1241,aust1307,0.6101573255910984,0.3562257023597723
wels1247,indo1319,0.9967727242341102,0.9180108443967724
west2564,aust1307,1.9876500491947608,0.5582564401872108
west2560,aust1307,1.716852894972436,0.4646215782814082
west2548,aust1307,2.8294249427648586,0.7397200483261499
west2615,atha1245,-0.0451367672157232,0.9514597426694372
west2441,pama1250,-3.746242527506439,1.5970838295771883
west2397,aust1305,3.0070142607762245,0.7393106415466888
west2555,aust1307,0.8739877068932469,0.4037402739720859
west2618,eski1264,-1.8484315251335288,2.0611562119611384
west2650,aust1307,2.692697888986624,0.8626994862435411
west2594,nucl1709,0.3314738866943985,0.4599204348796806
west2778,utoa1244,-1.16553600279371,0.8276681013700284
west2369,indo1319,-0.9434903982549512,1.0825479795932824
west2519,aust1307,1.9639455350673056,1.1234221322418971
west2354,indo1319,0.7572498489756125,0.8473836171630422
west2644,otom1299,1.2874452491070338,0.4182520027293517
west2624,utoa1244,-0.2225273246863663,0.5914559248557558
west2466,atla1278,2.283790074487923,0.5622214631884623
west2632,kere1287,-0.4358855659068719,1.3569350132323748
west2396,aust1305,2.9559299810509394,0.7278474378132533
west2418,sino1245,-3.173381435202706,0.7697275040898912
west2392,ural1272,-4.3357402901526445,1.9655845091088635
west2763,afro1255,0.9022991824186092,0.7834648951928669
west2386,indo1319,-3.1223141790139106,1.2521116665451475
west2557,aust1307,0.5713778719700977,0.4459790022703931
west2415,sino1245,-3.2800262946866603,0.6664072148162443
sanj1284,otom1299,1.4772803022984122,0.4145867628732618
west2430,hmon1336,2.661350238465628,1.358581111490297
west2599,nucl1709,-0.0863964124568132,0.3350929201311281
west2600,nort2923,1.667230158137761,0.7699481648494704
saka1291,aust1307,0.4941458436062157,0.9646688822571008
west2516,aust1307,1.570047344450662,0.4945155318390015
whit1269,aust1307,1.2645167598094205,0.4494003916361424
wikm1247,pama1250,-3.285834752579816,1.1366044806470912
wiru1244,wiru1244,-1.077180121802623,1.1273009394244475
babi1235,atha1245,0.9973521345780894,1.0920328001253852
woii1237,aust1307,2.5760914339650345,0.5817064940477139
wola1253,afro1255,-2.2923404416894417,0.649962801927459
wola1242,gong1255,-2.3518276073416224,0.717298228297647
wole1240,aust1307,1.9071461716161315,0.9831847556438292
woli1241,aust1307,2.4413513722187856,0.6380057085914621
nucl1347,atla1278,2.1515444700855277,0.9235976094041272
wood1236,algi1248,-0.4488660182047885,1.171339620063208
wotu1240,aust1307,1.9577504651278224,0.5879528629887916
woun1238,choc1280,-2.273403392334075,1.4113834374842278
wuch1236,sino1245,0.3748815071214383,0.9692241483236508
wudi1238,sino1245,1.077335566234385,0.479004311545538
wuna1249,worr1236,-0.0375457729192039,0.9426397143328736
wusa1235,sino1245,1.3503591771358563,0.4722390682504391
wutu1241,sino1245,-1.3753249042002835,0.7166708509221515
wuvu1239,aust1307,1.9061152940691115,0.5471512385396933
xamt1239,afro1255,-2.159754061228341,0.7315934801755812
xara1244,aust1307,1.318650954343776,0.511081367778476
xava1240,nucl1710,-0.0462552496778576,0.8132042790366945
xish1235,sino1245,1.1778012299282912,0.4286589497452531
xokl1240,nucl1710,-0.1825708144865117,1.167853232757937
yaak1241,afro1255,-0.1503842525020812,0.5745022852341837
yabe1254,aust1307,1.391083399377749,0.3274496869878702
yaey1239,japo1237,-2.594802659734081,1.305357061180585
yaga1260,nucl1709,-0.1663184256214727,0.2977156553648661
yagu1244,peba1241,-2.112948820332021,1.5435208265234963
yaka1272,atla1278,1.3803783679152386,0.5283908885201472
yaka1277,aust1307,0.8454220380718434,0.4779733288578169
yakk1236,sino1245,-3.1035818978297858,0.5801525999626702
yako1252,atla1278,1.8219572607084809,0.5235212381219725
yale1246,yale1246,0.1713193131025121,1.0507528114485107
yama1264,yama1264,-0.3539287680711633,1.7707441610169845
yami1254,aust1307,-0.7680781506722691,0.4760553296351739
yami1256,pano1259,-3.030952394074564,1.055105624843533
yamp1242,sino1245,-3.3152656889293297,0.593416071641852
yane1238,araw1281,-2.888015174688213,0.9989812239807973
yano1261,yano1268,-2.042009491114153,1.464232106695556
yany1243,pama1250,-3.305904772021763,1.117503834794194
yaoo1241,atla1278,-0.977486158743112,0.6712829260718385
yape1248,aust1307,1.7698956530972498,1.0026856784112907
yaqu1251,utoa1244,-1.9880517033421807,0.8820362250260594
yare1248,yare1250,-1.615445134493898,1.223380553501869
yasa1242,atla1278,2.018524916220046,0.5684226415154541
yatz1235,otom1299,1.3533527391104638,0.4380877371244978
yaum1237,nucl1709,-0.4262820580144595,0.3181992028304026
yawa1260,pano1259,-3.098470234749357,1.0606039740349718
yawu1244,nyul1248,-1.7559627286215371,1.3539076542239874
yecu1235,toto1251,-0.3335174300043253,0.7576379437198582
maqu1238,cari1283,-1.5557858316254425,0.9814373502210776
yele1255,yele1255,-1.1211447126751282,1.3565885717925732
yems1235,gong1255,-2.3293293487189404,0.7348951766877092
yapu1240,nucl1708,1.0780799138004946,0.6194459154554135
yess1239,sepi1257,1.0756002016790454,0.5368838923645209
yidi1250,pama1250,-2.2945708674729746,1.3228899773309457
yima1243,lowe1423,-1.0648671280147028,1.1202901389372748
yind1247,pama1250,-3.1124715428609644,1.652594542442492
yine1238,araw1281,-2.5484501724382023,0.918434427054308
yoga1237,aust1307,0.7206229834656008,0.3368682025804665
yona1241,japo1237,-2.5800513520769712,1.267122995762099
yong1276,taik1256,3.653716640902237,1.2922096793456883
yong1280,nucl1709,0.0916057020784826,0.4189240172890405
yora1241,pano1259,-2.8281611141934837,1.0667315109705735
youl1235,sino1245,1.484421733148701,0.4866132796932869
youn1235,hmon1336,2.7859990861152024,1.2826397133111445
yuca1254,maya1287,0.9768595646742068,0.8718167571240083
yuch1247,yuch1247,-0.3900103249999205,1.5018639564625218
yulu1243,cent2225,0.4310015649290363,0.6452397601090305
yura1255,yura1255,-0.0495719662439257,1.2863351141009067
gami1243,pama1250,-3.584061965618581,1.864086729332985
zaba1237,aust1307,1.2934105597316303,0.4473920149703061
zaca1242,otom1299,1.3585771553003143,0.4533429008457292
zaca1241,utoa1244,-0.4819077323283773,0.4898484767015389
zaiw1241,sino1245,1.7155464827163935,0.4361467580029554
zamb1245,atla1278,1.6040546732296104,0.4631523835244926
zapa1253,zapa1251,-0.1988503312277492,1.0498108296652195
zarm1239,song1307,2.1854069518698056,1.3484486901138952
zays1235,gong1255,-2.21004445290891,0.6975335137128886
zeme1240,sino1245,-1.9632109521104828,0.3569016857563296
zenz1235,otom1299,1.1725089797946284,0.4187259158704948
zhab1238,sino1245,-0.3759611969183627,0.4663011899558658
nort2795,atla1278,-0.0828734054921762,0.6574543213741446
zoog1238,otom1299,1.3335426808648212,0.4332643194698953
zulg1242,afro1255,1.7798838369206706,0.3698242238588998
zuni1245,zuni1245,-0.4734742046209492,1.3253852437523927
