Glottocode,Family_ID,GPGLMM_Latent_Mean,GPGLMM_Latent_Variance
abad1241,aust1307,-1.815113898763628,1.0234996072663929
abau1245,sepi1257,-4.224533844458454,4.176093126114639
abee1242,atla1278,1.8834169480674512,2.195052328093226
abkh1244,abkh1242,-3.1563736507989475,6.693888447250789
abua1245,nucl1708,0.9482218844682816,1.126746856517439
abui1241,timo1261,-2.49040585561837,3.098764037049463
abun1252,abun1252,1.869640862873384,4.239971972020985
achi1257,aust1307,4.20782032259386,4.0836493943144205
acha1250,araw1281,1.3372227034418684,2.039916143244495
ache1246,tupi1275,-1.96857852638425,3.152326316772145
ache1245,narr1279,2.585059233188587,3.35597718158324
achi1256,maya1287,4.335795486597371,3.853193104772663
achu1248,jiva1245,-2.320454347437946,3.0807206924955093
achu1247,pala1350,0.6487499937028929,3.014507227889231
acol1236,nilo1247,2.614969259819166,2.179204967668129
adan1251,timo1261,-2.471853397656238,3.1038401475599557
adon1237,aust1307,2.3496176032248908,1.344718340927857
adze1240,aust1307,0.7544081255912007,0.6991535297595828
aeky1238,kamu1264,-4.192327636551354,7.445762253685654
afad1236,afro1255,2.001752441598464,1.3660470442590995
afar1241,afro1255,-2.858223502166722,2.7814483453019
aghe1239,atla1278,2.06419069331333,1.0394805105206115
aghu1255,nucl1709,-5.0084041503942895,2.856066928603891
agob1244,paho1240,-4.738603909082165,7.678868640121701
agua1253,jiva1245,-2.6182355998610767,3.4876623007950247
agus1235,aust1307,5.597271650938511,3.256116217626694
agut1237,aust1307,3.8514862793989457,3.085604866490206
ahin1234,aust1307,5.716523750853096,2.972222192815469
aika1237,aika1237,-2.025017130218695,4.50741454868796
aime1238,bosa1245,-4.519092170008443,7.689016320935783
musa1266,nucl1709,-5.229063144753841,1.6462734941227488
aito1238,taik1256,2.1836648222962483,2.814052100913621
ayiw1239,aust1307,4.541841656409275,2.730951248313213
ajab1235,atla1278,2.978995616794802,1.844229476679594
ajas1235,kres1240,2.6505660218436216,4.441609926972383
ajie1238,aust1307,4.707202603740171,2.424764184463756
west2635,maya1287,4.785770489267136,3.941536343051986
akei1237,aust1307,3.341461704339425,1.67644250699019
akha1245,sino1245,-1.8479456008012012,1.0078835963066464
akoo1248,atla1278,1.7648931005954864,1.0377524202548989
akun1241,tupi1275,-2.207601295875977,1.804232947107378
alab1254,afro1255,-3.280963456529425,1.600393169696856
alab1237,musk1252,-2.630686894346442,5.027761802688778
alac1244,otom1299,5.245226439873148,4.0257180809085575
alag1248,afro1255,0.2027670777004165,1.068452400202732
alam1246,sepi1257,-4.904217647566394,4.371139036731316
aleu1260,eski1264,-1.8392336456921303,4.598801881851291
alor1247,aust1307,2.2786450568953884,1.3387083173801866
aluk1238,drav1251,-2.321362743113486,1.5241256250289332
alya1239,pama1250,0.6446281470433076,1.3749188184197365
amah1246,pano1259,-2.7830033458553567,2.123125440212537
amam1246,kuni1270,-4.115517266172053,4.854518042333268
amap1240,left1242,-3.583638570647652,6.438963550061482
amar1272,aust1307,2.897994050497459,1.0529308221350853
amas1236,nyim1244,1.2093282415854008,3.419861029631054
ambu1247,nduu1242,-3.7379903839920887,4.990385789413432
amdo1237,sino1245,-1.0778612614148382,1.8028093428456649
amha1245,afro1255,-3.0520244972913746,2.288214967694993
amii1238,west2434,-3.5256575682374667,3.9570047200752274
amis1246,aust1307,4.11261380767202,1.854717644334912
hoaa1235,kxaa1236,1.298382399536555,3.798346461005672
amri1238,sino1245,-2.503556952543579,1.3937486494323146
gily1242,nivk1234,-3.1109311035217946,8.339287321185257
anei1239,aust1307,4.710527116154726,2.677063179369433
anem1249,anem1249,2.1240742781206974,4.475774892842054
anfi1235,gong1255,-3.677998770619187,4.218456742433231
anga1290,anga1289,-3.278297457427777,5.188673314564532
anga1288,sino1245,-3.336411337040424,1.0528174604009273
ango1257,chib1249,-2.573438250083525,2.5725980933977457
wara1294,more1255,-4.412945254493842,6.741430757919073
anta1255,aust1307,-0.3623302822710424,2.389264077612454
anuf1239,atla1278,2.607723651859447,1.71256745158567
anuu1241,sino1245,-1.7200383655726703,1.2664559699753326
anut1237,aust1307,3.665430630214499,3.350196672133478
aona1235,sino1245,-3.131590552337486,1.0786944166563224
aoua1234,taik1256,2.687506378242156,3.075340274275065
apat1240,sino1245,-3.371150628146544,1.337424163892743
apin1244,nucl1710,-2.7419771840272187,3.660663555730157
apma1240,aust1307,4.9957312264469085,1.481213993848371
apma1241,kera1258,-2.963795494190512,5.356727999537981
apur1254,araw1281,0.563041960874541,1.76472456598035
arak1252,aust1307,4.961573480490113,1.6126394614395547
aram1253,more1255,-4.565945577155377,6.738102866901654
arao1248,pano1259,-2.139996903663497,1.8242426071527011
arap1274,algi1248,0.4103174225207266,2.03899687591257
araw1273,tupi1275,-1.894190716956232,3.0749686764613955
arbo1245,afro1255,-0.0592701576481686,0.9643477959637838
arch1244,nakh1245,-5.088619045809571,4.951187314608301
aree1239,aust1307,-1.857815433664832,0.8548237271823655
area1240,aust1307,2.2674627654100767,1.4156357192365547
argo1244,afro1255,-3.3124997215633374,2.4020609340464354
arhu1242,chib1249,-2.371633701001421,1.764826107145213
arig1246,atla1278,2.9838226348228822,1.32138088770734
arom1237,indo1319,4.2843646774737465,3.064491769095332
arop1243,aust1307,1.712020278474122,0.8863435564212914
arop1242,aust1307,0.8472333423801635,0.940713566679861
aros1241,aust1307,1.633026312048707,1.5181884732996842
arta1239,aust1307,5.669225730446033,2.971521062574899
asha1243,araw1281,2.172928776707436,1.794474808546342
ashe1272,araw1281,3.648088481598605,1.942589809547469
asoa1238,cent2225,2.657757875535655,1.6780221921601903
assi1247,siou1252,-3.462131328235038,5.839009270947177
asur1254,aust1305,-3.0716376333206803,2.5651047408852428
asut1235,atla1278,2.413174925583979,1.3117690640384616
atam1240,aust1307,5.404690863934144,3.046832784063195
atay1247,aust1307,4.387557812635707,2.029183054938887
athp1241,sino1245,-5.503402566014131,2.385830166540247
aton1241,sino1245,-3.4667655774419828,1.6848901458573682
auuu1241,nucl1708,2.5316230284008183,1.40449682019692
aulu1238,aust1307,4.95351608132197,1.348948890970176
auye1238,nucl1709,-2.7964542672623494,2.0247326132239927
avac1239,tupi1275,-2.9465482796271,3.916382562708515
avat1244,atla1278,3.1857503425330718,1.5824256289027048
katb1237,aust1307,3.4084439068693864,1.362089112045357
awac1239,barb1265,-2.822189948078188,4.117552648958414
awad1244,aust1307,0.3532717359367325,0.7098095755342442
awad1243,indo1319,-3.846853934769707,3.378407538879204
awar1249,ramu1234,-3.9965247268342097,6.729769881735912
awar1248,nucl1709,-3.580150920208021,1.357338185214287
awet1244,tupi1275,-2.1066921531039244,1.8537044168563208
awji1241,afro1255,3.117544380642865,4.437700887351454
awtu1239,sepi1257,-3.756161473000639,3.9514619292345374
axam1237,aust1307,4.891012831291711,1.356184698059133
axiy1235,sino1245,-1.7212981704120534,1.2140973812331648
ayac1239,quec1387,-2.6338228400808745,3.7131607213864175
azha1235,sino1245,-1.633324763908072,1.3114285703227395
baba1264,atla1278,3.518923160650696,1.0755664410552015
baba1266,atla1278,3.4080058738664527,1.059760651581941
baba1268,aust1307,1.6593713322763914,1.173713861739781
bada1257,drav1251,-2.558963000012612,1.5785885472007806
bafa1247,atla1278,1.613222975141252,1.157262872306891
bafi1243,atla1278,2.7427439992151683,1.215232833651621
bafu1246,atla1278,3.519840444893353,1.062380582077429
baga1273,atla1278,2.7183096407353955,1.5527536313865244
baga1272,atla1278,1.522169492628518,1.5548305598374448
bagi1246,cent2225,3.246894137922148,2.246139283985068
bagv1239,nakh1245,-5.029708866541887,4.760126239828253
baha1259,afro1255,0.6893737647093936,2.147691016455216
bahi1252,sino1245,-5.770599704614808,2.577398205501717
bahn1262,aust1305,5.1595017718515575,3.694345870065789
baim1244,sino1245,-2.475850618856384,1.87422788073623
baka1272,atla1278,3.821203751912903,2.315351985051933
baka1274,cent2225,2.298939267348016,1.5021005810739825
baki1244,aust1307,4.774805351457077,1.3669512598180766
bala1316,aust1307,4.494275116163186,2.631076026245138
bala1311,aust1307,4.994328359204699,2.923557530356616
bala1315,aust1307,4.58412281003897,2.789283262890203
bali1278,aust1307,1.527508548194518,1.7652621502137755
liki1240,atla1278,3.898230049233058,1.9763620283015173
bamb1270,aust1307,3.048206749936522,2.155861749689432
bamb1269,mand1469,-4.81273703203814,4.78060498311252
bamb1262,maoo1243,-2.879004978961865,4.642344914946515
bamu1253,atla1278,2.998397395866138,1.1378449735401863
bamw1238,atla1278,4.094055544043512,1.998716874745206
band1344,atla1278,4.984933072534952,2.67844132383601
band1340,atla1278,3.70472674516996,2.231036165334965
bang1363,bang1363,-2.340270849437231,5.10466551307737
bang1369,sino1245,-3.47266493864348,1.6334322044425846
guar1293,araw1281,1.808526251161736,1.2930809147242357
bani1255,araw1281,1.6774082387160427,1.3209603455002128
bann1247,aust1307,1.0277669442547976,0.9089559729836124
bant1281,sino1245,-5.659094306721402,2.4484951925015057
bant1288,aust1307,5.78458163569424,3.143800684771831
bara1357,sino1245,-5.856042938450646,3.04104549890833
nucl1630,koia1260,-5.247613216293359,6.390481464838052
bare1279,afro1255,3.3734333190462773,2.0772952265283653
bara1369,aust1307,1.8611098556431116,3.0170945716956794
bara1361,atla1278,5.0582636102571925,2.2947971129935283
bara1370,aust1307,1.3692664739453249,1.268950647800423
bard1255,nyul1248,-0.6410451782727195,2.121839273435336
bare1276,araw1281,1.8660455594882797,1.3210653829827663
barg1252,nucl1709,-4.836543008514058,1.5505523453047283
bari1286,aust1307,2.9141106419938088,1.0591935514931663
baro1253,aust1307,5.6675629920927495,1.7965511132193832
basa1282,atla1278,1.865998231001948,1.2269163519859845
bash1264,turk1311,-4.252749301177671,6.915568456945932
basq1248,basq1248,-1.3028309698958167,3.883976381438341
bata1293,aust1307,4.209133018168213,3.817898625306233
bata1289,aust1307,4.129810650440628,3.617030704454635
bats1242,nakh1245,-5.039906604095089,4.838965424492171
baur1253,araw1281,3.903150448312798,2.222201377146151
bauz1241,geel1240,-2.389088216150915,4.911466424466969
bawm1236,sino1245,-2.657995180303674,1.2549177626747543
bayb1234,aust1307,4.125572510067432,3.27213841296852
bebe1248,atla1278,3.716971627434851,1.7854149784252176
beem1239,atla1278,2.58414942238858,2.9627368627221475
beja1238,afro1255,-1.983456175674992,2.621860370867614
bekw1241,atla1278,3.1095048991251004,1.274232081144996
bekw1242,atla1278,3.7323215100417695,2.3818889160655274
bela1256,nilo1247,3.5294382881143704,3.056358880703449
bela1254,indo1319,1.7209092145582492,2.315071961680694
nyal1254,aust1307,4.338785648326613,2.9111280260409664
belh1239,sino1245,-5.486331254914834,2.4050776425566465
beli1257,cent2225,2.1981586628940173,1.7042642522513347
bell1243,sali1255,3.7302288191922783,4.839450004696266
belu1239,atla1278,4.826774522631306,2.322079353083989
bemb1257,atla1278,4.206397582644373,3.3004101233803222
benc1235,gong1255,-3.9686166963403817,4.026828549387746
bent1238,dogo1299,-3.014759707908321,3.638875166589452
zagh1240,saha1256,-2.800106640955504,4.506480147613596
bert1248,bert1248,1.0976063435228312,3.24601545704631
bezh1248,nakh1245,-5.026772262138925,4.731501570122061
bhoj1244,indo1319,-3.710455058161714,2.982910226303238
biaf1240,atla1278,3.2428593827039016,1.9276070534006229
biak1248,aust1307,2.831543009627941,1.7173716770320002
bian1252,kuni1270,-3.304767397729285,4.714339533573366
biao1254,hmon1336,4.0900584859485605,3.866115900924937
biao1256,hmon1336,4.588132530256605,3.988603262638581
biat1246,aust1307,1.2114796336278244,1.4588915822078814
bier1244,aust1307,3.2249339618500508,1.3477990568219198
bign1238,aust1307,4.974300732145155,1.4560877874128444
biha1246,aust1307,5.21224778501472,3.769460885004829
bila1255,atla1278,4.839810986230868,2.375361287107939
bilb1241,aust1307,-0.29548221905467,0.6626258932937716
bili1260,afro1255,-2.4169370808027595,2.4328550186507982
bilu1245,bilu1245,-2.364256465063705,4.840451242442359
bimi1240,nucl1709,-5.248515743990295,2.386633694011911
bina1277,nucl1709,-5.092947657487583,2.0566690162422674
bine1240,east2503,-4.840794840008433,7.444123768790243
bini1246,atla1278,1.8140949796247925,1.4767814125517231
gunw1252,gunw1250,-0.5518000822482275,1.363907664237944
birr1240,cent2225,0.0883304177702812,1.6005477579943292
bisu1244,sino1245,-1.4285927532198626,1.085034643220398
bitt1240,aust1305,3.4951284917211978,1.7919578967817014
biwa1243,yuat1252,-4.173412721885025,6.906370136251251
blab1237,aust1307,3.950503369682487,1.3450521746934785
blan1242,aust1305,3.527961287029156,1.9227720441309355
bang1354,atla1278,3.360936891736789,2.3972709226291045
bodo1272,atla1278,4.631693035840431,2.533376956619712
bodo1267,aust1305,-2.732492923587477,2.4556782232350685
bodo1269,sino1245,-2.970132478197156,1.3306127454853751
boka1249,sino1245,-3.4423324064252774,1.7228030393805849
bola1250,aust1307,4.740635936027744,1.3438258487447126
bolg1251,atla1278,3.7256520862467073,2.371428689810936
chim1302,quec1387,-3.382549270120671,3.90591431713424
bolo1262,atla1278,3.3028707116892373,1.939684607591968
boly1239,aust1305,4.007761753887507,2.40506727914425
bomb1262,atla1278,4.131737603650072,2.018156843340627
bomk1234,atla1278,-0.3180460524895443,1.3001181493434473
bona1250,mong1349,-2.993107538318532,4.251274847825599
bond1247,atla1278,2.159122926968136,1.2331960647376938
bond1245,aust1305,-2.816835488189451,2.137139549712172
bong1289,aust1307,4.21436925498228,2.1857768043261103
bong1284,atla1278,3.51177520196161,2.256989008258211
bong1285,cent2225,2.4897080371643816,2.076526540784638
bora1263,bora1262,-2.4817609478133056,5.195219831678795
bora1271,afro1255,-0.1007890624069043,1.2417276246005304
bord1248,chib1249,-3.32173368544164,2.8479143410923413
bori1243,sino1245,-3.380476924803136,1.3600552394035557
boro1277,gong1255,-3.704025061397,4.43975152516483
boro1282,boro1281,-2.1406421583369366,4.967313713475507
boto1242,aust1307,5.681550592806385,3.228027437721256
boun1243,atla1278,1.700750486210592,1.508779253055936
boun1245,nucl1709,-5.514616547355885,2.112730645381479
bouy1240,taik1256,4.564025618934871,3.286237773565526
brah1256,drav1251,-3.976464591986072,6.593926544582681
lave1249,aust1305,5.123144773182192,3.382098744134117
bret1244,indo1319,3.969205121813816,4.362046780165876
brib1243,chib1249,-3.653223655807868,2.6415338896608525
bube1242,atla1278,3.46134195131812,1.8116142221047136
budu1248,nakh1245,-5.209179032503741,5.591900795757516
budu1265,afro1255,3.169682848220792,1.807921408792721
budz1238,atla1278,4.7116670989955,2.5088486274591446
buga1247,aust1305,4.086664419871898,2.290725772624782
buga1250,aust1307,1.5695776204087308,0.7247479693473657
bugh1239,aust1307,2.380083770935294,1.2768289411825222
bugi1244,aust1307,2.78876885998101,1.9451011442766344
bugl1243,chib1249,-3.6872160260573352,3.161292737649326
buhu1237,aust1307,-1.8624602904114984,1.08441241178984
bujh1238,sino1245,-6.034436252348371,3.048862262201121
buki1249,nucl1708,0.7772012003135425,1.089272194135784
buku1249,atla1278,4.231072275714947,1.8927131685806096
bull1247,atla1278,1.3443235131843856,1.3971541916282888
bulo1242,aust1305,4.822370656407745,3.682922360546346
bulu1251,atla1278,3.428661585161245,1.837278758908312
bumt1240,sino1245,-3.847155644482716,1.9431770285416352
buna1276,aust1307,-1.5927024605525286,0.9963151320883146
gahr1239,sino1245,-4.705826656563296,4.021635370808671
bund1253,indo1319,-3.975728407213834,3.7023268137536167
bura1292,afro1255,3.0349431125923005,1.1633868166086128
bura1267,mani1293,-2.377741486609673,3.797471817151324
bure1242,afro1255,2.267328001618637,0.993205229238395
burj1242,afro1255,-2.617694977532288,1.694529517041575
nucl1310,sino1245,-1.896740807284096,1.2597161467625515
burm1264,burm1264,-2.553812227410752,5.1611478156976816
buru1303,aust1307,3.153137416348778,2.338450700971056
buru1320,afro1255,0.6527305716283355,1.190007159544603
buru1296,buru1296,-3.421439085201881,7.364298336785643
busa1253,mand1469,-3.0321553146185827,4.096512266752086
bush1247,atla1278,4.290677225134422,3.5713230646583245
buwa1243,afro1255,1.716634849875205,0.9722411426153368
bwai1242,aust1307,-1.7922537274526715,0.8008597122483252
bwat1240,aust1307,3.09381823070764,2.476483490712173
byan1241,sino1245,-5.606404580728601,4.069617621813036
caac1237,aust1307,4.578536288158288,2.523974174727421
cabe1245,chib1249,-2.0319984889122478,2.558271151766897
cahu1264,utoa1244,-1.9593650648196093,2.280642689433746
cakf1236,afro1255,1.651504965984846,0.9222148106309778
cald1236,quec1387,-3.533695481487193,3.660807154384493
caml1239,sino1245,-5.667237902884734,2.528827643976664
camp1261,indo1319,3.060619625312157,3.856752876767805
cane1242,nucl1710,-2.9710361655420696,4.199142142674534
caom1238,taik1256,5.292311704017507,3.724620786277733
capa1241,pano1259,-2.695780789011062,2.107771778967459
carn1240,aust1305,3.268855298390946,3.85790930543568
caro1242,aust1307,3.358727823070224,5.555143657960972
cash1251,pano1259,-2.784438411129853,2.4042604180533864
casi1235,aust1307,5.653542935931675,3.0311037135404604
stan1289,indo1319,2.297207522425075,3.287040629080792
cavi1250,pano1259,-1.820360351499052,1.7461944051774214
cayu1262,cayu1262,2.426459131935056,5.11468996026999
cebu1242,aust1307,3.937956532472688,2.952445842505352
cemu1238,aust1307,4.661682533667092,2.414072279785083
cent2127,eski1264,0.7782054628269099,3.2179247464002643
cent2142,ayma1253,-1.0128493348547976,2.7429349005444585
cent2004,sino1245,-0.8904003265243062,0.9069536388257776
cent2292,aust1307,5.623313342370894,2.898045636829009
cent2084,aust1307,5.386744423870892,3.01989696495313
cent2314,aust1305,4.47571269891192,3.301529278097449
qaua1234,taik1256,2.87465763922684,3.0122989225926684
cent2050,saha1256,-1.366218894924336,2.551401434849849
cent1989,aust1305,4.691365787938924,3.6112874856209984
mala1479,aust1307,2.538701589492316,2.9773228900254782
cent2322,ural1272,-1.5285093593677015,3.087939060487153
cent1992,aust1305,4.943211689831406,3.625348351327414
cent1990,aust1305,3.482805307502605,4.048994046817976
cent2126,japo1237,-3.0689071343729823,4.054146221688658
cent2140,miwo1274,-3.0489588323928185,5.141195631654519
cent2131,utoa1244,-1.1472048165747966,1.252738913064336
cent2150,chib1249,-2.589298969636256,2.5301661993417035
mbal1255,atla1278,2.584709325610599,3.719753679066187
chac1251,pano1259,-2.2898422878257625,1.8706462264343315
chad1249,afro1255,2.732041107327549,2.346311874083515
chak1270,sino1245,-2.2862450446769818,1.4404353381278732
chak1271,atla1278,1.9786558774876517,1.3271640415236767
cham1315,zamu1243,1.4966235863191917,3.875864914762081
cham1309,nakh1245,-5.049021556502356,4.788813434386878
cham1312,aust1307,4.99595481311156,5.589978341368814
chan1313,sino1245,-2.8265501216495763,1.1094684096448386
char1269,gong1255,-4.365169638664444,3.9467379705977663
chas1234,sino1245,-1.866348807359126,1.0068656640015394
chec1245,nakh1245,-4.59774287882524,5.224477828391059
chek1238,aust1307,2.4038454184756657,1.298107866740242
chen1255,drav1251,-4.4207536149977145,3.6990485859997726
chep1245,sino1245,-6.118160817917868,2.9040211130602387
cher1273,iroq1247,-1.8757675260052804,3.685260729742959
chey1247,algi1248,-0.5521574181392153,2.099566688972814
chic1270,musk1252,-3.2543826484860627,4.597897200886569
chig1238,atla1278,4.72473892093493,2.727846704887929
chil1280,atha1245,-2.703766063705954,4.37013573312322
chim1309,chib1249,-0.444245266645815,1.6346998656710063
chhi1245,sino1245,-5.587788046978476,2.404234994712612
chip1261,atha1245,-3.894498167991645,7.511204214930089
chip1241,algi1248,0.9409726056538474,2.6082688862667265
chir1283,sino1245,-3.2298021926198635,1.0089852285732768
choc1275,sino1245,-3.641548291318299,1.7823648169504676
choc1276,musk1252,-3.160113950347915,4.456173735697714
chon1284,aust1305,4.557404904381903,3.3434613191873552
chot1239,sino1245,-3.287108897928168,1.020329406614417
chra1242,aust1305,4.463841559134165,3.9132861066259377
chuj1250,maya1287,4.787331497476856,3.953638406204593
chuk1273,chuk1271,-2.5956026322057912,7.616043037955677
chuu1238,aust1307,3.9408339095317735,4.706776473674205
chuv1255,turk1311,-2.975953460480317,4.187524180022923
chuw1238,atla1278,3.2674050339354856,3.3793938340440466
cici1237,atla1278,3.3790493120630645,2.026486850696044
chin1286,chin1490,-2.064300243743762,4.910655621102942
cent2087,aust1307,5.721773521114049,3.229410573607764
sout2912,aust1307,4.09115801862521,3.3906939367645457
coat1243,otom1299,5.570530923383952,4.072051571902524
coca1259,tupi1275,-0.990839129140922,1.8518082654608712
coeu1236,sali1255,2.3186081773721816,2.9334191528259304
cofa1242,cofa1242,-2.033294109929719,4.5240831415641125
cogu1240,chib1249,-2.375829340910508,1.873041816979816
inga1252,quec1387,-3.6895325365734633,3.710403071676753
colu1241,sali1255,2.419035022393451,2.9086363384975087
coma1245,utoa1244,-1.8496238959787212,2.983801130340588
como1259,sali1255,3.83819434530629,4.35840574240763
cong1236,atla1278,4.454690992627475,3.5094848775499123
copa1237,otom1299,5.412182859743275,3.8822903348479336
cors1241,indo1319,3.23540276350244,3.5576320824114718
cosa1234,sino1245,-1.9319323991620987,1.1270748267827688
cota1241,aust1307,3.78499548876408,2.8499368934034983
cree1270,musk1252,-3.1047187487991383,4.621517319620407
crim1257,turk1311,-2.966123538085016,4.862840124062778
crow1244,siou1252,-3.525904683921929,5.060594308210286
cube1242,tuca1253,-1.06210169195994,1.3676234127498006
culi1244,araw1282,-2.280952360413216,4.308355777405044
curr1243,araw1281,1.247914134614704,1.2974183218699284
cusc1236,quec1387,-2.589191065362266,3.679636634624794
cypr1248,afro1255,2.841597328201161,3.168225477108683
czec1258,indo1319,2.452098519089518,2.9300011554023357
daai1236,sino1245,-1.6882717786039507,1.2652406613194973
daas1238,afro1255,-1.1160182932228793,1.147754290338721
dadi1250,tebe1251,-4.409479207476799,7.283194369307822
dagb1246,atla1278,2.683454584404546,1.5543205615699964
dagi1241,narr1279,2.7410276882004703,3.4916482934434203
daur1238,mong1349,-3.182595115903877,6.865151736127656
daha1245,afro1255,-1.2463932212016964,1.6321436863399337
daka1243,aust1307,3.358130732603445,1.3529820185016774
damp1237,aust1307,3.8203166001080935,2.578846139203573
dana1252,aust1305,5.302916212601994,2.10345054147559
dand1238,drav1251,-5.296449725762569,4.32782770194466
dani1285,indo1319,2.582079342101332,3.5831681001302496
dara1250,indo1319,-3.666791251581308,3.1345011152051576
darm1243,sino1245,-5.5700430567108175,4.063079027473302
dawr1236,gong1255,-4.763168418105501,3.9934762730661912
daza1242,saha1256,-1.858113522676959,2.870966031382304
defa1248,ijoi1239,-2.1193085074873963,4.734711020577628
dege1246,atla1278,3.42243130297407,1.734779566504253
dehu1237,aust1307,4.717919919311344,2.456687001677343
dera1245,sena1264,-3.29944060448756,6.126861571899845
dera1248,afro1255,1.4994515621800475,1.1053286855799982
desa1247,tuca1253,-2.0592247602787053,1.2316831701551791
dhao1237,aust1307,3.813933843827547,2.0684681525611683
dhar1247,pama1250,0.6088770348078942,1.8130982752269684
dhim1246,sino1245,-4.982559815426502,2.258527842879573
dibo1245,atla1278,3.5332925859370787,2.0954464695113124
dier1241,pama1250,-2.777055058493997,3.181568958010772
digo1243,atla1278,2.076157282173615,1.4899286035763293
dima1251,sino1245,-3.2787903966199803,1.1453709021324912
diri1252,atla1278,3.461642962051891,3.200580769339915
djam1256,pama1250,-1.8095218497696173,1.7937935252960688
djee1236,mani1293,-2.474542285962086,3.8242797884867183
djeo1235,nucl1710,-1.2372328702022843,2.2076641076455044
djin1253,pama1250,-1.6073187743283492,1.5640762820277985
dobu1241,aust1307,-1.615717932033351,0.8890999294489319
domm1246,nucl1709,-5.296257289115079,1.8571309138298664
doma1260,indo1319,-1.621155255534276,2.356195405107861
dong1285,mong1349,-3.41754492691329,4.275209319982062
doro1266,manu1261,-5.140874966695415,7.419419346423979
drun1238,sino1245,-2.2684436661499183,1.300347418666739
chug1252,sino1245,-3.4468721977135286,1.5824773390020184
dumb1241,aust1307,4.729849542633732,2.763832831326374
dumi1241,sino1245,-5.64667855167049,2.5547307526036267
dupa1235,aust1307,5.476804012821132,3.0636723009125437
dusn1237,aust1307,4.24188287059668,1.5601667029161457
dutc1256,indo1319,3.019841320626317,3.5912899845554893
dyir1250,pama1250,-3.741771443393757,3.0147943949731246
dyul1238,mand1469,-5.2636326333036925,3.476742690329816
dzao1238,hmon1336,4.386418620096015,3.946942409847983
dzon1239,sino1245,-4.252111861167846,2.2105568023497337
east2443,aust1307,5.04359855641432,1.6285703973923482
tang1336,sino1245,-3.2907942460245723,0.9964562405914048
nucl1235,indo1319,-2.8025859662901658,2.814259227325774
east2379,pama1250,-1.2407929669481923,1.7617173745868495
sout2896,aust1307,2.3257977292685035,1.3565234223342593
east2555,tupi1275,-1.2368966868153044,2.2849878148379226
east2332,aust1305,5.092324542057007,3.199141750292389
east2563,aust1307,4.982974101350289,3.9029197659661135
east2690,afro1255,2.8155572251418524,3.2008869507045485
east2556,otom1299,5.149632468179494,4.0713594167876845
east1236,aust1305,5.213757342972212,3.470809582775372
east2342,sino1245,0.3900852921520472,1.0817780612020211
east2328,ural1272,-0.5776216314002517,1.6956688589117004
east2773,sino1245,-5.82309197626299,2.6937055019882763
panj1256,indo1319,-2.758159359410337,2.853026129927469
east2485,aust1307,2.0564232516596883,1.3559849170269749
fina1242,aust1307,4.040812672453912,2.872178028600148
east2447,aust1307,3.309400468522409,5.140517843968157
east2516,nucl1709,-5.631869475218807,2.243660889588554
huaa1248,tuuu1241,1.2539302368773164,3.755624562768812
wall1257,aust1307,3.397566968739892,4.934151781637333
egyp1253,afro1255,2.84532982170869,3.511016588100384
eipo1242,nucl1709,-4.505840560097044,2.3535241320521134
ekar1243,nucl1709,-2.8874285998798985,2.1037521218660835
elem1253,atla1278,3.3556056055395285,1.5587811391764266
elip1238,atla1278,2.887830924111554,1.2960424296465334
elna1235,utoa1244,0.300881931776356,1.3736290613711404
emae1237,aust1307,4.527762574453988,1.4650802641861116
emai1241,atla1278,3.1463940461992284,1.3737427395063817
embe1260,choc1280,-3.110863025690404,4.11393748453848
embe1262,choc1280,-3.067362331344417,4.166225291338623
stan1293,indo1319,2.7875991899795207,4.051539722282836
enuu1235,sino1245,-2.072405373963394,1.1414848524449468
epen1239,choc1280,-3.2118893475114048,4.279589402416297
ersu1241,sino1245,-2.2644653010114126,1.3497605595104665
erzy1239,ural1272,0.9013458986214302,2.006191560289197
esan1238,atla1278,3.131999442065673,1.4702298294899911
esee1248,pano1259,-2.569607455006615,1.9835736931363748
esim1238,atla1278,3.595760437660357,1.111227880798534
esto1258,ural1272,2.0009132212729908,2.2011513520344543
eton1253,atla1278,3.032597045968862,1.4160356812715875
even1260,tung1282,-3.3517780427948853,8.40938248182702
even1259,tung1282,-4.166114474193246,9.291105209748574
ewee1241,atla1278,3.087959716788195,1.801761293289001
fala1243,sino1245,-3.101009180149732,1.4022357875828515
fare1241,atla1278,2.2778640866614017,1.5513228839697586
faro1244,indo1319,2.323969518462552,4.621165782488468
fasu1242,fasu1242,-4.599883666701468,7.6291958288013
fiji1243,aust1307,4.910311202825211,5.157031042772374
fili1244,aust1307,5.751284548290105,3.1510556028993584
filo1235,toto1251,2.7547711499746046,4.314369543974822
finn1318,ural1272,1.824640664559194,2.460791863457798
fipa1238,atla1278,4.238824122723193,2.952225782742886
foii1241,east2499,-4.487796784798334,7.499409214744903
fonn1241,atla1278,4.54631907901218,1.8466914941222417
fore1265,ural1272,-2.5379287847351204,4.432096618086868
fran1266,mixe1284,2.90661448024897,4.7756120840553145
stan1290,indo1319,4.314293640227421,4.119257599959283
fuln1247,fuln1247,-2.6798028276526207,7.448616235855319
furr1244,fura1235,-1.666850782220873,4.150987876394337
furu1242,cent2225,2.3872481205489677,2.4188721930232724
futu1245,aust1307,3.171444954282796,2.5390423292427045
fuyu1242,fuyu1242,-4.515983663279384,7.109951472952785
gaaa1244,atla1278,2.959196067188573,2.192937630748545
gaam1241,east2386,0.6296306705729904,2.9072569954345955
gaan1243,afro1255,3.091077032981401,1.1427205527325022
gada1258,aust1307,5.553765177682443,2.899507940804824
gade1242,atla1278,2.5030091286852336,1.2723896727110589
gaga1249,turk1311,-2.3858656955131803,4.341893445647232
gala1264,afro1255,2.230706633154072,0.9139717218905848
gale1259,nort2923,-0.770462991912294,1.452999656558962
gali1262,cari1283,-0.7632478595994072,1.768562967008208
gali1258,indo1319,2.0311355311411434,3.0547895808225256
galo1242,sino1245,-3.281649774919442,1.422570457029389
gamo1243,gong1255,-4.770721355137305,3.9638527602973657
gand1255,atla1278,4.559881473565811,2.23689792911998
gang1267,tang1340,0.6761980167565624,1.563211159402348
gang1266,sino1245,-3.331408965800401,1.0021420253173048
gant1244,nucl1709,-5.177792446087241,1.8054094204710636
gapa1238,aust1307,-1.864019511130117,0.8820462775355065
boht1238,afro1255,-1.781999415625525,2.522378262269772
gari1256,araw1281,3.3140097687236767,3.0069541032393143
garo1247,sino1245,-3.6096479873355913,1.763269153450306
gara1269,garr1260,1.2419246124424568,3.517345173964099
gata1239,aust1305,-2.8201378120360827,2.3508172196360477
gayo1244,aust1307,4.303514319018266,3.894249756233421
geba1237,sino1245,0.7536561546335343,1.0578520197198138
gebe1237,aust1307,3.9955855049927993,2.4068750776733907
geda1237,aust1307,-0.4786201051020328,0.6630465042061964
gela1263,aust1307,3.829599702856689,1.3014848759803392
nucl1302,kart1248,-4.181339379964365,7.120428868288215
geru1240,afro1255,1.7838117147807426,0.9202674265682712
gese1240,aust1307,2.8876744733294264,1.9458154959911165
ghad1239,afro1255,3.138149870893787,4.627618292161349
ghan1242,aust1307,1.357190870743772,1.0717411948762798
ghar1239,aust1307,3.642866961826376,1.3564966225400337
gheg1238,indo1319,2.4339057502379537,2.5858174528448874
ghom1257,afro1255,0.4713149370634228,1.9949513033768491
gida1247,afro1255,3.4017541213519964,1.281837814969057
giiw1236,afro1255,2.219143443168502,0.9691970507103348
gilb1244,aust1307,3.382119394976485,5.728945327404517
gira1247,nucl1709,-5.037919692364076,1.5603091440525532
gizr1240,east2503,-4.8497564831149305,7.469068361938188
glav1244,afro1255,3.3057070548749423,1.0430644100638506
ghod1238,nakh1245,-4.931335065032,4.8897047708764845
goem1240,afro1255,1.941963450066085,1.0424322819157226
gofa1235,gong1255,-4.726728143077831,3.941363267063222
gogo1265,suki1244,-4.708511475216297,7.972069492804869
gola1255,atla1278,2.2418421506143438,2.147780340658485
goon1238,buna1274,-2.6093086573095734,5.922075502742723
pare1266,aust1305,-2.7727512750959966,2.1363205003389982
gras1249,koia1260,-5.360299930448965,6.38217800599957
guah1255,guah1252,-1.6800907769060769,4.124016054968067
guam1248,barb1265,-2.861249618272949,4.291623849701816
guat1253,guat1253,1.8244960492491311,4.390455015066399
gube1234,atla1278,2.2544299870078413,2.392301483599644
gude1246,afro1255,3.174774774230356,1.0996004071718328
guer1243,otom1299,5.33603610592934,4.035891427182831
guhu1244,nucl1709,-4.768413683081442,1.8791828480627049
guiq1238,sino1245,-2.139162416331404,1.3104623703113276
gulf1241,afro1255,0.3135883363165503,1.6489086346459256
guma1254,aust1307,-1.4056959429138287,0.91004702394574
guny1241,pama1250,-0.7408238016763696,2.022173143125485
gura1251,indo1319,-1.1943653882365148,2.31531819600448
guri1248,guri1248,-3.0867074794063862,5.754968341639234
guro1248,mand1469,-4.394407241654681,4.194573813839988
guru1261,sino1245,-5.79142346442676,2.613386972145806
guru1271,afro1255,2.080035366799643,0.897769427930811
gusi1247,atla1278,4.015602724131423,1.8890489238075148
gugu1255,pama1250,-2.9213856731408963,2.672645325005629
kwam1249,koma1264,-0.0467205662957113,1.7113096055182735
gwen1239,atla1278,2.4717910465755963,1.3390806156419846
gyel1242,atla1278,3.463819269872169,2.08816085690456
haaa1252,atla1278,4.397844149860841,3.0117868049120613
hadi1240,afro1255,-3.140720599121427,1.5600086247706957
hadz1240,hadz1240,-2.5075441219567924,5.208578250576002
haka1240,sino1245,-2.888917464618535,1.2563092173148735
hakk1236,sino1245,1.1676872249974752,1.9959843607681835
hala1252,aust1305,5.213446618993164,3.4254479331680887
halh1238,mong1349,-3.499132921878395,6.027659997370996
hali1244,aust1307,2.171510814864193,1.2424760567396422
halk1245,sali1255,3.841265560710625,3.8002539153241663
hame1242,sout2845,-1.91835337597611,4.153167306832144
hang1263,nduu1242,-3.749021052619325,4.987289558695872
hani1248,sino1245,-1.8819468175670524,1.309359866762568
hano1246,aust1307,5.038425971736892,1.618239733808002
haro1237,aust1307,5.414006868612141,3.8888532856565607
haru1245,piaw1238,-4.410327603671698,6.578357155815011
hass1238,afro1255,1.9035226989212168,3.150184640705417
hata1243,hata1242,1.7856351690599537,3.621605285335731
remo1247,aust1307,4.091137256887519,3.080263320466541
haus1257,afro1255,1.4587004069402316,1.2169880292190705
nige1253,atla1278,4.666631049305289,1.7468605584397032
hava1248,coch1271,-2.1669345656056174,4.8753606699510375
hawa1245,aust1307,3.8834363606892,7.752365081237015
sabu1255,aust1307,3.7115238737032135,2.154849851427077
hdii1240,afro1255,3.205672516224407,0.9795815270657576
hehe1240,atla1278,3.564160312903759,1.991799355309075
here1253,atla1278,3.9596962615841353,3.459404413339966
hida1246,siou1252,-3.615119582861121,5.838212151681553
high1276,mixe1284,3.1156028919383982,4.520438783486188
karb1241,sino1245,-3.1975302963792087,1.181588968361762
hind1269,indo1319,-3.753776146934468,3.7858178722286286
hinu1240,nakh1245,-5.0803900000831765,4.772899266213464
hixk1239,cari1283,0.4505779707766952,1.4913824192053298
hlai1239,taik1256,4.0855166734644754,4.891902177902944
hooo1248,aust1305,-2.1786381111732025,2.041068107116393
hoav1238,aust1307,3.4009685205948124,1.1823759823712905
ainu1240,ainu1252,-2.835187993629373,7.889145781922171
holo1240,atla1278,4.436128343974364,3.4278264031409584
hone1235,atla1278,4.798074324205434,1.4531629685674137
honi1244,sino1245,-2.0694113031174224,1.1487109091912977
hopi1249,utoa1244,-2.8117721378253675,2.8422240591733274
hote1245,aust1307,0.990337369610724,0.5922608130092861
hozo1236,maoo1243,-2.9777468172334647,4.641950479515469
hrus1242,hrus1242,-2.9324603784443672,6.14321731744953
huuu1240,aust1305,3.2220990761870043,1.675663679237141
hual1241,quec1387,-2.8327097673027914,3.5518219591713844
huam1247,jiva1245,-2.5464676727408606,3.081672223636197
huar1255,utoa1244,-0.9729218739419284,1.1760258112738189
huas1242,maya1287,2.808901826638849,4.654944156125762
huba1236,afro1255,3.1141743824523926,1.10037833396958
huic1243,utoa1244,0.0562477436715935,1.4138803833425315
hula1239,aust1307,-2.225499287878179,1.1441068873025468
hula1244,afro1255,-0.5577736225165624,1.8736789676214585
huli1244,nucl1709,-5.577498830476182,2.409950229357825
humb1243,song1307,-1.6336033148454552,1.7911739504955548
hung1275,aust1305,4.722984700412358,2.950076720181489
hung1274,ural1272,0.1978088404304958,2.2031914809157787
hunz1247,nakh1245,-5.0405512407360575,4.745796094795285
hupd1244,nada1235,-1.400657991942908,2.572906808379848
wyan1247,iroq1247,-0.3007076081917669,1.973462118138109
hyam1245,atla1278,2.79558675955449,1.260999985536662
iaai1238,aust1307,3.1578841118706245,2.2808242469617106
iatm1242,nduu1242,-4.318458576181874,5.135805506423896
ibal1244,aust1307,5.750470875129295,2.994313706488878
iban1264,aust1307,1.8454411683196053,1.6336902370471265
iban1267,aust1307,5.496239122657403,2.989200398142483
ibat1238,aust1307,5.162793021982436,3.069501423790207
ibib1240,atla1278,3.2273392480519623,1.4306390613797273
icel1247,indo1319,3.1224638381760843,6.283766942097103
idaa1241,aust1307,3.855519507973159,2.096432741312743
idii1243,paho1240,-4.673918171637883,7.641874417518645
idom1241,atla1278,1.9706746030820417,1.2499408822875075
idum1241,sino1245,-3.132392960877019,1.9138150424869116
idun1242,aust1307,-1.6758115957894109,0.8308166140489313
nucl1417,atla1278,3.3960300546820874,1.590085894876271
igna1246,araw1281,4.437383831493003,2.248689301046422
ikkk1242,kuli1252,1.1779339807927371,2.92062911891189
ilaa1246,atla1278,3.1197080330678326,2.706150074216348
iliu1237,aust1307,2.1089162571618005,1.2962520644124034
ilok1237,aust1307,5.744398470857023,3.0140683133503803
ilon1239,aust1307,5.658144440231366,2.964651678050295
imba1240,quec1387,-3.733098341962304,3.8109942014501694
imon1245,bord1247,-3.317084691353839,6.09504677340006
ingr1248,ural1272,2.586202766762557,2.4639091744676698
ingu1240,nakh1245,-4.664319741111477,5.150030880823513
alba1269,aust1307,4.161510784989201,3.178070858586816
iqui1243,zapa1251,-0.4059958752197343,2.069131170991397
iraq1241,afro1255,0.1742788155584995,1.1533895640070266
irar1238,aust1307,2.756860211031514,1.5597833788507156
iris1253,indo1319,3.944603149283683,5.232778639615859
irul1243,drav1251,-3.440684916373373,3.195642702094407
kris1246,skoo1245,-1.9061044325298264,4.149979535371349
isco1239,pano1259,-2.829747041559977,2.119444610370749
isin1239,aust1307,5.678644026892831,2.957230653982375
isir1237,kwer1242,-2.562415250416894,4.190466419951688
isna1241,aust1307,5.382897079464646,2.989716698704424
isth1240,utoa1244,2.6832531646560382,2.820435855904744
isth1241,utoa1244,4.211260243719838,2.912265530082061
ital1282,indo1319,4.681352121241352,3.694253781713373
ivat1242,aust1307,4.715657010952976,2.777838813553265
iton1250,iton1250,1.4085337282527015,3.598232843218589
itza1241,maya1287,4.150258045874683,4.246374541391351
iumi1238,hmon1336,1.943310248780839,2.772556610278581
iwal1237,aust1307,0.8892227926764948,0.6506427887868611
iwam1256,sepi1257,-4.566926018130484,4.16007274467443
iyoo1238,nucl1709,-2.6472944436704493,1.3964899768158006
jahh1242,aust1305,4.1161922336081,3.3716647448643364
jalk1242,mand1469,-5.486780211452661,3.598927218526472
jamb1236,aust1307,3.104384884292479,3.812338826529668
djam1255,mirn1241,-3.797747153354473,4.707297147636268
jams1239,dogo1299,-2.8642642188707583,3.575451312306612
nucl1643,japo1237,-3.897643317527063,7.212617855371915
japh1234,sino1245,-2.2826923838078343,1.388049284877548
jaqa1244,ayma1253,-2.8113482204193505,4.417937864080507
jara1266,aust1307,5.381152800854025,3.724507681503512
jede1239,aust1305,4.289484027972634,3.4146292324941285
jehh1245,aust1305,5.237947186484508,3.4786829540386446
jeha1242,aust1305,4.288648605170966,3.4438271389727326
jeru1240,sino1245,-5.8433057944946345,2.575479532075727
jiba1237,atla1278,4.971189223524929,1.499238749831683
jina1244,afro1255,3.734631327249284,1.3638206511483482
djin1251,mirn1241,-2.6915250134103728,4.1228095923302295
jjuu1238,atla1278,2.3710519585766874,1.3079871050399614
juan1238,aust1305,-2.526180813885096,2.2961771142784286
juku1254,atla1278,3.9577350857909632,1.2438684527207702
jurm1239,cent2225,2.1743053388629576,1.6399360157295355
kaba1281,cent2225,3.154553063552011,2.565839269435536
kaba1278,abkh1242,-3.7572572965511895,6.707760864329833
kach1284,gong1255,-5.112162845517441,4.218738674935581
kada1242,drav1251,-2.5853909971427083,1.5825265745228805
kado1242,sino1245,-1.744206746261805,1.051768051052555
kafa1242,gong1255,-4.30405885076522,4.045203097536621
kaga1256,aust1307,3.843975051663481,3.071095378949291
kagu1239,atla1278,2.8432693951249965,1.53139935317334
kaik1246,sino1245,-5.922017912746522,3.566909249308752
kair1263,aust1307,-0.2337528305786234,1.0161332241819956
kaki1249,kaki1249,-4.326351077485537,7.077418514770102
cacu1241,kaku1242,-1.7490572647226252,3.9700495072889135
kala1399,eski1264,-1.669693361393246,4.612599644137182
kala1388,aust1307,3.8811461795229927,2.898966613680832
kala1377,pama1250,-4.563324521904159,2.988988639216677
kara1499,west2604,-0.9277162846653793,3.098881496086287
kala1384,atla1278,3.573846065454151,3.209194861021473
kali1308,sali1255,2.425522739526229,3.3744729909397435
kamm1249,atla1278,4.573692959200182,1.429667455548575
kama1370,nucl1709,-4.512324287424931,1.5963911524303356
kama1367,nucl1708,-0.1040408607559162,1.291936588961919
kamb1316,afro1255,-1.6340480952893444,1.463026779861588
kamb1297,atla1278,2.5052225084814435,1.5833469377621618
kamb1299,aust1307,3.15082219256852,2.274343721220438
kamo1255,nucl1709,-2.9900255148204247,2.223707721844029
kana1286,aust1307,3.8360435404973465,1.757033256291546
kani1286,nucl1709,-4.601283313371773,1.678670998043463
kank1243,aust1307,5.661387706820053,2.964463522689549
nucl1305,drav1251,-3.407894037383237,2.552818367337059
bidy1244,atla1278,3.383462877387566,2.2497102608682216
kaqc1270,maya1287,2.9152597088832013,3.8032046814309854
kara1482,cent2225,2.245596931382344,2.3890766230460123
kara1476,pama1250,-0.4760011202726744,1.3637566215871395
kara1500,nucl1710,-1.120832570990171,2.142948171150959
kara1487,aust1307,5.681434220017682,2.935368003513624
kara1486,aust1307,5.730025775457028,2.018340798571357
kare1338,atla1278,5.262883369506673,2.2276074328025555
kare1335,ural1272,1.7926102107869184,2.4388712050107597
kari1306,atla1278,4.55450093682207,2.420285003405644
kari1311,tupi1275,-0.6436094125964319,1.7730625164493825
kark1258,pauw1244,-3.410878974745294,6.244516991569027
karn1252,aust1307,2.4246532766026863,0.9152898016569287
karo1304,karo1304,-2.253852809175142,5.405788538163701
kash1277,indo1319,-0.8114925926419373,1.9551341186974067
kask1239,atha1245,-3.3233897273964965,5.925084457093904
newa1246,sino1245,-5.957711618924783,2.824090064827743
kats1235,sino1245,-1.7313986842251583,1.08449599922187
kana1291,katu1274,1.4886518189268765,3.8501253489000735
kava1241,aust1307,4.376748529420508,2.165945876593096
kaya1315,sino1245,0.8597113944334063,0.995726356669083
kaya1319,tang1340,0.2574169263065864,1.4332236382041188
keap1239,aust1307,-2.208026591213286,1.1794992895479446
kera1248,atla1278,3.721468987191632,2.285644408764277
keig1242,kadu1256,2.186007745982474,4.7628371742084585
kele1255,atla1278,4.703033263832651,2.8511031669742337
kele1258,aust1307,2.7351258946774943,1.5474227673301293
kele1259,aust1307,5.683459138237243,2.911738162344003
keme1240,atla1278,3.760389800555552,1.144234238847293
keng1240,cent2225,2.8598611234758216,2.571879144877068
kens1248,aust1305,4.373362069513073,3.5110046752709554
kenu1236,nubi1251,-2.6392226811942807,5.58313257325335
keoo1238,aust1307,3.3588825879817943,1.882310606886902
kera1255,afro1255,3.647351044169444,1.4958706439781846
kesa1244,nucl1709,-4.790273809246695,1.558880531997417
kett1243,yeni1252,-3.680005620349159,9.764099504996176
kgal1244,atla1278,4.535344649063463,3.63846238834458
khak1248,turk1311,-4.041012330793156,7.654418256572295
khal1275,sino1245,-5.380824973991027,2.463422679877296
kham1282,sino1245,-3.810700318065026,3.57838738191265
khan1278,atla1278,3.3364736613344985,1.5241743518149669
khan1274,aust1305,3.877643221660693,2.239761507865687
khas1269,aust1305,2.2338540039402703,1.594069946309956
khez1235,sino1245,-3.2525797535156933,1.0124656703876571
khin1240,nakh1245,-5.2579122383509045,5.451687540175449
khmu1256,aust1305,3.8999461153638304,2.006797959407601
guan1266,sino1245,-2.263215130066847,1.3077490377860244
khum1248,sino1245,-2.925195212142291,1.2517110841221708
khva1239,nakh1245,-5.144893775684476,4.734015616401646
kich1262,maya1287,4.536623546171974,3.8815219845337294
kiku1240,atla1278,3.3801886870212905,1.590383519901863
kile1243,tung1282,-3.617299452868139,6.276377270530832
kimm1246,atla1278,4.311238619401959,1.89478424229978
kima1246,kolo1268,-3.702959602103491,5.767081564227473
kima1244,aust1307,2.3635150142700176,1.7667811173638217
kimm1245,hmon1336,2.6068767086588376,2.9028798258633195
kina1250,aust1307,5.64151303718625,3.156954529436206
kinn1249,sino1245,-5.031469284861876,4.059293726420249
kiow1266,kiow1265,-2.366951301093807,5.663538879654766
kips1239,nilo1247,2.584383226890197,2.082848727367839
kelo1247,timo1261,-2.4271817262887248,3.095848213242224
miju1243,sino1245,-2.7944665453872317,1.4900223258141754
kobo1249,nucl1709,-5.456507437494174,1.910937454849733
koda1255,drav1251,-3.0754966316093846,2.0653773589527606
koho1244,aust1305,4.745776386088606,3.848237268573461
koir1240,sino1245,-3.3565542498261443,0.9914641399775412
koit1244,koia1260,-5.31530887795795,6.412348900908954
koka1244,pama1250,-3.031494126971328,3.5766929976263526
koko1269,aust1307,2.344329909874861,1.3093434431857691
kola1285,aust1307,1.7108857409165017,1.8416432507688647
kolb1240,atla1278,3.572238945156468,1.7425515922380723
kolc1235,atla1278,3.552517542732146,1.9082164161276545
kolp1236,kolp1236,2.486090807704296,5.108269350198272
kolu1245,aust1307,-1.670537160672887,0.8366254033996405
komb1274,nucl1709,-4.784401929932208,2.662784117317589
komc1235,atla1278,3.5686295620168225,1.0537149055648118
komi1270,sino1245,-1.6535121615087314,0.9827770608805242
komi1269,ural1272,0.5458309593503032,2.090448526493008
komi1268,ural1272,0.9326407840870536,2.4421098448028573
komo1260,atla1278,4.853256376133547,3.0433655327397098
kona1242,east2433,-4.423952936491304,7.486100600015723
konk1267,indo1319,-3.2221853366029167,4.164077609556797
kons1243,afro1255,-1.035439662830936,1.1150654955012005
kony1248,sino1245,-2.8662126256277665,1.1447877562784043
konz1239,atla1278,4.817714706672378,2.3803101208319752
koon1245,atla1278,3.709711349551369,2.1134899231988804
koor1239,gong1255,-5.097080192079035,4.218254389200983
kora1294,nucl1709,-5.741093134975225,2.0608340572797044
kore1280,kore1284,-2.0180225471688664,5.460031757058324
kore1283,tuca1253,-0.3750861645918955,1.5192124648575227
kork1243,aust1305,-2.7711186403953905,3.667065871977487
koro1298,atla1278,1.7205286415713172,1.5509057661635364
koro1313,sout2948,-2.7682960275451403,5.389816645454662
koro1312,nucl1709,-4.782994298447765,2.57630046271008
korr1238,drav1251,-3.3636441643002235,2.517795850219421
kosa1249,nucl1709,-4.324184270667157,2.34721753751392
kosr1238,aust1307,5.231965756201037,5.454959613579746
kota1263,drav1251,-2.597875356091905,1.5709509014608187
koti1238,atla1278,2.732577886714845,2.959815704388774
guan1269,tuca1253,-1.6756058285667133,1.279126090775522
kova1243,nucl1709,-1.9633828269747688,1.5268189073366738
kove1237,aust1307,3.10651364300559,1.2304486485015893
koya1251,drav1251,-5.024077484982108,4.190058916913596
koyr1242,song1307,-1.4977669525094273,2.2517929121374216
koyr1240,song1307,-0.8721510098853263,1.9297819570506205
kren1239,nucl1710,-3.364100270869784,5.27449459423509
gbay1288,kres1240,2.6371733213826403,4.429740884995441
ngeq1245,aust1305,5.184845329068571,3.328810052550608
kryt1240,nakh1245,-5.224982970887643,5.513889762976014
puoc1238,aust1305,4.170528479881893,2.431447002502928
kuan1248,aust1307,3.9783837543250926,1.4707860372989856
kuan1247,atla1278,4.112502183493454,3.712360665389765
kuii1252,drav1251,-5.346324973487738,4.258813857634763
kuik1246,cari1283,-1.6676355472646,2.08601055119466
kuku1280,pama1250,-2.2647586703088822,2.0166740831737933
kuku1273,pama1250,-4.203408087717763,2.850288960875501
kulo1237,aust1307,2.6375425033904087,1.7158980600027045
fait1240,nucl1709,-5.081255964669603,1.631526472057125
kulu1253,sino1245,-5.359898124477667,2.408816376545021
kuma1280,nucl1709,-3.6818832135159902,1.7861771201036447
kumb1268,pama1250,-2.62026735498939,3.480514506070799
kumz1235,indo1319,-1.0597404023089383,2.6709568186389365
kuna1268,kuna1268,-3.6510781808692143,7.409990719410104
kunb1251,gunw1250,-0.2125329404485347,1.3418329946946272
kuni1267,kuni1270,-4.4284074868606815,4.913762283322392
kunj1245,pama1250,-3.562140765452139,2.682361995505854
kuot1243,kuot1243,2.9510902635339757,6.101921093264593
kurr1243,pama1250,1.3071555587551995,1.4813817940601446
kurt1248,sino1245,-3.714355196479741,1.8549343324869465
kusa1251,aust1307,3.3660851302440227,1.158007846626342
kusu1250,kusu1250,-5.289408601896654,9.50207131830814
kute1249,kute1249,1.2967848956749308,3.664830812099949
kute1248,atla1278,3.789991294391681,1.2147184926036232
kuvi1243,drav1251,-5.248672716470653,4.249667694173233
kuyy1240,aust1305,4.839513055298029,3.2672666151682552
kwai1243,aust1307,3.9263573155360048,1.438204970041049
kwam1252,aust1307,4.659079270722906,2.2811042205706933
kwar1239,aust1307,3.973031324194815,1.4410773475717704
kwaz1243,kwaz1243,0.9997598229133556,3.1855177044295235
kweg1241,surm1244,2.033289566131295,2.407392397543415
nucl1595,kwer1242,-2.824969258740701,4.2103861703505565
kwin1241,worr1236,0.0565245579885369,2.169346960036337
kwom1262,sepi1257,-4.321145869208305,4.05399714108643
nucl1593,kwom1263,-3.2391081359064797,5.955796185896313
kxoe1243,khoe1240,-3.119662105450824,5.089845803143092
kyer1238,sino1245,-5.806816968995275,2.969099082147656
cori1240,atla1278,2.863381145176471,1.2436561400369293
laal1242,laal1242,2.842645151200901,6.017026692272415
labu1248,aust1307,1.3755782161990782,0.592592962903467
labu1249,aust1307,2.006700249398281,1.641737325277525
lach1248,taik1256,4.196817098221906,3.3027678921806918
lafo1243,tege1244,1.1336088098592207,3.26795875592728
lagw1237,afro1255,3.4961346764650325,1.3964833619864567
zaye1235,sino1245,0.5437074305132226,1.076496458912242
lahu1253,sino1245,-1.6961962927372911,1.0162065635635391
lahu1252,sino1245,-1.8420361218034669,1.010654910964968
laiy1246,aust1307,2.362697023333026,1.661930778564907
lakk1252,nakh1245,-5.117537346653302,5.003438208690159
lala1268,aust1307,-1.7825510155223645,1.0204487365460757
lama1277,aust1307,2.3097438230921803,1.3888560139620925
lama1288,afro1255,3.241930483007312,1.000769198309639
lamb1269,indo1319,-3.2217810053727955,3.7455705198295792
lamb1272,atla1278,4.1627398451875415,2.6131476336404003
lame1260,aust1307,3.236643939987721,1.350653657633588
hela1238,sino1245,-5.91485411943332,2.8354753516652966
lamk1238,sino1245,-3.1492592635715404,1.0872293106045916
lamo1244,aust1307,2.856531573328821,1.1375134810040102
land1256,atla1278,2.795463392294437,1.652831444344821
lang1320,atla1278,2.549047857943315,1.1816726772350403
lang1324,nilo1247,2.9785099658191814,2.271346320788144
laoo1244,taik1256,4.394850169139435,3.888232654203106
lara1258,lara1258,-1.70839087888518,3.958561459495321
lard1243,tang1340,0.235475704431,1.5408091237792796
lash1243,sino1245,-2.042595993115021,1.0473271253033634
teke1275,atla1278,3.8371351876774615,2.754996187072555
latv1249,indo1319,1.8205925553841609,2.1205922934239254
lave1248,aust1305,5.087745420792036,3.2837535692010107
lavu1241,lavu1241,-1.9019535040423785,4.230684584656197
lazz1240,kart1248,-3.6012169320771226,7.329690198332745
lega1250,atla1278,4.6179320694736585,3.3209860190530414
lele1276,afro1255,2.08230668502585,1.660566330738776
lele1267,aust1307,4.221166988490482,1.5359421153733646
lele1270,aust1307,2.7516265710325603,1.5714405399604718
lemb1266,nucl1709,-5.579335773654542,2.0397603565590714
leme1238,aust1307,4.951134708214743,2.2109257697503004
bela1260,aust1307,2.5695387929239266,1.4042420625056806
lena1238,aust1307,4.6256778136528816,2.2124419612695903
lend1245,cent2225,0.2156951280565604,1.0552405821341004
leng1259,aust1307,2.1360539594519588,1.3163732981564351
lepc1244,sino1245,-4.870016043635882,2.3100682142796263
leti1246,aust1307,2.912871994926668,1.1473245449369287
lewo1242,aust1307,3.115316561687218,1.3897967076175135
lewo1244,aust1307,2.3014919280481667,1.4033048775186128
lezg1247,nakh1245,-5.227809858214936,5.347952192120198
lian1251,sino1245,-3.345238743809036,1.0644523107300117
libi1244,atla1278,3.9833830680596183,1.9567489593345169
liby1240,afro1255,2.680779858624443,3.699034190396009
lihi1237,aust1307,4.023194333587012,1.9581956533974072
liji1238,atla1278,2.6923656827072877,1.206019983109698
lika1243,atla1278,4.9577789575120494,2.291422310854431
lill1248,sali1255,3.874462874336985,3.9978033553517696
limb1266,sino1245,-5.22858303542438,2.4041348618048897
nucl1327,limi1242,-1.6656395565608837,3.894372669490938
limo1248,aust1307,5.540804481398363,2.9085313879768915
lipo1242,sino1245,-1.597558265502038,0.95487202438078
lish1245,afro1255,-3.1164855812224417,2.5166459129292686
lisu1250,sino1245,-1.8899837450894996,0.9637956317259952
lith1251,indo1319,0.7535900373893698,1.8397163568487205
lito1235,atla1278,4.309618368227378,2.076331713700366
livv1243,ural1272,2.473626411917468,2.4477559313448403
loba1239,atla1278,3.946535678224672,1.986771564950189
logo1259,cent2225,0.7843576717246257,1.072105800813251
balo1261,atla1278,3.2223131464327284,1.9341724909482032
loka1252,atla1278,2.9875267419328955,1.3634494785528766
araw1276,araw1281,2.275376448001287,2.4667135605952364
lolo1259,sino1245,-1.5397156402902337,0.9752697739946984
loma1260,mand1469,-4.70471180804269,4.3370883774977
lomb1257,indo1319,3.0646983445287463,3.248203728117572
chiq1248,chiq1253,1.3306181710060043,3.634287520693478
acha1249,sino1245,-2.1765107360993494,1.238195294522075
long1395,aust1307,3.626775085940513,1.4239104003407554
loni1238,aust1307,2.819670048241849,1.6024557229276226
lote1237,aust1307,2.875677216242028,1.3824203161328636
loth1237,sino1245,-3.2473382883803388,1.0651274844891248
louu1245,aust1307,2.7484331600587137,1.530739460434578
vano1237,aust1307,4.660821931929133,2.65419432392498
lowl1260,tequ1244,2.5929966357304406,5.937181119299671
lowl1265,utoa1244,-1.136228342658914,1.0983457535808707
lozi1239,atla1278,1.8250412482675464,2.138243196157584
luan1263,aust1307,1.345850540798485,1.168436823707948
onto1237,aust1307,2.754008096119288,2.31381819126511
lubu1243,aust1307,5.60808527257066,2.90717141518288
luch1239,atla1278,3.5566976748610077,2.980360184218407
ludi1246,ural1272,2.375930322381524,2.8407467094706167
lugb1240,cent2225,0.5908268238974879,1.0424592112495483
lugu1238,atla1278,2.8631488687761086,1.613142799946896
lule1254,ural1272,1.2903092887372525,1.8726289142144097
lumb1249,atla1278,4.133613786981078,3.730284563531825
lumu1239,narr1279,2.6471725835210624,3.4024067566897305
lund1266,atla1278,3.9714820627933975,3.4744536042311864
lund1271,aust1307,2.067523994794493,1.300163139490472
luok1236,nilo1247,2.5856769091325744,2.2721460919375485
luse1252,atla1278,2.637920509846664,2.044127896109797
lusi1240,aust1307,3.0436319253100157,1.1135426791149587
luva1239,atla1278,3.6478931346385406,3.087455300503448
luya1241,atla1278,3.3116897697057186,2.793017684077771
maan1238,aust1307,1.9384153934620536,2.228536905993749
maas1239,atla1278,1.8170435132390308,1.0875390605211024
maba1270,atla1278,4.371073539471828,2.248395084037387
maba1277,maba1274,-1.255177665725837,2.991647366093318
mace1250,indo1319,2.5918221046865195,2.720788829628594
mach1267,araw1281,2.046259581646719,1.9311366737607667
maco1239,sali1297,-1.5320582467608588,3.817179566737982
macu1260,tuca1253,-0.7650042994298205,1.2791980031430477
mada1285,aust1307,5.714104381148264,1.8343936905073264
madi1260,cent2225,-0.116626811361608,1.2647165172489352
jama1261,araw1282,-2.5431525620943423,4.3414402394557
madn1237,east2374,-1.9248091522243784,4.274308827849451
nucl1460,aust1307,0.023833780483441,1.4410690112577065
mafe1237,aust1307,5.018622725446058,1.6015710754154622
maga1260,indo1319,-3.8956095075454895,3.012646596863352
maga1263,aust1307,5.77946056709278,3.171537864106845
magd1235,otom1299,5.524344398863008,3.7852458908448536
magu1243,aust1307,3.8677596413138144,2.8219736883412168
maia1254,nucl1709,-5.12913008901903,1.785331212775386
maia1253,nucl1709,-5.187176276594871,1.7095089429454955
mail1248,mail1249,-0.6344872824354479,2.832297106750044
nucl1594,mair1253,-1.7678079414953642,4.0539492405478175
mais1250,aust1307,-1.61976086850678,1.0497828307668584
mait1250,indo1319,-3.529571122428,2.863615759384736
maja1242,surm1244,1.9682112089098616,2.4772619996520806
maka1304,atla1278,3.7897466702296247,1.906089831308712
maka1311,aust1307,2.3538411555916627,1.7698995536045723
makc1235,taik1256,3.374855827303344,3.3373651810430385
makh1264,atla1278,3.171719388142397,2.793808082233914
makh1266,atla1278,3.0772366395943416,2.641933353281436
mako1251,atla1278,3.121334423213347,2.3607427037697715
maku1277,aust1307,1.1328465910652272,1.0607322151951664
makw1236,atla1278,2.924106967311607,2.378327625702317
mala1463,drav1251,-2.695668366519848,2.70162708635209
mala1534,aust1307,5.450792194389591,2.9489414307719954
mala1464,drav1251,-2.6743535590076566,2.3111123436068084
mala1522,chib1249,-2.3991933084342785,1.9033566761639165
male1284,gong1255,-4.50908365943306,3.9184164294394304
male1297,chib1249,-3.180260775325054,2.959960129790824
male1289,aust1307,2.75749253635563,1.0217042121985678
malg1251,afro1255,3.1633665383908327,1.2611568721386437
mali1284,bain1263,1.6650526390004292,3.871250890320874
mali1285,otom1299,5.241605612143527,4.01259098447728
malt1254,afro1255,3.9638361005892047,4.618881272286838
malu1245,aust1307,5.009220363636887,1.4770245891094689
mamm1241,maya1287,4.688880171776066,3.997686358068762
sauk1252,nucl1709,-3.021698023050205,1.2704936076281133
mama1275,aust1307,5.5643496202221545,3.336927361067266
mamb1306,aust1307,2.130377006379198,1.4337175377321465
mamb1294,atla1278,5.490670598773205,1.6333648179300262
mamb1296,atla1278,4.267075478246438,3.0053202333343023
mamv1243,cent2225,0.2451956244807873,1.1579439827238964
mana1295,aust1307,-0.7362030194623983,0.953870850485174
mana1298,nduu1242,-4.032629680718269,5.069859535130766
mana1288,sino1245,-5.926794252703715,3.324864583829111
payn1244,nucl1709,-5.32458545916551,1.7841469597069075
mand1440,aust1307,5.735964900380143,2.0762503933755347
mand1415,sino1245,0.3164708467286248,2.461579414644385
mand1436,mand1469,-2.910793367529711,4.162240735503335
mang1378,aust1305,3.5144158896234483,1.847314759402769
rapa1245,aust1307,4.422400355899056,7.217486620858981
mang1401,aust1307,2.972950706771831,6.026576165043501
penr1237,aust1307,4.670272766001062,6.960377995902931
mang1381,mang1423,-0.8365770439776865,2.0978532882662257
mang1394,cent2225,1.1022215967937554,1.4806503007799048
mang1404,aust1307,0.6703011245807904,0.5916703729830601
mang1405,aust1307,3.0197081639927825,1.989222608484134
mang1403,aust1307,2.923338750952696,1.360308946162931
moni1237,otom1299,2.3129394282511733,4.078630053962337
tong1308,aust1305,4.434660269240611,3.642434457889799
manm1238,aust1305,3.24259186698895,1.6910473380853883
mann1248,mand1469,-4.369483873820464,4.517796632593408
mans1262,aust1307,3.85430944883707,3.1037331192388784
mans1260,hata1242,3.418901166206199,3.7378815852018175
manu1258,aust1307,3.316958312115493,2.007120789989606
maon1241,taik1256,5.105446551663926,3.522154700334072
maor1246,aust1307,2.7318219766729883,5.746747264381911
mapo1242,aust1307,1.0989372280258562,0.5834322487882169
mapu1245,arau1255,1.3758774259301672,4.248737672934448
mara1382,sino1245,-2.398312263183981,1.251826963310787
mara1399,aust1307,5.183287785405252,1.420793727736637
mara1379,sino1245,-3.496023371165377,0.9899405965454822
mara1404,aust1307,5.537227075028582,2.909194216844149
mara1386,west2434,-3.6506360521752144,3.898706866478944
mara1378,indo1319,-3.4939596290208432,3.733509227771913
marg1265,afro1255,3.054373628189232,1.1077149918195204
mari1414,drav1251,-5.367939193260927,4.681153406932184
mari1440,coch1271,-3.9035080619527913,5.647177360174975
mari1428,aust1307,-0.642528184073204,0.7167662465234415
nucl1622,anim1240,-4.0100013689518175,7.753072920843806
mari1416,sino1245,-3.2602650863816605,1.0413295185428255
mari1424,west2434,-2.1054813420945715,3.763354603783109
maro1244,aust1307,3.4088210451609284,1.2563036655389634
mara1385,mang1423,0.2568044847176827,2.046917845434832
mars1254,aust1307,4.876934821615256,6.712508548469211
mart1255,pama1250,2.4876601484624814,1.9700453393370052
maru1249,sino1245,-1.5542235931168689,1.0465622899744336
maru1252,pano1259,-2.99839772824724,2.260321554705996
masa1322,afro1255,3.644563527144265,1.5390186500841807
masb1238,aust1307,4.18126345929441,3.1445739244949458
mask1242,aust1307,4.86524969125651,1.3510890869588863
matb1237,aust1307,3.6586317811735385,2.077062070648537
kemb1249,aust1307,1.5895017948660863,1.48001424907223
mati1250,aust1307,5.405855389228394,2.965359464243539
mato1252,aust1307,1.585364116148424,0.7183501719141798
mats1244,pano1259,-2.869577307394157,2.3038084315380782
matu1261,aust1307,-0.5923228823899066,0.6779387090494904
matu1259,atla1278,2.9202127862661227,2.054011778245023
maun1240,iwai1246,-2.2488765582530705,4.786057428111896
maxa1247,nucl1710,-3.4066687422815067,5.168685966681235
maya1285,misu1242,-2.673345123322018,3.9705968191874983
maib1239,mayb1237,1.7733639611088856,4.037709156324187
mayo1264,utoa1244,-1.0995629331596646,1.5079686981235303
mayo1261,atla1278,4.960555137698488,2.262392554928349
maza1304,afro1255,3.238428546084972,1.1173622240208498
mbaa1245,atla1278,3.291574040191407,2.617043239114512
mban1263,atla1278,4.693269896389353,2.311088414763427
mbar1260,afro1255,3.671438936345517,1.5509899301988206
mbay1241,cent2225,3.160090189952868,2.3857285016119683
mboc1235,atla1278,1.6892337552797154,1.0090850310916348
mbol1247,atla1278,4.587948457888111,3.0595339764510907
mbug1242,atla1278,2.613454931911684,1.3661474572489638
mbul1263,aust1307,2.5187004725953246,0.9453135848772654
meen1242,surm1244,1.926329461788699,2.3170593734332936
mehe1243,sepi1257,-3.780699700590936,3.945797726716826
saki1248,tupi1275,-1.795746445122443,1.7919719353627066
meke1243,aust1307,-1.1565138694575483,0.8967223988736706
mele1250,aust1307,2.61841307392311,1.5179851551567864
melo1242,gong1255,-4.562423554700621,3.926557455626256
melp1238,nucl1709,-5.510525020545348,1.9956915995873936
mend1268,sepi1257,-3.745904824281803,3.976170329466381
mend1266,mand1469,-4.676256261381514,4.22495494374728
meng1267,aust1307,3.326137655471256,1.401045406566389
meny1245,anga1289,-3.641813867348904,5.304571761813614
mere1242,aust1307,3.3802863537899435,1.709028872532361
meri1244,east2503,-5.013767610046522,7.513963122101215
meru1245,atla1278,2.753211083090132,1.371500125715713
meta1238,atla1278,3.394262125065496,1.094689701748326
meya1236,east1459,2.187970658355543,3.282725031180002
mezo1235,otom1299,5.504464063685527,3.830124390719402
mezq1235,otom1299,3.224570323541996,3.732932485570528
mian1256,nucl1709,-4.882715820119051,2.2456850262593804
midd1327,aust1307,0.6766147202613777,0.6590470135893511
mido1240,nubi1251,-2.165673676150764,4.524808038530967
miga1249,afro1255,2.742568191842243,2.2623572741702382
mika1239,musk1252,-3.219135009364458,5.31351783319964
mikm1235,algi1248,-1.1642960464904657,3.43540617502107
mila1245,sino1245,-3.284070726775438,1.5711229828138509
mina1276,afro1255,3.4625580537981904,1.0594533656205058
mina1268,aust1307,3.825054461740829,3.9574111320728473
mini1256,huit1251,-1.6248255090715922,3.3251029128677487
mini1251,aust1307,3.99371916327781,1.470733552941958
minn1241,sino1245,2.021104702893857,2.207711750598426
misi1243,aust1307,-0.6142073558704454,1.201968894131543
misk1235,misu1242,-2.578380603590041,4.130462959737907
mixt1426,otom1299,5.6407262991908524,4.098673479068971
miya1266,afro1255,1.393549838709309,1.0039089394010912
miya1259,japo1237,-2.897699542842105,3.616196161382231
lush1249,sino1245,-2.824568475734346,1.3057803961472736
mlab1235,aust1305,2.802579486287176,2.14885316249517
moba1244,atla1278,2.385864060874068,1.6697597921757428
moch1257,maya1287,4.855236645677431,4.037984868903745
moco1246,guai1249,-0.7450308501971983,2.5143386844110047
mode1248,indo1319,4.187489940303774,4.131901038068614
hebr1245,afro1255,2.752243543920585,2.8310729086889204
moha1258,iroq1247,-1.4824118866415628,2.7101360215544528
moii1235,west1493,1.7861189207057513,4.135018532140753
moke1242,aust1307,4.662030025498819,3.727223243952377
moki1238,aust1307,3.840020249841037,4.809428680359169
mokl1243,aust1307,3.0971017267651777,3.5313755988816204
mokp1239,atla1278,3.353065904325235,1.371171076666963
moks1248,ural1272,1.529926844093152,2.3962265417961337
molo1266,afro1255,3.4830431497094976,1.1006944496781037
nucl1452,momb1255,-3.519553764735432,7.218837000739464
fass1245,baib1250,-2.896480670393034,5.516957741190826
mong1338,atla1278,3.881917162914287,2.880165290148307
mono1273,aust1307,0.4206129117182213,0.964782180978613
mono1270,atla1278,4.845188481278605,2.396435697477159
mono1275,utoa1244,-2.128500882487198,2.206753440640496
nucl1458,monu1249,-4.021716771252564,6.731149726246468
monz1249,atla1278,4.345859696960449,2.176308445473424
mopa1243,maya1287,3.8357724989996234,4.17555575336527
morm1235,aust1307,1.99750509021972,1.3799343103713042
moro1285,heib1242,1.0228788359694931,1.554605534278796
mort1237,aust1307,5.591337045396211,4.673572861872238
mose1249,mose1249,1.7220371882797454,4.102101830231597
temb1272,atla1278,4.266094407644188,2.183381601469893
motu1246,aust1307,-2.1269372341529102,1.13117274030113
mouk1239,aust1307,2.9615027014485364,1.099317388031352
moun1252,koia1260,-5.050480057185007,6.362890146384162
movi1243,movi1243,2.475746272214548,5.210407513181927
tang1347,aust1307,4.966045382784639,1.6250529484212066
moyo1238,sino1245,-1.72648547693829,0.9827773157616432
mpad1242,afro1255,3.296676671925361,1.5897634860216758
mpii1239,sino1245,-0.7329178705913836,1.432569670873752
mpot1240,atla1278,4.002181282678528,2.786626188839445
mpur1239,mpur1239,1.84177392540302,4.164626552022966
mual1241,aust1307,1.6714189401362198,1.58453580214206
mudu1242,aust1307,3.463951452370181,1.4326511196096732
mudu1239,drav1251,-2.584716920968729,1.6286982473308012
mull1237,nort1547,-2.894625892532952,5.756648232866764
nucl1240,atla1278,3.4453267359864976,1.4861992875445669
muna1247,aust1307,3.5532077164935263,1.824363297309871
munc1235,sino1245,-1.4423365918966629,1.3570202632082164
mund1328,atla1278,3.7435341422383432,1.0928767399377524
mund1325,atla1278,5.620473290462641,1.6573551963370523
mund1320,aust1305,-2.639015806609033,2.250901922185257
mund1326,atla1278,4.742747137663015,2.2556975569943543
mund1330,tupi1275,-2.031178367328582,2.64904725601313
abar1238,atla1278,3.727427778515492,1.0875851048681984
murl1244,surm1244,2.610896122470845,2.710952088023987
murr1258,sout2772,-1.8351710225581803,4.236065516954708
muru1274,huit1251,-2.871943002936709,3.602477852074667
muru1266,pama1250,-1.9060153249621004,2.3252736357982258
musg1254,afro1255,3.637987134451878,1.3967151409044831
muso1238,aust1307,1.5472806781333084,0.6211039956175259
muss1246,aust1307,3.857062484798401,2.439131249888476
muyu1244,aust1307,0.3210378432216634,1.1907685333910951
mwag1236,afro1255,1.5369235426212684,0.8739396873479279
mwan1250,mand1469,-4.652038343072929,4.043620008057175
mwan1247,atla1278,2.8295495608129926,2.6365142507811274
mwer1248,atla1278,3.1820860800050417,2.2224082873020325
motl1237,aust1307,4.979687435469165,2.2725458172524693
naba1256,nucl1709,-2.780604931249441,1.2887543239123076
nade1244,nada1235,0.5037918320390791,2.43429446564906
sout2857,aust1307,3.236685988328721,1.3851157087263033
naka1262,aust1307,4.774468193557024,1.400416674675382
nali1244,aust1307,5.748507817613239,1.9637237625989543
nama1268,aust1307,3.1127432288687493,1.4855214357012354
litz1237,aust1307,3.4553919292852098,1.3858715955417686
nama1264,khoe1240,-1.97599093795976,4.630993662637309
namb1293,more1255,-4.734299909086102,6.730412483850822
nami1256,sepi1257,-4.089579235313058,4.018391799444222
namu1246,sino1245,-2.174909889655532,1.237496589175052
nana1257,tung1282,-3.824743601976445,5.912805195248271
nand1266,nilo1247,2.639732453064332,1.8843467209439184
nang1262,aust1307,4.39705489882236,2.62429732059776
nara1262,nara1262,-3.678699727618001,7.519438875326275
yong1270,sino1245,-1.9163016534976187,1.0865710645733486
naru1238,pama1250,-2.7468903782313614,4.413494154722935
nati1244,aust1307,4.858815740200422,1.3851671805831334
natu1246,aust1307,4.381947217982802,2.6262054110260955
naue1237,aust1307,1.5224593314410175,1.1098592182293707
naur1243,aust1307,5.009102060700839,5.435042420922823
nava1243,atha1245,-5.198335135824374,5.93882973927
nawu1242,atla1278,2.917136136190713,1.6483371171475838
naxi1245,sino1245,-1.7219002756188346,1.0293580077155102
ncan1245,atla1278,3.661803491836109,1.1003101484139588
ndam1239,atla1278,3.64327152967929,2.098088842011739
nden1248,atla1278,2.6763164936422696,1.880421580669113
ndog1248,atla1278,4.979612082558859,2.6186726974300445
ndom1245,kolo1268,-3.701824165240085,5.791786744525838
ndun1249,atla1278,2.9499141367794164,2.249589388134998
nege1240,aust1307,4.344015890572059,3.067597809244233
negi1245,tung1282,-4.033207681063487,6.139168874824255
neha1247,aust1307,2.77624449615756,1.5395976892895735
kuma1276,aust1307,2.930591067248352,2.6020322449536355
nenn1238,more1255,-4.731566718892266,6.694587322885026
nend1239,nucl1709,-5.33409354940888,1.7766241786755153
neng1238,aust1307,4.722900161915003,2.830840529786597
nucl1706,afro1255,-0.9620078449657355,1.8359987089622951
nepa1254,indo1319,-3.5400530084794126,3.076481667690464
nese1235,aust1307,4.9643334690337895,1.4727949619195968
vinm1237,aust1307,4.936261807824067,1.3863042775906074
ling1265,aust1307,4.966862976592758,1.3770828702111757
nezp1238,saha1239,-2.1493281099255555,4.151275942896877
ngaa1240,pama1250,-2.430736865047705,3.194369805135544
ngab1239,chib1249,-3.675006733603363,2.937880339645597
ngal1292,gunw1250,-0.30235309955103,1.5025046345725137
ngam1268,cent2225,3.3547106778070206,2.3132737230564224
ngan1291,ural1272,-2.3711525359303542,4.436826923401663
ngan1295,gunw1250,0.301210545905225,1.4101540721317605
ngar1235,pama1250,-2.8750486751474416,2.365666724384296
ngar1284,worr1236,-0.9716846390040624,2.359079672667665
ngas1240,afro1255,1.813548962578082,0.8595882772763108
ngba1284,atla1278,4.5477503259971535,2.3702317773893427
ngba1285,atla1278,4.37298231230316,2.119952775725933
ngge1241,nucl1709,-4.007296499248968,2.2997443534220814
ngit1239,cent2225,0.6504383870989217,1.2701938470295495
ngom1268,atla1278,4.019396834633291,2.1924667160710545
nhan1238,pama1250,-1.4358773967144371,2.280864179187708
nhen1239,tupi1275,-1.8447365626070276,1.91823594088728
nias1242,aust1307,3.957716541903598,4.219381669477416
niha1238,niha1238,-5.470918143124226,10.033091408350035
nila1242,atla1278,3.097508845407917,1.7182344499963964
nucl1633,nimb1257,-2.904292003976196,5.72961289694938
nina1238,yano1268,-2.494938999373579,3.295828899221654
labo1244,aust1307,4.932732986053884,1.3863103921631108
nisg1240,tsim1258,1.745024788719929,4.615608232528121
niua1240,aust1307,3.423937927800441,4.90492313623805
niue1239,aust1307,3.3514154408688914,5.499005292496442
niva1238,mata1289,1.5930631419579653,4.109746698533337
njan1240,atla1278,3.803496782508695,1.339086270501422
nkon1248,atla1278,3.1731152760814125,1.5243052305800069
noct1238,sino1245,-2.9432351573508075,1.2547464716704848
noku1237,aust1307,4.852159777085509,1.9621533786489227
noma1263,araw1281,2.156596292505458,1.8058578997702688
noon1242,atla1278,3.979390808718936,2.999965406171471
noon1243,atla1278,3.591986930645868,1.0906198027273657
nopa1235,otom1299,5.504080454582274,4.10553466463282
nort2839,aust1307,4.958564405653187,1.4048527699511055
nort2697,turk1311,-6.5136438584255405,5.294260045212569
darg1241,nakh1245,-5.015905585272902,5.203725752005923
nort2930,kiwa1251,-4.525789815647123,7.09800873293527
nort2836,aust1307,2.588813496432595,1.5076159937300222
nort2724,sino1245,-1.1132459963567074,0.9240282784312424
nort2972,choc1280,-3.2680342640210887,4.138829917835315
nort2702,drav1251,-5.184967650287975,4.235050694786603
gumu1244,gumu1250,-3.41844663393888,5.63236097333891
nort2938,haid1248,-2.3812890899701014,4.348383190064464
sing1264,sino1245,-2.915459749388196,1.277666837728832
nort2877,aust1307,5.620044476458956,2.9391653420622355
nort2684,aust1305,4.781112903990039,3.226412870680278
lush1252,sali1255,3.758139864270442,3.8545365028334366
nort2774,atla1278,4.735166800483428,2.347513824602052
nort2954,utoa1244,-1.911877399023476,2.277124104164724
nort2957,utoa1244,3.74823932538681,2.775215482640803
nort2723,sino1245,-2.1198981047202965,1.1922732969857162
nort2747,hmon1336,3.1170607749299903,3.514854956232496
nort2722,sino1245,-2.3021258427466744,1.5038751548522686
nort2994,aust1307,5.181491796140692,3.886268976272401
nort2885,aust1307,5.565441805930783,3.0085513762242755
nort2959,utoa1244,-0.2498886711911525,1.2821217319719498
tosk1239,indo1319,2.7870806398185937,2.885649436739316
nort2732,sino1245,-1.00916037117423,2.06925554313594
nort2690,turk1311,-5.574876170977307,7.821735704333673
yoku1256,yoku1255,-2.776703573106494,6.222941649934388
nort2745,yuka1259,-2.6973549429298176,7.900268664728566
nort3047,afro1255,3.516289698240962,1.0928055061859911
nort3139,afro1255,2.579602071727328,2.259231704187833
nort2845,aust1307,3.0038902387106954,6.056703684049621
nort2671,ural1272,1.4943274105282165,2.492888948796187
nort2942,atha1245,-3.413534711143567,6.181966533942333
nort2847,aust1307,4.622331966431034,2.170873621593758
nort2699,drav1251,-5.269546478281317,4.794482808842208
nort2961,algi1248,-0.741579124855178,2.618500141256272
nort2775,atla1278,4.81527575891721,2.371531669130343
nort2951,maid1262,-2.55422167673022,5.698547208740365
yaki1237,saha1239,-2.3633111167966447,4.432719608079175
nots1237,aust1307,4.182560266121225,1.9102071843784056
nsen1242,atla1278,3.7767674650085192,3.453956778898103
nuer1246,nilo1247,1.1603365989638563,1.9808611598791368
nukn1238,nucl1709,-2.418506969782773,1.2428952259840995
nuku1260,aust1307,4.052115726133978,4.403946287556972
nung1282,sino1245,-2.143119529495328,1.08081516237538
nupe1254,atla1278,3.153833561060491,1.72969686339019
nusu1239,sino1245,-1.846485294923609,0.961001547677867
nuuc1236,waka1280,1.902931700718248,4.861275859530998
nyah1249,aust1305,5.125142046219823,3.305353665154975
nyah1250,aust1305,4.54502627350193,2.808645147582604
nyak1260,atla1278,4.124517751942371,2.508687996920308
nyam1285,afro1255,2.497236500654749,1.1633176351373449
nyan1307,atla1278,4.710474279352663,2.5176096357800937
nyat1246,atla1278,3.041400966806349,1.6232255837209395
nyaw1247,pama1250,-3.3555081087896617,3.33258588903084
nyis1236,sino1245,-3.43639009670562,1.3609581876088177
nyor1246,atla1278,4.653696280546757,2.1800263311061947
nyun1247,pama1250,-2.420942067637778,3.797116469393087
nzad1234,atla1278,4.039323366056941,3.346650003372508
nzak1246,atla1278,5.540417238313228,2.152316635031669
nzak1247,atla1278,3.1678401992265117,2.367914687491026
obok1239,lake1255,-1.6352176551211215,3.818931225655481
obom1235,aust1307,5.516862819367656,2.912381737905127
occi1239,indo1319,3.150533134010598,3.519888858936449
ocot1244,otom1299,5.644437195994071,3.883697062654578
oriy1255,indo1319,-4.015644699716092,3.275020499999464
ofay1240,nucl1710,-2.2814447031157066,3.44714020231646
kalm1243,mong1349,-4.248506362514929,6.739056725246583
okan1243,sali1255,2.486537133058897,3.1054564932876154
okin1246,japo1237,-3.169157063473045,4.193463922882962
okoe1238,atla1278,1.284428688927425,1.1902358078684276
oksa1245,nucl1709,-5.156060140577341,2.3263030134995866
okuu1243,atla1278,3.602169230329684,1.080894749043786
oloo1241,nucl1708,2.752144740076121,1.4011549564024488
olut1240,mixe1284,3.128681274468518,4.532954371458313
omah1247,siou1252,-1.7883854058949886,4.175221655127542
omie1241,koia1260,-4.634601457792146,6.416537208393836
onge1236,jara1244,-2.03585772724431,5.206770163822329
bira1253,bira1253,-3.4244264824054573,6.246975786993291
orma1241,afro1255,-0.9103365114682288,1.43156683417833
oroc1248,tung1282,-4.002024650447668,5.899369213493324
orok1265,tung1282,-3.877569995881926,6.741003767104845
orok1269,nucl1709,-5.586111659252188,2.081178306000337
orok1266,atla1278,3.333219864459512,1.224068653567025
orok1267,nucl1580,-3.18913270675044,5.787762388476482
orow1242,aust1307,4.706709412809744,2.5053183923354148
orya1242,toro1256,-2.946985413391659,5.793841771199007
osam1235,atla1278,3.695283643702972,2.673301936623437
otor1240,heib1242,0.8596989573710917,1.5106481020461278
otta1242,algi1248,1.4671379619821776,2.7172330997952265
owaa1237,aust1307,2.572382783713014,1.9329028670930304
paaa1242,afro1255,1.5642933120929483,1.0654640055466782
paam1238,aust1307,4.744152593231787,1.3863537611166716
paas1238,atla1278,1.958059449455349,1.3230820137801231
paco1243,aust1305,5.192644854729053,3.393015404279417
paez1247,paez1247,-2.277581053523176,5.062997766837059
pagi1243,atla1278,4.649215982424421,2.371455841855976
pagu1249,nort2923,-0.5402215279249398,0.9104684264942442
pahn1237,hmon1336,2.6320966852469323,2.956636569395691
pait1244,sino1245,-3.2142672882310768,1.1124036155429078
paiw1248,aust1307,2.9108032815038345,1.9479811864081464
pala1344,aust1307,5.201159317289646,4.745268723405975
pali1279,araw1281,2.1586098580203124,3.278494912370869
balu1257,aust1307,4.194978491181099,1.526170587162687
pamb1243,atla1278,3.4305340071937773,2.3249624106460143
pamo1252,aust1307,3.9361989784902938,2.358525768152152
pana1307,nucl1710,-1.1795918287867184,2.0172676051638057
enap1235,cari1283,-0.1140886735734847,1.846032107279239
pang1290,aust1307,5.750292704354722,3.1143270463381683
pang1291,aust1307,4.720174591850572,2.78369782221686
pang1287,atla1278,4.037780114094841,2.472546040373402
pano1254,pano1259,-3.2027514008885323,2.329190250999911
pany1241,pama1250,0.9840124187335668,1.572507433256188
papa1238,toto1251,4.259506946553542,4.516588314964867
papa1265,aust1307,0.8657499372609525,0.8966137635004294
para1302,sino1245,-2.422924976432125,1.1294262943545146
pare1272,araw1281,0.1752593324968192,1.741470272654066
pate1247,aust1307,0.898168534223295,0.5909343167871768
patp1243,aust1307,3.9831269755696135,1.7050640008084308
patt1248,sino1245,-4.527233994305971,3.775638837589215
paul1238,aust1307,3.308492915550586,2.052493153426834
paun1241,araw1281,3.7715900036042007,2.3567208367614967
pawa1255,pawa1255,-4.123287132615004,6.982645493684442
pawn1254,cadd1255,0.8253244822835604,3.280840094227086
pech1241,chib1249,-2.415615009508854,3.2430087654268185
peer1241,atla1278,3.141576308463266,1.5498813677315724
pela1242,sino1245,-2.119248119776383,1.2214055306909248
pemo1248,cari1283,-1.0587151212409367,1.799808455677578
pend1242,aust1307,3.6349655336976414,2.402605637371856
peng1244,drav1251,-5.312927434507095,4.295902889803427
peri1253,mong1349,-2.555626833069605,5.002481367480998
phak1238,taik1256,2.338451862769877,2.9617746111408767
phom1236,sino1245,-2.96670174025148,1.106254928927168
pila1245,guai1249,0.5925184341370595,2.3098028442149072
pima1248,utoa1244,-0.2382906513666292,1.2799347488150057
pina1252,piaw1238,-4.443539934167594,6.645193038205981
ping1243,aust1307,3.8004315013984686,4.88621094186216
pipi1250,utoa1244,1.2050087198867945,2.4678297936333795
pite1240,ural1272,1.1373432513247757,1.728653154035447
plat1254,aust1307,1.1995453770993405,2.25900455825078
pnar1238,aust1305,2.1626920410975505,1.6076771163692758
pohn1238,aust1307,3.888533668843753,4.818271268070575
poko1263,nilo1247,2.6202225426187207,1.9785764432331323
poli1260,indo1319,1.846889931571552,2.619026728504723
popt1235,maya1287,4.755288175732607,3.9179687652033017
port1285,aust1307,4.794949876473773,1.3468473951178108
port1283,indo1319,1.744789232114258,2.90651644723334
phai1238,aust1305,4.304963284858831,2.1584643466409297
pras1239,indo1319,-1.9611613675443549,2.838161448876777
psik1239,afro1255,2.8814234427611427,0.9901296653260232
puin1248,puin1248,1.1960732120381534,3.3805349779902656
puka1242,aust1307,3.316981089476544,5.733985654590693
pula1263,atla1278,3.3655562659091927,2.45821737417252
pula1262,atla1278,2.687572607172889,2.063818257949377
pulu1242,aust1307,3.862965096759235,4.557401295869559
puma1239,sino1245,-5.656106020031004,2.471159814148095
pura1257,pura1257,-4.422229254682555,7.288750052658358
pure1242,tara1323,-1.1471875269939984,3.5312557478011897
puri1258,sino1245,-3.961187568394728,3.5654907995367697
puyu1239,aust1307,2.709320922757812,1.82164895751996
qawa1238,kawe1237,-1.9550017275361544,5.399704145910475
qima1242,afro1255,-1.1178181130239664,1.780423913668999
quer1236,otom1299,3.0232177324643925,3.767337249510071
quio1240,otom1299,5.682721267915561,3.853887859312808
rabh1238,sino1245,-3.039776033319195,1.4912735484690351
rade1240,aust1307,5.334700331233922,3.799005682059816
raji1240,sino1245,-4.368564967999854,3.764909283962181
rama1270,chib1249,-3.32037726905102,2.8496042367814614
rapa1244,aust1307,2.7559035504656264,6.044492704883915
rapo1238,nort2933,-0.1094481221676759,1.8229423196316643
rata1244,aust1307,3.487759451812745,2.8729910055748427
raut1239,sino1245,-5.810373480478608,3.892580306560033
reja1241,aust1307,1.6118647673871962,1.4443252516408602
reng1252,aust1305,5.184335738585926,3.534274028217663
rere1240,aust1307,4.946629598766965,1.355773134249702
resi1247,araw1281,-0.3492448495552048,1.5206736283631734
reye1240,pano1259,-0.8210682301608533,1.728818166797394
rian1263,kolo1268,-3.769883236888028,5.775039107174361
rikb1245,nucl1710,-2.51044496828928,2.9291329376477293
rita1239,pama1250,-0.8172707554836744,1.5164579822809952
beka1241,aust1307,1.8086719847863224,1.7284789365453914
roma1326,indo1319,3.2255273219492597,3.288489242602573
romb1245,aust1307,4.186832680265377,3.090508778716968
ronn1241,afro1255,0.0882466606099068,0.8298929435993774
rong1266,sino1245,-3.368878621870457,1.0249349166440158
rong1264,sino1245,-5.370694579388694,4.145789635679979
roto1249,nort2933,-0.7545626938542952,1.829221778953416
rotu1241,aust1307,3.4866055535495826,4.766634896615805
rovi1238,aust1307,1.7670421948555275,1.119916131770978
ruch1235,aust1305,4.419221269177161,2.269710302791527
ruka1240,aust1307,2.719733180308716,1.7911674058338818
ruma1248,aust1305,3.274009969798067,2.1895730243540577
rung1258,maba1274,-2.0968342825912263,3.453629306476616
rung1259,aust1307,3.962585441326228,1.8763543351602188
russ1264,mong1349,-3.701970599986858,6.5517587006839975
russ1263,indo1319,-0.2004233301599278,2.152852142716858
rutu1240,nakh1245,-5.270778975714282,5.114954645797919
saaa1241,aust1307,3.3648010409730795,1.4630118241524048
saaa1240,aust1307,3.623801162496018,1.5480599945096465
saam1283,atla1278,2.803591072909074,1.9510716271751176
saar1237,aust1307,4.140081912133814,1.7896113596151777
saba1268,namb1299,-2.3792497376907558,3.9970709510985447
sais1237,aust1307,2.930439450989068,1.994031058439253
yaku1245,turk1311,-4.431489586111345,9.17586058330408
saki1247,aust1307,2.659403513053864,1.8644300551816109
tsis1238,atla1278,3.3338710292997558,1.9117274312753647
samb1311,atla1278,3.121516800622586,1.4353857755521329
samb1305,atla1278,3.1874697400645595,1.4393804397298045
samo1305,aust1307,4.988589581109501,5.49759175270321
sana1295,afro1255,0.6993540515157848,2.3749838315447693
sanb1241,otom1299,5.556594624175098,4.117170740165934
sanb1242,chib1249,-3.3790431747803518,2.9756646256864663
sand1278,huav1256,3.868033115123753,7.857600404165765
sang1331,atla1278,2.6208642309090995,3.12536825208098
sang1321,sino1245,-3.045308747367551,1.0336956601369334
sang1330,atla1278,4.017629872006928,2.283208321753646
sani1269,sino1245,-1.7479836878626225,1.2020711915549995
sanm1301,otom1299,5.477452946976548,3.872688779326204
sanm1289,quec1387,-2.90452408787516,3.800125308476705
sanm1295,otom1299,3.921737177534094,3.80535545706665
sant1410,aust1305,-1.7745832703470614,1.9439270793565324
sant1451,otom1299,5.641007054636948,4.161398903481524
sant1436,otom1299,5.394631307157148,3.991231272271637
sanu1240,yano1268,-2.562968585080686,3.257305418072189
sapo1253,aust1307,3.406025018921594,1.128823940622235
sapu1248,aust1305,5.17741661900379,3.319142421212128
sara1321,cent2225,2.8593783198271394,2.4975821078025437
sars1236,atha1245,-2.5198771474898534,4.270183104718299
sasa1249,aust1307,2.0215873320615225,2.005339300709071
sata1237,aust1307,3.738103418691825,4.547386784632572
saur1249,drav1251,-4.390542776377245,4.624409323250344
savo1255,savo1255,-1.896269320271088,4.206133726078907
saya1246,afro1255,0.094411809154455,0.8043069894556272
seda1262,aust1305,5.22137927509319,3.5391508056113192
seim1238,aust1307,3.1763835144946624,2.0373650228037654
seke1241,aust1307,3.413322866451223,1.4721964453834584
sekp1241,atla1278,3.17384606485886,1.5343949747318089
sela1259,aust1307,1.6556948630740975,1.7845888409323667
sela1260,aust1307,2.0618366495043245,1.624266920975197
sele1249,atla1278,3.176661264616898,1.5095228521912816
sele1250,nucl1709,-2.4155900695091845,1.3197010029006917
selk1253,ural1272,-2.646982284520271,4.812693898706275
sema1266,aust1305,4.25185971236007,3.399541774051817
sema1265,aust1305,4.079824251519163,3.436300915759908
seme1247,aust1305,3.924768319548588,3.437063947087534
seng1281,aust1307,2.603598873546576,1.2589794324223291
nucl1632,sent1261,-2.8995205017624404,5.705346554593174
sout1528,indo1319,2.251123996342652,2.535105240846148
seri1257,seri1257,-2.8651474442314635,6.78183541196403
sgaw1245,sino1245,0.6271195154653935,1.3431599931849174
shab1252,shab1252,-3.009839010655683,5.96962730509939
sham1280,atla1278,2.2593901914181784,1.2325056423076202
shan1283,pano1259,-2.952154750519573,2.1188682431051618
shaw1249,algi1248,1.318395744252729,2.733452547273764
shee1238,hmon1336,4.608545828197549,4.265596675196086
shek1245,dizo1235,-2.937534092550092,5.863143787039322
biao1253,taik1256,4.88377217097384,4.030992492594811
shil1265,nilo1247,2.19225165458516,2.2260584303753603
ship1254,pano1259,-2.765239944001422,2.1304394985446944
shix1238,sino1245,-2.060856595817719,1.1746790033644228
shol1240,drav1251,-2.8823423745261367,1.815556148071668
shon1251,atla1278,3.460429517526142,3.248567127243845
shor1247,turk1311,-5.099170658112227,8.749089794454306
shos1248,utoa1244,-1.952887630666745,2.6156273019360192
shua1257,jiva1245,-2.6532116400546264,3.123163046964704
shwe1236,aust1305,3.294443665974871,2.106084192642001
siam1242,siam1242,-3.8550163056592783,6.758412060187821
siar1238,aust1307,3.518256849643001,1.5207372278611455
siaw1243,amto1249,-3.504662279172962,6.341298967353845
sich1238,sino1245,-2.063155928715596,1.2842067945138993
sici1248,indo1319,3.125856189989602,3.987625867054062
sici1249,atla1278,-0.7819176858662944,0.93942242171223
sida1246,afro1255,-3.2527233134025995,1.6492332373146097
siee1239,aust1307,4.499277407006783,2.0819222382838696
sier1250,otom1299,5.680219112593889,3.850515975876318
sika1261,aust1307,2.5334907142501257,2.131705580971607
siks1238,algi1248,1.6537778486641623,2.766086449787222
simb1256,aust1307,2.926259474334158,1.159921251252035
sina1266,aust1307,-2.237310096610111,1.104351984987595
sini1242,mand1469,-3.100329462181497,4.077866823956738
sioo1240,aust1307,2.0588607186254886,0.7949560910929545
sion1247,tuca1253,-0.6252696468846612,1.528789141509856
siri1274,tuca1253,-2.087941220172364,1.254217072637596
sile1255,nucl1709,-5.1869128686883705,1.6709233541724815
situ1238,sino1245,-2.3611665294057644,1.3503451194449845
siwi1239,afro1255,2.95536265721686,4.16337756225942
siwu1238,atla1278,3.1305275875883702,1.5250201886879893
siyi1240,sino1245,-3.149393606131192,1.1439379673213868
skol1241,ural1272,-0.0958768306554669,2.1564848269401384
slov1268,indo1319,2.679993346034676,2.99996186109923
sooo1254,aust1305,4.9523139578263535,3.116489970102773
sobe1238,aust1307,1.3653201659727938,1.3795541961097957
soch1239,otom1299,5.677179702285059,3.874025822832877
soga1242,atla1278,4.4512046078884655,2.119214666586592
soma1255,afro1255,-2.0353855603048765,3.1965497205254625
soni1259,mand1469,-3.857095426551708,4.663446846390137
sons1242,aust1307,3.7299081644853618,3.893861391697909
sooo1256,kuli1252,2.783920643073156,3.3188931858244164
sora1254,aust1305,-2.703221688979545,2.1752438606393625
mani1235,east1459,1.9495377644404308,3.229386881408537
koon1244,atla1278,4.254995650192708,3.44545361799695
sout2859,aust1307,4.946725419658842,1.4013805880335592
sout2976,utoa1244,2.0987282399702503,1.7455500193235025
sout2856,aust1307,3.93502546626022,1.569091973785973
sout2954,japo1237,-3.2201195851327604,4.52988921400512
sout2996,ayma1253,-2.756152556873562,3.5191092240891706
sout2730,sino1245,-0.8581050750920944,0.9198552917810776
raro1241,aust1307,3.2626209286140484,5.958012755605072
sout2741,taik1256,3.714745276363167,3.632128634532844
sout2715,sino1245,-6.040477977555247,2.987449485069961
sout2826,krua1234,0.8122218463030455,3.2411371700617195
sout3236,gumu1250,-3.2441296462848754,5.475955838807147
sout2956,haid1248,-2.3729839491017657,4.34822134806568
kach1280,sino1245,-2.410325011532138,1.3231194830775248
sout2949,kiwa1251,-4.858789127878493,7.630570857699718
sout2994,namb1299,-2.4908169313760684,4.163806850262821
sout2649,indo1319,-2.682104664532593,3.953926016709211
sout2729,sino1245,-2.1285213577027458,1.0717031913550006
sout2728,sino1245,-2.417620735730877,1.5498673957857303
sout2918,aust1307,4.113314783441801,2.4692362004552404
sout2985,miwo1274,-3.014222859074616,5.156755007133068
sout2807,atla1278,4.08651196627284,4.86662618136463
khan1277,sino1245,-3.4486132414233714,1.0064956723387724
sout2797,atla1278,-0.3754281827865358,0.7482978863522867
sout2679,ural1272,2.1363147962905424,2.230213651084817
sout2782,atla1278,5.474915713265487,1.635637476677859
sout2674,ural1272,-0.4408115250197602,2.1627430503155125
sout2959,atha1245,-3.2944651022174045,6.0232306193759975
para1301,aust1305,3.5840247051151297,2.1018126233532204
sout3261,nakh1245,-5.153785787534661,5.2019150626751305
sout2869,aust1307,4.650200301817572,2.2522662502114024
stan1318,afro1255,1.208706958161265,2.212395652989805
indo1316,aust1307,1.5496832055848817,2.3817051619993865
stan1306,aust1307,4.450067352495157,3.1457495010544463
horp1239,sino1245,-1.948324904432392,1.2582059460762736
suab1238,sout3418,-1.2316304033779857,3.371811711620829
suba1238,atla1278,4.1269048967460975,2.0220069762900312
sude1239,aust1307,0.2155823513868653,1.4117568839263122
suku1272,afro1255,1.601964701404162,0.9439356837307892
sulk1246,sulk1246,1.582085901475697,3.7602715937422095
sumi1235,sino1245,-3.1539397677817598,1.0450735559194442
mari1426,aust1307,3.5044745828166293,1.809837744556276
sunw1242,sino1245,-5.798824576932699,2.644157695978663
supy1237,atla1278,-0.7717738587353653,1.2129261669584783
surg1248,ural1272,-2.5490233134088816,4.286125954744426
surs1246,aust1307,3.832598277589936,1.648419318820423
suru1262,tupi1275,-1.7833637536774405,1.8383242157430235
swah1253,atla1278,3.2268645427695977,1.9505670771419807
swed1254,indo1319,1.5836650899557427,2.6382745542968475
taba1263,nort2923,-0.6549554079312391,1.0031115369807342
tabo1241,tabo1241,-4.736218936840468,7.9271431736413875
tafi1243,atla1278,3.1808197485578966,1.60978095746745
taga1272,aust1307,5.542884694053605,2.9055993437666583
taga1273,aust1307,1.8899303254948427,1.3785290321277142
taga1270,aust1307,4.25659992338228,3.1040330171468185
tagb1258,aust1307,5.049662913172094,3.0804378178719283
tagi1241,sino1245,-3.400523913282928,1.47612605334613
tago1246,rash1249,-1.6119683816746535,2.6237068588723336
tagw1240,atla1278,-0.3147242069195188,1.3122779763603043
taha1241,afro1255,2.6966140600663424,3.8356402616757688
tahi1242,aust1307,3.222170637220674,5.979243575783467
taia1239,taia1239,-4.003727969010466,6.764567152676516
taji1246,aust1307,3.7051423023249286,2.3608028721094687
taki1248,aust1307,-0.3144134601399471,0.7502698057860435
taku1257,aust1307,2.152684864684752,1.8226695896723089
binu1244,aust1307,5.593453381863563,2.9957800928514846
tali1259,aust1307,3.592801273619648,1.4343306026176812
tama1331,tama1329,-1.8446871159027196,4.497301996643891
malo1243,aust1307,3.4244339004585576,1.529037194298594
tama1365,afro1255,1.036187514932364,1.510641661151192
tamb1254,aust1307,3.2985486890256497,1.5152584488418714
tami1289,drav1251,-2.852910629237982,2.584088738263503
tane1237,aust1307,4.704636847560785,2.668050511617759
tang1377,sino1245,-3.312696880620452,1.7437175514480998
tang1373,sino1245,-1.0639840251143438,1.879504027223275
tani1257,tuca1253,-2.2723039905952733,1.5588247895495648
lowe1412,aust1307,4.016075448448765,2.8739580587224296
tara1313,sino1245,-3.3011360174883504,1.0141820732168565
tari1256,araw1281,-0.1519347040997867,1.2347553880869049
tari1263,afro1255,1.242276627200888,2.1483441538641834
tata1258,otom1299,5.469793766753961,4.05985517289689
tata1257,aust1307,2.8791205463693617,1.4843456766868035
tata1255,turk1311,-3.800609720610233,4.470843971106444
taul1251,taul1250,1.7590091486026744,4.013192119032238
taus1253,taus1253,1.2974641750659583,3.475893807165276
taus1251,aust1307,3.933423509492381,2.233536325485625
tauy1241,nucl1709,-5.010392848410499,1.6277603242851484
tawa1275,aust1307,-1.8199033951489527,1.005192334752337
tawa1286,afro1255,1.7452853363867256,2.2223452488496545
diga1241,sino1245,-2.8603886710677084,1.5000504407636654
taya1257,afro1255,2.321954079608522,2.9001856172000444
tbol1240,aust1307,5.354204028176447,2.911798197568423
tean1237,aust1307,4.679055203757011,2.659836670173941
teda1241,saha1256,-1.9852228425673264,3.1823107914387485
tedi1235,sino1245,-3.0620833360354003,1.1909065752227033
tega1236,rash1249,-1.677740561792456,2.623153064644564
tehu1242,chon1288,-1.9129401799311692,5.231853675128498
tekt1235,maya1287,4.844002941628862,4.016842393299797
tele1256,nucl1709,-5.091091083295693,2.330123387026113
telu1262,drav1251,-4.570643146992688,3.773079125898784
temi1246,aust1305,4.315530215460864,3.3990869279055342
temp1235,aust1307,3.6666664948098977,1.7176239166119809
teng1272,aust1307,0.1208541372401764,1.4468807923491926
tene1248,dogo1299,-3.194571485403256,3.698682602572728
tenn1246,surm1244,3.595291951257644,3.3667130291248366
teop1238,aust1307,3.1707095720366434,1.0667234216231325
tera1251,afro1255,2.79479862313519,1.2903257802478727
tere1279,araw1281,3.4875998714911063,3.0766672306399894
teri1250,chib1249,-3.641682191961994,2.8175810453979957
term1237,aust1307,2.2518457689532165,1.927924237792718
tern1247,nort2923,0.0863173836572317,0.9841137352476412
tete1251,utoa1244,3.578453610292009,2.941388581664281
teun1241,aust1307,1.52828393272264,1.394569594953353
tezo1238,otom1299,5.381036525778718,3.826908883993561
thad1238,sino1245,-3.2463112475477294,1.0934659011441037
thai1261,taik1256,4.428066865234731,4.168949844817341
thak1245,sino1245,-5.932669056756474,3.4254202189886485
than1259,sino1245,-5.62902545246496,3.1141109580071973
thao1240,aust1307,2.6951806569615595,1.7326079661146547
thar1283,atla1278,1.0404472939663374,1.3516790507535497
aheu1239,aust1305,4.734226674108417,2.957742539932699
thay1249,pama1250,-2.178611806490155,2.06281662942777
thul1246,sino1245,-5.277151442186797,2.497279913197838
tibe1274,atla1278,2.5975973623472424,1.2257643009368415
tibe1272,sino1245,-4.161265987819578,2.377132861322641
ticu1245,ticu1244,-2.334885697001262,5.180304691009471
tido1248,nort2923,0.4127729737524308,1.1556925891469962
tief1242,atla1278,-0.1119785541916655,0.7108242589808835
tief1244,atla1278,-0.0723341415887646,0.7187020316624064
tien1242,atla1278,3.8232565784813497,2.8382601346133267
tiga1245,aust1307,4.131633823670322,2.0537324793428446
tigo1236,atla1278,4.017959058113409,1.2454137793710505
tika1246,atla1278,3.3443390198328844,1.3338290823504266
tiko1237,aust1307,5.003504031280272,2.9426604846300304
tilu1238,sino1245,-5.78910370337006,2.5411591443339336
timn1235,atla1278,0.2138148992672024,1.2589235328260688
timu1262,aust1307,2.674942569198913,1.386261458169303
tina1248,aust1307,5.754004876371047,3.2139709562336414
tira1254,heib1242,0.4371544126761348,1.4749544259092795
maee1241,aust1307,4.96329018522569,1.4502204758790145
tiri1258,aust1307,3.164761334972192,2.4724179294756965
tiru1241,aust1307,5.457886655774894,2.850538167633438
tita1241,aust1307,2.4820935984178187,1.5371358689769965
tivv1240,atla1278,3.35380365066364,1.2422577422098993
tiwi1244,tiwi1244,0.5497576559941588,2.8437812253368087
toab1237,aust1307,4.048156593827502,1.5097206229409554
toar1246,nucl1580,-4.500559256125918,5.777436985006931
toba1268,leng1261,1.500582157174445,3.893305663898129
tobe1252,nort2923,-0.5291429709740185,0.9879245811806214
toda1252,drav1251,-2.602235315414198,1.579214279470829
toho1245,utoa1244,-2.678587314336289,2.56368508849172
tojo1241,maya1287,4.799430468911126,4.050832656729606
toke1240,aust1307,4.8200940506800976,6.18701445012854
toll1241,jica1245,-1.6067797715584295,4.046512374230769
toma1245,mand1469,-4.796019433382186,4.366373645219895
tomm1242,dogo1299,-2.9361296324023907,3.6667405444139742
tond1249,song1307,-1.621722803436351,1.7668810134189332
tong1325,aust1307,4.745777600195337,6.314846466658102
tong1318,atla1278,2.996199117485684,2.655395915287496
toor1238,atla1278,4.779007081059458,2.2366375518149937
tora1259,aust1307,0.5399606906735683,0.8564501531540554
tote1238,atla1278,2.43522466139478,2.2291878377591896
toto1302,sino1245,-4.639570586990136,2.1934266790349533
touo1238,touo1238,-2.20712817618922,4.654662755683352
trin1274,araw1281,4.4256968885999886,2.260048365419733
trio1238,cari1283,0.2307928384178965,1.503127182648333
trum1247,trum1247,-1.805423872053856,4.156065029987447
colo1256,barb1265,-2.600192700200543,4.329143282938624
tsam1247,afro1255,-0.5744066220630262,0.9612663764254368
tsat1238,aust1307,4.347384712328957,3.898150360879804
dido1241,nakh1245,-5.089103923462083,4.751527415642364
tsha1245,sino1245,-3.4672982170181066,1.6410211468918945
tsix1234,khoe1240,-3.321722760756056,5.0409109589999215
tsog1243,atla1278,3.963871601150408,3.33845378369547
tson1249,atla1278,3.766977001472054,4.1340632316407095
tsou1248,aust1307,4.12511344218314,1.7755073608603862
tswa1255,atla1278,3.6866193194204895,4.121449172294977
tswa1253,atla1278,4.498274464107906,3.368194714999486
tuba1278,utoa1244,0.097705681271021,1.7469592714255775
tuca1252,tuca1253,-2.073553400058536,1.1984291075442002
tuge1241,nilo1247,2.448784048593181,1.8917221377511435
tugu1245,aust1307,1.8290161121309343,1.195756580870766
tuka1248,aust1307,3.904511616101352,2.028430045798961
tuki1240,atla1278,2.842905089739609,1.3255380936933625
tula1252,atla1278,5.015966379397113,1.516478993220689
tulu1258,drav1251,-3.32741230846994,2.453663375017319
tuml1238,aust1307,0.8384115976084154,0.9249667420981248
nene1249,ural1272,-2.313828202187855,4.147420797935359
tune1261,atla1278,2.481069988369496,1.158332989091802
tung1290,aust1307,3.976092028121146,2.107167445550973
tunn1238,afro1255,-3.368601506038817,3.3504592028522517
turk1308,nilo1247,0.2418698306812943,1.5876492116665837
turk1303,turk1311,-6.471574333264426,5.891252028335712
nucl1301,turk1311,-2.7124821251446374,4.614959978049132
turk1304,turk1311,-6.316542802373297,7.927563492412425
tusc1257,iroq1247,-0.9822880674500726,2.1734853643808005
tutu1241,aust1307,5.020008557010069,1.5477307449312985
tuva1244,aust1307,3.378485524165542,5.412755537723006
tuvi1240,turk1311,-4.735306338981665,8.691311350178442
tuwa1243,aust1307,5.664366641387144,2.915298352394053
tuwu1238,atla1278,3.1294526770202657,1.5354168332572726
uuuu1243,aust1305,3.1764538821785417,1.7855255080325954
ubir1237,aust1307,-1.785563666462988,0.969502021070749
udii1243,nakh1245,-5.321543373210581,5.395478112220955
udih1248,tung1282,-3.796815902390344,6.056034267786833
uduk1239,koma1264,-0.2818424226925933,1.7176329285281433
ughe1237,aust1307,3.236780134585457,1.2102516192255326
ugon1239,sino1245,-1.007701995297685,2.0367483554007717
ukaa1243,atla1278,2.90326862591143,1.27234700138216
ukra1253,indo1319,1.997024679219482,3.167438251708409
ulch1241,tung1282,-4.016561024803077,5.94644035150456
ulit1238,aust1307,5.060916467036108,5.426603413839363
ulwa1239,misu1242,-2.934267497422426,4.356773240129575
yaul1241,kera1258,-4.496912539799383,5.438277414525249
umaa1242,aust1307,2.0253741769607805,2.0440909850168207
uman1240,daga1274,-4.963707393301311,7.246472090282451
umbu1257,atla1278,4.159739913769899,4.710943106778608
umbu1258,nucl1709,-5.593363710075149,2.160747199582035
umes1235,ural1272,0.0085912111389954,1.6691881668053554
unaa1239,nucl1709,-4.662144752397451,2.4247383570325045
unea1237,aust1307,4.865409943092244,1.3320839254250316
unua1237,aust1307,4.969784862203067,1.3591704793798731
uppe1427,aust1307,3.160775225983993,1.5519060562272795
uppe1275,toto1251,4.271813311969568,4.435623420649872
urak1238,aust1307,4.720573967362267,3.57997886715642
urar1246,urar1246,1.355604599262596,3.558099197529465
urav1235,aust1307,4.467803249739815,2.037092572848884
urim1252,nucl1708,2.493914731336717,1.2181677394758506
urip1239,aust1307,4.970020282481382,1.4296011737481926
urni1239,giim1238,-2.5207958805377704,5.196190798289024
usan1239,nucl1709,-5.093010452531029,1.6570527095536782
utes1238,utoa1244,-2.156038920765224,2.932857983358554
kagf1238,atla1278,3.535245886089627,2.168853730911776
pile1238,aust1307,2.9351661319905733,2.6958579045601603
veps1250,ural1272,2.3830038536046354,3.047707573044729
vera1241,aust1307,4.961539480110769,2.150894371476351
viem1243,atla1278,1.496681900316387,0.9750862944744814
viet1252,aust1305,3.184544080645083,2.8207858997517103
voti1245,ural1272,2.555741407041259,2.324459396886409
vunj1238,atla1278,2.5046715337373398,1.3880404063518397
vure1239,aust1307,3.4255057629956744,2.119532548373021
vwan1235,atla1278,2.5065564005845,2.231419062736073
wadj1254,wadj1254,-2.912332383490285,5.783647650851378
waga1260,pama1250,-0.428066906969785,1.400049312567857
wage1238,wage1238,-2.676017483293588,5.446116459208968
waig1244,aust1307,4.019826846871883,2.221537177591488
waim1251,aust1307,-1.6329036491476454,0.9705214226380948
waim1252,aust1307,1.912621764294028,1.1763887778584756
waim1253,cari1283,-0.6404932477271168,1.6732304239591065
waiw1244,cari1283,0.5386663024485026,1.42202747849492
waja1259,atla1278,5.095933702327663,1.5180976450292274
waja1257,pama1250,-0.4110448100892122,1.9288906181351333
waka1274,pama1250,-2.5666195941995245,3.3212701308076884
wala1266,aust1307,3.954326812993013,1.4124468928978915
wamb1258,mirn1241,-2.096716991186085,3.8835888057628978
wamb1257,sino1245,-5.773332151408395,2.5324255077521567
wann1242,mand1469,-4.64354195954315,4.024175919139649
wand1278,afro1255,3.3080138554752136,1.1048267990698228
wand1267,aust1307,3.1458255255170173,1.535049710731796
wanm1242,pama1250,-0.008015242945945,1.73029703063313
saka1289,aust1307,4.974377065234943,1.7686974536743278
waor1240,waor1240,1.1101324724607524,3.268308674866258
wapi1253,araw1281,2.862663115093906,2.6509870484204345
wara1303,wara1303,1.41690687318486,3.932801166158409
wara1300,aust1307,4.137812246969011,3.373982946913202
ward1246,yang1287,0.6058362375398829,2.892872786439474
ware1255,araw1281,1.9776980860703013,1.4886449155914043
ware1253,aust1307,1.876769400920495,1.391282864901056
wari1268,chap1271,2.186402494860285,4.790145416198305
warj1242,aust1305,2.164599935944693,1.6413846966603869
warl1254,pama1250,-2.7440743040907667,2.6712215712892498
warl1256,pama1250,-0.4598232683902765,1.6409014994793465
waro1242,aust1307,1.9525512620419545,1.3000412948863875
waru1265,pama1250,-2.1280914187095794,1.9911793613468127
wash1253,wash1253,-2.807580425835829,6.062496765791764
wask1241,nucl1709,-4.468988514914123,1.6834099483147842
waur1244,araw1281,1.287845906748411,1.6000907378034412
wawa1246,atla1278,2.5154613287470555,1.392694748035316
waya1269,cari1283,-0.6172206464397788,1.6816441310006045
wayu1241,sino1245,-5.883041666704083,2.6189466413668008
wayu1243,araw1281,3.0826682622746846,3.247409473313226
wels1247,indo1319,4.154402750053976,4.579571796454459
nort2864,aust1307,3.366532421859152,2.069812022431588
weri1253,kuni1270,-3.8088131585394462,4.8052088108537205
west2564,aust1307,1.897408224811569,1.275646019530992
west2560,aust1307,3.258213660050683,1.6001205722141698
west2548,aust1307,1.1298830519228789,1.281116264601092
west2615,atha1245,-5.245376763026433,5.948174405149816
west2441,pama1250,-1.5514699750451413,2.035977448110158
west2397,aust1305,4.844344089884382,3.114752745812176
west2555,aust1307,5.544849634114158,2.9043932138636883
west2618,eski1264,-2.62638715466664,6.413778318408507
west2650,aust1307,5.017532352293562,3.7346157326309406
west2594,nucl1709,-3.790998503237584,2.3020544020413407
west2369,indo1319,-1.3887325004361832,2.694167340396465
west2519,aust1307,3.417812919678212,4.856365889340331
west2354,indo1319,2.9393492117993225,3.5685047627083986
west2644,otom1299,5.502868395620904,4.049925854084439
west2466,atla1278,-0.6328285985453049,0.7814719570854525
west2632,kere1287,-2.1859536100793955,5.331425339701411
west2396,aust1305,4.883282488818001,2.071303647089925
west2418,sino1245,-6.049350485639998,3.348031808653337
west2392,ural1272,0.649748802400133,1.6937785347381349
west2763,afro1255,0.9971466626910286,2.025338025722416
west2386,indo1319,-2.677634937213824,2.840036081772244
west2557,aust1307,5.340691089208328,3.0056785476118506
west2415,sino1245,-5.996352572378985,2.9214383915096747
sanj1284,otom1299,5.67365644834358,3.8670278091270696
west2430,hmon1336,2.934945420986883,3.5371907701612475
west2599,nucl1709,-5.660337833992786,2.2988853921168104
west2600,nort2923,0.339994609149129,0.978177734368785
saka1291,aust1307,0.4454267271815673,1.9904350837865452
west2516,aust1307,4.709900502478304,2.297481575859477
whit1269,aust1307,3.0725809974357463,2.2064996697279984
wikm1247,pama1250,-2.368794874715323,2.039807725583451
wiru1244,wiru1244,-4.473292241195203,7.338935120357572
babi1235,atha1245,-2.930511139466571,4.524658823393777
woii1237,aust1307,2.798049644004171,1.5298387504542106
wola1253,afro1255,-3.1915881387704808,1.8374607934827072
wola1242,gong1255,-5.04668334072026,4.142741306699355
wole1240,aust1307,5.090145505296505,4.92068948174766
woli1241,aust1307,2.0868910971851165,1.7889237338715294
nucl1347,atla1278,2.393000576973594,2.5663184177352214
wotu1240,aust1307,3.6353499038541455,2.2003311180165
woun1238,choc1280,-3.2331931501773514,4.49042446188186
wuch1236,sino1245,0.6515034186482245,2.2491271190965527
wudi1238,sino1245,-1.2190929140291733,1.0478483066066335
wusa1235,sino1245,-1.4486543923108417,1.081429554564437
wutu1241,sino1245,-2.064777037837156,1.8349683494059492
wuvu1239,aust1307,2.809631145521227,1.6946281856911227
xamt1239,afro1255,-2.9814757031040493,2.1789423466804365
xara1244,aust1307,3.1802844318804646,2.4306556266485497
xava1240,nucl1710,-2.5739216896589667,2.647997877429324
xhos1239,atla1278,4.143830881843995,5.509910247627333
xish1235,sino1245,-1.521106945056898,1.004599301271888
xokl1240,nucl1710,-2.867492676498137,4.926994707680148
yaak1241,afro1255,0.979413393774599,1.2433074753662972
yabe1254,aust1307,1.924772534134063,0.8972743809724797
yaey1239,japo1237,-2.71259936097239,3.382987917448854
yaga1260,nucl1709,-4.923252014013372,1.7355942915388614
yagu1244,peba1241,0.8393822011299057,3.0411927049280223
yaka1272,atla1278,4.402133680595483,2.3863150160046143
yaka1277,aust1307,5.080230172470703,2.949092590480926
yaka1269,atla1278,2.6351939307762,3.198008787748835
yakk1236,sino1245,-5.184992104193865,2.424758280345074
yako1252,atla1278,4.772926638258396,2.392745965847446
yale1246,yale1246,-2.206956678890239,4.543270399859653
yama1264,yama1264,1.3022785524529632,4.142717069732052
yami1254,aust1307,4.431612330601485,2.2317773404350447
yami1256,pano1259,-2.966875564886356,2.1916657856361965
yamp1242,sino1245,-5.506691658361593,2.5821255493310358
yane1238,araw1281,2.0006643595177764,1.998678302448857
yank1247,pama1250,-3.1210878411770127,2.87280227376832
yano1262,yano1268,-2.408520821158409,3.2462483546747105
yano1261,yano1268,-2.51660362968786,3.3359993081871355
yaoo1241,atla1278,3.830476966319494,3.18580732695173
yaou1238,mand1469,-4.039053202743432,4.220289958947285
yape1248,aust1307,5.082581699415004,5.365342242995734
yaqu1251,utoa1244,-2.3570324057951457,2.197978611198016
yare1248,yare1250,-5.0595213977133895,7.3928033108928
yasa1242,atla1278,3.5758752147814765,2.238333034339192
yatz1235,otom1299,5.7142836873972005,3.9047094597684193
yaum1237,nucl1709,-1.2765716450078852,1.1902699600584403
nucl1454,yawa1259,-1.029475525769182,3.142094085369429
yawa1261,araw1281,1.3800053955082436,1.4538354902188786
yawu1244,nyul1248,-0.1396881550346516,1.99715809600222
yecu1235,toto1251,2.814015429624332,4.434871068172596
maqu1238,cari1283,-1.22242239632823,1.7462130576135309
yele1255,yele1255,-3.135666219490283,6.349863438330381
yems1235,gong1255,-5.039358141493576,4.26025326044196
yapu1240,nucl1708,1.0890674510950809,1.195969208656832
yess1239,sepi1257,-4.389857469558384,4.069092081762596
yidi1250,pama1250,-3.889796705600922,3.054199094207154
yima1243,lowe1423,-4.218020375393808,7.014649128634762
yinc1238,aust1305,5.580821587776665,2.00195318554965
yind1247,pama1250,1.1917163585359003,1.5605576951460076
yine1238,araw1281,1.9394981193347345,1.7221977176493617
yoga1237,aust1307,5.607141874856099,2.9630797072886867
yona1241,japo1237,-2.661697619935775,3.3585713750373163
yong1276,taik1256,5.244047322471497,4.039096621935816
yong1280,nucl1709,-5.334811859249502,2.76512135933457
yora1241,pano1259,-2.5727464690647524,2.1827472915349446
youl1235,sino1245,-2.051999020367553,1.069837724529517
youn1235,hmon1336,3.848228769449362,3.76584092882778
yuca1254,maya1287,3.7034309101392417,5.007797672742875
yuch1247,yuch1247,-2.30209101631507,5.712634313233531
yuec1235,sino1245,1.266477903961642,2.1987459148695514
yukp1241,cari1283,-1.6334881216847512,2.581448490202966
yulp1239,pama1250,-0.3844902395405811,1.3301240261846434
yulu1243,cent2225,2.4663135536811613,2.2276520853998765
yuqu1240,tupi1275,-0.9400772456304534,1.8071930222161736
yura1255,yura1255,1.471648304694078,3.709668161371592
gami1243,pama1250,-1.1615684094933851,2.3113218244989966
zaba1237,aust1307,3.824391973803593,1.445750010333226
zaca1242,otom1299,5.470178483326851,4.128799805236621
zaca1241,utoa1244,3.793437081958016,2.746872708685487
zaiw1241,sino1245,-2.026226955004784,1.229419097976649
zakh1243,sino1245,-2.7473178466914687,1.4300805405859514
zamb1245,atla1278,3.543909067851544,1.9234142420295104
zand1248,atla1278,3.3652270521730405,2.396278656371482
zani1235,otom1299,5.540576586674538,3.898769160031746
zapa1253,zapa1251,0.1860002576095272,2.065689292680005
zarm1239,song1307,-1.3418923751321152,2.479203243768984
zays1235,gong1255,-4.715898853248324,3.978958024687517
zeme1240,sino1245,-3.3357768862477544,1.05581824502808
zenz1235,otom1299,5.493564752467337,3.957665734226396
zhab1238,sino1245,-1.3472524524769935,1.3155151647947143
zigu1244,atla1278,0.3608961080917159,1.194724876452252
nort2795,atla1278,3.440529716214876,3.052968819623471
zinz1238,atla1278,4.145934388132684,2.574388884901584
zoog1238,otom1299,5.705604858135265,3.890063658329432
zulg1242,afro1255,3.386354696492289,1.0376970179587666
zulu1248,atla1278,4.037928685448868,5.090719004165516
zuni1245,zuni1245,-3.396735103554041,7.540487173251131
