Glottocode,Family_ID,GPGLMM_Latent_Mean,GPGLMM_Latent_Variance
abad1241,aust1307,1.60940794160263,0.5951008810155543
abau1245,sepi1257,-2.08117263914942,0.971691935420992
abee1242,atla1278,0.0193724850741638,1.1450880997470725
abkh1244,abkh1242,2.4015215453440373,3.401069210294404
abua1245,nucl1708,3.4820149676148224,1.756869168561563
abui1241,timo1261,1.6056593148314848,1.2222040545287172
abun1252,abun1252,-3.189458849828047,3.972850479993033
achi1257,aust1307,-1.0268381315631443,1.1917437833570954
acha1250,araw1281,2.22456032749036,1.7082496799735392
ache1246,tupi1275,-1.656141443809504,1.8517903403950395
ache1245,narr1279,2.1034099700494755,2.059760342360032
achi1256,maya1287,2.889649291739911,1.5740068451705511
achu1248,jiva1245,2.121337753094261,2.147145588853604
acol1236,nilo1247,2.8634248186556386,1.9413768873414643
adan1251,timo1261,1.5545962538104654,1.2271444850026434
adny1235,pama1250,0.2895583808111583,1.381855527522994
adon1237,aust1307,1.3860955529482943,0.6473363131325325
adze1240,aust1307,-1.9824748793412652,0.451914086478336
aeky1238,kamu1264,-2.2808014463512616,2.756821303898046
afar1241,afro1255,0.1274238489417463,1.1516791647340536
aghe1239,atla1278,-3.305680655665789,0.5465363913170727
aghu1255,nucl1709,0.0057378968543237,0.6719826473190089
agob1244,paho1240,2.549086362837753,2.860596985052574
agua1253,jiva1245,2.3474638106794745,2.3956624836620346
agus1235,aust1307,0.7614646532358295,0.7442737271429429
agut1237,aust1307,-3.007714031041962,1.1801097213894387
ahin1234,aust1307,0.6126566514830611,0.4784369424331327
aika1237,aika1237,3.190962380927905,4.2751527273509815
aime1238,bosa1245,-1.0627096964911429,1.6996766928849318
musa1266,nucl1709,0.1617885184017209,0.3510147857676511
aito1238,taik1256,-3.667414564224583,3.2618340041421146
ayiw1239,aust1307,1.2533809498566086,0.7864293132316327
ajab1235,atla1278,-2.598298525183406,0.8073292266389824
ajas1235,kres1240,1.5826679398056305,2.1544025376710696
ajie1238,aust1307,-0.3796637577974096,0.5606363278139312
akan1250,atla1278,0.4505596305020518,0.8329511255335262
west2635,maya1287,2.872931610455262,1.362667899945384
akei1237,aust1307,1.4890389044799437,0.4614302452016812
akha1245,sino1245,-4.3037567089076445,1.2606657658466285
akoo1248,atla1278,-0.6778770359990471,0.550959622851936
akun1241,tupi1275,0.2551117329326768,1.2582150192927468
alab1254,afro1255,-0.1643623048565825,0.6355414806937834
alab1237,musk1252,3.4281451317575646,4.767345027406093
alac1244,otom1299,0.7305911599630823,0.573535309604587
alag1248,afro1255,1.2547356808182613,0.8374645972315076
alam1246,sepi1257,0.1827538061019387,0.903718128441522
aleu1260,eski1264,1.3495375024998897,3.1272692458843387
alor1247,aust1307,-1.9585776602291105,0.6914228380625609
aluk1238,drav1251,-2.099287484248884,0.9494537185535332
alya1239,pama1250,-2.261752175288852,1.4487601137314563
amah1246,pano1259,-1.7992943207307868,1.2576112157151762
amam1246,kuni1270,2.392763709135342,1.917042189946436
amap1240,left1242,1.9579200726629435,2.947070737698118
amar1272,aust1307,1.3802845961543448,0.507175853066272
amar1274,hara1260,2.183856792353611,3.621790135953568
amas1236,nyim1244,-2.343867829780857,3.623313683410945
ambu1247,nduu1242,-0.5791579021862081,1.026553806686504
amdo1237,sino1245,-2.903793181090596,1.5865065304535282
amha1245,afro1255,0.4087418200841577,0.8541885586818996
amii1238,west2434,2.176598032534777,1.842227644397143
hoaa1235,kxaa1236,-1.8631906171538464,3.4812157290620487
amri1238,sino1245,-3.2796762615953803,0.829216260738388
gily1242,nivk1234,1.0720836197963437,2.986526695966943
anei1239,aust1307,-1.058439519835018,0.7707981057084154
anem1249,anem1249,2.278486865464074,3.216347025588309
anfi1235,gong1255,-4.45646990437454,1.4859242400945902
anga1290,anga1289,2.011593062864492,2.067857883143027
anga1288,sino1245,-3.624114744628097,0.6116380442129721
ango1257,chib1249,0.2292951295947378,1.3123164609148184
anin1240,gunw1250,3.052804220294885,3.1427495249758897
wara1294,more1255,2.961844621582121,2.20978594917228
anuf1239,atla1278,-1.771849316634874,0.907000395438347
anuu1241,sino1245,-2.639702396489513,0.8988032752690458
anut1237,aust1307,-1.4446950642845624,1.101782535198561
aona1235,sino1245,-3.593124381329635,0.7028316322565651
aoua1234,taik1256,-4.29439171354752,3.630549773611449
apat1240,sino1245,-3.759210555985204,0.7969650070111243
apin1244,nucl1710,2.4275425257865964,2.2662825431773106
apma1240,aust1307,-2.365749069710976,0.4287754286067198
apma1241,kera1258,2.9725507943914664,2.019154067386101
apur1254,araw1281,2.9523249413177477,1.818831434039588
arak1252,aust1307,-1.4451683337902843,0.4022766650230203
aram1253,more1255,2.67410706436968,2.218609426458551
arao1248,pano1259,-0.1548130893004207,0.9512236847366856
arap1274,algi1248,3.3012487058278657,3.696641487300538
araw1273,tupi1275,1.1260873878194415,1.9116705335829067
arbo1245,afro1255,-0.4795749404341667,0.7074166623304379
arch1244,nakh1245,3.5218357495568826,0.7241583594986096
aree1239,aust1307,2.836377107363412,0.7143643726107598
area1240,aust1307,1.4453369133047789,0.5567453636641293
argo1244,afro1255,0.4470631940049709,0.9055779336903615
arhu1242,chib1249,1.5161325610793708,1.280149280567603
arig1246,atla1278,-1.536584702252998,0.6914317239595427
arik1265,nucl1710,3.540513628656151,1.7940683680371166
arom1237,indo1319,-1.9837981352783651,1.4255513988585218
arop1243,aust1307,1.3562614463462777,0.5051942753448326
arop1242,aust1307,1.249428578047879,0.6214835492526607
aros1241,aust1307,0.9670257996536964,0.6582786717188664
arta1239,aust1307,-2.153442114003594,0.5219085778304091
asha1243,araw1281,3.2630869013347734,1.8538681517667577
ashe1272,araw1281,3.113904898803166,1.8404705815881213
asoa1238,cent2225,-0.334959198834835,0.7826047077973861
assi1247,siou1252,3.343952792384349,4.453185650398481
asur1254,aust1305,1.4057782837914303,1.0662409948945832
asut1235,atla1278,-0.0635669889188055,0.7526679164086758
atam1240,aust1307,1.0987433526811885,0.6609451291993942
atay1247,aust1307,-2.8799305929791865,0.8285788752776693
athp1241,sino1245,0.7667301779939308,0.4421671038068862
atii1237,aust1307,-2.611644186011406,0.910916368880347
aton1241,sino1245,-2.977562322021183,0.8873693436357186
auuu1241,nucl1708,3.602748496495085,1.8060513840886827
aulu1238,aust1307,0.4487256245192464,0.3234027233489112
auye1238,nucl1709,1.1604889018686182,0.7282367767942581
avac1239,tupi1275,2.022596674984526,2.248549465203407
avat1244,atla1278,0.0070483780140484,0.5562574549990291
katb1237,aust1307,0.3963848119592211,0.3159598641741183
avok1242,cent2225,-0.1588030192502103,0.7097598596486883
awac1239,barb1265,0.3844919040349537,1.61353648643896
awad1244,aust1307,1.523081395549915,0.4738115769038931
awad1243,indo1319,-1.0438509526063375,0.9196866791242612
awap1236,nucl1709,0.5474869618634323,0.4230530266381862
awar1249,ramu1234,-2.068063712958991,3.0259378259330543
awar1248,nucl1709,0.6958633326982386,0.4055676708559943
awet1244,tupi1275,2.8888938224684333,1.857517530933272
awji1241,afro1255,2.444815970841251,2.459998859814588
awtu1239,sepi1257,0.5221914316300321,0.8347234602987896
axam1237,aust1307,0.4589618576765368,0.3269221786599807
axiy1235,sino1245,-4.324710516411908,1.5181489840204048
ayac1239,quec1387,3.656072800792196,3.0372547806793677
azha1235,sino1245,-4.462602410547931,1.5908261555903351
baba1264,atla1278,-3.2172157651543536,0.5484413917128652
baba1266,atla1278,-3.424824093021826,0.5586485585896064
baba1268,aust1307,0.7796984852342146,0.6597814456060256
bada1257,drav1251,-1.903910367661964,0.962416879768476
bafi1243,atla1278,-0.5890783413550242,0.5139434499523592
bafu1246,atla1278,-3.424738941773728,0.5512533123109513
baga1273,atla1278,-1.9729518366146848,0.8807734640089997
baga1272,atla1278,1.2087271821716516,0.8641433609446842
bagi1246,cent2225,1.9942459734664977,1.0169135846289912
bagv1239,nakh1245,0.8388079906317716,0.5487453776337698
baha1259,afro1255,2.120893358906981,2.1630097110873567
bahi1252,sino1245,0.7728022470689615,0.4005637310221601
bahn1262,aust1305,-4.299760186349389,1.8997775366605705
baim1244,sino1245,-2.741147697940677,1.2294247301314627
baka1272,atla1278,0.1301256048512675,0.8232473193738592
baka1274,cent2225,-0.037250086403745,0.7238517327296137
baki1244,aust1307,0.282081803233548,0.3942352694197772
bala1316,aust1307,-0.3127525722866797,0.748110579922681
bala1311,aust1307,-3.277258690105464,0.9851153690694529
bala1315,aust1307,-0.122102949798404,0.8310718417826699
bali1278,aust1307,-0.0616380380609709,1.1409624539790642
liki1240,atla1278,1.3997999219964723,0.5730092875983175
bamb1270,aust1307,1.2358061217357632,0.8803440110183303
bamb1269,mand1469,-2.705731950622771,1.8733814194207132
bamu1253,atla1278,-3.233168240310582,0.573952385708715
bamw1238,atla1278,1.3076652069993464,0.5620078469923033
band1344,atla1278,-1.8979527446936495,1.0244361331708216
band1340,atla1278,2.486620482854333,1.0454819215262674
bang1363,bang1363,-3.2601767236430046,4.358148350266721
bang1369,sino1245,-3.8806227902517128,0.94573371840419
guar1293,araw1281,1.2464565592426395,0.9264287730885794
bani1255,araw1281,1.4237542028657124,0.96898949232704
bann1247,aust1307,0.069723930335048,0.6085646345175029
bant1281,sino1245,0.6157215308878202,0.4006397121667451
bant1288,aust1307,-2.587531026932854,0.924869243984796
bara1357,sino1245,-2.639782852046058,0.6018398644218408
nucl1630,koia1260,0.9732408494859836,1.8417562308359765
bara1369,aust1307,-0.9003759060536674,1.7903283981173637
bara1361,atla1278,1.615107767724398,0.7834577325764229
bara1370,aust1307,-3.206493972065636,1.1114079815608662
bard1255,nyul1248,3.2219114525435266,3.877201170950588
bare1276,araw1281,1.1163648313516183,0.9400232642736236
barg1252,nucl1709,0.9203816866314224,0.4118692465664519
bari1286,aust1307,1.5132326237311586,0.511406014083283
baro1253,aust1307,-0.9717023704509172,0.5210521875226544
basa1282,atla1278,-1.4125390756088512,0.684402158889517
bash1264,turk1311,-3.4836105336600216,3.674759648781343
basq1248,basq1248,2.377675929533365,4.134849470172382
bata1293,aust1307,-0.9633219039219016,0.993320332886416
bata1289,aust1307,-0.51339343061127,0.9786330748312596
bats1242,nakh1245,3.1590520010902408,0.7810126723622339
baur1253,araw1281,4.791726525573389,1.8904460378027643
bauz1241,geel1240,-1.5765187976251631,2.758748459224149
bayb1234,aust1307,1.059333519473164,0.8473117199019562
bebe1248,atla1278,-0.1974470593972779,0.7142793840916468
beel1236,afro1255,2.2716136812428163,0.5456063422362902
beem1239,atla1278,1.5178019928581354,1.1106342281242585
beja1238,afro1255,1.7069594413239435,1.4971974591735844
bekw1241,atla1278,0.1063273545049996,0.5782682909769381
bekw1242,atla1278,-2.647683833376493,0.9123248573651156
bela1256,nilo1247,2.1757574668295767,2.001002517309844
bela1254,indo1319,-3.406003146446148,2.587743711563495
nyal1254,aust1307,2.5533231070241964,0.9867166037297253
belh1239,sino1245,0.7705160566937661,0.4202034157797474
beli1257,cent2225,-0.5973386203776767,0.8453775498145379
bell1243,sali1255,3.4939342232046924,3.416772205890142
bemb1257,atla1278,2.791625235846726,1.5302193977671017
bena1262,atla1278,2.505028711551965,1.0271465366168575
benc1235,gong1255,-1.8265605206930304,1.1666429546762238
bent1238,dogo1299,-1.928304385203923,1.8067671767822129
zagh1240,saha1256,2.538110869741743,3.5771497552960234
bert1248,bert1248,1.1342693913699462,2.545992739555814
bezh1248,nakh1245,0.7941907684615994,0.5495652219288356
bhoj1244,indo1319,-0.4396855901295604,0.7912326520840196
biaf1240,atla1278,1.733584230056534,0.9423344817343242
biak1248,aust1307,0.6927125468126049,0.7879141096757252
bian1252,kuni1270,2.0969103217863627,1.9159575734268124
biao1254,hmon1336,-4.337361509630872,4.057893716045744
biao1256,hmon1336,-4.249066577076675,4.085984474952493
biat1246,aust1307,-3.361424030084451,1.3203696449613993
bier1244,aust1307,-2.649824769705719,0.3883011647562249
bign1238,aust1307,0.8987621707764599,0.334063443682723
biha1246,aust1307,-4.55939987277214,2.0678459316050084
bila1255,atla1278,2.182529086316345,0.8513407868250376
bilb1241,aust1307,1.4008545546077582,0.4563885277721287
bili1260,afro1255,1.1015204784049455,1.17046366802127
bilu1245,bilu1245,4.420163409582006,4.325636156434509
bimi1240,nucl1709,0.7359524574485911,0.5322140684864163
bina1277,nucl1709,0.3764488593680346,0.6039926981786614
bine1240,east2503,2.6091536959916213,2.610553188012789
bini1246,atla1278,-2.1851658906511693,0.8043927035084089
gunw1252,gunw1250,3.246078423195025,2.9179134486197267
birr1240,cent2225,-0.8724425140443011,1.01110888995726
bisu1244,sino1245,-4.057419030999792,1.234463679913544
bitt1240,aust1305,-3.8987579829962753,1.4385786080291574
biwa1243,yuat1252,-2.3609277992947657,3.220584324493826
blab1237,aust1307,1.4556107260182956,0.5915656931901854
blan1242,aust1305,-3.6746200719198248,1.3641911204922934
bang1354,atla1278,1.4288591575825815,0.8872125749151589
bobo1255,aust1307,-0.1166478732876412,0.7461217248823466
bodo1267,aust1305,0.4451179429355418,0.9321870469091847
bodo1269,sino1245,-3.3463515780453665,0.8075080748065027
boka1249,sino1245,-3.798711765717326,1.0426383917581994
bola1250,aust1307,2.1475772259694823,0.5871162121209643
bolg1251,atla1278,-0.1903950381714698,0.9086409056480332
chim1302,quec1387,2.478882587166201,2.2280286858889413
bolo1262,atla1278,1.4566262034634043,0.6390370465993023
boly1239,aust1305,-3.830984247639318,1.8661712392665104
bomb1262,atla1278,1.186556061816351,0.5830265150449438
bomk1234,atla1278,-2.230784406156019,1.010651780620302
bona1250,mong1349,-3.824858971915841,3.479643155040769
bond1247,atla1278,2.5606390434052155,0.855624648829652
bond1245,aust1305,0.5544045539846029,0.7763887659065922
bong1289,aust1307,-0.450389114966254,0.9232043520498828
bong1285,cent2225,-0.6231604266644306,0.9526452250534944
bora1263,bora1262,-3.3371551585211936,4.21714518154309
bora1271,afro1255,0.2994918581310528,0.8638614197526806
bord1248,chib1249,-0.2329467492083397,1.230837367928013
bori1243,sino1245,-3.797868910577277,0.8795494116997222
boro1277,gong1255,-1.4506463921119332,1.4489895727384727
boro1282,boro1281,2.437133736931414,4.042231888514447
boto1242,aust1307,-2.6993240075543103,0.8075432992021554
boun1243,atla1278,-1.5680796844257732,0.8841026019517741
boun1245,nucl1709,-0.5825060459852809,0.4270172152530005
bouy1240,taik1256,-4.626529571944401,3.594253678524701
brah1256,drav1251,-1.9574833952538704,2.445253298984107
lave1249,aust1305,-4.406327994113474,1.762785158302874
bret1244,indo1319,-1.0013132732429766,1.5519480463902724
bube1242,atla1278,-3.207879426722667,0.8528791213914282
bubi1250,atla1278,-0.1108419756636831,0.9128471903019086
budu1248,nakh1245,0.5475580814800598,0.7518067181473818
budu1265,afro1255,2.6499871457894253,0.9327871413273812
budz1238,atla1278,0.8751371267100965,0.7549014996616457
buga1247,aust1305,-3.898463225762174,1.817091814006229
buga1250,aust1307,0.3551270599989639,0.4117308921434066
bugh1239,aust1307,1.5483331009090404,0.5761767955409312
bugi1244,aust1307,1.7486857572362644,0.9049912972012296
bugl1243,chib1249,-0.5566283357967621,1.3534332350596792
buhu1237,aust1307,0.2849874323451431,0.786534187955855
bujh1238,sino1245,0.4674864863613328,0.5633727901126697
buka1257,aust1307,-3.2769116680831263,1.3394481596348555
buki1249,nucl1708,3.497080279530471,1.7976758572372464
bull1247,atla1278,0.4324848292795862,0.9119448369542232
bulo1242,aust1305,-4.301377931515495,1.877781078291946
bulu1251,atla1278,-3.515715036799733,0.814161813185315
bumt1240,sino1245,-3.0852863067700174,0.859632752583595
buna1278,timo1261,1.2707432048430511,1.371567805654859
buna1276,aust1307,3.2337349930768537,0.9108638821299896
gahr1239,sino1245,-0.4908217062796607,0.9068811083928664
bund1253,indo1319,0.1498503672458051,1.184402950548327
bunu1267,aust1307,0.2933560896022444,0.5535269974786718
buol1237,aust1307,0.2191755645258976,0.8509613608747895
bura1292,afro1255,-1.2185534114513237,0.5548448837615343
bura1267,mani1293,2.917984336252382,3.378767453995958
bure1242,afro1255,-0.404096322767068,0.5418542922130616
burj1242,afro1255,-0.5106924719974171,0.8714496188325782
nucl1310,sino1245,-2.801340041346903,0.98481173316544
burm1264,burm1264,0.5888918350511056,2.221777362469433
buru1303,aust1307,0.63683485202114,0.8995444670372077
buru1320,afro1255,1.0754925036224143,0.8737458176547221
buru1296,buru1296,1.1451512119557852,2.72789122450798
busa1253,mand1469,-2.181828079910365,1.7665522010215096
bush1247,atla1278,2.3317923487003416,1.5148376964559258
buwa1243,afro1255,2.331302145958994,0.4864414792213321
bwai1242,aust1307,2.869304820985701,0.725653634536819
bwat1240,aust1307,-0.0369154505715931,0.5885886782453191
byan1241,sino1245,-0.7874911643267424,0.7616894103475662
caac1237,aust1307,-0.091620708882772,0.6733393565097394
cabe1245,chib1249,-3.064078940319945,1.564753712503146
cahu1264,utoa1244,1.76660104076699,1.5282409900214002
cakf1236,afro1255,-1.912289744346843,0.6616091745640098
cald1236,quec1387,2.323781403446697,2.0848154971671367
caml1239,sino1245,0.8904606983503681,0.3959023896974472
camp1261,indo1319,-0.9924056134402576,1.407074726343586
cams1241,cams1241,1.1097568561559243,2.6021477478972805
cane1242,nucl1710,2.3226197867680285,2.464360970788497
caom1238,taik1256,-4.521581625352689,3.8332143521150286
carn1240,aust1305,-2.3176969931447755,1.903258938105722
caro1242,aust1307,3.6948688721806686,2.9025656734582315
cash1251,pano1259,-1.8042025397146015,1.635668113155095
casi1235,aust1307,-2.1592090715860297,0.5980854465548546
stan1289,indo1319,0.6540194435955032,1.513504939751293
cavi1250,pano1259,-2.766468942017404,1.1815308044989852
cayu1262,cayu1262,3.099030294116182,4.158159267735221
cebu1242,aust1307,-2.2651935708729374,0.6938006913570387
cemu1238,aust1307,-0.0328808435493914,0.575477148022518
cent2127,eski1264,-0.4315938059018964,2.558115553767446
cent2142,ayma1253,3.516263243483089,3.7939865033389992
cent2004,sino1245,-3.61868946848696,1.0216743209702592
cent2292,aust1307,0.2735621796600243,0.4610509159339866
cent2084,aust1307,-2.4163303196291928,0.6217694987480353
cent2314,aust1305,-3.94821226909638,1.8467766905614056
qaua1234,taik1256,-4.405566106552127,3.6040885184037696
guer1241,utoa1244,2.627110567642256,1.4483414942633883
cent2050,saha1256,2.7050464159846053,2.834080836062739
cent1989,aust1305,-4.148711619518389,1.85334327628928
mala1479,aust1307,-3.515001584103396,1.3509085511350598
cent2322,ural1272,0.4771861152222976,1.8128703323301243
cent1992,aust1305,-4.439104217902625,1.8479346123437812
cent1990,aust1305,-2.043297504812338,1.837545893090077
cent2126,japo1237,-3.4159229710746537,3.5437672363846584
cent2091,aust1307,-2.643495370121353,1.212841108571352
cent2140,miwo1274,2.241012158160223,2.8025430779834863
cent2090,aust1307,-2.9741463851454517,1.226831747403102
cent2131,utoa1244,3.567320468495714,1.5182311622856588
cent2150,chib1249,-2.250673250153356,1.3749994506827043
mbal1255,atla1278,3.321673818002372,2.5207822824064614
chac1251,pano1259,-0.4497143643004195,1.0023394417254732
chad1249,afro1255,2.7168465927534315,1.3657214568352831
chak1270,sino1245,-2.6153546652445354,0.9593383421390892
chak1271,atla1278,-1.4899343904236897,0.7653811905598573
chal1275,afro1255,2.760577049917132,1.6281800353412912
cham1315,zamu1243,-0.2122752034204174,2.348013292565592
cham1309,nakh1245,0.7759586576652453,0.5858883405156234
cham1312,aust1307,3.9526008558138175,2.587791199608697
chan1313,sino1245,-3.700381314296384,0.7662164645610083
char1269,gong1255,-4.651105407026155,1.1199230769358852
chas1234,sino1245,-3.517416968774616,0.9620465095894436
chec1245,nakh1245,3.5896286250802545,0.9470058859931072
chek1238,aust1307,1.2959731372801773,0.5928310137174009
chen1255,drav1251,-1.959050589797128,1.3597250015827989
chep1245,sino1245,0.5723553937707307,0.5399069687246456
cher1273,iroq1247,3.9651045441723287,5.168414384873337
chey1247,algi1248,3.59174127185367,3.83768315120275
chic1270,musk1252,3.8095112001287736,4.899019526845011
chig1238,atla1278,2.4277685323564846,1.0235943536906706
chil1280,atha1245,3.6209905438086,3.6171202703086287
chim1309,chib1249,1.2868803740347674,1.2800987368546437
chim1312,atla1278,1.1715021519557938,1.3847005662094638
chhi1245,sino1245,0.7985871094090414,0.4200666528656889
chip1261,atha1245,4.024192310938228,5.17776362489766
chip1241,algi1248,4.040003800751598,4.737227729477008
chir1283,sino1245,-0.7371767339197797,0.5420327237030804
choc1275,sino1245,-3.215077083580523,0.8486313919829804
choc1276,musk1252,3.791285724069623,4.86165777912038
chon1284,aust1305,-3.987598081756453,1.8484783087264915
chot1239,sino1245,-3.460283114547938,0.5166287588712741
chra1242,aust1305,-4.25120120443012,1.9736985215846232
chuj1250,maya1287,2.903582589596704,1.3758255670942925
chuk1273,chuk1271,1.596125875934539,3.979379954829225
chuu1238,aust1307,0.938338731878045,1.404553388532921
chuv1255,turk1311,-3.946755660807346,2.8491971262908606
chuw1238,atla1278,0.9327789702203344,1.353060631375051
cici1237,atla1278,2.261956232166657,1.0891351575284514
chin1286,chin1490,2.2675426488808617,3.810265428883816
cent2087,aust1307,-2.1555432622352257,0.8858444677286084
coat1243,otom1299,0.5772384553335437,0.4876442446558471
coca1259,tupi1275,0.3417205291974445,1.3451562445017142
coeu1236,sali1255,3.4234187050239493,2.935151975544372
cofa1242,cofa1242,-0.9301610323575258,2.4841623962753374
colu1241,sali1255,3.297041251818328,2.864338475807938
coma1245,utoa1244,-0.5224229390022772,1.7397358624007673
como1259,sali1255,3.4372436445527,3.132600841538271
cong1236,atla1278,2.5813572530170656,1.508569893835162
copa1237,otom1299,0.2518655234784186,0.4855437780651979
cors1241,indo1319,-1.2798484138256747,1.2868830196570578
cosa1234,sino1245,-4.362753880430029,1.318083839062007
cota1241,aust1307,0.6060610363966807,0.7138688819778505
crim1257,turk1311,-2.897192862489553,3.042203755607882
cros1244,atla1278,0.3368215165935051,0.5411167616360579
crow1244,siou1252,3.1820300687721987,4.125598566406396
cube1242,tuca1253,-2.176443736270488,2.142747715163029
culi1244,araw1282,-0.184448310785249,1.817826373864852
curr1243,araw1281,1.0727901405902291,0.969434079858468
cusc1236,quec1387,3.8506949014182874,3.028712117717502
cypr1248,afro1255,2.3360204987376525,2.0843187233901395
czec1258,indo1319,-2.499930591164465,1.9947977892047497
daai1236,sino1245,-2.681332868636259,0.9565774459470971
daak1235,aust1307,0.3809779126463825,0.7414771270733365
daas1238,afro1255,-3.038100209597798,0.8909978828165812
dadi1250,tebe1251,-2.616990858460708,3.3888098662238644
dagb1246,atla1278,-1.869174607588968,0.8013900085526888
dagi1241,narr1279,1.970961334924732,2.098293610508461
daur1238,mong1349,-2.145486626639117,3.834166134698755
daha1245,afro1255,0.9316809552978416,1.021484007102652
daka1243,aust1307,-2.512005522408622,0.3643309435426527
damp1237,aust1307,-2.8662450354304503,0.9219370915348132
dana1252,aust1305,-2.9662569969464085,1.4259900862201231
dand1238,drav1251,-1.6046570514055485,1.206505030176917
dani1285,indo1319,-5.734788105149121,2.712712254093113
dara1250,indo1319,-0.5931427949587056,0.7827542837589085
dard1243,daju1249,-0.0783957958448702,2.194208715158573
darm1243,sino1245,-0.8301911732799709,0.7605595751701166
daww1239,nada1235,-3.731435790817848,4.274186368172645
dawr1236,gong1255,-1.6251506156844366,0.9822004055360553
daza1242,saha1256,3.2465677898450256,3.3600351483908906
defa1248,ijoi1239,-4.309165365334164,4.40823864633464
dege1246,atla1278,-0.0030214839705837,0.6617925478694726
dehu1237,aust1307,-0.7769961762481401,0.6311709181729626
dera1245,sena1264,2.2754993335333595,3.196013430959596
dera1248,afro1255,1.499311202876881,0.5636629312685173
desa1247,tuca1253,-2.43566258950833,2.073037720862809
dhao1237,aust1307,-1.4122023228066136,0.974729210586304
dhar1247,pama1250,-1.5452545352564395,1.6102155956386213
dhim1246,sino1245,0.0924931863981581,0.6095105152010873
dhuw1249,pama1250,-1.7451025176316015,1.2017247197380208
dibo1245,atla1278,0.7861008922174568,0.7242989247937377
dier1241,pama1250,-2.628778234436453,1.6127068232147952
digo1243,atla1278,2.593002101392927,0.9576618232986664
dima1251,sino1245,-3.4416517642063904,0.66524867105643
dizi1235,dizo1235,-2.041442199535017,1.9950004291395496
djam1256,pama1250,-1.917981461109599,1.272328887382704
djee1236,mani1293,2.7908349569338413,3.374835318365431
djeo1235,nucl1710,0.3612776675056361,1.4917364223362846
dobe1238,aust1307,1.2825069617093483,1.0004846507609209
dobu1241,aust1307,3.0783418549881416,0.8193196324660263
domm1246,nucl1709,-0.2852398692048306,0.373569118585829
doma1260,indo1319,-1.373497757414644,1.3302733562473996
dong1285,mong1349,-3.901327585580866,3.4918781475078493
doro1266,manu1261,2.6287500692380696,3.4702726753709223
drun1238,sino1245,-0.0821766699243002,0.8078948974459355
chug1252,sino1245,-3.4729280174966988,0.8802037070465154
dumb1241,aust1307,-0.7493195884614856,0.7243503383522345
dumi1241,sino1245,0.8050824690934104,0.4068233190403223
duna1248,duna1248,-2.169964091206792,3.1084604095836514
dupa1235,aust1307,0.8886884460948689,0.6030731454538127
duru1236,drav1251,-1.330293466589277,1.1529881775363062
dusn1237,aust1307,0.3301408831329582,0.6416299165881814
dutc1256,indo1319,-2.1666898208360736,1.870585125747251
dyir1250,pama1250,-2.5387789225801365,1.3461925714612946
dyul1238,mand1469,-2.9703519782521264,1.405243387259269
dzao1238,hmon1336,-4.31812957521251,4.070818273478649
dzon1239,sino1245,-2.958643182722085,0.835336875504332
east2443,aust1307,1.044219038641169,0.4449148654239323
tang1336,sino1245,-3.5971721375341152,0.5284815133926646
nucl1235,indo1319,0.1116326456443166,1.2388464334606013
east2379,pama1250,-2.329163385831591,1.5033328565950796
sout2896,aust1307,1.1644921582970411,0.6415361672394386
east2555,tupi1275,2.642853216261194,2.240973575880973
east2332,aust1305,-4.200799561675909,1.7726544739979655
east2563,aust1307,-4.6072536480535975,2.153871811255069
east2690,afro1255,2.7666373793958305,2.241865170167733
east2556,otom1299,1.4270616559388292,1.0533310442184174
east1236,aust1305,-4.319232560688881,1.8465630796346737
east2342,sino1245,-3.6211982077307407,1.302738055187891
east2782,atla1278,2.1412037295054205,1.2360279091745596
east2328,ural1272,-0.986041711312126,1.409736526507622
east2333,aust1305,-4.295958674748172,1.9233008062852743
east2773,sino1245,0.3132107471885552,0.4408533844692268
panj1256,indo1319,-0.3678373145332747,1.213203732227946
east2485,aust1307,-3.1920670835602483,0.9670482241367644
fina1242,aust1307,-2.5829106015443277,0.453146620048928
east2694,aust1307,0.3243165724509078,0.6804318312117896
east2447,aust1307,-3.9554337861263233,3.698320796253397
east2516,nucl1709,-0.4199799252281666,0.4682216610767309
east2440,aust1307,-0.5357822772846048,0.8469290458897909
huaa1248,tuuu1241,0.6333548456062557,2.62489331611717
wall1257,aust1307,-4.116239880896668,3.4059674764654817
egyp1253,afro1255,2.8330092526984103,2.372060151174217
eipo1242,nucl1709,0.9573515778851386,0.5550455218389097
ekar1243,nucl1709,1.1232594862315444,0.7386776857740252
elem1253,atla1278,0.2345212813694079,0.5540169639701791
elip1238,atla1278,-0.5025087870803493,0.5036468157949585
elna1235,utoa1244,3.458003322829234,1.8998959140816272
emae1237,aust1307,-2.3657090594385544,0.501437282762268
emai1241,atla1278,-1.8357251631744265,0.7163002475355817
embe1262,choc1280,0.513147155492221,1.3840892077671365
stan1293,indo1319,-2.018812828119316,1.8753645833382853
enuu1235,sino1245,-4.389402919810822,1.3297269333584687
epen1239,choc1280,0.752611143493249,1.4108981274098014
ersu1241,sino1245,-3.064498071071199,1.0496218417803966
erzy1239,ural1272,0.5185469688375167,1.3989032680457782
esan1238,atla1278,-2.241114505212248,0.7306697031822864
esee1247,koia1260,3.456581821820081,2.0156779296937284
esee1248,pano1259,-0.6749520407727048,0.9986925249277334
esim1238,atla1278,-0.4259578787343814,0.5254228442892526
esto1258,ural1272,-2.7621445623093983,2.0771445357543774
eton1253,atla1278,-0.6416326505356624,0.5730688677536655
even1260,tung1282,-2.7294035324134622,4.598958610647121
even1259,tung1282,-1.970472369678949,3.529184878160496
ewee1241,atla1278,0.3108113792166918,0.672795113403394
fala1243,sino1245,-2.8312793158496143,0.7420161070322031
fare1241,atla1278,-1.4428327883473828,0.8319973653093626
faro1244,indo1319,-2.5132187119249023,3.0798973614462684
fasu1242,fasu1242,-2.5620370826475614,3.39336286374808
fiji1243,aust1307,0.4187288945894154,1.3447600330875034
fili1244,aust1307,-2.344552872332186,0.8542942504184339
filo1235,toto1251,3.426069018108903,3.045860880961854
finn1318,ural1272,-2.9943502327080456,2.366918642912445
foii1241,east2499,-2.61823520816146,3.4097939954615857
fonn1241,atla1278,-2.5795009666536224,0.8097482596496075
fore1270,nucl1709,0.4457076611952703,0.417004356643746
fore1265,ural1272,1.7883593520745509,2.442873827014669
fran1266,mixe1284,3.4790747314333954,3.721599832951613
stan1290,indo1319,-0.3580100618002066,1.405801495439002
fuln1247,fuln1247,-2.501115209868256,5.025313079991864
furr1244,fura1235,1.613760176341278,3.076753967578963
furu1242,cent2225,-1.145678710980005,1.0195232246008583
futu1245,aust1307,-1.4978072574398749,0.790440160718239
fuyu1242,fuyu1242,-0.2856311056462997,2.1130467073767694
gaaa1244,atla1278,-0.1850023942224627,0.8270575782560243
gaam1241,east2386,1.3436532656231728,2.7284230945530865
gaan1243,afro1255,1.4582102832923034,0.5313998578516497
gada1258,aust1307,-2.4509511883501176,0.4922186580278662
gade1242,atla1278,1.853122018571274,0.7006612443765263
gaga1249,turk1311,-3.572966644643409,3.176213372671905
gala1264,afro1255,-0.634759149107414,0.5226415237418678
gale1259,nort2923,0.9751893433891012,1.0606242662769034
gali1262,cari1283,3.636883739524401,3.256233540115014
gali1258,indo1319,1.0132068253286997,1.6840972017019735
galo1242,sino1245,-3.882525560470656,0.90099210722488
gamo1243,gong1255,-1.9742759058257484,0.9883621095694242
gand1255,atla1278,2.5816504966016174,0.9873845241594008
gang1267,tang1340,-2.3611881781265813,2.586771250102612
gang1266,sino1245,-0.5474027889878117,0.4822894982740973
gant1244,nucl1709,-0.3035289224007151,0.3706604210578756
gapa1238,aust1307,2.7604385885505445,0.7121193538103192
boht1238,afro1255,2.170248436834494,1.4047895078782382
gari1256,araw1281,4.942802791424813,2.696500576870613
garo1247,sino1245,-2.946244335697324,0.9035232972894782
gara1269,garr1260,2.35083592319013,3.8157944647112
gata1239,aust1305,-2.2750257726107903,0.9236005957517612
gayo1244,aust1307,-3.833012779961972,1.3264893988451547
geba1237,sino1245,-3.301324622038202,1.314213147432124
gebe1237,aust1307,-0.4364086023334417,0.8349184471680235
geda1237,aust1307,1.4117486398269588,0.4581264451629891
gela1263,aust1307,1.7103718682814513,0.5589211848035553
nucl1302,kart1248,2.483870525946215,3.1626443751365256
geru1240,afro1255,-0.4258538972559094,0.5620066648133708
ghad1239,afro1255,2.515401026139044,2.5062350772083866
ghan1242,aust1307,1.2196497895869676,0.6741475776821115
ghar1239,aust1307,1.6825086717978952,0.6252226887586048
gheg1238,indo1319,-2.1100516987124385,1.4448707186403436
ghom1257,afro1255,3.1674334079589226,2.7754690335510954
giiw1236,afro1255,2.3821073340004206,0.5535975472553218
gilb1244,aust1307,0.229304082278263,1.757897508804069
gira1247,nucl1709,0.6540032873176788,0.3524230379090891
giry1241,atla1278,2.35425738365291,1.0073517487602572
gizr1240,east2503,2.5912710281285056,2.619123481109101
glav1244,afro1255,2.4663777340307087,0.522797452790666
ghod1238,nakh1245,0.8263990250923758,0.6296844285757714
gofa1235,gong1255,-1.7886335334903676,0.9588060411014504
gogo1265,suki1244,-1.9773037600656305,3.0597949410124343
gola1255,atla1278,0.2982417156216244,1.0921830198621478
goli1247,nucl1709,-0.2876780704198285,0.3915619294158858
goon1238,buna1274,3.233177161404821,4.778648660892656
pare1266,aust1305,0.8066057882408646,0.7872466043903756
gras1249,koia1260,3.812332377180344,1.9990601121313265
guah1255,guah1252,1.8045676889030364,3.266764336904409
guam1248,barb1265,-0.3468734831695979,1.6623431503366817
guat1253,guat1253,2.329570103236052,3.8494235855715937
gube1234,atla1278,2.6516067917586885,1.2368739335119583
gude1246,afro1255,-0.942099367015216,0.4895596166948088
guer1243,otom1299,0.1516790273584396,0.5145787537805262
guhu1244,nucl1709,-2.6692627527280823,0.5958994147491126
guiq1238,sino1245,-2.664546764389502,0.8734155543109132
gulf1241,afro1255,2.7217612797091366,1.9819804381721724
guma1254,aust1307,2.940703705717331,0.8006105417753382
guny1241,pama1250,0.2789549488919198,1.2818169948865368
gura1251,indo1319,0.9657833022237436,1.4304407447489125
guro1248,mand1469,-3.3622787907663003,1.605889680252636
guru1261,sino1245,-2.223221496539127,0.4168132787165142
guru1271,afro1255,-0.981370160221666,0.5444249413487672
gusi1247,atla1278,2.572305842668494,0.9744329627430552
gugu1255,pama1250,-2.1401169373628743,1.289931099543388
kwam1249,koma1264,1.576246452328468,2.051901660686365
gwen1239,atla1278,2.715338843876413,0.8137917855991414
gyel1242,atla1278,-0.7089649190496019,0.8688092131925647
haaa1252,atla1278,2.372426350654375,1.1920586669638205
hadi1240,afro1255,-0.0891911352726204,0.6323585597345911
hadz1240,hadz1240,1.5119996244235183,2.826073374242375
haka1240,sino1245,0.3012080277972457,0.6144793987642565
hakk1236,sino1245,-3.916677020945854,2.295731708527497
hala1252,aust1305,-4.516144105628675,1.7766422130032318
halh1238,mong1349,-4.788176395959801,3.967243758035573
hali1244,aust1307,2.4030079513422766,0.6886140429104355
halk1245,sali1255,3.284295065468215,2.855820094436311
hame1242,sout2845,-1.452742305602299,2.6875830844701056
hang1263,nduu1242,-0.6464173595374345,1.0088668125923608
hani1248,sino1245,-4.459828370057047,1.4669538977910008
hano1246,aust1307,-1.958461336930296,0.4800564742264797
haro1237,aust1307,-4.555048698379391,2.1218498369860197
haru1245,piaw1238,-1.2276371362701095,1.8138517636842764
hass1238,afro1255,1.9866454580394397,2.077277474136986
hata1243,hata1242,-1.2745990087700203,1.8681026622336905
remo1247,aust1307,-2.480631398256672,0.8070284529994769
nige1253,atla1278,3.3191610767131543,0.8370733832404724
hava1248,coch1271,2.1657019589700206,3.036008593514849
hawa1245,aust1307,-2.970744780069758,4.5501004940839005
hehe1240,atla1278,2.4674110375078597,0.9949231718707434
heil1246,waka1280,2.795745292444371,3.865576862946224
here1253,atla1278,3.493680220013168,2.112039150274761
hida1246,siou1252,3.4875890987831166,4.608077557357692
high1276,mixe1284,3.281537182544085,3.524321967094539
high1278,utoa1244,3.077844963545344,1.3673336550980189
high1243,toto1251,3.4364215020532214,3.034438102167522
hili1240,aust1307,-2.5456426432298134,0.8945418978052988
karb1241,sino1245,-3.4724468835528235,0.7073602205604228
hind1269,indo1319,-2.905001866562644,1.4769556046059795
hinu1240,nakh1245,3.4488627387390025,0.610131154306341
hixk1239,cari1283,2.9427103660796483,2.75073962791269
hlai1239,taik1256,-4.897753450777883,4.1189622128352354
hler1235,sino1245,-4.195063428762282,1.263588107508804
hooo1248,aust1305,1.4024277758376442,1.012477882319832
hoav1238,aust1307,1.5913163401346713,0.6225441504281548
ainu1240,ainu1252,1.441451265955421,3.4878684132011184
holo1240,atla1278,2.2637755838801707,1.3090760889161643
hone1235,atla1278,2.9374471710547043,0.6464380915300652
honi1244,sino1245,-4.375040599075359,1.3302627626171457
hopi1249,utoa1244,1.2448871738866667,1.393033706832176
hote1245,aust1307,0.3226388599485845,0.3877444927341749
hozo1236,maoo1243,-3.010343588679873,3.897152319168233
hrus1242,hrus1242,-3.2938116802356623,4.36154849805019
huuu1240,aust1305,-3.8271526782657945,1.371616576478326
hual1241,quec1387,2.840488822092608,2.500424284496805
huam1247,jiva1245,2.3323281397891877,2.1886143440572408
huar1255,utoa1244,3.522417348480393,1.3581246305136858
huas1242,maya1287,1.9658699597468308,2.2575067885821465
huba1236,afro1255,-0.8205866939523243,0.4895822492656521
huic1243,utoa1244,3.418456514663781,1.903721426366582
hula1239,aust1307,-0.4814603378828228,0.6586232530358309
hula1244,afro1255,2.920531273930643,2.0673501271541266
humb1243,song1307,-3.5038860012273325,3.094818159091835
hung1275,aust1305,-4.08443001906345,1.750945517072136
hung1274,ural1272,-0.1747355464746549,1.7449650320855916
hunz1247,nakh1245,0.7968593258614722,0.5577476043611291
hupd1244,nada1235,-4.058850455659835,4.180225350454137
wyan1247,iroq1247,3.7502824258699783,4.702093600417412
hyam1245,atla1278,-0.8445204483789721,0.6380496060889822
iaai1238,aust1307,-0.5651078048510834,0.5982782756320386
iama1237,aust1307,2.94386544705168,0.766910494867961
iatm1242,nduu1242,-0.634660609690336,1.0492708941809037
ibal1244,aust1307,0.4354681610678983,0.4940898670548943
iban1264,aust1307,-3.168422443353564,1.3752411865014516
iban1267,aust1307,0.7827738423532947,0.5266467009269817
ibat1238,aust1307,-2.5457316557084613,0.8405064714887782
ibib1240,atla1278,0.1348316811414684,0.5671386667845919
icel1247,indo1319,-1.9375695577491208,3.244546321529394
idaa1241,aust1307,-3.346088502454392,1.0571252015891195
idii1243,paho1240,2.350729902633564,2.8268598322375205
idom1241,atla1278,-1.6691077822423626,0.6601720089160636
idum1241,sino1245,-0.9696130703678596,1.0060123431842791
idun1242,aust1307,2.7653972796974102,0.7232542716504025
nucl1417,atla1278,0.039548338079298,0.5898579267873707
igna1246,araw1281,4.874822346089926,1.986287931606519
ikkk1242,kuli1252,-0.93447488234557,2.471384638181595
iliu1237,aust1307,-0.0002272934213685,0.6946911483381832
ilok1237,aust1307,0.6862300361915323,0.5333880669489002
ilon1239,aust1307,0.7878526152384717,0.4925624520943845
imba1240,quec1387,2.345249475130821,2.161156199940587
imon1245,bord1247,2.252642699914862,3.186001380774213
ingr1248,ural1272,-2.756170487925448,1.95526162909791
ingu1240,nakh1245,0.6802377203423375,0.8930427694517107
alba1269,aust1307,0.7847339949614707,0.8314967549926298
iqui1243,zapa1251,-1.024835592460094,2.3999834396495814
iran1262,aust1307,-3.2242087717716057,1.1017814092598464
iraq1241,afro1255,1.1564536987092644,0.8613347037003258
irar1238,aust1307,0.5054795074508626,0.7032386566279669
iray1237,aust1307,-2.72664325129935,1.0133303976557535
iris1253,indo1319,-1.853133647782774,2.142095928531252
irul1243,drav1251,-2.2875464932425453,1.5034806859803211
kris1246,skoo1245,2.251964638867915,3.231091682222541
isco1239,pano1259,-4.89162976604215,1.6630372043619346
isin1239,aust1307,-2.318946836788649,0.4889856794706375
isir1237,kwer1242,0.7175270177459926,1.629626640092944
isna1241,aust1307,0.1461806221899466,0.6125637755780069
isth1240,utoa1244,3.228911561934676,1.5184195935121938
isth1242,utoa1244,3.188523386226378,1.5228300488488529
isth1241,utoa1244,3.2092944571720823,1.54521417220678
ital1282,indo1319,-0.8213724969208807,1.307225118518346
ivat1242,aust1307,-2.508128549874251,0.9774741257244663
iton1250,iton1250,3.0596779889090007,4.125389823297738
itza1241,maya1287,3.040434461763649,1.8013595489560394
iumi1238,hmon1336,-4.298747455949668,3.852609070657308
iwal1237,aust1307,0.3943860737601283,0.4080403086205386
iyoo1238,nucl1709,0.8873507742763898,0.392613166912426
jahh1242,aust1305,-0.5870394646374397,0.8314367920102264
jalk1242,mand1469,-3.0230994888626936,1.4300893781130206
jamb1236,aust1307,0.6400860894602379,1.3803226793939167
djam1255,mirn1241,2.7414943312811757,2.50502026827278
jams1239,dogo1299,-1.948861255522632,1.7648044697805665
nucl1643,japo1237,-3.3033696157105465,4.713606966034938
japh1234,sino1245,0.6998141295956135,0.7601344660500384
jaqa1244,ayma1253,2.3434754574798564,3.5456531077717344
jara1266,aust1307,-4.5929256574059885,2.0420604945856318
java1254,aust1307,-1.097471043332878,1.177030560211314
jede1239,aust1305,-4.181301203004623,0.9944647709631108
jehh1245,aust1305,-4.359215068792801,1.824017439743692
jeha1242,aust1305,-1.377045434950296,0.9920056559291446
jenn1240,drav1251,-2.0642704966047347,0.9562249950457656
jeru1240,sino1245,0.799895795092836,0.4216324494055783
jiba1237,atla1278,2.431777863710135,0.6319234404117395
jina1244,afro1255,-0.0663080163134981,0.599018340400626
djin1251,mirn1241,2.557164486618197,2.1798248232515505
jita1239,atla1278,2.615312568052226,1.0131001466093412
jjuu1238,atla1278,2.4038469569831484,0.7234474516105696
juan1238,aust1305,1.294949869535469,1.002103126247876
juku1254,atla1278,-2.634744330676077,0.5847543507693214
jurm1239,cent2225,-0.5619830819322107,0.8187820579094094
kaba1281,cent2225,0.456793159386067,0.9284632388101706
kaba1278,abkh1242,2.469284665070971,3.248515606965868
kaby1243,afro1255,2.420748520185368,2.370921765776909
kach1284,gong1255,-2.028857415848819,1.0378095949152133
kada1242,drav1251,-5.009302340936753,1.040022040628715
cent2100,aust1307,-3.345649402049278,0.8836934058052854
kado1242,sino1245,-1.3612340047650635,1.1078323128504852
kafa1242,gong1255,-4.690900335698521,1.197793300245511
kaga1256,aust1307,-2.98015943312828,1.166049708778722
kagu1239,atla1278,2.466963627099653,0.9197446672013516
kaik1246,sino1245,-0.3216274866792521,0.6926664146892296
kain1272,nucl1710,-1.0102417227122291,1.6319272803595606
kair1263,aust1307,1.1630824480896742,0.6606055709124661
kaki1249,kaki1249,1.854438728419706,2.8967605668525804
cacu1241,kaku1242,-1.6191250224098106,2.938067444768496
kala1399,eski1264,2.1214148793012844,4.490054151071195
kala1377,pama1250,-1.2823448442112122,1.2665483050539894
kara1499,west2604,-2.527015217419943,3.5735915528865174
kala1384,atla1278,2.425347098078978,1.5837765335445315
kali1308,sali1255,3.494005937185162,3.271344286128352
kalu1248,bosa1245,-1.1279900362497994,1.6917155460020616
kamm1249,atla1278,-1.499779746590767,0.6363316866010109
kama1367,nucl1708,3.257381535602766,1.9160624795345669
kamb1316,afro1255,0.0416454460801618,0.6192107789395056
kamb1297,atla1278,2.218309134268478,0.9385094189122238
kamb1299,aust1307,2.1424829924830897,1.0553017641843103
kamo1255,nucl1709,1.0818420404891156,0.7855372984368252
kamu1260,kamu1264,-2.5236491114851893,2.834295902425993
kana1288,daga1274,3.346867841112509,3.5382227434463687
kani1286,nucl1709,0.5610817587449571,0.3916801602115427
kank1243,aust1307,0.1907431452165729,0.4854234091063247
nucl1305,drav1251,-2.062237733843455,1.15967379648864
bidy1244,atla1278,1.9643454514922487,1.097278043205275
kaon1241,atla1278,3.1029199115859587,1.7451399343292238
kaqc1270,maya1287,2.758527979433468,1.5706541578324789
kara1500,nucl1710,0.3173811055391151,1.5668791141174552
kara1487,aust1307,-2.370878062840911,0.4564065236535217
kara1486,aust1307,-0.7492997632321907,0.5903734781243735
kare1338,atla1278,-1.5743960914009347,0.7953790208201568
kare1335,ural1272,-2.7509419625715896,2.3241033149424366
kari1311,tupi1275,-1.1531730680662613,1.4432978983955689
kark1258,pauw1244,2.1958087667179025,3.1304270799092477
karn1252,aust1307,1.0557320438173052,0.4586330834046137
karo1304,karo1304,2.134224236584096,3.801517213182854
kash1277,indo1319,-0.8171893657637885,1.1582273626125854
kask1239,atha1245,3.3836434435430247,4.397621790255451
newa1246,sino1245,-2.4598009021101355,0.5432120521624757
kats1235,sino1245,-4.185403286863245,1.3578033099269913
kana1291,katu1274,-0.8757070071611448,2.536870152937329
kaur1271,kaur1274,2.384330665166595,3.3104590613963403
kava1241,aust1307,-0.1251814731551497,0.8502784551142337
kaya1315,sino1245,-3.434093955007267,1.3189780577185566
kaya1319,tang1340,-2.282750319392143,2.514045812701217
keap1239,aust1307,2.4965902471571733,0.6989293094216844
keda1252,aust1307,1.206883016752139,0.6560693371761293
kera1248,atla1278,2.469525890832632,1.1084915133947106
keig1242,kadu1256,-0.5992861460177699,2.338675310493459
kele1255,atla1278,0.7573131063654943,0.8316574525275797
kele1258,aust1307,1.0841368988124551,0.6298663033617231
kele1259,aust1307,-2.451873499035499,0.4622539031339894
keme1240,atla1278,-3.0530616167055262,0.560351677086036
keng1240,cent2225,1.5641736355190108,1.1222810307139284
kens1248,aust1305,-4.248852056632875,1.1291159141557865
kenu1236,nubi1251,2.4226824608717905,4.383812312155137
keoo1238,aust1307,-1.1150786338775949,0.7914795692166496
kera1255,afro1255,-0.3693634970741601,0.583942571231983
keri1250,aust1307,-2.696389262756581,1.5310225482814772
kesa1244,nucl1709,0.7221374797915379,0.3628834081571312
kett1243,yeni1252,1.895057242351167,3.9336302349269374
kgal1244,atla1278,3.2109915573625685,1.996625696677886
khak1248,turk1311,-3.800449008916064,4.162464825533701
khal1275,sino1245,0.4481450145108734,0.4426037985553659
kham1282,sino1245,-3.4073916214665267,1.8120396878844751
khan1278,atla1278,0.2440975882309166,0.5529748073533955
khan1274,aust1305,-4.054560917820514,1.6470492738163287
khar1288,sino1245,-0.6683030007283752,0.5103247027980409
khas1269,aust1305,-2.662909272615224,1.176995396630291
khez1235,sino1245,-3.5945890907835416,0.601819606107453
khin1240,nakh1245,0.4607922446611712,0.728729698295604
khmu1256,aust1305,-3.771432756836568,1.4512638632101655
guan1266,sino1245,0.6112151872542602,0.7331446400149702
khum1248,sino1245,0.1544616142089299,0.6086911101433081
khva1239,nakh1245,0.6643518271078113,0.5573222118748689
kich1262,maya1287,2.7698706996109346,1.526793962116411
kiku1240,atla1278,2.228676246345745,0.9230383188065528
kile1243,tung1282,-2.9755594324120507,3.00573352922883
kili1267,aust1307,2.8714143165129733,0.8638772465730185
kimm1246,atla1278,0.2202092587442925,0.6695360938696169
kima1244,aust1307,-3.239256279620333,0.9165469161411544
kimm1245,hmon1336,-4.617301256471081,3.951995688095465
kina1250,aust1307,-2.7060149062280137,0.9422537228748508
kinn1249,sino1245,-0.1970319625204033,0.8758907922675405
kiow1266,kiow1265,2.8234194571516795,4.685547983391911
kips1239,nilo1247,3.4330053168410157,1.9673863812733643
kelo1247,timo1261,1.5848167236332482,1.2126952817876262
miju1243,sino1245,-3.563712990197663,0.9122262175106908
kobo1249,nucl1709,-0.3963934327091991,0.401661844635349
koda1255,drav1251,-2.138370099750542,1.061964022168027
koho1244,aust1305,-4.269594837922671,1.947460711243698
koir1240,sino1245,-0.7378101584400525,0.4991396304603608
koit1244,koia1260,3.758277834655521,2.067635636622665
koka1244,pama1250,-2.8063325206346583,1.8635488224035548
koko1269,aust1307,1.5009048286140534,0.6037877193598327
kola1285,aust1307,1.3317949013344283,0.91667097761613
kolb1240,atla1278,2.0531370933217525,0.7168128293753853
kolc1235,atla1278,-3.141371126536585,0.8401209867611126
kolp1236,kolp1236,0.1349601498641934,2.1083311382970606
kolu1245,aust1307,2.894583502595328,0.7510247224763607
komb1274,nucl1709,0.1489911987297267,0.5786679272410833
komc1235,atla1278,-3.3514837432976377,0.5443158114821536
komi1270,sino1245,-0.500361405726887,0.5228883955818908
komi1269,ural1272,-1.1861746711836505,1.7625072081359685
komi1268,ural1272,-1.1692610491143192,1.9406651338077976
komo1260,atla1278,1.6105700280748392,1.0148292508349357
kona1242,east2433,-0.4963651968798264,1.5637947857686996
konk1267,indo1319,0.2129740779792247,1.3565092587401182
kony1248,sino1245,-3.7060568769914175,0.8036665170053467
konz1239,atla1278,2.566394416895829,0.9021917317189416
koon1245,atla1278,-2.939632339203553,0.8925043887066249
koor1239,gong1255,-2.147483169228237,1.1161824558202795
kora1294,nucl1709,1.400618568933054,0.7599762854034342
kore1280,kore1284,-3.441949173459943,6.079005007035812
kork1243,aust1305,1.634377848400615,1.5310710286943348
koro1298,atla1278,-1.6000627287080589,1.016327698633999
koro1313,sout2948,3.613416753530294,3.2923900002110216
koro1312,nucl1709,0.2121821120952961,0.545635616680114
korr1238,drav1251,-2.0993862801899024,1.172835924215219
kosa1249,nucl1709,1.0706301382306211,0.60128152938222
kosr1238,aust1307,0.2561385145488108,1.2768081332790828
kota1263,drav1251,-2.1440705326565963,0.9675056240525776
koti1238,atla1278,1.6546077889412778,1.3969485422773733
guan1269,tuca1253,-5.217547589934393,2.162320360494026
kova1243,nucl1709,0.7988258416296213,0.5563870829473228
kove1237,aust1307,2.0578737993079965,0.5567096330266299
koyr1242,song1307,-3.049991629742089,3.476688995423082
koyr1240,song1307,-3.3983845492638944,3.3878092220641776
koys1242,afro1255,2.831922863575344,1.6361770399931466
kren1239,nucl1710,0.1792188253883408,1.8268845269870813
gbay1288,kres1240,1.540211837054197,2.1480644064611942
ngeq1245,aust1305,-4.3216140798052365,1.7634412132322073
kryt1240,nakh1245,0.5321008650462262,0.7137340273695649
puoc1238,aust1305,-4.034041577301816,1.661917561248872
kuan1248,aust1307,-1.110721532508527,0.4788944094828444
kuan1247,atla1278,3.354427363240754,2.457583241531317
bayo1255,atla1278,2.5225576992738,1.0503257888668216
kuik1246,cari1283,4.176097421000715,3.406096263683345
kuku1280,pama1250,-2.41778850153343,1.049021742488815
kuku1273,pama1250,-2.330177600773911,1.302602494591035
kulo1237,aust1307,-2.6552801803049264,0.6346289661705846
fait1240,nucl1709,0.3304027381499416,0.3421993008154551
kulu1253,sino1245,0.6059448417257263,0.4449607123784069
kuma1280,nucl1709,-0.1523672003994507,0.3615896573166193
kumb1268,pama1250,-2.7896570347969805,2.302529632947768
kumz1235,indo1319,-0.8175076776421215,1.8558128557232791
kuna1268,kuna1268,1.288726204799448,2.720258154450581
kunb1251,gunw1250,3.2468331125167387,2.929859974989551
kuni1267,kuni1270,2.5243251138768805,1.9506110775893009
kunj1245,pama1250,-2.481363474677792,1.2987267028379603
kuot1243,kuot1243,2.5807757509678018,3.4673431442635154
kurr1243,pama1250,-1.8173553723681808,1.3261142411280975
kurt1248,sino1245,-0.1619855090930133,0.7950793387186881
kusa1251,aust1307,1.5082124667202172,0.6205938196678442
kusu1250,kusu1250,1.2805844600851604,2.6711706531916874
kute1249,kute1249,-1.379282603492411,3.0687435821402307
kute1248,atla1278,0.0850102474457477,0.5419648764665972
kuyy1240,aust1305,-4.234292301383725,1.759969225829911
kwai1243,aust1307,1.5323441558890714,0.5438282636148415
kwam1252,aust1307,1.256566057799213,0.583127463922219
kwar1239,aust1307,1.5556751062800067,0.5513928159635668
kwaz1243,kwaz1243,3.140453243424932,4.317207525030875
kweg1241,surm1244,-0.1968957102494746,1.1080423830483248
nucl1595,kwer1242,0.799169218704355,1.6189777912684775
kwin1241,worr1236,2.99302944283391,3.786154592813825
kwom1262,sepi1257,0.4993038869294753,0.782616359950703
nucl1593,kwom1263,2.205028825074934,3.1338662262004533
kxoe1243,khoe1240,-2.000689251995969,2.984764148151646
kyer1238,sino1245,-2.5991477265857483,0.5825319530888233
cori1240,atla1278,-0.8120655096148235,0.6318271460641682
laal1242,laal1242,0.3509257258536122,2.2291178526166293
labe1239,aust1307,-1.0160375921402356,0.5128831606722137
labu1248,aust1307,0.3315021312975009,0.3865802546795205
labu1249,aust1307,-3.286273241484647,0.9646855746770182
lach1248,taik1256,-4.803279626637758,3.5987942868175957
lagw1237,afro1255,2.855197554810087,0.658891068359921
zaye1235,sino1245,-3.394376673117504,1.23133238744059
lahu1253,sino1245,-4.142238754816523,1.182810215974996
lahu1252,sino1245,-4.287293768718031,1.2641829667452829
laiy1246,aust1307,2.102226623142148,0.9046976364974046
lakk1252,nakh1245,3.5381087522274752,0.7342949707846103
lala1268,aust1307,1.5549107333153749,0.6094107208451156
lala1264,atla1278,2.736443744648514,1.5662652393738767
lama1277,aust1307,1.587435681718725,0.6893263648068455
lama1288,afro1255,2.4415209160411857,0.4987124307094319
lamb1269,indo1319,-0.7732173300275218,1.203127967058938
lamb1273,aust1307,2.2839017826066077,1.152605900352686
lamb1272,atla1278,2.296821402900054,1.0771517376612891
lame1260,aust1307,0.2650391907672403,0.3889582797732132
hela1238,sino1245,-2.5271612663377474,0.5332485065819057
lamk1238,sino1245,-0.4606300964782437,0.5206964224081947
lamo1244,aust1307,1.8788667981379563,0.5488611920820219
land1256,atla1278,1.0109939080541317,0.8572397249572674
lang1320,atla1278,2.290882920576161,0.7709283692261124
lang1324,nilo1247,3.1178373599367024,1.9560205607672143
laoo1244,taik1256,-4.423317393369791,3.695744239781508
lara1258,lara1258,2.5871921538876705,3.74589282337736
lard1243,tang1340,-2.3374437741268417,2.5442322347588338
lash1243,sino1245,-3.4902568364509308,0.9627229111020004
teke1275,atla1278,0.5430748345587195,0.8343529134263399
latv1249,indo1319,-3.978282458965726,2.637205297150487
lauu1247,aust1307,1.446923001704212,0.5868921351365834
lave1248,aust1305,-4.282260480238913,1.7380462174174944
lavu1241,lavu1241,4.823761672384876,4.424171806406495
lazz1240,kart1248,2.5182452409203835,3.350116489010401
lega1250,atla1278,1.6516052259317722,1.1141622821017236
lega1249,atla1278,1.8668291523594904,1.1902187694484851
lele1276,afro1255,-1.1225942627182366,0.7061753098513037
lele1267,aust1307,0.9936186103149216,0.5283377498723247
lele1270,aust1307,1.1845848148559686,0.6345534414259397
lemb1266,nucl1709,-0.2284909157941548,0.4702196250101789
leme1238,aust1307,-2.137464373856846,0.6714746648963938
bela1260,aust1307,-0.0067813355197059,0.8449483937439393
lena1238,aust1307,-1.6572081813249515,0.590445637564514
lend1245,cent2225,0.3726281537927465,0.7682060307553886
leng1259,aust1307,4.530589951613796,0.5987565516523539
lepc1244,sino1245,-2.846578472365192,0.6649276214637272
lese1243,cent2225,0.6012523234604881,0.7803943200990631
leti1246,aust1307,-0.1768470073028256,0.714841822837041
lewo1242,aust1307,0.5076876920190129,0.4361138866115119
lewo1244,aust1307,1.5059280185588255,0.6932380526199644
lezg1247,nakh1245,0.1457625923112824,0.712079633264759
lian1251,sino1245,-3.468116425890749,0.5950165247435688
libi1244,atla1278,1.1325953513655314,0.5544924405881417
liby1240,afro1255,2.8622638712071806,2.418221683667204
lihi1237,aust1307,-0.5848891614447331,0.5677981645846657
lika1243,atla1278,1.83324682983803,0.7965280804788346
lill1248,sali1255,3.430247952819625,3.016498086600484
nucl1327,limi1242,2.7661468194975174,3.8870289069290713
limo1248,aust1307,0.351151438889252,0.4934605520205153
lipo1242,sino1245,-4.033303599280623,1.2200785354822976
lisu1250,sino1245,-3.3533282977757493,0.8790100036850905
lith1251,indo1319,-3.691264652361807,2.6079360578093613
lito1235,atla1278,1.189406783244811,0.6101065344048315
livv1243,ural1272,-2.8935938964408168,2.024869558411062
loba1239,atla1278,1.188762510945926,0.5897377079868491
logo1259,cent2225,-2.4773471698535348,0.7944400010528554
balo1261,atla1278,1.4128331773656089,0.6277832717144172
loka1252,atla1278,0.2357260927154325,0.5390969242565298
araw1276,araw1281,4.002004086696816,2.663241960163022
lolo1259,sino1245,-3.8809115815352975,1.2086036250801584
loma1260,mand1469,0.1355632445882055,1.1132805566781805
lomb1257,indo1319,-1.8143560974192972,1.389246825157057
chiq1248,chiq1253,2.9648501480792278,4.367186479386813
acha1249,sino1245,-3.766234966510517,1.058066468197996
long1395,aust1307,1.5062042808475768,0.6009096937360461
loni1238,aust1307,1.3390707741588257,0.6535648334048467
lonw1238,aust1307,0.3446728262398051,0.3434675441409087
lote1237,aust1307,2.2578074950507787,0.611144453959751
loth1237,sino1245,-3.610535377693629,0.6511425107856574
lotu1250,aust1307,-3.26894748595127,0.8820778189125313
louu1245,aust1307,-1.6055570945060604,0.6331118658186448
vano1237,aust1307,0.234383165185663,0.6142068240595311
lowl1260,tequ1244,0.7289987643278681,2.412390805387325
lowl1265,utoa1244,3.5955988243548718,1.4177057579382275
lozi1239,atla1278,3.1183784079423003,1.6125921593555876
luan1263,aust1307,-0.0439815716870906,0.7280955663345132
onto1237,aust1307,-0.1891906485091075,0.9645496959975725
lubu1243,aust1307,0.3784413560762151,0.484046976753806
luch1239,atla1278,3.2820665510337026,1.8556869608560085
ludi1246,ural1272,-2.490023114850718,2.124740162761258
lugb1240,cent2225,-2.6832827214867905,0.8676558457636236
lugu1238,atla1278,2.631448224583485,0.9775563293713034
lule1254,ural1272,-2.77494757446058,2.498072378600776
lumb1249,atla1278,0.937519552739284,1.260623021948419
lumu1239,narr1279,2.140035174342847,2.097979017198369
lund1266,atla1278,3.142470672337285,1.8469813290868764
lund1271,aust1307,-3.065519176090404,0.9376799649521192
luok1236,nilo1247,3.5820774862131017,2.021332847868054
luse1252,atla1278,1.671109315420109,0.7600096945525276
lusi1240,aust1307,1.8317613326024889,0.5270610649414813
luva1239,atla1278,3.275254665758424,1.8665095607186224
maan1238,aust1307,-2.231061634279636,1.4194439103912515
maas1239,atla1278,1.041588921497557,0.7433936705802591
maba1270,atla1278,1.0775084839715423,0.6540906398090431
maba1277,maba1274,2.3070074071228817,2.8328040460484614
mace1250,indo1319,-2.097817756276962,1.4378804828016456
mach1267,araw1281,3.237786074357656,1.8686166372568351
maco1239,sali1297,1.556957103962409,3.0190900231937388
macu1260,tuca1253,-2.295399802540268,2.1198231176866607
mada1285,aust1307,1.8077873344992532,0.5465381012530681
jama1261,araw1282,0.7043572956368334,1.893052889375316
madn1237,east2374,2.8478583983208043,3.917180715153029
nucl1460,aust1307,-0.921407935989767,1.1613997149473807
mafe1237,aust1307,-1.674341002545351,0.4007248311311979
maga1260,indo1319,0.0422946869187923,0.8839925006013711
maga1263,aust1307,-2.661289477402054,0.75428162550382
magd1235,otom1299,-2.5530791679008478,0.4792343332517532
magu1243,aust1307,-2.367633780843002,0.6813417240547537
maia1254,nucl1709,0.6348752333989787,0.4152690994649202
maia1253,nucl1709,0.6709734645225076,0.4135786823161371
mail1248,mail1249,3.2729803703278373,3.9838354324163694
nucl1594,mair1253,1.4975875144982562,2.7204058792860177
mais1250,aust1307,1.9535069219951613,0.6377489806429892
mait1250,indo1319,-0.3912203601043824,0.7600403959523856
maja1242,surm1244,0.000469785393119,1.0855257193478425
maka1311,aust1307,2.018051305348508,0.952024697351014
makc1235,taik1256,-4.555261681207801,3.6721633541355976
makh1264,atla1278,1.8971115843723865,1.3113271668118216
makh1266,atla1278,2.2055908055552718,1.3554931639183805
mako1251,atla1278,2.639283076957323,1.4241566918657735
mala1463,drav1251,-5.127289658230201,1.8529583574387052
mala1534,aust1307,0.4710107186720182,0.516249315423913
mala1464,drav1251,-5.102524662818165,1.5667050279410724
mala1522,chib1249,1.5666476335756971,1.3436977557286252
male1284,gong1255,-4.97940185081148,1.080783404941755
male1289,aust1307,1.4167956797968702,0.5013685543906341
malg1251,afro1255,-0.5942618544832949,0.6112691504255174
mali1284,bain1263,1.8148183462878809,2.0210412404595024
mali1285,otom1299,0.6816327457849551,0.5998367699473555
malt1254,afro1255,1.2918176977285505,1.744506675279759
malu1245,aust1307,0.8951425834410094,0.3331464336898158
mamm1241,maya1287,2.7705453837553744,1.4788258189943448
sauk1252,nucl1709,0.5309867715625376,0.4105507932093672
mama1275,aust1307,-2.006482938781033,0.8644922957801064
mamb1306,aust1307,-2.4088442077319883,0.7566072957828407
mamb1294,atla1278,0.2614493014904193,0.5850215899689282
mamb1296,atla1278,2.502194627934295,1.324752639529228
mamv1243,cent2225,0.1178422493101798,0.7170727897413709
mana1295,aust1307,1.1898707656833296,0.551335502138814
mana1298,nduu1242,-0.3675310615842897,1.0130376049060352
mana1288,sino1245,-2.8425718468771786,0.687118117226909
payn1244,nucl1709,-0.1241670328397723,0.3719769854711074
mand1440,aust1307,-0.5534624797613914,0.5920014617712788
mand1415,sino1245,-3.90649277630485,3.6889565404455897
mand1436,mand1469,-1.5528017425133185,1.601735173265677
mang1378,aust1305,-3.932781974690847,1.456907082247611
rapa1245,aust1307,-3.3407931451253683,4.381419643268497
mang1401,aust1307,-3.0697871428801338,4.297166891522085
penr1237,aust1307,-4.025788613928092,3.9588705987923776
mang1381,mang1423,3.2111695180241817,3.725869476127556
mang1394,cent2225,-0.1128581270038233,0.7362860436731911
mang1404,aust1307,0.3251845416783046,0.383255156748941
mang1405,aust1307,1.9528769789527771,0.892216846393918
mang1403,aust1307,-0.6669047049242565,0.5591325068952564
tong1308,aust1305,-1.2605504363478326,1.225472844509042
manm1238,aust1305,-3.829938055937745,1.374336050331511
mans1262,aust1307,-1.899257283113444,0.8890141408506427
mans1260,hata1242,-1.2905180020476588,1.8828906678460609
manu1258,aust1307,0.5478916351411693,0.6676828278789131
maon1241,taik1256,-4.5525289443853465,3.6932458059578055
maor1246,aust1307,-1.9239099015626249,3.231417593057261
mapo1242,aust1307,0.3100396121170792,0.3707836600407574
mapu1245,arau1255,2.110273569448859,4.564838210837893
mara1382,sino1245,-2.6411234719694088,0.7777876473033292
mara1399,aust1307,-2.081106784911124,0.3207298474712985
mara1379,sino1245,-3.688916219076283,0.5474869447147626
mara1404,aust1307,-2.38823933919316,0.6717991702185415
mara1386,west2434,-0.8106149932895734,1.7644458604516975
mara1396,tama1329,-0.9487924441822012,1.7632333199856731
mara1378,indo1319,-0.004173283397397,1.1323818167204394
marg1253,pama1250,-2.794037150033004,1.4830927436560586
marg1265,afro1255,2.138664626461444,0.5496191570921045
mari1414,drav1251,-4.101720660731377,1.5868555853049973
mari1440,coch1271,2.092131596992183,2.969800885987552
mari1428,aust1307,1.2805204889802253,0.4545131031616893
mari1416,sino1245,-3.2984253110705897,0.5204110791824519
mari1424,west2434,2.328111485534798,1.8605757961237828
moro1289,moro1289,1.8848097413424592,3.089408486919948
maro1244,aust1307,4.448574385963323,0.6783988762941249
mara1385,mang1423,3.0329259116241944,3.723681145121015
mars1254,aust1307,0.7170812992130029,1.813235039927875
mart1255,pama1250,-1.8232542667767409,1.4527955239551211
maru1249,sino1245,-3.795821102118552,1.1268917209552145
maru1252,pano1259,-2.421560648576836,1.5325237614640237
masa1322,afro1255,-0.2938282489016426,0.5975099980613976
masb1238,aust1307,-2.198766071097343,0.8596897581643788
mask1242,aust1307,-2.5884680590186555,0.3577934627990498
matb1237,aust1307,-0.2740254464359009,0.7412803844294267
kemb1249,aust1307,-3.3233609851499097,1.354938005766286
mati1250,aust1307,0.9028776980586596,0.6060067829402218
mato1252,aust1307,1.34245670683203,0.437331346323333
mats1244,pano1259,-2.438283103131184,1.5712202477716914
matu1261,aust1307,1.4018543782317638,0.4686434381932578
matu1259,atla1278,2.816016235624637,1.248454677572342
mauw1238,nucl1709,0.7725309953312027,0.428306152732592
maun1240,iwai1246,2.6392856809195364,3.834027033996048
maxa1247,nucl1710,-2.456758194757126,2.135906315493129
maya1285,misu1242,3.055634239194572,3.622243919923518
maib1239,mayb1237,-1.0114096186785584,2.429709895092687
mayo1264,utoa1244,0.7011575825122882,1.362754040158702
mayo1261,atla1278,-1.3646989644802203,0.7763368348835904
maza1304,afro1255,1.9764772989413837,0.5022434903613142
mbaa1245,atla1278,0.6272802352317994,0.8214261540797967
mban1263,atla1278,-2.1563699974056165,0.7933684455429191
mbar1260,afro1255,2.6972007050499807,0.6913902079542922
mbay1241,cent2225,0.614389100057483,0.833271164497063
mber1257,atla1278,0.292231239417174,0.766373273709597
mboc1235,atla1278,-0.7279178220403393,0.5337378284326686
mbol1247,atla1278,1.2131611510212217,0.94022629895038
mbug1242,atla1278,2.3959341270832395,0.829540739409504
mbul1263,aust1307,1.216204349376797,0.4753099259656075
mbya1239,tupi1275,1.4029047633435736,1.7737657943013598
meen1242,surm1244,0.2879459049311932,1.0320802321073117
mehe1243,sepi1257,0.3052840927174939,0.7679205649090903
saki1248,tupi1275,3.1254939527487995,1.387109332881618
meke1243,aust1307,1.201241483339862,0.5374951981019933
melo1242,gong1255,-4.758846206755708,1.0498092452323533
melp1238,nucl1709,-0.4219953836538215,0.4017334640234065
mend1268,sepi1257,0.2586786567785404,0.7810756440398876
mend1266,mand1469,-3.2439625840967485,1.4377814664572115
meng1267,aust1307,2.0977255527696945,0.5900454533269386
meny1245,anga1289,2.12628519147001,2.069169309479854
mera1242,aust1307,2.003756278261794,0.5428195836595116
mere1242,aust1307,-1.328460755266479,0.4577184892441011
meri1244,east2503,2.746941561118337,2.750638452688216
meru1245,atla1278,1.9003819515898923,0.8860260208119115
mesc1238,atha1245,3.562773490191387,3.4177219126991254
meta1238,atla1278,-3.2768954956335783,0.5762776142731969
meya1236,east1459,1.1684841896254334,2.513633517543603
mezo1235,otom1299,0.9487093420719545,0.6074481336793873
mezq1235,otom1299,1.5767089078581435,0.986791891246023
mian1256,nucl1709,0.9117155330145952,0.546296604987738
mich1245,utoa1244,3.0045618326411354,2.131160526518701
midd1357,pama1250,-2.876075064062724,2.2364842118060766
midd1327,aust1307,0.508565289518225,0.4292675619793655
miga1249,afro1255,-0.6821608246560815,0.9588880564793278
mika1239,musk1252,3.789702150933782,5.280857528299462
mikm1235,algi1248,3.655008096627701,6.11140781683152
mila1245,sino1245,-3.855960943815769,0.9830391111480808
mina1276,afro1255,-0.5641042103912148,0.4725985276040134
mina1268,aust1307,-3.0829251815416043,1.4896806988234346
mini1256,huit1251,-1.6452782801160486,2.1967384432684165
mini1251,aust1307,-0.9296329434012034,0.4851520346143569
minn1241,sino1245,-3.632136881827447,1.9868119302304892
miri1266,jarr1235,3.182128386918488,4.474273046729008
misi1243,aust1307,3.5200112931215752,1.2570289892529534
misk1235,misu1242,3.4021997121467287,3.753114901641053
mixt1426,otom1299,-2.091164670862354,0.6019075141332113
miya1266,afro1255,-0.4384030107877794,0.618504175026203
miya1259,japo1237,-3.4739192442709896,3.3179337205520607
lush1249,sino1245,0.3313194978576869,0.6697405045363993
mlab1235,aust1305,-3.148292799355986,1.5163260129983025
moba1244,atla1278,-1.698499048059006,0.9120081016437496
moch1257,maya1287,2.785828272575122,1.4203096429358446
moco1246,guai1249,2.456680108903617,3.717687648305774
mode1248,indo1319,-1.6254453315839237,1.7538758797232852
hebr1245,afro1255,2.8299168445335985,2.121477664226884
moha1258,iroq1247,3.729658571699801,4.921806877212959
moii1235,west1493,-1.1171061294038631,2.509647712158972
moke1242,aust1307,-3.8947554904222255,2.165343467485261
moki1238,aust1307,-0.3573278110950628,1.0786926181814405
mokl1243,aust1307,-4.035437597462704,1.9208407586570893
mokp1239,atla1278,-0.2541317224002422,0.6466819192717725
moks1248,ural1272,0.4255526917743115,1.480021292172237
molo1266,afro1255,2.5153445624562787,0.5209215329238681
nucl1452,momb1255,-0.4606686681711878,2.2745982582123982
fass1245,baib1250,2.327916125748149,3.242767026048581
mong1338,atla1278,1.841476905338309,1.1161098767666964
mono1273,aust1307,3.5173614140204084,0.7243015112862512
mono1270,atla1278,-2.1335582899947028,0.8394111059381064
mono1275,utoa1244,-1.220257546380634,1.210988650484795
nucl1458,monu1249,1.817085023638084,2.839903916483172
mopa1243,maya1287,2.9846056677492703,1.8664496606653
more1259,utoa1244,2.994693591999816,1.3785827326376694
mori1269,aust1307,0.4725976075293702,0.6332156542444309
mori1268,aust1307,0.7909505719159883,0.6755972286053655
morm1235,aust1307,1.3222462976053715,0.672064092098152
mort1237,aust1307,3.125124313463063,1.478695891057212
mose1249,mose1249,3.0437664721332487,4.304314419518172
temb1272,atla1278,1.367286768849202,0.649112425704736
motu1246,aust1307,2.112575449640371,0.6526154058322824
mouk1239,aust1307,1.802822325791188,0.5313626096728878
moun1252,koia1260,3.3051120780245986,1.9873816875246888
movi1243,movi1243,3.23439535426869,4.279134183662894
tang1347,aust1307,-1.4376595337867673,0.405840630311701
moyo1238,sino1245,-0.6787146160915538,0.4998872611794986
mpad1242,afro1255,-0.4191673522840211,0.7579551623732783
mpii1239,sino1245,-3.1136630557578986,1.5867150918748845
mpot1240,atla1278,2.5551892247067096,1.2314552032183528
mpur1239,mpur1239,-0.9957472460915616,2.429904693665872
mual1241,aust1307,-3.126216326946953,1.4104806420315334
mudu1242,aust1307,1.9350790895638443,0.6447291611573576
mudu1239,drav1251,-2.0989287177562588,1.0134374231826833
mull1237,nort1547,2.9998737662029344,4.007300542405135
nucl1240,atla1278,2.1838341954933584,0.6440563900869236
muna1247,aust1307,1.4860112930892786,0.8121764072687299
munc1235,sino1245,0.2460838881751146,0.9866532360149732
mund1328,atla1278,-3.1184586889047266,0.5397908147027817
mund1325,atla1278,3.3593086744950336,0.632013265745309
mund1320,aust1305,1.5586684865507143,1.0515125516275052
mund1326,atla1278,-1.3675485379422934,0.8438971909715764
mund1330,tupi1275,2.292701851613416,1.91407971740529
abar1238,atla1278,-3.1344396000905856,0.5389059072769875
murl1244,surm1244,0.6074541180166839,1.0856005020678268
murr1258,sout2772,3.0464265669778694,4.152535474989275
muru1274,huit1251,-1.6188926874667773,2.209526993541904
muru1266,pama1250,-0.5175460906302467,1.3422863283946196
musg1254,afro1255,2.715878318855899,0.6246310176304011
muso1238,aust1307,0.5347909207133863,0.389220874578907
muss1246,aust1307,2.058302043293869,0.9492298071891092
muth1236,drav1251,-2.187300036536236,1.220598453787062
muyu1244,aust1307,3.3446676582847026,1.0999982758218927
mwag1236,afro1255,-1.3455442563497744,0.627629610716296
mwan1250,mand1469,-3.3445341495106136,1.5498843048157926
mwan1247,atla1278,2.4270821434351744,1.5097765043557132
mwer1248,atla1278,2.722424675576838,1.3203266126947923
motl1237,aust1307,-2.2073273636570883,0.6980419938806826
naas1242,sout2948,3.836539196436708,3.2804636046664
naba1256,nucl1709,0.2881268450979777,0.418245253548644
sout2857,aust1307,0.2377784980803299,0.3506842725401569
naka1262,aust1307,-0.5906516360264638,0.5503255781474312
nalc1240,nucl1709,-1.7647742583839494,0.5774652264120714
nali1244,aust1307,2.026080293348262,0.5795714364960425
litz1237,aust1307,0.6171675001727992,0.3070509482572987
nama1266,more1255,2.7490207410520267,2.157100507687291
namb1293,more1255,2.8057649673083978,2.164977200694093
nami1256,sepi1257,-2.047654569324893,0.8725811430789197
namu1246,sino1245,-3.1886002717373394,1.0807847755038456
nana1257,tung1282,-2.9094845069211104,2.682470452053648
nand1266,nilo1247,3.140695462740056,1.8652170335992635
nang1262,aust1307,1.347576816071755,0.7228346065170363
nara1262,nara1262,-0.6777672134763775,2.3962139338510307
naro1251,aust1307,-3.2088611268124296,1.1038373027279782
yong1270,sino1245,-3.422920176666783,1.0396551281302315
naru1238,pama1250,-0.5924457312004303,1.7830072006575328
nati1244,aust1307,-2.5810373348201794,0.3383957092172167
nati1243,atla1278,-1.973560715462453,0.8246825423785449
natu1246,aust1307,1.394627824315691,0.7311125187400158
naue1237,aust1307,-2.9142757419039427,0.7997223996113565
naur1243,aust1307,-0.7279138641566747,1.5582816188435975
nava1243,atha1245,2.706971306235197,2.9578948174842026
nawu1242,atla1278,-2.334804540638496,0.7706563162824427
naxi1245,sino1245,-3.3357533471168983,0.9695566688779548
ncan1245,atla1278,-3.097303998733996,0.5220887131120584
ndam1239,atla1278,2.616703786988097,1.040605484960878
nden1248,atla1278,2.7687700803331943,1.1662727094640406
ndob1238,atla1278,1.4293335835640033,0.5822464188587553
ndog1248,atla1278,-1.725032197583546,1.0701874192225027
ndun1249,atla1278,0.6568089016188827,0.6609737227910024
nege1240,aust1307,-0.8246535233014285,1.0680825665036942
negi1245,tung1282,-2.5800568269328936,2.434484536772115
neha1247,aust1307,2.241739443582272,0.719069160583766
kuma1276,aust1307,2.758601266830271,0.7574411016533364
nenn1238,more1255,2.748154601964382,2.1856642414057514
nend1239,nucl1709,-0.1816172568322998,0.3647346103491991
neng1238,aust1307,-0.6029052163650677,0.7720514985691178
nucl1706,afro1255,2.6288656332565354,1.9026124237152475
nepa1254,indo1319,-0.8258955615213452,0.7814053909358254
nese1235,aust1307,0.9152920740583468,0.3319777750481965
vinm1237,aust1307,0.4003210007672423,0.3153861935871891
ling1265,aust1307,0.4780475729323588,0.3024430275264151
nezp1238,saha1239,1.0638319522432005,2.092003258148953
ngaa1240,pama1250,-2.021844274181566,1.9388068403523049
ngab1239,chib1249,-3.39865201615961,1.4213629233102871
ngal1292,gunw1250,3.4239530401503337,2.980370990409588
ngam1268,cent2225,1.0338062180485763,0.8114909697982675
ngan1291,ural1272,1.8148189782085156,2.611733474035155
ngan1295,gunw1250,3.278088225520226,2.87882065786256
ngar1235,pama1250,1.965117644080746,1.4098718850990544
ngar1283,mirn1241,2.354586334791958,2.0347367406801427
ngas1240,afro1255,1.1862477914915066,0.6093217348615418
ngba1284,atla1278,-2.1097125260729355,0.8541414432554788
ngba1285,atla1278,-2.0190567353348934,0.6608790813307621
ngge1241,nucl1709,1.33522394187988,0.6794285567376548
ngit1239,cent2225,0.7207000645509274,0.7785357755579803
wang1291,pama1250,-3.313924316574239,1.8105351272345624
ngom1268,atla1278,1.468070688395857,0.6776553392554074
ngul1236,aust1307,0.8437068626140747,1.4350234765200938
nhan1238,pama1250,-0.595695481741543,1.7825787847447463
nhen1239,tupi1275,-0.638239636576855,1.3388328583311182
nias1242,aust1307,-0.8569352348051571,1.1393877468073192
niha1238,niha1238,-1.8811483950884105,3.398629624896348
nila1242,atla1278,2.357260284168982,0.9208038625271158
nucl1633,nimb1257,2.47000704129992,3.423519874372313
labo1244,aust1307,0.3626685443091287,0.3363288399145929
nisg1240,tsim1258,2.5648958571172047,4.562130840442226
niua1240,aust1307,-4.181338725476803,3.5038624510904173
niue1239,aust1307,-4.225130106910559,3.7112887289648864
niva1238,mata1289,2.5347778697854197,4.235028689152443
njan1240,atla1278,-2.7371199465175167,0.6380863120921898
nkon1248,atla1278,0.1557798384387736,0.5421140972240757
noct1238,sino1245,-3.731129309025051,0.8686345718828594
noku1237,aust1307,-1.2228778990986438,0.561742699067306
noma1260,atla1278,-3.4524046501615864,0.5598438332093565
noma1263,araw1281,3.198904906306306,1.8501148086090675
noon1242,atla1278,0.2836062233212819,1.2725140212573312
noon1243,atla1278,-0.2446657876710938,0.5154480365476228
nopa1235,otom1299,0.0466231244077706,0.4513643926768029
nort2839,aust1307,-2.514951539575672,0.3954137673142455
nort2697,turk1311,-1.4932872961830406,1.846286462665013
darg1241,nakh1245,3.467642388002483,0.8447831179702803
nort2930,kiwa1251,1.953669987812688,2.545475522056213
nort2724,sino1245,-3.431355639143064,0.9543883286548436
nort2972,choc1280,1.2428551068634368,1.5285277287340389
nort2702,drav1251,-1.7482801336347376,1.2188361523855846
gumu1244,gumu1250,-1.5324661603128702,2.1559213853036034
nort2938,haid1248,1.7312384735497766,2.406612633386054
sing1264,sino1245,-3.742911473858797,0.8904688121463042
nort2877,aust1307,-2.7964040114111723,0.5010839763963872
nort2684,aust1305,-3.98996572636172,1.7783843944579143
lush1252,sali1255,3.1631294690586094,2.857741977411015
nort2774,atla1278,0.542465698765205,0.6758171681529088
nort2954,utoa1244,-0.5926253423374688,1.2630068618389547
nort2957,utoa1244,3.120343416247863,1.3298929851325632
nort2723,sino1245,-3.278471545154156,1.0382241102996943
nort2747,hmon1336,-4.250981643821303,4.044916231718645
nort2722,sino1245,0.5139339264156824,0.8313351810096119
nort2994,aust1307,-4.523613709643513,2.1262229421904664
nort2885,aust1307,-2.31078717045287,0.7083750273593488
nort2959,utoa1244,3.689604698702695,1.5861382537708195
tosk1239,indo1319,-1.99813206703222,1.4275066334497435
nort2732,sino1245,-3.9571211477522015,2.346499632612632
nort2690,turk1311,-3.113520624751831,3.4039731093927568
yoku1256,yoku1255,-2.0307230275683765,3.5088997539147098
nort2745,yuka1259,-1.162896948932797,3.394849652590799
nort3047,afro1255,2.441046705850721,0.5197466275614246
nort2980,quec1387,3.215005241099808,2.664155274387892
nort3139,afro1255,2.635820129130786,1.9772610656784304
nort2845,aust1307,-3.2193347426852914,4.394364213669286
nort2671,ural1272,-2.7667161939588727,2.690917748535925
nort2942,atha1245,3.5475675793199555,4.646101307849997
nort2847,aust1307,1.2148138248538347,0.5667194041289108
nort2961,algi1248,4.046557725612146,5.054577031012079
nort2775,atla1278,-2.151935495192082,0.9230927425370652
nort2951,maid1262,-0.1965170842638064,2.3323273204240307
yaki1237,saha1239,0.3374665016969165,1.9663995368223333
nsen1242,atla1278,2.423450257631892,1.5874916230346443
nuer1246,nilo1247,2.626167047605498,2.049827134138188
nugu1242,atla1278,-0.4314132943824436,0.4895305362515323
nukn1238,nucl1709,0.8555877309316032,0.4265906592262212
nuku1260,aust1307,-0.3526744146491298,1.2653326814604444
nung1282,sino1245,-0.150187382193293,0.7918497563247548
nupe1254,atla1278,-1.279152772062259,0.8481756339120547
nusu1239,sino1245,-3.390942912823296,0.8964438949758726
nuuc1236,waka1280,2.687588900007058,3.855181290397531
nyah1249,aust1305,-4.331126653324049,1.7396223868226173
nyah1250,aust1305,-3.424993673713291,1.74659481465671
nyak1260,atla1278,2.4707183098486487,1.06492429783847
nyal1250,atla1278,2.3438328029018027,0.8458740699832106
nyam1285,afro1255,-1.638099077551891,0.6374182849319645
nyan1307,atla1278,2.581193126425683,0.9714724128162864
nyat1246,atla1278,2.291813781143337,0.8983695105766145
nyaw1247,pama1250,-2.560160480292867,1.5337338249455588
nyig1240,nyul1248,3.438392461151553,3.916282127087881
nyis1236,sino1245,-0.9267037018955666,0.763697510459874
nyor1246,atla1278,2.4794008976524378,0.9211266711347328
nzak1246,atla1278,1.714624099595296,0.7481021693585141
nzak1247,atla1278,0.8410988681183535,0.8385778399195765
obok1239,lake1255,-1.5612238996459809,2.7453228553101425
obom1235,aust1307,-1.832016449774192,0.6357911361461603
occi1239,indo1319,-1.25501116153351,1.385038050504443
ocot1244,otom1299,0.811012185886181,0.4451191559923408
oriy1255,indo1319,-0.56845093701462,1.0831212912177008
ofay1240,nucl1710,0.9656641644829338,1.6186758595572854
kalm1243,mong1349,-2.767860702466013,3.580439794287795
okan1243,sali1255,3.3420327731953385,2.904859958600042
okin1246,japo1237,-3.386818758327924,3.6390023810243743
okoe1238,atla1278,1.401442988540525,0.6609963870899414
oksa1245,nucl1709,0.734397660961545,0.5320215305798186
oloo1241,nucl1708,3.621687469273911,1.8146906200059831
olut1240,mixe1284,3.245171301636756,3.494968049220825
omah1247,siou1252,3.507037177321253,4.8841312121885405
omie1241,koia1260,3.3508577164352165,1.9761223304038804
onge1236,jara1244,-2.762889895924645,4.593857277847395
bira1253,bira1253,0.5977895698452571,2.233456975552812
onon1246,iroq1247,3.807737202161479,4.698803832927682
orma1241,afro1255,0.6121793246375844,0.9286353139618536
oroc1248,tung1282,-2.6965536529608185,2.4252892956468592
oroh1237,aust1307,1.1478538469575612,0.5950483966496076
orok1265,tung1282,-2.246539504344584,2.712597342509082
orok1269,nucl1709,0.7364358434274143,0.6336643379487548
orok1267,nucl1580,1.4230045399830558,2.012206208371952
orow1242,aust1307,-0.260478642048737,0.5863781613092822
orya1242,toro1256,2.4635945713367446,3.410997493358159
osam1235,atla1278,-0.1197699135724847,0.7985056906635357
otor1240,heib1242,1.924422881448436,2.420977145388961
otta1242,algi1248,4.265439383794577,5.031890602101687
owaa1237,aust1307,-0.0187747218652918,0.7870632507291688
paaa1242,afro1255,-0.6801732950541168,0.6842667932757429
paas1238,atla1278,-1.7351983085534004,0.7307522043794616
paco1243,aust1305,-4.366761899371309,1.8262214799788532
pagi1243,atla1278,0.7784147130997823,0.6819830108557117
pagu1249,nort2923,0.5081657438322541,0.7573564757335038
pahn1237,hmon1336,-4.620178649316158,3.966095958878981
pait1244,sino1245,0.0542425558290633,0.5108363194193775
paiw1248,aust1307,0.601490966327646,0.6674512233050685
pala1344,aust1307,3.0524364804143174,1.680351994421768
pali1279,araw1281,1.187762248768783,2.2751440723031635
balu1257,aust1307,1.342178091124267,0.6533185124117864
pamb1243,atla1278,1.5440095664478026,0.8164108904210874
pamo1252,aust1307,0.1344332357203922,0.6396109325218475
pamp1243,aust1307,-2.6870880388382936,0.7972532123667229
pana1305,utoa1244,-1.3834041127659158,1.2289184925250165
pana1307,nucl1710,3.1866411300893587,1.9274160231199424
enap1235,cari1283,2.992634990408558,3.0781062552936778
pang1290,aust1307,-2.5974900303615387,0.6560344213433105
pang1291,aust1307,-3.297922972271039,1.0727536320869948
pang1287,atla1278,2.559400120038041,1.0857397726528577
pano1254,pano1259,-5.267727757190099,1.5087329491527228
pany1241,pama1250,-1.7579577551959895,1.410668454293699
papa1238,toto1251,3.432148737918067,3.103207418081512
papa1265,aust1307,2.7797012835820287,0.6289394736266019
papa1268,aust1307,-3.021537546026521,0.8517124247534085
para1302,sino1245,-3.669259962252159,0.7676793121718681
pare1272,araw1281,4.1481515186745215,2.270911044624638
pate1247,aust1307,-2.5054776112164885,0.4162461461362952
patp1243,aust1307,-0.9338671826689648,0.5076389111290602
patt1248,sino1245,-0.4474931061074929,0.9694426067951608
paul1238,aust1307,0.7138197148588543,0.6652641846047942
paun1241,araw1281,4.80788800942966,1.9794795355785533
pawa1255,pawa1255,-0.5230369956583822,2.1495529981757686
pawn1254,cadd1255,3.034538538199235,5.109926652555232
pech1241,chib1249,2.0505779309764867,2.2027980325344334
peer1241,atla1278,1.475080784490063,0.6720740253367588
pela1242,sino1245,-3.8153991088740833,1.0718777469423202
pele1245,pele1245,2.588542173748956,3.4449216073082347
pemo1248,cari1283,2.97767900301884,2.905359395442225
pend1242,aust1307,0.1458211517194049,0.7707706676532453
peng1244,drav1251,-1.594411799054732,1.2028316042343583
peri1253,mong1349,-4.685150529411019,4.467009479079543
phak1238,taik1256,-3.9662412728411054,3.4157709198998365
phom1236,sino1245,-3.660671176129675,0.7521139565291346
phon1246,aust1305,-4.091053269862622,1.683118372750588
pila1245,guai1249,2.471517167369954,3.4503506397340864
pima1248,utoa1244,0.4688967394680736,1.2270533215185695
pina1252,piaw1238,-1.3553098657775162,1.8233662409469813
ping1243,aust1307,-0.3450677730337594,1.0647367295914094
pint1250,pama1250,-1.968699428254444,1.5888985842224308
pipi1250,utoa1244,3.3609023508160663,2.3641012955014062
pite1240,ural1272,-2.786533684983951,2.4361996771273846
plai1258,algi1248,3.603586672123933,4.048231683577105
plat1254,aust1307,0.288418420135448,1.585072934890352
pnar1238,aust1305,-2.6446342588088143,1.1630732757270792
pohn1238,aust1307,0.1335460110216282,1.1474693042389603
poko1263,nilo1247,2.9222046380277424,1.8861127153480373
poli1260,indo1319,-2.9123665722166168,2.331240235434372
popt1235,maya1287,2.907364935955474,1.3611330280513003
port1285,aust1307,0.2752525855111181,0.3402428722293997
port1283,indo1319,1.2448468522915397,1.837016117846689
phai1238,aust1305,-3.445241124467814,1.4829105176846014
pras1239,indo1319,-1.406761884523304,1.6093464882067217
psik1239,afro1255,-0.725605497638093,0.4636628306767782
puka1242,aust1307,-1.6586375358533434,2.583076299630505
pula1262,atla1278,1.5114626767705472,1.0873677413821987
pulu1242,aust1307,1.0871144333905736,1.4538017764408266
puma1239,sino1245,0.8630240847552701,0.4012617925701516
pume1238,pume1238,2.0721479009956365,3.6200090546355614
pura1257,pura1257,0.1871541920556645,2.1032080396617445
pure1242,tara1323,3.0440730203049737,4.555782738170527
puri1258,sino1245,-0.5349158721511451,1.0786364633891097
puyu1239,aust1307,0.626687226173235,0.591033200420183
qanj1241,maya1287,2.93911999196407,1.4121731312877517
qaqe1238,bain1263,-1.1703007617401604,1.966866202626779
qawa1238,kawe1237,-2.301466080913042,4.984310281586758
qima1242,afro1255,0.120887037558903,0.9415281882690234
quer1236,otom1299,1.6084310603918688,1.0625501949479703
quio1240,otom1299,0.7712444218666543,0.5283649018620764
rabh1238,sino1245,-3.194053505744561,0.8442492815700025
rade1240,aust1307,-4.701211958262138,2.073099719062858
raji1240,sino1245,-0.0958638094176869,0.7385598770271304
ramo1244,aust1307,1.94750547138982,0.4856643382305794
rapa1244,aust1307,-2.6984792807370304,4.347929928337404
rapo1238,nort2933,-0.3929795476701709,1.5083846383855306
rata1244,aust1307,0.3184673970556055,0.9505935576104144
raut1239,sino1245,-0.4675549037103448,0.7458332352257386
rawa1267,nucl1709,0.9768425991708178,0.3797871689700898
reja1241,aust1307,-3.074433219523109,1.241696286816394
remb1250,aust1307,-1.090855553380365,0.7974640457336069
reng1252,aust1305,-4.369361092695391,1.831395529707432
renn1242,aust1307,0.3289664907555123,0.9184612998131244
rere1240,aust1307,-2.452297294958616,0.3161640948319046
resi1247,araw1281,1.2775163949735309,1.3285958165752394
reye1240,pano1259,0.6117050114068294,1.242791227410308
rian1263,kolo1268,-0.5576306804452762,2.29183302187787
rikb1245,nucl1710,3.115900380232098,2.135450378716179
rita1239,pama1250,1.508208153569138,1.1496485536760217
beka1241,aust1307,-0.5773935039508149,1.2510937479241662
roma1326,indo1319,-1.849058640421387,1.4364175777241286
romb1245,aust1307,-2.4569827426827406,0.8825744862161251
ronn1241,afro1255,1.3756441811624984,0.6265185958890687
rong1266,sino1245,-3.505064907189218,0.5543389076656666
rong1264,sino1245,-0.6426374043785816,0.851322054766527
roto1249,nort2933,-0.2514988631745452,1.5005232830424935
rotu1241,aust1307,-1.1102416282979015,1.584081188292256
rovi1238,aust1307,1.543633889042953,0.624691260124731
ruch1235,aust1305,-3.250097755266716,1.414036128850002
ruka1240,aust1307,0.639608740215617,0.5949257377492447
ruma1248,aust1305,-3.3178121893603043,1.4431547334993944
rumu1243,tura1263,-2.3953801786818163,3.285771739365429
rung1258,maba1274,1.6859381300864835,2.649457797833929
rung1259,aust1307,-3.229206941323376,0.9387613632522668
russ1264,mong1349,-1.9188428780146844,3.4961281483344715
russ1263,indo1319,-2.8338122943228905,2.6372557410889934
saaa1241,aust1307,-2.423089008864495,0.4265025300864131
saaa1240,aust1307,1.1896613974085068,0.5975614462087151
saam1283,atla1278,2.4913752295202016,1.018294622713153
saar1237,aust1307,0.3632890569895332,0.5630551898863292
saba1267,aust1307,-3.080524714389169,0.8276398981696502
saba1268,namb1299,1.2565560983821311,1.8937757001944568
safw1238,atla1278,2.023210171571442,1.006587819651827
saga1262,atla1278,2.4962769843891044,0.8749439980604663
sais1237,aust1307,-2.9010991368746293,0.860703401602974
yaku1245,turk1311,-3.601463118171621,4.8265248385460255
tsis1238,atla1278,1.9428892904151984,0.9736290439862144
salt1242,nucl1709,-0.1465241600343267,0.3831599412849513
samb1311,atla1278,1.6173946738317662,0.6418076568989406
samo1303,east2433,-0.7711220304211672,1.590572340546098
samo1305,aust1307,-4.276104887925301,3.0659870452835767
sana1295,afro1255,1.1446431077116566,1.8462074111355185
sanb1241,otom1299,0.5739719221449384,0.5090212838003438
sanb1242,chib1249,-2.905818093297592,1.4469463768078563
sand1278,huav1256,0.3197481287445234,2.2910028700759675
sang1331,atla1278,2.926167504541038,1.6578546851216895
sang1321,sino1245,-3.600924525798684,0.6559475814209996
sang1330,atla1278,2.2286653816594377,0.9866819343815116
sani1269,sino1245,-4.354566429823758,1.5306772461914555
sanm1301,otom1299,-1.786573433234164,0.7339276653957914
sanm1289,quec1387,2.6213971076668257,2.494831455311985
sanm1295,otom1299,0.1975767864388045,0.4451054313734417
sant1410,aust1305,1.1998566211260422,0.9675304647149332
sant1451,otom1299,0.946896756162785,0.6498996167379794
sant1436,otom1299,0.2687271306428178,0.4629724508111632
sanu1240,yano1268,-3.137162767238748,3.085280524346284
sapo1253,aust1307,2.4897006396262142,0.6511163743671204
sapu1248,aust1305,-4.335363032136512,1.7527379620378554
sara1327,aust1307,-2.177738202800719,0.9025160340320576
sars1236,atha1245,3.7064532188142776,3.715873256510733
sasa1249,aust1307,2.669296810453253,1.2982258748184243
sata1237,aust1307,3.955297696782874,1.7657518814139426
saur1249,drav1251,-1.156313759722819,1.4008587286820957
savo1255,savo1255,2.2097833646116447,3.2236746663628724
seda1262,aust1305,-4.500262525036589,1.834759345403997
taro1264,aust1307,0.2938811833586925,0.6342253904051116
seim1238,aust1307,-1.4874924016685678,0.9564532942315936
seke1241,aust1307,0.4740993240586257,0.4183102326851902
sela1259,aust1307,0.167154809935565,1.0138797384708609
sela1260,aust1307,2.0443083340093624,0.8956991396986833
sele1249,atla1278,0.3387280348093642,0.5192220309222808
sele1250,nucl1709,0.6905911771408699,0.4593738509436011
selk1253,ural1272,1.2221900886989323,2.176640768285173
sema1266,aust1305,-0.9647354277694092,0.8543496472290748
sema1265,aust1305,-0.8426418026270073,0.9043341684104752
seme1247,aust1305,-0.3162036740013909,0.9449942065807804
sene1264,iroq1247,3.8709895405155255,4.635139119967631
seng1281,aust1307,-0.7652498534180892,0.5621115562130825
nucl1632,sent1261,2.4416400664525053,3.402773370914044
sout1528,indo1319,-1.962354173209062,1.492480842036116
seri1257,seri1257,2.464513739138754,4.208621947155305
seve1240,algi1248,3.978812559667295,5.078426374759332
sgaw1245,sino1245,-3.250740797062475,1.594521544268014
shab1252,shab1252,-1.2625091580772916,2.592091852751146
sham1280,atla1278,2.6034914066765085,0.8262606771997429
shan1283,pano1259,-4.986065247844365,1.5634009817375976
shaw1249,algi1248,4.361842028326344,5.025775751383414
shee1238,hmon1336,-4.127856135671238,4.130863529111776
shek1245,dizo1235,0.6051614284461053,1.88894609564322
biao1253,taik1256,-4.450114403278074,4.047844048960119
shil1265,nilo1247,2.9393184799537115,2.1054736605271
ship1254,pano1259,-4.979800465525498,1.70206520587994
shix1238,sino1245,-3.1983784147954437,1.0062265793865617
shol1240,drav1251,-2.1959146526645723,1.0259770596868023
shon1251,atla1278,2.400195656373905,1.59939271894695
shor1247,turk1311,-2.9566033372203373,3.788419444984802
shos1248,utoa1244,-1.075524897975744,1.4737942921123055
shua1257,jiva1245,2.3668899762105524,2.1639731287678217
shwe1236,aust1305,-3.346564755303132,1.4514165081996264
siam1242,siam1242,-3.5323624278094554,4.242227170511455
siar1238,aust1307,-0.9765726539502528,0.5401393419171647
siaw1243,amto1249,-0.1267491430902789,2.0857479237429786
sich1238,sino1245,-3.4582090275468973,1.1421386138499088
sici1248,indo1319,-1.0237867612891205,1.4494466824258758
sici1249,atla1278,-2.2142991282644475,0.8634773511762592
sida1246,afro1255,-0.0169577159744795,0.6946586652147353
siee1239,aust1307,1.3358891594528002,0.5992676427587256
sier1250,otom1299,0.9209580148206056,0.5057650674085696
sier1248,utoa1244,2.7715913504606258,1.387620346097453
sika1261,aust1307,-0.0629060652278643,0.8397277245471741
siks1238,algi1248,3.403917608882544,3.620729730797585
siku1242,aust1307,-0.9634301212406828,1.1986132171875674
simb1256,aust1307,1.3383583512103214,0.7046283916950635
sina1266,aust1307,2.2615457676323483,0.6552329025661852
sini1242,mand1469,-2.3658479380282618,1.851161641411764
sioo1240,aust1307,1.1775721052504649,0.4402692485274428
siri1274,tuca1253,-2.31679321146029,2.0604896749107224
siri1273,tupi1275,3.141739899884959,1.738418102853224
siro1249,nucl1709,1.0140518597133834,0.3938775983780012
sile1255,nucl1709,0.2267795197839098,0.3626064028995568
sisi1250,aust1307,3.3769569479135217,0.6976902176693809
situ1238,sino1245,0.6118024302536677,0.7216458708534255
siwa1245,sout2948,3.7891381381911806,3.3109432913285
siwi1239,afro1255,2.611421470122207,2.4678890388969954
siwu1238,atla1278,0.3536601556186254,0.5219928520018442
skol1241,ural1272,-2.690297461639161,2.745597823350492
slov1268,indo1319,-1.969692272850318,1.5772905759813227
sooo1254,aust1305,-4.097839743462734,1.7288666683094966
sobe1238,aust1307,1.848018749211984,0.8205566336657686
soch1239,otom1299,-1.9271747626695184,0.597765845681721
soga1242,atla1278,2.5655374405457554,1.0139210072839937
soni1259,mand1469,-2.2822564137454293,1.7928252152970323
sons1242,aust1307,-0.4201754194267715,1.2892830982734471
sora1254,aust1305,0.8641322652076286,0.8156628289625907
koon1244,atla1278,2.043477162428636,1.3093393624126062
sout2859,aust1307,0.3834637350359227,0.376453389363121
sout2976,utoa1244,3.51426089621218,1.8989019509538263
sout2856,aust1307,1.043346432870695,0.5461130389300735
sout2954,japo1237,-3.365433355628769,3.787315860532324
sout2996,ayma1253,3.283757134138161,3.9019219288438745
sout2730,sino1245,-3.868847497772143,1.1214832744718422
raro1241,aust1307,-3.7878478711274974,4.132937972206686
sout2741,taik1256,-4.555947901772837,3.786562673353121
sout2715,sino1245,-2.5655684576956643,0.5661430800408827
sout2826,krua1234,-4.263655439551287,5.406648632931867
sout3236,gumu1250,-1.4742881407575472,2.121454310100627
sout2956,haid1248,-1.274231460332829,2.3576818807899347
kach1280,sino1245,-3.763242017204223,0.9975804337929332
sout2949,kiwa1251,2.4609413941269587,2.7452277568277736
sout2994,namb1299,0.6935007556334576,1.8899081413893128
sout2649,indo1319,-1.3871763023714754,1.8294457229668577
sout2729,sino1245,-3.410441991675376,1.017329958190519
sout2728,sino1245,0.1570607124194789,0.8211090904056491
sout2918,aust1307,-3.2576842661146435,1.130114253010655
sout2985,miwo1274,2.2508542062542416,2.813597197850598
sout2807,atla1278,2.36042369539154,2.2093075116367675
khan1277,sino1245,-3.6533732542921,0.6018853892091194
sout2679,ural1272,-2.664922237414192,2.0235411478200795
sout2782,atla1278,0.1273442424139228,0.5921164679457185
sout2895,aust1307,0.6374670286051702,0.6517947214627444
sout2674,ural1272,-2.4414295484861164,2.78550194581302
sout2959,atha1245,3.798161059811125,4.651809101109286
para1301,aust1305,-3.632723852509204,1.4344116763007246
sout3261,nakh1245,3.390732232891016,0.7919748110490268
sout2869,aust1307,1.2174498171982138,0.5719502162832395
stan1318,afro1255,2.7738192277079445,2.2781360816416933
indo1316,aust1307,-0.852684687656632,1.1706460375499894
stan1306,aust1307,-3.8515786367784655,1.1562527383790968
horp1239,sino1245,0.5674399828142507,0.7618942590411848
suab1238,sout3418,1.0626778848562006,2.464439604787815
suba1238,atla1278,2.6425579871332507,0.9822958577228498
sude1239,aust1307,3.605405515704193,1.4533116976945166
suen1241,nucl1709,0.049143244633071,0.5646296681048977
suku1259,atla1278,2.5325885208616485,1.4444917618645086
suku1261,atla1278,2.5072394858733578,1.0742559694191165
suku1272,afro1255,-0.5030003440043351,0.4736316336036346
sulk1246,sulk1246,0.0915660495675265,2.102183441569002
sumi1235,sino1245,-3.317853125752946,0.6542637034925072
sund1252,aust1307,-1.5021516707301477,1.4907453230250436
mari1426,aust1307,1.053746525899711,0.5323039127344735
sunw1242,sino1245,0.5421332778573638,0.4047427711240097
supy1237,atla1278,-2.18979106090018,1.0248359848790791
surg1248,ural1272,-0.0734107091335498,1.7654398253082189
surs1246,aust1307,-0.746793785793676,0.5161283155772693
swah1253,atla1278,2.7046530313692845,1.109080683535776
swed1254,indo1319,-6.883294943004981,3.105492557224876
taba1263,nort2923,0.6181738751289263,0.8054348464860333
tabo1241,tabo1241,1.9341997360216965,3.024077583206151
taga1272,aust1307,-2.007107029495524,0.6897341113440625
taga1273,aust1307,-3.109336975808472,0.9325207618885134
taga1270,aust1307,-2.601510686913262,0.8673016856372939
tago1246,rash1249,1.994529386545076,2.469284824414772
tagw1240,atla1278,-2.307170033492933,1.0334743723256228
taha1241,afro1255,2.73739711539747,2.4833031389110705
tahi1242,aust1307,-3.6573510714848654,4.224518943148857
taia1239,taia1239,1.746016480576404,2.809024111251704
tain1253,anga1289,2.415729860322296,2.1374717786787123
taji1246,aust1307,-2.445594420415896,0.7794416041910175
taki1248,aust1307,1.3895706765522544,0.5014148065506294
taku1257,aust1307,-0.3753025746694864,0.8783538176522452
binu1244,aust1307,-2.122043582127688,0.6637623942382849
tali1259,aust1307,1.5878627549752722,0.6296652808358516
tama1331,tama1329,-0.9696515863320648,1.7847140597105842
malo1243,aust1307,1.2436168047135665,0.3788060922061724
tama1365,afro1255,0.3496188935822519,1.0297786273372491
tamb1254,aust1307,-3.278588326880716,0.8579574003557493
tami1290,aust1307,0.4021712986270445,0.4490110347697804
tami1289,drav1251,-2.31692591494054,1.4700714752400064
tane1237,aust1307,0.1791684156633718,0.6180806528551503
tang1377,sino1245,-3.7092183779177823,1.0390503455601472
tang1348,aust1307,-0.8588914484847562,0.6419762566189178
tang1373,sino1245,-3.0366128515188544,1.8273403106679105
tara1313,sino1245,-3.3480545272774798,0.5097817696188613
tari1256,araw1281,0.5286760839216994,1.0258844521764168
tari1263,afro1255,3.169067898972033,2.7391783286568803
tata1258,otom1299,-0.0812486839051052,0.4550912779078668
tata1257,aust1307,-3.007736038049007,0.84419567024214
tata1255,turk1311,-4.082364797077567,2.9640439983368747
taul1251,taul1250,0.0438158383727023,2.0867952517989004
taus1253,taus1253,1.2041803807738436,2.635900331400892
taus1251,aust1307,-3.2790462423619275,1.085491933453245
tauy1241,nucl1709,0.4958903289842489,0.3528125831213202
tawa1275,aust1307,3.210257096757748,0.8576552906051909
diga1241,sino1245,-0.7186390534314433,0.8642594852932319
taya1257,afro1255,2.4747412543703824,1.9519628797273416
tbol1240,aust1307,-2.386400263308821,0.7724800862434122
tean1237,aust1307,0.2555092450282232,0.6388027508487077
teda1241,saha1256,3.350448897708405,3.698306866473441
tedi1235,sino1245,0.1046561142874191,0.5441434953732092
tega1236,rash1249,1.98688065212676,2.464135173049156
tehu1242,chon1288,-2.2956144306753483,4.8946485047310135
teiw1235,timo1261,1.6525510601398976,1.2468075454011167
tekt1235,maya1287,2.801414058911844,1.40898659204262
tele1256,nucl1709,0.8938752348844896,0.5318389053993737
tema1239,utoa1244,3.146071304225271,1.4290886929191906
temi1246,aust1305,-1.2914851619424277,0.9071085714753409
temo1245,otom1299,1.5391237424419812,0.9543472590771138
temp1235,aust1307,-3.182496850129186,0.9020578320306996
teng1272,aust1307,2.3181163549325365,1.2349797849354172
tene1248,dogo1299,-2.076324638510658,1.8035910030290017
tenn1246,surm1244,0.9002558068010227,1.2954826803955122
teop1238,aust1307,-0.4508244218187012,0.6092326052796029
tera1251,afro1255,1.6584215839037462,0.6411539142296867
tere1278,sout2948,3.731083855109297,3.316849766089776
tere1279,araw1281,3.0156646743137103,2.2271237222846807
teri1250,chib1249,-0.4211524124416839,1.387237264252306
term1237,aust1307,1.4854659734236242,0.9575911575386442
tern1247,nort2923,0.0381205739166017,0.7854953532792024
tete1251,utoa1244,2.9546106076442955,1.374825868506539
tetu1245,aust1307,0.2877016390941818,0.7189009276307559
thad1238,sino1245,-0.0531991915863687,0.4977849473003353
thai1261,taik1256,-4.2636098696485165,4.09728140882156
thak1245,sino1245,-3.0229578659802927,0.7040857880384603
than1259,sino1245,0.3846251133911289,0.6506068070678666
thao1240,aust1307,0.3216668333250054,0.6246603477289447
thar1283,atla1278,1.9427630231142,0.9150795425027454
aheu1239,aust1305,-4.006146383192148,1.7119152595550258
thay1249,pama1250,0.6328142695206832,1.01730571813102
thul1246,sino1245,0.4940278616218249,0.4778978628508259
tibe1272,sino1245,-3.0855210171210885,0.9927542230062693
ticu1245,ticu1244,0.9990367320151844,2.5782238693128114
tido1248,nort2923,-0.2415971255899054,0.8673708215157436
tief1242,atla1278,-1.7519601084199683,0.7211400882871644
tief1244,atla1278,-1.6945403050509966,0.7197305208017504
tien1242,atla1278,1.7526076879579404,1.060178963677938
tiga1245,aust1307,-0.6529068190964324,0.6072882626824381
tigo1236,atla1278,-2.7446341389679683,0.5946474390366756
tika1246,atla1278,0.1329216865583389,0.5869680326129156
tiko1237,aust1307,0.4502848484326577,0.8506524115283618
tilu1238,sino1245,-2.112873271272028,0.4089120423303711
timn1235,atla1278,0.7460328106742389,0.9104004399439348
timu1262,aust1307,0.0178576370826371,0.7755139290496054
tina1248,aust1307,-2.7258092499244504,0.7687841682287679
tira1254,heib1242,1.9300377046256287,2.425419248789032
maee1241,aust1307,0.9231983011690628,0.3338440016489148
tiri1258,aust1307,-0.4834104609356981,0.6055873744276123
tiru1241,aust1307,-2.4099313858591147,0.7091944822720961
tita1241,aust1307,0.9993602833923656,0.6612125287004869
tiwi1244,tiwi1244,2.5147400033034666,3.738162926000575
toab1237,aust1307,1.3257255446308334,0.5863392931719016
toar1246,nucl1580,-1.5459473195285534,2.0156565578187067
toba1268,leng1261,1.9716787888887264,3.464027936520852
tobe1252,nort2923,0.398838348055051,0.78610700873522
toda1252,drav1251,-5.0560551636648805,1.006648253961247
toho1245,utoa1244,1.420556009064104,1.3714136900866212
tojo1241,maya1287,2.9094867278700995,1.4549850907787398
toke1240,aust1307,-1.5205224354007274,2.512051633723157
toll1241,jica1245,3.243397738007249,4.822621334041515
tolo1255,aust1307,1.646823138976671,0.487282953064895
toma1245,mand1469,0.2089690533373354,1.1175130465239569
tomb1244,aust1307,-3.322771595663233,0.9321652839533066
tomm1242,dogo1299,-1.9650728911547355,1.8261637084651063
tond1249,song1307,-3.5883174982872514,3.1041165000071054
tong1325,aust1307,-3.826133027169572,4.049802424944199
tong1318,atla1278,2.826132845117981,1.6131084548219403
toor1238,atla1278,2.530371882218529,0.8885785090858551
tora1259,aust1307,0.192192946606198,0.610826456624471
tote1238,atla1278,3.1131521017067625,1.640049426647801
toto1302,sino1245,-2.989753793482468,0.7392681827718093
touo1238,touo1238,2.190655629319157,3.24901852329028
trin1274,araw1281,4.883518415267663,2.0124149603573773
trio1238,cari1283,3.447523038204703,3.0132872011254186
trum1247,trum1247,0.9889110902874813,2.6933037382246443
colo1256,barb1265,-2.516972757084241,2.073463580271878
tsam1247,afro1255,-0.487305398193308,0.6760227527868281
tsat1238,aust1307,-4.457328336529742,2.325389319167636
dido1241,nakh1245,0.6821936407971598,0.5945053573413492
tsha1245,sino1245,-3.359254280859252,0.8731095379534786
tsix1234,khoe1240,-2.113667814729947,2.926635827928189
tsog1243,atla1278,-2.867327526664967,1.1655754465818935
tson1249,atla1278,-2.22886565938373,1.5307034568048792
tsou1248,aust1307,0.3999584801243356,0.5707188773130252
tswa1255,atla1278,0.4612962945460602,1.4283976540042715
tswa1253,atla1278,2.799068871064339,1.7727901174609355
tuba1278,utoa1244,1.8025884602247628,1.313248631934469
tuge1241,nilo1247,3.090515079186357,1.8731037627382925
tugu1245,aust1307,-0.110432331565927,0.7042128213543997
tuka1248,aust1307,1.248835012637599,0.8580354662107172
tuki1240,atla1278,-0.2110669038672095,0.5410632822268653
tula1252,atla1278,0.0302995271821544,0.5620123819068432
tulu1258,drav1251,-2.1138669895245394,1.1517610485091383
tuml1238,aust1307,1.0938011023203975,0.6117923332840594
tumu1242,atla1278,1.0892648867003805,0.7405369226244005
nene1249,ural1272,0.9880924582431332,1.974295743019466
tune1261,atla1278,-3.4758966387411,0.5791900032654542
tung1290,aust1307,-0.8880662358967533,0.6956359938420782
tunn1238,afro1255,-0.0900410394712036,1.2287419207148584
turk1308,nilo1247,2.0354277392196884,1.793380433634475
turk1303,turk1311,-1.4182120387052406,2.1112553956314333
nucl1301,turk1311,-2.322697867276802,2.787625168558692
turk1304,turk1311,-2.472548767223131,3.0065839964536
tusc1257,iroq1247,3.87101293207271,4.724755534316889
tutu1241,aust1307,1.192481943323988,0.3761847729245264
tuva1244,aust1307,-1.313101434305573,1.964329154440536
tuvi1240,turk1311,-3.2043799829573096,3.9383801586125298
tuwa1243,aust1307,0.5657961980255908,0.4434691651514164
tuwu1238,atla1278,0.0980337999079992,0.5315789897617069
uuuu1243,aust1305,-3.9690874564214,1.4805307473730664
ubir1237,aust1307,2.4207343826649925,0.6863073742409416
udii1243,nakh1245,2.9288119191459057,0.811418866303331
udih1248,tung1282,-2.7334416572520386,2.72064842283665
uduk1239,koma1264,1.5180238211144303,2.050176270589258
ughe1237,aust1307,1.5937766099584574,0.6581125795722329
ugon1239,sino1245,-3.89506133173723,2.0855036250060186
ukaa1243,atla1278,-1.4054081287728353,0.6710536761985519
ukra1253,indo1319,-2.53029876538423,2.566576180553985
ulch1241,tung1282,-2.4541893454142523,2.275733238178635
ulit1238,aust1307,1.2054072386846053,1.5777421741314015
ulwa1239,misu1242,2.7350576652496126,3.650332063258607
yaul1241,kera1258,0.0935452998829486,1.9082967434062983
umaa1242,aust1307,0.561691066343204,0.6743328558559814
uman1240,daga1274,3.239019037240896,3.508095493571836
umbu1257,atla1278,2.840359642007935,2.4311441941092475
umbu1258,nucl1709,-0.563071660963826,0.4381725652440416
umes1235,ural1272,-2.7644914939190466,2.406983402213646
unaa1239,nucl1709,0.81838674584834,0.5494905075873362
unua1237,aust1307,0.4906254540770601,0.3119236136279042
uppe1427,aust1307,-3.1689653169047665,0.9115538718677384
uppe1275,toto1251,3.4349476396009777,3.0518246336246166
urak1238,aust1307,-4.35598198407521,1.7940560505316494
urar1246,urar1246,-0.8082786093018035,2.4220682635287503
urav1235,aust1307,1.3193715244298292,0.6054497648611452
urim1252,nucl1708,0.4234936451493551,1.6211300845004502
urip1239,aust1307,0.9132949409522398,0.3182906113873436
urni1239,giim1238,3.0460335113560246,4.093986182699304
usan1239,nucl1709,0.6433649229164298,0.3812867098827599
utes1238,utoa1244,2.109856325900024,1.9092553846870004
pile1238,aust1307,-1.493226252123151,0.8026322010527238
veps1250,ural1272,-2.221533208442585,2.123751682023225
vera1241,aust1307,-2.092758708094076,0.6518434657357091
viem1243,atla1278,0.991271418470945,0.7193443877285812
viet1252,aust1305,-4.124940058722449,1.8864436949607253
voti1245,ural1272,-2.7730951999125137,1.937524169834763
vunj1238,atla1278,2.67422181084912,0.8399397391567831
vure1239,aust1307,-2.093745728267847,0.6508406370918678
vwan1235,atla1278,2.353293164713089,0.9811406291630328
wadj1254,wadj1254,2.784492974734396,3.874056087989525
wage1238,wage1238,3.1973153562537897,4.175511512737579
waig1244,aust1307,-0.4373186910380975,0.8334136343421275
waim1251,aust1307,1.4830009192455476,0.5833463188771937
waim1252,aust1307,-2.842521193907216,0.7607078763701516
waim1253,cari1283,2.6792680235099766,2.770149317208382
waiw1244,cari1283,3.005076411073704,2.688962402870919
waja1259,atla1278,-0.0122343967124265,0.5630321563204319
waka1274,pama1250,-2.7645367920443014,2.1685977398316387
wala1266,aust1307,1.6079598721855497,0.533211227013588
wamb1258,mirn1241,-0.9304729456433638,1.9328815271057884
wamb1259,nucl1709,0.1477823926404308,0.5453467593578907
wamb1257,sino1245,0.8396498125152617,0.407489688123773
wann1242,mand1469,-3.3436787532913077,1.5529050562503173
wand1278,afro1255,2.4624590371495527,0.5535295963161708
wand1267,aust1307,0.2129393870896362,0.6491136337750554
wanm1242,pama1250,1.6107766643374568,1.6179046187200117
saka1289,aust1307,1.229838277113606,0.4776166563903512
waor1240,waor1240,-0.9449385399343976,2.49321582753244
wapi1253,araw1281,3.387613220020196,2.2923848663634985
wara1303,wara1303,2.4689129379302357,4.463035151048009
wara1300,aust1307,1.157013063702877,0.91882634725485
ward1246,yang1287,3.128750544604916,4.257831900866206
ware1255,araw1281,1.7477130584892593,1.0989724136592862
ware1253,aust1307,1.6699877079800798,0.8003619015714065
wari1268,chap1271,-1.4508620962179846,2.861912154273077
warj1242,aust1305,-2.6446112649387934,1.204006151689395
warl1254,pama1250,1.652885514077143,1.452266449404899
warl1256,pama1250,-2.6998056316551744,1.6526872901454084
waro1242,aust1307,1.437864882164617,0.6956734201891415
warr1255,pama1250,-2.515868698308352,1.5074206069524934
waru1265,pama1250,1.1989663363953345,1.2843999044040828
wash1253,wash1253,2.1571528026565967,3.517086270933123
wask1241,nucl1709,0.7599727626551066,0.4840874830301338
waur1244,araw1281,4.375034438146478,2.362185159522885
wawa1246,atla1278,-2.4755301808786525,0.6753449297913772
waya1269,cari1283,3.550401116923708,3.132915390563136
wayu1241,sino1245,0.6469995316303431,0.4126878245988372
wayu1243,araw1281,4.424288786457683,2.7238539388901426
weda1241,aust1307,3.0511587476262187,0.7645917673033473
wels1247,indo1319,-1.867432407659923,1.7654798694524985
nort2864,aust1307,0.6769566776575316,0.6543591445738492
weri1253,kuni1270,2.2723269432814983,1.9002502590711217
west2564,aust1307,-3.074556226403641,1.0484489839249456
west2560,aust1307,-3.2160371266260546,0.8763303184712079
west2548,aust1307,-0.1774722059271603,0.8204576852802266
west2615,atha1245,2.718608701594784,2.91449425272706
west2441,pama1250,-2.1824632928983885,1.5465648744865828
west2397,aust1305,-4.120209824368845,1.72668836617048
west2555,aust1307,-2.081569355715974,0.6375767683567979
west2618,eski1264,2.7106535641369507,4.912137357372937
west2650,aust1307,-4.4713231935604,2.159102133502415
west2594,nucl1709,1.3047053805387112,0.7314984170540484
west2778,utoa1244,3.4638994123525317,1.9322957764924131
west2369,indo1319,0.4590264920061248,1.579424734850022
west2519,aust1307,0.2235700710511239,1.2851805035607209
west2354,indo1319,-2.448973192770733,2.0514264956973367
west2644,otom1299,-0.0681702236164853,0.4244109187335692
west2624,utoa1244,2.9534644280595224,1.4816427476288665
west2466,atla1278,-2.0895950243898893,0.7631924069630323
west2632,kere1287,2.3048777797673674,3.91063070379038
west2396,aust1305,-3.292018128099176,1.4166503549003266
west2418,sino1245,-0.057586253924613,0.6415147562948569
west2392,ural1272,-0.8917908101662664,1.3577147089586354
west2763,afro1255,2.873066774197202,1.9968784861536493
west2557,aust1307,-0.0961823550386384,0.7726099082658919
west2415,sino1245,-2.6051201972888838,0.5475623591555046
sanj1284,otom1299,0.9413010563765528,0.4600060267182915
west2430,hmon1336,-4.125191849717774,4.205680963384376
west2599,nucl1709,-0.2163743488245897,0.4827354078286365
west2600,nort2923,-0.2077422641588386,0.7770863425891221
saka1291,aust1307,-0.6997855596164178,1.4754065132472505
west2516,aust1307,-0.6595299348397343,0.6068869436377682
whit1269,aust1307,1.1948795427114731,0.5673863863560662
wikm1247,pama1250,0.5593521386140642,0.9973443664359394
wiru1244,wiru1244,-0.8458736664911648,2.2627487778517983
babi1235,atha1245,3.6474200151103258,3.716289845211894
woii1237,aust1307,0.9083119482166984,0.6987566725494752
wola1253,afro1255,0.2910100858554985,0.7260002846502438
wola1242,gong1255,-2.0316894626657245,1.0235664251938488
wole1240,aust1307,1.1313768714272892,1.5614004708054914
woli1241,aust1307,1.5725678826961065,0.8185211700271147
nucl1347,atla1278,2.916369066111093,1.4492967583948513
wood1236,algi1248,3.859692096912501,4.991867280987696
wotu1240,aust1307,0.6765180061691162,0.6584339569769035
woun1238,choc1280,1.493022115550395,1.7487432971898684
wuch1236,sino1245,-3.7755398094011934,2.7968059988312355
wudi1238,sino1245,-4.061566721397535,1.3385856092814024
wuna1249,worr1236,3.053436650300161,3.862370710825976
wusa1235,sino1245,-3.991248913304905,1.3178043561208277
wutu1241,sino1245,-2.904254996398126,1.6248657934085546
wuvu1239,aust1307,1.5572602501475394,0.8704349328114951
xamt1239,afro1255,0.0579592186892374,0.8661805374936868
xara1244,aust1307,-0.6443563709690774,0.5958295389258197
xhos1239,atla1278,2.3230101568819346,2.528789858594066
xish1235,sino1245,-4.031509192131045,1.188063023064613
xokl1240,nucl1710,-0.5299692658737718,1.6426255026713292
yaak1241,afro1255,0.9180915418382136,0.8602638866349377
yabe1254,aust1307,0.4460184449305616,0.457394376071786
yaey1239,japo1237,-3.552929150267656,3.137036053767437
yaga1260,nucl1709,0.4125140828830429,0.3835127060537591
yagu1244,peba1241,1.0222339595522267,2.532031032652065
yaka1272,atla1278,-2.2907243751025854,0.8959458640155518
yaka1277,aust1307,-0.349465958079407,0.8392471583392904
yaka1269,atla1278,2.4922495927225485,1.405076428757063
yakk1236,sino1245,0.1540045789592348,0.511678086195392
yako1252,atla1278,-2.289569332512814,0.7665753075024391
yale1246,yale1246,2.1508909546082857,3.083211929096148
yami1254,aust1307,-2.3304218166828083,0.8102512405256803
yami1256,pano1259,-1.9067811783244324,1.259890511662313
yamp1242,sino1245,0.7673421606889897,0.4481576419450608
yand1253,pama1250,-2.872050542901774,1.658010838926975
yane1238,araw1281,3.090691728130544,1.8894546168829187
yano1261,yano1268,-1.2036741687103036,2.5462326807503297
yany1243,pama1250,1.3905894974582016,1.2099998562567578
yaoo1241,atla1278,2.3214029223912505,1.4247874824998057
yaou1238,mand1469,-3.457273269806492,1.6745924445854143
yape1248,aust1307,3.9329098018404354,1.6621639569986415
yaqu1251,utoa1244,2.4977912943306784,1.446580299946012
yare1248,yare1250,2.475810394143876,3.3882399077073018
yatz1235,otom1299,1.070907140930527,0.535642039754773
yaum1237,nucl1709,0.7663214562001444,0.4180378515165373
nucl1454,yawa1259,1.95653989119578,3.055753111110984
yawu1244,nyul1248,3.300412843605536,3.8707406852230672
yecu1235,toto1251,3.521016432472967,3.160999215682887
yele1255,yele1255,3.894371278001256,4.828130991446562
yems1235,gong1255,-1.831821477563819,1.109322608799836
yapu1240,nucl1708,3.478684586408395,1.7355491734592157
yess1239,sepi1257,-2.457584685531088,0.8237424342531483
yeyi1239,atla1278,3.071894815937573,1.6639247180647043
yidi1250,pama1250,-2.408600265573862,1.375847457114622
yima1243,lowe1423,1.54809584530126,2.6587751924617624
yinc1238,aust1305,-3.155580024421626,1.4135458245446235
yind1247,pama1250,-1.734845297352063,1.3368800492292614
yine1238,araw1281,2.961405858194531,1.7510880783889782
yoga1237,aust1307,0.7370611910248328,0.4978338191389966
yona1241,japo1237,-3.581878607639883,3.0600708989471475
yong1276,taik1256,-4.781329672504549,3.806779350691177
yong1280,nucl1709,0.4548960458176554,0.6438041294822714
yora1241,pano1259,-1.3741598084730808,1.2629869298441747
youl1235,sino1245,-4.502533726308933,1.2337273755239888
youn1235,hmon1336,-4.339423466406695,4.03849021044454
yuca1254,maya1287,3.045815843838441,2.3347035114901957
yuch1247,yuch1247,3.571869625892658,6.070967866996748
yuec1235,sino1245,-4.270682937794995,2.404259717628705
yulp1239,pama1250,1.8627192623231832,1.6416506327791165
yulu1243,cent2225,-0.5289231327851736,1.1213444194066255
yuqu1240,tupi1275,3.140854090078867,1.9159817072126304
yura1255,yura1255,3.3028275762156767,4.5850664938149
gami1243,pama1250,-3.0424668595216806,1.9765139162050789
zaba1237,aust1307,1.3518240598651643,0.6684749280947031
zaca1242,otom1299,-0.0120339023804134,0.4756114541974607
zaca1241,utoa1244,3.0111461699568967,1.3352514114507628
zaiw1241,sino1245,-3.8200572377574256,1.0922380916451058
zamb1245,atla1278,1.3889295748592876,0.5907040175700047
zand1248,atla1278,1.432705228050147,0.9012510359731324
zani1235,otom1299,0.34257941430009,0.4242767650680754
zapa1253,zapa1251,-3.702068686957668,2.8836864373746334
zarm1239,song1307,-3.088671848206604,3.440212351634095
zays1235,gong1255,-2.16323457820437,1.0313943341694625
zeme1240,sino1245,-3.534636374867226,0.5967477252460931
zenz1235,otom1299,0.038504832078456,0.4269374596402073
zhab1238,sino1245,-2.6036089355697536,0.9449754269771072
zigu1244,atla1278,-0.4879928372962772,0.8412634221953077
nort2795,atla1278,2.5061275656334634,1.5631904110372226
zinz1238,atla1278,2.645458517771721,1.1023000802189546
zoog1238,otom1299,1.038107917179839,0.5209560998335476
zulg1242,afro1255,2.2771332979971097,0.5045061423736374
zuni1245,zuni1245,2.081597656312765,3.615057504611669
