Glottocode,Family_ID,GPGLMM_Latent_Mean,GPGLMM_Latent_Variance
abad1241,aust1307,0.1834741647813973,0.4576179048597852
abee1242,atla1278,2.795549856964239,1.1150897852352606
abkh1244,abkh1242,-4.522088345052763,2.6094920148927256
abua1245,nucl1708,0.8526849393049885,0.6649384033358903
abun1252,abun1252,1.8201140304425916,1.240936680196294
achi1257,aust1307,2.292873210318505,1.4732081660565997
acha1250,araw1281,-1.7483922018162743,1.347647253850882
ache1245,narr1279,3.2297622109491533,1.3340927477058755
achi1256,maya1287,-1.1609140189615823,0.73114334843451
achu1248,jiva1245,-3.3777158555220725,1.407872565407772
acol1236,nilo1247,2.841629906135059,1.1537842040754915
adan1251,timo1261,1.2893710904548108,1.1032278196121
adny1235,pama1250,-2.637761793230728,1.4283692440636755
adon1237,aust1307,1.4528197537125895,0.6345582957514866
adze1240,aust1307,1.4611237445621308,0.4466718530253049
aeky1238,kamu1264,1.1741616000710622,0.8888499101694509
afar1241,afro1255,-2.123259494658444,1.4430680640235796
aghe1239,atla1278,3.3290932980658337,0.5792785745827267
aghu1255,nucl1709,0.6604726520691673,0.7135139943172835
agob1244,paho1240,-2.0087172278021974,1.127998320241681
agua1253,jiva1245,-1.8845072483723384,1.4978968625521727
agus1235,aust1307,-1.683205222742839,0.800278113213865
agut1237,aust1307,-1.6015838888658802,0.8747608272327208
aime1238,bosa1245,0.9756702070083256,0.9057752093037448
musa1266,nucl1709,0.868658931779092,0.3947144312768627
ayiw1239,aust1307,1.7687078374086225,0.807474159704507
ajab1235,atla1278,2.87676157971072,0.9942101108520842
ajas1235,kres1240,1.4888376503347018,1.197458405854765
ajie1238,aust1307,2.17755608160353,0.6764759432140064
ajyi1238,araw1281,-4.399347587267436,1.959245281375248
west2635,maya1287,-0.3373750779652962,0.5311876382125771
akha1245,sino1245,0.576501852098164,0.5351369080299619
akoo1248,atla1278,0.7489726012428197,0.5119791393230049
akun1241,tupi1275,-1.2885173279082285,1.003823815676978
alab1254,afro1255,-1.6576713957893838,0.7124368635900051
alab1237,musk1252,-0.8138882079964829,1.5241129972591114
alac1244,otom1299,1.1064699411403407,0.6097930042733362
alag1248,afro1255,0.3845118588155278,0.5961837813154256
aleu1260,eski1264,-1.4554853796881844,2.534360553897902
alor1247,aust1307,1.7435103394470008,0.6610660258697685
aluk1238,drav1251,-4.418544071235607,2.35450225137692
alya1239,pama1250,0.88379746230503,1.053574202700803
amah1246,pano1259,-3.068332995356499,1.570186101253627
amam1246,kuni1270,1.0487677545829404,0.6595858264633359
amap1240,left1242,-1.3092892805628986,0.8901285239611281
amar1272,aust1307,1.8884075460529792,0.5302148478705995
amar1274,hara1260,-4.340996810886271,2.0700846506070323
amas1236,nyim1244,2.619133139373625,1.5177813225375845
amdo1237,sino1245,-1.7411343148882352,1.1624456773943956
amii1238,west2434,0.806099948083177,0.7809771946075523
amis1246,aust1307,-1.0291685248701528,0.6602761761770672
hoaa1235,kxaa1236,1.6235394979518492,1.588428051765531
amri1238,sino1245,-1.5429451592630272,0.6231991788654199
gily1242,nivk1234,-3.712531382417101,3.292519050795688
anei1239,aust1307,2.4756616837541983,0.9611783220159142
anfi1235,gong1255,0.2007532248930528,0.7386146150317714
anga1290,anga1289,0.1669099897926872,0.783525739615099
anga1288,sino1245,-1.3562963831022818,0.4017651193158045
ango1257,chib1249,-0.2052046055445052,0.9178140910826844
wara1294,more1255,-1.908468444614395,1.0665510426253029
anta1255,aust1307,0.3415178224961974,1.648918089430131
anua1242,nilo1247,2.715611076615795,1.0912646791664526
anuf1239,atla1278,1.5716896979712294,0.8542486116158492
anuu1241,sino1245,-1.2513626577623875,0.7282533980648314
anut1237,aust1307,2.541697165773112,1.243913114284133
aoua1234,taik1256,-0.0671985177111995,1.0617129819053437
apat1240,sino1245,-0.473676912840673,0.4995472410525625
apin1244,nucl1710,0.2818330559241868,1.290167312450023
apma1240,aust1307,1.0895226460567486,0.4512439205578467
apma1241,kera1258,1.2535253398779345,0.7645389507734475
arak1252,aust1307,2.4761046622437557,0.5203585534190491
arao1248,pano1259,-2.585496873513245,1.345637687530234
arap1274,algi1248,-3.2575709114603613,2.1494710553708885
araw1273,tupi1275,-1.155913468098874,1.5614065853523726
arbo1245,afro1255,1.5494186260136753,0.6496676862642561
arch1244,nakh1245,-4.717722716556042,2.201434526025073
aree1239,aust1307,-0.2740297257875864,0.4253294677464199
area1240,aust1307,2.148794912320574,0.6219272865918359
argo1244,afro1255,-1.894296918611761,1.1437336091070258
arhu1242,chib1249,-0.8431902073831148,0.7739762453545969
arig1246,atla1278,0.6848543839511163,0.7643545898410307
arom1237,indo1319,-4.354692716280974,2.137718070329835
arop1243,aust1307,1.9890253989318567,0.5370291455348033
arop1242,aust1307,1.192236796705799,0.5711255620437194
aros1241,aust1307,1.7434394685699446,0.6831285816255885
arta1239,aust1307,-1.779815910364912,0.5575670279634828
ashe1272,araw1281,-4.418963461874409,2.076518019639242
assi1247,siou1252,-1.0805904533168809,1.704082019091075
asur1254,aust1305,-3.8038816107891895,1.757808411335355
asut1235,atla1278,1.4311723594184405,0.6579732569505286
atam1240,aust1307,-1.7587132648436803,0.7025547764929554
atay1247,aust1307,-0.6383225486167186,0.709199038500155
athp1241,sino1245,-3.704040813813172,0.8723802162316017
aton1241,sino1245,-1.7343895870669264,0.7344864290590376
auuu1241,nucl1708,0.8493243567697581,0.608688789311338
aulu1238,aust1307,2.68016019609531,0.4307097804172031
auye1238,nucl1709,-0.9930518087723392,0.7534774095475822
avac1239,tupi1275,-1.2559625034961797,1.6038212023868446
avat1244,atla1278,2.832186812392859,0.9124820576821624
katb1237,aust1307,2.656336404635136,0.4429222543336362
avok1242,cent2225,3.2039251373109625,0.9482769985452966
awac1239,barb1265,-3.777551549327665,1.9214404048653928
awad1244,aust1307,1.7617272667083244,0.4817745505774491
awad1243,indo1319,-4.797800596552625,1.94291352459414
awap1236,nucl1709,-1.157382591640485,0.4591069438049509
awar1249,ramu1234,0.4765998959481523,0.8339782861357916
awar1248,nucl1709,1.2919201244103655,0.456799856101985
awet1244,tupi1275,-2.8575512004517787,1.2694578526944258
awji1241,afro1255,0.4275928099185724,1.468670653493267
axam1237,aust1307,2.7261838457576064,0.4458438597808882
axiy1235,sino1245,1.097311642439804,0.6437645834109222
ayac1239,quec1387,-4.348492433388838,2.4579527788588504
azha1235,sino1245,0.9863528307231428,0.6606055457203404
baba1264,atla1278,3.365983047008399,0.5681572199085245
baba1266,atla1278,3.2088697145624767,0.5622718897249905
baba1268,aust1307,1.885577650916476,0.6858531496808293
bada1257,drav1251,-4.414519719936264,2.372073156795297
bafa1247,atla1278,0.8741811459914839,0.567191141802498
bafi1243,atla1278,3.2761979924882487,0.5994429880244567
bafu1246,atla1278,3.4028932749763507,0.5697911880097886
baga1273,atla1278,1.1227486292820437,0.8139075258189736
baga1272,atla1278,1.227531921911583,0.7951579229419967
bagi1246,cent2225,1.8450284461826247,0.8593040099880702
bagv1239,nakh1245,-4.742543042784782,2.162993717361133
bahi1252,sino1245,-4.067930303314648,0.9056580590978592
bahn1262,aust1305,1.799880896025968,0.8381362559945909
baik1238,aust1307,1.5913388317816102,0.7252233491582682
baim1244,sino1245,-0.0713912563407022,0.8853541110586942
baka1272,atla1278,1.544479583445768,0.9445852371340928
baka1274,cent2225,1.4785650732342264,0.9365922894268052
baki1244,aust1307,2.8206548751849736,0.4676437974448832
bala1316,aust1307,-0.2573524807177154,0.757384754876258
bala1311,aust1307,1.75980329000464,0.856841331902567
bala1315,aust1307,2.2497754075464016,1.0724300067051329
bali1278,aust1307,-0.8028093704644785,1.1194385051998816
liki1240,atla1278,3.241561438361731,0.8888157025005179
bamb1270,aust1307,0.7598779169703047,0.8407305614043707
bamb1269,mand1469,-0.7688571940422989,1.0554120607889903
bamb1262,maoo1243,-0.2892703142687294,0.8505857390843103
bamu1253,atla1278,1.531924797494562,0.5654173025242368
bamw1238,atla1278,3.266140982743482,0.8579126881453991
band1344,atla1278,2.001231334598507,0.9316090210084008
bang1363,bang1363,1.206120739726087,1.138132773365045
bang1369,sino1245,-0.8856762022284159,0.6027487595955394
bant1281,sino1245,-3.7712925399803097,0.8671495297252938
bara1357,sino1245,-4.262176184604339,1.1404090009899823
nucl1630,koia1260,0.4169611701265989,0.6188685799725411
bare1279,afro1255,-0.1552216225211879,0.8266129820664467
bara1369,aust1307,0.0138555415237755,1.5665024277215411
bara1361,atla1278,0.9269623916073946,0.704681691851353
bara1380,tuca1253,-4.413813421447728,1.4538381314242712
bare1276,araw1281,-2.1371502019725965,1.344967087488969
barg1252,nucl1709,1.3380096208753929,0.4852122313959279
bari1286,aust1307,1.897424809994852,0.5328450902026898
baro1253,aust1307,0.8427923837079385,0.4799078738191946
basa1282,atla1278,2.694098106682402,0.7780694018200798
basq1248,basq1248,0.9151871393090364,1.7354243834097467
bata1289,aust1307,2.891400838303047,1.4617580721967491
bata1285,atla1278,3.0158801127481043,1.1355179753751847
bats1242,nakh1245,-4.698974565282184,2.172657743815176
baur1253,araw1281,-3.465869072807293,1.4049757534793894
bawm1236,sino1245,-1.1315302400298957,0.6094927374939161
bayb1234,aust1307,-1.4108683134124036,0.7998761854668621
bebe1248,atla1278,3.131112069496297,0.8172168532519333
beja1238,afro1255,-2.015498751722609,1.3333167437317188
bekw1241,atla1278,3.0656040370067617,0.6703271306683467
bekw1242,atla1278,1.5496915082989702,0.9906255195178088
bela1256,nilo1247,1.6058382099818695,1.173286694099891
bela1254,indo1319,-4.409500353902239,2.7598291029944795
belh1239,sino1245,-3.702168960435184,0.8641764393044502
beli1257,cent2225,3.458040521707386,1.1497973881652932
bell1243,sali1255,-0.6984035578064871,1.246196098289896
belu1239,atla1278,2.437509037966348,0.7821283627084856
bemb1257,atla1278,0.0387506677611627,0.8852456409607514
bena1262,atla1278,1.1207182619958216,0.6660046776778241
benc1235,gong1255,-0.3069313229270922,0.6033418287059416
beng1282,atla1278,3.0419321215033466,1.1850061747677567
bent1238,dogo1299,1.2621167063140906,0.8443652443786389
zagh1240,saha1256,1.205411959822546,1.5730262806899238
bert1248,bert1248,2.307330743300766,1.1939539296270705
bezh1248,nakh1245,-4.742567575423057,2.1463387494421684
bhoj1244,indo1319,-4.793455386227585,1.6220976072639992
biaf1240,atla1278,1.3396740744849862,0.8234041229216063
bian1252,kuni1270,1.300514495443084,0.6869951565846844
biao1254,hmon1336,-2.7823067092719502,1.331649268990036
biao1256,hmon1336,-1.6630904338828243,1.3561993892043858
bier1244,aust1307,0.986378020902518,0.4460382247816312
bign1238,aust1307,2.5402589518548817,0.4618980263690888
biha1246,aust1307,1.8942237767112404,0.8775814850931947
bila1255,atla1278,2.410391284379399,0.796975690060532
bilb1241,aust1307,1.5472310960307087,0.4565978546230314
bili1260,afro1255,-0.4613106448224081,1.0270168448518595
bimi1240,nucl1709,1.2278301186586402,0.5542461757128949
bina1277,nucl1709,0.7235094382276883,0.5598071112348109
bini1246,atla1278,2.953942511487253,0.9195011080222272
gunw1252,gunw1250,-2.667882455201873,1.289239093314233
birr1240,cent2225,3.107304402913669,1.1901303226609945
bisu1244,sino1245,-1.408230373292306,0.6398025106533938
bitt1240,aust1305,1.4809039347511763,0.6173939316928365
biwa1243,yuat1252,0.275424381090029,0.8077673159908745
blab1237,aust1307,1.6734484218409469,0.5726316780373688
bang1354,atla1278,2.998574081269799,1.1558140378051285
bodo1272,atla1278,3.4569471827856946,0.982660352143442
bodo1267,aust1305,-3.748343868789421,1.872129616699804
boka1249,sino1245,-0.7479709076111432,0.6358214897494472
bola1250,aust1307,1.1130644163161465,0.5494894357209841
bolg1251,atla1278,2.4458618516104758,1.0088087173247104
boli1256,aust1307,-1.9948243923374296,0.7448319085975159
chim1302,quec1387,-3.720770256647789,1.8889376615987925
bolo1262,atla1278,3.170917511551384,0.965959094453484
boly1239,aust1305,1.8784133384969728,0.8858550344920091
bomb1262,atla1278,3.372803322985855,0.8601785722539654
bomk1234,atla1278,1.702998176462799,0.9511766478780136
bona1250,mong1349,-0.7975986603718239,1.3274152403690769
bond1247,atla1278,1.2365263911913082,0.6612215575783162
bond1245,aust1305,-3.784590874297088,1.752186563142646
bong1289,aust1307,1.240300340147686,0.7869811461896759
bong1284,atla1278,3.232988277273803,1.1024371498755712
bong1285,cent2225,1.8633354446562416,1.0864108452228924
bora1263,bora1262,-2.585364010281059,1.7078126178657107
bora1271,afro1255,1.853319140219182,1.0000323328531784
bord1248,chib1249,-1.45325388550303,1.0115735963897974
bori1243,sino1245,-2.18166494655355,0.5517806573019852
boro1277,gong1255,0.0284486873829052,0.8165537281819852
boro1282,boro1281,-3.2192977817379957,1.8833191518554215
boto1242,aust1307,-2.1155308880492405,0.7539624125133675
boun1243,atla1278,0.2706239231190821,0.7709973890269959
boun1245,nucl1709,0.4431726831700877,0.4329709441165823
brah1256,drav1251,-4.478532698041508,3.312474002483974
lave1249,aust1305,2.030892153675831,0.754618799072277
bret1244,indo1319,-0.291167568469489,1.292625166919036
brib1243,chib1249,-0.1396431619648456,0.7032618853008925
budu1248,nakh1245,-4.734745681421115,2.3452427335407173
budu1265,afro1255,1.378635618097138,0.763563688944429
budz1238,atla1278,2.6665405877185373,0.9349417449265816
buga1247,aust1305,1.7382032171473645,0.7887151787661728
buga1250,aust1307,1.8123669875911523,0.467576480342867
bugh1239,aust1307,1.9738609172934811,0.5615557328554859
bugi1244,aust1307,0.2926237160439633,0.7940393417075224
bugl1243,chib1249,0.014311456741016,0.9146541218099936
buhu1237,aust1307,-0.1678888152971571,0.5403306658663753
bujh1238,sino1245,-4.419529863831237,1.2151155059607888
buku1249,atla1278,2.818118241925484,0.8377801124906283
bull1247,atla1278,1.7072504633007348,0.954728256272046
bulo1242,aust1305,2.463951690748245,0.9946198282453382
bumt1240,sino1245,-1.0022448838568492,0.6992414691607873
buna1276,aust1307,-0.0727018129556587,0.5372031373211632
gahr1239,sino1245,-4.442935291846432,2.3858747742278115
bund1253,indo1319,-4.949054502670757,2.424835499216237
buol1237,aust1307,2.35548333130638,1.0342060821030192
bura1292,afro1255,2.0517253246157674,0.5697713125058463
bure1242,afro1255,1.4782006177117264,0.5971139902954121
burj1242,afro1255,-0.9352301488509344,0.8326808207662251
nucl1310,sino1245,-0.7660202685564443,0.7260646779346818
buru1320,afro1255,0.5287533246018086,0.6365629269354516
buru1296,buru1296,-4.183193485473604,3.162170792061064
busa1253,mand1469,1.6872765707318198,1.172851203129707
bush1247,atla1278,1.538903246971944,1.1701682656628805
buwa1243,afro1255,1.6986725488793386,0.4535629001179551
bwai1242,aust1307,0.0425094004551097,0.4139322117656032
bwat1240,aust1307,0.365261840383984,0.6701981284787797
byan1241,sino1245,-4.5501560323236125,1.996425102078303
caac1237,aust1307,-0.1441275909499833,0.7022439819546822
cabe1245,chib1249,-0.2740877677932563,0.7329738966851673
cahu1264,utoa1244,-1.5965944439215858,1.664205653841304
cakf1236,afro1255,1.811630372762273,0.6135061694349471
cald1236,quec1387,-3.854897639655774,1.8360457304175977
camp1261,indo1319,-3.1263159478122624,1.903353099321896
cams1241,cams1241,-3.952155108848268,1.8676492002576448
cane1242,nucl1710,0.381505715127135,1.3800199975685716
caom1238,taik1256,1.0070878155097558,1.1370319428543834
capa1241,pano1259,-4.7234737615128966,1.702749894816003
carn1240,aust1305,-1.5783946368173996,1.515652428197363
caro1242,aust1307,0.8603722032907026,1.490457495520615
cash1251,pano1259,-4.708596740471318,1.869226022760468
casi1235,aust1307,-1.5814825480939874,0.6241260860020663
stan1289,indo1319,-2.033745711212032,1.7230292624692831
cavi1250,pano1259,-2.5099954206498523,1.3203816679546685
cayu1262,cayu1262,-3.7089256122317615,1.5885853883025995
cemu1238,aust1307,2.0731764179564625,0.6688001644517678
cent2127,eski1264,-2.876644970246675,3.295173113064726
cent2142,ayma1253,-4.164577838828933,2.261084483416361
cent2004,sino1245,-0.3303799534205387,0.5276562225286714
cent2292,aust1307,-1.9818146392449365,0.4945181123020932
cent2084,aust1307,-1.422897130054925,0.6062271184410442
cent2314,aust1305,2.366801922579345,1.135321492005926
cent2050,saha1256,0.3331644580184436,0.9111911658632472
cent1989,aust1305,2.708525883242136,1.0995275074432105
cent2058,aust1307,0.7619380505409281,0.5447819616936789
mala1479,aust1307,1.9256577456549813,1.3123467110773808
cent2322,ural1272,-4.026277452233515,3.459535181246058
cent1992,aust1305,2.38159080142709,0.8818916404416188
cent1990,aust1305,-1.3553762468310198,1.4529383139262686
cent2126,japo1237,-3.161831499569647,2.2127151725716474
cent2091,aust1307,-0.9089018370463484,0.9046205399978676
cent2140,miwo1274,-3.223926296854649,2.1033221414435106
cent2090,aust1307,-1.7801948224189452,0.907897453371461
cent2131,utoa1244,-3.582861614082049,1.62120185090781
cent2150,chib1249,-0.1464393134074764,0.9033513696676568
chac1251,pano1259,-2.34334630977779,1.2685968354286403
chad1249,afro1255,1.3109306562453802,1.012227704833272
chak1270,sino1245,-3.1868595721682493,0.829518310747682
chak1271,atla1278,1.5832892487017949,0.7022298493992469
chal1275,afro1255,-2.6765264565951843,1.8027225207208093
cham1315,zamu1243,-1.7468015595288546,1.688916190730566
cham1309,nakh1245,-4.738448894052646,2.1696543543476183
cham1312,aust1307,-1.2777614336311105,1.4000197520436175
chan1313,sino1245,-1.5929255067771568,0.479179468393017
char1269,gong1255,-0.8806412500089671,0.5482878648362348
chas1234,sino1245,0.9777892246449168,0.5351444103813918
chec1245,nakh1245,-4.698593453144632,2.290992751059409
chek1238,aust1307,0.018546428795604,0.5508708949713732
chen1255,drav1251,-4.655598272317897,2.3740194149784437
chep1245,sino1245,-4.366868607873339,1.1397852316725108
cher1273,iroq1247,-2.6077831494596264,2.2597822846061115
chey1247,algi1248,-3.173997309793907,2.1109528733566707
chic1270,musk1252,0.1560936062270647,1.1909959289594885
chil1280,atha1245,-1.0919653168351222,1.4513922777464616
chim1309,chib1249,-0.4916895603869518,0.8449532896482497
chhi1245,sino1245,-3.752758998862745,0.8658255262832952
chip1261,atha1245,-1.978307174036372,2.384144362361128
chip1241,algi1248,-2.905195242843764,2.4435983195934443
chir1283,sino1245,-1.1960162712025886,0.3840255483537751
choc1276,musk1252,0.0925234281969158,1.120623216567608
chon1284,aust1305,2.442247956078305,1.1331171812885097
chot1239,sino1245,-1.178868335904876,0.4334501989282717
chra1242,aust1305,2.454234402826831,1.1658019353722548
chuj1250,maya1287,-0.1867894309468383,0.5172849825169195
chuk1273,chuk1271,-3.4129031666137086,3.728169095527384
chuu1238,aust1307,-1.3601966510733563,1.2398638271272913
chuv1255,turk1311,-4.361581979935885,3.168517894423306
chuw1238,atla1278,0.1151062306050941,1.0767586798539202
cici1237,atla1278,2.3161582935921348,1.0204461147851664
chin1286,chin1490,-3.4265604750606675,2.1668712056356068
cent2087,aust1307,-1.7134473141330064,0.859505935326605
sout2912,aust1307,-1.58743428417635,0.9211065649434268
coat1243,otom1299,1.8067609126875164,0.5967092209171136
coca1259,tupi1275,-4.498877779070921,1.6917759104518733
cofa1242,cofa1242,-3.944675241331855,1.8683570598846693
cogu1240,chib1249,-0.8386099248848268,0.8375294661300852
inga1252,quec1387,-4.023439942943267,1.7854071728822478
colu1241,sali1255,-3.2088516195241272,1.9054831706980484
coma1245,utoa1244,-3.4953484559816386,1.9341479752100776
como1259,sali1255,-2.037553173719275,1.4915859235863334
cong1236,atla1278,0.5352074896752677,0.9462628373113624
copa1237,otom1299,1.427508642861441,0.5357016986992651
cors1241,indo1319,-1.6880150293971892,1.7031140549088448
cosa1234,sino1245,0.3287640350301286,0.5423491214807807
cota1241,aust1307,-1.1609836880010975,0.6842080458818138
cree1270,musk1252,-0.4016636886990357,1.2726806881036064
crim1257,turk1311,-4.180743158304225,3.001724662577264
cros1244,atla1278,3.0474672541286774,0.7020152864994742
crow1244,siou1252,-2.767938835510723,1.921728954427281
cube1242,tuca1253,-4.349533202733845,1.4381030460291466
culi1244,araw1282,-2.6725000078908248,1.6774895085754666
cusc1236,quec1387,-4.390344471124303,2.268306589880668
czec1258,indo1319,-2.4649992358084485,2.125655249173628
daai1236,sino1245,-1.0669232808463422,0.7509054399098001
daas1238,afro1255,2.0642415734626773,0.7830045973876154
dadi1250,tebe1251,-1.7186480430928173,0.9087988687428696
dagb1246,atla1278,1.8755297828611268,0.7861985645452885
dagi1241,narr1279,3.2840851942023743,1.362423513253074
daur1238,mong1349,-3.757901124880711,3.3809270227057064
daka1243,aust1307,2.7708491767691865,0.4346742803573917
damp1237,aust1307,0.701582742919534,0.90381617392651
dana1252,aust1305,1.577475745374362,0.803383019277613
dand1238,drav1251,-4.801586657284638,2.175360094631075
dani1285,indo1319,-3.6036505027829424,2.437376383882709
dara1250,indo1319,-4.653285127207223,1.6594532013440824
darm1243,sino1245,-4.559376379421307,2.004081733388312
daww1239,nada1235,-1.6976184134901569,1.2851984487356716
dawr1236,gong1255,-1.3501917753320911,0.547589548347811
daza1242,saha1256,1.7887470380493382,1.39359648694506
dege1246,atla1278,3.153845517096231,0.877723532213952
dera1248,afro1255,0.4485470573506043,0.56062750968667
desa1247,tuca1253,-4.340454896605747,1.3426570116168977
dhao1237,aust1307,1.3379063743873214,0.8680797716102497
dhar1247,pama1250,-2.675712992987438,1.883822728506828
dhim1246,sino1245,-3.3903458984569856,0.8364283697561192
dhuw1249,pama1250,-2.320843338465545,1.3002705489852184
dibo1245,atla1278,3.1537952672401803,1.0183745282503538
dier1241,pama1250,-0.8072835533763922,1.1706046400317112
digo1243,atla1278,1.1883930395204905,0.789104344753484
dima1251,sino1245,-0.5063874733860025,0.4779167381552414
dime1235,sout2845,-0.5148012244405002,0.8498874105114842
diri1252,atla1278,1.6679106885296415,1.2029393758191895
djee1236,mani1293,-2.6284120450170683,1.465964933088713
djeo1235,nucl1710,-1.3366765421340363,1.178722943451612
djin1253,pama1250,-2.465471937083477,1.2098755427000412
dobe1238,aust1307,1.3086918960475504,0.9790519990352218
dobu1241,aust1307,-0.0878839633485772,0.4575025509563915
domm1246,nucl1709,0.5630957262334388,0.4107004366313651
doma1260,indo1319,-4.437820661254001,2.9230883178910974
dong1285,mong1349,-2.616877995070078,1.4775299200040122
doro1266,manu1261,-0.7192862759737089,0.830375343752698
drun1238,sino1245,-1.3466933555620244,0.6521871362409799
dual1243,atla1278,2.241716172471178,0.6582739000082691
chug1252,sino1245,-1.0269706645936971,0.6097538093898702
dumb1241,aust1307,1.8269580078492536,0.8217640547513483
dumi1241,sino1245,-2.094014123460969,0.8615652242965375
dupa1235,aust1307,-1.5950760616451918,0.6119104996371858
duru1236,drav1251,-4.774538387919135,2.093555632716324
dusn1237,aust1307,1.6816681355034535,0.7288019858125976
dutc1256,indo1319,-2.802584203656802,1.9753595030385416
dyir1250,pama1250,-0.8994222824578761,0.937287664772537
dyul1238,mand1469,-0.5407046086635847,0.6255200356616104
dzao1238,hmon1336,-3.089432737977322,1.3838692426505823
dzon1239,sino1245,-0.8151352712621791,0.7224982893074507
east2443,aust1307,2.6591135473587943,0.5140887146753972
tang1336,sino1245,-1.17540037839483,0.4012521095931962
nucl1235,indo1319,-4.831629832300376,2.178038435287385
east2379,pama1250,0.4929984761122208,1.0962493936298463
sout2896,aust1307,1.3254096045531902,0.6309283077793149
east2555,tupi1275,-2.215481526725049,1.7447980290083378
east2332,aust1305,2.2451953072211035,0.9255717903470986
east2690,afro1255,-1.7259406085167956,1.4501385558721949
east2556,otom1299,-1.3241180293543495,0.8581692551798765
east2342,sino1245,0.6417639269402864,0.668151411327675
east2782,atla1278,2.3574797455301297,1.221740982861128
east2328,ural1272,-4.412754575050801,3.049276606725919
east2773,sino1245,-4.1251678378350185,0.956303094088323
panj1256,indo1319,-4.745070322144537,2.729966547686041
east2485,aust1307,2.3951608666690225,0.9346981960559212
fina1242,aust1307,-0.1835106602539902,0.4661954438641276
east2516,nucl1709,-1.295091495174287,0.4826624791610436
huaa1248,tuuu1241,1.5606718324335875,1.6641047983353667
wall1257,aust1307,-0.020861721249247,1.3803612315987084
egaa1242,atla1278,0.9712465505940626,0.9986120277003576
egyp1253,afro1255,-0.5216751042362966,1.3903739717092185
eipo1242,nucl1709,-1.0421766025637076,0.6418376057683126
ekar1243,nucl1709,-1.01086881533199,0.7882194549297807
elem1253,atla1278,1.3485567424529474,0.7320021932381726
elip1238,atla1278,3.177324776571516,0.6332929718243729
elna1235,utoa1244,-3.5962493712642103,1.4620089019724078
emae1237,aust1307,2.677626395330788,0.5531223919517343
emai1241,atla1278,2.77163759012245,0.833425126698601
embe1260,choc1280,-2.0645012186039047,1.2743476872299233
embe1262,choc1280,-2.20537409112826,1.4121458634953954
stan1293,indo1319,-1.595862921816231,1.5653708639378745
enuu1235,sino1245,0.1558611876658195,0.558666966330871
epen1239,choc1280,-2.2675364544798624,1.4872591246052482
ersu1241,sino1245,-0.2703266460174203,0.6670223237796717
erzy1239,ural1272,-4.499840092835294,3.0401794182968707
esan1238,atla1278,2.981662793192365,0.8606175265422813
esee1247,koia1260,0.6136836458471413,0.6444935242973875
esee1248,pano1259,-2.4382801653299597,1.3234459330967292
esim1238,atla1278,3.250785310040386,0.5783723368672957
esto1258,ural1272,-4.460791610863476,2.8679893966981926
eton1253,atla1278,1.2533620197537418,0.6474612538092046
even1260,tung1282,-3.5675346326392336,3.646445981873178
even1259,tung1282,-3.6516613048756663,3.4828265134235066
ewee1241,atla1278,2.8645734716132147,1.008265350391457
fala1243,sino1245,-3.19344984687716,0.6626473623324145
fare1241,atla1278,1.5560884165760966,0.7578291846246157
faro1244,indo1319,-2.489970321986521,2.5312557126990103
fasu1242,fasu1242,0.78882607393192,0.8546429291904643
fefe1239,atla1278,1.1869195837176898,0.5252087139668573
fiji1243,aust1307,2.385378189033212,1.9025436511635363
fili1244,aust1307,-1.2102344554890494,0.7644452195054421
finn1318,ural1272,-4.222644534119825,3.003687452549252
fipa1238,atla1278,0.9999985931136424,0.836676112821388
foii1241,east2499,-0.7085829510450581,0.8443989880221565
fonn1241,atla1278,2.859657419513152,0.9902088567162002
fore1265,ural1272,-3.8030404223364496,3.398953447563242
fran1266,mixe1284,-1.5895618942444496,1.1310322881096075
stan1290,indo1319,-1.9665006091948156,1.6627916515649388
fuln1247,fuln1247,-1.081308828287162,2.066272402073299
furr1244,fura1235,0.7745907102183438,1.3148135615987069
furu1242,cent2225,1.7662077058261234,1.0414693246832178
futu1245,aust1307,2.5056840479794955,0.9673909268422358
fuyu1242,fuyu1242,-0.1617809065633062,0.8067579366596234
gaaa1244,atla1278,2.878516780681624,1.183278222258335
gaaa1245,atla1278,3.146711970081148,0.7058795611352764
gaam1241,east2386,2.256681357828713,1.3419866051187124
gaan1243,afro1255,2.056709227695306,0.5596702093749268
gada1258,aust1307,-0.0709235063710811,0.472073264236049
gade1242,atla1278,2.5328795395594743,0.7457755222231492
gaga1249,turk1311,-4.215139176181893,2.9931610072755856
gale1259,nort2923,1.7030837636403495,1.159349519288662
gali1262,cari1283,-2.695074544647614,1.6083946373550924
gali1258,indo1319,-1.7768934528617837,1.779324200464357
galo1242,sino1245,-2.348445035206705,0.5777662456711905
gamo1243,gong1255,-1.3090465276747318,0.5324948058077172
gand1255,atla1278,2.3812459825581045,0.8494930167209516
gang1266,sino1245,-1.1816688318135773,0.4193887513599232
gant1244,nucl1709,0.8221733545144196,0.4034183931924984
gapa1238,aust1307,-0.339084644773982,0.4335657759180611
garo1247,sino1245,-3.490496000029265,0.7867325300446995
gata1239,aust1305,-3.7510547872441022,1.837917532240425
gayo1244,aust1307,2.4481799220199467,1.4133310277554565
gbay1278,atla1278,1.9685922783053096,0.8564642540007514
geba1237,sino1245,0.8158794952887951,0.7091753797110627
gebe1237,aust1307,1.583209022319096,0.9309006794980852
geda1237,aust1307,1.575870353913576,0.4712826302380763
gela1263,aust1307,2.034551300280143,0.5549694814950676
nucl1302,kart1248,-4.533134623039929,2.436778059256413
gese1240,aust1307,1.7484281027697903,0.903447762637263
ghad1239,afro1255,-0.0357106848960442,1.5107233007197074
ghan1242,aust1307,0.061215324552474,0.641937891348114
ghar1239,aust1307,1.9011534974733413,0.5932797098257687
gheg1238,indo1319,-2.638107037496628,2.0865788009762274
ghom1257,afro1255,1.9411222901888587,1.8490982516922136
gida1247,afro1255,2.148766238912377,0.5746774502199274
gilb1244,aust1307,1.7391758492836962,1.9649479603258104
gira1247,nucl1709,0.8980591133894436,0.3988504525446101
glav1244,afro1255,1.29596768757452,0.4403170494084971
gobu1238,atla1278,2.112951566912928,0.8390629642114598
ghod1238,nakh1245,-4.731191798513041,2.20208128526672
goem1240,afro1255,2.141875235464588,0.6397933958736113
gofa1235,gong1255,-1.2932441425773562,0.5149120065089905
gogo1265,suki1244,-1.762252026303837,1.0572421856231655
gola1255,atla1278,2.3932492813099757,1.1491482379357305
pare1266,aust1305,-3.725284621340257,1.7572594555398626
guah1255,guah1252,-3.3491648317490004,1.691207756277331
guam1248,barb1265,-3.8711988884727297,1.8217104081519075
guat1253,guat1253,-1.6986246689752311,1.6290991588483783
gube1234,atla1278,1.50798447992472,1.0021135889182746
guer1243,otom1299,1.3923787556777358,0.580430011896901
guhu1244,nucl1709,0.8560913443163076,0.5112593044766811
guiq1238,sino1245,-2.32505958845755,0.7298166919084306
gulf1241,afro1255,-2.8237418232680005,2.1096875034628737
guma1254,aust1307,0.2613594112289921,0.4564323636003875
guny1241,pama1250,-2.977382181964451,1.8910408934683387
gura1251,indo1319,-2.8862561194713265,2.000553596419573
guro1248,mand1469,1.1829980062137562,0.7856584573580752
guru1261,sino1245,-4.091718531580671,0.9220462799978976
guru1271,afro1255,0.0808852529955568,0.5448138811117138
gusi1247,atla1278,2.0316524663325675,0.7606645367716895
gugu1255,pama1250,-0.080608066565626,0.9048313491534395
kwam1249,koma1264,2.3795358281489505,1.094488402552932
gwen1239,atla1278,1.5259069193604289,0.6620822563826003
gyel1242,atla1278,2.9350240956151783,0.9191095064224052
haaa1252,atla1278,0.2036523944813895,0.845623622117238
hadi1240,afro1255,-1.6970432841248575,0.6932584084566065
hadz1240,hadz1240,0.074394165091562,0.9692631927538486
haka1240,sino1245,-1.2203128229642863,0.5665842797769107
hala1252,aust1305,1.6767206439841842,0.7463338459683238
halh1238,mong1349,-3.5375693203256717,2.9819550817159284
hali1244,aust1307,1.7533425850705897,0.6126611163077298
halk1245,sali1255,-2.7330583127969224,1.5393575707777032
hame1242,sout2845,1.7318176654894324,0.9155208695656034
hang1263,nduu1242,-1.4825121057656865,0.7739745208925211
hani1248,sino1245,-0.9644738678327802,0.6379301749049544
hano1246,aust1307,2.7387366477433948,0.5125799915948743
haru1245,piaw1238,0.7223987026713314,0.7465408542539658
hass1238,afro1255,-0.4504174351179729,1.3899798062250026
haus1257,afro1255,-0.7763625183160179,0.7162659829855338
nige1253,atla1278,2.219847564824403,0.786912743903216
hava1248,coch1271,0.1916747790618762,1.2986430991806786
hawa1245,aust1307,-0.854848851099901,2.0889279211856357
hdii1240,afro1255,1.2610886387144644,0.4328067062694716
hehe1240,atla1278,1.4341636407502594,0.7122462816622637
heil1246,waka1280,-0.5372831478815079,1.3606957437184843
here1253,atla1278,2.002963588407396,1.3324403401825533
hida1246,siou1252,-1.5527809028100412,1.7930889401210424
high1276,mixe1284,-1.8796673131613764,1.0510746838927665
hind1269,indo1319,-4.914187076493337,2.6028072721559585
hixk1239,cari1283,-0.429845643153165,1.2592978801903474
hooo1248,aust1305,-3.304716376310799,1.36465950932627
hoav1238,aust1307,2.052177343324893,0.6108715769940805
ainu1240,ainu1252,-3.634190061636847,3.428476450135185
holo1240,atla1278,-0.139183787525018,0.8646856659515718
hone1235,atla1278,2.7224429019593765,0.6751623706800478
honi1244,sino1245,-1.569864736935766,0.5849103405380873
hopi1249,utoa1244,-3.30061091248205,1.5250548371523216
hote1245,aust1307,1.5052071999665038,0.4201069026917068
hozo1236,maoo1243,-0.2714131254492851,0.8399765530555641
hrus1242,hrus1242,-2.6850099689373947,1.233043983843101
huuu1240,aust1305,0.7806395143221683,0.5683952318549013
hual1241,quec1387,-4.41352345151806,2.137170215628219
huam1247,jiva1245,-1.6620374578072727,1.3344420481321064
huar1255,utoa1244,-1.7295713692488928,1.4665653596012258
huas1242,maya1287,-1.882630528523988,1.2964031786634287
huba1236,afro1255,1.8596967177902453,0.5212086749547415
huic1243,utoa1244,-3.5190526447514143,1.4814809951141452
hula1239,aust1307,-0.3696071069292278,0.4995248962264345
hula1244,afro1255,-4.19153406959454,2.0457810337608167
huli1244,nucl1709,0.9954504413117308,0.5404550396829046
humb1243,song1307,1.6857915563336254,1.0440762261161414
hung1275,aust1305,2.210306239117692,0.9484854446957942
hung1274,ural1272,-4.317180730573142,2.73425943697646
hunz1247,nakh1245,-4.744842508636494,2.148361275447052
hupd1244,nada1235,-2.2002923918172,1.3261495592892103
hyam1245,atla1278,2.261859966744548,0.7114680446758515
iaai1238,aust1307,2.29187286296981,0.7505328895069758
iama1237,aust1307,0.0650714752578739,0.4212012799368896
iatm1242,nduu1242,-1.492673174028085,0.7685869483457561
ibal1244,aust1307,-1.988256993177296,0.5819390015839376
iban1264,aust1307,2.275912287464326,1.2538144382780425
iban1267,aust1307,-1.6515783468280691,0.5600449972840558
ibat1238,aust1307,-1.4131872042849896,0.7576109141082044
ibib1240,atla1278,1.3023922692100407,0.6872891256917537
icel1247,indo1319,-2.9098702287630327,3.058263056597752
idii1243,paho1240,-1.9796363880077528,1.0837116250465515
idum1241,sino1245,-2.0562057008575576,0.808714710685392
idun1242,aust1307,-0.0172317972368144,0.421927984857092
nucl1417,atla1278,3.084526339614911,0.7900105744644037
ikkk1242,kuli1252,2.723100119689096,1.3169993393755206
ilaa1246,atla1278,-0.0840275059315004,0.8674700243132971
iliu1237,aust1307,1.8393975536982952,0.7547716751135591
imba1240,quec1387,-3.8607614339045946,1.870545718200284
ingr1248,ural1272,-4.436232074512256,2.89632733778126
ingu1240,nakh1245,-4.691980419974632,2.2509332846629606
iqui1243,zapa1251,-4.349255787794958,1.836947728308513
iraq1241,afro1255,0.1779362641541543,0.6459985727113589
irar1238,aust1307,1.6887881609720083,0.777263586643199
iray1237,aust1307,-0.4237466193391713,0.8266370858630347
iris1253,indo1319,0.9920282953973534,1.597740920926078
irul1243,drav1251,-4.392778455634511,2.46631930237814
isco1239,pano1259,-4.73755063395895,1.740954635404567
isin1239,aust1307,-1.9492391486176204,0.5572268321115805
isir1237,kwer1242,1.307435637153611,0.996036357278386
isna1241,aust1307,-1.634358136840104,0.6344714088653802
isth1240,utoa1244,-2.349372162587276,0.979216469278784
isth1241,utoa1244,-2.40640222960093,1.0166162578327498
ital1282,indo1319,-3.8427207694052177,2.05550738205616
ivat1242,aust1307,-0.8536517960731345,0.8309442454144946
iton1250,iton1250,-1.704449446558284,1.356230346100154
itza1241,maya1287,-0.6560726985471859,0.8482792097302072
iumi1238,hmon1336,-0.1006394617159902,0.8538079863849064
iwal1237,aust1307,1.5194812082202938,0.4324944869400555
iyoo1238,nucl1709,1.2941068668560982,0.4418575758207002
jahh1242,aust1305,2.5494636746249224,1.1214339960373931
jalk1242,mand1469,-0.351590826638662,0.6423442750030652
jamb1236,aust1307,1.844580848177527,1.5005494999100892
djam1255,mirn1241,-2.081901952017511,1.2126234780655651
jams1239,dogo1299,0.9294963076151376,0.7999337415799981
nucl1643,japo1237,-3.652731332492968,3.190898987831674
japh1234,sino1245,-0.6051925885299156,0.6968567207002581
jaqa1244,ayma1253,-4.264567816899181,2.529938940353699
jara1266,aust1307,-0.1771335204706732,0.7806329474074039
jaru1254,pama1250,-0.4288594005349933,1.1167009875007374
java1254,aust1307,-0.8556126630392953,1.110584552796753
jede1239,aust1305,2.3735208170849065,0.993170581928283
jeha1242,aust1305,0.5640144401734188,0.9356526513697888
jiba1237,atla1278,3.0003946279667355,0.6710279712301386
jina1244,afro1255,1.2234755991832138,0.5470199936389051
djin1251,mirn1241,-2.3089611944589734,1.499969728546973
jita1239,atla1278,1.6105443657004046,0.7865665510980895
jjuu1238,atla1278,2.340761472300416,0.7315785222206523
juan1238,aust1305,-3.59012962721718,1.6615181550177702
juku1254,atla1278,3.3238836339991176,0.6282258900969842
jurm1239,cent2225,3.4210829672859013,1.1256208207113425
kaba1281,cent2225,1.5685796092819544,1.0790223494794309
kaba1278,abkh1242,-2.715427238696099,2.383041645547069
kaby1243,afro1255,1.4782555790452752,1.7853130240027113
kach1284,gong1255,-1.6944030874985576,0.6335286673899372
kada1242,drav1251,-4.395158309655525,2.376832641000305
cent2100,aust1307,1.115021866495363,0.6418445604631211
kado1242,sino1245,0.1810991276597673,0.5855298923433336
kafa1242,gong1255,-0.8142199669622914,0.6038505428650627
kaga1256,aust1307,-1.5731707023275403,0.8676850764045847
kagu1239,atla1278,1.5155377848430684,0.6819756631686866
kaik1246,sino1245,-4.415579131514577,1.5325865966484231
kaki1249,kaki1249,-0.4111436626310759,0.8402929627002851
kala1399,eski1264,0.5730076596602536,2.1344941127963657
kamm1249,atla1278,3.066727809972198,0.6818907763707642
kama1370,nucl1709,-1.1422477804982938,0.4189977831226068
kamb1316,afro1255,-1.6694468778148728,0.6803305888724784
kamb1297,atla1278,2.100949473229901,0.9236688523406932
kamb1299,aust1307,0.5712750885158997,0.8088075634816225
kamu1260,kamu1264,0.7229227464293266,0.8829795951682771
kana1286,aust1307,0.7134489047426649,0.628898900751099
kani1286,nucl1709,-1.2999716043538427,0.4272968679107727
nucl1305,drav1251,-4.543820003327006,2.447434517261643
bidy1244,atla1278,1.607239969373925,0.9315001163530736
kapi1249,aust1307,-0.1499989447637197,1.0781060137378704
kaqc1270,maya1287,-1.1474578050066495,0.715451691379057
kara1482,cent2225,2.554184727655694,1.2959258343469229
kara1476,pama1250,-0.9513114342107198,1.1938262487889275
kara1500,nucl1710,-2.622986545341961,1.4290163536466969
kara1487,aust1307,-2.0266986363201447,0.5184737443629501
kara1486,aust1307,1.1368937035322233,0.5536871682867401
kare1338,atla1278,1.81594224400708,0.8775869929564615
kare1335,ural1272,-4.271614168245755,3.0805845603283237
kari1306,atla1278,3.1785703077113827,0.9213836079440728
kari1311,tupi1275,-0.6427193621063616,1.181628835661069
kark1258,pauw1244,-1.330385722200328,0.9031159153998916
karn1252,aust1307,1.8994307931991008,0.5024116894049442
karo1304,karo1304,-1.6285739258443273,1.9907630171756103
kash1277,indo1319,-4.507980360604988,2.857020619576514
kask1239,atha1245,-1.1855548294803784,1.8686736001982176
newa1246,sino1245,-4.221296449508357,1.0561344021747616
kats1235,sino1245,1.0969346033535787,0.6216297991853166
kana1291,katu1274,-2.196057178741388,1.728101753948133
kaur1271,kaur1274,0.892561028699987,0.9410366894783716
kava1241,aust1307,-0.5876268958772553,0.7680012985640059
kaya1315,sino1245,0.9437834086718992,0.6761484368995738
keap1239,aust1307,-0.4179937257579451,0.521423909799485
keda1252,aust1307,1.4950422320914418,0.6368608595200325
kera1248,atla1278,1.4867566304990256,0.9075147500140268
keig1242,kadu1256,1.2383573514512007,1.2810980528061529
kele1255,atla1278,1.6291108497130318,0.8916470955669684
kele1258,aust1307,1.49844450734297,0.6610498018928013
kele1259,aust1307,-2.0008781926077277,0.5067954488128432
keme1240,atla1278,3.3375036668949347,0.5969903383528807
keng1240,cent2225,1.9806185429504848,1.1167767882148594
kens1248,aust1305,1.9392619817566652,1.0002350150051438
kenu1236,nubi1251,-0.4865000470954377,1.6699348275384915
keoo1238,aust1307,0.9543975957884824,0.6877239436131459
kera1255,afro1255,2.1734290572961825,0.6341544995749926
keri1250,aust1307,2.1594882038404406,1.516206487725547
kesa1244,nucl1709,0.6438598972385685,0.4096088196461362
kett1243,yeni1252,-3.6162998012119023,3.4666721625453745
kgal1244,atla1278,2.101659887183477,1.3514348934731952
khak1248,turk1311,-3.4974527467634933,3.1364482366351982
khal1275,sino1245,-3.498940321267264,0.8546159091435634
kham1282,sino1245,-0.2014393549549904,1.1675858130633898
khan1278,atla1278,1.3282337640563893,0.7134232866026702
khan1274,aust1305,1.8317206115687408,0.7667761974849445
khar1288,sino1245,-1.388457687532873,0.381760859543264
khar1287,aust1305,-3.742746763700976,1.6691434874354174
khas1269,aust1305,-0.5788506919145213,0.7053703947972121
khez1235,sino1245,0.6302140920024621,0.3783271445729692
khin1240,nakh1245,-4.724831393961543,2.302225795835136
khmu1256,aust1305,1.8711942142704832,0.7224453844441019
guan1266,sino1245,-2.4421980262137315,0.7309921024956809
khum1248,sino1245,-1.1730072929096296,0.5687476009817134
khva1239,nakh1245,-4.741881336023816,2.149849210864617
kich1262,maya1287,-1.1419672142491404,0.6928381828881447
kiku1240,atla1278,2.469840534989076,0.8942943927100453
kile1243,tung1282,-3.804748934016299,3.086526930200704
kili1267,aust1307,0.6904939362855582,0.5695917026106905
kimm1246,atla1278,2.9522399750047903,0.7958159005188334
kimm1245,hmon1336,-0.0539045620882796,0.8018270135578298
kinn1249,sino1245,-4.409217697856423,2.3194096597612086
kiow1266,kiow1265,-1.0483454388900604,1.6362214337784495
kips1239,nilo1247,2.0935787394935343,0.9372362541821544
miju1243,sino1245,-2.168725316526346,0.6904375440994146
koda1255,drav1251,-4.467834952473131,2.42571259233598
koho1244,aust1305,2.4255836015866805,1.0298916626456398
koir1240,sino1245,0.5060425658800973,0.3772978381959122
koit1244,koia1260,0.3628500959135141,0.6582179068222134
koka1244,pama1250,-0.0281282522412502,1.2433403519891693
koko1269,aust1307,1.89242402366169,0.5890207767193596
kola1285,aust1307,1.3776739559461395,0.9141009903586106
kolb1240,atla1278,3.1567096579830003,0.8110667461631
kolc1235,atla1278,1.1747380941212993,0.804042956878217
kolu1245,aust1307,0.0886704634228567,0.4144723969310755
komb1274,nucl1709,0.563598453926907,0.682343108453682
komc1235,atla1278,3.280630702738073,0.5716028330509468
komi1270,sino1245,0.7438526170035149,0.4244697871036775
komi1269,ural1272,-4.208234378191319,3.321376213991809
komi1268,ural1272,-4.070121432970906,3.4177375864725503
komo1260,atla1278,1.5761317472153085,0.94068398557161
kona1242,east2433,1.16875909588998,0.9112423741097526
konk1267,indo1319,-4.824295306673829,2.815342824204968
kons1243,afro1255,0.9546748237720843,0.6123669562028473
kony1248,sino1245,-1.709119162179057,0.5026277424610672
konz1239,atla1278,1.9658399557116384,0.7876924300746126
koor1239,gong1255,0.3351320139431761,0.6220793378165927
kore1280,kore1284,-3.4079694087477264,3.173670165438889
kore1283,tuca1253,-2.4651185422417234,1.6150462872783256
kork1243,aust1305,-3.873959356889639,2.3328445901352906
koro1298,atla1278,1.491208637391492,0.7632085831780033
korr1238,drav1251,-4.490058469377734,2.502356732720638
kosa1249,nucl1709,0.9365210198058398,0.6584660751555687
kosr1238,aust1307,0.4360886957434315,1.3300372444184467
kota1263,drav1251,-4.427236614513056,2.35137877876691
koti1238,atla1278,0.6079029216222236,1.0384078218251125
guan1269,tuca1253,-4.314954707769335,1.3786362926480162
kova1243,nucl1709,-0.1372022399578853,0.5844123501606768
kove1237,aust1307,1.5114768575256077,0.5414549282045682
koya1251,drav1251,-4.730190545576271,2.234672781569488
koyr1242,song1307,1.831647966060884,1.407423831470492
koyr1240,song1307,1.5846745752824378,1.2096944669712064
koys1242,afro1255,-2.8468034563461657,1.8277055072971848
kren1239,nucl1710,-0.0840570349704268,1.4078361502282752
gbay1288,kres1240,1.458205406247897,1.1977469289970193
kryt1240,nakh1245,-4.738727705255784,2.3209572124164635
puoc1238,aust1305,1.95330066040676,0.8127144234273191
kuan1248,aust1307,-0.8068304743276764,0.4850643790656423
kuan1247,atla1278,1.9094556329008008,1.64296164142113
kuii1252,drav1251,-4.711557678097897,2.0311629699500755
kuik1246,cari1283,-2.364143363294524,1.3810899266017551
kuku1280,pama1250,0.6529249311531886,0.9370776833312218
kuku1273,pama1250,-0.5950457031731881,0.8684592488987462
fait1240,nucl1709,-1.090970508275003,0.3987876052293906
kulu1253,sino1245,-3.548252741895736,0.8488422039138883
kuma1280,nucl1709,0.4717645877758236,0.4014193023536005
kumb1268,pama1250,-1.4420535136525436,1.917392869479908
kumz1235,indo1319,-2.862217276740702,2.810008877362712
kuna1268,kuna1268,-0.1173474609269533,1.1676957391051608
kunb1251,gunw1250,-2.666058588393984,1.33865490827252
kuni1267,kuni1270,0.9563881593084638,0.6744488535415032
kunj1245,pama1250,0.2161176464634036,0.9318367473947008
kuot1243,kuot1243,0.080780023765431,0.8870863123183081
kusa1251,aust1307,2.041574033889328,0.6150428408293553
kusu1250,kusu1250,-4.452082328110112,2.1570953374781374
kute1248,atla1278,1.6095070516221552,0.6008246082070849
kuvi1243,drav1251,-4.764602871052546,2.045201645481251
kuyy1240,aust1305,2.526151792997586,0.947275154124466
kwai1243,aust1307,2.1332259412692443,0.59586752717314
kwam1252,aust1307,2.3899126591925905,0.8015207303095759
kwar1239,aust1307,2.1949448007514727,0.5841920698462655
kwaz1243,kwaz1243,-2.7869170706142032,1.5279532654728354
kweg1241,surm1244,2.0947019045032658,0.954569243021882
nucl1595,kwer1242,1.4230332664632843,0.9807909309684426
kwin1241,worr1236,-0.5410212873245102,1.2058448520073348
kwom1262,sepi1257,-1.1204433551798347,0.7778734226192903
nucl1593,kwom1263,-1.3718289936381125,0.8961037439090558
kxoe1243,khoe1240,-1.254839704721347,1.184747310396724
kyer1238,sino1245,-2.411250559385252,1.061976360980987
cori1240,atla1278,2.240041117388795,0.7017883076481448
laal1242,laal1242,2.3171063610473714,1.3283987827822794
labe1239,aust1307,-0.3973486455254891,0.5202698775614074
labu1248,aust1307,1.700810770093225,0.4156860576497596
labu1249,aust1307,1.0622830490250792,0.7602388494539731
lach1248,taik1256,1.3263758657178544,0.9350751284541928
lagw1237,afro1255,1.3519069593925277,0.5717340628710623
zaye1235,sino1245,0.7754782750289886,0.6803383160053764
lahu1252,sino1245,-1.1651008989589728,0.5438853049805106
lakk1252,nakh1245,-4.735687587182943,2.2091477023453203
lala1268,aust1307,0.4411896756134243,0.4724132881705456
lala1264,atla1278,0.0596333921835114,0.9023207819228478
lama1277,aust1307,1.3744396864163204,0.6403511546872753
lama1288,afro1255,-0.4663719929199161,0.4299437263330441
lamb1269,indo1319,-4.818718258432602,2.565048598817362
lamb1273,aust1307,-1.583506373399023,0.925692377660452
lamb1272,atla1278,1.2389246628787984,0.7412540833512642
lame1260,aust1307,1.0680451097005084,0.4449897708894141
hela1238,sino1245,-2.4078703153450647,1.0039716450393836
lamo1244,aust1307,1.6113532695249382,0.5237809506922133
land1256,atla1278,1.284308854246901,0.8066416876790083
lang1320,atla1278,0.7783263783066832,0.5496577112510224
lang1324,nilo1247,2.648127207160707,1.1000082510328184
lara1258,lara1258,-0.5843520698612235,1.0475094862137977
lash1243,sino1245,-0.629038503024915,0.5425069930357651
teke1275,atla1278,3.0400643464965205,1.2978242013875656
latv1249,indo1319,-4.477359676553515,2.7555271054679435
lauu1247,aust1307,2.3136029479841405,0.6163278123141174
lave1248,aust1305,2.263961503733114,0.8055381310388472
lavu1241,lavu1241,1.5023260111875434,1.048813275491752
lazz1240,kart1248,-4.3516790969119965,2.546475121683585
lega1250,atla1278,-0.123432490217232,0.8078808446214554
lega1249,atla1278,-0.1314686332495033,0.8502566697130018
lele1276,afro1255,2.4751621715351417,0.7902398212716788
lele1267,aust1307,2.242123196302137,0.6181673468080513
lele1270,aust1307,1.6520891969017455,0.6678156792702339
lemb1266,nucl1709,0.576202197781182,0.464331916358577
leme1238,aust1307,2.610042241601741,0.7070612349479708
lena1238,aust1307,2.4003759582397333,0.7712682387311682
lend1245,cent2225,0.3922941438290226,0.7802191755015353
leng1259,aust1307,2.037295266718381,0.5879807816913125
lepc1244,sino1245,-1.093753759780555,0.7651675199883279
lese1243,cent2225,2.0974221238016986,0.8814925073881534
leti1246,aust1307,1.789542676370136,0.7526000863728299
lewo1242,aust1307,1.0332184219384422,0.4837401368582794
lewo1244,aust1307,1.3459782911196978,0.6452939033196436
lezg1247,nakh1245,-4.7456297376119405,2.2824737198011107
libi1244,atla1278,3.302203553858977,0.8707201245990204
liby1240,afro1255,0.0840984598246274,1.360514876891865
lihi1237,aust1307,0.7149037913312168,0.5454273715021003
liji1238,atla1278,1.0314348843061554,0.6530298628515716
lika1243,atla1278,2.5955665999613227,0.8071830124533261
lill1248,sali1255,-2.652154294761713,1.5853708143596874
nucl1327,limi1242,-0.7980134861324939,1.0830078426996788
limo1248,aust1307,-1.6939378584916218,0.5189030510781363
lipo1242,sino1245,1.2927443849901876,0.5800282494572615
lish1245,afro1255,-4.603777523409942,1.8240795542353851
lisu1250,sino1245,1.1835674593080174,0.5295695053865659
lith1251,indo1319,-4.493817064924904,2.719182691424395
lito1235,atla1278,3.448092887170751,0.8458555350323667
livv1243,ural1272,-4.270841361187928,2.9087919680070087
loba1239,atla1278,3.3225298978268123,0.8921299341691724
logo1259,cent2225,2.848016585914452,0.9130460800143084
balo1261,atla1278,3.2167589743999647,0.9660408900992556
loka1252,atla1278,3.038925650510182,0.7049137222387074
araw1276,araw1281,-2.8911408623669512,1.8265505059597564
lolo1259,sino1245,1.18929031978514,0.5801770136535547
lomb1257,indo1319,-3.505189155387909,1.9766519056959857
chiq1248,chiq1253,-3.4930333369879314,1.8492010673336543
acha1249,sino1245,0.1808261260182413,0.5628243992660344
long1395,aust1307,1.9958393536534684,0.615155552897046
loni1238,aust1307,1.6745735175953036,0.6657847009964684
lonw1238,aust1307,2.622617245360172,0.4305345279083967
lote1237,aust1307,1.3549938147018894,0.5950013702861261
loth1237,sino1245,0.3525988487570095,0.4173564882814009
louu1245,aust1307,0.0891467019404586,0.6261785280897154
vano1237,aust1307,2.121536402480253,0.7981232644536771
lowl1260,tequ1244,-1.2320594738836652,1.1260228942460797
lowl1265,utoa1244,-3.545545718262208,1.5571792609609538
lozi1239,atla1278,0.6299432800760636,0.8486895065004418
luan1263,aust1307,1.6717083300228115,0.7902196029749473
onto1237,aust1307,2.147111908101275,1.082859316045259
lubu1243,aust1307,0.1188517955784477,0.5005509743586947
luch1239,atla1278,0.7009119932311323,0.8415402827212097
ludi1246,ural1272,-4.291525890250869,3.0778355666869333
lugb1240,cent2225,2.612966136290128,0.9143535586952436
lugu1238,atla1278,0.0396048777372159,0.6751674817719175
lule1254,ural1272,-4.027329106115409,3.0469681757357376
lumb1249,atla1278,2.77344734979164,1.6416500334001896
lumu1239,narr1279,3.004053637256056,1.3471114540029832
lund1266,atla1278,-0.0255556063992332,1.0197539662707111
lund1271,aust1307,2.0805920525069204,0.8817108057599081
luok1236,nilo1247,1.4695406303628502,0.9303864142401213
luse1252,atla1278,3.1346998948070164,1.0436162402485007
lusi1240,aust1307,1.744071263398637,0.5263470865068349
luva1239,atla1278,0.4812716131883936,0.8682766311165593
luya1241,atla1278,0.8352382719507108,0.8717997044448689
maan1238,aust1307,1.201042706490246,1.2063815247696406
maas1239,atla1278,0.5068410105638486,0.5824741304583343
maba1270,atla1278,2.7766987300091808,0.898488463556482
maba1277,maba1274,1.2787358565309823,1.2790714840930215
mace1250,indo1319,-4.37961930793324,2.155341385381512
maco1239,sali1297,-2.043193360969576,1.525195233072422
macu1260,tuca1253,-2.599153693897133,1.3745329015086112
macu1259,cari1283,-2.96733657656195,1.3555275549643886
mada1285,aust1307,0.6483447971653358,0.4791634804763598
madi1260,cent2225,2.949647851105504,1.0342628884485143
jama1261,araw1282,-1.6669404973332689,1.5561015386666437
madn1237,east2374,-0.3866369726135297,0.9657888276267528
mafe1237,aust1307,2.583200002839347,0.4886597859437271
maga1260,indo1319,-4.634785815408618,1.698002918734903
maia1254,nucl1709,1.1718455391180609,0.4782862053187973
mail1248,mail1249,-0.97274383832551,0.9527845561826718
mais1250,aust1307,-1.3934813672064674,0.4890691223881722
mait1250,indo1319,-4.380153086311598,1.4514357189369185
maja1242,surm1244,2.162303485280499,0.9966248601432928
maka1304,atla1278,3.1025855174314976,0.8284747330902746
makc1235,taik1256,1.5296157350704522,1.0881733038682435
makh1264,atla1278,0.3268685267282092,0.888292103530858
makh1266,atla1278,0.6551815868809596,0.8644774280340775
mako1251,atla1278,1.034526967726229,0.8237291105582232
maku1277,aust1307,1.838175070806415,0.738730303342706
makw1236,atla1278,1.1348156118699055,0.8619114266780095
mala1463,drav1251,-4.170265268641071,2.6554993424501667
mala1534,aust1307,-1.6674142853470173,0.5405877927534197
mala1464,drav1251,-4.249958182437451,2.5681015815869017
mala1522,chib1249,-0.8150295436016104,0.8132400047817048
male1284,gong1255,-0.9085161041220982,0.5380099679239922
male1297,chib1249,-0.4408567405536955,0.8916015890997686
male1289,aust1307,1.9218949571053647,0.5294497955689454
malg1251,afro1255,1.2098328240859693,0.5384563551239703
mali1285,otom1299,1.2113423269032113,0.6243673384140278
malt1254,afro1255,-1.5794135449857911,1.830892518216483
malu1245,aust1307,2.4761293195982983,0.4595721196906916
mamm1241,maya1287,-0.9605263774895878,0.627571696064523
sauk1252,nucl1709,1.502351983179825,0.4740797082206693
mama1275,aust1307,-1.7240530712219837,0.8486026629395544
mamb1306,aust1307,1.3808902800725409,0.7621364780469837
mamb1294,atla1278,2.866363741615263,0.6905840602500195
mamb1296,atla1278,1.0038842127627814,0.826336442231725
mamv1243,cent2225,2.5670492720553444,0.8983082068800772
mana1295,aust1307,1.5289512070950662,0.5287172260338631
mana1298,nduu1242,-1.5055797096290198,0.7550048217011627
mana1288,sino1245,-2.591365749954845,1.313658852428202
payn1244,nucl1709,0.8253988703478745,0.4148238414093761
mand1423,atla1278,0.9126922539330662,0.6894958880911002
mand1440,aust1307,-1.0408553585262283,0.550083528132121
mand1415,sino1245,-3.226979642039693,2.7578411335418656
mand1436,mand1469,-0.0164220295835328,0.9730862073747182
mang1378,aust1305,1.4288581398266165,0.630357102648083
rapa1245,aust1307,-1.2975605455413262,2.064789238154237
mang1401,aust1307,-1.2662552942105545,2.115055042170947
penr1237,aust1307,-2.1895742272506693,2.2751501683620106
mang1381,mang1423,-2.5371273395927783,1.4453748707364389
mang1394,cent2225,2.4321052632596376,0.9928835988698456
mang1404,aust1307,1.4422121624486772,0.4009873060399984
mang1405,aust1307,0.3756335916003865,0.7258544400426459
mang1403,aust1307,1.2493682098682275,0.5658783513314516
tong1308,aust1305,2.153769199443269,1.1004466073361456
manm1238,aust1305,0.9754601982906634,0.5824166900092571
mann1248,mand1469,1.6060649012403805,1.032754621210667
mans1262,aust1307,0.1864707667235491,0.7586885716110752
mans1260,hata1242,1.6865142146927117,1.1979613241923168
manu1258,aust1307,1.8501049986935256,0.8066479111793114
maor1246,aust1307,-0.53325801050083,1.9335738959162567
mapo1242,aust1307,1.577868575396456,0.4020200235369611
mapu1245,arau1255,-2.7380348742502174,3.112855094982053
mara1382,sino1245,-2.939551464095604,0.6608226414223415
mara1399,aust1307,2.56449972376904,0.4459027509438931
mara1379,sino1245,0.3418786686456476,0.3746083758820182
mara1386,west2434,0.7793395956805282,0.7626263922340315
mara1396,tama1329,-0.011061498699061,1.0178447305373957
mara1378,indo1319,-4.902546348230292,2.580149612058336
marg1265,afro1255,1.7165280566687424,0.5137287837017288
mari1414,drav1251,-4.846041825388765,2.299256450992225
mari1440,coch1271,0.2858752340711774,1.2273243779455425
mari1428,aust1307,1.3726468585091882,0.4581220472798026
nucl1622,anim1240,-1.5793197234235183,1.2374213662226663
mari1424,west2434,0.6079392733853697,0.8047290860099388
maro1244,aust1307,2.0183725890381266,0.6212733384879936
mars1254,aust1307,1.8728693592768584,1.9857964622794104
mart1255,pama1250,-2.906868175735436,1.7963552398779008
maru1249,sino1245,-0.6189217338423791,0.5715872861732381
masa1322,afro1255,0.3930095972297946,0.6162256233594503
masb1238,aust1307,-1.3515731748847282,0.7573886575593227
mask1242,aust1307,1.0033714085001129,0.4294386797802971
matb1237,aust1307,2.004297984798018,0.8755177200926942
kemb1249,aust1307,2.2697131077833013,1.3330832430273358
mati1250,aust1307,-1.603727039945659,0.6693515910690833
mato1252,aust1307,1.9449734491964183,0.4714947371813771
mats1244,pano1259,-2.97396043496022,1.6170072901284267
matu1261,aust1307,1.6839831194422987,0.4839160244368878
matu1259,atla1278,1.4061141140540627,0.8165748665439545
maun1240,iwai1246,-2.460957414947332,1.4184570951329318
maxa1247,nucl1710,-0.5752340414251282,1.401143328405639
maya1285,misu1242,-1.5333383444736135,1.2266154019954794
maib1239,mayb1237,1.6509397104398786,1.1824343577755592
mayo1264,utoa1244,-3.4308607331970293,1.67627128245522
mayo1261,atla1278,1.0780450375414667,0.7419554832195683
maza1304,afro1255,1.9856469559803047,0.5160821944878391
mbaa1245,atla1278,0.440837836256589,0.8365615566522537
mban1263,atla1278,1.8824678491518376,0.8089618545224462
mbar1260,afro1255,1.6203441197923991,0.6227940587158454
mbay1241,cent2225,3.2044991233527105,1.0634647085525977
mboc1235,atla1278,0.896606811263096,0.5000488725044159
mbol1247,atla1278,1.5802990911315065,0.9635487996579432
mbug1242,atla1278,0.7335149011527067,0.6069874823868995
mbul1263,aust1307,1.97289626415688,0.513910959842808
mbya1239,tupi1275,-0.9013751133952892,1.4487865657022023
meen1242,surm1244,2.043929414161877,0.9370832082884464
mehe1243,sepi1257,0.772469078563017,0.7633839999731769
saki1248,tupi1275,-1.522704131406304,1.0441859979943655
meke1243,aust1307,0.6755853463601307,0.4318990274001582
mele1250,aust1307,2.345673560389793,0.6299143834808953
melo1242,gong1255,-0.9443201410901992,0.5226819414692718
melp1238,nucl1709,0.595938997414021,0.4176475988352521
mend1266,mand1469,1.4060087455601518,1.0388617705576966
mere1242,aust1307,0.7906717983012075,0.53197257899894
meta1238,atla1278,1.3920835720862952,0.5494539988159222
mezo1235,otom1299,1.253319945693315,0.5693222994934768
mezq1235,otom1299,-0.8878278889859501,0.8518670687942991
mich1245,utoa1244,-3.013994402621429,1.669745379886585
midd1327,aust1307,1.2764584335345104,0.4272602168487633
mids1243,atla1278,1.9073344344424117,0.8855015629590355
mikm1235,algi1248,-2.9923743483105887,3.1763307183670326
mila1245,sino1245,-2.144573832462649,0.652364412915122
mina1276,afro1255,1.8747585756527672,0.4806863781398007
mina1268,aust1307,2.375435316325437,1.5292860965640336
mini1256,huit1251,-4.302810986538433,1.8096661074714069
mini1251,aust1307,0.8931348046549163,0.4914818281591566
minn1241,sino1245,-2.8940993092983183,1.5267213920554017
misi1243,aust1307,0.6889079050085727,0.7466179395936443
misk1235,misu1242,-1.5487103343935456,1.328503014234426
mixt1426,otom1299,1.6914727816076982,0.6349698660231038
miya1266,afro1255,-0.6809274667330292,0.6238408171375323
miya1259,japo1237,-2.870694522304356,1.8728561400074024
lush1249,sino1245,-1.2984883853383549,0.6106229527446434
mlab1235,aust1305,2.103600994677848,0.8743501339281834
moba1244,atla1278,1.7038592486352822,0.8371685851662853
moch1257,maya1287,-0.6491513825985444,0.5758090023176496
moco1246,guai1249,-2.949153443999982,2.26687783901161
mode1248,indo1319,-4.174667193064522,2.3788406573897523
hebr1245,afro1255,-0.8974543307685487,1.279803843493606
moii1235,west1493,1.7744441112373144,1.2472437127941056
moke1242,aust1307,1.6279409237633766,1.2856467588787384
moki1238,aust1307,1.9613651601734612,1.3558429282806683
mokl1243,aust1307,1.6568644617394543,1.1987419086872269
mokp1239,atla1278,2.346929906694027,0.6417193404483434
moks1248,ural1272,-4.482592307604339,3.1012479417638588
fass1245,baib1250,0.8082037498998595,0.8737195104927284
mong1338,atla1278,2.3441657691840447,1.140428937083017
mono1273,aust1307,-0.1775932343141892,0.6581555060172883
mono1270,atla1278,1.9252433395275697,0.803805145703572
mono1275,utoa1244,-3.848058174959181,1.9264748460669476
mont1268,algi1248,-3.0754374837586846,3.0912540590788256
nucl1458,monu1249,1.203220268711272,0.8649905020883977
monz1249,atla1278,1.7543429977765594,0.8062460654744461
mopa1243,maya1287,-1.309068877100487,0.9188159878133324
more1259,utoa1244,-0.503844534450541,0.8115316904917318
mori1269,aust1307,2.034023802632669,0.7866166843457023
morm1235,aust1307,1.1525119231053569,0.7178721685166387
moro1285,heib1242,3.093815805513985,1.3361307005800889
moro1287,aust1307,-0.7895158154334825,0.7861870927938384
mort1237,aust1307,0.998226676246004,1.1553158772854557
mose1249,mose1249,-4.167321553530531,1.9388043103516532
temb1272,atla1278,3.1335976293569394,0.9010566861761796
motu1246,aust1307,-0.152257706561397,0.4814642668873308
mouk1239,aust1307,1.725897580408656,0.5163656223390731
moun1252,koia1260,0.6150733520553102,0.6006637789483946
movi1243,movi1243,-3.8288919973095417,1.6468589938266889
tang1347,aust1307,2.3178974348314374,0.5149892119478787
moyo1238,sino1245,-1.179737094121332,0.4348505566641485
mpad1242,afro1255,1.3625578508226233,0.6796747776900611
mpii1239,sino1245,1.2349162120132535,0.8898571986149624
mpot1240,atla1278,1.0930326472234084,0.7856083822530282
mpur1239,mpur1239,1.705377752427622,1.2025027847978411
mual1241,aust1307,2.163354356628524,1.318789285883736
mudu1242,aust1307,1.6609371546092375,0.6185605383076256
mudu1239,drav1251,-4.394868804627763,2.389157918544746
mull1237,nort1547,0.1668569001652734,0.9499995922057698
nucl1240,atla1278,1.311844766367841,0.6549760884461691
munc1235,sino1245,-2.32041021369944,0.8548428276255127
mund1328,atla1278,3.3506388626364085,0.5866490433622085
mund1325,atla1278,2.770060517372529,0.6878583076267111
mund1320,aust1305,-3.551170907920498,1.536172577706861
mund1326,atla1278,1.6404457260926923,0.8617906871587548
mund1330,tupi1275,-1.3813187740188742,1.4090912365375363
abar1238,atla1278,3.344728426663837,0.585124447076792
murl1244,surm1244,2.7652058866044142,1.168184605747396
muru1274,huit1251,-4.249292808721725,1.8314958170826376
muru1266,pama1250,-3.160641653212626,1.9529988378602117
musg1254,afro1255,1.4014794725938415,0.5574934313127384
muso1238,aust1307,1.806149686284949,0.4266719445390343
muyu1244,aust1307,1.0279238213984043,0.7284427613213786
mwag1236,afro1255,1.4464988249232142,0.590177626781232
mwan1250,mand1469,0.7226112525910358,0.7030932793671978
mwan1247,atla1278,0.4543211460041696,0.927497320768638
mwer1248,atla1278,0.9859609935629224,0.811108685186793
motl1237,aust1307,2.62173752929341,0.736576706040144
nade1244,nada1235,-1.014145169698851,1.3343996325235827
sout2857,aust1307,2.654104445680315,0.4748247851322205
naka1262,aust1307,1.3451551849454306,0.5847976993352173
nali1244,aust1307,1.0016773839733497,0.522640926740678
nalo1235,aust1307,1.2458900538299855,0.7634851644962968
nama1268,aust1307,2.716274368535159,0.564948325386383
litz1237,aust1307,2.619818070307095,0.4358597342093739
nama1264,khoe1240,-0.7329242129001776,1.6471515896868905
namb1293,more1255,-2.0732178082258845,1.033835133972561
namu1246,sino1245,-1.7940890366891074,0.6245105163153797
nana1257,tung1282,-3.794109786749174,3.006416730219236
nand1266,nilo1247,2.591064172689149,0.8802971174692282
nang1262,aust1307,1.3095962085327115,0.7608662439199514
nant1250,araw1281,-4.460532695350677,1.975660088346268
nara1262,nara1262,0.4075723034922558,1.1969418923229265
naro1251,aust1307,2.3132808858304017,1.0179018395996766
yong1270,sino1245,0.608528177541968,0.5429834483921567
naru1238,pama1250,-2.592294435133315,2.062008654415729
naue1237,aust1307,1.788622983862883,0.756560042822537
naur1243,aust1307,0.8412658647871647,1.5082292660273455
nava1243,atha1245,-3.218493647079241,1.760778145542078
nawu1242,atla1278,2.394556250910254,0.8742459572429286
naxi1245,sino1245,0.958785562509088,0.5392815377368194
ndam1239,atla1278,1.4861782042557865,0.7269194335801092
nden1248,atla1278,1.5568836280218483,0.8124629851439149
ndob1238,atla1278,3.2449712890251607,0.9194717336592522
ndog1248,atla1278,1.9798205501280048,1.0047285985797298
ndun1249,atla1278,2.6037081404295748,0.8853275022029292
negi1245,tung1282,-3.8074781081889233,3.096028825109972
neha1247,aust1307,-0.3030724452769977,0.6227931771506086
kuma1276,aust1307,1.6289716673410402,0.7710001647160989
nenn1238,more1255,-2.0247040412330004,1.018452114486411
nend1239,nucl1709,0.9274400104528152,0.4072684819322019
neng1238,aust1307,0.5600509609411168,0.866455082275833
nucl1706,afro1255,-2.97787380977779,2.1528197819294057
nepa1254,indo1319,-4.523389607991314,1.5220946151154813
nese1235,aust1307,2.534218279168718,0.4588918228974439
vinm1237,aust1307,2.631775601490915,0.4450593526881032
ling1265,aust1307,2.660544929088415,0.432248429144626
nezp1238,saha1239,-3.4637468186467397,2.2188160402497
ngaa1240,pama1250,0.2965734481518094,1.3837658991617006
ngab1239,chib1249,0.0496160249268714,0.7724734342096813
ngal1292,gunw1250,-2.679940539542982,1.3812374572207768
ngam1268,cent2225,3.155318708083127,1.0135367802055817
ngan1291,ural1272,-3.755737556073111,3.466773404896433
ngar1235,pama1250,-2.0540449761950974,1.047740450062979
ngar1284,worr1236,0.7468891611959072,1.2299745456384743
ngar1283,mirn1241,-2.2138641614073844,1.5564029715000487
ngas1240,afro1255,1.7968824624244482,0.5762403247095804
ngba1284,atla1278,1.745829415036364,0.8497528292864067
ngba1285,atla1278,3.48662726691132,0.8341482439760499
ngit1239,cent2225,0.1052545196505985,0.7751754642338775
ngom1268,atla1278,2.93518099138012,0.9362368692123684
nhan1238,pama1250,-2.2212586299141184,1.894887351802914
nhen1239,tupi1275,-3.965204488579227,1.4561537430441671
niha1238,niha1238,-4.647904289348356,2.8586958756690697
nila1242,atla1278,0.4890812426840694,0.6433360536327255
nucl1633,nimb1257,0.1936428593054905,0.9403617562264196
nina1238,yano1268,-3.606645905721547,1.6054935501551464
labo1244,aust1307,2.750290100376322,0.4607300072398894
nisg1240,tsim1258,-0.7832395908613246,1.4890146020507695
niua1240,aust1307,1.758252013138668,1.471532799527277
niue1239,aust1307,1.1761682736791153,1.577307371450198
niva1238,mata1289,-3.501587585222608,2.184816292765493
njan1240,atla1278,3.3546521598867054,0.692362896179695
nkon1248,atla1278,2.8472223848538434,0.8749352041260914
noct1238,sino1245,-0.2789277929421145,0.5326144004987707
noku1237,aust1307,2.475710679686095,0.6579329724915413
noma1260,atla1278,1.3144250071930943,0.5778034514912989
noon1242,atla1278,1.2035881118549625,1.108742289885261
noon1243,atla1278,3.331150120283647,0.5874187962325195
nopa1235,otom1299,1.8460971450497852,0.5773866059517347
nort2839,aust1307,2.740317019592535,0.4410310146130038
nort2697,turk1311,-4.63161262371503,2.35559679692369
darg1241,nakh1245,-4.743422563628767,2.271327054192109
nort2930,kiwa1251,-1.8373959489685407,0.9515046478468604
nort2724,sino1245,-0.4241634624244188,0.527082244102373
nort2972,choc1280,-2.1068443732290527,1.305392316611132
nort2702,drav1251,-4.7345148403894495,2.1950253419699326
gumu1244,gumu1250,0.3235524818423112,1.0150262032341997
nort2938,haid1248,-0.8141838131245978,1.323506457238997
sing1264,sino1245,-1.9105519147834056,0.5791065602910699
nort2684,aust1305,2.635097750210198,1.0284581498318284
lush1252,sali1255,-2.805365447268789,1.5891232229542758
nort2774,atla1278,1.4743903268929754,0.7751888905747508
nort2954,utoa1244,-4.046803757915698,1.984567817006127
nort2957,utoa1244,-2.783866151803644,0.8522630143679568
nort2723,sino1245,-0.147179155968081,0.5950353715204963
nort2747,hmon1336,0.2297128281302867,1.0573364111967058
nort2722,sino1245,-0.1816381999949792,0.729042508028038
nort2994,aust1307,1.6387254938545093,1.0055354653654454
nort2885,aust1307,-0.7295090634154551,0.7413916142973473
tosk1239,indo1319,-2.563036303561404,2.036586304763336
nort2732,sino1245,-0.4126070247226627,1.228593990819565
nort2690,turk1311,-4.199953572876822,3.462252615925528
yoku1256,yoku1255,-3.0247715812857034,2.2292636868564784
nort2745,yuka1259,-3.4592865613671204,3.719223879738528
nort3047,afro1255,1.6893644629117892,0.4727896776817131
nort2980,quec1387,-4.375621414828609,2.297099436407926
nort3139,afro1255,-1.2927255037716618,1.281688434012208
nort2845,aust1307,-2.572343790053452,2.739729200223422
nort2671,ural1272,-4.032434059390682,3.1509159749759363
nort2942,atha1245,-3.0193175799647305,2.4980661200733727
nort2847,aust1307,2.331793994083837,0.7698524602412773
nort2699,drav1251,-4.844917051765126,2.4065789260313304
nort2961,algi1248,-3.1692683409063225,2.7451703449333
nort2775,atla1278,1.7990984249800688,0.928486627056984
yaki1237,saha1239,-1.6895751314592864,1.7864121184535322
nots1237,aust1307,-1.0331844856678352,0.4967767341306288
nsen1242,atla1278,0.8011572765787265,0.9948490007047176
nukn1238,nucl1709,1.64768689046864,0.4950929270856807
nuku1260,aust1307,0.8114234325776173,1.1172836717246757
nung1282,sino1245,0.8545628672309635,0.5606856691138224
nupe1254,atla1278,2.464652314158652,0.9091039166905844
nusu1239,sino1245,1.2491500287800892,0.5261178068809302
nyah1249,aust1305,2.104636947859621,0.7789426330301055
nyah1250,aust1305,2.2142989335819365,1.0808229402142424
nyak1260,atla1278,1.3379044808969969,0.6968118876917879
nyal1250,atla1278,2.5485438198960613,0.7706359684981017
nyam1285,afro1255,0.5708463479671235,0.5880997922388662
nyan1301,pama1250,-2.6757902547598382,1.4906803976886485
nyan1307,atla1278,1.7285823070171935,0.8390825232477197
nyat1246,atla1278,0.6990929755033728,0.6200585446709672
nyig1240,nyul1248,-2.277093468188252,1.6086036263890835
nyis1236,sino1245,-0.4244033193683845,0.5030970392170566
nyor1246,atla1278,2.2876484013321328,0.8051900081080627
nzad1234,atla1278,1.889589039296017,1.1575530037834292
nzak1246,atla1278,3.5397659663882903,0.8843664731007008
nzak1247,atla1278,1.6634366058392835,0.8311772962797206
obok1239,lake1255,1.268163493782807,1.0588590786406078
occi1239,indo1319,-3.09396104126406,1.8838911778441096
ocot1244,otom1299,1.524662178504972,0.5294143979902142
oriy1255,indo1319,-4.756971658052686,1.98142068862319
ofay1240,nucl1710,-1.162434528113369,1.4536718193089189
kalm1243,mong1349,-4.7181386709612,2.8577235605467246
okan1243,sali1255,-3.0989285303182594,1.8408072868919223
okin1246,japo1237,-3.2356083915533462,2.316742613767199
okoe1238,atla1278,2.653290984786197,0.7791117242658996
oksa1245,nucl1709,-0.5027757492153948,0.5406592479594403
okuu1243,atla1278,3.35110111815927,0.5860644491377318
oloo1241,nucl1708,0.8584123906095249,0.6205416075171764
olut1240,mixe1284,-1.818984653570108,1.0440947950169983
omah1247,siou1252,-0.837059539188273,1.6863914356705174
omie1241,koia1260,-1.0759528307234587,0.6087836713983759
bira1253,bira1253,0.085207519271528,0.8852591523955495
onon1246,iroq1247,-3.071825701671911,2.6645435952740124
orma1241,afro1255,1.374317240020762,1.0698373062372823
oroc1248,tung1282,-3.8226259885632032,3.0185771908989123
oroh1237,aust1307,1.9799013678024968,0.6712112811166211
orok1265,tung1282,-3.7421695691562142,3.214895093410159
orok1269,nucl1709,0.406164028672493,0.5473306430133897
orok1266,atla1278,0.874444098471308,0.5679269894595906
orok1267,nucl1580,-0.4985250057479258,0.7987652910195511
orow1242,aust1307,2.169419759791081,0.697920631568798
otor1240,heib1242,3.022899774371722,1.3520654300236057
otta1242,algi1248,-3.1513694844524283,2.5853030007281306
owaa1237,aust1307,-0.3550114159048112,0.7856402372951568
paaa1242,afro1255,-0.824494107952501,0.6473499603327486
darl1243,pama1250,-2.880677081147115,2.019733999157207
paam1238,aust1307,2.7738858794534056,0.4557980814466562
paas1238,atla1278,1.3631522481832308,0.652693135741484
paco1243,aust1305,1.98270391072994,0.89124735260223
pagi1243,atla1278,3.0800843094503647,0.851902995091335
pagu1249,nort2923,1.9936258997343344,1.0172036239510756
pahn1237,hmon1336,-0.0601782359228226,0.8279999225232406
pait1244,sino1245,-0.520514858614757,0.4379346604226288
pala1344,aust1307,-0.9677382706147952,1.287461312283908
pali1279,araw1281,-2.8461615670440463,2.2332308390616813
balu1257,aust1307,1.769280642577559,0.652834612314086
pamb1243,atla1278,0.8374190181612908,0.7147112893493448
pamo1252,aust1307,2.213425414246247,0.849935984691629
pamp1243,aust1307,-2.049211665637988,0.7626242898727553
pana1307,nucl1710,-1.0053654367497742,1.1816599760303492
enap1235,cari1283,-3.276981921987957,1.5843090654512526
pang1290,aust1307,-2.192596792369886,0.6682302116045422
pang1291,aust1307,0.0200913256800601,0.8154239964299772
pang1287,atla1278,-0.4708489403318978,0.6551609869379282
pano1254,pano1259,-2.996146122547777,1.5215198253482063
pany1241,pama1250,-2.5310215389671407,1.655517427312918
papa1238,toto1251,-2.3660870686618765,1.2105242670041645
papa1265,aust1307,-0.1613414575125866,0.5826854510688673
papa1268,aust1307,0.2852527029380178,0.7097726379341838
para1311,tupi1275,-0.7191963419047681,1.399272364384334
para1302,sino1245,0.4915920484340303,0.4769839003919456
para1316,araw1281,-2.293829116610027,1.3918378024190052
pare1272,araw1281,-1.3377990518819187,1.3387804794606213
pate1247,aust1307,-0.4211155558428392,0.4030080580285089
patp1243,aust1307,-0.8612212500815377,0.4877379024138024
patt1248,sino1245,-4.525538953870786,2.5044532276540825
paul1238,aust1307,1.5016229895753683,0.8391509903466385
pawa1255,pawa1255,-1.711248944941405,0.9066029521805344
pawn1254,cadd1255,-0.0586105107425144,1.512403946375846
pech1241,chib1249,-0.7052507261007289,1.196165009064468
peer1241,atla1278,3.292847277621965,0.7651104411134222
pela1242,sino1245,0.426463673245784,0.5474621916941409
pemo1248,cari1283,-1.368912762714859,1.2784564150521796
pend1242,aust1307,2.369536356642197,0.911117792359578
peng1244,drav1251,-4.688223645997478,2.0269004400140767
phom1236,sino1245,-1.616595130776321,0.4706811705966682
phon1246,aust1305,2.1009919066114118,0.8780547773611476
piap1246,araw1281,-2.0242458842934345,1.325064068332829
pich1237,araw1281,-4.455036442814402,2.00207630866412
pila1245,guai1249,-1.5761551556116162,1.777294368599526
pima1248,utoa1244,-3.459946355693308,1.5423216390020924
pina1252,piaw1238,-1.222468760413715,0.7600238526544993
ping1243,aust1307,2.0607982929979447,1.3629549861677068
pipi1250,utoa1244,-2.782031840004322,1.434510163697715
pite1240,ural1272,-4.03750453445608,3.012328388373009
plai1258,algi1248,-3.435345751250023,2.4186923477542317
pnar1238,aust1305,-2.2425889404091226,0.7278463782018454
pohn1238,aust1307,1.724236398109849,1.373396555767509
poko1263,nilo1247,0.9661104313651484,0.9108707388743622
poli1260,indo1319,-2.67296988755746,2.309687056536584
popt1235,maya1287,1.4331735016674587,0.5416462698483206
port1285,aust1307,2.749375212060211,0.4413915664223848
port1283,indo1319,-2.018496886672429,1.9182749544540387
phai1238,aust1305,2.066910705002805,0.8346205434311162
psik1239,afro1255,-0.2853131016816976,0.443350720386916
puin1248,puin1248,-3.848386259813248,1.659924977082357
puka1242,aust1307,0.6367810540774859,1.5796360403588774
pula1263,atla1278,0.1402785455026487,0.9199532832286308
pulu1242,aust1307,0.2553924397186113,1.123850254696121
puma1239,sino1245,-3.8192222156619535,0.8816884397993618
pume1238,pume1238,-1.7022824695698304,1.601747219528471
pura1257,pura1257,-1.9782055004714176,0.9556371718276786
pure1242,tara1323,-2.2455359379671425,1.6322627312892246
puri1258,sino1245,-4.2857974400777135,2.6136724651095014
qanj1241,maya1287,-0.3397100943438937,0.5657239416442152
qawa1238,kawe1237,0.3459074348858366,2.035811052820252
qima1242,afro1255,0.785784163868847,0.9169106728382364
quer1236,otom1299,-1.1716611885827453,0.9263882661161738
quio1240,otom1299,1.35227150669422,0.5450932093038237
rabh1238,sino1245,-1.5433890949728697,0.6471695318227804
rade1240,aust1307,1.6819611930669751,0.880881744260082
raji1240,sino1245,-4.529690431454049,1.8042905932164488
rama1270,chib1249,-0.2825912017737373,0.852239224136845
rapo1238,nort2933,-0.1888371069979983,0.8350369198596144
rata1244,aust1307,2.2327610603687686,1.1299990984192427
remb1250,aust1307,0.9216484671976192,0.6862615737862274
reng1252,aust1305,1.720747824529152,0.7572905029555654
renn1242,aust1307,1.0142554871609089,0.9063780869269292
reye1240,pano1259,-2.6781195508765205,1.5200912244740925
rian1263,kolo1268,-0.2042528329785641,1.1699393976343169
rikb1245,nucl1710,-1.1055237851796966,1.2347889411111956
beka1241,aust1307,2.471274980201852,1.4206746081402986
roma1326,indo1319,-3.6727442691768135,2.030817520775757
romb1245,aust1307,-1.6096571863507805,0.8009020268959297
ronn1241,afro1255,1.4052553485837782,0.5891272977940787
rong1266,sino1245,-1.472599392783399,0.4018886826557404
rong1264,sino1245,-4.519506661104495,2.164042761855136
roto1249,nort2933,-0.5150583240047961,0.8548484078661369
rotu1241,aust1307,2.569464514069654,1.8637853618562508
rovi1238,aust1307,2.035767534135415,0.6111911101137366
ruch1235,aust1305,1.461784711302284,0.7993539201574196
ruka1240,aust1307,-1.1471424848145817,0.6798962651286988
ruma1248,aust1305,1.3288171706302587,0.7760920942709095
rumu1243,tura1263,0.4026425125296609,0.8553086089631292
rung1258,maba1274,2.5300115040807167,1.4279222652080756
russ1264,mong1349,-3.620952855255519,3.0499535678626737
russ1263,indo1319,-4.356653307207575,3.220131892922922
rutu1240,nakh1245,-4.792248522278083,2.222386498738414
saaa1241,aust1307,1.0734274655940972,0.4516005490952288
saaa1240,aust1307,2.0275055832818563,0.6611850868362907
saam1283,atla1278,2.470133888246885,0.8365236014021304
saar1237,aust1307,0.4459868834246365,0.6442604811941735
saba1268,namb1299,-0.1985727042913371,1.0442171080063658
saga1262,atla1278,1.5954007329889643,0.7595506219581769
sais1237,aust1307,-0.9088522796897054,0.7440361980179553
yaku1245,turk1311,-3.739101929709031,3.5661376965472456
tsis1238,atla1278,2.452875131420748,0.9623472272747944
samb1311,atla1278,3.1397583574512438,0.7075134310345987
samb1305,atla1278,2.92226033008132,0.7016464507853826
samo1305,aust1307,0.4300830351822355,1.306183075279613
wara1292,atla1278,0.4968632907879451,0.5358352674842548
sana1295,afro1255,-2.3591750054666245,2.144161023897503
sanb1242,chib1249,-1.29919650155142,1.07319591976938
sand1273,sand1273,0.0309893333930264,0.9544704798127168
sand1278,huav1256,-1.4063765330666032,1.1608900724631397
sang1331,atla1278,0.420527830127569,0.9689367359225028
sang1321,sino1245,-1.1954606524355125,0.4140102540418704
sang1330,atla1278,1.3207366980387485,0.707350195769636
sani1269,sino1245,0.8216082008654704,0.6328927775284487
sanm1301,otom1299,1.0706399658875874,0.6364525349853523
sanm1289,quec1387,-4.227349134372161,2.019990090003928
sanm1295,otom1299,1.5697160706988482,0.5143267006610834
sant1410,aust1305,-2.962219956109551,1.1918314687742215
sant1451,otom1299,1.6511971655955326,0.6760153789196544
sant1436,otom1299,1.3156456268494847,0.5513632727357347
sanu1240,yano1268,-2.109022928784805,1.4435348512201749
sapo1253,aust1307,0.088363270049764,0.5627214044095572
sapu1248,aust1305,2.0345366469737165,0.7822878092935164
sara1321,cent2225,2.7955654244266634,1.2077944379777603
sara1327,aust1307,-0.9722134746301618,0.7580690603940918
sars1236,atha1245,-3.7237736366043737,2.3597645972489136
sasa1249,aust1307,-0.8187719131494654,1.0628278324740488
sata1237,aust1307,0.8282479771866109,1.166299094000681
saur1249,drav1251,-4.037150365777958,1.6319132504904357
savo1255,savo1255,-0.5821075592495157,0.9481090144510516
saya1246,afro1255,0.0030731421591516,0.5409922486636978
seda1262,aust1305,1.747283977829018,0.7890389031209746
seim1238,aust1307,0.6524734636000749,0.8514054500505557
seke1241,aust1307,1.0694630816520316,0.4505923466927735
sekp1241,atla1278,2.7618333186161284,0.8826618663397485
sela1259,aust1307,1.3477175085476532,1.0302805863042086
sela1260,aust1307,0.1170304005918602,0.7859592685370522
sele1249,atla1278,2.752271152282776,0.8731728338067004
selk1253,ural1272,-3.8593196528640137,3.385868714291174
sema1265,aust1305,2.404700623797301,1.153623789456848
seme1247,aust1305,2.3553002094536963,1.229577303571476
sene1264,iroq1247,-3.080594361071389,2.557860272463815
seng1281,aust1307,1.1863240495371614,0.5519921715333629
nucl1632,sent1261,0.1680194225605777,0.931315939233892
sout1528,indo1319,-4.411609267914002,2.222217514196639
seri1257,seri1257,0.0733216370623974,1.5231990056775206
seve1240,algi1248,-3.202693114806336,2.770945270845097
sgaw1245,sino1245,0.8972746284597366,0.8895098178011178
shab1252,shab1252,-0.2518200199050633,0.9422410790210058
sham1280,atla1278,1.1476685064419645,0.6406860818603635
shan1283,pano1259,-4.799308052115656,1.6537989803141318
shaw1249,algi1248,-2.977325725497441,2.40130339621908
shee1238,hmon1336,-3.516846976967315,1.6257354321407695
shek1245,dizo1235,1.9139321189543492,1.043771088831361
sher1257,sino1245,-1.100118273767428,0.5666477829141972
biao1253,taik1256,-2.1523299929967044,1.4991727438365057
shil1265,nilo1247,3.159594042881762,1.3133565051240446
ship1254,pano1259,-4.70999237030027,1.7429380358031863
shix1238,sino1245,0.0233070381927298,0.578857489521222
shol1240,drav1251,-4.451312335276874,2.357649022315613
shon1251,atla1278,0.7918811991634405,0.987967513766836
shor1247,turk1311,-3.624336308312764,3.3382594808245147
shos1248,utoa1244,-3.849233592943282,2.057503334086136
shua1257,jiva1245,-1.312801285539913,1.3219830081426496
shwe1236,aust1305,1.3761060767899504,0.7393029743746409
siam1242,siam1242,-0.5689180268238894,0.8988710105405899
siaw1243,amto1249,-1.31413289825472,0.8838236874004384
sich1238,sino1245,0.4000760491080277,0.6415996652245379
sici1248,indo1319,-3.626701799017964,2.0396252115721283
sici1249,atla1278,0.0982571071310599,0.5261891319833367
sida1246,afro1255,-1.7887027634731876,0.7304740229864333
siee1239,aust1307,2.225009880080843,0.7555636250654705
sier1250,otom1299,1.499744504416083,0.5242590829487641
sier1248,utoa1244,-2.355054372538733,0.8962179711298774
sika1261,aust1307,1.970575574146624,0.931827779583866
siks1238,algi1248,-3.626242974811001,2.359911619267943
siku1242,aust1307,2.12105595859204,1.5949941331462707
sina1266,aust1307,-0.2731988802930121,0.4644719398887069
sini1242,mand1469,0.479816295430032,0.9834106689195844
sioo1240,aust1307,1.994857116288536,0.4924826404041802
sion1247,tuca1253,-4.211131696541651,1.6566708656541378
siri1274,tuca1253,-2.627234794004881,1.3458206274827216
siri1273,tupi1275,-2.1710150549885565,1.3055448328221098
sile1255,nucl1709,1.0730483355520388,0.4218689940773918
situ1238,sino1245,-0.6533770962119729,0.6750793651384992
siwi1239,afro1255,-0.6703985645261206,1.4485791337710747
siwu1238,atla1278,2.8295085492477163,0.8820821177788183
siyi1240,sino1245,-0.5555423760275948,0.4711673772459654
skol1241,ural1272,-4.102852843990238,3.2426289680926974
slov1268,indo1319,-4.170185642079787,2.194382342362973
sooo1254,aust1305,2.391904396796976,0.9187811794190196
sobe1238,aust1307,1.6239926665191455,0.7638413303078622
soch1239,otom1299,1.323544830987924,0.5787465572165917
soga1242,atla1278,2.45017569283076,0.845309552433454
soli1239,atla1278,0.5248455911804832,0.8962528153088716
soma1255,afro1255,0.9032687717649844,1.4950127737812853
soni1259,mand1469,-0.6355560836324063,1.068548371188638
sons1242,aust1307,1.387969133485111,1.2739507043897622
sooo1256,kuli1252,2.662200922372715,1.2916408449259906
sora1254,aust1305,-3.681096000824708,1.7616459863798148
mani1235,east1459,1.591614540112436,1.140571474586673
koon1244,atla1278,2.4403083791852858,1.3655532443527618
sout2859,aust1307,2.706973856906451,0.453623916702579
sout1549,drav1251,-4.836904192121799,2.3914753180239408
sout2976,utoa1244,-1.8753657714303624,1.424547333375783
sout2856,aust1307,2.376287119091567,0.639376134641326
sout2954,japo1237,-3.2818641894478287,2.4432192532141923
sout2996,ayma1253,-4.173202372947758,2.475957723725557
sout2730,sino1245,-0.3266603861843014,0.5476208605600652
raro1241,aust1307,-0.7906474691137079,1.7835818599272155
sout2826,krua1234,0.7841360010028922,1.4577618872032514
sout3236,gumu1250,2.1616059833338355,1.003080709385495
sout2956,haid1248,-0.8042596359222574,1.3277012122212597
kach1280,sino1245,0.7949694189258274,0.6067188966308885
sout2994,namb1299,-0.2471884668890703,1.105987666879073
sout2649,indo1319,-4.518839061193908,3.1466178756221392
sout2729,sino1245,0.361305910427991,0.5428893682875655
sout2728,sino1245,-2.145409600198949,0.7899822921244368
sout2985,miwo1274,-3.238436790520464,2.1186039387016216
sout2807,atla1278,0.026646288751436,1.2785223465007132
khan1277,sino1245,-1.254189852028369,0.3855416944598904
sout2797,atla1278,0.2939363791091747,0.4675814568139911
sout2679,ural1272,-4.414275765569134,2.863810991727696
sout2782,atla1278,2.928661367067556,0.7083074081743392
sout2895,aust1307,1.7639586588909943,0.8085510128687519
sout2674,ural1272,-3.811987641876577,3.08420865914324
sout2959,atha1245,-3.3531070148367057,2.728538987993703
para1301,aust1305,1.329474915360913,0.7574805097130457
sout3261,nakh1245,-4.748946537710811,2.254844837307552
sout2869,aust1307,2.3824431376796684,0.7880562744137576
stan1318,afro1255,-2.4228628679857835,2.0725297911589053
indo1316,aust1307,-0.8885080791816206,1.1279880677161185
stan1306,aust1307,2.0770365311969035,1.1745659658373635
horp1239,sino1245,-0.7420234614428645,0.7008321348378344
suba1238,atla1278,1.8982863116979285,0.7593657772589855
sude1239,aust1307,0.681461387668338,0.8479288318158935
suku1259,atla1278,1.5392630730896042,1.0785695028096027
sumi1235,sino1245,-1.2349607826971694,0.405802655636128
sund1252,aust1307,-0.5243438902882581,1.2620982364481903
mari1426,aust1307,2.5469870286997653,0.5586360700961883
sunw1242,sino1245,-4.044428463332331,0.9147566715227208
supy1237,atla1278,0.0451576113907949,0.6669719108964047
surg1248,ural1272,-4.046588155601817,3.4664598397754776
surs1246,aust1307,-0.4993994861862907,0.5051114907856178
swah1253,atla1278,1.6694111576184216,0.7695127255932461
swed1254,indo1319,-4.192567236108154,2.8142222715106007
taba1263,nort2923,1.9943750335993653,1.044049172239887
tabo1241,tabo1241,-1.7162235083955453,1.0471069106490667
tafi1243,atla1278,2.8407178267720927,0.9251305505489392
taga1272,aust1307,0.1900790346928872,0.6385480822015559
tagi1241,sino1245,-2.324943326051628,0.5915788170953755
tago1246,rash1249,2.682492606571171,1.415462059754093
tagw1240,atla1278,0.8631798862918036,0.7134708166883916
taha1241,afro1255,1.2907639734540275,1.5600844047905815
tahi1242,aust1307,-1.2640801329610851,1.9702313355721937
taia1239,taia1239,-0.4012231598617219,0.8274790992292003
taji1246,aust1307,2.3778503937240805,0.9008565402874976
taku1257,aust1307,2.105967285366117,0.9493181661872048
tali1259,aust1307,1.9148086319494928,0.6185437605871282
tama1331,tama1329,-0.0667737905639573,1.037496801802599
malo1243,aust1307,2.3105466894174844,0.4781397978910666
tama1365,afro1255,0.7747116972640975,0.7512052763870645
tami1290,aust1307,1.7864899983280045,0.5126127788016568
tami1289,drav1251,-4.269954805996187,2.515534381348319
tane1237,aust1307,2.0888600372861,0.8068544059233771
tang1377,sino1245,-0.299683938241766,0.6695089317239615
tang1348,aust1307,1.3918201489557358,0.620462582647713
tang1373,sino1245,-2.42377543604935,1.2866105426175514
tani1257,tuca1253,-4.3921459351925805,1.4668276271973837
lowe1412,aust1307,-1.76519887891024,0.4947509664047791
tara1313,sino1245,0.4067524108189717,0.4208826258660583
tari1256,araw1281,-4.087548206356983,1.4042552649113458
tari1263,afro1255,1.8714659823916469,1.8150364918859991
tata1258,otom1299,1.6833659421935645,0.5659184809599829
tata1257,aust1307,2.096611984122393,0.7245159450777008
tata1255,turk1311,-4.336760586316829,3.2109617645369344
taul1251,taul1250,0.8849958175767398,0.9179902318478516
tawa1286,afro1255,1.3515531194740331,1.2013041194670715
diga1241,sino1245,-0.3748306385560593,0.6641975252117245
taya1257,afro1255,-0.9464290416351736,1.3016078983299368
tbol1240,aust1307,0.536109360678525,0.6896199437288253
tean1237,aust1307,2.0906068019449484,0.8012684532548242
teda1241,saha1256,1.5818437359666633,1.5105033365729643
tedi1235,sino1245,-0.7704851107818422,0.4857413366096095
tega1236,rash1249,2.6861083404887856,1.4107708619768045
tekt1235,maya1287,-0.6628275498523724,0.5486102628116178
telu1262,drav1251,-4.698598629902734,2.3831263351941674
temi1246,aust1305,2.356392042477901,1.0085184268788927
temp1235,aust1307,-0.642976874696517,0.6524766183951387
tene1248,dogo1299,0.8997641668430227,0.8300094273864063
tenn1246,surm1244,3.0689628325090714,1.339853693155514
teop1238,aust1307,1.799289681004498,0.5797209968045616
tera1251,afro1255,1.7544149506335789,0.635455064526969
teri1250,chib1249,-0.2449111052745987,0.7541378399008698
term1237,aust1307,1.5109766207528024,0.8675646453388635
tern1247,nort2923,1.957416956298231,1.052247894192424
tete1251,utoa1244,-0.6694650387673233,0.7997565342313093
teun1241,aust1307,1.4999895763455615,0.8722655041779399
tezo1238,otom1299,1.3915460559190955,0.5535475357215311
thad1238,sino1245,-0.3733933504478135,0.4395043009177932
thak1245,sino1245,-4.349194391156777,1.4143566209398588
than1259,sino1245,-4.002716320290373,1.1335851316049212
thao1240,aust1307,-1.1062542809218368,0.6660991330440442
aheu1239,aust1305,2.3961126471618863,0.9520758925477546
thul1246,sino1245,-3.4470520223837795,0.864974585082896
tibe1274,atla1278,1.646489472953788,0.6088381980983151
tibe1272,sino1245,-0.5594304169553022,0.7726070611440186
tief1242,atla1278,0.4029409755095317,0.451543741271954
tief1244,atla1278,0.4078808705588175,0.4588453304183044
tien1242,atla1278,2.73004322265332,1.2290993679574729
tiga1245,aust1307,1.1793334427114273,0.5951077703062273
tigo1236,atla1278,1.6530188423736192,0.6175900553883649
tika1246,atla1278,3.415087217551669,0.6948594756915654
tiko1237,aust1307,2.5940542767513333,1.028795099469626
tilu1238,sino1245,-2.237190176936472,0.8847704513132291
tima1241,katl1246,2.800813911364658,1.504201381767908
timn1235,atla1278,1.877648478685893,0.9620090382255548
timu1262,aust1307,2.0424877766012526,0.739391722587512
tina1248,aust1307,-2.2176427775367764,0.7423315415730745
tira1254,heib1242,2.9965552525404724,1.3534789580852875
maee1241,aust1307,2.404766730624804,0.4494379719543779
tiri1258,aust1307,0.4479311747078212,0.681051561110265
tita1241,aust1307,1.4416814292035411,0.6677433512815334
tivv1240,atla1278,1.3971797521541194,0.6180739302685412
toab1237,aust1307,0.4742990086950631,0.5858160049905896
toar1246,nucl1580,-0.3457224726069883,0.7469717363463655
toba1268,leng1261,-3.284381590204616,1.9025551215831615
tobe1252,nort2923,1.8915605542871237,1.026343693572572
toda1252,drav1251,-4.419979185299782,2.3542558827106808
toho1245,utoa1244,-2.868675375546164,1.4688456591803192
tojo1241,maya1287,-0.1824985879010277,0.5883994511574198
toke1240,aust1307,-1.410070925094289,1.6586300254726276
tolo1255,aust1307,2.5169608899261853,0.5899819224527052
toma1245,mand1469,1.2350140927592403,0.961567501776836
tomb1244,aust1307,1.2281653530832355,0.7119985003077662
tomm1242,dogo1299,1.2057370840408304,0.8545763137830438
tond1249,song1307,1.6821219008358703,0.989532042470258
tong1325,aust1307,0.2373215170154838,1.556961407917612
tong1318,atla1278,0.2588443016922892,0.8953274052619169
toor1238,atla1278,2.0846709964530743,0.7735159262709121
tote1238,atla1278,0.7965520641018526,0.8378815346786999
toto1302,sino1245,-3.054984500967263,0.8110901339820655
touo1238,touo1238,-0.613878630473023,1.0018617582863754
trin1274,araw1281,-3.982164033226277,1.615258816027045
trio1238,cari1283,-2.779204775834283,1.500702582500503
trum1247,trum1247,-1.1430917344581832,1.3575840838020783
colo1256,barb1265,-3.681440541299625,2.0100810943203866
tsam1247,afro1255,1.3257464947598576,0.5975205358767885
tsat1238,aust1307,0.3442508934442445,1.1472611849313443
dido1241,nakh1245,-4.735345076051132,2.152306980546266
tsha1245,sino1245,-2.997293724595198,0.6693153552184903
tsix1234,khoe1240,-0.6814557906239194,1.1925783100526308
tsog1243,atla1278,3.1041506544840143,1.4892615445868973
tson1249,atla1278,0.7756227729901148,1.1451352031038744
tswa1255,atla1278,0.4732298556131828,1.1374761325993283
tswa1253,atla1278,2.057627618408394,1.2621003332029717
tuca1252,tuca1253,-2.577785903315611,1.331679006185693
tuge1241,nilo1247,0.7985739426314726,0.877431844519418
tugu1245,aust1307,1.6967935063768813,0.7597924870053334
tuka1248,aust1307,1.603059432987317,0.87865305397764
tuki1240,atla1278,1.4687608055442674,0.6208888739000429
tula1252,atla1278,2.81207211264175,0.6644340672739073
tulu1258,drav1251,-4.486497107399435,2.492204748057215
tumu1242,atla1278,-0.376595037912959,0.6501343518183251
nene1249,ural1272,-3.88772689424845,3.4944843646223926
tung1290,aust1307,1.4092840105502282,0.7094754612058587
tunn1238,afro1255,1.255427296262833,1.4329718619742944
turk1308,nilo1247,2.6212036244387784,1.0191784612478356
turk1303,turk1311,-4.657117641858941,2.732239302188479
nucl1301,turk1311,-3.843112423958227,2.7227795259185577
turk1304,turk1311,-4.53080553657904,3.3380551380636674
tusc1257,iroq1247,-3.200899755080618,2.564446480925316
tutu1241,aust1307,2.559283055196006,0.4704591510583604
tuva1244,aust1307,0.6700598527582389,1.6861255725094768
tuvi1240,turk1311,-3.505823648126849,3.2628022376859662
tuwa1243,aust1307,-1.9799743872322428,0.4979820781727246
tuwu1238,atla1278,2.8462763700861755,0.8834308842381242
uuuu1243,aust1305,0.9089336428056152,0.6284072583304408
ubir1237,aust1307,-0.2400938466615937,0.4657973711758609
udii1243,nakh1245,-4.741231624763459,2.276887407651027
udih1248,tung1282,-3.824423889289198,3.0214372941504584
uduk1239,koma1264,2.4246098264176013,1.0960863851492149
ughe1237,aust1307,1.9529218988426549,0.6232521321838451
ugon1239,sino1245,0.7106680387708595,1.1263862909499092
ukaa1243,atla1278,2.6039088223432776,0.7844611358828097
ukra1253,indo1319,-4.522919906647346,2.9100516488789543
ulit1238,aust1307,0.5455249794505248,1.2079291417909055
ulwa1239,misu1242,-1.3951263960437146,1.2367066227592285
yaul1241,kera1258,-0.6883264999131462,0.7465002831940888
umaa1242,aust1307,0.2182010765501618,0.7780465304125976
umbu1257,atla1278,1.9953037400173628,1.781458708597682
umbu1258,nucl1709,0.3894716786759589,0.4339183706980209
umes1235,ural1272,-4.08454058368077,2.9768907520928543
unua1237,aust1307,2.688769083230171,0.4352496265370771
uppe1275,toto1251,-2.27811367652861,1.125297201652427
urak1238,aust1307,1.80455146830618,1.155830815513748
urar1246,urar1246,-2.4680357108585387,1.7334811469319908
urav1235,aust1307,2.2750724282295143,0.7522819538298897
urim1252,nucl1708,0.8517290172920273,0.6176217983062999
urip1239,aust1307,0.8188743743226423,0.4285583667350963
urni1239,giim1238,-2.5403718502545773,1.320636413003999
utes1238,utoa1244,-1.9672024537673312,1.7759474670067763
pile1238,aust1307,0.0055462975425877,0.7842040469526768
veps1250,ural1272,-4.313816077455927,3.1066693650376678
vera1241,aust1307,2.6342588701920224,0.6819512693206828
viem1243,atla1278,0.7571528870023734,0.5525157017991047
viet1252,aust1305,1.806476975957402,0.9792106257685428
voti1245,ural1272,-4.324324752384737,2.863833196954773
vunj1238,atla1278,1.5704412430704815,0.6866443542838541
vure1239,aust1307,0.8906058082874528,0.6596083615705872
vwan1235,atla1278,1.3234826640734425,0.6611370075662686
wadj1254,wadj1254,-2.0336872145647646,1.1215336993087703
waga1260,pama1250,-0.827461326149743,1.0885887852922056
wage1238,wage1238,-0.863250124329466,1.067196628644573
waig1244,aust1307,1.8925699416314417,0.9199526653726648
waim1251,aust1307,0.5528805909239181,0.4562364571243158
waim1252,aust1307,1.792607467320484,0.7315857035748534
waim1253,cari1283,-2.4738365101417776,1.4536176540916943
waiw1244,cari1283,-2.6279850503339883,1.373338200487216
waja1259,atla1278,2.829310262267331,0.6639903036726533
waja1257,pama1250,0.1060257941318331,1.5268350191297992
waka1274,pama1250,-2.972700106917312,2.095030727248015
wala1266,aust1307,2.2071971117239464,0.5780473299563154
walm1241,pama1250,-2.250878442408496,1.3284362118998652
wamb1257,sino1245,-4.031393515037748,0.9024136568913076
wann1242,mand1469,0.666522867915079,0.7026550230907604
wand1278,afro1255,-0.3334593559683694,0.4555044412005822
wand1267,aust1307,-0.0202547038555906,0.6996191698683969
saka1289,aust1307,2.626479413530065,0.5609707906684944
waor1240,waor1240,-3.954265266922352,1.8487986711994944
wara1303,wara1303,-0.290351600384376,1.5523618241434225
wara1300,aust1307,0.4486130159741028,0.8176466243589529
ward1246,yang1287,-2.512401386110069,1.4342897518260451
ware1255,araw1281,-3.9286637667627096,1.3871351959701848
ware1253,aust1307,1.8612922641282337,0.8138041992890273
wari1268,chap1271,-1.9563849938916351,1.430671855889968
warj1242,aust1305,-0.7514760290819367,0.7324491385909999
warr1255,pama1250,-2.607823738718936,1.2687285112394555
waru1265,pama1250,-1.5356349790878274,1.165184187363673
wash1253,wash1253,-3.218218082692778,2.165442939251314
wawa1246,atla1278,3.3293470946796724,0.7329360440687509
waya1269,cari1283,-1.098249173911683,1.4692761315318923
wayu1241,sino1245,-4.161058562801479,0.9474245530727416
wayu1243,araw1281,-2.5075949831121727,1.4164043154421295
weda1241,aust1307,-0.3356979596434307,0.470604633135637
wels1247,indo1319,-0.3549868017963415,1.2746664476606178
weri1253,kuni1270,1.1820276592307142,0.6731358881146443
west2564,aust1307,2.4193322083069657,0.9850908669742612
west2560,aust1307,1.553998453344576,0.6940528336830978
west2548,aust1307,1.3019579208473844,0.8309715195024308
west2615,atha1245,-2.903094319216444,1.629002708374975
west2397,aust1305,2.442457238720384,0.9305807289620828
west2555,aust1307,-1.4916665306990402,0.6668924131917544
west2618,eski1264,-1.501664334886851,2.370304011121822
west2650,aust1307,2.277517270809269,1.198118183908409
west2594,nucl1709,-0.4100006103838631,0.7225151753360013
west2778,utoa1244,-1.859821287395449,1.4507591891571514
west2369,indo1319,-3.0334219243903418,2.6026782360025056
west2519,aust1307,2.353278576262092,1.8456361188957588
west2354,indo1319,-3.1171872984881404,2.0857030241736485
west2644,otom1299,1.8224873321856652,0.5467486385637761
west2466,atla1278,0.1719694150501527,0.4636537166660162
west2632,kere1287,-2.7883367340956813,1.904789389484054
west2396,aust1305,1.6598903306665949,0.7803760876911401
west2418,sino1245,-4.476090259290635,1.415554680499712
west2392,ural1272,-4.4105706845445365,3.0564240600222563
west2763,afro1255,-0.9387278517432492,1.2533705731032527
west2557,aust1307,-0.3003325484707018,0.7622834480999625
west2415,sino1245,-4.302557170969434,1.1133198983539772
west2600,nort2923,2.041678417110893,1.0666407399440605
saka1291,aust1307,-0.7984754216930847,1.454313170751603
west2516,aust1307,2.2089895290670123,0.7578141709777473
whit1269,aust1307,2.326420891199542,0.7735253249314402
wikm1247,pama1250,0.4255052448806964,0.9326276907715574
wiru1244,wiru1244,-1.6687458079477295,0.8909707762870953
babi1235,atha1245,-2.0322934075811703,1.5564888290537184
woii1237,aust1307,1.7802538471698814,0.7873955617503445
wola1253,afro1255,-1.6992793290878347,0.8124833348148912
wola1242,gong1255,-1.6120678348523183,0.5969436862738222
wole1240,aust1307,1.0705123305536612,1.27824154570712
woli1241,aust1307,1.36444460430768,0.8108698826134222
nucl1347,atla1278,0.9005325247503346,1.012061888431743
wood1236,algi1248,-3.2750886189259063,2.6818047021555214
wotu1240,aust1307,0.1617767309209252,0.7412436836303886
woun1238,choc1280,-2.0039925795529765,1.3306140321023894
wuch1236,sino1245,-2.9481020953868486,2.0841214937533
wudi1238,sino1245,1.3476147637965885,0.626444540992833
wusa1235,sino1245,1.2861854844082892,0.6476127458270042
wutu1241,sino1245,-2.224690413499756,1.0935226436252807
wuvu1239,aust1307,-0.9579753657462666,0.7803954982550203
xamt1239,afro1255,-1.7286306018131614,1.0449327771840262
xara1244,aust1307,0.5048609236808179,0.6697235655800018
xava1240,nucl1710,-1.0897487443077654,1.249508911217745
xhos1239,atla1278,-0.5383620464973382,1.4415801732122966
xish1235,sino1245,0.9502751081023688,0.577573076398723
xokl1240,nucl1710,0.0477655049550558,1.5252061481199792
yaak1241,afro1255,1.973296510458725,0.9309254802906652
yaey1239,japo1237,-2.861224099584706,1.631233315904309
yagu1244,peba1241,-2.602318733860676,1.7430498841511546
yaka1272,atla1278,3.000633558331628,0.9593105698294262
yaka1277,aust1307,1.6200917283650718,0.787255125362186
yaka1269,atla1278,0.2131836769865511,1.0485032863730464
yakk1236,sino1245,-3.2525938892989186,0.8358853195101297
yako1252,atla1278,1.6620662817489338,0.7780049426193405
yala1266,aust1307,1.6790158223949794,0.8057457330632909
yale1246,yale1246,-1.3732034615961937,0.8839645964279601
yama1264,yama1264,-2.50336729879493,3.046791949149296
yami1254,aust1307,0.9113054247996522,0.7553479120579563
yami1256,pano1259,-2.994699289278864,1.5084146853329572
yand1253,pama1250,-1.1015680098907348,1.3349036840181427
yane1238,araw1281,-4.42383709011363,2.0783581848472465
yank1247,pama1250,-0.2611217310589228,1.167107977811817
yano1262,yano1268,-3.5251794351139947,1.6419217181750905
yano1261,yano1268,-1.979440629365592,1.4791619803161105
yaoo1241,atla1278,0.8336953153116693,0.9782045689890326
yaou1238,mand1469,1.348717110265301,0.8344507105538157
yape1248,aust1307,-0.6969774047569368,1.2158270698377125
yaqu1251,utoa1244,-3.034612336330788,1.5074688967639522
yare1248,yare1250,-2.127566906784083,0.9423665472452588
yasa1242,atla1278,1.2910444310228582,0.9230995505525644
yatz1235,otom1299,1.5311946922247786,0.5655671437698517
yaum1237,nucl1709,1.5228462408551384,0.4798696633469967
nucl1454,yawa1259,1.4127572854976416,1.1442069869436362
yawa1261,araw1281,-2.739941133005081,1.3684726958484492
yawa1260,pano1259,-3.04095799326039,1.5062717188661647
yawu1244,nyul1248,-2.617940728300409,1.665779077400384
yecu1235,toto1251,-2.2146910162785813,1.2115098648112244
maqu1238,cari1283,-1.7737027488437482,1.2722115974137955
yele1255,yele1255,-0.0641940409249212,1.1683461983935053
yems1235,gong1255,-1.6919645349721977,0.7092308689590379
yapu1240,nucl1708,1.0000164070588324,0.6204791439749622
yidi1250,pama1250,-0.9043907666421837,0.9406207035359038
yinc1238,aust1305,1.6405000678218835,0.7582718619624411
yind1247,pama1250,-2.8059854265101647,1.7311795990781405
yoga1237,aust1307,-1.7992175779604802,0.5514527021792395
yona1241,japo1237,-2.636774132662328,1.5087078913703094
yong1280,nucl1709,1.0141777343124685,0.6624340664740016
yora1241,pano1259,-2.906887214217011,1.6373157749024436
youl1235,sino1245,0.0387445807524393,0.5185590852673192
youn1235,hmon1336,-2.468270389728409,1.2568854856122935
yuca1254,maya1287,-1.4865780407546794,1.2360156240604288
yuch1247,yuch1247,-2.173444149257187,1.945193719435319
yucu1253,araw1281,-4.279873743548334,1.5428437881063894
yuec1235,sino1245,-2.6651457708655557,1.4521312955982784
yukp1241,cari1283,-0.9856952063693312,1.1738137909202186
yulp1239,pama1250,-2.685066964475251,1.2532085238419008
yulu1243,cent2225,3.1545576703501323,1.2631239657978195
yuqu1240,tupi1275,-2.3724229192783497,1.4734281117233818
yura1255,yura1255,-3.9878348215085895,1.8993208795075032
gami1243,pama1250,-3.2448388333310003,2.03312720318014
zaba1237,aust1307,0.3502743766062632,0.6201549150918586
zaca1242,otom1299,1.7442603240514147,0.5957255833333521
zaca1241,utoa1244,-1.07862673045281,0.844294007830741
zaiw1241,sino1245,0.2506892722724565,0.5747466853683587
zakh1243,sino1245,-1.8999290027036528,0.6727799121373561
zamb1245,atla1278,3.2471379745577007,0.9350520762153148
zand1248,atla1278,0.8681579206891188,0.7847238728527484
zani1235,otom1299,1.6847035591691482,0.5173057994017993
zapa1253,zapa1251,-4.022987211292707,1.8178412725455968
zarm1239,song1307,1.8871421809242956,1.3885649659545067
zays1235,gong1255,-1.1685799597552786,0.5592228346939674
zeme1240,sino1245,0.0853332092162681,0.4069663509422456
zenz1235,otom1299,1.6764827093373804,0.5288088900510353
zhab1238,sino1245,-2.3350394240997314,0.8030850847280511
zigu1244,atla1278,1.4581280410999402,0.7045467674263213
zinz1238,atla1278,1.1212970690127586,0.8481853045955177
zoog1238,otom1299,1.5827917911095355,0.5432403588978376
zulg1242,afro1255,-0.2188860152262961,0.4365216944175527
zuni1245,zuni1245,-1.152135417671991,1.5347822738508197
