Glottocode,Family_ID,GPGLMM_Latent_Mean,GPGLMM_Latent_Variance
abau1245,sepi1257,-2.4507938604208155,0.5868101352843818
abee1242,atla1278,-1.8121199711606828,0.5904263430500276
aben1249,aust1307,-2.724263804125828,0.4588695408127522
abkh1244,abkh1242,-0.4100139702039878,0.714339265640666
abua1245,nucl1708,-1.7471454783406717,0.5719242413951261
abui1241,timo1261,-1.0170142578261288,0.6003600234265108
abun1252,abun1252,-0.4442486637174454,0.699178297444688
achi1257,aust1307,-2.4977152823492093,0.5737030523628055
acha1250,araw1281,-2.9547615361060857,0.7358198446562305
ache1245,narr1279,-3.926140741469625,0.8409224005918252
achi1256,maya1287,-1.662952304001288,0.6448648012548438
achu1248,jiva1245,-3.3322930197625804,0.8466777784020516
achu1247,pala1350,-2.688145647950433,0.8418359328777415
acol1236,nilo1247,-3.906615649652879,0.8194156689252707
adan1251,timo1261,-0.9951762505652182,0.6028631333000423
adny1235,pama1250,-4.173539203028829,0.8321456028034449
adon1237,aust1307,-2.215401814902614,0.5022716652314257
adze1240,aust1307,-2.253160596380364,0.4376889167024314
aeky1238,kamu1264,-2.6696991023954104,0.7289144879537206
afar1241,afro1255,-3.8173395703938353,0.6645234638062775
aghe1239,atla1278,-4.307286165297359,0.5070503048344572
aghu1255,nucl1709,-2.9641653714902647,0.6353358208702761
agob1244,paho1240,-3.0132807526271064,0.7614888776160511
agut1237,aust1307,-0.2065032938047852,0.4793828562337658
ahin1234,aust1307,-0.2248197128702871,0.3665481065636256
aika1237,aika1237,-3.349677785045609,0.8432457837564864
aime1238,bosa1245,-0.5020940689817153,0.6324017997932093
musa1266,nucl1709,-2.374698266688698,0.4328061698902508
aito1238,taik1256,-1.1239347076817534,0.6552514991576146
ayiw1239,aust1307,-2.114939593098744,0.5048057819019192
ajab1235,atla1278,-1.9510218898309637,0.5315641217667242
ajie1238,aust1307,-2.218845878267885,0.4649282947762885
akan1250,atla1278,-2.2647316215796787,0.5764200583318826
west2635,maya1287,-1.5781285252595765,0.603844781230984
akei1237,aust1307,-1.753351240118704,0.3960261074448318
akha1245,sino1245,-2.7440838267946965,0.5479388215980554
akoo1248,atla1278,-4.043324142332152,0.5471801299232373
akun1241,tupi1275,-1.290758191850903,0.7249998637574769
alab1254,afro1255,-1.915536051554844,0.56827051090424
alab1237,musk1252,-3.4756302396982184,0.8561414675978936
alac1244,otom1299,-2.8869186584104867,0.5550278280742004
alag1248,afro1255,-3.929985175661108,0.649046110941387
alam1246,sepi1257,-0.1730609558148288,0.524468152561971
aleu1260,eski1264,-3.4442940814871585,0.8677241310450496
alor1247,aust1307,-1.8218676726170493,0.4665878290234869
alya1239,pama1250,-2.253195941077497,0.7970299720854068
amah1246,pano1259,-3.409310391279868,0.7935489471964996
amam1246,kuni1270,-3.124553491886723,0.7107092553941174
amap1240,left1242,-2.618492198954055,0.6832239568446625
amar1272,aust1307,-2.199771534412404,0.469591717226788
amar1274,hara1260,-2.516685702214261,0.8335038845877436
amas1236,nyim1244,-3.735343678772969,0.8544485456366351
ambu1247,nduu1242,-1.9778237795487343,0.613283625595693
amdo1237,sino1245,-2.4016967363795185,0.5990656750270553
amha1245,afro1255,-1.4024614878841342,0.5945230780768362
amii1238,west2434,-1.9708644094171104,0.8303734308265319
amis1246,aust1307,-2.5801616696853773,0.4873370279153487
hoaa1235,kxaa1236,-3.91297962649577,0.8698874939069812
gily1242,nivk1234,-2.3002848463741787,0.809058612804984
anei1239,aust1307,-2.413687989833468,0.5119509044595452
anem1249,anem1249,-3.1350986024160505,0.7449497788968398
anfi1235,gong1255,-1.9842377426959747,0.6920437749825211
anga1290,anga1289,-2.9951687200426456,0.6485497536307785
anga1288,sino1245,-0.5413766562060778,0.4292073691377419
anin1240,gunw1250,-4.01343508599098,0.9342748444858447
wara1294,more1255,-0.5336681100610327,0.645564945312494
anta1255,aust1307,-0.7640023003785479,0.6049462426539366
anua1242,nilo1247,-2.0290010122974493,0.7638633830928279
anuf1239,atla1278,-2.2137036237949226,0.5716629002908846
anuu1241,sino1245,-0.3834153490098648,0.4942722142945644
anut1237,aust1307,0.1477495348629198,0.5033069159379451
aona1235,sino1245,-2.5597018132709866,0.4729198094091853
aoua1234,taik1256,-1.3214403830287824,0.6944106464039037
apat1240,sino1245,-2.332417453493521,0.4869798707894368
apma1240,aust1307,0.265670953476715,0.3591240101945971
apma1241,kera1258,-2.548818589287379,0.6700483989931828
apur1254,araw1281,-2.9584978641107726,0.7302817799003508
arak1252,aust1307,-1.7157527583287124,0.3739107715123505
aram1253,more1255,-2.8875296941742405,0.6961507358444895
arao1248,pano1259,-1.3787450733124555,0.7320702446541925
arap1274,algi1248,-3.471479139304713,0.8313591040730202
araw1273,tupi1275,-3.227109789762372,0.8250897185011346
arbo1245,afro1255,-1.9166514832050336,0.5559366019949795
arch1244,nakh1245,-3.2666049799812704,0.7064471640783795
aree1239,aust1307,-2.4951944718992625,0.4301962781102492
area1240,aust1307,-0.8554537839531048,0.4413791255585615
argo1244,afro1255,-1.7189906900782683,0.6077242640635507
arhu1242,chib1249,-1.2359679025708237,0.7191364751429385
arig1246,atla1278,-2.1289011916132794,0.5444008717954296
arom1237,indo1319,0.4730384141621435,0.5405286993779327
arop1243,aust1307,-2.243219167501953,0.4634108472536121
arop1242,aust1307,-1.923812013718205,0.474701074476379
arta1239,aust1307,-0.0710436634111015,0.3795549047767934
asha1243,araw1281,-2.700869363583199,0.6808655336587632
ashe1272,araw1281,-2.486890706704764,0.676246181804373
asoa1238,cent2225,-4.351742962889002,0.7678683506158783
assi1247,siou1252,-3.4092359266319705,0.8219274156073888
asur1254,aust1305,-3.0700170133303617,0.6915405653217398
asut1235,atla1278,-4.089994124954624,0.6266911652640585
atam1240,aust1307,0.148508762626992,0.4550196911423105
atay1247,aust1307,-0.5186801174253918,0.4702700794050169
athp1241,sino1245,-2.422397695137389,0.4752512125236396
atii1237,aust1307,-2.639187995061587,0.5206381343492545
aton1241,sino1245,-2.03157913364604,0.5322104575797133
auuu1241,nucl1708,-2.3573921575911188,0.5880551266453513
auye1238,nucl1709,-0.8971511410703662,0.5964881967723192
avac1239,tupi1275,-3.160845447807307,0.824825235178241
katb1237,aust1307,-1.5309144223904578,0.3304053490233826
avok1242,cent2225,-4.237135032818904,0.742069883148278
awac1239,barb1265,-3.336805832408948,0.8541970043368048
awad1244,aust1307,-1.8542836205704047,0.4393717382034795
awad1243,indo1319,-2.0768795627104666,0.5912484517276156
awap1236,nucl1709,-0.9635798127648346,0.482878217175256
awar1249,ramu1234,-0.5825674081593426,0.6310023352122195
awar1248,nucl1709,-2.9014390341890244,0.4993736141251726
awet1244,tupi1275,-3.096303192642805,0.7913224742094066
awtu1239,sepi1257,-2.22448598564087,0.5542580941032074
axam1237,aust1307,0.4441211121130441,0.3040950525947989
axiy1235,sino1245,-2.690905676344264,0.5715327686891474
ayac1239,quec1387,-3.31960094007083,0.8362288200428751
azha1235,sino1245,-2.652624761156092,0.5868623138010076
baba1264,atla1278,-2.153657520916246,0.487418883174203
baba1266,atla1278,-2.149942764319286,0.4943901905960148
baba1268,aust1307,-2.434983080558366,0.5248595629710935
bada1257,drav1251,-3.159872830135127,0.7019612542062516
bafa1247,atla1278,-3.766372809487505,0.5594694859106588
bafi1243,atla1278,-3.934818087209949,0.5550482606819023
bafu1246,atla1278,-2.1461349177434794,0.4982319979502139
baga1273,atla1278,-1.8952517796349715,0.5562187728279654
baga1272,atla1278,-3.913334002991619,0.5871389684970639
bagi1246,cent2225,-2.4480044331145514,0.6785154663272814
bagv1239,nakh1245,-3.237070385444435,0.6901768774125755
baha1259,afro1255,-1.0302296493921892,0.619301268879307
bahn1262,aust1305,-3.230649520186165,0.6766699887652374
baik1238,aust1307,-1.8287923328899385,0.4917292688493562
baim1244,sino1245,-2.1647275319912334,0.5751774245935307
baka1272,atla1278,-4.0338884251810985,0.614707751728867
baka1274,cent2225,-2.121825044007117,0.7133593063153373
bala1311,aust1307,-0.7190598957166887,0.4953281471599643
bala1315,aust1307,-2.565563575518186,0.5579031502102895
bali1278,aust1307,-0.616244038949754,0.5209498915838677
liki1240,atla1278,-4.388967035987655,0.5944476761237003
bamb1270,aust1307,-0.6956291866000888,0.5163833060480116
bamb1262,maoo1243,-2.1089882546799945,0.743440063546966
bamu1253,atla1278,-2.051066401856107,0.5092147285976609
bamw1238,atla1278,-4.38227668274701,0.5971339223113019
bana1288,aust1307,-0.4824561655480649,0.3943769420997089
band1344,atla1278,-2.140194098401809,0.588414675190597
band1340,atla1278,-2.1401551360124693,0.5539111471807419
bang1363,bang1363,-2.009503271427185,0.744565156285647
bang1369,sino1245,-2.129041576479694,0.5150941490269177
guar1293,araw1281,-2.7970045039368747,0.6933164091394074
bani1255,araw1281,-2.860049469214398,0.7005216656406629
bant1281,sino1245,-2.4929206869999145,0.4842395368975691
bant1288,aust1307,-2.6671266181586564,0.5387289287002925
bara1357,sino1245,-2.4763868051432016,0.496232762121275
bare1279,afro1255,-3.769146582154084,0.6340740457393186
bara1369,aust1307,-1.1652736554891336,0.6070794541327043
bard1255,nyul1248,-3.869194763143096,0.9420162424694556
bare1276,araw1281,-2.819062072193632,0.6941522019632335
barg1252,nucl1709,-2.3110445617357565,0.492986474858724
bari1286,aust1307,-2.3771899911982315,0.471195375050327
baro1253,aust1307,0.2917455542094982,0.4360997704362621
bash1264,turk1311,-3.181892260006209,0.8096948437083147
basq1248,basq1248,-0.3601832015609274,0.7216339703685997
bata1293,aust1307,-2.559154764015686,0.5669937354308848
bata1289,aust1307,-2.4853597643581606,0.561566091612156
bata1285,atla1278,-4.006579483267767,0.6110928681342691
bats1242,nakh1245,-3.132937326978618,0.7067423373465576
baur1253,araw1281,-0.4689442924633298,0.6301460927253255
bawm1236,sino1245,-2.751715723193484,0.5046247755195651
bayb1234,aust1307,0.03528330920138,0.4850577483324747
bebe1248,atla1278,-3.936875339168338,0.5862972316606461
beem1239,atla1278,-4.090967797320054,0.6322854512580611
beja1238,afro1255,-1.815154695322209,0.6337829556352914
bekw1241,atla1278,-4.288418505992185,0.56138413234089
bela1256,nilo1247,-4.122349048123248,0.8258688882238369
bela1254,indo1319,-2.085407759025876,0.6159968192907039
nyal1254,aust1307,-2.149304564843812,0.5322682497933471
belh1239,sino1245,-2.422356660544924,0.469749442702575
beli1257,cent2225,-2.070536198006549,0.7203872684705783
bell1243,sali1255,-0.5090469744131906,0.6576993404456808
belu1239,atla1278,-4.234733929887066,0.613020024250652
bemb1257,atla1278,-4.197549242340696,0.6396723334993568
benc1235,gong1255,-4.012409908018423,0.6850671346133054
beng1282,atla1278,-4.028673873881279,0.6136314963230303
bent1238,dogo1299,-2.000239783107001,0.7007810914756514
zagh1240,saha1256,-1.2462265968804014,0.7536044729210981
bezh1248,nakh1245,-3.2156433893973344,0.6825420544358117
bhoj1244,indo1319,-2.132784639599885,0.57521991897999
biaf1240,atla1278,-4.159712754038449,0.6100571835498956
biak1248,aust1307,-0.1755958012894483,0.4903333555318221
bian1252,kuni1270,-3.0507603794948244,0.6903173930778865
biao1254,hmon1336,-3.209375386570584,0.7934418561167852
biao1256,hmon1336,-3.1452977369228994,0.7942483616137084
bier1244,aust1307,0.4859373210021425,0.34692306022578
bign1238,aust1307,-1.8679424037293644,0.3251312722864395
biha1246,aust1307,-2.5672772949983096,0.609839946900004
bila1255,atla1278,-4.369564842936069,0.6167345512025773
bilb1241,aust1307,0.3443269792273049,0.4158031487239373
bili1260,afro1255,-3.899698507800526,0.6583314104257008
bilu1245,bilu1245,-0.6515417889685109,0.6761598666789219
bimi1240,nucl1709,-0.185476575655263,0.4816794966847459
bina1277,nucl1709,-3.121649319595333,0.6060424121320824
bine1240,east2503,-3.0834398719284,0.7461657845529324
bini1246,atla1278,-4.293669762353795,0.5897018230123987
gunw1252,gunw1250,-3.837946477741758,0.8962010351740785
birr1240,cent2225,-2.3214131766818387,0.7479212329770127
bisu1244,sino1245,-2.7588915285762905,0.5726194005041483
bitt1240,aust1305,-3.181697350216369,0.6222727770204367
biwa1243,yuat1252,-2.5267271101877,0.6772116343174457
blab1237,aust1307,-0.3187302283387432,0.4416988614417816
blan1242,aust1305,-3.344200927530951,0.6666790826942806
bang1354,atla1278,-4.080513623282206,0.6112766165241625
bobo1255,aust1307,-2.5319418590830547,0.553267243334636
bodo1269,sino1245,-2.326557721417369,0.506329925312538
boka1249,sino1245,-2.167781877514137,0.5168168056410892
bola1250,aust1307,-0.4385214121203284,0.44939913853234
bolg1251,atla1278,-4.065106520198925,0.6160697174387852
chim1302,quec1387,-3.4168655064878704,0.8384438259515182
bolo1262,atla1278,-2.2427765191360547,0.5765564274893618
boly1239,aust1305,-3.2236349367493444,0.6914988666975376
bomb1262,atla1278,-4.334658743667228,0.5961967534602812
bomk1234,atla1278,-1.8083642363778536,0.5640829493362265
bona1250,mong1349,-3.0528611738523104,0.8040197373651987
bond1247,atla1278,-4.310056476060032,0.6219720114094285
bong1289,aust1307,-0.966880482592666,0.4799253440815637
bong1284,atla1278,-4.2109790106376535,0.6268671889834263
bong1285,cent2225,-4.274215882311098,0.7764443206225042
bora1263,bora1262,-0.6518540739867571,0.7339680414297018
bora1271,afro1255,-3.956890036411639,0.6544007020785466
bori1243,sino1245,0.0452415853304197,0.4641897836298895
boro1277,gong1255,-1.905568195979632,0.7147018186354851
boro1282,boro1281,-1.2963748498632373,0.7845192331762563
boto1242,aust1307,-2.6927105427522147,0.4867149319100967
boun1243,atla1278,-4.135681897594727,0.6030678709702229
boun1245,nucl1709,-0.7032767603407195,0.4484694300166394
bouy1240,taik1256,-3.498282775392036,0.753924091661561
brah1256,drav1251,-2.497230694390312,0.759940651224313
lave1249,aust1305,-3.23602971160702,0.6689739119421825
bret1244,indo1319,0.2962697817815156,0.5576368399714431
brib1243,chib1249,-3.231880774918695,0.7620636564186967
bube1242,atla1278,-1.5657696458811636,0.559471949810728
bubi1250,atla1278,-2.119690475568247,0.5934900613642025
budu1248,nakh1245,-3.276279435217403,0.7311859416406226
budz1238,atla1278,-4.189943742970182,0.6196210271804576
buga1247,aust1305,-3.23034316945388,0.6856984042537342
buga1250,aust1307,-2.046498982730964,0.4336099653471024
bugh1239,aust1307,-0.3602185924421941,0.4378936973323514
bugi1244,aust1307,-0.7505065074668029,0.5081195972624244
bugl1243,chib1249,-3.264351724973071,0.7884796713365259
buhu1237,aust1307,-0.6492428102799334,0.4431751290916335
bujh1238,sino1245,-2.519426405752711,0.5113157886037408
buki1249,nucl1708,-2.2471423662499403,0.5852101957094591
buku1249,atla1278,-4.277813947774053,0.6262568449272257
bull1247,atla1278,-1.8144769359855888,0.5611891934576216
bulu1251,atla1278,-3.9024085745396544,0.5960008830853557
bumt1240,sino1245,-0.3287469263416527,0.4890842551886303
buna1278,timo1261,-0.8470719382192655,0.6297120741723754
buna1276,aust1307,-0.5454450121293287,0.4489018032007004
gahr1239,sino1245,-0.0405241211603091,0.5386061477755333
bund1253,indo1319,-2.0859977008547785,0.6096906520071306
bunu1267,aust1307,-0.5678872613261864,0.4483006944165543
buol1237,aust1307,-2.6122128015322583,0.5687873806394323
bura1267,mani1293,-3.8295005323794022,0.9159052537378604
bure1242,afro1255,-1.5670661516171367,0.515921151429001
burj1242,afro1255,-1.8691241583198388,0.5990172324744827
nucl1310,sino1245,-2.62849273571821,0.5646525970064118
burm1264,burm1264,-3.277709955308533,0.7905703419328817
buru1303,aust1307,-2.297373390074444,0.5563526569491819
buru1320,afro1255,-4.067759679014814,0.6524088617467017
buru1296,buru1296,-2.9940010056116204,0.8313390070267517
busa1253,mand1469,-1.5179291814735605,0.7034486830921152
bush1247,atla1278,-4.209110916701853,0.6397900949338604
buwa1243,afro1255,-1.9777428597636264,0.4888886468673492
bwai1242,aust1307,-0.2546598726539777,0.413488029533263
bwat1240,aust1307,0.0150613839708475,0.4469981025591825
byan1241,sino1245,-2.041931014298584,0.5569001316938591
caac1237,aust1307,0.0548394381369603,0.4585087716394129
cabe1245,chib1249,-3.305047563828336,0.7616540014904616
cahu1264,utoa1244,-3.723506148984711,0.7414020220874729
cakf1236,afro1255,-3.846934719900189,0.539125359273738
cald1236,quec1387,-3.2587474842612947,0.8304412768915741
caml1239,sino1245,-2.4891265352529284,0.4825121423605282
camp1261,indo1319,0.4787755147060824,0.5562107069667366
cane1242,nucl1710,-3.0222960798360448,0.8234293826415421
caom1238,taik1256,-3.5005668599527326,0.7430738941766246
capa1241,pano1259,-3.419549892537108,0.7941026323317497
carn1240,aust1305,-0.9718307637435358,0.6313450674597471
caro1242,aust1307,-1.9502275811176424,0.5645978117747865
cash1251,pano1259,-3.407460828422044,0.808035683148021
casi1235,aust1307,-0.128731129067898,0.3971426298704972
stan1289,indo1319,0.4200673303781357,0.5724540571823028
cavi1250,pano1259,-3.350679479240847,0.7867166068107976
cayu1262,cayu1262,-1.1807962273932724,0.7564129879075265
cebu1242,aust1307,0.3041147348978761,0.44136134412765
cemu1238,aust1307,0.067316532780044,0.4474270012274031
cent2127,eski1264,-3.4442940907314856,0.8677241301982231
cent2142,ayma1253,-0.1719020479331341,0.7087656477727909
cent2004,sino1245,-2.709876703826038,0.5560019299169057
cent2292,aust1307,-0.3041849022671195,0.3517043702529999
cent2084,aust1307,-2.53894895946761,0.4485155242331743
cent2314,aust1305,-3.143512461486913,0.6883734110901193
qaua1234,taik1256,-3.433335701623617,0.7132885424649595
guer1241,utoa1244,-1.622282726621992,0.6332253965304616
cent2050,saha1256,-3.992107409747237,0.7665971107792687
cent1989,aust1305,-3.179853933535934,0.6948126085047333
cent1972,indo1319,0.1799692447720766,0.5376961889803402
cent2058,aust1307,0.3426727860194032,0.3802508489017839
mala1479,aust1307,-2.529015834907492,0.6353668668534185
cent2322,ural1272,-3.28639307723879,0.7639133552885555
cent1992,aust1305,-3.229151010458025,0.6791698147733137
cent1990,aust1305,-0.617029116171518,0.6220075091207586
cent2140,miwo1274,-3.4258339401585958,0.8522728374987663
cent2090,aust1307,-2.558832888302483,0.5251393876939152
cent2131,utoa1244,-1.2936615816137884,0.6419322767852512
cent2150,chib1249,-3.3114515951463845,0.8186849256947832
mbal1255,atla1278,-2.10132434500571,0.61073797138252
chad1249,afro1255,-1.8680031161691275,0.6161437037858526
chak1270,sino1245,-0.5955936909234195,0.50303058347881
chak1271,atla1278,-1.991401606520458,0.5520179973074959
chal1275,afro1255,-0.2504174512814145,0.5647673357797767
cham1315,zamu1243,-0.6196580365959675,0.7473915260479582
cham1309,nakh1245,-3.2343746579343917,0.692490892420942
cham1318,araw1281,-0.9911607479265736,0.6615754216286962
cham1312,aust1307,-0.4671900312795172,0.5237422232776309
chac1249,barb1265,-3.339257435996447,0.8513299913187866
char1269,gong1255,-3.975181067874299,0.6464223054816947
chas1234,sino1245,-2.7703373162674207,0.5503549367033082
chec1245,nakh1245,-3.23186301887718,0.7336774336295635
chek1238,aust1307,-2.5586848359744097,0.4637159525689067
chen1255,drav1251,-3.171978320949985,0.7605865731501978
chep1245,sino1245,-2.558273234523321,0.5038651504280292
cher1273,iroq1247,-1.5536903935506592,0.7715431445267911
chey1247,algi1248,-3.4049979992266826,0.8244550219303547
chic1270,musk1252,-3.5246329812535797,0.8402440095272995
chig1238,atla1278,-2.178562560864036,0.6034708813696292
chil1280,atha1245,-3.345566372936009,0.8246520109816998
chim1309,chib1249,-3.3849125110766733,0.77319227087573
chim1312,atla1278,-3.816020431451798,0.6187363887957003
chhi1245,sino1245,-2.501951849852753,0.4867634899078057
chip1261,atha1245,-3.5303728569061144,0.8467901862775113
chip1241,algi1248,-3.5567500419811373,0.840046144521728
chir1283,sino1245,-2.699652715698772,0.455331614956542
choc1275,sino1245,-2.1797897791913563,0.5150607651311754
choc1276,musk1252,-1.484123095853789,0.7776786204479593
chon1284,aust1305,-3.1473154715793323,0.6877106624174854
chot1239,sino1245,-2.778280745920988,0.4664589107224068
chra1242,aust1305,-3.1706205896612283,0.6973402965216355
chuj1250,maya1287,-3.652449021325953,0.6366804852642792
chuk1273,chuk1271,-3.0503867522658474,0.8436395460657273
chuu1238,aust1307,-2.485820490426088,0.5782513720709439
chuv1255,turk1311,-3.207312847196521,0.8062210844981355
chuw1238,atla1278,-2.076396770537178,0.6160596505113248
cici1237,atla1278,-1.6023461823163792,0.5606238370022177
chin1286,chin1490,-3.3901415869617924,0.864145177969626
cent2087,aust1307,-2.615434254527184,0.5331604800782728
coat1243,otom1299,-2.951184158061413,0.5493838337133164
coca1259,tupi1275,-3.147628466026372,0.7915054334034775
coeu1236,sali1255,-0.4305599885523972,0.644548926799057
cogu1240,chib1249,-3.2998180622083204,0.7601959284197759
colu1241,sali1255,-0.9571839476105092,0.6487099965995542
como1259,sali1255,-0.3863461418069451,0.6459053853516299
cong1236,atla1278,-4.077077804196549,0.6334489613850638
copa1237,otom1299,-0.7638049895313596,0.4777964782153791
cors1241,indo1319,0.5249518681591079,0.5524929082195813
cosa1234,sino1245,-2.64218193107532,0.5557855413876795
cota1241,aust1307,-0.3914169635576097,0.4563615740635947
cree1270,musk1252,-3.524582889997932,0.8384838970898034
crim1257,turk1311,-3.170474218750236,0.8126856591193663
cros1244,atla1278,-4.204834677902024,0.5729175714634589
crow1244,siou1252,-0.8394336451616462,0.732130201617772
cube1242,tuca1253,-3.1688253278108203,0.7602490652221087
culi1244,araw1282,-3.2905706965196075,0.8550528561079231
curr1243,araw1281,-2.7574079947239167,0.6924518638183166
cusc1236,quec1387,-3.198241031359929,0.8355671126526174
cypr1248,afro1255,-1.0990833198015513,0.6049075784842032
czec1258,indo1319,-2.0477677178358933,0.6141765669003181
daai1236,sino1245,-2.6393255683127403,0.5553992562709801
daak1235,aust1307,-2.743254822690444,0.554095631701105
daas1238,afro1255,-1.934698547211156,0.5824121247649083
dadi1250,tebe1251,-1.0888313662385491,0.6505386499862111
dagb1246,atla1278,-2.019340149280114,0.5505088512246978
daur1238,mong1349,-3.1098106641666003,0.8280661845480999
daka1243,aust1307,0.3177043833839088,0.3176119950414363
damp1237,aust1307,-2.686639847779183,0.558615095917437
dana1252,aust1305,-3.2948667983128272,0.6852905093252024
dand1238,drav1251,-3.1869588553437485,0.7472931679368553
dani1285,indo1319,0.3924239064855734,0.5717073947392584
dara1250,indo1319,-2.069376763947921,0.5564987031965323
darm1243,sino1245,-2.0665658777008638,0.5569560292100069
dawr1236,gong1255,-1.8896205038005147,0.6080361513640242
daza1242,saha1256,-1.768090580071477,0.775437559650197
dege1246,atla1278,-2.117600828300034,0.561470999025405
dehu1237,aust1307,-0.0183247807910911,0.4631555041785917
dera1245,sena1264,-2.939887003190705,0.72350428030615
dera1248,afro1255,-1.7780729119235794,0.5312172347547265
desa1247,tuca1253,-3.14478654682674,0.7322477152888662
dhao1237,aust1307,-0.1228458119861368,0.4795977199224013
dhim1246,sino1245,-2.456737467334156,0.5100588974438851
dhuw1249,pama1250,-4.308005735494775,0.8160238225090914
dibo1245,atla1278,-4.204451439856413,0.6015525786585217
digo1243,atla1278,-4.087391507516767,0.6290380629823273
dima1251,sino1245,-2.458299744195179,0.4702614807376387
diri1252,atla1278,-4.2428619594322265,0.6369804596473249
djam1256,pama1250,-4.25840060690306,0.8170883653625773
djee1236,mani1293,-3.925955696369519,0.9201585147400592
dobe1238,aust1307,-2.1195214218910365,0.5329553620220087
dobu1241,aust1307,-0.1413442440475885,0.4254524917688211
domm1246,nucl1709,-2.8662850929884143,0.4832227514173856
dong1285,mong1349,-3.0623032285913925,0.8058141930383452
doro1266,manu1261,-3.0708216527461536,0.7271493379835021
drun1238,sino1245,-2.6572894272284056,0.5341896244614462
dual1243,atla1278,-3.712423070680522,0.5752442414843104
chug1252,sino1245,-2.0077121904741264,0.5067213288485684
dumb1241,aust1307,-0.0668843946671506,0.4665241425170938
dumi1241,sino1245,-2.4974831938879856,0.4800455731117052
duna1248,duna1248,-0.5186389566380263,0.6248574173859123
dupa1235,aust1307,-0.4475879933899613,0.4223940405203341
duru1236,drav1251,-3.229872011764096,0.7374911818162936
dusn1237,aust1307,-0.2672928118240743,0.4595497514558018
dutc1256,indo1319,0.4573185999711018,0.5627057247488076
dyul1238,mand1469,-0.6643213398707197,0.5889494003491437
dzao1238,hmon1336,-3.168550991869272,0.7932608256581113
dzon1239,sino1245,-2.05384577199717,0.5270224321658105
east2443,aust1307,-1.5188396630124754,0.3866206568099513
tang1336,sino1245,-0.5664530661529771,0.4287039411945176
nucl1235,indo1319,0.5440733418776054,0.5526629441227777
east2379,pama1250,-4.287403894465346,0.8207537377149154
sout2896,aust1307,-2.06267573663792,0.4924957874935347
east2555,tupi1275,-3.212543484314708,0.8194410030557802
east2332,aust1305,-3.196080719647169,0.6811874384091152
east2563,aust1307,-2.5603784039341795,0.6271313300005689
east2690,afro1255,-1.072450796588566,0.6122830023472299
east2556,otom1299,-0.7223198214188338,0.571571560500008
east2342,sino1245,-2.7306702261739475,0.5839556768479334
east2782,atla1278,-4.2359668243123405,0.6224583470567716
east2328,ural1272,-3.289186383224724,0.7537079678923977
east2333,aust1305,-3.237176216606977,0.6748508222120573
east2773,sino1245,-2.542933086233925,0.4842734621097098
panj1256,indo1319,-2.054333098740816,0.590692345994009
east2485,aust1307,-2.910088388029527,0.5288781172453489
fina1242,aust1307,-0.2352848960025517,0.3467730195798137
east2694,aust1307,0.1131670206806716,0.4374662073018585
east2447,aust1307,-0.0502446867465737,0.5108718599398654
east2516,nucl1709,-0.9185995024612962,0.4760328948690286
east2440,aust1307,-2.4253163391731407,0.5234499751518337
huaa1248,tuuu1241,-3.93701340488407,0.8621372492309373
wall1257,aust1307,-0.5450217666190105,0.5106938991353746
egyp1253,afro1255,-1.86128463220088,0.6335971516025347
eipo1242,nucl1709,-3.019364151003578,0.6085473163890562
ekar1243,nucl1709,-2.58077421037946,0.6202853218264983
elem1253,atla1278,-2.142869106049253,0.5358908379400472
elip1238,atla1278,-4.020841214967399,0.5687946303063514
elna1235,utoa1244,-1.7891155291401644,0.643114072204928
emai1241,atla1278,-2.1784129419685243,0.558108715286084
embe1260,choc1280,-3.55793045534178,0.8033395250435742
embe1262,choc1280,-1.3470708894378984,0.7402463089201258
stan1293,indo1319,0.4067723101041001,0.5611174803098953
enuu1235,sino1245,-2.735382798989336,0.5616926437042711
epen1239,choc1280,-1.4716669908914104,0.7486370926139596
ersu1241,sino1245,-2.2614176761997693,0.5468421918329441
erzy1239,ural1272,-3.2718198275011714,0.7604986406448738
esan1238,atla1278,-2.1689405980921244,0.5618738714267191
esee1248,pano1259,-3.415540032645622,0.7881271378287824
esim1238,atla1278,-2.0921707769015843,0.5000286239947054
esto1258,ural1272,-3.285429285830101,0.7559157887574831
even1260,tung1282,-3.173629179838167,0.816981458966247
even1259,tung1282,-3.174039121556212,0.8169583032999216
ewee1241,atla1278,-2.1411183565415923,0.5322260825804925
fala1243,sino1245,-2.579459078505949,0.5192670502297553
fare1241,atla1278,-1.9811305814580649,0.550559383946825
faro1244,indo1319,-0.2109290197344933,0.5632650357034162
fasu1242,fasu1242,-2.919024707811877,0.7204611025985108
fefe1239,atla1278,-1.95463361071068,0.5265123560929137
fiji1243,aust1307,-0.5547508257067999,0.5086306849516444
fili1244,aust1307,-0.6083639490563801,0.4794224915643486
finn1318,ural1272,-3.2522492945607167,0.7655545542502245
fipa1238,atla1278,-1.7629388319744494,0.5894003998417094
fonn1241,atla1278,-1.926544870458984,0.5542263376187144
fore1270,nucl1709,-3.031040281280039,0.4935360175192897
fore1265,ural1272,-3.2488243446947345,0.7669887751841381
stan1290,indo1319,0.4105075172487153,0.57115395616699
fuln1247,fuln1247,-3.258379278426333,0.8798876459207987
furr1244,fura1235,-3.930887547193796,0.8655308937715951
furu1242,cent2225,-2.2831172597277942,0.7292157676968274
futu1245,aust1307,-0.0875017401010533,0.4646049451934098
fuyu1242,fuyu1242,-3.099735667437463,0.7410865319633021
gaaa1244,atla1278,-2.169447340761457,0.5800689601233551
gaam1241,east2386,-2.087685045743693,0.7918437719059763
gaan1243,afro1255,-1.933770738098472,0.4937862772512935
gada1258,aust1307,-0.3013313652970324,0.3623948254311731
gade1242,atla1278,-2.119549478471515,0.5610785780756482
gaga1249,turk1311,-3.175332071710925,0.8088953808984447
gala1264,afro1255,-3.5854576898737736,0.5313878633166267
gale1259,nort2923,-0.4605062798744435,0.6265947783765465
gali1262,cari1283,-2.68852300839996,0.7994884531788644
gali1258,indo1319,0.4184310028510836,0.5693927229850406
galo1242,sino1245,-1.955330243424536,0.4803380973317264
gamo1243,gong1255,-1.786525826360525,0.5824151230294117
gand1255,atla1278,-2.2322220787256715,0.6012547597399
gang1267,tang1340,-4.00293567017803,0.9419486735854476
gang1266,sino1245,-2.6758554165668187,0.4580865445613185
gant1244,nucl1709,-0.1991606182340111,0.4259959380325431
gapa1238,aust1307,-0.5786126089727941,0.4227300865475193
boht1238,afro1255,-0.5162437826896948,0.5783520461528449
gari1256,araw1281,-2.7512801329343284,0.7520957393966338
garo1247,sino1245,-2.226539228604328,0.5416822882865817
gara1269,garr1260,-3.992648197697165,0.951336557967364
gata1239,aust1305,-3.1941400193433127,0.6899824581136755
gayo1244,aust1307,-2.528447726998575,0.5688956482037415
geba1237,sino1245,-2.689517909082611,0.5853244238867457
nucl1302,kart1248,-2.8344899452126526,0.7959326781491306
ghad1239,afro1255,-3.8560101903815056,0.6789777970092026
ghan1242,aust1307,-0.2579362796544342,0.4781179858012179
ghar1239,aust1307,-0.6626569835450568,0.4414108437790578
gheg1238,indo1319,0.0738304650345484,0.5383116287285843
ghom1257,afro1255,-1.6220328285337868,0.6264904080196341
gida1247,afro1255,-1.7772463073744802,0.5162644604675242
giiw1236,afro1255,-3.64065241669598,0.5362279546010148
gilb1244,aust1307,-2.450295336878187,0.5810955086284223
gira1247,nucl1709,-2.3846222796671164,0.4620656723241492
glav1244,afro1255,-1.9248852274020616,0.4893709390486331
gobu1238,atla1278,-4.305517136977198,0.5848892034340996
ghod1238,nakh1245,-3.260531239945076,0.703872541345113
goem1240,afro1255,-1.7462932475379132,0.5405630807451205
gofa1235,gong1255,-3.967746593980769,0.6084955535665681
gogo1265,suki1244,-3.089114369294472,0.7619817971371462
gola1255,atla1278,-1.4999592013393284,0.5787234969826979
goli1247,nucl1709,-2.93409094376067,0.4932027297099852
goon1238,buna1274,-3.970963128691423,0.95639835727615
pare1266,aust1305,-3.022498387927167,0.682624149363653
gras1249,koia1260,-2.8387548338221578,0.6854553333052328
guah1255,guah1252,-3.3095069834847464,0.8666141851484539
gube1234,atla1278,-4.2788422053789175,0.602717375903695
gude1246,afro1255,-1.9838177832055983,0.4782440078312362
guer1243,otom1299,-0.5569001802049839,0.4911396582062228
guiq1238,sino1245,-2.015771517152449,0.5340609991977247
gulf1241,afro1255,-1.0311305170379184,0.6090197202281452
guma1254,aust1307,-2.535287669557841,0.4565826062712126
guny1241,pama1250,-4.287516443567795,0.8241445079568657
gura1251,indo1319,0.6110859392714656,0.5223123645006174
guru1261,sino1245,-2.4907183841772227,0.4840058296544407
guru1271,afro1255,-1.1611756102942898,0.4885148535116398
gusi1247,atla1278,-4.275792008496411,0.6220895434008564
kwam1249,koma1264,-4.247473168100722,0.8095856814993472
gwen1239,atla1278,-4.242399319646924,0.6280892285983909
gyel1242,atla1278,-3.8610878604227454,0.60766538389236
haaa1252,atla1278,-4.1391041850289465,0.6304967665642519
hadi1240,afro1255,-1.940000291344682,0.565043584684796
hadz1240,hadz1240,-4.022707386644897,0.8576382791897113
haka1240,sino1245,-0.5620563812599696,0.472963926251765
hakk1236,sino1245,-2.5306432454837187,0.6107013556175525
halh1238,mong1349,-3.1246423686721463,0.8207253376018055
halk1245,sali1255,-0.4285677862516295,0.6160327298050109
hame1242,sout2845,-4.092576145224535,0.788270607829721
hang1263,nduu1242,-1.8724071458225475,0.6071020245819109
hani1248,sino1245,-2.644618409414183,0.5772880846662007
haro1237,aust1307,-2.543700010825018,0.6242731888023613
haru1245,piaw1238,-2.524258341119223,0.6633493324095199
hass1238,afro1255,-1.8820378943734737,0.6304259359894626
hata1243,hata1242,-3.03197228897754,0.7612852279464605
remo1247,aust1307,-2.7917028159774344,0.4962278736795985
nige1253,atla1278,-1.876696648843172,0.553755141115475
hava1248,coch1271,-1.462212793026221,0.7782932797470261
hawa1245,aust1307,0.1185581195861267,0.5241961707581405
sabu1255,aust1307,-2.323456411641798,0.507182329034926
hdii1240,afro1255,-2.0398067476209043,0.4753627092163911
hehe1240,atla1278,-4.25595330163774,0.6225511919679678
heil1246,waka1280,-3.209443811815186,0.8469156850844003
here1253,atla1278,-4.0814493264464105,0.6371938583375794
hida1246,siou1252,-1.40391294185523,0.7416415615589498
high1276,mixe1284,-3.474609106649554,0.7738024325301607
high1278,utoa1244,-1.5310846954974149,0.593064889500387
karb1241,sino1245,-2.154418528038065,0.4818584989678921
hind1269,indo1319,-2.0869801082131367,0.6107544339825282
hinu1240,nakh1245,-3.220882377939056,0.6867992547628232
hlai1239,taik1256,-3.4009836591157026,0.7825094986070377
hler1235,sino1245,-2.7272857264816315,0.569032721295427
hooo1248,aust1305,-3.109830667903833,0.6944293627347933
ainu1240,ainu1252,-2.903307571430524,0.8374160334172992
holo1240,atla1278,-4.125270021897014,0.6311249856566019
hone1235,atla1278,-1.9539559151641896,0.5271754048577064
honi1244,sino1245,-2.689115142726432,0.5717866398890876
hopi1249,utoa1244,-1.7436733595425378,0.684360254905111
hote1245,aust1307,-2.302831701524177,0.4305113571058532
hozo1236,maoo1243,-2.122624933696679,0.7402960146232873
hrus1242,hrus1242,-2.8099318289673767,0.7633231525386122
huuu1240,aust1305,-3.3446032485424557,0.6405547893353424
hual1241,quec1387,-3.28706720534974,0.826933736938449
huam1247,jiva1245,-3.325817567029771,0.8633671573512819
huar1255,utoa1244,-3.633827281374181,0.6878772139203335
huas1242,maya1287,-1.5502244204558608,0.6966363712103834
huba1236,afro1255,-1.933239624940276,0.49588159393701
huic1243,utoa1244,-1.7826686862855954,0.6501009664509654
hula1239,aust1307,-0.0321117853893375,0.450336458542165
huli1244,nucl1709,-2.6575924699844453,0.5285046754058111
humb1243,song1307,-1.772216221540587,0.7068755171797417
hung1275,aust1305,-3.2310854202656563,0.6805024269115754
hung1274,ural1272,-0.7339231992730618,0.6768892193626804
hunz1247,nakh1245,-3.2207743967234763,0.6844184210159785
hupd1244,nada1235,-3.3326614812051143,0.7978270559031615
wyan1247,iroq1247,-3.638106686890256,0.8132394837897734
hyam1245,atla1278,-4.11319016880549,0.5644669446431754
iama1237,aust1307,-2.4504794120128235,0.4408005295866917
iatm1242,nduu1242,-2.286474345502131,0.6302369017037388
ibal1244,aust1307,-0.4155832962476156,0.3825617912616803
iban1264,aust1307,-2.471245601542493,0.5595799018044869
iban1267,aust1307,-0.2668090274851704,0.3895019248777263
ibat1238,aust1307,-0.5853121566568986,0.4761305648619265
ibib1240,atla1278,-1.949560150923841,0.5453210927054375
icel1247,indo1319,-0.2095978887501328,0.5634142560373047
idaa1241,aust1307,-2.961669089039806,0.5227880231344961
idii1243,paho1240,-3.0876471717213976,0.7433898318481291
idom1241,atla1278,-4.130009384124527,0.581715932372748
idum1241,sino1245,-2.271310682522492,0.5473098392754425
idun1242,aust1307,-0.4348738082192263,0.421553962671443
nucl1417,atla1278,-4.160826369435658,0.567529365514656
igna1246,araw1281,-0.4058097913189435,0.6333736285462394
ikkk1242,kuli1252,-3.8696070870527017,0.8506055801613646
ilaa1246,atla1278,-4.19103705926104,0.6409141373163759
iliu1237,aust1307,-0.5209226114421449,0.4618238148439879
ilok1237,aust1307,-0.3763851894068684,0.3879083890516033
ilon1239,aust1307,-0.0487359549681067,0.3794106262391481
imba1240,quec1387,-3.4295121693285364,0.8318073002968536
imon1245,bord1247,-2.6873239922358767,0.6983398719447754
ingr1248,ural1272,-3.2695199137406084,0.758273599390866
ingu1240,nakh1245,-3.196627504103477,0.7298679234095263
alba1269,aust1307,-2.6379618825140043,0.5249821317983233
iqui1243,zapa1251,-1.3046656586556291,0.7677816638407378
iran1262,aust1307,-0.845588027938616,0.5038526549631581
irar1238,aust1307,-0.3719222366751684,0.4722699527775903
iris1253,indo1319,-0.1574312704775917,0.5693302995341211
irul1243,drav1251,-3.169367138174203,0.7631933178409231
kris1246,skoo1245,-2.9939962102493545,0.7387546534544811
isco1239,pano1259,-3.456349361276481,0.8010264991023259
isin1239,aust1307,-0.2540831130936507,0.3665626967079518
isir1237,kwer1242,-3.33264787595424,0.7780138478534903
isna1241,aust1307,-2.574531840447461,0.459800411408808
isth1240,utoa1244,-3.798267292700285,0.6869808696618425
isth1241,utoa1244,-3.790228003170383,0.6952918560468576
ital1282,indo1319,0.4257564025502027,0.5678228256095033
ivat1242,aust1307,-2.639128294324669,0.5340921955227548
iton1250,iton1250,-3.196152328357829,0.833327889642187
itza1241,maya1287,-1.5977405350960594,0.6466091098930663
iumi1238,hmon1336,-1.3487007055191764,0.7030665633627496
iwal1237,aust1307,-2.333856941552021,0.4401817804005817
iwam1256,sepi1257,-2.3518654082009025,0.5744194662749524
iyoo1238,nucl1709,-2.745165880841917,0.488820841021826
jahh1242,aust1305,-3.1639306498481568,0.695227524507807
jalk1242,mand1469,-2.586314328771865,0.6426859227298656
jamb1236,aust1307,-0.5515937424502667,0.5271085724026243
djam1255,mirn1241,-1.9713699071616209,0.8543452046220027
jams1239,dogo1299,-1.9102570047666825,0.6910891795864588
nucl1643,japo1237,-2.8781399422904896,0.8160515538563817
japh1234,sino1245,-1.6107150341956191,0.5073706987695583
jaqa1244,ayma1253,-2.859366763761669,0.8263991889009157
jara1266,aust1307,-2.5580720412740368,0.6216422315664745
jaru1254,pama1250,-4.339239562213748,0.8367725177086481
java1254,aust1307,-2.567162059070657,0.5663973282725248
jede1239,aust1305,-3.1669154332105536,0.6932588050521541
jeha1242,aust1305,-3.1874504310656704,0.6863385526055754
jenn1240,drav1251,-3.234677282493136,0.7107849473322725
jeru1240,sino1245,-2.470616039963634,0.4913593421603932
jina1244,afro1255,-1.972619826942299,0.5147977614527195
djin1251,mirn1241,-4.0398451416456895,0.9230051819164776
jita1239,atla1278,-2.1891218413208,0.6018859028563772
jjuu1238,atla1278,-2.001068148202595,0.5510791129913679
juku1254,atla1278,-2.192845170274084,0.5123688763379497
jurm1239,cent2225,-4.17858344798567,0.7260243585821085
kaba1281,cent2225,-4.307959289351621,0.7622514346008191
kaba1278,abkh1242,-2.8188306033313064,0.7942069684476893
kaby1243,afro1255,-3.854558787043481,0.6711692040866333
kach1284,gong1255,-1.7374880960299357,0.602556738014638
kada1242,drav1251,-3.3534116151427424,0.6984035065887755
cent2100,aust1307,-0.8464408581921186,0.436510694674024
kado1242,sino1245,-2.814286897918758,0.5595567508562888
kafa1242,gong1255,-4.037423775261212,0.6651587740891554
kaga1256,aust1307,-0.5790023342902791,0.4833836745424362
kagu1239,atla1278,-4.244012457155743,0.6255953456598278
kaik1246,sino1245,-2.455614465475101,0.5564164075412724
kain1272,nucl1710,-0.5592969778661292,0.6997114929055703
kair1263,aust1307,-1.843266762276221,0.4743474325591829
kaki1249,kaki1249,-3.2001376466928466,0.7417469527160765
cacu1241,kaku1242,-3.2656397496799183,0.8047465249712056
kala1399,eski1264,-3.4569754013365275,0.8661645237751384
kala1388,aust1307,-2.2788381441777124,0.471317661729421
kala1377,pama1250,-4.327747758539305,0.8318200415656459
kara1499,west2604,-2.85649948964162,0.7882409204145088
kala1384,atla1278,-4.194965404058272,0.6403872535815213
kali1308,sali1255,-0.9618560745459503,0.6753567236465915
kalu1248,bosa1245,-2.6963630494549693,0.6563135924717513
kamm1249,atla1278,-4.193648543020731,0.5530397777160795
kama1367,nucl1708,-2.3181755170824534,0.6298520368391919
kamb1316,afro1255,-4.005517659909355,0.5805744406934191
kamb1297,atla1278,-2.1170032524574225,0.5930023400108931
kamb1299,aust1307,-0.3969253786464237,0.5025875185142383
kamo1255,nucl1709,-2.8148855051973207,0.6518984793496263
kamu1260,kamu1264,-2.941136531316469,0.7413030031376489
kana1288,daga1274,-3.3868448128202258,0.6908713884982058
kani1286,nucl1709,-3.0059355043306075,0.4918497847221215
kank1243,aust1307,-0.2756122332913444,0.3609236526640613
nucl1305,drav1251,-3.05443939427434,0.7428097524864129
bidy1244,atla1278,-4.205368784355496,0.6149518408283239
kaqc1270,maya1287,-1.6914080355918473,0.6349501659056909
kara1500,nucl1710,-2.4488650053113283,0.8026763380721863
kara1487,aust1307,-2.279650949008205,0.3592310267047809
kara1486,aust1307,-2.2284465255826187,0.4721674102320898
kare1338,atla1278,-1.9992949125235024,0.5770894533896013
kare1335,ural1272,-3.2542149849077227,0.7647970265449766
kari1306,atla1278,-4.117973312835876,0.6306753197671083
kari1311,tupi1275,-1.2297759790671998,0.7399314148809231
kark1258,pauw1244,-0.8043979126038587,0.6309795431415927
karn1252,aust1307,-2.4029484746654437,0.4553109633198242
karo1304,karo1304,-1.352109467625189,0.7812065897540458
kash1277,indo1319,-1.9280873032986576,0.6100993326749351
kask1239,atha1245,-3.525704501507982,0.8467181900211348
newa1246,sino1245,-2.570392860213331,0.4915521121951598
kats1235,sino1245,-2.6851131819202205,0.5743978803098647
kana1291,katu1274,-3.23205757906855,0.8599881328614065
kava1241,aust1307,-2.765148147557817,0.5091052841754893
kaya1315,sino1245,-2.6961407308820684,0.5885367421858622
kaya1319,tang1340,-3.993759917708971,0.9417057932748
keap1239,aust1307,-2.16215114781582,0.4683523668655447
keda1252,aust1307,-2.2087098373305505,0.4972536417732629
kera1248,atla1278,-2.1267486981290142,0.5599422409328132
keig1242,kadu1256,-3.803578685698446,0.8593086607550817
kele1255,atla1278,-4.200461500749468,0.6395568641691989
kele1258,aust1307,-2.652002989256816,0.4842961093698512
kele1259,aust1307,-0.1071795310801952,0.3586552317078403
keme1240,atla1278,-4.34835221018679,0.5059339016328532
keng1240,cent2225,-2.222806310270199,0.7303996494560219
kens1248,aust1305,-3.172269297637813,0.6891742908289266
kenu1236,nubi1251,-3.0483119582697644,0.8486313097996585
keoo1238,aust1307,-0.4198981653094471,0.4817053915844136
kera1255,afro1255,-1.719930003366804,0.5298935775285553
keri1250,aust1307,-2.558365695655189,0.5696603247300206
kesa1244,nucl1709,-2.587494156212821,0.4692819992063622
kett1243,yeni1252,-3.0662165381965902,0.8419130433180966
kgal1244,atla1278,-4.1122865669556665,0.6344769420804688
khak1248,turk1311,-3.1895598374905827,0.8078163460405743
khal1275,sino1245,-2.4901520502192778,0.4788777886029414
kham1282,sino1245,0.0058695143761431,0.5513535797951675
khan1278,atla1278,-2.1234671530692184,0.5350914765955816
khan1274,aust1305,-3.1974333473680843,0.669473371118424
khar1288,sino1245,-2.6037674348255173,0.431370638980651
khar1287,aust1305,-2.701860743039278,0.6826560622058463
khas1269,aust1305,-2.832582998173971,0.5718495134873202
khez1235,sino1245,-2.608018277170835,0.4529504872467966
khin1240,nakh1245,-3.2693566920096093,0.72994473163098
khmu1256,aust1305,-3.3083863374937703,0.6333784124972046
guan1266,sino1245,0.4394021661433134,0.50039989246053
khum1248,sino1245,-2.76742076525178,0.500941954530717
khva1239,nakh1245,-3.223859237956844,0.6875113194206925
kich1262,maya1287,-1.6786163869304906,0.6324046265955541
kiku1240,atla1278,-4.225771417715322,0.60736980231016
kile1243,tung1282,-3.1923767852081344,0.8086162730256997
kili1267,aust1307,-2.454133252664233,0.5069769688235721
kimm1246,atla1278,-4.010980454177548,0.5719299769901371
kima1246,kolo1268,-3.0088713048639057,0.7903493301153216
kima1244,aust1307,-0.9960633121529224,0.4546841009043223
kimm1245,hmon1336,-3.350747021269812,0.7693925010601014
kina1250,aust1307,-0.4268405068458007,0.4926524795881035
kinn1249,sino1245,-2.188373963346206,0.5808652797289188
kiow1266,kiow1265,-3.3307012344358657,0.8699547498854026
kips1239,nilo1247,-4.107059062703135,0.8311650551131979
miju1243,sino1245,-2.541888369118416,0.5403247058706759
kobo1249,nucl1709,-2.306223102469334,0.4672137150132021
koda1255,drav1251,-3.331083020032382,0.7183105645762256
koho1244,aust1305,-3.295724734736409,0.664350448700783
koir1240,sino1245,-2.7297333283312497,0.4444493818574071
koit1244,koia1260,-2.503358706045982,0.6905867372163472
koka1244,pama1250,-4.1100498313438605,0.8246785592600102
koko1269,aust1307,-0.4683352808114884,0.4386333497225649
kola1285,aust1307,-1.8763177602327288,0.5306429166486615
kolc1235,atla1278,-1.613359830083137,0.5674282523501037
kolp1236,kolp1236,-2.701975622796007,0.7372511597040612
kolu1245,aust1307,-2.2545540181273496,0.4384642790803001
komb1274,nucl1709,-2.73414546681866,0.6084184113046535
komc1235,atla1278,-4.285364795027785,0.4931291016441206
komi1270,sino1245,-2.533206261616349,0.4609364363249771
komi1269,ural1272,-1.257775328011863,0.6954366251860219
komi1268,ural1272,-3.291672889296779,0.7500132493136337
komo1260,atla1278,-4.29619714240178,0.6327927797291122
kona1242,east2433,-2.10520466583827,0.682526956589326
konk1267,indo1319,-1.963152294196944,0.6017531195928248
kons1243,afro1255,-1.8500922173928191,0.553864182463217
kony1248,sino1245,-2.634302063010571,0.471946105825213
konz1239,atla1278,-4.20326566157397,0.6171447312594116
koor1239,gong1255,-1.7956812016545174,0.5945633084831918
kora1294,nucl1709,-3.26007503353042,0.6099588253470468
kore1280,kore1284,-3.0489486439009754,0.8439086055493762
kork1243,aust1305,-3.1192121564783304,0.7127561720203384
koro1298,atla1278,-1.634908522130991,0.5550901996845046
koro1313,sout2948,-1.063687023840984,0.6989748384743871
koro1312,nucl1709,-2.9807863195262785,0.609939709980204
korr1238,drav1251,-3.1764420015538537,0.7433232755114163
kosa1249,nucl1709,-3.0415115079209425,0.6039371553432993
kosr1238,aust1307,-0.5911261867267743,0.525490148342054
kota1263,drav1251,-3.215732662837946,0.7124611358693831
koti1238,atla1278,-4.171996718840142,0.6432646186942497
guan1269,tuca1253,-1.0499696749565763,0.6923447254713975
kove1237,aust1307,-0.5128320810447301,0.4512118120722967
koya1251,drav1251,-3.2577923189191176,0.7451837994239845
koyr1242,song1307,-1.7910881691864953,0.7282821228565253
koyr1240,song1307,-1.7526197805605206,0.7235588031847872
koys1242,afro1255,-0.2007685641739112,0.5245787747057482
gbay1288,kres1240,-1.8547660195245583,0.7949284523543093
ngeq1245,aust1305,-3.217859437935774,0.6742599461981069
kryt1240,nakh1245,-3.276390488384392,0.7259688371886909
puoc1238,aust1305,-3.184014536940184,0.6765006770109058
kuan1248,aust1307,0.3821992586685916,0.4343438217882013
kuan1247,atla1278,-4.199793502326505,0.6209010224909417
bayo1255,atla1278,-2.256813957543057,0.5693866936205815
kuii1252,drav1251,-3.323055859368602,0.7271318337655367
kuik1246,cari1283,-3.083459761559939,0.8328923059500775
kuku1280,pama1250,-4.465295391603731,0.7839476428151677
kuku1273,pama1250,-4.453434694969741,0.8310328804136893
kulo1237,aust1307,-2.5483692096140933,0.4728120986679798
kulu1253,sino1245,-2.467315072262643,0.484608657474104
kuma1280,nucl1709,-2.840670720492465,0.4743375521611724
kumb1268,pama1250,-2.1375202367363544,0.7733456264138683
kumz1235,indo1319,-0.0458864517120831,0.5674361768579195
kuna1268,kuna1268,-3.9451441228690567,0.8583654684596475
kunb1251,gunw1250,-3.842337808188832,0.9003000580080551
kuni1267,kuni1270,-3.118439137082828,0.7062064210659331
kunj1245,pama1250,-4.335281167961173,0.8367175168155517
kuot1243,kuot1243,-2.6259172841967056,0.7002044281003242
kurr1243,pama1250,-2.1428880342754137,0.7816539586487787
kurt1248,sino1245,-2.419086375733124,0.492361142104501
kusu1250,kusu1250,-2.9106290667370835,0.7971013844173298
kute1249,kute1249,-3.4315041501715924,0.856233880605187
kute1248,atla1278,-4.072072361274142,0.5204942857168597
kuvi1243,drav1251,-3.2466914431760765,0.7355799804519412
kuyy1240,aust1305,-3.194566745316157,0.6880499178544034
kwai1243,aust1307,-2.866022913181664,0.4494768293719956
kwam1252,aust1307,-2.461779013763324,0.4671655268037618
kwar1239,aust1307,-0.7948146132921605,0.4384457728566983
kwaz1243,kwaz1243,-3.207203244718172,0.8366488988723619
kweg1241,surm1244,-3.998553360856512,0.7827408962746043
nucl1595,kwer1242,-3.401920505602205,0.7743421255288636
kwin1241,worr1236,-3.863959459092264,0.9387785270176412
kwom1262,sepi1257,-1.9141430731071083,0.5218574166204715
nucl1593,kwom1263,-2.644836728524809,0.6889115265587986
kxoe1243,khoe1240,-1.9650078236192896,0.7824036347496091
kyer1238,sino1245,-0.2245189928146125,0.4646562081622641
cori1240,atla1278,-2.0077329851395675,0.5487222495865054
laal1242,laal1242,-1.2366278505659756,0.7465578611432833
labu1248,aust1307,-2.217658535029174,0.4282528708369906
labu1249,aust1307,-2.877323307101856,0.5037791675047824
lach1248,taik1256,-3.481078303524107,0.7632470778578371
lagw1237,afro1255,-1.9796283380638044,0.5218478952716634
zaye1235,sino1245,-2.6890616786470884,0.5886179772618294
lahu1253,sino1245,-2.7557543234269755,0.564759127057759
lahu1252,sino1245,-2.730308026505808,0.5522909939129736
lakk1252,nakh1245,-3.2711980822853954,0.7092211089731197
lala1268,aust1307,-2.398561452901233,0.4782133280398004
lala1264,atla1278,-4.1899911250286,0.6409894009783559
lama1277,aust1307,-1.8118321624281493,0.4873670514362487
lama1288,afro1255,-2.04472910526748,0.4774995100182351
lamb1269,indo1319,-2.11393316219511,0.6161828523989515
lamb1273,aust1307,-2.0209315171099664,0.5378333741840183
lame1260,aust1307,-1.583174457427412,0.342791873411754
hela1238,sino1245,-2.394170198723562,0.4706645810222811
lamk1238,sino1245,-2.7653373088192987,0.4772295294974973
lamo1244,aust1307,-2.5222054505773928,0.4781394597303035
land1256,atla1278,-1.9710798728744607,0.5603477177547773
lang1320,atla1278,-4.294240392791688,0.6167277432420499
lang1324,nilo1247,-4.116113800269216,0.8340091838972792
laoo1244,taik1256,-3.371085760681637,0.7675758136566931
lard1243,tang1340,-4.014056909933997,0.9402360470584225
lash1243,sino1245,-2.792906111315657,0.5496569168870475
teke1275,atla1278,-4.183086324549269,0.6357519582555001
latv1249,indo1319,-2.0951518939048803,0.6099512868023259
lave1248,aust1305,-3.2209818580423013,0.6758191847798343
lavu1241,lavu1241,-1.295925160535291,0.6976894792120514
lazz1240,kart1248,-2.8271678334906287,0.8069158201377928
lega1250,atla1278,-4.201960030292939,0.6371535219551031
lega1249,atla1278,-4.188887802302764,0.6391264532075076
lele1276,afro1255,-1.7204863409493596,0.5660393009804221
lele1267,aust1307,-1.7809257178936946,0.4413106877339339
lele1270,aust1307,-2.5993287288678006,0.5093139534640241
lemb1266,nucl1709,-0.1451924716656618,0.455276756114608
leme1238,aust1307,0.4796326115055827,0.4279349254420086
bela1260,aust1307,-2.9540560521102184,0.5151790915896073
lena1238,aust1307,-0.2728665041510554,0.4384117903971674
lend1245,cent2225,-4.45557575004633,0.75402644966935
leng1259,aust1307,-2.5649883383328804,0.4429579840131542
lepc1244,sino1245,-0.3761494098583644,0.4830798474365414
lese1243,cent2225,-2.183367102786037,0.7270844897594788
leti1246,aust1307,-0.4733363632591763,0.4713916298127456
lewo1242,aust1307,-1.6998046070702153,0.3659152882137512
lewo1244,aust1307,-2.094058430760166,0.5006737449662081
lezg1247,nakh1245,-3.2760631213689506,0.7248485559571413
lian1251,sino1245,-2.6332307061145634,0.4507716176601496
libi1244,atla1278,-4.394361963670335,0.5923352607048593
liby1240,afro1255,-1.8217983615470936,0.6363278646925103
liji1238,atla1278,-4.180190965605296,0.572983027208547
lill1248,sali1255,-0.3232793460884133,0.6283537047866775
limb1266,sino1245,-0.1968429012832238,0.4626290471996004
nucl1327,limi1242,-1.282334242701022,0.8059031132345936
limo1248,aust1307,-0.5051506138722426,0.3885601141836952
lipo1242,sino1245,-2.7096488034858086,0.5620677235048934
lish1245,afro1255,-0.1339868930029595,0.5214948130416219
lisu1250,sino1245,-2.7321455533284853,0.5360926647190808
lith1251,indo1319,-2.0965251905209223,0.6090835065198614
lito1235,atla1278,-4.369967814530273,0.5886198301134975
livv1243,ural1272,-3.2641360977932625,0.7609329188261561
logo1259,cent2225,-2.210661497364913,0.7193832637989946
balo1261,atla1278,-2.07680134043465,0.5661791755521055
loka1252,atla1278,-4.191549672945723,0.5724067482331372
araw1276,araw1281,-0.556895273651234,0.6377069843991998
lolo1259,sino1245,-2.685299792067667,0.5633495593446206
lomb1257,indo1319,0.5107744537800938,0.5524469949136714
chiq1248,chiq1253,-1.2645643064321417,0.7777707632724951
acha1249,sino1245,-2.756043221974286,0.5689863869791708
long1395,aust1307,-0.7377003984504119,0.4420375675689586
loni1238,aust1307,-0.575937818910252,0.4768952133065742
lonw1238,aust1307,-1.4809264572319585,0.3158600956258807
lote1237,aust1307,-2.444973864034595,0.4928000849823737
loth1237,sino1245,-2.545291144397261,0.4612963933494076
lotu1250,aust1307,-1.0433659331232406,0.4393213915123313
louu1245,aust1307,-2.477089548193779,0.4968735606913661
vano1237,aust1307,-2.1443989859084494,0.5082229695848919
lowl1260,tequ1244,-1.524021993856161,0.7180077158391672
lowl1265,utoa1244,-1.511293127010857,0.6480774905057376
lozi1239,atla1278,-4.200638958157946,0.637741388379369
luan1263,aust1307,-0.676351503857588,0.4729004059530448
onto1237,aust1307,-0.0299521917617613,0.4995855062821603
lubu1243,aust1307,-2.499893331787548,0.4032546714508297
luch1239,atla1278,-4.151881138122917,0.6424133329149379
ludi1246,ural1272,-3.263148779300958,0.7584602559432769
lugb1240,cent2225,-4.3079278888392105,0.7375422697434489
lugu1238,atla1278,-2.1927522537892887,0.6022484755002669
lule1254,ural1272,-3.260474198821232,0.7597236986833382
lumu1239,narr1279,-3.92571079432682,0.8410682338530098
lund1271,aust1307,-2.960001761284881,0.5234827244047362
luok1236,nilo1247,-3.8975826473529662,0.8226865327529975
luse1252,atla1278,-2.2048760298158268,0.5880727245299179
lusi1240,aust1307,-2.483816216757325,0.4744583589508757
luva1239,atla1278,-4.14676584719172,0.643496789960317
luya1241,atla1278,-4.233329962087239,0.6363124228951551
maan1238,aust1307,-0.1104370658803646,0.5205154326718968
maas1239,atla1278,-1.7217849956071212,0.5251982871950633
maba1270,atla1278,-4.401089725546536,0.6091506072301942
maba1277,maba1274,-1.946446819921425,0.7775136991287628
mace1250,indo1319,0.3971524253585405,0.5357045660953152
mach1267,araw1281,-2.8846348551238488,0.6681086675111803
maco1239,sali1297,-3.364888292107004,0.8585112612565127
macu1260,tuca1253,-0.7412627328542836,0.697074752605286
macu1259,cari1283,-3.12049942632689,0.8248465849634681
madi1260,cent2225,-2.2767985277508367,0.7372214586097973
jama1261,araw1282,-3.311595637395629,0.8595002718798028
madn1237,east2374,-3.96714371990358,0.9064195493692104
nucl1460,aust1307,-0.6964633266379966,0.5007223536373586
mafe1237,aust1307,0.3935224758917097,0.346284971848348
maga1260,indo1319,-0.1521399552642934,0.5433481322923167
magd1235,otom1299,-0.7664710372215244,0.4731497397339801
magu1243,aust1307,-0.0105298110291705,0.4389794878411335
maia1254,nucl1709,-2.515152605120133,0.4956127000399825
mail1248,mail1249,-1.295477894243255,0.6696993193302152
mais1250,aust1307,-2.547675048458154,0.4789918826188306
mait1250,indo1319,-2.162919624992523,0.5431215328831251
maja1242,surm1244,-4.230597092307531,0.7964930343109922
maka1304,atla1278,-3.8196565692830617,0.5779750708021593
maka1311,aust1307,-0.7748230477445277,0.4888439608308241
makc1235,taik1256,-3.456748083059139,0.7550168417013573
makh1264,atla1278,-4.084732097865831,0.6349706453345714
makh1266,atla1278,-4.083720360769781,0.6349758195284737
mako1251,atla1278,-4.280055767697141,0.6169058630360621
makw1236,atla1278,-4.225979129612895,0.6353712780840383
mala1463,drav1251,-3.1422591551535226,0.757929913030478
mala1534,aust1307,-0.0157785797734508,0.4013618871343807
mala1464,drav1251,-3.28060902069294,0.723563475024088
mala1522,chib1249,-3.2981098167475507,0.755817727193711
male1284,gong1255,-1.5669765113583098,0.5907951377350751
male1297,chib1249,-1.447355369495831,0.7190408314934282
male1289,aust1307,-2.387268908187133,0.4702415103387656
malg1251,afro1255,-1.985155587559956,0.5321769804781786
mali1284,bain1263,-0.485834184490969,0.65276475992887
malt1254,afro1255,-0.9650506712913296,0.6103433825720558
malu1245,aust1307,-1.936491113697981,0.3269399819521956
mamm1241,maya1287,-3.848811938152944,0.6323981115425839
mama1275,aust1307,-1.917008857593224,0.5127133313395169
mamb1306,aust1307,-0.1426808694526684,0.4453515206509219
mamb1294,atla1278,-3.854148337761637,0.5365184012492743
mamb1296,atla1278,-3.845114250032964,0.6079773067829166
mamv1243,cent2225,-4.281067014259711,0.7393540752278248
mana1295,aust1307,-1.9429717119491572,0.4589009347702522
mana1298,nduu1242,-2.2430306706463714,0.6108944607340561
mana1288,sino1245,-0.1827998746811883,0.4960987021209696
payn1244,nucl1709,-2.5068843571030035,0.4670783556587938
mand1423,atla1278,-4.19853503929644,0.6342706334472974
mand1440,aust1307,0.1250272434802455,0.4446228734682834
mand1415,sino1245,-2.5333225652558173,0.6173003023858853
mand1436,mand1469,-1.617663857822599,0.6825021214181155
mang1378,aust1305,-0.8885492147082513,0.5949104443822458
rapa1245,aust1307,-0.042025000770417,0.5221052221552857
mang1401,aust1307,-0.4778976046301437,0.5205022688305361
penr1237,aust1307,0.1071348572319079,0.5234693028756655
mang1381,mang1423,-1.872237975888615,0.8510183837509593
mang1394,cent2225,-4.359259279879103,0.7641476085898704
mang1404,aust1307,-2.2674058752836164,0.4336201631947934
mang1405,aust1307,-2.491850790768805,0.5393846166499748
mang1403,aust1307,-2.4793181050408206,0.490791440454154
tong1308,aust1305,-3.173458448831119,0.688652287323096
manm1238,aust1305,-3.328216165745977,0.6450868907464369
mann1248,mand1469,-3.548275555128684,0.7537285510045759
mans1262,aust1307,-0.3465710223274647,0.4786659342806831
mans1260,hata1242,-2.881754064015771,0.7665457748759391
maor1246,aust1307,-0.0212938087119125,0.5127050717688768
mapo1242,aust1307,-2.2385708985593933,0.4291882079933864
mapu1245,arau1255,-0.5879635660830085,0.7523945787778339
mara1382,sino1245,-2.8077576232341337,0.5084083360563678
mara1399,aust1307,0.3375840396059493,0.3026191597439516
mara1379,sino1245,-2.6815381012053825,0.4484803345240808
mara1404,aust1307,-2.1047690867897138,0.4669882428201821
mara1386,west2434,-3.984871572650574,0.8581307041992113
mara1396,tama1329,-3.99478354154692,0.8012955009975228
mara1378,indo1319,-2.1371744742721805,0.6126973787670179
marg1253,pama1250,-4.286863214805878,0.8270770817321788
marg1265,afro1255,-1.9527143759229508,0.5006496374409961
mari1440,coch1271,-3.4282763330861448,0.8194383627132643
mari1428,aust1307,-1.6962356878321934,0.4286795066089771
nucl1622,anim1240,-3.066265688262681,0.7995615241336604
mari1416,sino1245,-2.743827071901957,0.46834426068165
mari1424,west2434,-4.134292814498373,0.8611038453890862
moro1289,moro1289,-1.116309933757225,0.7084082473650524
mara1385,mang1423,-3.931589227839723,0.9055334115203184
mars1254,aust1307,-0.521471559895853,0.5313881026648124
mart1255,pama1250,-2.1930834208205336,0.7839019258130557
maru1249,sino1245,-2.739100928887229,0.5692344237041099
maru1252,pano1259,-3.466522340458145,0.8064735457329913
masa1322,afro1255,-1.4081265445547415,0.5256203469005724
masb1238,aust1307,-0.6210384429261641,0.4769432557709679
mask1242,aust1307,0.4354041683216958,0.3065454708015138
matb1237,aust1307,-2.2822668224158527,0.5542842205977199
kemb1249,aust1307,-2.377876067413844,0.547908524941623
mati1250,aust1307,-1.923530295006766,0.4505371931681844
mato1252,aust1307,-0.1887670467676676,0.4160009084006211
mats1244,pano1259,-3.4697591254710742,0.808350719055705
matu1261,aust1307,-1.8608589183623665,0.4304575983322194
matu1259,atla1278,-2.1665547671565157,0.604636238778061
mauw1238,nucl1709,-2.547141896639028,0.5028015841470526
maun1240,iwai1246,-3.8668209473690633,0.925869364000856
maxa1247,nucl1710,-2.835696951789493,0.8177340216554687
maya1285,misu1242,-1.4970655353748663,0.7418628833764186
maib1239,mayb1237,-3.0659363790577587,0.7828416169895209
mayo1261,atla1278,-4.238834151743818,0.6356536952641513
maza1304,afro1255,-4.029257121777264,0.5124134451544993
mbaa1245,atla1278,-4.333805715609417,0.6270857152509892
mban1263,atla1278,-4.274249076705074,0.591989755884955
mbar1260,afro1255,-1.825327458619828,0.5415357978626253
mbay1241,cent2225,-2.089612476784983,0.7119107748383867
mboc1235,atla1278,-4.13331911530679,0.5345861737567196
mbug1242,atla1278,-4.285330807327542,0.6224969385767158
mbul1263,aust1307,-0.3546200681086406,0.4414101293953958
mbya1239,tupi1275,-3.1370724277122903,0.8156981400734057
meen1242,surm1244,-4.064464315509631,0.7863155318997485
mehe1243,sepi1257,0.1428456179325463,0.4926376618095002
saki1248,tupi1275,-3.2098811858074856,0.7790687943700241
meke1243,aust1307,-2.445895049588315,0.4881169261060574
melo1242,gong1255,-1.864690974664917,0.599902323093294
mend1268,sepi1257,-1.6166015414596404,0.5278361455954286
mend1266,mand1469,-1.3349372184668096,0.6852827068231816
meng1267,aust1307,-2.2742444809193056,0.4855206314196695
meny1245,anga1289,-0.9200553141107032,0.6211987617881048
mere1242,aust1307,0.5182055847766036,0.3802360698886802
meri1244,east2503,-1.189632064273796,0.7198059322899387
meru1245,atla1278,-4.246416716207339,0.6245694131365991
mesc1238,atha1245,-3.5298918996767195,0.8417540462653478
meta1238,atla1278,-2.167761832193465,0.5052965397277851
meya1236,east1459,-2.9912781806005397,0.7874168406244857
mezo1235,otom1299,-0.5798440830221038,0.5164511603325429
mezq1235,otom1299,-0.6944757529766724,0.565860274697572
mian1256,nucl1709,-0.5825658996465536,0.5038849756040165
mich1245,utoa1244,-3.7618969953556665,0.7377171872915886
midd1357,pama1250,-4.298527467589338,0.8101516794854304
midd1327,aust1307,-2.320600682557373,0.4359326524085793
mids1243,atla1278,-2.14363515514511,0.5897905585160537
mika1239,musk1252,-3.621731108244348,0.8457462059854923
mikm1235,algi1248,-3.533952197351715,0.8451728784836219
mila1245,sino1245,0.0870262347351276,0.4750568249634683
mina1276,afro1255,-4.033155594418056,0.4990929995516453
mina1268,aust1307,-2.553361091592137,0.5715633526686814
mini1256,huit1251,-3.192057393135602,0.8308265886745283
mini1251,aust1307,-1.6561397420101152,0.4485576846060661
minn1241,sino1245,-2.5414574453162757,0.6153501343531158
miri1266,jarr1235,-3.9876324746393257,0.9445256214394736
mixt1426,otom1299,-2.980984755802912,0.5799305885316627
miya1266,afro1255,-3.401834826010735,0.5483994903124856
miya1259,japo1237,-3.1470113494343126,0.8226414969784309
lush1249,sino1245,-0.6927377070439514,0.4819936988332723
mlab1235,aust1305,-1.2798831535723605,0.6190492082942707
moba1244,atla1278,-3.9114770828795566,0.5950564169648718
moch1257,maya1287,-1.6278473185040454,0.613803907244654
moco1246,guai1249,-3.274286847867299,0.8692746030723331
mode1248,indo1319,0.4651835795336001,0.5600112033808272
hebr1245,afro1255,-1.0930173132495984,0.6089697409535215
moha1258,iroq1247,-3.656804173902484,0.8163105206759134
moii1235,west1493,-2.8632185305877926,0.799115932775234
moke1242,aust1307,-1.854213351817693,0.6171854450997856
moki1238,aust1307,-0.5613046185934637,0.5259875082169566
mokl1243,aust1307,-2.4266737448832103,0.6207720968158883
moks1248,ural1272,-1.2816131017686163,0.6954049091477577
molo1266,afro1255,-4.063408145475666,0.5116910436537748
nucl1452,momb1255,-2.9797072788522883,0.8088534416971307
fass1245,baib1250,-2.761083919188879,0.7118508405908844
monn1252,aust1305,-1.154636151177875,0.6428297589764402
mong1338,atla1278,-4.2499528219392175,0.6335992354616007
mono1270,atla1278,-2.216800670660508,0.5745832738331937
nucl1458,monu1249,-2.248884026309629,0.6708595100128302
monz1249,atla1278,-2.133812953398445,0.5516575091249826
mopa1243,maya1287,-1.563673966005284,0.6522964774141223
mori1269,aust1307,-0.7591724467624191,0.501705582528503
mori1268,aust1307,-2.640185493221434,0.5325722404831748
morm1235,aust1307,-2.3914713710619555,0.5006677081610837
mort1237,aust1307,-2.472299397888672,0.5792510562609299
mose1249,mose1249,-3.099426192730968,0.8486734191303019
mota1237,aust1307,0.2627813244206889,0.4223346722335674
temb1272,atla1278,-4.401865004864247,0.6072439755939021
motu1246,aust1307,-2.288069401371024,0.4779252087170362
mouk1239,aust1307,-2.492682226415972,0.4740603090747618
moun1252,koia1260,-2.8817041601434377,0.6900118450538792
tang1347,aust1307,-1.466783321909733,0.3560893750532854
moyo1238,sino1245,-2.7868240353855835,0.4669598513460216
mpad1242,afro1255,-1.9551333143180172,0.571304526736422
mpii1239,sino1245,-0.7139744490826804,0.548058543784282
mpot1240,atla1278,-4.272134827744136,0.6316667192588372
mpur1239,mpur1239,-2.768303979881447,0.7878357169858501
mual1241,aust1307,-2.371857767750795,0.5538002751943771
mudu1242,aust1307,-2.531751345923491,0.4978785502544381
mudu1239,drav1251,-3.21099381229156,0.7149467718280073
mull1237,nort1547,-3.975219876787648,0.9002038926047158
nucl1240,atla1278,-2.184774598277736,0.5283896433871569
muna1247,aust1307,-2.609555861291178,0.5519495258242715
munc1235,sino1245,-2.638560906920216,0.5753199848343877
mund1328,atla1278,-2.191010403894816,0.4860922177422774
mund1325,atla1278,-1.833252655579079,0.5257416265600989
mund1320,aust1305,-2.993680211191289,0.6873608542602072
abar1238,atla1278,-2.19331066411697,0.4859718373674419
murl1244,surm1244,-3.963199190468914,0.8199016364026769
murr1258,sout2772,-4.003281231110634,0.917260983087553
muru1274,huit1251,-3.249545813570508,0.8440469234208697
muru1266,pama1250,-2.247383691313459,0.7830538343096984
musg1254,afro1255,-3.974763772897885,0.5307634916112811
muso1238,aust1307,-0.0318224167318517,0.403162994341579
muss1246,aust1307,-2.4437274644750104,0.5541434375084984
muth1236,drav1251,-3.1873554543493183,0.7313246990329079
mwag1236,afro1255,-1.684186339159099,0.529869711633669
mwan1250,mand1469,-1.49408856227474,0.6687011122912955
mwan1247,atla1278,-4.070538624378931,0.6347047999134744
mwer1248,atla1278,-4.232569675870292,0.6324590288681765
motl1237,aust1307,-1.5556099994622503,0.4469773759715597
naba1256,nucl1709,-2.860058594917269,0.5188702924908631
sout2857,aust1307,-1.7540071684565195,0.3538351473604777
naka1262,aust1307,-2.398136826511336,0.4931270484971441
nali1244,aust1307,0.0300676300867615,0.4359630052257727
nama1268,aust1307,0.1544942077473265,0.3966317329485035
litz1237,aust1307,-1.6417951753743658,0.3164114488513375
nama1264,khoe1240,-3.9620354874510166,0.8573546005702144
nama1266,more1255,-2.80092364016347,0.6774676255877775
namb1293,more1255,-2.910486602740849,0.6968919509626204
nami1256,sepi1257,-2.1960118674991467,0.5520364125126075
namu1246,sino1245,-2.181540492363442,0.5194400480914669
nana1257,tung1282,-3.206285065972326,0.7995731115313827
nand1266,nilo1247,-4.100175249879674,0.8324420985044286
nang1262,aust1307,-1.8608157411752808,0.4906152924280648
nant1250,araw1281,-0.8200165013324114,0.6340970075977512
nara1262,nara1262,-3.923785205187866,0.8639887743862019
naro1251,aust1307,-2.767365775496733,0.5486643519760264
yong1270,sino1245,-2.418310228612457,0.5412646840729931
nati1244,aust1307,-1.8127185846041811,0.3409507666055955
natu1246,aust1307,-0.080323041051207,0.4790092365953556
naue1237,aust1307,-0.555976881380989,0.4628876458333872
naur1243,aust1307,-2.4947410047592933,0.5764840211023872
nava1243,atha1245,-1.4434584312288257,0.753918506277282
nawu1242,atla1278,-4.10625216261826,0.5802074005066248
ncan1245,atla1278,-4.341667880783791,0.5004946345408363
ndam1239,atla1278,-4.2330399241662775,0.6309234305678687
nden1248,atla1278,-4.2689288646087125,0.6169128345494236
ndob1238,atla1278,-4.435411584340123,0.5874972133276184
ndog1248,atla1278,-4.176494298015426,0.6314340392205399
ndom1245,kolo1268,-3.103003717362295,0.8047652550526119
ndun1249,atla1278,-4.420058858198221,0.606513278344837
nege1240,aust1307,-2.5062786178196,0.6351219030667419
negi1245,tung1282,-3.0280587561910925,0.8019722827176763
neha1247,aust1307,0.1652259150727408,0.4749282331795815
kuma1276,aust1307,-2.136950093037517,0.4792139109630441
nenn1238,more1255,-2.9309687637223947,0.6957239080958073
nend1239,nucl1709,-2.4981111008741754,0.4643639769851562
neng1238,aust1307,-0.2343421331947723,0.4725638691297535
nucl1706,afro1255,-1.0481496182592809,0.6091943160663285
nepa1254,indo1319,-2.065478400660376,0.534816370587458
nese1235,aust1307,0.2863482734782736,0.3250509998385276
vinm1237,aust1307,-1.4447243032206138,0.3250958652483597
ling1265,aust1307,-1.6060652770510615,0.3155169960292667
nezp1238,saha1239,-3.139542705740659,0.8345358835706737
ngaa1240,pama1250,-4.419980626323001,0.8163796291960854
ngab1239,chib1249,-3.174558614172579,0.7739529178049933
ngal1292,gunw1250,-4.053744426885042,0.9033837266144632
ngam1268,cent2225,-4.291164695537959,0.7302043777734339
ngan1291,ural1272,-3.248263363825389,0.7670278202545088
ngan1295,gunw1250,-3.96967243820503,0.9153841722758388
ngar1235,pama1250,-4.46111037080578,0.7831341880693554
ngar1283,mirn1241,-3.925881569357024,0.9142096138015436
ngas1240,afro1255,-1.6399940686838252,0.516701459959882
ngba1284,atla1278,-2.1027642421182824,0.5584447460226194
ngba1285,atla1278,-2.2664570952509813,0.5759181121320727
ngge1241,nucl1709,-3.199151749970901,0.6382546630381117
ngit1239,cent2225,-4.451381443898646,0.7569467699999112
wang1291,pama1250,-2.145722517063478,0.7692658166710101
ngom1268,atla1278,-4.284082619384781,0.6175404900335844
nhan1238,pama1250,-4.344068433935577,0.8437786923706553
nhen1239,tupi1275,-2.7937364955527477,0.7798426429504453
nias1242,aust1307,-2.5237282971180086,0.5718191073377461
niha1238,niha1238,-3.114650153465387,0.8376746473873857
nila1242,atla1278,-4.02282912099267,0.6165079306233611
nucl1633,nimb1257,-3.1491262249223597,0.757168439010327
labo1244,aust1307,-1.7739839842936114,0.3310021622278016
nisg1240,tsim1258,-3.443554150035511,0.8644056889436628
niua1240,aust1307,-0.5555471413370399,0.5122763818554901
niue1239,aust1307,0.145901700456843,0.5137581157592619
niva1238,mata1289,-1.19999372144469,0.7734845081736585
njan1240,atla1278,-1.79140495413756,0.5038823993817008
nkon1248,atla1278,-2.031062153498162,0.5373154996078371
noct1238,sino1245,-0.5228263052457818,0.4576026710708964
noma1263,araw1281,-2.7682970146578887,0.684413658594434
noon1242,atla1278,-2.147903672305638,0.6034834163135909
noon1243,atla1278,-4.328196100303686,0.500471442532145
nopa1235,otom1299,-0.8682834379872562,0.5092704062005187
nort2839,aust1307,0.5983990345272487,0.323996299942623
nort2697,turk1311,-3.110082335947754,0.7719405539214731
darg1241,nakh1245,-3.286662168983982,0.7170108677102293
nort2930,kiwa1251,-1.1824097222633745,0.6709211852088707
nort2836,aust1307,-2.1104015994816265,0.4146861315817408
nort2724,sino1245,-2.6619751648533327,0.5478630784132339
nort2972,choc1280,-3.611050071503613,0.7967294444422828
nort2702,drav1251,-3.081933897669734,0.7416759819138066
gumu1244,gumu1250,-4.0462730691132505,0.8368534518910618
nort2938,haid1248,-1.6139191327989817,0.7555186356447796
sing1264,sino1245,-0.5208183546787164,0.4670180100066246
nort2877,aust1307,-0.3430948736509933,0.3596783127683856
nort2684,aust1305,-3.2160339230496664,0.6892380544232395
lush1252,sali1255,-0.6355724399790493,0.6253298593672627
nort2774,atla1278,-2.108806216521405,0.5654447743721759
nort2954,utoa1244,-1.6478650285586796,0.6762743728634337
nort2723,sino1245,-2.30165065431976,0.5334145827115833
nort2747,hmon1336,-3.2753062587300623,0.7915779489166797
nort2722,sino1245,0.3136555614621068,0.5058439655021045
nort2885,aust1307,0.1579580058618774,0.4561003606406555
nort2959,utoa1244,-3.604888882896853,0.7071995306220281
tosk1239,indo1319,0.4424497617555909,0.5480028556724972
nort2732,sino1245,-2.5105972260031595,0.6179748720873853
nort2690,turk1311,-3.1549770111675888,0.8131780284611926
yoku1256,yoku1255,-3.516382763089089,0.859980283942527
nort2745,yuka1259,-2.82957980039701,0.8284166679592624
nort3047,afro1255,-1.9588293084189683,0.4984328874993965
nort2980,quec1387,-3.033377454141605,0.8169842211140762
nort3139,afro1255,-1.157436486678452,0.5848058492962552
nort2845,aust1307,-0.5556865189903079,0.5274026711429137
nort2671,ural1272,-3.256147201177791,0.7628747846059873
nort2942,atha1245,-3.446237631682645,0.8396659919430942
nort2847,aust1307,-2.4242525524235847,0.4648897279231478
nort2699,drav1251,-3.012680680335035,0.7666687103555215
nort2961,algi1248,-3.321782760769097,0.8340911527792039
nort2775,atla1278,-4.157010566716116,0.6142363586549492
yaki1237,saha1239,-3.475024774843633,0.8517536989207338
nots1237,aust1307,-0.0386296059883706,0.4350084792164737
nsen1242,atla1278,-4.19349826115968,0.6418884543384551
nuer1246,nilo1247,-3.9681761227936367,0.823954371902037
nugu1242,atla1278,-4.037618516629888,0.5629456273425038
nukn1238,nucl1709,-2.8994954282014263,0.522443204044877
nung1282,sino1245,-0.6607659143096551,0.5049145364328236
nupe1254,atla1278,-4.170522057490661,0.5978491131472492
nusu1239,sino1245,-2.7331457163346844,0.5416714982758147
nyah1250,aust1305,-3.2443191800949567,0.6804441464053639
nyak1260,atla1278,-4.100121108590517,0.6227487953701475
nyal1250,atla1278,-4.24878105587327,0.6144530190624619
nyam1285,afro1255,-1.7500510544019492,0.5250200654776186
nyan1301,pama1250,-4.333215991519763,0.8380807063334565
nyan1307,atla1278,-4.291588640490267,0.6125154378145239
nyat1246,atla1278,-4.0263682731722605,0.6144183282278328
nyig1240,nyul1248,-4.019784125983945,0.9279487663627912
nyis1236,sino1245,-2.169683791689641,0.4846660959678646
nyor1246,atla1278,-4.335743167835502,0.6185491687600702
nzad1234,atla1278,-4.0835418365008485,0.6371796422221847
nzak1246,atla1278,-4.095261651301454,0.5834293684851639
nzak1247,atla1278,-4.156730423646121,0.6023638524394295
obok1239,lake1255,-3.3608384109885487,0.7877775883340996
occi1239,indo1319,0.455680651272961,0.5669632952553199
oriy1255,indo1319,-0.0606131102237863,0.5635760177172714
kalm1243,mong1349,-3.1096846367822133,0.8240963237649265
okan1243,sali1255,-0.9594857960627516,0.6494840335839434
okin1246,japo1237,-3.1155429773869736,0.822850486384513
okoe1238,atla1278,-2.134745139935106,0.5428358934179898
oksa1245,nucl1709,-0.0732023103686843,0.4727139997909468
oloo1241,nucl1708,-2.363477455860685,0.5888089806702995
olut1240,mixe1284,-1.466503804755995,0.7401349332915954
omah1247,siou1252,-1.3321115450874492,0.7588390296958224
omie1241,koia1260,-0.9599099747388822,0.6476779053057999
onon1246,iroq1247,-1.4218980413391693,0.7449742496936436
orma1241,afro1255,-1.8642978758458324,0.6294840431768629
oroc1248,tung1282,-3.154179300414845,0.8049172057374934
oroh1237,aust1307,-0.8057538616611635,0.4566753101633964
orok1265,tung1282,-3.139949418609816,0.8130478129379813
orok1269,nucl1709,-3.130678715663014,0.6019152737661859
orok1266,atla1278,-3.993147228829048,0.5619142352026661
orok1267,nucl1580,-3.187877245718868,0.7422932955745049
orow1242,aust1307,-0.2631254991560161,0.4426406674739235
orya1242,toro1256,-1.1697294641813385,0.7074943434531572
osam1235,atla1278,-4.20242954441591,0.6276339388152317
otta1242,algi1248,-3.567422655846814,0.8398693985762065
owaa1237,aust1307,-0.6543309769433457,0.4977936375932255
paaa1242,afro1255,-1.238628812831703,0.5484496437737405
paam1238,aust1307,0.2241878308150653,0.3450194140269812
paas1238,atla1278,-2.062744823884874,0.5341014522516665
paco1243,aust1305,-3.195617342347221,0.6845484741000961
pagi1243,atla1278,-4.275491744017162,0.6018957791072308
pagu1249,nort2923,-0.6715078794976281,0.5816403604139525
pahn1237,hmon1336,-3.3139228263914315,0.7848922888205212
pait1244,sino1245,-0.640249752546968,0.4405273313566027
paiw1248,aust1307,-2.518873379374771,0.5015337375401009
pala1344,aust1307,-2.5096129574926618,0.5741164132644356
pali1279,araw1281,-2.7000909955651307,0.7304600267356106
balu1257,aust1307,-2.4482060323049994,0.5004877614524885
pamb1243,atla1278,-4.150229553303065,0.6304566559167399
pamo1252,aust1307,-2.706894855187892,0.5330383616303457
pamp1243,aust1307,-0.6453893824323985,0.460886898404601
pana1305,utoa1244,-1.624715562563842,0.6840271086602574
pana1307,nucl1710,-2.924268141920444,0.8193490605250002
enap1235,cari1283,-3.1639809899943154,0.8357045363317697
pang1290,aust1307,-0.4293167862450477,0.4220924650587112
pang1291,aust1307,-2.596689826665238,0.5448503785147842
pang1287,atla1278,-4.201690139913591,0.6327450830657539
pano1254,pano1259,-3.450560783980442,0.7922605744012357
pany1241,pama1250,-4.334018057107846,0.817769007974557
papa1265,aust1307,-0.2401685670341544,0.4399306383517969
papa1268,aust1307,-3.112223981845245,0.4748702866628941
para1302,sino1245,-2.648599483291856,0.5010046598986568
pare1272,araw1281,-2.9624744530254983,0.7368098741280031
pate1247,aust1307,-2.076191338706674,0.4298923197635875
patp1243,aust1307,0.3682853458717592,0.4454777423487499
patt1248,sino1245,-2.3391683081228267,0.5929756160084905
paul1238,aust1307,-2.0029204850443274,0.5381291352566456
paun1241,araw1281,-2.7981793011388185,0.691656721807185
pawa1255,pawa1255,-3.0597900492255388,0.7070782929702086
pawn1254,cadd1255,-2.693386145274205,0.8473281960821027
pela1242,sino1245,-2.754773818484596,0.5697514844365814
pemo1248,cari1283,-3.1350278733905346,0.8272116503256923
pend1242,aust1307,-2.676102016747393,0.5569202663059061
peng1244,drav1251,-3.130186054440214,0.7301282401190116
peri1253,mong1349,-3.117408386479181,0.8234437508769333
phak1238,taik1256,-1.2546231974015056,0.6640569691296697
phon1246,aust1305,-3.192697076845625,0.6793058699618415
pich1237,araw1281,-2.755234746353233,0.6880355668579857
pila1245,guai1249,-3.279470005389684,0.8649697784704322
pima1248,utoa1244,-1.57797853847107,0.6600358603663207
pina1252,piaw1238,-2.5621330101863284,0.6641999531069206
ping1243,aust1307,-2.5796343434545848,0.5671913731466772
pipi1250,utoa1244,-1.707575253228534,0.683255208544858
pite1240,ural1272,-3.267862879514125,0.7551302866199355
plai1258,algi1248,-3.553235905949975,0.8379437046719773
plat1254,aust1307,-1.166435152960092,0.6051043482602536
pnar1238,aust1305,-0.7162750252892802,0.5633021915369394
pohn1238,aust1307,-2.565781251471061,0.5695729617302827
poli1260,indo1319,-2.054980013499935,0.615974637846478
popt1235,maya1287,-3.519537480867849,0.6244793795155901
port1285,aust1307,0.2732778204683339,0.3217812588952684
port1283,indo1319,0.3573455898753115,0.5622734442511059
pott1240,drav1251,-3.2225750459665585,0.7360420494245461
phai1238,aust1305,-3.339259782601637,0.6519677487019194
pras1239,indo1319,-1.4905160365657335,0.6036360966284587
psik1239,afro1255,-4.07059434002168,0.5055745532951754
puka1242,aust1307,-0.4557199146451536,0.5238688601108509
pula1263,atla1278,-2.126137239771716,0.5989918647905161
pula1262,atla1278,-2.156207941057664,0.5811033689939105
pulu1242,aust1307,-2.5131561217430924,0.5758396958418741
puma1239,sino1245,-2.480087676727858,0.4867183059113618
pume1238,pume1238,-1.21881834869585,0.7734113766722764
pura1257,pura1257,-2.9392133392523574,0.728362696691133
pure1242,tara1323,-1.5065551448433068,0.7657772109894387
puri1258,sino1245,0.0958769485190091,0.5486651825324369
puyu1239,aust1307,-0.2568449577086313,0.460662489591447
qanj1241,maya1287,-3.6846159018718234,0.6282811196049849
qawa1238,kawe1237,-3.131830178166401,0.8634470227107233
qima1242,afro1255,-3.8897939398065504,0.6583229036524936
quer1236,otom1299,-0.9338748106365984,0.5843663980844042
quio1240,otom1299,-2.871328460218946,0.5376559104245497
rabh1238,sino1245,-2.275833362460805,0.5267377470266245
rade1240,aust1307,-2.5708154581273286,0.6081851199379107
raji1240,sino1245,-2.445705272897695,0.5706227077135795
rama1270,chib1249,-1.43746193760896,0.7182912075346106
rapa1244,aust1307,-0.0879936321077112,0.5199899891419946
rapo1238,nort2933,-0.9497360812288372,0.6366226410443054
rata1244,aust1307,-2.514173255405482,0.5692857461652789
raut1239,sino1245,-2.3913174467131286,0.5717966887723289
rawa1267,nucl1709,-0.6860697181371074,0.4592543526983095
reja1241,aust1307,-2.552175774908857,0.5581432422369871
remb1250,aust1307,-2.5127186364432994,0.526723790627968
reng1252,aust1305,-3.2399509564520512,0.6667292356004679
renn1242,aust1307,-0.2061288674754293,0.4995403077689977
rere1240,aust1307,0.4705090107162162,0.320580837634083
resi1247,araw1281,-2.7740367298794912,0.7058465173796351
reye1240,pano1259,-3.250062069512905,0.7970103127476972
rian1263,kolo1268,-3.104462767234586,0.8003648474943519
rita1239,pama1250,-4.115570692838278,0.8078522768217509
beka1241,aust1307,0.0248602453731323,0.5162267056952254
roma1326,indo1319,0.4974276670789219,0.5545158763822956
ronn1241,afro1255,-1.7089874723620648,0.5292453424979165
rong1266,sino1245,-0.6326932979119609,0.4288402749209511
rong1264,sino1245,-2.239519796537828,0.5723072922541586
roto1249,nort2933,-0.9865836128365576,0.6340656361996151
rotu1241,aust1307,-0.4242585366235083,0.5224329801793666
ruch1235,aust1305,-3.3576575374368027,0.6822860383652002
ruka1240,aust1307,-2.506702506096029,0.4797356461016001
ruma1248,aust1305,-3.34180693557666,0.6847651537121898
rumu1243,tura1263,-3.144654231698838,0.7321493560224421
rung1258,maba1274,-1.945518402242649,0.7789994155110731
rung1259,aust1307,-0.910747367048185,0.4525289985793875
russ1264,mong1349,-3.12021952491382,0.8244327830806035
russ1263,indo1319,-2.063246840040474,0.6234864646387568
rutu1240,nakh1245,-3.26209368730777,0.715405022428712
saaa1241,aust1307,-1.7084056294444627,0.3490964628865635
saaa1240,aust1307,-0.7499271447643894,0.4458191296644271
saam1283,atla1278,-4.282749460592444,0.6242387884187983
saar1237,aust1307,-0.5507739735788072,0.4412083803343021
saba1267,aust1307,-1.0057823995605406,0.4613989762119168
saba1268,namb1299,-3.332346885107521,0.8486950167470255
saga1262,atla1278,-4.231021871645551,0.6296434667132237
sais1237,aust1307,-2.573288603573208,0.5055729883216487
yaku1245,turk1311,-3.1710671306473546,0.8137034446066991
tsis1238,atla1278,-1.7949589761402296,0.5558105949213198
samb1311,atla1278,-2.070227755056097,0.5257582196176627
samb1305,atla1278,-2.2061585420035144,0.5239249402416576
samo1305,aust1307,-0.0185903826102091,0.523070317403378
wara1292,atla1278,-0.9236844029843,0.4702115486486504
sana1295,afro1255,-0.962063605377396,0.6087775843355416
sanb1241,otom1299,-2.9609519378653246,0.5567161175373033
sanb1242,chib1249,-1.3337366333004148,0.7354290669922099
sand1273,sand1273,-2.0694866093837527,0.7836416998964205
sand1278,huav1256,-1.4809627420196618,0.7488557769885829
sang1331,atla1278,-4.055620651319929,0.641523252205568
sani1269,sino1245,-2.6968461848704437,0.5705235575348877
sanm1289,quec1387,-3.4175987448709524,0.8401703471449264
sanm1295,otom1299,-2.5878660930741617,0.4913128880971292
sant1451,otom1299,-3.01394239862703,0.5908181950106692
sant1436,otom1299,-0.7597389487653343,0.4781379062631835
sanu1240,yano1268,-1.3669190859599396,0.7675294115583131
sapo1253,aust1307,0.1461098051301077,0.4322185028956422
sapu1248,aust1305,-3.229067692930639,0.6673240890308526
sara1321,cent2225,-4.147936663267179,0.7595714132992706
sara1327,aust1307,-2.339476081768277,0.5132389310157869
sars1236,atha1245,-3.6058033089709127,0.8365725516088369
sasa1249,aust1307,-2.443125142323612,0.5592375845663651
sata1237,aust1307,-0.5319322839859982,0.5296926050408843
saur1249,drav1251,-3.106387363157233,0.7581355652858134
savo1255,savo1255,-1.3293179397509578,0.6694285460288465
saya1246,afro1255,-1.1770558693607032,0.4886972974393581
seda1262,aust1305,-3.2297576747486527,0.6702302388770591
taro1264,aust1307,-2.667052474986497,0.4983618155323138
seim1238,aust1307,-2.1140494483985752,0.5334027733715166
seke1241,aust1307,0.4064220770098379,0.3480874991462632
sekp1241,atla1278,-2.2158980991805084,0.5346723477700308
sela1259,aust1307,-0.0130004757391131,0.5150482655977481
sela1260,aust1307,-0.6829501851350033,0.5048577228017328
sele1250,nucl1709,-2.7803571878682893,0.5358258617265526
selk1253,ural1272,-3.116019897985802,0.7613037139350696
sema1265,aust1305,-3.183209600643579,0.6903722715542909
seme1247,aust1305,-3.227465928145124,0.6910177944118527
sene1264,iroq1247,-3.6312238337281664,0.8085174253074839
seng1281,aust1307,-2.5556948677802875,0.4877848561141948
nucl1632,sent1261,-3.106621401205889,0.7670139201876525
sout1528,indo1319,-1.9845800779939524,0.6046497159218015
seri1257,seri1257,-0.7707267141742725,0.742420125874867
seve1240,algi1248,-3.54187329327436,0.8429429144483523
sgaw1245,sino1245,-2.6516037751814534,0.604579830916162
shab1252,shab1252,-2.0895800523919847,0.7648705353012705
sham1280,atla1278,-4.314972892484937,0.6209679011385538
shan1283,pano1259,-3.49602253166313,0.7968327319771663
shaw1249,algi1248,-1.5619292082723475,0.771991891770024
shee1238,hmon1336,-3.1362789523737624,0.8028061231218783
shek1245,dizo1235,-1.936390203434051,0.7558582297962981
sher1257,sino1245,-2.1175560953188817,0.4941264387521835
biao1253,taik1256,-3.271874708222618,0.7644783639894077
shil1265,nilo1247,-4.169612573241914,0.832395380482674
ship1254,pano1259,-3.5060134942137884,0.7988331813412338
shix1238,sino1245,-0.1149945935511842,0.5021312105509556
shol1240,drav1251,-3.146980836983622,0.7177487914915701
shon1251,atla1278,-4.194091925087802,0.6406364972417768
shor1247,turk1311,-3.1787491406606967,0.8096272571343316
shos1248,utoa1244,-3.7135385931807487,0.7486795189741148
shwe1236,aust1305,-3.343393971179068,0.6822094705740572
siam1242,siam1242,-1.0639697068377971,0.6730078239033764
siaw1243,amto1249,-2.7724614290536205,0.6876018570358612
sich1238,sino1245,-0.0496486350435305,0.5126985381853884
sici1248,indo1319,0.3521839954432499,0.5675419271400219
sici1249,atla1278,-1.2007711427786882,0.4758739119691469
sida1246,afro1255,-3.85385608832056,0.5828800782414987
siee1239,aust1307,-2.2549209766051423,0.4742311349461896
sier1250,otom1299,-2.856742369674389,0.5424217341926014
sier1248,utoa1244,-1.586349028314363,0.620793290990435
siks1238,algi1248,-3.558841867149022,0.834029863055117
sina1266,aust1307,-0.2055905289680926,0.4366431949777818
sini1242,mand1469,-1.400279898397223,0.6809027718328335
sioo1240,aust1307,-2.146014571866397,0.4443538090492009
siri1273,tupi1275,-3.138764102776737,0.7835693061745952
siro1249,nucl1709,-2.62618619683332,0.4863041417464753
sile1255,nucl1709,-0.4686156909381538,0.4443888293384873
situ1238,sino1245,-1.6900566253850722,0.5003353195148766
siwi1239,afro1255,-3.863921386432824,0.677876030291404
siwu1238,atla1278,-4.340104812825785,0.5354080199444496
siyi1240,sino1245,-2.742037603019921,0.4767882482223921
skol1241,ural1272,-3.249749956669093,0.7664704595929794
slov1268,indo1319,-2.0128020082048144,0.6102936895963602
sooo1254,aust1305,-3.201123481777808,0.6803600536614972
sobe1238,aust1307,-0.5632571945124394,0.5030951419236244
soch1239,otom1299,-2.927378362051802,0.5561742259887241
soga1242,atla1278,-4.32214043700563,0.6157906010919751
soli1239,atla1278,-4.104270611231625,0.6365242529469186
soma1255,afro1255,-1.6670595048587171,0.6188580177811529
soni1259,mand1469,-1.491818675098812,0.6920037041561328
sons1242,aust1307,-2.4262488585103243,0.5781994902973169
koon1244,atla1278,-2.1407824311681773,0.6080167797809988
sout2859,aust1307,-1.85773610919619,0.3422482016320718
sout2856,aust1307,-0.0336074214868205,0.4177639763889625
sout2954,japo1237,-3.118241193451825,0.8226951145764304
sout2996,ayma1253,-2.193414453669956,0.7599892273463512
sout2730,sino1245,-2.716609549434541,0.5626446679235667
raro1241,aust1307,-0.0989785861722336,0.5172053971260884
sout2741,taik1256,-1.3987561364393963,0.7048517014965712
sout2715,sino1245,-2.524506155098268,0.4959650192428381
sout2826,krua1234,-3.868726230765871,0.8552456601845064
sout3236,gumu1250,-4.113089309094233,0.8229352362526352
sout2956,haid1248,-1.5159635186210754,0.7586720482158427
kach1280,sino1245,-2.734509555693587,0.566568257280196
sout2949,kiwa1251,-3.185432207665741,0.7601153645197775
sout2649,indo1319,-1.4123600075145282,0.6017795803681448
sout2729,sino1245,-2.4404167322476225,0.5320492002266366
sout2728,sino1245,0.2727003810153372,0.5042944629011779
sout2918,aust1307,-2.8183906764233813,0.5451295494943602
sout2985,miwo1274,-3.422529498290781,0.8515433448880559
sout2807,atla1278,-4.037637641998025,0.644007200202092
khan1277,sino1245,-2.477152908337377,0.4330764922253084
sout2679,ural1272,-3.279482695659011,0.7592232377495189
sout2782,atla1278,-4.104216388344348,0.5555846972573224
sout2674,ural1272,-1.2418547771201522,0.6946206592725628
sout2959,atha1245,-3.543331649232444,0.8450509369934653
para1301,aust1305,-3.3381499068605027,0.6774843374756219
sout3261,nakh1245,-3.2859587369130434,0.712608594959237
sout2869,aust1307,-0.4159047751105786,0.4428747464784363
stan1318,afro1255,-0.5145249841861167,0.6038121660219584
indo1316,aust1307,-2.567738386445985,0.5673718573095272
horp1239,sino1245,-1.6685209566843575,0.5194460701655994
suab1238,sout3418,-3.0308777671732323,0.7879278538838368
suba1238,atla1278,-4.280240012672749,0.6192647681117506
sude1239,aust1307,-2.5163950568828293,0.5664437830659026
suen1241,nucl1709,-2.8988267593104657,0.5943586876132791
suku1259,atla1278,-3.926657520037363,0.6342238928278128
suku1261,atla1278,-2.1485135325518323,0.6079279536170581
suku1272,afro1255,-2.0144180170852706,0.4880939678665266
sulk1246,sulk1246,-0.316494520797004,0.6564166302006903
sumi1235,sino1245,-0.5610079136240032,0.439636090292628
sund1252,aust1307,-2.4558438011609995,0.5642710791826351
mari1426,aust1307,0.3762971966731743,0.382712610267929
sunw1242,sino1245,-2.5116367792321697,0.4858207047921491
supy1237,atla1278,-1.4929777281383008,0.517523234841875
surg1248,ural1272,-3.2471143422185413,0.7674933110200572
susu1250,mand1469,-1.1298181727491443,0.6704758633309533
swah1253,atla1278,-4.137937857830938,0.6193772348674736
swed1254,indo1319,0.3561544833514676,0.5733575577360422
taba1263,nort2923,-0.8578556157927891,0.5952103127982475
tabo1241,tabo1241,-3.1038333556592184,0.7669785234155644
tafi1243,atla1278,-2.18928186220448,0.5362556263738056
taga1272,aust1307,0.0522155984769996,0.4464740443391466
taga1270,aust1307,-0.6392032743946,0.4799046405352597
tagb1258,aust1307,-0.7089346697140112,0.5046479216478962
tago1246,rash1249,-3.9786160988622856,0.851589831951366
tagw1240,atla1278,-3.9239334275905735,0.5920765580606777
taha1241,afro1255,-3.861112972491685,0.6782022684303922
tahi1242,aust1307,-0.0202923519349624,0.5126814859683547
taia1239,taia1239,-2.495650900782673,0.6892725947271634
taji1246,aust1307,-2.7529780339132346,0.5418181932947396
taki1248,aust1307,-1.953284060240453,0.4485585282757851
taku1257,aust1307,0.0278834134900429,0.5046803863703829
binu1244,aust1307,0.2187950450259412,0.446592519057742
tali1259,aust1307,-0.4599671205037479,0.4410914401346366
tama1331,tama1329,-1.882470642195176,0.7902495546155953
malo1243,aust1307,0.5968164351321152,0.3369582367610479
tama1365,afro1255,-3.797197807770289,0.6130801680264009
tamb1254,aust1307,-1.0270549130000888,0.445677089260491
tami1290,aust1307,-2.318380331298184,0.4621257734410584
tami1289,drav1251,-3.181139905654014,0.7532494686073561
tane1237,aust1307,-2.0981337362535863,0.499107309006527
tang1377,sino1245,0.1125932979272918,0.486556729832053
tang1348,aust1307,-1.91732839539108,0.4959012011401051
tang1373,sino1245,-2.480810162742082,0.5974026966044013
tara1313,sino1245,-2.763048528968348,0.4668537535863399
tari1256,araw1281,-0.8361985712585055,0.6293915612174149
tari1263,afro1255,-3.307461528034932,0.6622884462515921
tata1257,aust1307,-1.026826355790304,0.4567391346289426
tata1255,turk1311,-3.210313482195194,0.8028191333007113
taul1251,taul1250,-2.641175518305213,0.7019969613245501
taus1253,taus1253,-3.457953094840674,0.8479648552245191
taus1251,aust1307,-0.9050397480806972,0.4968759589817495
tauy1241,nucl1709,-2.7149296648445502,0.4714155331554248
tawa1275,aust1307,-0.6117052514335278,0.4386735185813315
diga1241,sino1245,-2.5365668117943856,0.5434138926174215
taya1257,afro1255,-1.7981117663202166,0.6331530953788811
tbol1240,aust1307,-2.435917894902581,0.4889037196476806
tean1237,aust1307,-2.123880619244619,0.5096953032310375
teda1241,saha1256,-3.8200958434478856,0.8202651938638406
tedi1235,sino1245,-2.770954595679923,0.4716174190384932
tega1236,rash1249,-3.9819638098850105,0.8513171701109027
tekt1235,maya1287,-1.7281886733571432,0.6005872969832102
tele1256,nucl1709,-2.4932800564112547,0.5122730350306315
telu1262,drav1251,-3.17584501514924,0.7603398364938663
tema1239,utoa1244,-1.699126069473743,0.6292132296346494
temo1245,otom1299,-0.9410961937214422,0.567809449259084
temp1235,aust1307,-1.0106238709584023,0.4425055260484885
teng1272,aust1307,-0.6424094844043248,0.5168871714660737
tene1248,dogo1299,-1.9504810123932788,0.6972794191491944
tenn1246,surm1244,-3.91193217435335,0.8405572306817884
teop1238,aust1307,-0.0099516806590611,0.4398734369013762
tera1251,afro1255,-1.4415009811191866,0.5346217286396281
tere1279,araw1281,-2.797262367876556,0.726398794486462
teri1250,chib1249,-3.0141445510610807,0.7658075614262181
term1237,aust1307,-0.3718780040202205,0.4809461819278207
tern1247,nort2923,-3.016302478070302,0.6438574869849122
tetu1245,aust1307,-0.3108005025643705,0.4475515250247385
tezo1238,otom1299,-0.8797816384490283,0.4871381370656835
thad1238,sino1245,-0.4637047849862494,0.4387049099836291
thai1261,taik1256,-3.451029780128682,0.780214935664918
thak1245,sino1245,-2.4523159262092893,0.5333468429674141
than1259,sino1245,-2.4506026505863847,0.5226271254412003
thao1240,aust1307,-2.613046090224329,0.4773301798245133
thar1283,atla1278,-4.2380843183613095,0.6269222480439186
aheu1239,aust1305,-3.2448756636188896,0.6786639685785096
thay1249,pama1250,-4.264864870066626,0.8079972580364356
thul1246,sino1245,-2.4502688201484792,0.4933490830795466
tibe1274,atla1278,-3.9827696109456423,0.5420033569690532
tibe1272,sino1245,-2.337179106085922,0.5544482188121498
ticu1245,ticu1244,-1.2616121630111885,0.7742224667047979
tido1248,nort2923,-3.033205245533115,0.6710599111276437
tief1242,atla1278,-1.047533872735638,0.4430729934215114
tief1244,atla1278,-1.122899945048034,0.4470244631270829
tien1242,atla1278,-4.101051137786106,0.6330312460901346
tiga1245,aust1307,-0.1561067289411815,0.4577946548334328
tigo1236,atla1278,-2.129285501745433,0.51338881089267
tika1246,atla1278,-1.929079821094898,0.5174516734637193
tiko1237,aust1307,0.3186745471532819,0.4836738501186468
timn1235,atla1278,-1.4882864689252702,0.560541024617325
timu1262,aust1307,-1.0243530623487929,0.458785943398044
tina1248,aust1307,-2.64880387694938,0.4798237503697216
maee1241,aust1307,0.3328553101164433,0.3237116788154776
tiri1258,aust1307,-0.3786943047665803,0.438403288662646
tiru1241,aust1307,-0.3477804464646385,0.4455256763541722
tita1241,aust1307,-2.5628078565761765,0.5025777818375727
tivv1240,atla1278,-4.17458723336697,0.5398863718734838
tiwi1244,tiwi1244,-3.800216919759264,0.9119734076102268
toab1237,aust1307,-2.7493706711282786,0.4792203590656132
toar1246,nucl1580,-3.160892679299881,0.734925032376829
toba1268,leng1261,-3.187833073785529,0.8508741869840817
tobe1252,nort2923,-0.8613303183264234,0.5953963728746299
toda1252,drav1251,-3.079627410066553,0.7088181017751478
toho1245,utoa1244,-1.213032185735119,0.6603577812923017
tojo1241,maya1287,-1.6074384015063197,0.6321855292712302
toke1240,aust1307,0.0380757104463564,0.5169922462553629
toll1241,jica1245,-3.287783420059245,0.8467696852153433
tolo1255,aust1307,0.6550585630736876,0.3994119879677456
tomb1244,aust1307,-3.053648253415832,0.4853496879972443
tomm1242,dogo1299,-2.014926507089833,0.7028165294223383
tond1249,song1307,-1.8272970667544484,0.6818641165303849
tong1325,aust1307,0.1371849501692821,0.5137886280306903
tong1318,atla1278,-4.19220727931281,0.640611841418264
toor1238,atla1278,-4.331410232384839,0.6188632417699871
tote1238,atla1278,-4.21987448170759,0.6367082115911945
toto1302,sino1245,-2.3901523056619904,0.5216733978624666
trio1238,cari1283,-3.100916479452156,0.8336128750214158
colo1256,barb1265,-3.314563876132175,0.8424686201606177
tsam1247,afro1255,-1.866305533451902,0.5547424445401201
tsat1238,aust1307,-2.4527087143913144,0.6456573408506816
dido1241,nakh1245,-3.206036548059001,0.684158732255714
tsix1234,khoe1240,-1.9654591479557688,0.7816847350720348
tsog1243,atla1278,-2.116214428176635,0.5949388783386178
tson1249,atla1278,-4.026989190720487,0.6364916562659415
tsou1248,aust1307,-0.3603266905505085,0.4403296705038029
tswa1255,atla1278,-4.028498322337332,0.63650801128016
tswa1253,atla1278,-4.114082645594885,0.6327700940781396
tuba1278,utoa1244,-3.764342240171016,0.7288702241053624
tugu1245,aust1307,-0.5709678627055715,0.461529621198838
tuki1240,atla1278,-3.976979758756485,0.5773552433920531
tula1252,atla1278,-4.08831093534273,0.5439432295291158
tulu1258,drav1251,-3.2039568686704465,0.7390778314615378
tumu1242,atla1278,-2.047763434842004,0.5369633731745524
nene1249,ural1272,-3.247030911182576,0.7675217906104949
tune1261,atla1278,-4.030149774694545,0.5576728926744747
tunn1238,afro1255,-1.3303624394683462,0.6064534497284552
turk1303,turk1311,-3.1604674602407545,0.8092630740654081
nucl1301,turk1311,-3.189295477806372,0.8084768371564854
turk1304,turk1311,-3.1647553491400053,0.8133960416455228
tusc1257,iroq1247,-1.597231343825202,0.7619296798147315
tutu1241,aust1307,0.3081315980325492,0.347215184386715
tuva1244,aust1307,0.0203503473288322,0.5172293886325873
tuvi1240,turk1311,-3.1723233310302006,0.813438984963073
tuwa1243,aust1307,-0.1672770785803952,0.3533180898832051
tuwu1238,atla1278,-2.192565764515968,0.5327822375211799
ubir1237,aust1307,-2.6253357753810977,0.4650426856425012
udii1243,nakh1245,-3.2586271551403785,0.7323271150629571
udih1248,tung1282,-1.1845784092419578,0.7343283911479697
uduk1239,koma1264,-4.253012963196523,0.8090090193200018
ughe1237,aust1307,-2.510051472008484,0.5247621000644462
ugon1239,sino1245,-2.6110371625444677,0.6100197353808091
ukra1253,indo1319,-2.069641594773187,0.6188117195050908
ulch1241,tung1282,-2.96460434701347,0.7954716730227582
ulit1238,aust1307,-2.5190357170537165,0.5744062880036678
ulwa1239,misu1242,-1.5364162054892008,0.7385287410877052
yaul1241,kera1258,-2.5420596164112608,0.6487794496700124
uman1240,daga1274,-3.371553491388698,0.713963911224319
umbu1257,atla1278,-4.216040449595868,0.6400689529342455
umbu1258,nucl1709,-0.7188813199018291,0.4543433925829332
umes1235,ural1272,-3.2864979019030884,0.7471198550256772
unaa1239,nucl1709,-2.95140537593298,0.5853246358151355
unua1237,aust1307,-1.796573098745207,0.3149894063917895
uppe1275,toto1251,-1.490326983505177,0.6883406166305477
urak1238,aust1307,-0.4386485004328884,0.5795029186926459
urav1235,aust1307,-0.0452460640070375,0.4484038556014009
urim1252,nucl1708,0.3722091487765495,0.5424707471003547
urip1239,aust1307,0.2012700238535654,0.3165864453578869
urni1239,giim1238,-3.942958416824898,0.9138459113093436
usan1239,nucl1709,-2.518537857650188,0.4768901823185523
utes1238,utoa1244,-1.470363413341039,0.6818038288535887
pile1238,aust1307,0.0127231664897156,0.4754224949137928
veps1250,ural1272,-3.261265246689925,0.759255487680758
vera1241,aust1307,0.4450808928153118,0.4181966007943827
viem1243,atla1278,-1.4292340498688034,0.4845795124914371
voti1245,ural1272,-3.279453063308148,0.7531851309280593
vure1239,aust1307,-1.7483183259658728,0.4303191109921678
vwan1235,atla1278,-2.152813183905675,0.6045616674905258
wadj1254,wadj1254,-3.995271723732949,0.8835221463766838
waga1260,pama1250,-4.255617831133946,0.8229928391637391
wage1238,wage1238,-3.903939451973204,0.9148865764088612
waig1244,aust1307,0.1488334356161913,0.5047801818800749
waim1251,aust1307,-2.3481052934001143,0.4883662208747166
waim1252,aust1307,-2.2918430319188774,0.4739990311685766
waim1253,cari1283,-3.119895535519122,0.8413720130562036
waiw1244,cari1283,-3.1235512833837644,0.8350467453454
waja1259,atla1278,-4.106860747520588,0.5450579111334983
waka1274,pama1250,-2.3480181465858063,0.7810068955728738
wala1266,aust1307,-0.80664084041975,0.4340583494408241
walm1241,pama1250,-4.350794593339945,0.8186782316126389
wamb1258,mirn1241,-3.962157691838085,0.918953074304088
wamb1259,nucl1709,-2.840399437507605,0.5887995242303832
wamb1257,sino1245,-2.260591081636689,0.4865085046714339
wann1242,mand1469,-1.5002308558733248,0.6672734262233943
wand1278,afro1255,-4.129532328320991,0.5090688367637146
wand1267,aust1307,-0.1656795164675029,0.4587313808073688
wanm1242,pama1250,-4.370670808724354,0.8401474576799554
saka1289,aust1307,-1.6866670507488646,0.4022529201105415
waor1240,waor1240,-3.3197589838745984,0.8647963360838065
wapi1253,araw1281,-2.928850303075882,0.7366385332914959
wara1303,wara1303,-3.227440879568137,0.8734436496348954
wara1300,aust1307,0.0539278232637605,0.4832377715664629
ward1246,yang1287,-4.114217868014666,0.9188423230590198
ware1253,aust1307,-2.59065875620618,0.5348455493135552
wari1268,chap1271,-3.297577686917982,0.8562636415464283
warj1242,aust1305,-0.8867216790772533,0.5795684554559045
warl1255,pama1250,-4.091007304843334,0.8164031020828802
warl1254,pama1250,-4.212015472499343,0.8342894599535173
warl1256,pama1250,-4.246786731391031,0.8319634105452383
waro1242,aust1307,-0.395282152700803,0.4834633632508411
warr1255,pama1250,-4.307781532940346,0.8461321710413465
waru1265,pama1250,-4.346721946460999,0.8194719000505537
wash1253,wash1253,-3.443824333777996,0.8549498234268363
waur1244,araw1281,-2.8512148450740638,0.7298849367193883
wawa1246,atla1278,-1.8542570850610167,0.5146526780214713
waya1269,cari1283,-3.124068938853251,0.8332926689031502
wayu1241,sino1245,-2.4910652945414293,0.4917180160316982
wayu1243,araw1281,-0.5386596235204175,0.6380468007186726
weda1241,aust1307,-0.6886528509234561,0.4183938364478372
wels1247,indo1319,-0.0514806730388441,0.5534346942078303
nort2864,aust1307,-2.025399791410509,0.5430987490748486
weri1253,kuni1270,-3.117841975909041,0.7043838553212415
west2560,aust1307,-1.101254857507985,0.4365188600314283
west2548,aust1307,-2.4378556673989005,0.5355175755093116
west2615,atha1245,-3.538139755099577,0.8230396752887877
west2441,pama1250,-2.163157797961281,0.785092876721258
west2618,eski1264,-3.444519315537156,0.8677019071668781
west2650,aust1307,-2.4483734730626763,0.628315293179517
west2594,nucl1709,-3.17807335174683,0.6496630774518718
west2778,utoa1244,-1.7594153965498611,0.6654349098709528
west2369,indo1319,0.3491308659997081,0.5728829678708298
west2519,aust1307,-0.6181677288059502,0.5162790975720819
west2354,indo1319,0.5175921533553238,0.5544578027272857
west2644,otom1299,-2.8797624959407697,0.5200134585277741
west2466,atla1278,-1.2902776607147977,0.4601767051485864
west2632,kere1287,-3.484546680632688,0.8599827200751168
west2396,aust1305,-3.340559777047976,0.6725072729329665
west2418,sino1245,-2.483871016186676,0.5407629799819977
west2392,ural1272,-3.2856886323504857,0.7543456679199556
west2763,afro1255,-1.12031310165329,0.595629314035542
west2386,indo1319,-2.056888617767164,0.5911441611877017
west2557,aust1307,-2.4861795734386387,0.5241108631365266
west2415,sino1245,-2.5085816577042666,0.4942397565381615
sanj1284,otom1299,-2.864076043834802,0.5330569541695964
west2430,hmon1336,-3.2318130755686694,0.7985098493890576
west2599,nucl1709,-2.945648525828761,0.5070897339753405
west2600,nort2923,-0.8911423205934988,0.6028568347009636
saka1291,aust1307,-1.3386469682735929,0.6167406310178847
west2538,aust1307,0.2213136736883612,0.5050044645281394
west2516,aust1307,0.0652795564858281,0.4637573886801626
whit1269,aust1307,-2.45206634751007,0.4634298426529362
wikm1247,pama1250,-2.279390051429932,0.7800699938114686
wiru1244,wiru1244,-3.047197137574348,0.6980699018933182
babi1235,atha1245,-3.468186102783525,0.8387492035530233
woii1237,aust1307,-2.38972461232793,0.5229525256588125
wola1253,afro1255,-1.923294406186617,0.5872816600035987
wola1242,gong1255,-1.5692519113793402,0.5862973301345745
wole1240,aust1307,-2.4872545889874185,0.5794481146600754
woli1241,aust1307,-2.627699738939574,0.5487542428114363
nucl1347,atla1278,-2.1579115899325205,0.6020098983350801
wood1236,algi1248,-3.5569713862548564,0.8429824736915649
wotu1240,aust1307,-2.8291338261787367,0.5304020388163332
woun1238,choc1280,-1.5192312309210965,0.7443126452910912
wuch1236,sino1245,-2.5302372899306027,0.6164313864844303
wudi1238,sino1245,-2.6645111458654083,0.5634409400076277
wuna1249,worr1236,-4.08595154223371,0.9218465999159058
wusa1235,sino1245,-2.6437918642545384,0.563536329642623
wutu1241,sino1245,-2.28925812826017,0.5881417824092314
wuvu1239,aust1307,-2.00559778531124,0.5185197349737485
xamt1239,afro1255,-1.7130313772348758,0.6081346627588899
xara1244,aust1307,-0.2923750517795236,0.4441442332543346
xhos1239,atla1278,-3.5951617817208628,0.6378107785917024
xish1235,sino1245,-2.736845198398517,0.5630975812513854
xokl1240,nucl1710,-0.8716183883275122,0.7088017743183246
yaak1241,afro1255,-1.9238890516643208,0.6220973428630641
yabe1254,aust1307,-2.189781839753631,0.4548581326406569
yaey1239,japo1237,-3.202838025099658,0.8067479737552884
yaga1260,nucl1709,-2.7968710216313397,0.4915341693439432
yagu1244,peba1241,-3.2689379030882786,0.8411765764442873
yaka1272,atla1278,-2.111235047731922,0.5813586874376782
yaka1277,aust1307,-0.5368022204855711,0.4723504987861369
yaka1269,atla1278,-4.198481148705722,0.6364412218970799
yakk1236,sino1245,-2.415612144963711,0.4896895463286627
yako1252,atla1278,-2.1076778497360555,0.5657983955797393
yale1246,yale1246,-2.6801023248906075,0.6835442456232583
yama1264,yama1264,-3.2648286086496467,0.8783823208076028
yami1254,aust1307,-2.4475833407512426,0.5176763723622416
yami1256,pano1259,-3.3991360515625364,0.7991643856787782
yand1253,pama1250,-4.405590517908421,0.8383839918954299
yane1238,araw1281,-2.7485913543744447,0.6929249614389446
yank1247,pama1250,-2.337929276583027,0.7936381352949933
yano1261,yano1268,-1.201697612894751,0.7525983383659204
yany1243,pama1250,-4.358038449373527,0.8295189919992177
yaoo1241,atla1278,-4.265477512179295,0.6215277120227105
yape1248,aust1307,-0.5599001479726866,0.5252859077079866
yaqu1251,utoa1244,-1.446562536489742,0.6612199664043126
yare1248,yare1250,-1.1672883114107877,0.6769119240785784
yasa1242,atla1278,-3.9745339862907487,0.6080578786761118
yatz1235,otom1299,-0.618960876478176,0.5239401340328788
yaum1237,nucl1709,-2.87431583986723,0.5168028920744892
nucl1454,yawa1259,-3.123259734172705,0.7892712131378172
yawa1260,pano1259,-3.409639459682614,0.7907000520791412
yawu1244,nyul1248,-4.098806524129651,0.9214526091107472
yecu1235,toto1251,-1.4783330107198631,0.7187691867947663
yele1255,yele1255,-3.152370555633605,0.8248665990555326
yems1235,gong1255,-1.9188529905653628,0.6458211428874268
yapu1240,nucl1708,-2.2091204222237275,0.5691170673357014
yess1239,sepi1257,-1.9493794165559857,0.5251120593054273
yeyi1239,atla1278,-4.2579688832711655,0.6289246785375538
yidi1250,pama1250,-4.271973246765699,0.8277426223829643
yima1243,lowe1423,-2.536756885759917,0.6733771169703104
yinc1238,aust1305,-3.318026865038219,0.6788381915200163
yind1247,pama1250,-4.356195741929984,0.7990997747039678
yine1238,araw1281,-2.8631303975201883,0.6827433279502299
yoga1237,aust1307,-0.1475431710939914,0.3828981221627584
yona1241,japo1237,-3.2425291805173497,0.7994475605653444
yong1276,taik1256,-3.4372300485556107,0.7709393823301895
yora1241,pano1259,-3.374608871595869,0.7882487838580367
youl1235,sino1245,-2.7095488104631578,0.5598095197270393
youn1235,hmon1336,-3.2472729012686843,0.7880635824898893
yuca1254,maya1287,-1.5555348978994008,0.6994273341419487
yuch1247,yuch1247,-3.474758115844073,0.8684412184842616
yuec1235,sino1245,-0.0868654712364476,0.5555045126629381
yulp1239,pama1250,-4.320307175766541,0.831378376661674
yulu1243,cent2225,-4.068860213022051,0.7781805286048942
yuqu1240,tupi1275,-3.1091829645297127,0.7856531486835273
zaba1237,aust1307,-0.5167693525485397,0.4715928228182027
zaca1242,otom1299,-2.8368652823048968,0.5256114917906682
zaca1241,utoa1244,-1.7410598020220251,0.6009178910491617
zaiw1241,sino1245,-2.751422876984261,0.5737453696047672
zakh1243,sino1245,-2.5767438149665063,0.5374145620229203
zamb1245,atla1278,-4.311162225808102,0.5966741378565295
zand1248,atla1278,-4.094667600415495,0.6226849529619295
zani1235,otom1299,-0.833388591716962,0.4703803042175467
zarm1239,song1307,-1.3611286950480554,0.725438496372226
zays1235,gong1255,-1.783452497501672,0.5760736216092373
zeme1240,sino1245,-2.630359208415164,0.4459164971543631
zenz1235,otom1299,-0.6226430655991169,0.4700092281203303
zhab1238,sino1245,-2.057359198171058,0.5532002146570115
nort2795,atla1278,-4.168473062880348,0.6431883325327282
zulg1242,afro1255,-4.087250332084081,0.504912832756869
zulu1248,atla1278,-3.930010912298096,0.6399787101906647
zuni1245,zuni1245,-1.5189000137257858,0.7750503596103282
