Glottocode,Family_ID,GPGLMM_Latent_Mean,GPGLMM_Latent_Variance
abad1241,aust1307,-1.4628955808278827,0.3296424341496786
abau1245,sepi1257,-0.5935255353461564,0.520333380858875
abee1242,atla1278,1.1936174801499704,0.5762034616852238
aben1249,aust1307,0.0717904148518893,0.3271074196659436
abkh1244,abkh1242,3.791157793292541,2.145126796269478
abua1245,nucl1708,0.3695538802698291,0.5362814733038652
abui1241,timo1261,-1.6052502072559067,0.8558654488854023
abun1252,abun1252,0.0251139994348437,1.1039664746764863
achi1257,aust1307,-1.55022760285278,0.6912895881932437
acha1250,araw1281,2.173761192341781,0.7715132572786887
ache1246,tupi1275,-0.2285026358788632,0.8188271591941492
ache1245,narr1279,2.118528779934597,1.2170422917251602
achi1256,maya1287,0.1612318258007788,0.4571165394515768
achu1248,jiva1245,-0.0868827359380444,0.767555258589879
achu1247,pala1350,0.3174580613454592,1.2480355478216665
acol1236,nilo1247,2.263234160547749,1.0774930081777772
adan1251,timo1261,-1.5411461323742488,0.8517750920862666
adny1235,pama1250,1.1752291881959325,0.7901994401787205
adon1237,aust1307,-1.4392694778942468,0.3928630816784846
adze1240,aust1307,-1.783628677271388,0.3081907199455935
afar1241,afro1255,3.3480903964279665,1.0038161831537469
aghe1239,atla1278,1.247367824135091,0.3051297301652633
aghu1255,nucl1709,-1.2807537463486285,0.3943582043231473
agob1244,paho1240,-1.032072626904407,0.9872583686562306
agua1253,jiva1245,0.3521615458896023,0.8182881684412164
agus1235,aust1307,-1.329643881822829,0.3837497425825349
agut1237,aust1307,-0.926610286784038,0.4108977291345592
ahin1234,aust1307,-0.945622427520759,0.2839840508236166
aika1237,aika1237,0.1490839970279623,1.148358160355918
aime1238,bosa1245,-0.9254817163231736,0.9844231745741006
musa1266,nucl1709,-0.7628795412656628,0.2771685326508066
aito1238,taik1256,0.0830402274983628,0.646170734885696
ayiw1239,aust1307,-1.867173916363518,0.512068446575479
ajab1235,atla1278,0.9082237027483973,0.4151438309709148
ajas1235,kres1240,0.9516398607346356,1.0376553253744207
ajie1238,aust1307,-1.561931875133093,0.4429722084460286
west2635,maya1287,-0.0996430105416628,0.4122949269188423
akei1237,aust1307,-1.85378663042762,0.2947547152918055
akha1245,sino1245,-2.2401695145170275,0.4526038014479656
akoo1248,atla1278,1.480173688189742,0.3216480710247662
akun1241,tupi1275,0.186761016820883,0.5961236458007351
alab1254,afro1255,2.918786287318442,0.6694276974051023
alab1237,musk1252,-1.1115250583543856,1.0635837256616458
alac1244,otom1299,-1.258611178314974,0.4312615211148261
alag1248,afro1255,3.119268089687785,0.7073637339528469
alam1246,sepi1257,-0.2497369089800325,0.5343721583078267
aleu1260,eski1264,1.4877314975275775,2.19974230206774
alor1247,aust1307,-1.4589959824181071,0.384703433591139
aluk1238,drav1251,3.5880865946025904,1.1742471591767751
amah1246,pano1259,1.5625570134935105,0.5986674485074355
amam1246,kuni1270,0.8786011747956736,0.8270913646808884
amap1240,left1242,0.4291108048454385,1.0318453781235537
amar1272,aust1307,-1.0066293686588494,0.3108954425349131
amar1274,hara1260,0.2566395793864071,1.1885938416966138
amas1236,nyim1244,2.5588223855726224,1.5447193808552653
ambu1247,nduu1242,-1.8855394823496845,0.8689042055406908
amdo1237,sino1245,0.5153497583284175,0.5455356134694762
amha1245,afro1255,3.237741742365068,0.8654847971390227
amii1238,west2434,-1.1496551546546847,0.91166406809588
amis1246,aust1307,-0.8308500760129158,0.3628434026047307
hoaa1235,kxaa1236,1.8478858652920105,1.6525960014275878
gily1242,nivk1234,1.233104020929538,1.6215607109730907
anei1239,aust1307,-0.6118948051672641,0.4364211694416058
anem1249,anem1249,-0.1765462893610963,1.0611107402218805
anfi1235,gong1255,0.8513137825344224,0.6376464171010214
anga1290,anga1289,0.8884500644668918,0.770710364799613
anga1288,sino1245,0.6812692928191026,0.2611276087788292
ango1257,chib1249,1.0128058266500457,0.6394613694323352
anin1240,gunw1250,0.0068252309999989,0.753984775257666
wara1294,more1255,-0.3823044852814088,0.6578756394799861
anuf1239,atla1278,1.1039839335751436,0.4564280723018843
anuu1241,sino1245,-0.6713243306372849,0.3749629105822354
anut1237,aust1307,-1.7908172346469895,0.5762179812137189
aona1235,sino1245,0.3087199268739353,0.2677658594194394
aoua1234,taik1256,-1.0659225320197487,0.5931183350206073
apat1240,sino1245,-0.5848451883242562,0.3020288914134887
apin1244,nucl1710,-1.3342387958518716,0.8579737411756678
apma1240,aust1307,-1.3717631636597254,0.2946179825005908
apma1241,kera1258,-0.920944742458088,0.8961138433031595
apur1254,araw1281,1.6440546012076016,0.7162217771049972
arak1252,aust1307,-1.9625018769238036,0.2904939766614172
aram1253,more1255,-0.7450602467430893,0.6304439550038303
arao1248,pano1259,1.232479168386296,0.6149114892931342
arap1274,algi1248,2.529817645272804,1.13153717292602
araw1273,tupi1275,-0.3520532526665991,0.7976983038646601
arch1244,nakh1245,4.188036479797791,1.5382593864346124
aree1239,aust1307,-0.6892993813712505,0.3201872729385782
area1240,aust1307,-1.3851324532722096,0.3923726291067799
argo1244,afro1255,3.183086460469448,0.8454556845393624
arhu1242,chib1249,0.6660366937205927,0.6168025582835561
arig1246,atla1278,0.8931311886823292,0.3711009821546849
arik1265,nucl1710,0.4215490018642543,0.7280037261270236
arom1237,indo1319,4.086767725230367,1.379817770145026
arop1243,aust1307,-1.299525327379869,0.3144615919938784
arop1242,aust1307,-1.7164702748347205,0.3659116535035558
aros1241,aust1307,-1.9916585488992435,0.4470962157542937
arta1239,aust1307,-0.3196712816895961,0.2944483838398142
asha1243,araw1281,2.285097029334548,0.7184724752776868
ashe1272,araw1281,2.397451396707248,0.7154507796077239
asoa1238,cent2225,1.228285848426408,0.5164000255446393
assi1247,siou1252,0.3017126661464787,1.0882870013671262
asur1254,aust1305,1.2694944098385883,0.6216843451645468
asut1235,atla1278,1.5707065029456495,0.5190979529551489
atam1240,aust1307,-0.5573337128691891,0.3736199853811355
atay1247,aust1307,-1.547129172713006,0.433984787010675
athp1241,sino1245,1.2644951480934794,0.3128249657341806
atii1237,aust1307,-0.8802231236633022,0.3705238969396855
aton1241,sino1245,0.4609280032109901,0.3413680345061554
auuu1241,nucl1708,-0.4118130407024012,0.5185002290052578
aulu1238,aust1307,-1.7340817819649756,0.2717733298860745
auye1238,nucl1709,0.2719699389187181,0.4158583188203248
avac1239,tupi1275,-0.4700872816088719,0.8367011561545947
avat1244,atla1278,1.0887717079593318,0.4227333710965704
katb1237,aust1307,-1.8074937839523144,0.2678634442354335
awac1239,barb1265,-0.1493720105932168,0.8005437015157622
awad1244,aust1307,-1.290787986193704,0.3099482773835822
awad1243,indo1319,3.0549868328891083,0.9425418636730544
awap1236,nucl1709,-0.3879551447965221,0.2951042863502131
awar1249,ramu1234,-0.3056670088442764,1.0428782760650597
awar1248,nucl1709,-0.7063407742739916,0.2958749771148463
awet1244,tupi1275,-0.3568050079125314,0.656003326128686
awji1241,afro1255,3.0405163043735244,1.3344548776807832
awtu1239,sepi1257,-0.3743403841739026,0.5076849639018386
axam1237,aust1307,-1.620124984337045,0.2690676346575591
axiy1235,sino1245,-1.8441885889120604,0.4351751767755614
ayac1239,quec1387,2.3500702177469157,1.1268827649457518
azha1235,sino1245,-2.0359208853756297,0.4732712790776832
baba1264,atla1278,1.9049201791434665,0.2990030463075799
baba1266,atla1278,1.5117655290720706,0.2984919968647146
baba1268,aust1307,-1.952915588581964,0.3868972738647933
bada1257,drav1251,3.653853695925479,1.1760956626148604
bafa1247,atla1278,1.7145814227262763,0.3531815431499385
bafi1243,atla1278,1.8193298411703245,0.3421649701368272
bafu1246,atla1278,1.461380165256283,0.3080514392236919
baga1273,atla1278,1.3432031499486432,0.5564965981638013
baga1272,atla1278,1.9588060027907943,0.5615490729590151
bagi1246,cent2225,0.5523561255665699,0.5613435012733037
bagv1239,nakh1245,4.187988229640617,1.528305042302354
baha1259,afro1255,2.9304063426278804,1.3914580216205406
bahi1252,sino1245,1.4267600666679163,0.3145354441319554
bahn1262,aust1305,-2.7611023924031546,0.6261773309991963
baik1238,aust1307,-1.4824647996608675,0.4141264793189023
baim1244,sino1245,-0.2938522296996804,0.4858227935748767
baka1272,atla1278,2.4750755664675297,0.4815386647353028
baka1274,cent2225,0.3711520760602427,0.472246702308797
baki1244,aust1307,-1.6552636745833964,0.2924660643098553
bala1316,aust1307,-1.6602921303776546,0.4828029156315621
bala1311,aust1307,-1.2405553176717017,0.4176077287228681
bala1315,aust1307,-1.5201661348826112,0.4641397410417367
liki1240,atla1278,2.529278712040153,0.4628593193887225
bamb1270,aust1307,-1.723255169288059,0.4890233359615035
bamb1269,mand1469,2.5702466927081784,0.830946559825585
bamb1262,maoo1243,2.562021732720067,1.465578370511901
bamu1253,atla1278,1.4545047206908643,0.3163024128170688
bamw1238,atla1278,2.4100357898192404,0.4603652272760898
band1340,atla1278,1.7870539744884657,0.6339688754343795
bang1363,bang1363,2.340012401521145,1.5566908083105218
bang1369,sino1245,-0.4741849713722792,0.3282863800285716
guar1293,araw1281,1.765115644759364,0.6372758900927469
bani1255,araw1281,1.8535079638082503,0.6381749215030359
bank1256,atla1278,1.6252853754942125,0.35965710462757
bann1247,aust1307,-1.680781579116942,0.3669507655697375
bant1281,sino1245,1.2474973158505709,0.3160105281342549
bant1288,aust1307,-1.0014304475604106,0.3649059204930314
bara1357,sino1245,1.9333370119138729,0.3920392935717567
nucl1630,koia1260,-0.8187501340572554,0.6992842744545751
bare1279,afro1255,2.7642641443291223,0.5760330188073661
bara1369,aust1307,-0.692926827567699,1.0291958179181746
bara1361,atla1278,2.407773074279417,0.5258840843050105
bara1370,aust1307,-2.0707194291304813,0.4725651328656841
bard1255,nyul1248,0.3826485523234203,0.94773517337536
bare1276,araw1281,1.7528222412326884,0.6395341790553948
barg1252,nucl1709,-0.680184865642796,0.3023142942292383
bari1286,aust1307,-1.013556684281094,0.3116105730431266
baro1253,aust1307,-1.4802643610633828,0.337359526950082
basa1282,atla1278,1.7815054293832906,0.3896651805059363
bash1264,turk1311,4.201552165542005,2.239334206375322
basq1248,basq1248,1.0869928300101006,1.6892573376914486
bata1293,aust1307,-1.7550914510257989,0.6439450641872773
bata1289,aust1307,-1.79774953854402,0.6371493162100128
bats1242,nakh1245,4.168064621369536,1.5404207252175923
baur1253,araw1281,1.8075234169910357,0.6604265990760334
bauz1241,geel1240,-0.4001069837378206,1.0915582947500249
bawm1236,sino1245,-0.6313604320763773,0.3435770523731802
bayb1234,aust1307,-0.7329109391942188,0.4014971259043802
bebe1248,atla1278,1.8165069215187908,0.3981423187828641
beem1239,atla1278,2.17053183407346,0.6503888620395637
beja1238,afro1255,3.4135857649069523,1.0318912592943503
bekw1241,atla1278,1.047830824325075,0.3274556782317575
bekw1242,atla1278,2.2303472382716727,0.4972625605991014
bela1254,indo1319,4.120970577473171,1.4112164248575274
nyal1254,aust1307,-1.6561411898185583,0.5127217967617614
belh1239,sino1245,1.2751804848493564,0.3094310679933496
beli1257,cent2225,0.1508855452522411,0.4788950268878187
bell1243,sali1255,0.6322324900840063,0.8274715184423078
belu1239,atla1278,1.9648312213305237,0.4762636246846972
bemb1257,atla1278,2.5011921644175925,0.660903441503323
benc1235,gong1255,1.6945857505805135,0.5940946155749094
beng1282,atla1278,1.8151042863433595,0.5259130148761839
bent1238,dogo1299,3.0790714072216483,1.406258732777146
zagh1240,saha1256,1.2527926315769036,1.284303848346993
bert1248,bert1248,2.5517270300146486,1.4794258124982609
bezh1248,nakh1245,4.197535782037905,1.5225211795835811
bhoj1244,indo1319,2.7354277674531806,0.8700123927502892
biaf1240,atla1278,1.6592320380558394,0.5956833899129341
biak1248,aust1307,-1.3908230067584213,0.4326932509086338
bian1252,kuni1270,0.8307946648356661,0.8303291790356848
biao1254,hmon1336,-2.1761424231816906,0.97438438131835
biao1256,hmon1336,-2.229154091127674,1.0080663692948466
biat1246,aust1307,-1.8137224745843152,0.5755697952801135
bign1238,aust1307,-1.730644522353169,0.2833087475942486
biha1246,aust1307,-2.826587228173655,0.6875668708752389
bila1255,atla1278,1.7857932912773822,0.4751750536160335
bilb1241,aust1307,-1.3312970318805633,0.3128592066885058
bili1260,afro1255,3.369422406857028,0.9849010531154504
bilu1245,bilu1245,-1.4373424147970135,1.2205184714062969
bimi1240,nucl1709,-0.5354387172393431,0.3347742153442992
bina1277,nucl1709,-0.5099330091325647,0.3625106235735815
bine1240,east2503,-0.5940631931066032,0.8051374214455205
bini1246,atla1278,0.837687739913729,0.4028322600630991
gunw1252,gunw1250,-0.3653714664600137,0.6720776636040053
birr1240,cent2225,0.9277051878817648,0.5493684610427554
bisu1244,sino1245,-2.069544679735124,0.4597430185424054
bitt1240,aust1305,-2.751658801467619,0.5318349346934017
biwa1243,yuat1252,0.214508515412833,1.0305473803031129
blab1237,aust1307,-2.067272946235021,0.4015008690710759
blan1242,aust1305,-2.295369961551037,0.5323932235086852
bang1354,atla1278,2.276897789294944,0.538084832995529
bodo1267,aust1305,2.02827535442641,0.7018355790748547
bodo1269,sino1245,0.5401403830528575,0.3134906721048347
boka1249,sino1245,-0.0616642772126008,0.3501986895148272
bola1250,aust1307,-1.4427096767138727,0.3253757324421142
bolg1251,atla1278,1.3365873868633311,0.5508147421816281
chim1302,quec1387,1.9661446565192715,1.0140260290443752
bolo1262,atla1278,3.089045025136191,0.4912872848280196
boly1239,aust1305,-2.2981449212391123,0.5989734912294375
bomb1262,atla1278,2.5773817915072663,0.4494367296914676
bomk1234,atla1278,1.2926845239475524,0.5349832882478642
bona1250,mong1349,1.5729617993093363,1.114509806360194
bond1247,atla1278,2.4820357670198883,0.5420409103535686
bong1289,aust1307,-1.7509717266858529,0.4299938931203089
bong1284,atla1278,2.333555777247442,0.5184511150914313
bong1285,cent2225,0.3054072043655487,0.5347768052333945
bora1263,bora1262,1.4084699859022265,1.2701855703025284
bord1248,chib1249,0.3388014004036144,0.6092478387638796
boro1277,gong1255,1.9137421028246984,0.7688147253799409
boro1282,boro1281,0.6801153698322516,1.2605022172422755
boto1242,aust1307,0.2243083463911901,0.3211360188367127
boun1243,atla1278,1.4043905436449489,0.469778108853931
boun1245,nucl1709,-0.4510926777960944,0.2921331561680897
bouy1240,taik1256,-1.1483171249541324,0.5910722453626791
brah1256,drav1251,4.283927556408161,1.8267710117350109
lave1249,aust1305,-2.873832979881261,0.5928981145210832
bret1244,indo1319,2.108484592145215,1.0668912143782094
brib1243,chib1249,0.0769056557992328,0.5481010731045721
bube1242,atla1278,1.544084568473698,0.4181508250337407
bubi1250,atla1278,2.751268512913587,0.5844952734491979
budu1248,nakh1245,4.141862875249535,1.5847970770718869
budu1265,afro1255,2.198030074303492,0.5265186393476933
budz1238,atla1278,2.184298927272588,0.5066632812807397
buga1247,aust1305,-2.4417621248468886,0.5936916872601001
buga1250,aust1307,-1.518586769151293,0.2940281275191907
bugh1239,aust1307,-2.083315745082009,0.3939609559586827
bugi1244,aust1307,-1.401042212157549,0.4664390372923597
bugl1243,chib1249,-0.2733684190684471,0.6194577297067783
buhu1237,aust1307,-1.228096298467117,0.3554274025495632
bujh1238,sino1245,1.9582789865444776,0.4010815065274444
buka1257,aust1307,-1.6933522811438997,0.5540873716338757
buki1249,nucl1708,-0.2113110158678034,0.5534215852871158
bull1247,atla1278,1.1565183092119424,0.5527565510187253
bulo1242,aust1305,-2.77122153759581,0.6267738330588433
bulu1251,atla1278,1.987525923298335,0.4228632853424114
bumt1240,sino1245,0.5440397646519362,0.3405308720008788
buna1278,timo1261,-1.7757678372244117,0.8974611083386259
buna1276,aust1307,-0.4058558491865796,0.3578803195947833
gahr1239,sino1245,2.7526320367924684,0.8355133935906922
bunu1267,aust1307,-1.5657635956863505,0.3789734865358465
buol1237,aust1307,-1.1092855421079877,0.4619656176942994
bura1292,afro1255,1.8442426329744583,0.4141693233271111
bura1267,mani1293,-0.7525754456192872,0.9790537977758912
bure1242,afro1255,1.8730778828740415,0.4571401075560288
burj1242,afro1255,2.9784913862600995,0.7032250560440643
nucl1310,sino1245,-0.1276137969756252,0.4066106434179746
buru1303,aust1307,-0.8302098364194834,0.4515367795042193
buru1320,afro1255,3.063313029060799,0.7214705682862705
buru1296,buru1296,3.054131111611915,2.086337343360109
busa1253,mand1469,1.849498824968424,0.8625282019683835
bush1247,atla1278,2.141763295215726,0.6510647216240546
buwa1243,afro1255,1.6436413323731274,0.3760435491440992
bwai1242,aust1307,-0.3860010228783532,0.3024045450793178
bwat1240,aust1307,-1.651537681135732,0.4589497459608642
byan1241,sino1245,2.137071359737241,0.6078695821731239
caac1237,aust1307,-1.7241763809538018,0.447993526752886
cabe1245,chib1249,-0.010447579858261,0.5565453113222718
cahu1264,utoa1244,2.0371726666483543,0.820733621613428
cakf1236,afro1255,2.250344069743687,0.4723236572348437
cald1236,quec1387,2.0040928346085938,0.9896449824413356
caml1239,sino1245,1.3639506720772,0.3222994027456822
camp1261,indo1319,3.034345965827605,1.246611951494753
cams1241,cams1241,1.4206099921045026,1.2993005938136744
cane1242,nucl1710,-0.7083547167096844,0.9090127600253632
caom1238,taik1256,-0.7893301917636304,0.5967786718249748
capa1241,pano1259,1.6465551154536784,0.6204125973757497
carn1240,aust1305,-1.0444051757657746,0.7403674692782563
caro1242,aust1307,-0.9378742806838573,0.8932168574097341
cash1251,pano1259,1.8138856126670289,0.6790777792263283
casi1235,aust1307,-0.8489913614330966,0.3136716073740624
stan1289,indo1319,2.533544128686952,1.1368929222456368
cavi1250,pano1259,0.9999537260491368,0.6221318000298668
cayu1262,cayu1262,0.5901648488457595,1.16233988379446
cebu1242,aust1307,-1.1361235918264063,0.3541171441748698
cemu1238,aust1307,-0.8980652789259396,0.4389037071069461
cent2127,eski1264,1.536904727339199,2.084687465800637
cent2142,ayma1253,1.7403019251948142,1.1836414106928856
cent2004,sino1245,-1.222790601942389,0.3521017080981172
cent2292,aust1307,-0.5825961926766718,0.2961900553467274
cent2084,aust1307,-1.0120246343151555,0.3378429684166404
cent2314,aust1305,-2.694468593564665,0.6439376958601057
qaua1234,taik1256,-1.1469980278531828,0.5703030335773187
cent2050,saha1256,1.180429836385936,1.0341024721606695
cent1989,aust1305,-2.777538582926614,0.6365723548021487
mala1479,aust1307,-2.0969843806107016,0.7091693446572984
cent2322,ural1272,3.298276208252478,1.8547388285564628
cent1992,aust1305,-2.1291721503757475,0.6143021670448929
cent1990,aust1305,-1.2106166449037483,0.7508137069053484
cent2126,japo1237,-0.4492258598410301,0.7759489718173418
cent2091,aust1307,-1.5183579696185794,0.4508834721989982
cent2140,miwo1274,1.511251838596137,1.218575930470461
cent2090,aust1307,-0.3019460472527486,0.3984067774856337
cent2150,chib1249,1.0057622472917598,0.6320838812086498
chac1251,pano1259,0.9961794800913129,0.6067681840039922
chad1249,afro1255,2.330901083191793,0.6382661606139015
chak1270,sino1245,0.2902264102357628,0.3923749445703413
chak1271,atla1278,1.2624417160240362,0.4406796816290708
chal1275,afro1255,3.885356017232012,1.2279969997829667
cham1315,zamu1243,1.012655356129894,1.2989802009577174
cham1309,nakh1245,4.191979533470986,1.5251534438622132
cham1318,araw1281,2.176455202778599,0.7062909930160473
cham1312,aust1307,-1.6547633685224024,0.8539887235571477
chan1313,sino1245,0.2559420957286447,0.2735017925648844
chac1249,barb1265,0.4231385115067659,0.8106572206813185
char1269,gong1255,0.8353133049755668,0.554050686975808
chas1234,sino1245,-1.1043543840312462,0.3311793266594121
chec1245,nakh1245,4.200260493050257,1.5831487192230296
chek1238,aust1307,-2.0691067336579616,0.4010939920958858
chen1255,drav1251,3.561426760989556,1.1307870196969576
chep1245,sino1245,1.88134639065821,0.3807948126939422
cher1273,iroq1247,0.7965589004483755,1.0574995725748346
chey1247,algi1248,1.8965530057992552,1.1180591271437992
chic1270,musk1252,-0.9913796845780208,0.9385995335917504
chig1238,atla1278,2.137909267863561,0.516819129382025
chil1280,atha1245,0.0206306913599586,0.791474885474261
chim1309,chib1249,0.772586041844587,0.6123183496069213
chim1312,atla1278,1.9358427012746344,0.903414997089147
chhi1245,sino1245,1.103423812279789,0.3205487716377719
chip1261,atha1245,-0.3180550209000219,1.1468180722665378
chip1241,algi1248,1.512219349575909,1.2232626780553502
chir1283,sino1245,0.5468469239741083,0.2598393853543639
choc1275,sino1245,0.3713978273931904,0.3245126935826841
choc1276,musk1252,-1.0965392705714647,0.9185276681504524
chon1284,aust1305,-2.6972443430752056,0.6480300173013225
chot1239,sino1245,0.7306585747848406,0.2741102377726241
chra1242,aust1305,-2.6406791001914334,0.6665098267058847
chuj1250,maya1287,0.2297399614094495,0.4343523172505632
chuk1273,chuk1271,1.5066238447325124,2.3847041816736807
chuv1255,turk1311,4.2725155830905726,2.133253949096841
chuw1238,atla1278,0.6396606441728521,0.6810260622913171
cici1237,atla1278,1.675376274530796,0.4990020769567413
chin1286,chin1490,0.8098231943861844,1.2836328323878248
cent2087,aust1307,-0.6185803645715937,0.3718124289158657
sout2912,aust1307,-0.1669949431094148,0.3910654775187732
coat1243,otom1299,-1.8125864911579803,0.4262286598458074
coca1259,tupi1275,0.8451348269696679,0.7104053650746573
coeu1236,sali1255,0.4011641797478571,0.7574678948492419
cofa1242,cofa1242,1.449757548108198,1.292980464966031
cogu1240,chib1249,0.7731487944295523,0.6304830009059996
colu1241,sali1255,0.3660653541362622,0.7131735125190506
coma1245,utoa1244,1.551312566191951,0.8754941219057981
como1259,sali1255,0.8805047557850566,0.7260950535969934
cong1236,atla1278,2.6777212473350063,0.6727284053795115
copa1237,otom1299,-1.4827890908800467,0.3934469052938167
cors1241,indo1319,3.6498451670024776,1.1805628315368517
cosa1234,sino1245,-2.275317464828968,0.4530887440400528
cree1270,musk1252,-1.0340554239153177,0.9252725180321733
crim1257,turk1311,4.140423298630029,1.9775786824834105
cros1244,atla1278,1.2883633351347097,0.3288881009401896
crow1244,siou1252,0.7263434612354512,1.0659798477838116
cube1242,tuca1253,1.6788483341033231,1.0109005648105542
culi1244,araw1282,0.048490827808802,1.0323373909059343
curr1243,araw1281,1.863045250991058,0.6438295350922303
cusc1236,quec1387,2.086856307233337,1.0974679005109942
cypr1248,afro1255,3.109984207761902,1.2788537800587505
czec1258,indo1319,3.50313094396277,1.2137844989929456
daai1236,sino1245,-0.2390023179095179,0.4081148783213519
daak1235,aust1307,-1.7308121477312506,0.4755865085665993
daas1238,afro1255,2.8056976091081967,0.6384015890785166
dadi1250,tebe1251,-0.6593324999092047,1.0620130179594405
dagb1246,atla1278,1.5102733816603915,0.4453512848894965
dagi1241,narr1279,2.744755160093076,1.224027492050841
daur1238,mong1349,1.7367996606981226,1.5623052969985625
daka1243,aust1307,-1.5374343666855557,0.2758137354359453
damp1237,aust1307,-1.221303282674481,0.4645485528805944
dana1252,aust1305,-1.3774704893108565,0.5531848196532065
dand1238,drav1251,3.629561886645056,1.0817821338964175
dani1285,indo1319,2.7755267477537044,1.1521616975133142
dara1250,indo1319,2.89317780071189,0.8827007273767364
dard1243,daju1249,1.8049928091669123,1.3981932023530907
darm1243,sino1245,1.4728763249104846,0.6100613350715163
dawr1236,gong1255,1.803658424730476,0.5584708016900386
daza1242,saha1256,2.2573714141514234,1.1977327914950695
dege1246,atla1278,1.0312430961774162,0.3991816208700465
dera1245,sena1264,-0.6498240230593058,1.0664361911669902
dera1248,afro1255,1.7914810733109987,0.4198481162925871
desa1247,tuca1253,1.7427733259787026,0.996382294602146
dhao1237,aust1307,-1.4154206666229474,0.4721288269975945
dhim1246,sino1245,0.9269449194414774,0.3268609621230203
dhuw1249,pama1250,0.3176744144678437,0.5242920620701046
dibo1245,atla1278,2.48434173641057,0.4946464168391058
digo1243,atla1278,2.482370426007274,0.5815544221432827
dima1251,sino1245,0.6546688501917375,0.2760132792655811
dime1235,sout2845,2.582709730651937,1.3269977946612466
dizi1235,dizo1235,1.4488352267362137,1.087790784668928
djam1256,pama1250,0.6064885878105409,0.5448288466361282
djee1236,mani1293,-0.76546622518407,0.981648557057067
dobe1238,aust1307,-1.2321250902698897,0.4718151381851418
dobu1241,aust1307,-0.4103048928331403,0.3350610630063793
domm1246,nucl1709,-1.3174469636689807,0.2883100104824487
doma1260,indo1319,3.9296683690085943,1.4612924274339885
dong1285,mong1349,1.6990402773435478,1.1296410933377414
doro1266,manu1261,-1.0777156028510242,1.1224580189262436
drun1238,sino1245,0.0117149488017771,0.3419956999011466
chug1252,sino1245,0.2122615495325246,0.3267924499444028
dumb1241,aust1307,-1.4932328445246863,0.4866626494204888
dumi1241,sino1245,1.3817123055032066,0.3244449952258366
duna1248,duna1248,-1.212843414614465,1.124043912071898
dupa1235,aust1307,-0.3652899737340764,0.3261355093137537
dusn1237,aust1307,-1.1243513849787934,0.391455244594348
dutc1256,indo1319,2.2424977744117705,1.036342483783085
dyul1238,mand1469,2.2444492239302543,0.6856314189284065
dzao1238,hmon1336,-2.226944762639837,0.9886918443116004
dzon1239,sino1245,0.7387911450933005,0.3396825511540964
east2443,aust1307,-1.7102966102938946,0.2988387519409512
tang1336,sino1245,0.7295159100727675,0.2646033183534921
nucl1235,indo1319,4.558802789576157,1.4341204782927663
sout2896,aust1307,-1.4209995114427003,0.3869484716708067
east2555,tupi1275,1.0882113224660437,0.8023289988671038
east2332,aust1305,-2.910053500460725,0.6042903460987903
east2563,aust1307,-2.7210102045354367,0.717385642113114
east2690,afro1255,2.8716973390033704,1.2708641519217991
east2556,otom1299,-1.3316226493573238,0.5436806866501529
east1236,aust1305,-2.775492020540782,0.6119498352686863
east2342,sino1245,-1.9414985180555149,0.4734983065638536
east2782,atla1278,1.9706977481664247,0.6595367005961545
east2328,ural1272,3.5260224302866794,1.5437540929764757
east2333,aust1305,-2.6914790306617147,0.643452541687151
east2773,sino1245,1.58639461866102,0.334831158543178
panj1256,indo1319,3.795990640007792,1.2545572086119177
east2485,aust1307,-2.1674289287884005,0.4582374206158164
fina1242,aust1307,-0.0159797997280943,0.2920074470206133
east2694,aust1307,-0.4824057503855199,0.3412835367893292
east2447,aust1307,-2.666812585018193,1.673869044194992
east2516,nucl1709,-0.3629574134761071,0.3103557883750651
east2440,aust1307,-1.0066690542603884,0.4399311673487345
huaa1248,tuuu1241,1.735676604728889,1.729955726363361
wall1257,aust1307,-2.8259076472331333,1.5799231652030867
egyp1253,afro1255,3.254497481216512,1.3495973746152423
eipo1242,nucl1709,-0.8115475717986014,0.3509851262574699
ekar1243,nucl1709,-0.4952271960907003,0.4258350109541267
elem1253,atla1278,0.8759932155186214,0.3648180143403321
elip1238,atla1278,1.8196779373291632,0.3593801132876377
emae1237,aust1307,-1.386939002454681,0.3096935888682317
emai1241,atla1278,1.0406445107603393,0.3769170234373922
embe1260,choc1280,0.5179009562761742,0.7411277362944206
embe1262,choc1280,0.9409105942655472,0.8077385356099809
stan1293,indo1319,1.946282952012699,1.035349545050965
enuu1235,sino1245,-2.203791549580332,0.4230348294085209
epen1239,choc1280,0.8936605493074778,0.817805622021706
ersu1241,sino1245,-0.0919347894515021,0.3773266018674688
erzy1239,ural1272,3.5568044680713085,1.5040064506637814
esan1238,atla1278,1.0264060399557782,0.3710416890529258
esee1248,pano1259,1.2026427340405463,0.6141623830804352
esto1258,ural1272,2.577278522574121,1.045962742157915
even1260,tung1282,1.7867961472543707,1.796100857619368
even1259,tung1282,2.5987648779022114,2.032912064588645
ewee1241,atla1278,1.0056625055436563,0.4286841519252711
fala1243,sino1245,-0.2885538689006846,0.3291691010963813
fare1241,atla1278,2.379526115676533,0.4803904643697843
faro1244,indo1319,1.3490135364120464,1.330341378303133
fasu1242,fasu1242,-0.6751142060830642,1.0719212505626854
fefe1239,atla1278,1.6264832184974791,0.3268330603218423
fiji1243,aust1307,-1.82731847794811,0.9430149314086168
fili1244,aust1307,-0.9566993121846012,0.369134020070109
filo1235,toto1251,1.93279459157112,0.935483369357061
finn1318,ural1272,2.098532506377619,0.998922855923512
fipa1238,atla1278,2.777265718881888,0.6067531548472269
fonn1241,atla1278,0.835297593946787,0.4367212792278527
fore1265,ural1272,2.7269175250831728,1.962526545620677
fran1266,mixe1284,1.3913427708102295,1.0572687669444365
stan1290,indo1319,2.339982252581186,1.0171423635914048
fuln1247,fuln1247,0.7212275362108376,1.6189999622005256
furr1244,fura1235,2.643021872410781,1.5823135126361256
furu1242,cent2225,0.7479567972393268,0.5674645298753846
futu1245,aust1307,-1.0094553953094323,0.4246862908046438
fuyu1242,fuyu1242,-0.6285283429766677,1.0648577376592447
gaaa1244,atla1278,1.0488283706549115,0.5097684492676215
gaaa1245,atla1278,1.885713709789662,0.3576347970221141
gaam1241,east2386,2.596726568069055,1.5324452383549216
gaan1243,afro1255,1.8284773792934763,0.3982464678857367
gada1258,aust1307,-0.984869519290016,0.2902321566221966
gaga1249,turk1311,3.8934532381716314,1.9966614206228948
gale1259,nort2923,-1.821827098694866,0.85016719774318
gali1262,cari1283,0.3267938524872293,0.7380437730448808
gali1258,indo1319,2.322686911222633,1.2362558645929438
galo1242,sino1245,-0.1708282509699832,0.3097800928881611
gamo1243,gong1255,1.847779423130784,0.5613633996905634
gand1255,atla1278,1.9138498340892265,0.4864075193770052
gang1267,tang1340,0.5425593067591852,0.8505621616996821
gang1266,sino1245,0.7604369658488297,0.2690509849679232
gant1244,nucl1709,-1.3758068736113531,0.2875632585032539
gapa1238,aust1307,-0.6395997387427552,0.3184643339434236
boht1238,afro1255,3.549218808446754,1.240107842332386
gari1256,araw1281,1.4909740993394822,0.8326386311168967
garo1247,sino1245,0.779614211860137,0.3492906293283875
gara1269,garr1260,0.8811051703469186,1.2609186335153253
gata1239,aust1305,1.9845696165583249,0.6993982557050389
gayo1244,aust1307,-1.6124721677814948,0.6808214011540379
gbay1278,atla1278,1.8242682197175668,0.5080379656591356
geba1237,sino1245,-1.7107545807658244,0.4813640934272678
gebe1237,aust1307,-0.7553973940257068,0.432496499776982
geda1237,aust1307,-1.3610368039252951,0.3037231459558018
gela1263,aust1307,-2.024900236573379,0.3967255886045615
nucl1302,kart1248,3.826531115969768,2.068243827237332
gese1240,aust1307,-0.9926361065564132,0.428793587884269
ghad1239,afro1255,2.97367556297144,1.362572392507328
ghan1242,aust1307,-1.8353638949163489,0.3951775834082411
ghar1239,aust1307,-1.8818552125226116,0.3959039566999829
gheg1238,indo1319,4.0853276363646485,1.3573631923347218
ghom1257,afro1255,2.5713152417877785,1.4587007308004267
gida1247,afro1255,1.8250419180734752,0.404479777525272
giiw1236,afro1255,2.6467715276367816,0.4539420027870386
gilb1244,aust1307,-1.891954584590747,1.135823174331296
gira1247,nucl1709,-0.8467191253123056,0.2794635510869794
gizr1240,east2503,0.4573849521070442,0.8046905932813564
glav1244,afro1255,1.8800518768341743,0.3970070037083371
gobu1238,atla1278,2.012888990233272,0.473222791479988
ghod1238,nakh1245,4.199014179435976,1.5351430762117704
goem1240,afro1255,1.6859916695016892,0.4732593423827644
gofa1235,gong1255,1.808501386463139,0.5691737394655592
gogo1265,suki1244,-1.262521588572222,1.1481749415463662
gola1255,atla1278,0.8936540660165764,0.5973745067573217
goli1247,nucl1709,-1.2997693072057297,0.2908059607932847
goon1238,buna1274,0.9303051206213152,1.2985550386383893
pare1266,aust1305,1.8433134616198623,0.659575920449722
gras1249,koia1260,-1.3093257227215953,0.7047181317565467
guah1255,guah1252,1.3540318709801096,1.3378607833080074
guam1248,barb1265,0.8714524946599393,0.8665019527346836
guat1253,guat1253,-0.1795088686964459,1.2109384011394615
gube1234,atla1278,1.8694347550513573,0.6920609415430876
gude1246,afro1255,1.7726168961735027,0.3957371256154074
guer1243,otom1299,-1.350540230981499,0.4197032967541014
guhu1244,nucl1709,-0.2620691667628885,0.3451482697520749
guiq1238,sino1245,0.0927128735290425,0.3759385133794746
gulf1241,afro1255,3.0524357962089543,1.2881323042995052
guma1254,aust1307,-1.0650527050107483,0.3340288353786738
guny1241,pama1250,1.2376521781638194,0.6726565873601515
gura1251,indo1319,3.64888781877993,1.4440893792703662
guri1248,guri1248,-0.4491081837332356,1.03452915087645
guro1248,mand1469,1.3605576696906203,0.6601552882608219
guru1261,sino1245,1.479134291910526,0.3315530127473201
guru1271,afro1255,1.793467567792403,0.4562707306477458
gusi1247,atla1278,2.059184089243492,0.5072521208285581
kwam1249,koma1264,0.8691847329130747,1.0421961390580128
gwen1239,atla1278,2.501619969994007,0.5122389323876213
gyel1242,atla1278,1.8916117674649016,0.4581425659082248
haaa1252,atla1278,2.176206243726209,0.5873861729768182
hadi1240,afro1255,2.8571839475986964,0.6644247982372127
hadz1240,hadz1240,2.20414310008502,1.5039683472147098
haka1240,sino1245,0.1017940371599301,0.3308566029191579
hakk1236,sino1245,-1.3596183657603844,0.6743339079670498
halh1238,mong1349,2.715999589220125,1.5499112599891958
hali1244,aust1307,-1.6689071080688789,0.3768474659900773
halk1245,sali1255,0.2583758275199713,0.6612663780690129
hame1242,sout2845,2.6438327136019373,1.3462586077781022
hang1263,nduu1242,-1.8632529770679571,0.8617815075351585
hani1248,sino1245,-2.2255324499817517,0.4625926144084227
hano1246,aust1307,-1.6206086374228643,0.3062711305850376
haro1237,aust1307,-2.738535567186575,0.6879039114819436
hass1238,afro1255,2.667228590464198,1.111310968678401
hata1243,hata1242,-1.0212052457062386,0.9956430139936208
remo1247,aust1307,-0.9019845591427332,0.3349569261963356
nige1253,atla1278,1.3823846192369016,0.4497666583896667
hava1248,coch1271,0.7288564455917752,1.0957261347562175
sabu1255,aust1307,-1.4738119870066622,0.4810591195071243
hdii1240,afro1255,1.8559415655200588,0.3795703355437316
hehe1240,atla1278,2.4360180115083216,0.5376429365455637
heil1246,waka1280,0.3119503592162012,1.0733434256442278
here1253,atla1278,2.282113599961448,0.8373698392027267
hida1246,siou1252,1.0747643826606406,1.1736436527106422
high1276,mixe1284,1.546764041329591,1.030402751191743
high1278,utoa1244,1.6510360992322497,0.5800765603552183
high1243,toto1251,1.9421721409858392,0.9118788225200428
hili1240,aust1307,-1.121942033787005,0.3579104727924642
karb1241,sino1245,-0.2112289397078388,0.2887775843969669
hind1269,indo1319,3.749928362694595,1.2144928390113652
hinu1240,nakh1245,4.188079715063417,1.5257525298618404
hixk1239,cari1283,0.4750509364552246,0.6829066608539867
hlai1239,taik1256,-1.4130749530234947,0.76215575620407
hler1235,sino1245,-1.8364889025221296,0.397030808001622
hooo1248,aust1305,1.119605326513302,0.513337708027918
hoav1238,aust1307,-1.9545630230377071,0.3817073412519436
ainu1240,ainu1252,-0.9498826146151192,1.6297039936160278
holo1240,atla1278,2.8473042043764325,0.6402915195522612
hone1235,atla1278,1.6374501518784204,0.3848916035807344
honi1244,sino1245,-1.4398283718323532,0.4184772673709593
hopi1249,utoa1244,1.903646218508295,0.7381362350866407
hote1245,aust1307,-1.625229531395008,0.3034579420738055
huuu1240,aust1305,-2.5394429217168617,0.5171453764002116
hual1241,quec1387,2.4433690702129693,1.0343136007973437
huam1247,jiva1245,-0.0648077082096869,0.7691389608525574
huar1255,utoa1244,0.8098532139473975,0.6040143559525308
huas1242,maya1287,0.6270238312848656,0.7800248952402651
huba1236,afro1255,1.8042091407151348,0.3911442392337703
huic1243,utoa1244,1.5120922699209682,0.676203184067365
hula1239,aust1307,-1.0514780724445587,0.3560355528204129
hula1244,afro1255,2.5544091321065148,1.2100592211193009
humb1243,song1307,2.6023453658205,1.2993247898540563
hung1275,aust1305,-2.905538413534212,0.5968477386888589
hung1274,ural1272,2.787277570985005,1.446180766926214
hunz1247,nakh1245,4.177461073403353,1.5249897654224531
hupd1244,nada1235,1.4229535045103126,1.277350293694476
wyan1247,iroq1247,0.1205533088836601,0.9015954257730848
iaai1238,aust1307,-1.5328330098397085,0.4049329173153575
iama1237,aust1307,-0.5844669754816305,0.323308089390351
iatm1242,nduu1242,-1.2607316684487744,0.8191068025725725
ibal1244,aust1307,-0.2576756866700112,0.2867764797673979
iban1264,aust1307,-1.8994415238397464,0.5386036269908283
iban1267,aust1307,-1.065794519135558,0.3097142355841429
ibat1238,aust1307,-1.1491813947974148,0.3824597674637617
ibib1240,atla1278,1.0233473469096737,0.3580569229046402
icel1247,indo1319,1.842297783650881,1.72932388426173
idaa1241,aust1307,-1.5133199829474755,0.4060656734779284
idii1243,paho1240,-1.0896969418419822,0.9787875990492836
idom1241,atla1278,1.1055143174406237,0.3552010783409285
idum1241,sino1245,-0.5849420425374254,0.3756363612950695
idun1242,aust1307,-0.3956572226617749,0.3019642471366737
nucl1417,atla1278,0.8682958968605681,0.373629738882836
igna1246,araw1281,1.9616542485426176,0.6775129135765692
ikkk1242,kuli1252,2.632296689868392,1.3699066448882755
iliu1237,aust1307,-1.2400062832257757,0.3968216467902321
ilok1237,aust1307,-0.1624441522187178,0.3051502657914557
ilon1239,aust1307,-1.042900428160501,0.2876499132840697
imba1240,quec1387,1.9784021718037208,1.00255940456091
imon1245,bord1247,-0.6527475764754014,1.0558681396121763
ingr1248,ural1272,2.8363667894791567,1.095199111772406
ingu1240,nakh1245,4.193456711204775,1.5744681065006052
alba1269,aust1307,0.0328414920878517,0.3666173304372799
iqui1243,zapa1251,1.1158629297824467,1.0397972826003583
iran1262,aust1307,-1.7518960131449473,0.4245321836526861
iraq1241,afro1255,3.1628780146809685,0.7086621751879667
irar1238,aust1307,-1.1064151090540566,0.3976255520593339
iray1237,aust1307,-0.6664072293835346,0.3666206013694895
iris1253,indo1319,2.3736660325764696,1.2284280015605664
irul1243,drav1251,3.383597676139655,1.1737444642679191
kris1246,skoo1245,-1.2662445075887807,1.148397847936038
isco1239,pano1259,1.7080521485932274,0.6171549157080127
isin1239,aust1307,-0.9832237620135692,0.2777945908745485
isir1237,kwer1242,-0.5501138689685141,0.9343326278265264
isna1241,aust1307,-0.9162834574832176,0.3330263850552892
isth1240,utoa1244,1.4061008241745037,0.6127518592403352
isth1242,utoa1244,2.092304703161417,0.6137511465935885
isth1241,utoa1244,2.092113701520467,0.6183323121769497
ital1282,indo1319,3.10287544371642,1.180054618528826
ivat1242,aust1307,-0.3318636366733727,0.4074268376383676
iton1250,iton1250,-0.3835931064530062,1.1478533051344453
itza1241,maya1287,0.9882856873893738,0.5321852408455126
iumi1238,hmon1336,-3.1349611080053323,1.0953639595195153
iwal1237,aust1307,-1.600072870986358,0.3058261090287164
iwam1256,sepi1257,-0.7909278639522399,0.5198174999102667
iyoo1238,nucl1709,-1.418951227330524,0.2930047681338212
jahh1242,aust1305,-1.6351535726945334,0.60750181250366
jalk1242,mand1469,2.009433418300961,0.6945678433313196
jamb1236,aust1307,-2.001260444112361,0.7364521628308198
djam1255,mirn1241,-0.1086572562157375,0.907348669670344
jams1239,dogo1299,2.4689674295138198,1.356873962166119
nucl1643,japo1237,-0.7252378363595664,1.1349311217566678
japh1234,sino1245,-0.4726061580860343,0.3979967603065395
jaqa1244,ayma1253,1.9198475053035065,1.3146887358627757
jara1266,aust1307,-3.149356721898649,0.6866856365291669
java1254,aust1307,-1.2601257320772223,0.724081009678021
jede1239,aust1305,-1.1451994531962095,0.5526700540203029
jehh1245,aust1305,-2.7879268008592777,0.6081369712757407
jeha1242,aust1305,-1.8159784519750757,0.5927376974019891
jenn1240,drav1251,3.6272911142781386,1.175965906941984
jeru1240,sino1245,1.3117920869909936,0.3185170503783014
jina1244,afro1255,2.049318380467827,0.4309152735899397
jjuu1238,atla1278,1.2831348096525488,0.4194130092124659
juan1238,aust1305,1.5443793669065595,0.5875040014212587
juku1254,atla1278,1.5976165438311776,0.3147837160607478
jurm1239,cent2225,0.1669899035191555,0.4715626399208235
kaba1281,cent2225,1.485707362427904,0.5580666247719384
kaba1278,abkh1242,3.733264989126034,2.093125830774322
kach1284,gong1255,1.96713199967293,0.6130151648947466
kada1242,drav1251,3.5557020286556584,1.1642561413247048
cent2100,aust1307,-1.6013115581452375,0.3847479205544193
kado1242,sino1245,-1.7624727197405776,0.4287970094718565
kafa1242,gong1255,1.607547557428954,0.5583111546478721
kaga1256,aust1307,-1.0133202986959138,0.4070881951836576
kagu1239,atla1278,1.544455416578786,0.5154456821680773
kaik1246,sino1245,2.059934447802245,0.4941516016416569
kair1263,aust1307,-1.6624120297916587,0.3637190372602896
kaki1249,kaki1249,0.3914802962388184,1.0443614006225403
cacu1241,kaku1242,1.4506676297433916,1.279815132923043
kala1399,eski1264,2.1473676654688885,2.6117932574971734
kala1388,aust1307,-1.4472155609979536,0.3771285781753022
kala1377,pama1250,0.0594252286911297,0.5821010171174459
kara1499,west2604,-0.3122711504191422,1.1019892617454423
kala1384,atla1278,2.0002225579833803,0.6856456141814604
kalu1248,bosa1245,-1.6068681443918782,0.986945975886961
kamm1249,atla1278,0.7871945202101354,0.3370312308402878
kama1370,nucl1709,-0.5021600031485696,0.2858268935997854
kama1367,nucl1708,-0.1627689067762685,0.5764913877922888
kamb1316,afro1255,2.8892541523598707,0.6570324585786977
kamb1297,atla1278,2.5521653714937957,0.5678306424422157
kamb1299,aust1307,-1.5514872869692768,0.4890217658976121
kamo1255,nucl1709,-0.6656332494597454,0.4398248546201229
kamu1260,kamu1264,0.2740422676075699,1.0574415649693578
kana1286,aust1307,-1.421505644926418,0.3831691757740953
kani1286,nucl1709,-0.5736735601716043,0.2845188326958432
kank1243,aust1307,-0.2600600944321709,0.2859081666043135
nucl1305,drav1251,3.617146353286808,1.1852560615130088
bidy1244,atla1278,1.60198745631461,0.638643656150987
kaon1241,atla1278,2.536469579218894,0.6910571898319153
kapi1249,aust1307,-1.617216367739577,0.5953267280071346
kaqc1270,maya1287,0.2131286271013218,0.4832718833779488
kara1482,cent2225,0.562425218770843,0.6084951840410513
kara1500,nucl1710,-1.0467320681852266,0.7392379890289531
kara1487,aust1307,-0.0074254556408304,0.2926452790182345
kara1486,aust1307,-1.7531059863279617,0.3641408444791256
kare1338,atla1278,1.3089952898246076,0.4099754325638125
kare1335,ural1272,2.574692893892924,1.1576773561256828
kari1311,tupi1275,0.0254568223819482,0.675705315987039
kark1258,pauw1244,-0.7998221815169788,1.0679591398727144
karn1252,aust1307,-1.7803296040116663,0.3108749601815423
karo1304,karo1304,1.2586972313635985,1.4190586758729795
kash1277,indo1319,3.937618159432892,1.3973746159148188
kask1239,atha1245,-0.9938345703349714,1.065304890284906
newa1246,sino1245,1.7905004132735618,0.3618538096262726
kats1235,sino1245,-1.9275271300144128,0.411454419031843
kava1241,aust1307,-0.7778773877334488,0.440075487959521
kaya1315,sino1245,-1.7589796332663434,0.4890051157084363
kaya1319,tang1340,0.4802997284535357,0.8343422693502136
keap1239,aust1307,-1.047699072558428,0.3598201334024695
keda1252,aust1307,-1.251097605022199,0.3891303711013432
kera1248,atla1278,1.7629973253118676,0.6447119139249802
keig1242,kadu1256,2.6364554381838525,1.412679613777379
kele1255,atla1278,1.9947782246126395,0.5267643826896906
kele1258,aust1307,-2.185260356786402,0.4087829194078205
kele1259,aust1307,-0.9333224579081448,0.2791816468204215
keme1240,atla1278,1.2458561979715994,0.3047468976745113
keng1240,cent2225,1.3217423595158584,0.59852874313792
kenu1236,nubi1251,3.010804980551492,2.014419721552583
keoo1238,aust1307,-1.4977094065098178,0.4394751074167748
kera1255,afro1255,2.621806715900771,0.4536037780167374
keri1250,aust1307,-1.231328759283358,0.7150129497956437
kesa1244,nucl1709,-0.800234700044204,0.271215084415866
kett1243,yeni1252,3.037527055285349,2.5727778582763365
kgal1244,atla1278,2.092258805758858,0.8773444783089337
khak1248,turk1311,2.354248489672903,1.820438162940797
khal1275,sino1245,1.3432584263363658,0.3193646022027296
kham1282,sino1245,0.8443349419719168,0.5668924989201702
khan1278,atla1278,1.5570682772638549,0.3619975960490738
khan1274,aust1305,-2.770381285695125,0.5643445545769774
khar1288,sino1245,0.7644714428122272,0.2603977891998736
khar1287,aust1305,1.739214372632465,0.5972978244730127
khas1269,aust1305,-0.6109096860583851,0.4774712895321604
khez1235,sino1245,0.6456171225332556,0.2588061093412133
khin1240,nakh1245,4.140006708667309,1.5773464792803482
khmu1256,aust1305,-2.802444179719086,0.551560433316193
guan1266,sino1245,0.2910369032052275,0.3819359172382057
khum1248,sino1245,0.0712962404065771,0.3259509564139042
khva1239,nakh1245,4.183222955795742,1.52608932478282
kich1262,maya1287,0.2113346746637896,0.444964933931641
kiku1240,atla1278,2.562747969440828,0.5469630590277275
kile1243,tung1282,0.3028640537665601,0.869836561801427
kili1267,aust1307,-1.252233389091722,0.353878816450222
kimm1246,atla1278,1.6588668076669415,0.4413406783221107
kima1246,kolo1268,-1.5019037160663742,0.9932299849163496
kima1244,aust1307,-1.222804342451421,0.3921377517702042
kimm1245,hmon1336,-2.965899171411291,1.0399651269692844
kina1250,aust1307,-1.1358215243407097,0.374424167253836
kinn1249,sino1245,2.6270153028117025,0.7932424411102481
kiow1266,kiow1265,0.8909823137890023,1.390599290078116
kips1239,nilo1247,3.157489922355197,1.1596706212670416
kelo1247,timo1261,-1.6326126758943451,0.855942803151831
miju1243,sino1245,-0.4038198541951794,0.3590682596920898
kobo1249,nucl1709,-1.364493738590951,0.2920250666491304
koda1255,drav1251,3.594520054720437,1.183000721414591
koho1244,aust1305,-2.695301244232036,0.6543024096420469
koir1240,sino1245,0.7446371408977388,0.2599848426294384
koit1244,koia1260,-0.7489465031108355,0.7037206266397531
koka1244,pama1250,0.8237185740389531,0.7995883775523849
koko1269,aust1307,-1.3836494764735772,0.3852002954139077
kola1285,aust1307,-0.9230786307612324,0.4487627310465338
kolb1240,atla1278,1.683298136748648,0.3689954842899974
kolc1235,atla1278,1.9598766811101327,0.4184479347453074
kolp1236,kolp1236,0.0273332999528923,1.066670569822111
kolu1245,aust1307,-0.6006906269360712,0.3207314165692576
komb1274,nucl1709,-1.1071445609745734,0.3657746189172917
komc1235,atla1278,1.4351203135902366,0.2946940928526844
komi1270,sino1245,0.5318788628771491,0.270647901769105
komi1269,ural1272,3.4076374843387205,1.726159834581809
komi1268,ural1272,3.2628794420869505,1.8129993745538155
komo1260,atla1278,1.7242588421463312,0.5381137136430132
kona1242,east2433,-0.6728755702459583,1.073120911235459
konk1267,indo1319,3.912412653146209,1.4133954309968877
kons1243,afro1255,2.874959052696667,0.6434689258552728
kony1248,sino1245,0.2067695345198297,0.2797695880804864
koon1245,atla1278,2.052570916520508,0.4479038289448356
koor1239,gong1255,1.9296579936970712,0.6112237067072641
kora1294,nucl1709,-0.9980583618547616,0.4020128998666772
kore1280,kore1284,0.6619313779675633,1.4915485098310786
kork1243,aust1305,2.450356733886544,0.9262847020386182
koro1298,atla1278,1.8749824483790556,0.5896165713227335
koro1313,sout2948,0.1622626360670758,0.7131717526657217
koro1312,nucl1709,-0.7696676530859965,0.3594711557801249
korr1238,drav1251,3.77810704062742,1.233724800155771
kosa1249,nucl1709,-0.508630264204871,0.3516883341062504
kosr1238,aust1307,-1.3585966330619634,0.7993175051831436
kota1263,drav1251,3.5895813474900744,1.1689504924631071
koti1238,atla1278,1.7570823869228327,0.7149970724576775
guan1269,tuca1253,1.898774879500634,1.0004402681596236
kova1243,nucl1709,-0.5197825181518654,0.3266617228566293
kove1237,aust1307,-1.5421916796594737,0.3098244793000164
koya1251,drav1251,3.6411272595994553,1.087754958135653
koyr1242,song1307,2.700896096906232,1.381876893213006
koyr1240,song1307,2.7490477919782577,1.353214629088532
koys1242,afro1255,3.0159883541031163,1.2012625630964653
kren1239,nucl1710,-0.6404132356780736,0.9821994763758886
gbay1288,kres1240,1.028461785985542,1.0381936429272294
ngeq1245,aust1305,-2.211892622121636,0.5883251685485336
kron1241,kadu1256,2.606036814128899,1.3858476535200643
kryt1240,nakh1245,4.1413988106617134,1.5767319705255556
puoc1238,aust1305,-2.818571376373417,0.5782219212774331
kuan1248,aust1307,-1.521838835960701,0.3179655720900394
kuan1247,atla1278,2.1473388651661285,0.9468874012526624
kuii1252,drav1251,3.391824371097912,1.0562938948341078
kuik1246,cari1283,0.5697878253565336,0.8436023428712343
kuku1280,pama1250,-0.2619711799338278,0.5050829899714335
kuku1273,pama1250,0.0674232482785849,0.5304854841731848
kulo1237,aust1307,-1.4534532497937571,0.3954408768655355
fait1240,nucl1709,-1.4541544266294526,0.2804473718342599
kulu1253,sino1245,1.2064673921757891,0.3221855532220452
kuma1280,nucl1709,-0.6469133994712792,0.2778026751763063
kumb1268,pama1250,1.2654590443123983,0.8615457252680185
kumz1235,indo1319,3.486855171509306,1.7119168002719798
kuna1268,kuna1268,2.911359776691599,1.7631860479993389
kunb1251,gunw1250,-0.4764387688578112,0.7150429021185163
kuni1267,kuni1270,0.9166022189179398,0.8290495491854157
kunj1245,pama1250,-0.101009515687596,0.5291642207522926
kuot1243,kuot1243,0.3322006214418169,1.0948433295911988
kurr1243,pama1250,1.637343046474796,0.7997692494515647
kurt1248,sino1245,0.366262529971407,0.3381964329999976
kusa1251,aust1307,-1.9535734201564288,0.380976336197242
kusu1250,kusu1250,1.1969111800453685,1.3372901614340345
kute1249,kute1249,1.0126690319345442,1.3553099981619976
kute1248,atla1278,1.1428755132654498,0.3148881380916224
kuvi1243,drav1251,3.337384422830895,1.0650609129477195
kuyy1240,aust1305,-2.9446915278449275,0.6073735550783477
kwai1243,aust1307,-2.087964732172196,0.4129821454697548
kwam1252,aust1307,-1.2263570398963546,0.3898057819695486
kwar1239,aust1307,-2.10960184267358,0.4039435918668523
kwaz1243,kwaz1243,1.0259170860047302,1.2366750377404516
kweg1241,surm1244,2.057245972485149,1.132821594990873
nucl1595,kwer1242,-0.8018228134976133,0.9461921907495404
kwin1241,worr1236,-0.665609973499312,0.8961922896655095
kwom1262,sepi1257,-0.409863199156929,0.5001369834111884
nucl1593,kwom1263,-0.8890788170805086,1.0666496070371094
kxoe1243,khoe1240,1.9780828459739108,1.5118655863220791
kyer1238,sino1245,1.7766856218246123,0.3816677409560443
cori1240,atla1278,1.3106055563696792,0.3955651564432427
laal1242,laal1242,1.7926755214417849,1.3588356354763222
labe1239,aust1307,-1.517208606486323,0.3290783233759926
labu1248,aust1307,-1.7447774504424696,0.2943824365356819
labu1249,aust1307,-1.1621743657329635,0.4056798985799181
lach1248,taik1256,-1.8261857775988648,0.6546339178026228
lagw1237,afro1255,2.0779502777479464,0.4394122791613295
zaye1235,sino1245,-1.6254776414514542,0.464242302928926
lahu1253,sino1245,-1.9535863607427733,0.4405483512726329
laiy1246,aust1307,-0.9955891418417192,0.4445852976963271
lakk1252,nakh1245,3.937876041528305,1.5284696364434986
lala1268,aust1307,-1.06123783021494,0.3328481332119724
lama1277,aust1307,-1.317028684348371,0.3942095748141083
lama1288,afro1255,1.87445845474326,0.3818206113974076
lamb1269,indo1319,3.759784369040003,1.3215170360955066
lamb1273,aust1307,-1.5572838792869417,0.5195022602904702
lamb1272,atla1278,1.9039615930361768,0.5666241624777495
lame1260,aust1307,-1.6310654670639029,0.2892648885069002
hela1238,sino1245,1.7085067341304576,0.3637078791595636
lamk1238,sino1245,0.6304000767233058,0.2913734467730142
lamo1244,aust1307,-1.5446094589025403,0.309545782353462
land1256,atla1278,2.2234048889714675,0.5770439162013199
lang1320,atla1278,2.465484915541136,0.493625683960218
lang1324,nilo1247,2.413196230162713,1.098160251276365
laoo1244,taik1256,-2.094277095085166,0.7758078538257864
lara1258,lara1258,-1.180482300801307,1.2012325341543773
lard1243,tang1340,0.2260785323514513,0.8833526744241595
lash1243,sino1245,-1.0710081244111531,0.3315106435774213
teke1275,atla1278,2.2703428846511238,0.58234460446476
latv1249,indo1319,3.770638463056899,1.3651797095309344
lauu1247,aust1307,-2.199607815604656,0.4085124208765709
lave1248,aust1305,-2.9172568665399425,0.5934772911064785
lavu1241,lavu1241,0.0637885094717843,1.1169240393245214
lazz1240,kart1248,3.7604023513060287,2.099696701833241
lega1249,atla1278,2.8448548006630303,0.627013495301159
lele1276,afro1255,2.056857310290158,0.4892423806230948
lele1267,aust1307,-0.6801629052790901,0.3052810736858804
lele1270,aust1307,-2.072379095699139,0.4183950922185913
lemb1266,nucl1709,-0.4047413341208883,0.3073681377082495
leme1238,aust1307,-1.6943641332620012,0.3637156981450067
bela1260,aust1307,-2.060443546516742,0.4455246680404805
lena1238,aust1307,-1.0728961939217907,0.3796069590752529
lend1245,cent2225,1.512418912493947,0.4818206878623536
leng1259,aust1307,-1.9474746320574343,0.3887765785123269
lepc1244,sino1245,1.0551371586660152,0.3367156404974194
lese1243,cent2225,1.6752373999894945,0.4988411313067864
leti1246,aust1307,-1.5336354278280353,0.4423636660684353
lewo1242,aust1307,-1.5744434017719446,0.2966425645500097
lewo1244,aust1307,-1.5741549146989644,0.3990090185965709
lezg1247,nakh1245,4.220742218023669,1.5445347655990225
lian1251,sino1245,0.7731083897394164,0.2656355743702256
libi1244,atla1278,2.518451056668055,0.4584775619671628
liby1240,afro1255,2.714321745790876,1.069184818572391
lihi1237,aust1307,-1.0553976291249612,0.3603058258392027
liji1238,atla1278,1.169645354873384,0.3594253932632636
lika1243,atla1278,1.8881689132875024,0.4921192491358264
lill1248,sali1255,0.0291313027219002,0.720314929314962
limb1266,sino1245,1.1672361456281424,0.3253011310163325
nucl1327,limi1242,0.3700237766040086,1.1154614287535063
limo1248,aust1307,-0.2802112325284791,0.3108614959644766
lipo1242,sino1245,-1.7090401335169148,0.3799990512375206
lisu1250,sino1245,-0.9884347850721298,0.3364394240955102
lith1251,indo1319,3.7250038548316935,1.364622616638413
lito1235,atla1278,2.3077411161743795,0.4578540925284073
livv1243,ural1272,2.688102205008377,1.0591259418231274
loba1239,atla1278,2.294848998367009,0.4555082295530175
logo1259,cent2225,0.4842970610428927,0.4484832311580176
balo1261,atla1278,3.000564474551618,0.4828688317566838
loka1252,atla1278,1.2789473490168972,0.3325729201947771
araw1276,araw1281,1.4118098559591383,0.8806004082480543
lolo1259,sino1245,-1.6541605323810185,0.378375726440276
loma1260,mand1469,1.5326036948948405,0.6658113264480203
lomb1257,indo1319,2.840440127278544,1.0913230826831062
chiq1248,chiq1253,0.9102273924372868,1.2519248282884514
acha1249,sino1245,-1.034706478645353,0.3584851728556044
long1395,aust1307,-1.900463697841793,0.4023675749717013
loni1238,aust1307,-2.1428746230855302,0.4145313160437638
lote1237,aust1307,-1.357059543750129,0.3287635051119641
loth1237,sino1245,0.4175872363168045,0.2629181314829347
lotu1250,aust1307,-1.7652766744439554,0.3969221967574796
louu1245,aust1307,-1.875947605782125,0.4078003221810258
vano1237,aust1307,-1.927875632236549,0.4770896073940163
lowl1260,tequ1244,0.4589845255284772,1.1856297833883152
lowl1265,utoa1244,0.6875715242114885,0.6181688322317109
lozi1239,atla1278,1.3953105228535203,0.6320259052697841
luan1263,aust1307,-1.3225080344602815,0.4490322951674619
onto1237,aust1307,-2.25636700978133,0.506885724084924
lubu1243,aust1307,-0.7207054728578204,0.3031994348398799
luch1239,atla1278,2.5270909050449446,0.7084793679211838
ludi1246,ural1272,2.942577422068451,1.214780905405886
lugb1240,cent2225,1.2066308993455062,0.4638002333226083
lugu1238,atla1278,1.7481570783351896,0.5249833007463858
lule1254,ural1272,0.5666766757843784,0.8631332945184722
lumb1249,atla1278,1.972146262194534,0.6999069751365585
lumu1239,narr1279,2.0836067648971324,1.2287937602119157
lund1266,atla1278,2.667214449950715,0.7237005505582301
lund1271,aust1307,-1.9573952339480971,0.4351007122181078
luok1236,nilo1247,3.269065342711824,1.1581882521510942
luse1252,atla1278,2.457153443379182,0.5141889976013827
lusi1240,aust1307,-0.9501480952490726,0.3038873601416716
luva1239,atla1278,2.5468979098276705,0.7121298792527666
luya1241,atla1278,2.4253667627348,0.6936043054248602
maan1238,aust1307,-1.8043224898982708,0.5820387155142503
maas1239,atla1278,1.7760143553044854,0.4741581736772611
maba1270,atla1278,2.215163060018358,0.4816682839629722
maba1277,maba1274,2.0188756593903614,1.3361279136664654
mace1250,indo1319,4.100240280411299,1.377816757406984
mach1267,araw1281,2.1397326630087434,0.6937917720057909
maco1239,sali1297,1.1904059465024843,1.2991275273253304
macu1260,tuca1253,1.8673910922638148,1.0244853810957697
mada1285,aust1307,-1.4732617453779056,0.3394118871760456
madi1260,cent2225,0.4788354218293964,0.5097248182055347
jama1261,araw1282,-0.8870672929279122,1.0917235064080115
madn1237,east2374,-0.6543991912700444,1.1325604965804708
nucl1460,aust1307,-1.838110104683658,0.6774046453658871
mafe1237,aust1307,-1.3842435916089155,0.2820399943419351
maga1260,indo1319,2.555451223233796,0.874311913904652
magd1235,otom1299,-0.8575273684134754,0.3815061734006049
magu1243,aust1307,-1.4484138082429938,0.3667168241497327
maia1253,nucl1709,-0.6703164370642734,0.3030021932083722
mail1248,mail1249,-1.1087637985908645,1.150304280036437
nucl1594,mair1253,-0.8227936110597112,1.1340627726672985
mais1250,aust1307,-0.8654906527898691,0.3160615274928675
mait1250,indo1319,2.200381084725789,0.8264220242662867
maja1242,surm1244,2.5568222804273733,1.136746281692206
maka1304,atla1278,1.8926521454612188,0.4111984713020318
makc1235,taik1256,-0.9967544966584914,0.5562400285486921
makh1264,atla1278,1.866187339572885,0.642065308579908
makh1266,atla1278,1.3237232930979297,0.6354294970847789
mako1251,atla1278,2.31805867137506,0.6473963148935065
mala1463,drav1251,3.144308647640908,1.3021749389054331
mala1534,aust1307,-0.7896016308582896,0.3224710295604867
mala1464,drav1251,3.419321011918416,1.2491683140922598
mala1522,chib1249,0.7605916831238557,0.6360428893652674
male1284,gong1255,1.8041877049364632,0.5862398121159886
male1297,chib1249,-0.0699363969438982,0.5904093409994688
male1289,aust1307,-1.688720602052761,0.3156864546906952
malg1251,afro1255,2.028640395977892,0.4218695465665316
mali1284,bain1263,0.2171751865521888,0.9157463356987536
mali1285,otom1299,-0.7631716047373598,0.4303989888113309
malt1254,afro1255,3.475466622726006,1.443587231004584
malu1245,aust1307,-1.68816924403015,0.2718909909984282
mamm1241,maya1287,0.193688002517832,0.4588549530182773
sauk1252,nucl1709,-0.6492178081409596,0.3041053170276369
mama1275,aust1307,-1.2602420442816284,0.4128664768099961
mamb1306,aust1307,-1.673358640911708,0.4149807785222039
mamb1294,atla1278,1.1803399969935768,0.3801266994255003
mamv1243,cent2225,0.8433405287064049,0.4612938639464898
mana1295,aust1307,-1.6786187410020244,0.3375746781691857
mana1298,nduu1242,-1.2837501119472567,0.8152689306044953
mana1288,sino1245,1.9102638495421669,0.4420153579037906
payn1244,nucl1709,-0.7231517692819978,0.2908959580126948
mand1440,aust1307,-1.6693294067618782,0.378185266656815
mand1415,sino1245,-0.3452300965192907,0.9693214958453478
mand1436,mand1469,2.297838223955526,0.923843495368904
mang1378,aust1305,-2.752856930934957,0.5405477388431921
rapa1245,aust1307,-2.442687225873389,1.9183300358737507
mang1401,aust1307,-2.379537136852607,1.9124128648334957
mang1381,mang1423,0.91821647177314,1.0215537093941327
mang1394,cent2225,1.23583063308363,0.4995027594784531
mang1404,aust1307,-1.6676878392890342,0.2952922648110165
mang1405,aust1307,-1.4681781284530504,0.4529857056138739
mang1403,aust1307,-1.026209793289108,0.312638460878186
tong1308,aust1305,-1.739066040238693,0.59563654939077
manm1238,aust1305,-2.524497482478009,0.5175723143171505
mann1248,mand1469,1.5897139880991935,0.7099303572277789
mans1262,aust1307,-1.4642186558047612,0.4205676759620198
mans1260,hata1242,-1.0458298771856145,1.0036031811530686
manu1258,aust1307,-0.574742897030363,0.4125599041111254
maon1241,taik1256,-0.9778485155516266,0.5840615952668706
maor1246,aust1307,-1.3614767328328266,1.547752622968301
mapo1242,aust1307,-1.689660464270038,0.293263885280429
mapu1245,arau1255,0.0101942570773734,1.5824807365876596
mara1382,sino1245,-0.0372894143991713,0.3530183445903807
mara1399,aust1307,-1.677429900477439,0.269463981064745
mara1379,sino1245,0.675072515036518,0.2679772696530307
mara1404,aust1307,-1.3330581595856883,0.351437694348542
mara1386,west2434,-1.6001191972890996,0.9294134921246976
mara1396,tama1329,2.6780461142167944,1.4933554418125443
mara1378,indo1319,3.818682032434089,1.304412543915384
marg1253,pama1250,0.7356978467599827,0.6737949025624284
marg1265,afro1255,2.549087865547532,0.397975926833733
mari1414,drav1251,3.783956977158513,1.1186868322358243
mari1440,coch1271,0.0927984259647933,1.0577078387963246
mari1428,aust1307,-1.3523449495922972,0.3032997212087727
nucl1622,anim1240,-1.2229440433683303,1.1966213970382045
mari1416,sino1245,0.7466160853509032,0.2789745651088529
mari1424,west2434,-0.946367260430354,0.910951232600067
moro1289,moro1289,0.341259947996785,1.09713299989701
maro1244,aust1307,-1.918573992559391,0.3925653190566409
mara1385,mang1423,0.9775880670054128,1.034124426664916
mars1254,aust1307,-1.4977626084377915,1.0959637392778454
mart1255,pama1250,1.5712059282526734,0.829079627400727
maru1249,sino1245,-1.2363284990051446,0.36760101142234
maru1252,pano1259,1.622541837142873,0.6091955716856079
masa1322,afro1255,2.0953442151263992,0.4555847409494351
masb1238,aust1307,-0.7188469514014142,0.372119591151077
mask1242,aust1307,-1.394596837959158,0.2830700533129375
matb1237,aust1307,-0.1713679849265643,0.4014386441951316
kemb1249,aust1307,-1.780482605831759,0.5725621438765058
mati1250,aust1307,-0.7899767236380719,0.3448654628175305
mato1252,aust1307,-1.2041001098092563,0.3024259151587793
mats1244,pano1259,1.29523044081395,0.6267243796261086
matu1261,aust1307,-1.373471174156066,0.310263890394741
matu1259,atla1278,2.2918574679310777,0.580612638847211
mauw1238,nucl1709,-1.3924566875628632,0.312127887487466
maun1240,iwai1246,-0.9909946715633188,1.1856588480615629
maxa1247,nucl1710,-0.7359941738938462,0.9732091169156912
maya1285,misu1242,-0.4202013957954641,0.9084263458942976
maib1239,mayb1237,-0.8680559234733674,1.1364852983714484
mayo1264,utoa1244,1.0535290228609004,0.6608303369895738
mayo1261,atla1278,1.9281992983782388,0.4972619583821567
mbaa1245,atla1278,2.652049827319296,0.5273414499111784
mban1263,atla1278,2.177318866005736,0.4599873036487043
mbay1241,cent2225,1.1606837060280806,0.5478563584599696
mboc1235,atla1278,1.481696785138049,0.3141527157281576
mbol1247,atla1278,2.043177779217164,0.5464865120890448
mbug1242,atla1278,1.8484041312493875,0.4951835948407348
mbul1263,aust1307,-1.7408933537545557,0.3148490566483133
mbya1239,tupi1275,0.049027626975486,0.8749603031770778
meen1242,surm1244,2.5707665030807414,1.1207125497291548
mehe1243,sepi1257,-0.5379954719160602,0.5114212742178053
saki1248,tupi1275,0.6354227486962725,0.5760286242994956
meke1243,aust1307,-0.7672345984429805,0.3126217529007258
mele1250,aust1307,-1.503314685127359,0.3205668409274853
melo1242,gong1255,1.7902150609223957,0.5651528186160482
melp1238,nucl1709,-0.5903917846413536,0.2891514900661498
mend1268,sepi1257,-1.1268240345706513,0.5280173432706787
mend1266,mand1469,1.626811613698047,0.7266769743953478
meng1267,aust1307,-1.129950522413857,0.3230600960951806
meny1245,anga1289,0.5517701365133761,0.7982501472606316
mera1242,aust1307,-0.755403659393111,0.3118989776033318
mere1242,aust1307,-1.3888937496877722,0.2974900287905688
meri1244,east2503,0.314682566205363,0.833636004882341
meru1245,atla1278,2.0126798634361487,0.5836868684685692
mesc1238,atha1245,-0.2590229869301834,0.8674153892465446
meta1238,atla1278,1.5408587181948683,0.3119163680524837
meya1236,east1459,-1.1631014258513883,1.0146488829161582
mezo1235,otom1299,-1.2001677628461964,0.41856019171128
mezq1235,otom1299,-1.559227882680576,0.5451725342251637
mian1256,nucl1709,-0.9059048121467824,0.3373995593292509
mich1245,utoa1244,1.8213681855539936,0.7738071993295916
midd1357,pama1250,1.2510148434115358,0.813641112173694
midd1327,aust1307,-1.66478112113129,0.3073158041620276
mids1243,atla1278,1.6466150835324271,0.5163460827948274
mika1239,musk1252,-0.9021582755880068,1.0286244151748063
mikm1235,algi1248,2.623856598404921,1.885704661046216
mila1245,sino1245,-0.1035082954356543,0.3366679796394853
mina1276,afro1255,1.648100631747761,0.3791799080790978
mina1268,aust1307,-1.9232217372111529,0.6969256739448175
mini1256,huit1251,0.8406279547580073,1.0062104936465175
mini1251,aust1307,-1.5151325800103936,0.3173990728088354
minn1241,sino1245,-1.298832035384228,0.6788711685242328
miri1266,jarr1235,0.6620265554215505,1.193386000007978
misk1235,misu1242,0.0447236178494847,0.9275892325018686
mixt1426,otom1299,-1.9559077847233437,0.4358595612198606
miya1266,afro1255,1.9899784303419463,0.4834816313507142
miya1259,japo1237,-0.6319327971366675,0.7468238813707151
lush1249,sino1245,0.0748627862757738,0.3435132611289875
mlab1235,aust1305,-2.851261294385583,0.5696349447675209
moch1257,maya1287,-0.0359451916246587,0.4480363215765415
moco1246,guai1249,1.1729157241905357,1.3312570661305214
mode1248,indo1319,4.018967225318535,1.4427978703036466
hebr1245,afro1255,2.9334139134939807,1.2436212420946822
moii1235,west1493,-0.8532057674909039,1.1596421055811126
moke1242,aust1307,-2.2478831099047274,0.762191634321681
moki1238,aust1307,-0.8724395326970087,0.7138358243485756
mokl1243,aust1307,-2.069596519200085,0.7144446882015911
mokp1239,atla1278,1.5839761006341069,0.3590627305895166
moks1248,ural1272,3.567172677942814,1.474783038722848
fass1245,baib1250,-0.7071894065565245,1.0715557299820695
mong1338,atla1278,2.330713594998465,0.5707350841961958
mono1273,aust1307,-1.128189059652868,0.3627986149738893
mono1270,atla1278,2.076457412401825,0.4640275841407897
mono1275,utoa1244,2.036362488277529,0.79100019631609
mont1268,algi1248,1.98461032637332,1.6844094635503346
nucl1458,monu1249,0.1640555257830068,1.0336900997683438
monz1249,atla1278,2.5552106431266943,0.4575428182540593
more1259,utoa1244,1.5619259634571554,0.5933514900200274
mori1269,aust1307,-1.7112852324342542,0.4498869409925818
mori1268,aust1307,-1.5534085990688205,0.4340645281747006
morm1235,aust1307,-0.8360166416586967,0.378254017671499
moro1287,aust1307,-0.9030864286597512,0.425527460506367
mort1237,aust1307,-1.1280452498658216,0.6658995524189271
mose1249,mose1249,1.2991409916706709,1.2914665932334115
temb1272,atla1278,2.293341901531549,0.4769391237104878
motu1246,aust1307,-1.553874789457056,0.3424395032768048
mouk1239,aust1307,-1.5869035785661163,0.3069131862635172
moun1252,koia1260,-0.7591074278680026,0.6921518506182576
movi1243,movi1243,-0.3287055172251154,1.1469396148742614
tang1347,aust1307,-1.6030986171397972,0.2790096942452962
moyo1238,sino1245,0.6418659525791917,0.2749997497414176
mpad1242,afro1255,2.1465827180319508,0.4908905245956916
mpii1239,sino1245,-1.6421109304144474,0.5601618305879681
mpot1240,atla1278,2.140183033521684,0.5943728453036181
mpur1239,mpur1239,-0.8689054260499889,1.1554175009233556
mual1241,aust1307,-0.962686989840063,0.5568311235625565
mudu1242,aust1307,-1.6013049421606798,0.3397387985555147
mudu1239,drav1251,3.4823007593074724,1.1747470852007882
mull1237,nort1547,-0.6981047882607194,1.1330131351165496
nucl1240,atla1278,0.915212856470352,0.354645803045905
muna1247,aust1307,-0.8623968164766762,0.4093479887650915
munc1235,sino1245,-1.0615110157815515,0.4431450653690358
mund1328,atla1278,1.064855655974105,0.3059260642107153
mund1325,atla1278,1.9079970908030144,0.3947536713052715
mund1320,aust1305,0.8072981696355324,0.5329897360947831
mund1330,tupi1275,0.4712040647225503,0.6923513462394508
abar1238,atla1278,1.075032067174987,0.3011149566411095
murl1244,surm1244,2.607073744599825,1.129483801983481
murr1258,sout2772,-1.07523975180488,1.1993040047154668
muru1274,huit1251,0.6422585370478238,0.9979002388270032
muru1266,pama1250,1.223621288696506,0.6861405231118498
musg1254,afro1255,2.009758079769714,0.429996493599349
muso1238,aust1307,-1.5571834054114937,0.2995227307449584
muss1246,aust1307,-1.865617233045521,0.4605490266568521
muth1236,drav1251,3.5854945157004723,1.2181476341216917
mwag1236,afro1255,2.46479499043127,0.4934906878864717
mwan1250,mand1469,1.3269153561326643,0.6415696782108684
mwan1247,atla1278,1.945436375465752,0.6903916028587611
mwer1248,atla1278,2.40818729491392,0.6086848220429273
motl1237,aust1307,-1.3208187528941302,0.3732398187697496
naas1242,sout2948,0.4098862167732621,0.7085857597302558
naba1256,nucl1709,-1.3245275471391404,0.3093240469693334
sout2857,aust1307,-1.7860305184670713,0.2751053091313693
naka1262,aust1307,-1.4072130413935449,0.3142799572059669
nalc1240,nucl1709,-0.9852115257734804,0.3576421497195925
nali1244,aust1307,-1.724845541089222,0.355562074848442
nama1268,aust1307,-1.503186902259587,0.3174094899132544
litz1237,aust1307,-1.6982093435215195,0.2851989891970037
nama1266,more1255,-0.3555657291071501,0.644498676743237
namb1293,more1255,-0.397496125422367,0.653555291231223
nami1256,sepi1257,-0.8198338827664384,0.5121307634731229
nana1257,tung1282,0.5686709968996491,0.7922951467690824
nand1266,nilo1247,3.199817880523041,1.1387734304031183
nang1262,aust1307,-1.7402764148327503,0.5037407995791208
nant1250,araw1281,1.9186600094371145,0.6923724585365454
nara1262,nara1262,2.4727974811829267,1.7377259023086822
naro1251,aust1307,-2.003633744353204,0.4833238348475852
yong1270,sino1245,-0.3223665785313523,0.3458336468398775
naru1238,pama1250,1.6073193721313754,1.0195711810465378
nati1244,aust1307,-1.0831863342726615,0.2814895085819016
naue1237,aust1307,-1.3798367592850924,0.4222317008621097
naur1243,aust1307,-1.9301822716929933,0.8784202732943696
nava1243,atha1245,-0.1786403861375167,0.7700835651467299
nawu1242,atla1278,0.9961421345218872,0.4216821504403896
naxi1245,sino1245,-0.9926718924018418,0.33651974058085
ncan1245,atla1278,1.4199842803624374,0.2968105531781875
ndam1251,afro1255,2.779697625814571,0.5435414576599031
ndam1239,atla1278,2.390242271207443,0.5439084332731499
nden1248,atla1278,1.6618490841175666,0.5638968891167613
ndog1248,atla1278,1.2453574638844764,0.5756679109121103
ndom1245,kolo1268,-1.5077663078724082,0.9972816002576792
ndun1249,atla1278,2.2285579707470293,0.4786440775625333
nege1240,aust1307,-2.109442777711673,0.6576200195253223
negi1245,tung1282,0.8584349328305252,0.838597051135288
neha1247,aust1307,-1.6506456895170851,0.384965262305168
kuma1276,aust1307,-1.7408789817121888,0.4668895782727853
nenn1238,more1255,-0.1204533259100149,0.6183363178332684
nend1239,nucl1709,-0.5795137111782767,0.2872458812451786
neng1238,aust1307,-1.4189039866059714,0.4575645656052094
nucl1706,afro1255,3.5939841539282185,1.3179872703354336
nepa1254,indo1319,2.7714653539935328,0.8633172591075535
nese1235,aust1307,-1.2122552910224522,0.2821012202231596
vinm1237,aust1307,-1.68800629433672,0.2813654888556014
ling1265,aust1307,-1.7784269184244383,0.2781908666552715
nezp1238,saha1239,0.882346349607143,1.0938002291532598
ngaa1240,pama1250,1.462878321292008,0.7948440504529444
ngab1239,chib1249,0.1084115323040829,0.5762282750315713
ngal1292,gunw1250,0.7441018808245957,0.722152918258196
ngam1268,cent2225,1.3548494395417332,0.5334021315011741
ngan1291,ural1272,2.71535579770507,2.0599292823737176
ngan1295,gunw1250,0.4834119132082567,0.7033734853616247
ngar1235,pama1250,0.2723850418371648,0.5392631205378118
ngar1284,worr1236,0.1737224156296183,0.9154626290962852
ngar1283,mirn1241,0.7488627474425482,0.9367484906119836
ngas1240,afro1255,1.623070524451271,0.4604735683285197
ngba1285,atla1278,2.047584726800092,0.4443662189096606
ngge1241,nucl1709,-0.1544655655490416,0.3808047365264109
ngit1239,cent2225,0.9683407160335508,0.5012501620918703
wang1291,pama1250,1.2828234845029054,0.7620623472404526
ngom1268,atla1278,2.587900125202245,0.4749748758912062
nhan1238,pama1250,1.6296198689820716,1.1632870755601483
nhen1239,tupi1275,-0.3200158956481738,0.7035350676801837
nias1242,aust1307,-0.8650911919179365,0.6859214011464436
niha1238,niha1238,2.92332556012198,1.883579615356017
nila1242,atla1278,2.708903233604921,0.5277717861448705
nucl1633,nimb1257,-1.3467683876447962,1.1647762091194722
labo1244,aust1307,-1.696507120802614,0.281935663477169
nisg1240,tsim1258,-0.7425611100092229,1.3848725067797694
niua1240,aust1307,-2.8452982880521085,1.5772149886926687
niva1238,mata1289,1.1330071237688246,1.3837869635140008
njan1240,atla1278,1.572944090701164,0.3296495838234277
noct1238,sino1245,-0.3865964561570734,0.304730364837658
noku1237,aust1307,-1.8225623182427548,0.3274849282048473
noma1260,atla1278,1.7777573160887818,0.349816188155974
noma1263,araw1281,2.3631199589585106,0.7157078153839134
noon1242,atla1278,2.0324192690570224,0.7900988158796158
noon1243,atla1278,2.1235531406010537,0.2978380624715298
nopa1235,otom1299,-1.0927052406343511,0.4205764124452145
nort2839,aust1307,-1.5076164282597395,0.2922759571127606
nort2697,turk1311,4.252826033573911,1.761483847852277
darg1241,nakh1245,4.19082012581717,1.5546242980317424
nort2930,kiwa1251,-0.433505068943727,0.9007971582990786
nort2724,sino1245,-1.1814872120682396,0.3455634099251679
nort2972,choc1280,0.5485145250719965,0.7388618617470684
nort2702,drav1251,3.731397241695116,1.0748742010746843
gumu1244,gumu1250,2.7216698686403884,1.438923833796626
nort2938,haid1248,-0.7501756062152669,1.1881366109921707
sing1264,sino1245,-0.082460807121059,0.3055732339076993
nort2877,aust1307,-0.6040754879210923,0.2976721668592041
nort2684,aust1305,-2.9282062544577614,0.6128455945814961
lush1252,sali1255,0.0555043236250727,0.6995969398131621
nort2774,atla1278,2.0971435664403,0.470562249925428
nort2954,utoa1244,2.327990832273369,0.8146354116302286
nort2957,utoa1244,2.311431993047118,0.5803274341138165
nort2723,sino1245,-0.944731221423365,0.3667939453291513
nort2747,hmon1336,-2.12367569359066,0.9595609760101064
nort2722,sino1245,0.5241650668063316,0.4167016532608736
nort2994,aust1307,-2.7267844252362714,0.6919724191216234
nort2885,aust1307,-0.4384260717845485,0.342084678502081
tosk1239,indo1319,4.054281445536208,1.3498284984783189
nort2732,sino1245,-0.5980428755655591,0.6218799317643162
nort2690,turk1311,3.8787663068857783,2.0777215741492068
yoku1256,yoku1255,0.23897602428075,1.274750449849944
nort2745,yuka1259,1.778688892444832,2.3866852998364667
nort3047,afro1255,1.6535302941765764,0.3962441689049827
nort2980,quec1387,2.281817197469881,1.0759481311414332
nort3139,afro1255,3.070586604993337,1.2212592542863128
nort2845,aust1307,-2.195166738538883,1.865158830071377
nort2671,ural1272,1.406857653134329,0.9984088063036368
nort2942,atha1245,-0.9570567271136884,1.0985640980557934
nort2847,aust1307,-1.2179895961361962,0.3737921477166201
nort2699,drav1251,3.847925156296304,1.1765837186614907
nort2961,algi1248,2.644031038907643,1.4143468735956652
nort2775,atla1278,1.3331609160293978,0.4284760714661333
nort2951,maid1262,1.3281024304998574,1.381217033958925
yaki1237,saha1239,0.5563762250178634,1.080836044049014
nots1237,aust1307,-0.98961606252792,0.3553824303968431
nsen1242,atla1278,2.1409950939699582,0.6626722333348827
nuer1246,nilo1247,2.7462303426518826,1.1324813431827012
nukn1238,nucl1709,-0.7311633376666555,0.2984457039041075
nuku1260,aust1307,-0.9391084937175976,0.6275047442876991
nung1282,sino1245,-0.7226776299757791,0.3266849770106832
nupe1254,atla1278,1.097859394183013,0.4260351325814797
nusu1239,sino1245,-0.8293936144886,0.3401114814492461
nuuc1236,waka1280,0.0809123246875909,1.078198183849989
nyah1250,aust1305,-2.839787480296645,0.6281178679045469
nyak1260,atla1278,2.0597443114242173,0.5659009179491585
nyal1250,atla1278,1.9111486141539549,0.4744825063249331
nyam1285,afro1255,1.5723181220889004,0.4435482728367352
nyan1307,atla1278,2.1297155700692896,0.4985472742696286
nyat1246,atla1278,2.668865964573245,0.5243907211697083
nyaw1247,pama1250,0.0116007863736211,0.6055881342180234
nyig1240,nyul1248,0.8123170034463117,0.909347646726359
nyis1236,sino1245,0.002586960819952,0.2937714585179316
nyor1246,atla1278,2.5875299888801075,0.4846900231823552
nzad1234,atla1278,2.0751950642219947,0.6223625302000348
nzak1246,atla1278,1.3680806195056918,0.4135123157217366
obok1239,lake1255,-0.491407510396888,1.0820220784471264
obom1235,aust1307,-1.4163638473509432,0.3660889156940987
occi1239,indo1319,2.773961292381682,1.0969817864714315
oriy1255,indo1319,3.0002707467506164,1.0071910053556818
ofay1240,nucl1710,-0.1537884469216059,0.8061851443308123
kalm1243,mong1349,4.636867464908549,1.9658573280512472
okin1246,japo1237,-0.7605130941838962,0.7614232313348523
okoe1238,atla1278,0.9126805687114552,0.3650753221744853
oksa1245,nucl1709,-0.6133095877588026,0.3270089291410754
oloo1241,nucl1708,-0.1159859069353154,0.5437455552476722
olut1240,mixe1284,1.512541554837997,1.0243702814529838
omie1241,koia1260,-0.8151591653095163,0.6959023076482165
onge1236,jara1244,0.1151985694402961,1.3257686207057122
bira1253,bira1253,2.4671700489684527,1.4443408133073428
onon1246,iroq1247,0.2377322240935061,0.8770443697765709
orma1241,afro1255,3.0881487204796088,0.7940370830061116
oroc1248,tung1282,0.4411541370657736,0.7417562376121438
oroh1237,aust1307,-2.02938495554648,0.4350113044994446
orok1265,tung1282,0.1543928635295481,0.9307141570648624
orok1269,nucl1709,-0.5473668096903839,0.3729378165380455
orok1266,atla1278,1.4817628449878433,0.3369448207270826
orok1267,nucl1580,-1.2411254689422295,0.9979842847731488
orow1242,aust1307,-1.323689784620064,0.4582669012320215
orya1242,toro1256,-1.1319542095858175,1.1453851554862349
otor1240,heib1242,2.648389682720194,1.3852195938937717
otta1242,algi1248,2.35144464420312,1.2917292720989295
paaa1242,afro1255,2.01695983923954,0.5022651049521469
paas1238,atla1278,1.29930877021056,0.4321315822908316
paco1243,aust1305,-2.816572579482352,0.6082714209482214
pagi1243,atla1278,2.806142324329628,0.4883761280431518
pagu1249,nort2923,-1.1435127523517157,0.770806923703554
pahn1237,hmon1336,-2.974119914943865,1.0440625126424117
pait1244,sino1245,0.7001580554177811,0.2802999002311521
paiw1248,aust1307,-1.3161989654478672,0.397579625918472
pala1344,aust1307,-0.9581041214497908,0.6576789496707169
pali1279,araw1281,1.6526920220907644,1.0554242372163891
balu1257,aust1307,-1.285165747185664,0.3945874846701622
pamo1252,aust1307,-1.6335433270611328,0.4562152648568229
pamp1243,aust1307,-0.4928850938978879,0.3355494691716805
pana1307,nucl1710,0.0955273914648279,0.7009789019078951
pang1290,aust1307,0.0625892821638089,0.3145119000467433
pang1291,aust1307,-1.4728714273889418,0.4200359129373998
pang1287,atla1278,2.3118176012975296,0.5693529600156575
pano1254,pano1259,1.5694903172221453,0.5966072119727199
pany1241,pama1250,1.4184892627037695,0.7739708946719412
papa1238,toto1251,1.929181535258252,0.9230057388699384
papa1265,aust1307,-1.0641644313503864,0.3634886266249397
para1302,sino1245,0.2764299571011408,0.2811743343612072
pare1272,araw1281,1.774225438902551,0.7536440653484133
pate1247,aust1307,-1.660975961117459,0.3030640464936525
patp1243,aust1307,-1.5902762972089493,0.3466172722786993
patt1248,sino1245,2.8350821730028324,0.9205801012542176
paul1238,aust1307,-0.5596101504815474,0.4215598780188658
paun1241,araw1281,1.9150589721601703,0.6640761118501883
pawa1255,pawa1255,-1.2797398087986354,1.1187523586181063
pawn1254,cadd1255,-0.04379854319418,1.3361451825473791
pech1241,chib1249,-0.0201221546292753,0.7075236213622089
peer1241,atla1278,1.8327245710339477,0.3606202103218798
pela1242,sino1245,-0.925219602948435,0.3598622344716284
pele1245,pele1245,-0.4049264390476081,1.0788963314207185
pemo1248,cari1283,0.8830359928050721,0.7238546380366193
pend1242,aust1307,-1.2394021825667991,0.4692005413645059
peng1244,drav1251,3.3624075862043483,1.0626392818214612
peri1253,mong1349,2.068694225864391,1.3969794208076929
phak1238,taik1256,-0.385642669967623,0.682431287269579
phom1236,sino1245,-0.2917139412074809,0.284196420371134
phon1246,aust1305,-2.8728199483432664,0.5876268188103868
pich1237,araw1281,2.389751865939709,0.6988448738580155
pila1245,guai1249,1.230017253208462,1.2347558499555418
pima1248,utoa1244,0.7144809036492615,0.6129696291528459
pina1252,piaw1238,-0.7083662340312804,1.0613927651114228
ping1243,aust1307,-0.9387041263179003,0.6997173914396226
pint1250,pama1250,0.7331659062651185,0.6456157624761438
pipi1250,utoa1244,0.981037914725434,0.76796816376772
pite1240,ural1272,0.5351470041148613,0.8398084582942511
plai1258,algi1248,2.488759579018465,1.197227526972792
plat1254,aust1307,-0.0363034695047472,0.9117968506966596
pnar1238,aust1305,-0.4424993792314353,0.4752294238180381
pohn1238,aust1307,-1.0269981753142434,0.693334473376706
poli1260,indo1319,3.548779827489005,1.283958966553704
popt1235,maya1287,-0.0221534795776578,0.43362369027321
port1285,aust1307,-1.6005467153822903,0.2698161325230108
port1283,indo1319,2.431807815553441,1.3078271208987005
pott1240,drav1251,3.368499786281583,1.0588040499156015
phai1238,aust1305,-2.82617104063011,0.5716841337575245
pras1239,indo1319,4.13012906172944,1.5591016029233304
psik1239,afro1255,1.6354331600382372,0.3864934999552671
puka1242,aust1307,-2.5947675980077225,1.637757024001706
pula1263,atla1278,1.9961397046155465,0.6528851836300413
pula1262,atla1278,1.814301747941496,0.5855501968303587
pulu1242,aust1307,-1.3591227758915854,0.7135283938276169
puma1239,sino1245,1.163712096532498,0.3215131158754483
pume1238,pume1238,0.2298749316681017,1.240408892668067
pura1257,pura1257,-0.1066838311853797,1.04053285568778
pure1242,tara1323,1.0938044772498765,1.3424007483430531
puri1258,sino1245,2.8742968560423487,1.0187805724653591
puyu1239,aust1307,-0.710070469988501,0.3783470875314645
qanj1241,maya1287,-0.0760386569994086,0.4199277546859141
qaqe1238,bain1263,0.8234541852553534,0.9352900326975258
qawa1238,kawe1237,-0.6052682854229173,1.7160841038364265
qima1242,afro1255,3.223976673309761,0.8285959790463133
quer1236,otom1299,-1.4967524441317734,0.5759497516842087
quio1240,otom1299,-1.6097000709100522,0.4116056972027424
rabh1238,sino1245,0.6271503419317619,0.3303056589500501
rade1240,aust1307,-2.8368689169825583,0.6860935705886098
raji1240,sino1245,2.207426841047737,0.5696198135020447
rama1270,chib1249,-0.1422253176930943,0.5810724397121803
ramo1244,aust1307,-1.5580149503763163,0.3257837449874632
rapa1244,aust1307,-1.554972345050302,1.8909091858125315
rapo1238,nort2933,0.5591080026796471,0.9295337952864448
rata1244,aust1307,-0.8351636834006166,0.480192050653538
raut1239,sino1245,2.3236941428628097,0.5909137892251897
rawa1267,nucl1709,-1.3350286561578408,0.2595913678391213
reja1241,aust1307,-2.0435654461113493,0.4988863273208004
remb1250,aust1307,-1.4542136271703376,0.4306150657860561
rend1243,afro1255,3.034196727184315,0.6959213007031195
reng1252,aust1305,-2.779411699352296,0.611733816537952
renn1242,aust1307,-1.9755982452437428,0.4974043871971405
rere1240,aust1307,-1.574937794466787,0.2631968902426029
resi1247,araw1281,2.158766050395185,0.6898853231451332
reye1240,pano1259,1.121692456420432,0.670303734089166
rian1263,kolo1268,-1.3657145149558354,0.9785784131958736
rikb1245,nucl1710,0.370346402294593,0.7395881932179451
rita1239,pama1250,0.6261746467353303,0.5049804256578101
beka1241,aust1307,-2.118067348610847,0.597472172002246
roma1326,indo1319,2.843051640249754,1.0832924159723722
romb1245,aust1307,-0.3156743721161887,0.3398801596129202
ronn1241,afro1255,1.7764517923888814,0.4842294264518481
rong1266,sino1245,0.7416705439751001,0.2727408677703247
rong1264,sino1245,2.5041330333971668,0.700654989833227
roto1249,nort2933,0.5600311152638959,0.9400457689144686
rotu1241,aust1307,-2.057144205081153,0.9321310761049296
rovi1238,aust1307,-1.9171076087659644,0.390475159235307
ruch1235,aust1305,-2.0557825740856424,0.548222999077514
ruka1240,aust1307,-1.1121101267792908,0.3698553516856568
ruma1248,aust1305,-1.5000606328363384,0.5353938126063857
rung1258,maba1274,1.9768326718417504,1.287151081007733
rung1259,aust1307,-1.9001461672899984,0.4012249082787686
russ1264,mong1349,2.7041143393663134,1.669887211101397
russ1263,indo1319,4.5469623366767244,1.9650705530408987
rutu1240,nakh1245,4.162169523116965,1.5463924609204245
saaa1241,aust1307,-1.2059135752518797,0.284890576679472
saaa1240,aust1307,-1.5547238723300365,0.4212455329125664
saam1283,atla1278,1.7818809701810685,0.5071171753491521
saar1237,aust1307,-1.4372458833294537,0.3889394162488724
saba1267,aust1307,-1.9145619304701955,0.4239004324816191
saba1268,namb1299,0.3503775514449223,0.9952836707921664
saga1262,atla1278,2.4006971425915142,0.5596947959677934
sais1237,aust1307,-0.5338313434520319,0.4211341724581618
yaku1245,turk1311,2.0637428695752944,1.9568347101831465
saki1247,aust1307,-0.8707706408604561,0.3853288937943775
tsis1238,atla1278,1.5872163606949012,0.4679659349041509
salt1242,nucl1709,-1.305908976252605,0.2894045476590827
samb1305,atla1278,0.837135054225076,0.3351417195111628
samo1305,aust1307,-2.834737903677351,1.552554158514469
sana1295,afro1255,2.55274781336997,1.3327083410333462
sanb1241,otom1299,-1.93477335249572,0.424283579618181
sanb1242,chib1249,0.4643042880519341,0.6350157595164392
sand1278,huav1256,-0.5065067061079551,1.176823257224933
sang1331,atla1278,2.631484524352336,0.6899611183809027
sang1321,sino1245,0.4199381751523776,0.2650350958410294
sang1330,atla1278,2.5471629495713266,0.5528541370776372
sani1269,sino1245,-1.9026982024478136,0.4387531813883916
sanm1301,otom1299,-1.3101739092077649,0.4476902312729338
sanm1289,quec1387,2.2323971493871677,1.0401507189176558
sanm1295,otom1299,-1.5439954968013851,0.3865506779239585
sant1410,aust1305,0.8438806011473265,0.5147832203234666
sant1451,otom1299,-1.7514669071328566,0.4624423847404637
sant1436,otom1299,-1.5535930260299131,0.4125463012218437
sanu1240,yano1268,0.5602535631788121,1.0588008753526656
sapo1253,aust1307,-1.678026890556105,0.3590285415132017
sapu1248,aust1305,-2.8816483067408103,0.5930081028608161
sara1321,cent2225,0.2966464152558774,0.555325611814264
sara1327,aust1307,-0.8440119571880103,0.4155091429129571
sars1236,atha1245,0.3964901422553429,0.8526028851623453
sasa1249,aust1307,-1.678291242785236,0.6294642457932076
sata1237,aust1307,-1.5074541623938076,0.7056713992623607
saur1249,drav1251,2.4196352189832897,1.0680971634824754
savo1255,savo1255,-0.0591592407039662,1.1118610031328298
seda1262,aust1305,-2.720437730049752,0.6088278231837334
taro1264,aust1307,-0.5945259561915499,0.3932306246555912
seim1238,aust1307,-2.0164673042103263,0.4695949976451654
seke1241,aust1307,-1.2123174772704504,0.2849590919331701
sela1259,aust1307,-1.0793751924743131,0.5029451389522199
sela1260,aust1307,-1.0691604480257375,0.440064634276939
sele1249,atla1278,1.173804877395998,0.4363100816115715
sele1250,nucl1709,-1.1300302336607069,0.3245808736257292
selk1253,ural1272,2.8810980850405,1.845867500878695
sema1266,aust1305,-1.6548890753115586,0.5696744576577286
sema1265,aust1305,-1.8464299469059609,0.6071972453771926
seme1247,aust1305,-1.2594813535401808,0.6368934573526834
sene1264,iroq1247,0.7954020399548313,0.8313558084779995
seng1281,aust1307,-1.0956565251106716,0.3101391818782089
nucl1632,sent1261,-1.2492872048966683,1.1543527378454348
sout1528,indo1319,3.961787938245565,1.3005585194084537
seri1257,seri1257,0.1459412505681708,1.297387728217025
seve1240,algi1248,2.524498733920499,1.4492179562829106
shab1252,shab1252,2.3067692516065232,1.398089666803659
sham1280,atla1278,2.488486093061685,0.5322022454618782
shan1283,pano1259,1.7090256115137017,0.5960380453026337
shaw1249,algi1248,2.2048356918745124,1.2629280604364026
shee1238,hmon1336,-2.186133459831131,1.0555718826290814
shek1245,dizo1235,1.4768985213177288,1.0879497651253571
biao1253,taik1256,-1.1363601491144646,0.7339728363560427
shil1265,nilo1247,2.3848723360121267,1.1575949923347006
ship1254,pano1259,1.6008647455741736,0.6209723661565825
shix1238,sino1245,-0.1166079971316489,0.3598543328065089
shol1240,drav1251,3.7616333842216862,1.1559355537329692
shon1251,atla1278,1.4423534323084155,0.6416542474870006
shor1247,turk1311,3.212847948105189,2.032421396541271
shos1248,utoa1244,2.455708561758556,0.8697664954087987
shua1257,jiva1245,-0.3116940920013218,0.7607580613431217
shwe1236,aust1305,-1.6635943679543783,0.529187526513156
siam1242,siam1242,0.9062012451776198,1.2452898861801605
siar1238,aust1307,-1.3287259486483871,0.343898994136544
siaw1243,amto1249,0.3340527649286087,1.0368628730412943
sich1238,sino1245,-1.0679118055337329,0.3968075691687742
sici1248,indo1319,3.2342596579707306,1.322326021732998
sici1249,atla1278,1.689871226427544,0.4741783101147412
sida1246,afro1255,2.944996123838462,0.6790772946741059
siee1239,aust1307,-0.3360237175426026,0.3608613105727407
sier1250,otom1299,-1.6008330830071895,0.4099658495450056
sier1248,utoa1244,2.1484676073116638,0.6011497386065328
sika1261,aust1307,-2.098731072243172,0.5028798302046766
siks1238,algi1248,1.946302950516157,1.100617070465789
siku1242,aust1307,-1.2078231261233134,0.7134005106897803
sina1266,aust1307,-1.7057791923507906,0.3491693844136954
sini1242,mand1469,2.3923829605311338,0.910097924642927
sioo1240,aust1307,-1.8091931451307288,0.3031754447003951
siro1249,nucl1709,-1.512884857625265,0.2781488260371594
sile1255,nucl1709,-0.8061839599475231,0.2875889999256191
sisi1250,aust1307,-1.9189278925760835,0.3853573835132877
situ1238,sino1245,0.381934035639182,0.4066122645380394
siwa1245,sout2948,0.45836731636024,0.7194897246695033
siwi1239,afro1255,3.7470899785467786,1.3430376753020905
siyi1240,sino1245,0.6342474002428666,0.2888188182241906
skol1241,ural1272,2.2489258515415647,1.2340631645085876
slov1268,indo1319,3.7169073245417543,1.2082230109668526
sooo1254,aust1305,-2.9322579185685025,0.5970393418230753
sobe1238,aust1307,-1.2662357647311158,0.4190027638408731
soch1239,otom1299,-1.5300187370368796,0.4229351213021193
soga1242,atla1278,1.850438188509238,0.4938140502691821
soli1239,atla1278,2.261880664687453,0.6488807207245593
soma1255,afro1255,3.207909939478093,1.0927049895990564
soni1259,mand1469,2.353384038668389,0.8657142494667962
sons1242,aust1307,-1.2462486021375438,0.6054159815760851
sooo1256,kuli1252,2.725190676250439,1.3862975801964694
sora1254,aust1305,1.801903415882368,0.6568247299709684
mani1235,east1459,-1.0146812457262664,1.0088563069065453
koon1244,atla1278,2.5830480441386108,0.6942686477108548
sout2859,aust1307,-1.4999090854548696,0.2839327747316442
sout1549,drav1251,4.023511341420379,1.155519586634588
sout2976,utoa1244,1.2220581365389918,0.6703545319911637
sout2856,aust1307,-0.4908338555926259,0.3209292216435733
sout2954,japo1237,-0.7980024935315655,0.802091799878295
sout2996,ayma1253,1.7758473523282714,1.2276091984201307
sout2730,sino1245,-1.3143371415943386,0.3614729026563434
raro1241,aust1307,-2.55047050078484,1.7616064488074352
sout2741,taik1256,-0.9881899707421709,0.6044182522564023
sout2715,sino1245,1.8920862542795505,0.3944861831998194
sout2826,krua1234,1.0854365939871218,1.4236391452291777
sout3236,gumu1250,2.581240125990447,1.3873700522530976
sout2956,haid1248,-0.7188515987784905,1.1815076382505891
kach1280,sino1245,-0.3057420610641967,0.3355463780779208
sout2949,kiwa1251,-0.4808373814280731,0.9265412029660308
sout2994,namb1299,0.6650633834952865,1.0230848720341117
sout2649,indo1319,4.277152842805345,1.645309733006623
sout2729,sino1245,-1.0470956437211243,0.3485991136836723
sout2728,sino1245,0.4199961165343584,0.4097282713524244
sout2918,aust1307,-1.7632396634602192,0.4403045557234044
sout2985,miwo1274,1.4898668173239336,1.218592565624348
sout2807,atla1278,1.5717984461514265,1.037103667460716
khan1277,sino1245,0.6423717717934214,0.2595088159978465
sout2679,ural1272,2.715101561488356,1.0859185461329015
sout2782,atla1278,1.061411366461476,0.386197966638516
sout2895,aust1307,-0.6024951728517138,0.4153725723971506
sout2674,ural1272,0.660984344632082,0.9652287160264672
sout2959,atha1245,-0.4544772897167741,1.0025709547368402
para1301,aust1305,-2.1007976662861227,0.5312386461989158
sout3261,nakh1245,4.176987049187748,1.5499905721490252
sout2869,aust1307,-0.6358629289571187,0.3790008504023445
stan1318,afro1255,3.4123433676464217,1.2997951286467613
indo1316,aust1307,-1.9582054159914768,0.7260191492581631
stan1306,aust1307,-2.0846724384339965,0.6565387757805032
horp1239,sino1245,0.1948715579803703,0.3752357332112437
suab1238,sout3418,0.3682328423481167,1.1027391725548292
suba1238,atla1278,2.0741841331278223,0.5047041480337233
sude1239,aust1307,-1.416773109236613,0.5013692107874492
suen1241,nucl1709,-0.9409200633061392,0.3409644789527357
suku1259,atla1278,1.889051147783286,0.6480099756222737
suku1272,afro1255,1.702360434865569,0.3789941556841318
sulk1246,sulk1246,0.1494610650236658,1.0580723062832362
sumi1235,sino1245,0.3368034698950715,0.2728225715812504
sund1252,aust1307,-1.9315775507977528,0.8070709513188978
mari1426,aust1307,-0.9952724290475364,0.3262871298592902
sunw1242,sino1245,1.5040103347646574,0.3345487553997346
supy1237,atla1278,1.7632185163345344,0.5107407572151326
surg1248,ural1272,3.1117047767377386,1.876475567652757
surs1246,aust1307,-1.5738756842250372,0.3481053977159201
suru1261,tupi1275,-0.6481714855735357,0.8311014445501046
susu1250,mand1469,1.9522565997116648,0.7935503764200851
swah1253,atla1278,1.6680081286311628,0.5411118904264525
swed1254,indo1319,1.9904276269541796,1.2178762049733196
taba1263,nort2923,-1.7840120831758952,0.793901211229616
tabo1241,tabo1241,-1.139550919919415,1.1246857680079128
taga1272,aust1307,-0.8265804494522828,0.3641639562211223
taga1273,aust1307,-2.101623732112618,0.4300421089212678
taga1270,aust1307,-0.1451867658945151,0.3511967508957259
tagb1258,aust1307,-0.6206973063268684,0.4171705330407844
tagi1241,sino1245,-0.0684506886980416,0.3223416097417892
tago1246,rash1249,2.1881186664119165,1.3161936889858552
tagw1240,atla1278,1.2697662765701732,0.4896211556809513
taha1241,afro1255,3.4516698637541103,1.1463369937636534
tahi1242,aust1307,-2.6492447678138404,1.7937587385408822
taia1239,taia1239,-0.7288161918072174,1.0734195123969004
tain1253,anga1289,0.9367051641061864,0.7792597116541167
taji1246,aust1307,-2.14049273450044,0.4558676633945273
taki1248,aust1307,-2.042937192584041,0.3187581086750688
taku1257,aust1307,-2.009109928485992,0.4604979458855309
binu1244,aust1307,-1.4578258013387215,0.3591463134279768
tali1259,aust1307,-1.9231101168198244,0.3946748472446773
tama1331,tama1329,2.675549388221002,1.5057876616470165
malo1243,aust1307,-0.9624476602708274,0.2756802531355484
tama1365,afro1255,3.2617157356412774,0.7529420988413849
tamb1254,aust1307,-1.659432692198764,0.387939135097751
tami1290,aust1307,-1.4120859454000017,0.3078217373407526
tami1289,drav1251,3.381994769426868,1.2115376728240332
tane1237,aust1307,-1.8824186568445027,0.4711164836131232
tang1377,sino1245,-0.181524822115437,0.3552860815725713
tang1348,aust1307,-1.6237575474386614,0.3775555222876567
tang1373,sino1245,0.9555376683195522,0.5973666268050186
tara1313,sino1245,0.7004875985853305,0.2811657787278152
tari1256,araw1281,2.058330339675988,0.6543879155960965
tari1263,afro1255,3.2790025993441057,1.4662522404533282
tata1258,otom1299,-1.6833059509067998,0.4184968055617624
tata1257,aust1307,-1.1332837714184714,0.4182069617838921
tata1255,turk1311,4.2728665039633045,2.1619303492772923
taul1251,taul1250,-1.1423394085548206,1.1319116661383717
taus1253,taus1253,0.3465753861768467,1.141827041101089
taus1251,aust1307,-1.5211804666049975,0.4121220448251401
tauy1241,nucl1709,-0.790542174829652,0.2640823700331429
tawa1275,aust1307,-1.3213581666639915,0.34714196138711
tawa1286,afro1255,2.3768410248172582,0.7686331017355394
diga1241,sino1245,0.1382476569168238,0.3450752449072896
tbol1240,aust1307,-1.5202453338063848,0.3921129474833478
tean1237,aust1307,-1.9285448778560128,0.4750470946622291
teda1241,saha1256,2.4019715076287733,1.3121843996134892
tedi1235,sino1245,0.5619417647250371,0.2946057594143445
tega1236,rash1249,2.1849934174876577,1.313148335939656
tehu1242,chon1288,0.5925615234474012,1.6524168676887356
teiw1235,timo1261,-1.551037016721943,0.8477602491901743
tekt1235,maya1287,-0.206238618231315,0.4390156679022032
tele1256,nucl1709,-0.8978133921969904,0.3341353626485945
telu1262,drav1251,3.728285692336311,1.1328575790057505
tema1239,utoa1244,2.079249848605782,0.6060090714503348
temi1246,aust1305,-0.9737011319505712,0.5560594031342614
temo1245,otom1299,-1.3792206571950516,0.5135767522928516
temp1235,aust1307,-1.781909925971174,0.4051113427168884
teng1272,aust1307,-1.883543464516936,0.6860110009491169
tene1248,dogo1299,3.1285187231068936,1.3612660663601606
tenn1246,surm1244,2.6631479610250626,1.169944428820922
teop1238,aust1307,-1.7064365960113683,0.3592180766016213
tera1251,afro1255,1.9505882564102364,0.4304861550329226
tere1278,sout2948,0.4616949977050664,0.7168500120698642
tere1279,araw1281,0.9326395164510232,0.8041127963881198
teri1250,chib1249,0.2452535269195597,0.5611371642690264
term1237,aust1307,-1.373366166370911,0.4646179274630899
tern1247,nort2923,-1.8632195577004391,0.7913544402424453
tete1251,utoa1244,2.215913331449033,0.5969317579440183
tetu1245,aust1307,-1.6067420527066691,0.4191173522223907
tezo1238,otom1299,-1.267002513526572,0.3997582157156882
thad1238,sino1245,0.7101412556423439,0.2820621814494268
thai1261,taik1256,-1.9959994985582603,0.9000139270625507
thak1245,sino1245,2.0280860657179347,0.4656943482848703
than1259,sino1245,1.7837329099894252,0.3895223232368652
thao1240,aust1307,-1.3862073124322056,0.3932805536055657
aheu1239,aust1305,-2.966850369757412,0.5929606818127011
thay1249,pama1250,-0.2167709130981157,0.4972800631287919
thul1246,sino1245,1.190019101654015,0.3258590549564886
tibe1274,atla1278,1.7134315725828528,0.3329250920847011
tibe1272,sino1245,0.5189905527690741,0.377883468361067
ticu1245,ticu1244,1.1922818803142576,1.2765233786372456
tido1248,nort2923,-1.5945373615027714,0.7991139463398538
tief1242,atla1278,1.5871287827109275,0.439203997188935
tief1244,atla1278,1.6071697226070076,0.4407937796395034
tien1242,atla1278,2.1403099923819955,0.5876843615658638
tiga1245,aust1307,-1.6769372452748126,0.3818406787935755
tigo1236,atla1278,1.917928882051772,0.32101744825757
tika1246,atla1278,1.6814160312248965,0.3419664049950448
tiko1237,aust1307,-1.9974147064717476,0.4971963072361012
timn1235,atla1278,1.136034655578636,0.54353975040355
timu1262,aust1307,-2.039692076327279,0.4105563614138008
tina1248,aust1307,0.2130734717299818,0.3168709713571296
tira1254,heib1242,2.6470974272592267,1.3849940558400062
maee1241,aust1307,-1.6778560752978406,0.2710795770329852
tiri1258,aust1307,-0.8675688125310974,0.4413468909972291
tiru1241,aust1307,-0.635771271725255,0.3592944646300138
tita1241,aust1307,-2.183738992339872,0.406416220605128
tivv1240,atla1278,1.2901296237941684,0.3200979846822021
tiwi1244,tiwi1244,-0.1249804511911656,1.128554253494472
toab1237,aust1307,-2.130410023626501,0.4086688689099622
toar1246,nucl1580,-1.2756841024099943,0.9993259098654184
toba1268,leng1261,0.9082977020313991,1.298406700341498
tobe1252,nort2923,-1.7351701395885857,0.7885071555959628
toda1252,drav1251,3.621675952624389,1.1567287310707264
toho1245,utoa1244,0.9724453708036382,0.6681705062565646
tojo1241,maya1287,0.8430490740423742,0.4641272804823293
toke1240,aust1307,-1.779993168018987,1.5493723401595627
toll1241,jica1245,0.8518840112497601,1.2642662627137211
tolo1255,aust1307,-1.7925663750502756,0.3126396593646552
toma1245,mand1469,1.5722627096355846,0.6575712061202568
tomb1244,aust1307,-1.874555903856565,0.3985130204237475
tomm1242,dogo1299,3.123070032286797,1.4127731081135928
tond1249,song1307,2.671760389649411,1.2703371147182718
tong1325,aust1307,-2.502485777066088,1.759317679546188
tong1318,atla1278,2.1881971710910677,0.6412149543202039
toor1238,atla1278,1.9752342101742784,0.4816118698642242
tora1259,aust1307,-1.1184999143230443,0.352213157736041
tote1238,atla1278,2.17706354444009,0.6571169192134461
toto1302,sino1245,0.8467670700396668,0.332393328997151
touo1238,touo1238,-0.3153271909330623,1.116068182918435
trio1238,cari1283,0.0849864537877075,0.6984072996031907
trum1247,trum1247,0.0120583736777939,1.2029348189730298
colo1256,barb1265,0.6346496672022797,0.8347776040156276
tsam1247,afro1255,2.639049774325742,0.6265077591298915
tsat1238,aust1307,-2.4189535216671745,0.7287598915158142
dido1241,nakh1245,4.182433686349986,1.5221929039006905
tsha1245,sino1245,0.4258861736214001,0.3294965876418372
tsix1234,khoe1240,2.547836940230946,1.506301989458496
tsog1243,atla1278,1.965422557002484,0.6139516863301777
tson1249,atla1278,0.9064301319102952,0.7456942571148986
tsou1248,aust1307,-0.6599352004441634,0.366964384206029
tswa1255,atla1278,1.5977332352452436,0.7413041912350016
tswa1253,atla1278,2.070434706974772,0.8010788657744508
tuba1278,utoa1244,2.084583978481896,0.8126876075642819
tuge1241,nilo1247,3.2194282858893883,1.149950432457171
tugu1245,aust1307,-1.1521096531481738,0.408174137297741
tuka1248,aust1307,-0.47767855547442,0.4172578677591039
tuki1240,atla1278,2.4786405258427573,0.3787178490343086
tula1252,atla1278,1.926157241016057,0.3698549333027552
tulu1258,drav1251,3.781266092240564,1.2267325014360075
tuml1238,aust1307,-1.5932347044687074,0.3432399453376566
tumu1242,atla1278,1.3844011764237767,0.4414749493013534
nene1249,ural1272,3.0922387928047232,1.9324484681575689
tung1290,aust1307,-1.7728584151511768,0.4062521997785708
tunn1238,afro1255,3.1391503955322304,0.9769103509421456
turk1308,nilo1247,2.955618011563299,1.1146481338572407
turk1303,turk1311,3.880229885094991,1.909096027962775
nucl1301,turk1311,3.967752529023189,1.940099934876923
turk1304,turk1311,4.047501639881538,2.0700360500424546
tusc1257,iroq1247,0.3411394798567266,0.8908447060219213
tutu1241,aust1307,-1.6389111222339898,0.2836676453074149
tuva1244,aust1307,-2.1283412047402246,1.148911755092248
tuvi1240,turk1311,2.911238300999778,1.9741483132663584
tuwa1243,aust1307,-0.7038609254284565,0.282311504831612
tuwu1238,atla1278,1.1205893287737996,0.4154108444211521
uuuu1243,aust1305,-2.6049664714235874,0.530933276299101
ubir1237,aust1307,-1.4907028991472744,0.3300715637421776
udii1243,nakh1245,4.19240193498663,1.547245218995374
udih1248,tung1282,0.3620928533814773,0.7821958592480671
uduk1239,koma1264,1.5184202178131454,1.0397969056409595
ughe1237,aust1307,-1.8812964672338703,0.3947711857973708
ugon1239,sino1245,-2.15973700404107,0.6896058468715935
ukra1253,indo1319,4.263448206815228,1.5293162143920638
ulch1241,tung1282,0.8556396852065127,0.809791972018945
ulit1238,aust1307,-1.476592158541666,0.746236650284744
ulwa1239,misu1242,-0.6690104360054323,0.9409635793158708
yaul1241,kera1258,-0.0986974825706226,0.8859966490196545
uman1240,daga1274,-1.1527691263766493,1.140247712462464
umbu1257,atla1278,1.6912740658161205,0.9146735035302376
umbu1258,nucl1709,-0.3724115397250855,0.3015236451897234
umes1235,ural1272,1.0294471403806242,0.815324975054291
unaa1239,nucl1709,-0.9216215982989412,0.3506889244803721
unea1237,aust1307,-1.4630420244207585,0.3320988774650386
unua1237,aust1307,-1.5871418796391656,0.2629167422570111
uppe1275,toto1251,1.9239303175402185,0.940504967300777
urak1238,aust1307,-2.0349709831168874,0.7014093387872267
urar1246,urar1246,1.4469693363291485,1.281259316978014
urav1235,aust1307,-1.031610058480208,0.358005275826037
urim1252,nucl1708,0.2152456679672727,0.5085345844318612
urip1239,aust1307,-1.5648068098486774,0.2782276804014154
urni1239,giim1238,-0.5046615817544948,1.1247259725502343
usan1239,nucl1709,-1.4512476458104429,0.2995990504509231
utes1238,utoa1244,2.3824548507082195,0.9012044439135644
pile1238,aust1307,-1.950745880919396,0.5120427665076397
veps1250,ural1272,3.060344220455497,1.256536635807047
vera1241,aust1307,-1.6789672358773702,0.3559000175953111
viem1243,atla1278,2.403799746064565,0.4671874713188977
viet1252,aust1305,-2.687733099938836,0.6230509988071598
voti1245,ural1272,2.7750873102295737,1.053990722351342
vunj1238,atla1278,1.8590170125108905,0.5136750487980271
vure1239,aust1307,-1.967454944627756,0.357382798656273
vwan1235,atla1278,2.489889579466136,0.5521211622731554
wadj1254,wadj1254,-0.7655517276395822,1.132699900773556
waga1260,pama1250,0.9280809271192356,0.5837745041568612
wage1238,wage1238,-0.7071492803380306,1.1301583683569438
waig1244,aust1307,-0.6035478234111964,0.433871784711016
waim1251,aust1307,-1.4286724362644476,0.3254095714850242
waim1252,aust1307,-1.5878217623835946,0.4229656469171745
waim1253,cari1283,-0.3389312353116909,0.7051428100394856
waiw1244,cari1283,0.4392940726763396,0.6582537184001227
waja1259,atla1278,1.2753842976886585,0.3713483843335012
wala1266,aust1307,-2.1786944610445413,0.3965297518534871
wamb1258,mirn1241,0.7600525014738213,0.9503258989109034
wamb1259,nucl1709,-1.0208873217209704,0.3536076750547297
wamb1257,sino1245,1.244738515722421,0.3128454973658741
wann1242,mand1469,1.422478744934864,0.6463173502937414
wand1278,afro1255,1.9411416109577293,0.3969237735030928
wand1267,aust1307,-0.9436784190133388,0.367429261328998
wanm1242,pama1250,1.3623742930404354,0.7713000309327835
saka1289,aust1307,-0.9131425320601836,0.2943702619827713
waor1240,waor1240,0.8618720976791643,1.2015074207328578
wapi1253,araw1281,1.6672313823292688,0.8139938901025694
wara1303,wara1303,0.826609161004872,1.396253175142398
wara1300,aust1307,0.045719551202884,0.411164944565578
ward1246,yang1287,0.6417219828040263,1.1486049930003714
ware1255,araw1281,1.5976467872623887,0.6557807489849559
ware1253,aust1307,-1.0234727247640047,0.4016857146785453
wari1268,chap1271,-0.5776783460330648,1.182449528078945
warj1242,aust1305,-0.6133704899562478,0.4841908869197491
warl1254,pama1250,0.9666927634341418,0.6117274992833757
warl1256,pama1250,0.7681740898307208,0.6100900848583164
waro1242,aust1307,-1.2611724935798705,0.396617319969752
waru1265,pama1250,0.8499090759415779,0.5782525259538991
wash1253,wash1253,0.9220848783129052,1.2946800492142083
wask1241,nucl1709,-1.4131984685608276,0.3199800091002549
waur1244,araw1281,1.56910908528102,0.7745396578781811
wawa1246,atla1278,2.194636034115,0.3398959833636343
waya1269,cari1283,0.479972116105728,0.7562172278853767
wayu1241,sino1245,1.4842992578300986,0.3233347219927198
weda1241,aust1307,-0.7095585575979912,0.3268140157723884
wels1247,indo1319,1.8720999719290288,1.063208521064951
west2564,aust1307,-1.9855005784934865,0.4690390384797887
west2560,aust1307,-1.7874759893074263,0.4069763467513789
west2548,aust1307,-1.200153216679824,0.4559474939232997
west2615,atha1245,0.075816837831333,0.7613958787227801
west2441,pama1250,1.0176530843010458,0.661729225522703
west2397,aust1305,-2.969720444591333,0.6001841442939329
west2555,aust1307,-1.4068484920678812,0.3639144170961623
west2618,eski1264,1.7499350713365558,1.9253738260539897
west2650,aust1307,-2.9599529347606053,0.734287892351877
west2594,nucl1709,-0.3558537360991627,0.3959779915611969
west2778,utoa1244,1.4182801817866917,0.6896816881228665
west2369,indo1319,4.3062199891498825,1.6378904190469834
west2519,aust1307,-1.6421420765836774,0.8955921160307154
west2354,indo1319,2.196719117714295,1.0391909573044549
west2644,otom1299,-1.6816135889701025,0.4144366484527273
west2624,utoa1244,1.4713887160246362,0.5992936464902359
west2466,atla1278,1.739283498091558,0.4539423104195892
west2632,kere1287,-0.7090446193825983,1.2797195457936836
west2396,aust1305,-2.512521028639391,0.5547723426450499
west2418,sino1245,2.145634561381111,0.4607093277631611
west2392,ural1272,3.5015636784789383,1.5160759022295105
west2763,afro1255,2.9791809794933646,1.2225628126668235
west2386,indo1319,3.8233057039613154,1.2697895165123896
west2557,aust1307,-1.0573138357288832,0.394148193141242
west2415,sino1245,1.8500118177662943,0.384367764466484
sanj1284,otom1299,-1.663527638318353,0.4089246296820912
west2430,hmon1336,-1.8264142413579385,0.9949539631046678
west2599,nucl1709,-1.1684045109583563,0.3205117206851193
west2600,nort2923,-1.651740159502492,0.7845346964895876
saka1291,aust1307,-0.6547784119642026,0.8439791528332217
west2516,aust1307,-1.426280461181315,0.4195066878175533
whit1269,aust1307,-1.218040249039153,0.3835918853064912
wikm1247,pama1250,-0.1249431377197471,0.4971459560648918
wiru1244,wiru1244,0.2885739984732708,1.038834069679914
babi1235,atha1245,-0.3079065195403421,0.8156057959293319
woii1237,aust1307,-0.9264943389238952,0.3814285644601574
wola1253,afro1255,2.9140463610287237,0.7020812387166826
wola1242,gong1255,1.9364566784213848,0.600659186089282
wole1240,aust1307,-1.1392584355639277,0.7132985685363673
woli1241,aust1307,-0.7862432426502364,0.400683561722249
nucl1347,atla1278,2.1021186845146955,0.7474883645611561
wood1236,algi1248,2.3339948007727225,1.4126015180520035
wotu1240,aust1307,-1.5416864296111306,0.4491978254086879
woun1238,choc1280,0.3775026515390729,0.8181667540863531
wuch1236,sino1245,-1.1094953532739482,0.7968909265146813
wudi1238,sino1245,-1.0360187773198255,0.3862817459286658
wuna1249,worr1236,-1.0190360648225083,0.9182471910846868
wusa1235,sino1245,-1.6277538379767311,0.3846650976871766
wutu1241,sino1245,0.8463556749260386,0.5572038323210551
wuvu1239,aust1307,-1.9884572783475964,0.4309521109543128
xamt1239,afro1255,3.246246425792876,0.8711020118456103
xara1244,aust1307,-1.4532466125781105,0.4564773870136278
xava1240,nucl1710,-0.7022259746243629,0.7108659392187011
xish1235,sino1245,-1.663741678831406,0.3711430930036554
xokl1240,nucl1710,-0.0439155769265098,0.9821076233364988
yaak1241,afro1255,2.452796208523317,0.6944437971670947
yabe1254,aust1307,-1.4344382819744976,0.300738331698696
yaey1239,japo1237,-0.6066689041811539,0.7291075061773045
yaga1260,nucl1709,-1.1590754021058811,0.2855792507756725
yagu1244,peba1241,0.4642670691065108,1.1598323268283814
yaka1272,atla1278,2.8902534741447314,0.481394724282425
yaka1277,aust1307,-0.7167574229621521,0.4055603937517862
yaka1269,atla1278,2.5704895922244324,0.6612135099062248
yakk1236,sino1245,0.9822162895046592,0.3288812062171411
yako1252,atla1278,2.004774447658885,0.4800779701976756
yale1246,yale1246,-0.2177835321516597,1.0336299129063944
yama1264,yama1264,1.3012548569406637,1.98835285288782
yami1254,aust1307,-0.4254693154329525,0.3991001048692251
yami1256,pano1259,1.5280010178670351,0.5963048659799348
yamp1242,sino1245,1.341811527225807,0.3292483780020419
yane1238,araw1281,2.416930891677966,0.7324698808856249
yano1261,yano1268,0.3251563488390938,1.0415612996731207
yany1243,pama1250,0.90971787552633,0.5263135345270324
yaoo1241,atla1278,2.211971074921797,0.6417004406610518
yaou1238,mand1469,1.1928553301320652,0.6829213189212133
yape1248,aust1307,-1.324274518797888,0.734739420544722
yaqu1251,utoa1244,1.3018804621447433,0.6572533696342289
yare1248,yare1250,-0.6307093848595531,1.081137156103397
yasa1242,atla1278,1.939594152393132,0.4622643668388955
yatz1235,otom1299,-1.0257976261051742,0.4035032607886446
yaum1237,nucl1709,-0.6550794194421605,0.2988308079601021
yawa1260,pano1259,1.500568049238931,0.583189746954095
yawu1244,nyul1248,0.8377426220063862,0.92741534720453
yecu1235,toto1251,1.326842098012924,0.9324357616535464
maqu1238,cari1283,0.6470131990941381,0.7086635666383847
yele1255,yele1255,0.4311589999569913,1.1779323475246877
yems1235,gong1255,1.5664577381123803,0.6190156390092918
yapu1240,nucl1708,-0.2663698103055644,0.5408362542537439
yess1239,sepi1257,-1.013456341346232,0.5107813274315545
yeyi1239,atla1278,2.265976015621786,0.6837082605825611
yidi1250,pama1250,0.0269074082127644,0.5509097376398122
yima1243,lowe1423,0.2810067337537613,1.036313811066356
yind1247,pama1250,1.348654188816064,0.7829586512091344
yine1238,araw1281,1.6239810262886565,0.6644194474624792
yoga1237,aust1307,-0.8933659217420518,0.2936010917606877
yona1241,japo1237,-0.4375524779950916,0.7303877276444934
yong1276,taik1256,-1.4532099864602848,0.6275348724479004
yong1280,nucl1709,-0.6316450553473327,0.3562803820521356
yora1241,pano1259,1.49937403946985,0.6260688767646165
youl1235,sino1245,-2.1483234252318613,0.4316025809958521
youn1235,hmon1336,-2.140915450704011,0.9667591031573216
yuca1254,maya1287,0.3829636784683904,0.6555412353847556
yuch1247,yuch1247,0.5130559640522736,1.3822804645525584
yukp1241,cari1283,1.0987055327622193,0.934625895433439
yulu1243,cent2225,1.3047387098071606,0.5739541146043434
yuqu1240,tupi1275,0.8978050376837684,0.6999318460380684
yura1255,yura1255,0.952128786402667,1.249693212519924
gami1243,pama1250,1.328558664191638,0.7953570881332324
zaba1237,aust1307,-1.393205740934523,0.4007972789573086
zaca1242,otom1299,-1.7713476680925706,0.4248672748786672
zaca1241,utoa1244,2.28933272238064,0.5828400114459118
zaiw1241,sino1245,-0.4203552043061758,0.3578033219546412
zamb1245,atla1278,2.33747466642701,0.4689516534415192
zapa1253,zapa1251,1.0747247890236695,1.0461963131074938
zarm1239,song1307,2.289633306727694,1.3126365347098687
zays1235,gong1255,1.8717398737319155,0.5817894994334312
zeme1240,sino1245,0.7545647397333797,0.2625143847195561
zenz1235,otom1299,-1.010807098860098,0.3996748663902219
zhab1238,sino1245,-0.3663874293875868,0.4026583676027728
nort2795,atla1278,1.415690451123292,0.6650759918586635
zoog1238,otom1299,-1.6905324137362738,0.4004682966100796
zulg1242,afro1255,1.6550710442382242,0.391714113804178
zuni1245,zuni1245,0.8911373211731874,1.2882590536603304
