Glottocode,Family_ID,GPGLMM_Latent_Mean,GPGLMM_Latent_Variance
abad1241,aust1307,0.8540413104131619,0.3911262010773466
abau1245,sepi1257,-1.730863891472219,0.902671256310339
abee1242,atla1278,-1.7605638461123685,0.8484271727177051
abkh1244,abkh1242,-3.423356028769935,4.519394902032123
abua1245,nucl1708,1.0537947879086338,0.876648131241283
abui1241,timo1261,-3.541652390909272,3.107141053576125
abun1252,abun1252,-2.854883046329268,4.25491167308364
achi1257,aust1307,-2.335731803778398,1.023922131486776
acha1250,araw1281,0.8895826618742491,0.9491742947641192
ache1246,tupi1275,-3.731654103321001,2.207820310524097
ache1245,narr1279,-0.403160894583825,1.3133045651613902
achi1256,maya1287,-1.8281989822845015,0.6611404377379406
achu1248,jiva1245,1.960987350926601,1.882089522559717
acol1236,nilo1247,0.5541444476657928,0.8521422795639673
adan1251,timo1261,-3.370887957356108,3.103246767631587
adny1235,pama1250,-0.146812572733717,0.9515874146676496
adon1237,aust1307,-0.0611083029330776,0.4428185093384318
adze1240,aust1307,0.1188545385863828,0.3221513858978024
aeky1238,kamu1264,-2.317645349564108,3.1888701514183486
afar1241,afro1255,-0.1228746821671187,0.7711806863559101
aghe1239,atla1278,-1.963980635249092,0.371425810186091
aghu1255,nucl1709,-1.624300839600252,0.5555916557782545
agob1244,paho1240,-1.8626071068287888,2.4298682202468704
agua1253,jiva1245,2.0509761144312724,1.996225292607692
agus1235,aust1307,-0.6899840928700558,0.6298248457902247
agut1237,aust1307,-3.014129250040547,0.7519020049066896
ahin1234,aust1307,-0.2422526446704187,0.3719852297666417
aika1237,aika1237,1.1799983858059724,2.8079459982956108
aime1238,bosa1245,-1.608654483650285,2.251172387026512
musa1266,nucl1709,-1.673800599130978,0.3535062956447437
aito1238,taik1256,-4.438263998648114,4.153707850389032
ayiw1239,aust1307,1.613602433611458,0.5624921744682334
ajab1235,atla1278,-1.231829416920983,0.4963846147410073
ajas1235,kres1240,1.4778819538185952,2.116212010293496
ajie1238,aust1307,0.0036157858283796,0.4260532158909473
akan1250,atla1278,-1.4801748310515537,0.6155004286823242
west2635,maya1287,-0.0736619333955674,0.5318810604347117
akei1237,aust1307,0.0402520104699886,0.3096137211695886
akha1245,sino1245,-4.678478946170758,0.996015415044293
akoo1248,atla1278,-2.270057395602447,0.4621484235588919
akun1241,tupi1275,-2.8437619201882374,1.296308807040096
alab1254,afro1255,-0.275141661866761,0.4980797370675045
alab1237,musk1252,-2.7209943703657453,3.217300102793395
alac1244,otom1299,0.215471889074875,0.416457396585022
alag1248,afro1255,-1.4388749264322618,0.7264801914565444
alam1246,sepi1257,-0.2046767288962352,0.8832637611267158
aleu1260,eski1264,0.7938974025920889,2.18031485976839
alor1247,aust1307,-0.5831411003044678,0.4488504216242628
aluk1238,drav1251,-2.299109308056341,0.851836360014163
alya1239,pama1250,-1.976326057216229,0.8848891112611748
amah1246,pano1259,-2.053020942238436,1.1491776744509776
amam1246,kuni1270,-0.2347823703965248,1.254756631089366
amap1240,left1242,1.5677643137541488,2.978347567111141
amar1272,aust1307,0.6615968506208803,0.339784140213144
amar1274,hara1260,-1.0867861413161508,2.7591606752119877
amas1236,nyim1244,-2.5590543736770712,4.114396974179767
ambu1247,nduu1242,-0.8103514818820168,1.0792058894720604
amdo1237,sino1245,-3.10811357995772,1.0424366663646376
amha1245,afro1255,0.1987859658779172,0.6206734907098683
amii1238,west2434,-0.8460091984004419,1.3573299362381412
hoaa1235,kxaa1236,-4.22781766589702,5.912972702074294
amri1238,sino1245,-3.564025349994126,0.6450642395704822
gily1242,nivk1234,-2.494837800237708,4.823450081138315
anei1239,aust1307,-0.2150833012613491,0.4912142859062065
anem1249,anem1249,0.4748978533072105,2.3374207061300165
anfi1235,gong1255,-3.982534969260215,1.2521424974076734
anga1290,anga1289,0.5636867737834161,1.2326946202101867
anga1288,sino1245,-4.1322660408565,0.6608462670416557
ango1257,chib1249,-2.920340494399487,2.302443191806142
anin1240,gunw1250,-3.283006418203227,2.981674102686771
wara1294,more1255,-2.407650470625739,1.860293237760148
anua1242,nilo1247,1.969644576731284,1.0455243738786049
anuf1239,atla1278,-1.111398741047109,0.5381001509129906
anuu1241,sino1245,-4.154940997069481,0.9594365745919148
anut1237,aust1307,-0.4271101108132775,0.6550057372292377
aona1235,sino1245,-4.021872744999184,0.6643237967375084
aoua1234,taik1256,-4.842330778179222,4.226920545779176
apat1240,sino1245,-4.099202966736663,0.6563700809497348
apin1244,nucl1710,-3.0780941324415507,2.093312144793384
apma1240,aust1307,-0.5966415240924956,0.2788923080644814
apma1241,kera1258,0.7897814984847633,1.7961294343801557
apur1254,araw1281,1.695199468062634,1.0090552316800083
arak1252,aust1307,-0.058416126128908,0.2764280659621168
aram1253,more1255,-2.364239737899481,1.870505862672994
arao1248,pano1259,-1.3500134294074826,1.025331419159949
arap1274,algi1248,-0.2421748347150496,1.1919613579223969
araw1273,tupi1275,-3.1459035837382374,2.110388637099719
arbo1245,afro1255,-0.5774750196599836,0.534039239325919
arch1244,nakh1245,-3.6631540116977295,1.077768806584606
aree1239,aust1307,1.5994800408147951,0.3977245808528575
area1240,aust1307,1.274018580616206,0.404563303223501
argo1244,afro1255,0.2198890659362087,0.6291654497216683
arhu1242,chib1249,-2.9401013774659166,2.2573380218039114
arig1246,atla1278,-0.7493776359960727,0.4386293412095501
arik1265,nucl1710,-0.7876501010097579,1.3105121150540509
arom1237,indo1319,-1.839246176940155,0.9837040218679453
arop1243,aust1307,0.5526392618457119,0.3371199022767239
arop1242,aust1307,0.9714380991036592,0.4520640643212186
aros1241,aust1307,1.019101929126665,0.4663818458937125
arta1239,aust1307,-2.0182321721395584,0.4060934846218806
asha1243,araw1281,1.7865614179769662,0.8946209435666841
ashe1272,araw1281,1.6278950949022517,0.8808974669958802
asoa1238,cent2225,-1.254391971094789,0.6764497509613925
assi1247,siou1252,-2.463690094371067,2.9809757694850347
asur1254,aust1305,1.0560062816584468,0.7195140130797633
asut1235,atla1278,-3.41700461194044,0.7888893236797552
atam1240,aust1307,-2.6830805683206407,0.6153491142102547
atay1247,aust1307,-1.8773500346331828,0.5784741829072555
athp1241,sino1245,-0.6285892322617669,0.348834104838339
atii1237,aust1307,-3.095063702661691,0.6777042132301041
aton1241,sino1245,-3.419963540343296,0.6650365089385719
auuu1241,nucl1708,1.250639521936122,0.9149851776770186
aulu1238,aust1307,-0.3951866569141042,0.2527194048681185
auye1238,nucl1709,-1.37301088930567,0.5660181041463126
avac1239,tupi1275,-2.706539457516844,2.13561224692787
avat1244,atla1278,-1.0736763365727715,0.4623396335707781
katb1237,aust1307,-0.5066866194692374,0.2432254909363056
avok1242,cent2225,-1.2754403553645033,0.594728501362618
awac1239,barb1265,-0.1043896260275623,1.5092357799523883
awad1244,aust1307,0.5620834712376332,0.3319801264075899
awad1243,indo1319,-0.4602376675717843,0.6616032289892564
awap1236,nucl1709,-1.8178110683781945,0.3946640741670872
awar1249,ramu1234,-2.126296755846065,3.473113398287333
awar1248,nucl1709,-1.8869902225503292,0.3803464784434904
awet1244,tupi1275,-2.4486130455951574,1.6692669334236694
awji1241,afro1255,1.0898677467537237,1.1695325120876223
awtu1239,sepi1257,0.128642177464312,0.8266467730565594
axam1237,aust1307,-0.4113123027411656,0.2591949937700608
axiy1235,sino1245,-4.432340297556538,1.014812859098404
ayac1239,quec1387,2.828876589645038,2.091392688469972
azha1235,sino1245,-4.555879499312634,1.0584744402943542
baba1264,atla1278,-2.2505045268326453,0.3767696674119793
baba1266,atla1278,-2.1534875577583743,0.3793335285749908
baba1268,aust1307,1.1834744101415446,0.4575132499387973
bada1257,drav1251,-2.129002695662324,0.8666606623593953
bafi1243,atla1278,-2.3939598798418467,0.4725837068766303
bafu1246,atla1278,-2.0762544892933628,0.3748176557080978
baga1273,atla1278,-1.5317078474578525,0.6299523386466683
baga1272,atla1278,-1.3415482571112896,0.611637328287717
bagi1246,cent2225,1.0029940638337993,0.7184488729080636
bagv1239,nakh1245,-3.7260873445242457,1.0750986463078434
baha1259,afro1255,-0.2138420629625947,1.048233086555272
bahi1252,sino1245,-0.1340963367045868,0.317819949757256
bahn1262,aust1305,-4.185469871360107,1.195583902945753
baim1244,sino1245,-3.069450453773872,0.8977566002285196
baka1272,atla1278,-2.267308614577826,0.6790081330287254
baka1274,cent2225,0.8424076197896992,0.6056563975897618
baki1244,aust1307,-0.6097185405308712,0.2893537737495979
bala1316,aust1307,0.2484847593349952,0.4712774300236884
bala1311,aust1307,-2.9904333767200546,0.6628460055139715
bala1315,aust1307,0.4277634867194102,0.5707750358190999
bali1278,aust1307,0.0017516278118412,0.7414553056320115
liki1240,atla1278,-3.2164233822972754,0.6457488043961979
bamb1270,aust1307,0.7932376561301795,0.5557918526827965
bamb1269,mand1469,-3.9578161872656734,2.3410695718830645
bamu1253,atla1278,-2.3656965609324923,0.4187649324201317
bamw1238,atla1278,-3.2399987981269462,0.6217699487164072
band1344,atla1278,-2.090453787597751,0.7033122471407651
band1340,atla1278,-0.0047414792075088,0.5937430146645575
bang1363,bang1363,-2.259798692890394,3.846251570671159
bang1369,sino1245,-3.653592393998784,0.7004594226602432
guar1293,araw1281,0.8448624221814742,0.6518699253377287
bani1255,araw1281,0.9459955269236588,0.6649915399770236
bann1247,aust1307,0.9253997130295182,0.4361597027286663
bant1281,sino1245,-0.7441351617243704,0.3219680961760804
bant1288,aust1307,-2.895297598073183,0.6631276079299209
bara1357,sino1245,-2.3482425711072272,0.4247559535769856
nucl1630,koia1260,1.0470954222968651,1.717271713511936
bare1279,afro1255,-0.1079230183789925,0.5531922896966197
bara1369,aust1307,-0.5388825450617476,1.2684133723171571
bara1361,atla1278,0.247390358246327,0.5323276618053203
bara1370,aust1307,-2.6539978752765747,0.6847195362564271
bard1255,nyul1248,1.217987515625428,1.9005834821451355
bare1276,araw1281,0.6562656938096514,0.653349093927214
barg1252,nucl1709,-1.4666573261833342,0.3775712276792387
bari1286,aust1307,0.7445272605068385,0.3404488154158525
baro1253,aust1307,-0.0298954508573299,0.3500823283766578
basa1282,atla1278,-0.727153722771622,0.4278923461456951
bash1264,turk1311,-3.989288298220272,3.210786233637264
basq1248,basq1248,-1.8203431360427795,3.579169039043797
bata1293,aust1307,-0.2956184359240243,0.8089535375797574
bata1289,aust1307,-0.1097355301999374,0.7729088253312124
bats1242,nakh1245,-1.7698563935139675,1.1106826234871583
baur1253,araw1281,2.0265200256405165,0.8756624428533986
bauz1241,geel1240,-1.882128948158066,3.2989727692802537
bayb1234,aust1307,-2.8142651001231824,0.7143168155081394
bebe1248,atla1278,-2.215839518259952,0.5496553770346129
beel1236,afro1255,1.779615241757562,0.389929776023358
beem1239,atla1278,-3.068684919278412,1.0807434902631323
beja1238,afro1255,0.9016270885781328,0.8939220592096406
bekw1241,atla1278,-1.5202559728700913,0.4083005174712557
bekw1242,atla1278,-2.55198476675906,0.7064241036146583
bela1256,nilo1247,2.575631717219935,1.2145172583265342
bela1254,indo1319,-3.1226421879805804,1.5873912899587683
nyal1254,aust1307,0.3297799706245055,0.5484980966171484
belh1239,sino1245,-0.5420052803029063,0.3335275354307807
beli1257,cent2225,-1.2702135541505657,0.6751269938042084
bell1243,sali1255,1.6706069870603262,1.378006114860861
bemb1257,atla1278,-4.059640721202462,1.2956789122444112
bena1262,atla1278,-4.157014275319659,1.0862213424120473
benc1235,gong1255,-2.060862151787867,1.0735700544908022
bent1238,dogo1299,-2.0171487814043507,1.8662512103542688
zagh1240,saha1256,-1.2439807260488882,1.670614111698738
bert1248,bert1248,0.9089314828166648,2.587899453431535
bezh1248,nakh1245,-3.6745752560800886,1.0691631352179858
bhoj1244,indo1319,-0.2645366243128682,0.5995583524152668
biaf1240,atla1278,1.29931493325302,0.611478432252559
biak1248,aust1307,0.4132767937800485,0.5283697428683336
bian1252,kuni1270,-2.4660659801162312,1.362877505450741
biao1254,hmon1336,-4.915200988558329,4.615822876563121
biao1256,hmon1336,-4.916773787317669,4.613035777222683
biat1246,aust1307,-2.5113350702314863,0.801493876840528
bier1244,aust1307,-0.6153043939470084,0.2858527579569063
bign1238,aust1307,-0.1995452191629407,0.2488674109317532
biha1246,aust1307,-3.4150397247923663,1.157805839656579
bila1255,atla1278,-2.369694345908921,0.6315785934131046
bilb1241,aust1307,0.6337974221374281,0.3332834815804748
bili1260,afro1255,0.7540473814773749,0.7852926244367087
bilu1245,bilu1245,-1.6434485127837015,3.091959702703233
bimi1240,nucl1709,-1.6391511639324934,0.4593444558362218
bina1277,nucl1709,-1.436797348476933,0.5045880218940493
bine1240,east2503,-1.8330936731777951,2.324269631140975
bini1246,atla1278,-1.2109692462725334,0.4982331295753095
gunw1252,gunw1250,-3.1469006522648995,2.8036534305470227
birr1240,cent2225,0.5003078586745024,0.7412442609526249
bisu1244,sino1245,-4.612077162810104,1.0066823864765473
bitt1240,aust1305,-3.5457439285430863,1.0049666774345454
biwa1243,yuat1252,-2.2684222600558086,3.5942460222339463
blab1237,aust1307,1.3102452106583358,0.4262928245683088
blan1242,aust1305,-3.468137284422842,0.9956255471426508
bang1354,atla1278,-3.028957559566003,0.8220398746421633
bobo1255,aust1307,0.1068736176368163,0.5306975924727233
bodo1267,aust1305,0.4116159354410975,0.6853250755985902
bodo1269,sino1245,-3.6918062780686016,0.649178712291536
boka1249,sino1245,-3.637859819092277,0.7415196291889998
bola1250,aust1307,0.9298543584897936,0.372278868701354
bolg1251,atla1278,-0.7528405421172697,0.6307262494068908
chim1302,quec1387,2.422339912328112,1.881322795326116
bolo1262,atla1278,-3.317268504750804,0.6887408319339503
boly1239,aust1305,-3.253817084432795,1.219169893030858
bomb1262,atla1278,-3.0648560480903293,0.6374633722132383
bomk1234,atla1278,-1.754914957670887,0.7152813340637394
bona1250,mong1349,-4.282793167957347,3.757168315556601
bond1247,atla1278,-3.598689330168683,0.8626846802049517
bond1245,aust1305,0.3784477524639502,0.615451820092547
bong1289,aust1307,-0.9356433712074088,0.634413768583812
bong1285,cent2225,-1.1737416693852212,0.7531293460815247
bora1263,bora1262,-2.985677079835178,4.46226938446533
bora1271,afro1255,-0.6981073683830656,0.6125999201808465
bord1248,chib1249,-2.9267977170774517,2.257962707512577
bori1243,sino1245,-3.868072490669677,0.6926238750528544
boro1277,gong1255,-1.6401330260178697,1.2893500471521442
boro1282,boro1281,-2.549387362098908,4.245915768335421
boto1242,aust1307,-2.5229709394060142,0.5306283498530977
boun1243,atla1278,-0.9920400054750336,0.5589949083852845
boun1245,nucl1709,-2.044461158278649,0.4115748903606953
bouy1240,taik1256,-5.146330141870347,4.206474985418149
brah1256,drav1251,-2.132391036833187,1.8420959520035056
lave1249,aust1305,-4.086348720227738,1.1380432026415868
bret1244,indo1319,-3.53103949538195,1.3662732731129117
bube1242,atla1278,-2.300902353727277,0.6087381702410877
bubi1250,atla1278,-2.7876240439477984,0.9031364357420052
budu1248,nakh1245,-3.22752040102695,1.1839615690319505
budu1265,afro1255,0.1638918342361033,0.5135653835889755
budz1238,atla1278,-2.8527369163908216,0.6872951170811925
buga1247,aust1305,-3.40215301843252,1.1874848241536444
buga1250,aust1307,-0.0405778717771951,0.3002255387249679
bugh1239,aust1307,1.3626824337893395,0.4048184371141268
bugi1244,aust1307,-0.4110003407876466,0.5228837333846048
bugl1243,chib1249,-2.9741682601602344,2.4850674911324706
buhu1237,aust1307,1.532747656594354,0.4747525274333188
bujh1238,sino1245,-0.0059382446462266,0.4101651361274019
buka1257,aust1307,-2.5394014979149797,0.785455685818234
buki1249,nucl1708,0.9461438572047808,0.8861801703735344
bull1247,atla1278,-1.6433188305906523,0.7087671366016259
bulo1242,aust1305,-4.08830311094962,1.2160621967814889
bulu1251,atla1278,-2.5100041551277745,0.604107294953911
bumt1240,sino1245,-3.172173324023778,0.6229383391553478
buna1278,timo1261,-3.536191739646853,3.166474789475796
buna1276,aust1307,1.6557210126095252,0.4709561016781016
gahr1239,sino1245,-0.7704210423042002,0.6970871665351535
bund1253,indo1319,0.0818677220384225,0.8020337569844393
bunu1267,aust1307,0.3962453562404229,0.4589946604930421
buol1237,aust1307,-0.0505523176883024,0.572465773978112
bura1292,afro1255,-0.430410035339809,0.3773966504755925
bura1267,mani1293,-2.77474235217694,3.502283737620039
bure1242,afro1255,-0.2726397661750446,0.3870710370580639
burj1242,afro1255,-0.771120372840711,0.6052451045303693
nucl1310,sino1245,-4.248805276797571,1.014738014726798
burm1264,burm1264,-1.875098085264388,3.2896071375722906
buru1303,aust1307,-0.2293316273280412,0.5613467353142001
buru1320,afro1255,-1.5579806018835969,0.7707748734536004
buru1296,buru1296,-1.9450596447540949,3.618549839052773
busa1253,mand1469,-2.9941373776033444,2.250719445961696
bush1247,atla1278,-3.5813580182454574,1.151413115712116
buwa1243,afro1255,0.0842809739524512,0.3321639908440126
bwai1242,aust1307,1.6316039329171308,0.4097744264766287
bwat1240,aust1307,0.1414093771110347,0.4530687189089306
byan1241,sino1245,-0.7533962030930764,0.5726037162152764
caac1237,aust1307,0.3559466942363456,0.4454595058031714
cabe1245,chib1249,-5.078086563047102,2.547931038441865
cahu1264,utoa1244,-1.2692882320087135,1.0930825875818542
cakf1236,afro1255,-0.7188481091274252,0.4450372857901232
cald1236,quec1387,2.348395151981118,1.837008502344661
caml1239,sino1245,-0.1872306394320362,0.314283337852256
camp1261,indo1319,-1.161963808640969,0.995770302233386
cams1241,cams1241,-2.855935860491329,4.425365344573555
cane1242,nucl1710,-3.1479948453765068,2.242045025293902
caom1238,taik1256,-4.888013272689245,4.3275173349887215
carn1240,aust1305,-3.13895510741413,1.4861604512654552
caro1242,aust1307,1.2098492494949462,1.1944350673884676
cash1251,pano1259,-2.1757634263885186,1.3668004616251892
casi1235,aust1307,-2.0034065890239754,0.4304958031163703
stan1289,indo1319,-0.5337749272903594,1.02449952994764
cavi1250,pano1259,-3.4137696599317264,1.149977828267601
cayu1262,cayu1262,0.4104932373649608,2.381180605918191
cebu1242,aust1307,-2.977547095634949,0.6018169525971233
cemu1238,aust1307,0.1973427891248014,0.4366959829763974
cent2127,eski1264,-0.246623319990429,2.0359997679738147
cent2142,ayma1253,2.033311938295715,2.2804437771823034
cent2004,sino1245,-4.1015645938155,0.7908857948974912
cent2292,aust1307,-0.2017571131769895,0.3690403379529865
cent2084,aust1307,-1.7600325127710077,0.4425545059773412
cent2314,aust1305,-3.854135011749401,1.2270919389256791
qaua1234,taik1256,-4.956929223317871,4.215989469304302
guer1241,utoa1244,-2.9060834538833697,1.0954537552459789
cent2050,saha1256,-0.0850565793712845,1.2928629809490255
cent1989,aust1305,-3.887168470098996,1.208297431237736
mala1479,aust1307,-2.2387964360703068,1.010586226726903
cent2322,ural1272,0.1895930535589598,1.2630219393287216
cent1992,aust1305,-4.083608117554887,1.190994134357232
cent1990,aust1305,-3.2043486946915585,1.4802525385183871
cent2126,japo1237,-4.327384133987079,4.384854597094372
cent2091,aust1307,-2.603803047842722,0.7544797278048456
cent2140,miwo1274,1.5320658998539156,2.251983476579337
cent2090,aust1307,-3.0241151233751733,0.7662782554801986
cent2131,utoa1244,-1.8499048633884296,0.9890511922022532
cent2150,chib1249,-4.942653940330636,2.3045097298661554
mbal1255,atla1278,-3.3306803171688104,1.7323712154598274
chac1251,pano1259,-1.5466308260928925,1.080271252182257
chad1249,afro1255,2.117150708007652,0.7318004894098458
chak1270,sino1245,-4.066221879201763,0.9768599565702312
chak1271,atla1278,-0.9337947186863604,0.4942333342036438
chal1275,afro1255,0.858035819420115,0.8143245476116645
cham1315,zamu1243,-1.5154926519794922,3.1619811849179857
cham1309,nakh1245,-3.841481411962034,1.0919602838788105
cham1312,aust1307,1.2067489566872456,1.0879720527466148
chan1313,sino1245,-4.040456740608558,0.6817523261653218
char1269,gong1255,-4.068209124075698,1.0563245738673164
chas1234,sino1245,-4.093536314606286,0.7674429517336812
chec1245,nakh1245,-3.928073816219108,1.26533393452634
chek1238,aust1307,1.1675521246265972,0.4191148314231387
chen1255,drav1251,-2.0743515234706686,1.0187852448034622
chep1245,sino1245,-0.2454266475260276,0.3850089624594961
cher1273,iroq1247,-4.168162603979766,4.479346092524384
chey1247,algi1248,-0.950805357898322,1.1859121145875582
chic1270,musk1252,-2.847401585509666,3.05734609479702
chig1238,atla1278,-2.8158077117249007,0.7376466157004575
chil1280,atha1245,-3.1620713897674664,3.1677396214590567
chim1309,chib1249,-2.9415573172433627,2.257381461094484
chim1312,atla1278,-3.201508613699,1.154085772913815
chhi1245,sino1245,-0.4993613555377595,0.3340906329287367
chip1261,atha1245,-4.408383620871359,4.047453410197244
chip1241,algi1248,-0.720530756340567,1.3053991044964288
chir1283,sino1245,-4.123975339234103,0.6701771803861503
choc1275,sino1245,-3.2984527609780603,0.627901531242979
choc1276,musk1252,-2.767087784694271,3.022827820930442
chon1284,aust1305,-3.914987394047418,1.223578488097984
chot1239,sino1245,-4.230093468298995,0.7089994069367869
chra1242,aust1305,-4.107677822892909,1.2801634522784786
chuj1250,maya1287,-1.938723749473524,0.5400022903499835
chuk1273,chuk1271,0.723907406668757,2.902800442031558
chuu1238,aust1307,1.089596633534089,0.894199486327584
chuv1255,turk1311,-4.308074836398998,2.8681993871268032
chuw1238,atla1278,-4.134344661491713,1.5452409210200573
cici1237,atla1278,-0.1438526489569245,0.5718724749334427
chin1286,chin1490,-2.6926849524077143,4.464495517906803
cent2087,aust1307,-2.5544067632296747,0.681416833170454
coat1243,otom1299,0.3535225921964566,0.3667558335857048
coca1259,tupi1275,-2.803635812952094,1.743769430329909
coeu1236,sali1255,0.6853590565435521,0.9809867643119236
cofa1242,cofa1242,-2.8662654752617183,4.422920530692664
colu1241,sali1255,0.820395522970053,0.9083782914958238
coma1245,utoa1244,-4.033780044235799,1.7277966608539863
como1259,sali1255,1.6744484193450613,1.180047881775221
cong1236,atla1278,-3.776336963740804,1.1961540363366945
copa1237,otom1299,-0.0186893991013574,0.3754750854130755
cors1241,indo1319,-1.46095217089957,0.9517901785343934
cosa1234,sino1245,-4.69527585725137,0.9962184113595464
cota1241,aust1307,-0.8887940644597654,0.5753975866799728
crim1257,turk1311,-3.823368239512376,2.934178063054224
cros1244,atla1278,-1.379146888462193,0.4171535795047987
crow1244,siou1252,-4.128497733986705,3.0407061984058457
cube1242,tuca1253,-2.529751571612572,2.3982882201952265
culi1244,araw1282,-2.750679277515542,3.615437915519318
curr1243,araw1281,0.8045482905245911,0.6847293864400843
cusc1236,quec1387,2.931068077835058,2.121229098725385
cypr1248,afro1255,-0.0626683930380913,0.921923150123579
czec1258,indo1319,-2.5498546536174613,1.281896664780339
daai1236,sino1245,-4.3311370211860725,1.002360926544279
daak1235,aust1307,0.1526622592535365,0.5201480172144937
daas1238,afro1255,-2.6646636967520574,0.6130835137355017
dadi1250,tebe1251,-2.590396674975292,3.882369668780736
dagb1246,atla1278,-0.8670157702414221,0.4821801830156023
dagi1241,narr1279,1.6009053258946278,1.3547751584002885
daur1238,mong1349,-2.9618843085190294,4.231856787358903
daha1245,afro1255,-0.8760633732181757,0.7737405976559373
daka1243,aust1307,-0.5571727093168208,0.2613252858353494
damp1237,aust1307,-2.239341914130815,0.5994033747779177
dana1252,aust1305,-3.406752250540505,1.0637253725092082
dand1238,drav1251,-1.8008813586844594,1.018481935142411
dani1285,indo1319,-4.916044488375642,1.6469389767325708
dara1250,indo1319,-0.2398301142760497,0.6077838540952074
dard1243,daju1249,-0.6157777890415561,2.444443723456371
darm1243,sino1245,-0.7753724071295512,0.5723323249994916
daww1239,nada1235,-3.280667436289874,4.244250294121409
dawr1236,gong1255,-1.7904790241152355,0.9723207759843556
daza1242,saha1256,-0.6756500943690007,1.263358812039045
defa1248,ijoi1239,-2.7361305289895506,4.2171266460689205
dege1246,atla1278,-1.7560966794923871,0.5380805923796235
dehu1237,aust1307,-0.2441279768709341,0.4307747891163291
dera1245,sena1264,1.741500313196581,3.133295433409099
dera1248,afro1255,1.478518884297432,0.390097730787792
desa1247,tuca1253,-2.5957511303845373,2.329464317404164
dhao1237,aust1307,-0.0393789972640696,0.5611395687833696
dhar1247,pama1250,-1.5397709164727358,1.1339556706716358
dhim1246,sino1245,-0.8146547444514981,0.4475399961136936
dhuw1249,pama1250,-1.7684321781219687,0.7963350353762619
dibo1245,atla1278,-1.0760375185890156,0.6654746563115737
dier1241,pama1250,-2.2354540917319747,0.9978587445279424
digo1243,atla1278,-3.5389119407435787,0.8960181408699306
dima1251,sino1245,-4.025324941856404,0.6677690873019051
dizi1235,dizo1235,-1.641140984569264,1.8423976633418533
djam1256,pama1250,-1.7507963102809665,0.8343794432762
djee1236,mani1293,-2.7617053389903177,3.501386638312196
djeo1235,nucl1710,-2.5264427266222893,1.4827762223378098
dobe1238,aust1307,0.5405821814194551,0.6267325436646551
dobu1241,aust1307,1.6866206440082308,0.4316361294434756
domm1246,nucl1709,-1.9583817363054907,0.3763899652089293
doma1260,indo1319,-1.219974024885122,0.9800925854355906
dong1285,mong1349,-4.316283515512548,3.7502834103476426
doro1266,manu1261,1.678759637234093,3.088405821132694
drun1238,sino1245,-1.5720473015868746,0.6968041471398614
chug1252,sino1245,-3.520071211023149,0.6608214062713405
dumb1241,aust1307,-0.3537398127709288,0.5050998228694841
dumi1241,sino1245,-0.476239380878242,0.320071193559114
duna1248,duna1248,-2.2559046417980277,3.5952938308679547
dupa1235,aust1307,0.281757822598357,0.4358478046222735
duru1236,drav1251,-1.6376448600708846,1.0228377046104322
dusn1237,aust1307,0.1459921314456966,0.4584423508712714
dutc1256,indo1319,-2.5611629005800345,1.3608797051675126
dyir1250,pama1250,-2.0116564406108752,0.8177149139420283
dyul1238,mand1469,-3.970605573259977,2.097448111245523
dzao1238,hmon1336,-4.936751212762924,4.616105480093378
dzon1239,sino1245,-3.04759332024887,0.5690451122064362
east2443,aust1307,-0.1611905475798973,0.2934573317472964
tang1336,sino1245,-4.266339668767929,0.6817793295110901
nucl1235,indo1319,-0.3292510034515061,0.9229308717269902
east2379,pama1250,-2.0047463208281284,0.9125406265884184
sout2896,aust1307,1.8403339867176989,0.4499407573237075
east2555,tupi1275,-3.2566287780465104,1.779928976654416
east2332,aust1305,-3.9182855415929274,1.1280705071870285
east2563,aust1307,-3.276882946865028,1.1907259298456463
east2690,afro1255,0.7874026383132913,0.9211071585006332
east2556,otom1299,0.7262193923327103,0.6673635189871483
east1236,aust1305,-3.960540642517064,1.1680887699344504
east2342,sino1245,-4.588364220369647,1.0718313848429348
east2782,atla1278,-3.38479291902455,1.150345966386087
east2328,ural1272,-0.9062062056893676,1.0198913868712118
east2333,aust1305,-4.11969786930894,1.226401286651126
east2773,sino1245,-0.31383784045603,0.3417209386074749
panj1256,indo1319,-0.2996823518369367,0.8370213496208629
east2485,aust1307,-2.681958506442181,0.640195691336622
fina1242,aust1307,-2.116977159354962,0.3652736344915617
east2694,aust1307,-1.0814680440983988,0.5699425504798539
east2447,aust1307,-2.656818834341222,2.020193021647426
east2516,nucl1709,-2.0985442979182927,0.4363118896651041
east2440,aust1307,-1.092351397435562,0.6240403503306862
huaa1248,tuuu1241,-0.5323664353098123,2.627486544793319
wall1257,aust1307,-3.0906844558441864,1.952092126383864
egyp1253,afro1255,1.074384157229794,1.0432078495215071
eipo1242,nucl1709,-0.8159694766159696,0.4527904249522514
ekar1243,nucl1709,-1.3062250604375851,0.5703030639030287
elem1253,atla1278,0.2588732474423594,0.4791566700311769
elip1238,atla1278,-2.441895275624443,0.485224383563132
elna1235,utoa1244,-4.4117685873578525,1.1305076526437858
emae1237,aust1307,-0.6974997732928978,0.3214299160132619
emai1241,atla1278,-1.022327073149921,0.4444268236145188
embe1262,choc1280,-0.2447881298810692,1.0993010075030345
stan1293,indo1319,-2.3448599903041414,1.4060609490378315
enuu1235,sino1245,-4.620663634120907,0.9633829015915634
epen1239,choc1280,-0.0279679062980975,1.1119629532999582
ersu1241,sino1245,-3.4998636291567267,0.7686150194813068
erzy1239,ural1272,0.0570015239616312,1.012005470508008
esan1238,atla1278,-1.3198244493608295,0.4640755221416839
esee1247,koia1260,3.05168825502738,1.829365437648402
esee1248,pano1259,-1.5807254408715432,1.0717949087003351
esim1238,atla1278,0.1873939952109817,0.3552058236210982
esto1258,ural1272,-2.376870209543328,1.294152853402191
eton1253,atla1278,-2.498144097877191,0.5171805092429018
even1260,tung1282,-3.319561990803644,4.20335069220284
even1259,tung1282,-2.599286242300749,3.720889201087607
ewee1241,atla1278,-1.0745301166113397,0.513582573189149
fala1243,sino1245,-3.9701870200720215,0.7657369407818546
fare1241,atla1278,-0.7739632408702546,0.5141707723712088
faro1244,indo1319,-2.4742697319717686,1.9771844441700248
fasu1242,fasu1242,-2.62440922737313,3.9318293792231103
fiji1243,aust1307,0.1915987060377322,0.9300317656673114
fili1244,aust1307,-2.7943930207576098,0.6870553755848228
filo1235,toto1251,-3.0344824317508925,2.6385052696284284
finn1318,ural1272,-2.702945179338122,1.4398984396019214
foii1241,east2499,-2.6354167042175183,3.933435883038528
fonn1241,atla1278,-1.223980318902138,0.495234327049685
fore1270,nucl1709,-1.9576268549117617,0.3970711339860333
fore1265,ural1272,1.1189431847579576,1.5619651205569252
fran1266,mixe1284,-2.561879107861662,3.029880242863125
stan1290,indo1319,-1.9093264723974048,1.1965971660635732
fuln1247,fuln1247,-2.779026578050227,5.167332581619143
furr1244,fura1235,1.288547436340468,2.9194392269368805
furu1242,cent2225,-1.8175097697347729,0.867284073038844
futu1245,aust1307,-0.4407875132722947,0.4880533333162393
fuyu1242,fuyu1242,-0.9596073921037832,2.5473243081144137
gaaa1244,atla1278,-1.3649877201041836,0.6238135939855649
gaam1241,east2386,0.0300714525011431,2.328158059700818
gaan1243,afro1255,1.3757613579823484,0.3659670087619453
gada1258,aust1307,-1.9301530284411368,0.3769103269990044
gade1242,atla1278,-0.5243850667126297,0.4178035651048812
gaga1249,turk1311,-4.227800798340767,2.954387674452347
gala1264,afro1255,-0.2916578328498524,0.3771878460452527
gale1259,nort2923,-4.162731306003103,3.5829612862574907
gali1262,cari1283,-4.561744435094102,2.567182399900964
gali1258,indo1319,-0.0320403935281905,1.0632591747796625
galo1242,sino1245,-3.8827309066509033,0.7135539334816574
gamo1243,gong1255,-2.0572132310971,0.9975605200627228
gand1255,atla1278,-2.233739063662635,0.6410085599325024
gang1267,tang1340,-3.026324177485976,3.507064577618735
gang1266,sino1245,-4.315353629336267,0.6969967581305934
gant1244,nucl1709,-1.913963641436568,0.3658877048479834
gapa1238,aust1307,1.5388917394930233,0.4091359444787148
boht1238,afro1255,-0.0345499194842311,0.8975378697860723
gari1256,araw1281,0.901808966073348,1.2401955256521386
garo1247,sino1245,-3.4227552397014374,0.663692390425247
gara1269,garr1260,0.9715303020490618,2.720689813537096
gata1239,aust1305,-1.5668450904704687,0.6604059663771462
gayo1244,aust1307,-2.4306009885332807,0.9669438728510338
geba1237,sino1245,-4.445888210788743,1.1138896279156496
gebe1237,aust1307,-0.8658794599144835,0.6069146757958617
geda1237,aust1307,0.6895753931975972,0.3371728626719186
gela1263,aust1307,1.435921177553687,0.3942393642659638
nucl1302,kart1248,-2.00512145154854,2.7025913115727374
geru1240,afro1255,-0.1562158573257979,0.4056469430900478
ghad1239,afro1255,1.0111413998877792,1.1841568467153412
ghan1242,aust1307,1.4547168320523576,0.4479082761643145
ghar1239,aust1307,1.4470035971339237,0.4156344923879498
gheg1238,indo1319,-2.012595728048147,0.9964598941760228
ghom1257,afro1255,-0.0305377909593556,1.0608573652461128
giiw1236,afro1255,1.818531848224322,0.3920441109820469
gilb1244,aust1307,0.1730002586993206,1.205896126232707
gira1247,nucl1709,-1.370703185828501,0.3454620492257838
giry1241,atla1278,-3.3079062241605106,0.8621999951802701
gizr1240,east2503,-1.904625213357213,2.3327723518908847
glav1244,afro1255,2.1790920942181,0.3567868222172006
ghod1238,nakh1245,-3.7684813188661455,1.107312122531409
gofa1235,gong1255,-1.882727918302672,0.962135361286709
gogo1265,suki1244,-2.6864050317357657,4.023460799139554
gola1255,atla1278,-0.2739762101154648,0.8165069053023926
goli1247,nucl1709,-2.0073286861125217,0.3878414528355787
goon1238,buna1274,-2.0392792360180354,3.69196663837425
pare1266,aust1305,0.5661982168800985,0.6235651451240507
gras1249,koia1260,3.030403655741841,1.8049314679650117
guah1255,guah1252,-1.6065528985883992,3.2231684435292616
guam1248,barb1265,-0.5416417594780633,1.5607490322246722
guat1253,guat1253,-1.372447521008278,3.017968934875872
gube1234,atla1278,2.0839799765716505,0.6930980783227643
gude1246,afro1255,-0.2480093164135461,0.3491095079683202
guer1243,otom1299,-0.0782012668503777,0.3946392386183799
guhu1244,nucl1709,-3.730650514082351,0.4965137314646686
guiq1238,sino1245,-3.1605758446661927,0.6956686595442072
gulf1241,afro1255,0.6051391582331638,0.8611773169020598
guma1254,aust1307,1.6147474260337638,0.4338534125709774
guny1241,pama1250,-0.1954822039412092,0.8928206678087385
gura1251,indo1319,0.5439681891627077,0.9200419518027888
guro1248,mand1469,-4.401073141869013,2.241003907882541
guru1261,sino1245,-2.2552159874035502,0.3300463708340739
guru1271,afro1255,-0.5029915962865661,0.3853454293660885
gusi1247,atla1278,-2.416610137410085,0.6379099352055304
gugu1255,pama1250,-1.8932489022737975,0.8115979522168928
kwam1249,koma1264,-0.2031377274661774,1.5006995071723406
gwen1239,atla1278,-3.27803820257186,0.7584581625400011
gyel1242,atla1278,-2.528971048689284,0.6796189128982633
haaa1252,atla1278,-3.311455775376264,0.8961919028388614
hadi1240,afro1255,-0.2805313175301007,0.493848524554874
hadz1240,hadz1240,0.3001499785417307,2.3694748332100586
haka1240,sino1245,-3.960131449684401,0.8326632663472981
hakk1236,sino1245,-4.097301815041106,1.479256319939335
hala1252,aust1305,-4.108522476876608,1.1464855145070043
halh1238,mong1349,-4.624907436579576,3.994034132690701
hali1244,aust1307,2.548348371617181,0.4702700204014682
halk1245,sali1255,1.4973475565396035,0.9595574629822226
hame1242,sout2845,-1.890404394723068,3.3410067059593302
hang1263,nduu1242,-0.755279128187397,1.0679612695088725
hani1248,sino1245,-4.622073610259992,1.0222487327649876
hano1246,aust1307,-0.3188993007186385,0.3097186054162897
haro1237,aust1307,-3.383983288403593,1.1795574704995762
haru1245,piaw1238,-1.573739033682715,2.1674065721865805
hass1238,afro1255,1.899336844656203,1.2357053357218932
hata1243,hata1242,-2.694978862132293,3.3768319814147683
remo1247,aust1307,-2.5251401603464463,0.5509939499968723
nige1253,atla1278,1.6892961222959024,0.5191431313396784
hava1248,coch1271,0.6828860149322247,2.0824746652894124
hawa1245,aust1307,-2.034305550580294,2.48427542881174
hehe1240,atla1278,-4.025992408886089,0.976188639214719
heil1246,waka1280,1.7658307953699963,2.5497979444453263
here1253,atla1278,-3.337730430206987,1.6015831378522505
hida1246,siou1252,-2.4279690344096245,2.9887320236631
high1276,mixe1284,-2.76519985911919,2.987322400991463
high1278,utoa1244,-2.655937242914289,1.0300303659462091
high1243,toto1251,-2.950813359389997,2.631981076836933
hili1240,aust1307,-3.0656406251236907,0.6768990518322866
karb1241,sino1245,-4.08447035540587,0.6540157713246613
hind1269,indo1319,-2.0656080177084863,0.9274171595585354
hinu1240,nakh1245,-1.8132133984642835,1.0653813897332691
hixk1239,cari1283,-2.428498207206871,2.4219490663839167
hlai1239,taik1256,-5.7138492817277005,4.378344040102729
hler1235,sino1245,-4.314537205910471,0.9005969839798809
hooo1248,aust1305,0.7841602574593587,0.7054952742209428
hoav1238,aust1307,1.5468280102158487,0.4239842724231106
ainu1240,ainu1252,-3.882969464892097,6.401687460410883
holo1240,atla1278,-3.553100607283268,1.067905283569437
hone1235,atla1278,-0.3085751338877314,0.401720763140112
honi1244,sino1245,-4.70956547263334,0.9521608758026776
hopi1249,utoa1244,-1.3413274448484238,1.0738577425796114
hote1245,aust1307,-0.0739901195761247,0.311054381621469
hozo1236,maoo1243,-3.0040018288419605,4.377518679455051
hrus1242,hrus1242,-4.075633116898311,5.3495171955795175
huuu1240,aust1305,-3.5106865894835217,0.9880620165470296
hual1241,quec1387,2.539383132389522,1.878062307575421
huam1247,jiva1245,2.063297258440984,1.897246535321825
huar1255,utoa1244,-1.796739721846628,0.985639473631438
huas1242,maya1287,-0.3560263758982238,1.1712124682016751
huba1236,afro1255,-0.2055781069077231,0.3440873613981416
huic1243,utoa1244,-2.319798259071772,1.1121386023502833
hula1239,aust1307,0.8756259954644778,0.4211360789036416
hula1244,afro1255,1.074112674919049,0.8936172769688939
humb1243,song1307,-2.889511232497897,2.5353468151913834
hung1275,aust1305,-3.785477648441391,1.116940716026197
hung1274,ural1272,-0.4697389447078571,1.3334291557798998
hunz1247,nakh1245,-3.6637458867014008,1.0668941664905596
hupd1244,nada1235,-3.516971291845536,4.2080413282488855
wyan1247,iroq1247,-3.936571835113385,4.237489275831349
hyam1245,atla1278,-0.6705483623392845,0.4343411631345741
iaai1238,aust1307,-0.0832714242865186,0.4244470305399392
iama1237,aust1307,1.6411679300924231,0.4196123949823693
iatm1242,nduu1242,-0.9459829889268112,1.0946253761189435
ibal1244,aust1307,-0.1405590607728708,0.3882130845952307
iban1264,aust1307,-2.515497697064519,0.7820859170546424
iban1267,aust1307,0.3661505489527095,0.3886460733645762
ibat1238,aust1307,-1.840944721488117,0.5398424750987445
ibib1240,atla1278,-1.8078463467019952,0.4759792576428445
icel1247,indo1319,-1.9084742236288417,2.1966438723342785
idaa1241,aust1307,-2.9233479065887784,0.6555460319605881
idii1243,paho1240,-1.7983173708957068,2.420762236577458
idom1241,atla1278,-0.8800740475305062,0.426724752522805
idum1241,sino1245,-1.7441659637650937,0.763438162479023
idun1242,aust1307,1.6044728010218123,0.4099425848194933
nucl1417,atla1278,-1.8568256423795155,0.5054225665049206
igna1246,araw1281,2.0670661552604126,0.8764449979519275
ikkk1242,kuli1252,-1.6609025241349769,3.173209517880814
iliu1237,aust1307,-0.8227846357369395,0.4784987464855774
ilok1237,aust1307,-0.1477344074110689,0.4029260385719126
ilon1239,aust1307,0.0471313375784694,0.3802218701482474
imba1240,quec1387,2.319347099818837,1.900308288919537
imon1245,bord1247,0.6793998895093059,2.407575772620436
ingr1248,ural1272,-2.4160103548013487,1.228574019082675
ingu1240,nakh1245,-3.889935176822511,1.2618407522317154
alba1269,aust1307,-2.6701317009957557,0.6886565442252675
iqui1243,zapa1251,-2.8599517900720146,3.755685147766479
iran1262,aust1307,-2.666379005684856,0.6668461006244231
iraq1241,afro1255,-1.289898087430613,0.7151272633504302
irar1238,aust1307,0.2454511300971673,0.4882928856793551
iray1237,aust1307,-2.7360674229482065,0.6563162500344042
iris1253,indo1319,-1.9241389421669512,1.5367985733252745
irul1243,drav1251,-2.454886579296924,1.085382611430651
kris1246,skoo1245,0.6600296633785692,2.4072938824637973
isco1239,pano1259,-4.1422289288967535,1.3700762373324853
isin1239,aust1307,-2.165701705749922,0.3869087443185179
isir1237,kwer1242,-0.3749866174533172,1.5586946784804925
isna1241,aust1307,-1.9590801042538093,0.4615715620943117
isth1240,utoa1244,-4.593180328340868,1.1539412077207345
isth1242,utoa1244,-2.624555905694983,1.1341633806851998
isth1241,utoa1244,-2.6201786334073125,1.1427406350749063
ital1282,indo1319,-1.3361696633112383,0.9616836887936522
ivat1242,aust1307,-1.7030493033896748,0.5732435772527111
iton1250,iton1250,0.3963017204472971,2.3779885961978118
itza1241,maya1287,0.6211894221632672,0.6774174294782496
iumi1238,hmon1336,-5.321673401365625,4.59765451346947
iwal1237,aust1307,0.1981183808630184,0.3171978463570415
iyoo1238,nucl1709,-1.748229236171181,0.3656354223049103
jahh1242,aust1305,-3.192373231932912,1.1687842858431186
jalk1242,mand1469,-4.073411541852701,2.111408539792378
jamb1236,aust1307,0.4445952674252065,0.9040873198007944
djam1255,mirn1241,-2.536551224492798,2.9212360732375853
jams1239,dogo1299,-2.025610954600718,1.8273651735718608
nucl1643,japo1237,-4.040202535161079,5.077901560422742
japh1234,sino1245,-1.0168911410880015,0.6521988250832012
jaqa1244,ayma1253,1.794060056052317,2.4230808875531054
jara1266,aust1307,-3.411916206869492,1.1599900680558015
java1254,aust1307,-0.9455689868528956,0.8166383420281917
jede1239,aust1305,-3.418977820061543,1.1784319380010473
jehh1245,aust1305,-4.056653695090491,1.1628586699551997
jeha1242,aust1305,-3.4946151922899644,1.1826314967337537
jenn1240,drav1251,-2.258233946158705,0.8609928247239598
jeru1240,sino1245,-0.1543369531106437,0.3296377709342994
jiba1237,atla1278,-0.4641934709714519,0.3806692066455852
jina1244,afro1255,0.1083471550000116,0.386269991229236
djin1251,mirn1241,-3.061776342698092,2.977542121556601
jita1239,atla1278,-2.7112313123355047,0.6828936993677104
jjuu1238,atla1278,-0.6882475240896251,0.4472734739999886
juan1238,aust1305,0.7504519643440792,0.6866672780275742
juku1254,atla1278,-1.5115220725272145,0.3703506214104823
jurm1239,cent2225,-1.2702903882116847,0.6575284611037784
kaba1281,cent2225,-0.2281622513612444,0.7488512267895064
kaba1278,abkh1242,-3.4156218736435253,4.448460274342056
kaby1243,afro1255,0.4825854744727404,1.1215483213634911
kach1284,gong1255,-4.049568905512684,1.0479905187259693
kada1242,drav1251,-4.308567087834928,0.9091049105995984
cent2100,aust1307,-2.8538212427833507,0.5998874353898511
kado1242,sino1245,-2.6457971362464647,0.9474247503515354
kafa1242,gong1255,-3.9991294589590174,1.097955435540129
kaga1256,aust1307,-3.016201739120075,0.7450461596499789
kagu1239,atla1278,-3.824586626197133,0.8979232641129364
kaik1246,sino1245,-0.531657056562258,0.4946352326714009
kain1272,nucl1710,-3.849567219838896,2.417425046858137
kair1263,aust1307,0.7324259733051783,0.441605956168134
kaki1249,kaki1249,1.1391689873699344,2.659826745004612
cacu1241,kaku1242,-3.348992022218242,4.725906350214634
kala1399,eski1264,1.3784216814907009,2.7204794349844184
kala1377,pama1250,-1.543449429470068,0.8740871196406985
kara1499,west2604,-2.5183147844570284,3.9393843358463503
kala1384,atla1278,-3.939134857175354,1.5732673419956242
kali1308,sali1255,0.2338267592464746,1.1260749373549928
kalu1248,bosa1245,-1.7382813908982178,2.2526463892881115
kamm1249,atla1278,-1.0784373015829711,0.400928786095525
kama1367,nucl1708,0.9838918077010574,0.9488596765732408
kamb1316,afro1255,-0.1380164834356154,0.489334596988888
kamb1297,atla1278,-2.946092784122837,0.7175417514762579
kamb1299,aust1307,0.2110929272979764,0.5790985893511857
kamo1255,nucl1709,-1.3019359526365386,0.5921543292540159
kamu1260,kamu1264,-2.9502876708064543,3.2723277871890595
kana1288,daga1274,-1.1265302895510825,1.8550960153113565
kani1286,nucl1709,-1.911870289545444,0.3798110166815629
kank1243,aust1307,-0.2783645416294569,0.3814986871452728
nucl1305,drav1251,-2.1606392144495,0.9234363433504892
bidy1244,atla1278,-0.6776612083440754,0.6498396195822007
kaon1241,atla1278,-4.036948847288949,1.4030688284211488
kaqc1270,maya1287,-1.937940277438699,0.6834423464593407
kara1500,nucl1710,-2.3172505886425667,1.6744525911198345
kara1487,aust1307,-2.0913593570874136,0.3787979483383825
kara1486,aust1307,0.151295818922104,0.4031022187680975
kare1338,atla1278,-1.4243795585602457,0.5160036227096061
kare1335,ural1272,-2.5422442510566725,1.4284670168707203
kari1311,tupi1275,-2.836217067722647,1.5901738834349004
kark1258,pauw1244,1.7189992676525736,3.111693125676708
karn1252,aust1307,0.5477412490881575,0.3215108152416643
karo1304,karo1304,-2.636990466268798,4.482632391176504
kash1277,indo1319,-0.7308908655166269,0.8597592492407493
kask1239,atha1245,-3.53383374713153,3.704541205701906
newa1246,sino1245,-2.250818157761212,0.3943839376843918
kats1235,sino1245,-4.353272743575136,0.942548590280408
kana1291,katu1274,-2.679754421387506,4.300789475180197
kaur1271,kaur1274,-1.6811078207596983,3.0938532657609983
kava1241,aust1307,0.0787208190679635,0.5980045618948608
kaya1315,sino1245,-4.494109408191479,1.1080133002235977
kaya1319,tang1340,-3.0347323363450074,3.4748607200206534
keap1239,aust1307,0.9646641373807552,0.4302364943689856
keda1252,aust1307,1.76634050947624,0.4551173112917848
kera1248,atla1278,-0.0439275000592522,0.6226843055346603
keig1242,kadu1256,-1.3107352500746658,2.899503235131064
kele1255,atla1278,-2.9847473752824234,0.7856860638054428
kele1258,aust1307,0.3342901388281079,0.412655218060113
kele1259,aust1307,-2.1925237932071893,0.3588135133097196
keme1240,atla1278,-1.9280180126635813,0.3700780427519952
keng1240,cent2225,0.6740224036123563,0.7834771228734416
kens1248,aust1305,-3.514738569808872,1.1920618929850404
kenu1236,nubi1251,1.5120563933556457,3.249100453546524
keoo1238,aust1307,-0.2008122478995417,0.4735664023479895
kera1255,afro1255,0.0553216894657411,0.4062507777973838
keri1250,aust1307,-1.8910051646441484,0.9463807472165282
kesa1244,nucl1709,-1.5571865350512883,0.3515247764578415
kett1243,yeni1252,-3.0757293270837867,5.344185445866977
kgal1244,atla1278,-3.3217948824444465,1.633113351143033
khak1248,turk1311,-3.777604654482445,3.613540966173259
khal1275,sino1245,-0.6572287323068375,0.3498195923058222
kham1282,sino1245,-3.1983014665148364,1.0417873450565178
khan1278,atla1278,-1.8055857934328965,0.4781856173020884
khan1274,aust1305,-3.6139576373859255,1.0714395971638702
khar1288,sino1245,-4.185262793576556,0.6716031149888124
khas1269,aust1305,-2.6533165077640493,0.9372319911049852
khez1235,sino1245,-4.200124367859457,0.6646147124137709
khin1240,nakh1245,-3.396131461020192,1.1508201883919469
khmu1256,aust1305,-3.534139527227114,1.011355924536355
guan1266,sino1245,-1.0066901294425394,0.634672282985659
khum1248,sino1245,-3.921110875249191,0.8224279831362029
khva1239,nakh1245,-3.7985482344143175,1.0509816723052792
kich1262,maya1287,-1.9758276065376263,0.652884662571009
kiku1240,atla1278,-2.6002754916953785,0.6495070187265997
kile1243,tung1282,-3.588300684192926,3.2896262232157145
kili1267,aust1307,3.542959217608974,0.4889017488969731
kimm1246,atla1278,-0.4769068831106997,0.4781011521751459
kima1244,aust1307,-2.891301982827242,0.628469133061742
kimm1245,hmon1336,-5.288555290946688,4.563977120593019
kina1250,aust1307,-3.0592783032982096,0.6830199160700055
kinn1249,sino1245,-0.4821590649015855,0.6632245410903845
kiow1266,kiow1265,-3.5172234298156906,5.497760359495989
kips1239,nilo1247,2.2840443243878177,0.8678551238864678
kelo1247,timo1261,-3.480496375847714,3.102721662507239
miju1243,sino1245,-3.751850493160259,0.7340502970123808
kobo1249,nucl1709,-1.8362549041469176,0.3881070121096339
koda1255,drav1251,-2.2360393439989803,0.8971778237116164
koho1244,aust1305,-4.098910363118188,1.251365714350534
koir1240,sino1245,-4.218173962557112,0.6720669854032124
koit1244,koia1260,2.840920588567684,1.8353835820277096
koka1244,pama1250,-2.3814170879980523,1.1353417131527097
koko1269,aust1307,1.3464486547137366,0.4301964945012972
kola1285,aust1307,0.5487623417925911,0.5817153929440124
kolb1240,atla1278,1.3799018037699988,0.4463069314342824
kolc1235,atla1278,-2.249311811056009,0.6015172270928808
kolp1236,kolp1236,-0.9312429658206876,2.540120014192796
kolu1245,aust1307,1.6476327383536966,0.4152825365623585
komb1274,nucl1709,-1.3185997851192544,0.4929505163722734
komc1235,atla1278,-2.091019123555755,0.3655084410381342
komi1270,sino1245,-2.2540891225041064,0.6855399972656766
komi1269,ural1272,-0.923801373465505,1.1873128059223994
komi1268,ural1272,-1.0294448616780527,1.3114219538728076
komo1260,atla1278,-2.916535904914693,0.8176819372970989
kona1242,east2433,-0.4137595951456183,1.6142857328694813
konk1267,indo1319,0.0646229951421772,0.9695468711449502
kony1248,sino1245,-4.101822736586242,0.6881867965492638
konz1239,atla1278,-2.5761924715693776,0.6481031076001322
koon1245,atla1278,-2.397780574308644,0.6330275808383083
koor1239,gong1255,-2.215789698419424,1.0719138723553074
kora1294,nucl1709,-0.8480609458770477,0.540769101014341
kore1280,kore1284,-4.032184623649236,6.2674868620301485
kork1243,aust1305,1.3186070367253913,1.0519649899939072
koro1298,atla1278,-1.1476943478519188,0.6914042181180342
koro1313,sout2948,2.4129113015605173,2.1172938311859166
koro1312,nucl1709,-1.3038529336154705,0.4730353736898429
korr1238,drav1251,-2.186551875478073,0.9444399218087068
kosa1249,nucl1709,-0.7094847121665675,0.4651420877840611
kosr1238,aust1307,0.2793921780148949,0.8923680684475261
kota1263,drav1251,-2.297422672653669,0.8623407342960787
koti1238,atla1278,-4.09809271602976,1.506725728152352
guan1269,tuca1253,-4.55924553245396,2.4202711480815715
kova1243,nucl1709,-1.4307631452948846,0.4629170410258805
kove1237,aust1307,0.9296920228510523,0.3493601144630389
koyr1242,song1307,-2.7401015496494456,2.69119190150148
koyr1240,song1307,-3.140484815065046,2.716597622076942
koys1242,afro1255,1.0526103463814946,0.8094517408553186
kren1239,nucl1710,-3.4614826186159755,2.572657508453317
gbay1288,kres1240,1.4552956822435386,2.115141890157741
ngeq1245,aust1305,-4.047030134192251,1.1339689853136132
kryt1240,nakh1245,-3.2501918613137875,1.1620856111394904
puoc1238,aust1305,-3.6895749168441614,1.0798417570378875
kuan1248,aust1307,0.2241041790368387,0.345304005362788
kuan1247,atla1278,-3.4093619369876675,1.7111976053627045
bayo1255,atla1278,2.037027738879011,0.602377049278398
kuik1246,cari1283,-3.2910330124757903,2.8217419121288287
kuku1280,pama1250,-1.9381848980856613,0.7171544933618712
kuku1273,pama1250,-1.8635625385302887,0.8093866834469239
kulo1237,aust1307,-1.6846268336476826,0.4848652386858827
fait1240,nucl1709,-1.7542064560492523,0.3478550469743311
kulu1253,sino1245,-0.5359630840154807,0.3503612697457097
kuma1280,nucl1709,-1.954734797410456,0.3647613035801047
kumb1268,pama1250,-2.6057636277726512,1.3907698852680523
kumz1235,indo1319,-0.877265447437345,1.2590640944672664
kuna1268,kuna1268,-2.564531916391864,4.115925200231045
kunb1251,gunw1250,-3.1512837155034243,2.812824603525525
kuni1267,kuni1270,-0.2135452055350866,1.264408141861284
kunj1245,pama1250,-2.0313394867248267,0.7973077758139908
kuot1243,kuot1243,-1.253749846544172,2.760604319152192
kurr1243,pama1250,-1.5855778731778258,0.9248082398236672
kurt1248,sino1245,-1.0802624304473265,0.5995235800176744
kusa1251,aust1307,1.510186484647249,0.4241808828026396
kusu1250,kusu1250,0.808650295232642,2.56329490546468
kute1249,kute1249,-3.2275990095857434,4.97717738313362
kute1248,atla1278,0.2916506412670929,0.365262745694638
kuyy1240,aust1305,-3.989680046497496,1.13817945892374
kwai1243,aust1307,1.3199325575823724,0.397110345509299
kwam1252,aust1307,-0.3428839161953281,0.3888077994643293
kwar1239,aust1307,1.318571870241959,0.4060716788739249
kwaz1243,kwaz1243,1.204627100604558,2.831492203739685
kweg1241,surm1244,-1.700939195469891,1.096531154390206
nucl1595,kwer1242,-0.2749872508144442,1.5541954332881485
kwin1241,worr1236,-2.4786552271745594,3.216835944649726
kwom1262,sepi1257,-1.9977852418163875,0.8444065356497852
nucl1593,kwom1263,1.6583709026946645,3.058559669338594
kxoe1243,khoe1240,-4.437263976330523,5.645761385064916
kyer1238,sino1245,-2.4108076518361576,0.4084279169584359
cori1240,atla1278,-0.6018626238873455,0.428179980889384
laal1242,laal1242,0.6881517571312492,2.468369847792154
labe1239,aust1307,0.1650082022342749,0.3580308083386487
labu1248,aust1307,-0.1729490758839249,0.2884581055282336
labu1249,aust1307,-2.7864464361766106,0.6188369708602925
lach1248,taik1256,-5.417292739589412,4.218762769128396
lagw1237,afro1255,0.3127816073534526,0.3959945893293319
zaye1235,sino1245,-4.4832456950146105,1.062039915285112
lahu1253,sino1245,-4.645047855809244,0.9762647899631034
lahu1252,sino1245,-4.676688618735077,0.9955436985628588
laiy1246,aust1307,0.1877851597120559,0.4935191985594755
lakk1252,nakh1245,-3.6837812419209297,1.0687106326203093
lala1268,aust1307,0.6562023505778787,0.4071167064917951
lala1264,atla1278,-4.168922141494124,1.3794705729922985
lama1277,aust1307,0.0623239121034226,0.4220714938251912
lama1288,afro1255,2.092422551657944,0.3462795903333546
lamb1269,indo1319,-0.625573140245334,0.904652642648622
lamb1273,aust1307,2.1704663935750967,0.6718275790204826
lamb1272,atla1278,-3.951198299776742,1.127133250105791
lame1260,aust1307,-0.542636764479056,0.2728573708592527
hela1238,sino1245,-2.3049666121251557,0.3864507351652602
lamk1238,sino1245,-4.237933820348635,0.7207930049318723
lamo1244,aust1307,0.996654792740078,0.3438063723560258
land1256,atla1278,-1.07926582478597,0.6133908152772616
lang1320,atla1278,-3.5648251817326235,0.727527195189448
lang1324,nilo1247,0.5036762556441396,0.836315344419404
laoo1244,taik1256,-5.502314360883741,4.312296335673601
lara1258,lara1258,-2.3001356138422238,3.779217944176022
lard1243,tang1340,-3.17324174812276,3.4848428107656737
lash1243,sino1245,-4.145947275406262,0.7647041443741234
teke1275,atla1278,-2.714528794748363,0.8730412725764287
latv1249,indo1319,-3.642788885638992,1.6395834310111983
lauu1247,aust1307,1.2781360472247392,0.4105843851445883
lave1248,aust1305,-4.130718395777894,1.1187549273063544
lavu1241,lavu1241,-1.631476646647929,3.080738298575728
lazz1240,kart1248,-1.996786862856769,2.755792491316649
lega1250,atla1278,-3.2793037743450286,0.9455180762359712
lega1249,atla1278,-3.386236288714154,1.00716760310719
lele1276,afro1255,-0.4956267392750786,0.4805408446204904
lele1267,aust1307,-0.368498241290196,0.3416216019652101
lele1270,aust1307,0.3624936588137903,0.414156380845629
lemb1266,nucl1709,-1.8102636808585917,0.4219693454568496
leme1238,aust1307,-0.6904060262549327,0.3823322244322007
bela1260,aust1307,-0.3747101277091118,0.5912278153963486
lena1238,aust1307,-0.4354528836348028,0.3962566705968466
lend1245,cent2225,0.4038772310352374,0.6040782215122125
leng1259,aust1307,1.411790513012877,0.4031930678195277
lepc1244,sino1245,-2.8048097014440145,0.4739159808000064
lese1243,cent2225,-1.3493941220455057,0.6748003860059635
leti1246,aust1307,-0.6163068827133156,0.4870131539846074
lewo1242,aust1307,-0.5061549282455382,0.2949743894502621
lewo1244,aust1307,0.0695805913889815,0.4262724638029791
lezg1247,nakh1245,-3.5051395692951104,1.0896096601504954
lian1251,sino1245,-4.073659245062287,0.6723552907089054
libi1244,atla1278,-3.229687943498335,0.6376554951482749
liby1240,afro1255,1.6164211252421987,1.1518836904420835
lihi1237,aust1307,0.2226590950676006,0.3877869926676869
lika1243,atla1278,-2.220954627901555,0.6110711618784084
lill1248,sali1255,1.377975830695295,1.0374124334639916
nucl1327,limi1242,-2.3849923318596327,3.869308956125716
limo1248,aust1307,0.0028446626040823,0.387340011785529
lipo1242,sino1245,-4.303456126978233,0.8779798323648178
lisu1250,sino1245,-3.94261572961529,0.7399877773741927
lith1251,indo1319,-3.379062611935316,1.605740282515983
lito1235,atla1278,-3.0747555855934343,0.6375159013597216
livv1243,ural1272,-2.5590445976276746,1.263957131884072
loba1239,atla1278,-3.1841171296431385,0.6447793147329159
logo1259,cent2225,-1.16878527642575,0.5930238665288776
balo1261,atla1278,-3.053955729264884,0.680126881813294
loka1252,atla1278,-1.4770188773236117,0.4264247735501616
araw1276,araw1281,0.9352437576437151,1.1602200734775057
lolo1259,sino1245,-4.254746370632646,0.8696181354626606
loma1260,mand1469,-2.6590728608746854,2.0973782109858217
lomb1257,indo1319,-2.0385633918969988,1.0227879780054288
chiq1248,chiq1253,1.1164585890346332,2.7778942861645817
acha1249,sino1245,-4.312261087238654,0.816221253479994
long1395,aust1307,1.3241859886862597,0.4232678174212818
loni1238,aust1307,0.5538918950975806,0.414903785863272
lonw1238,aust1307,-0.5179907129091621,0.2544683762438051
lote1237,aust1307,1.0378231215934162,0.3779645120891057
loth1237,sino1245,-3.9997753318007216,0.6597265530314491
lotu1250,aust1307,-2.8098307687473514,0.6100068158035707
louu1245,aust1307,0.5299551704619323,0.4010912265756623
vano1237,aust1307,-0.7425769519113774,0.46494170375375
lowl1260,tequ1244,-4.106693566693037,5.304237937460493
lowl1265,utoa1244,-1.681725005752305,0.9655166441345058
lozi1239,atla1278,-3.9142147651218986,1.475123060581896
luan1263,aust1307,-0.5432782028681449,0.4999972225460016
onto1237,aust1307,0.3391826437663852,0.6138393320520255
lubu1243,aust1307,0.0062617871749266,0.3772201211652071
luch1239,atla1278,-3.771676657186832,1.4658017846551186
ludi1246,ural1272,-2.086349559843236,1.3018508357928047
lugb1240,cent2225,-1.416198323802178,0.620068934395805
lugu1238,atla1278,-3.8988960658513534,0.9535589428799244
lule1254,ural1272,-2.693287759996808,1.640770664886059
lumb1249,atla1278,-2.919603355362939,1.1468009050449457
lumu1239,narr1279,-0.5454249762468271,1.3510715290842352
lund1266,atla1278,-3.970821306182932,1.4058032377234646
lund1271,aust1307,-2.60999294367082,0.633352558743761
luok1236,nilo1247,0.2438086147504612,0.8444625063064715
luse1252,atla1278,-3.357475186525567,0.745524812725991
lusi1240,aust1307,0.8898713319897777,0.3368580071257003
luva1239,atla1278,-3.779286540403775,1.4580360447658371
maan1238,aust1307,-1.7929618115251833,0.8034926823121236
maas1239,atla1278,0.9794841915107596,0.5149136324066586
maba1270,atla1278,-2.9878038488104792,0.64807272980606
maba1277,maba1274,-2.191018499321855,3.13723184050699
mace1250,indo1319,-1.9592941276119664,0.9864869208719664
mach1267,araw1281,3.800668731916909,0.9921081316461128
maco1239,sali1297,0.8181823286282852,2.597744521420881
macu1260,tuca1253,-2.5839518476384824,2.3861929742536017
mada1285,aust1307,-0.0294798993731735,0.3567000779641187
jama1261,araw1282,-2.7460441229055035,3.642404212410427
madn1237,east2374,0.3130639363933132,2.3468415169675803
nucl1460,aust1307,-0.6536166218744266,0.7464688175723158
mafe1237,aust1307,-0.213888820837544,0.285313563307886
maga1260,indo1319,-0.0566118246644784,0.6504588992875036
maga1263,aust1307,-2.433749734458621,0.5012164235102698
magd1235,otom1299,-1.979460637908406,0.359739776898504
magu1243,aust1307,-2.819871356106324,0.5917549236431032
maia1254,nucl1709,-1.6329040253028362,0.3856692433813471
maia1253,nucl1709,-1.5716488409313898,0.3891913598744736
mail1248,mail1249,1.754356666783465,3.1800247990472617
nucl1594,mair1253,-1.037569823115001,2.6291823250156305
mais1250,aust1307,1.2036104678592443,0.401802739119157
mait1250,indo1319,-0.4506172627392639,0.6031669363377841
maja1242,surm1244,0.2857207237932149,1.0456156152703358
maka1311,aust1307,-0.2271998169106344,0.5188412553484163
makc1235,taik1256,-5.08650919590775,4.249388580551036
makh1264,atla1278,-4.322528249639181,1.4570858347732525
makh1266,atla1278,-4.272086506854597,1.428393811259224
mako1251,atla1278,-4.115252917818974,1.3261687710723855
mala1463,drav1251,-4.523046712281575,1.2828345181680545
mala1534,aust1307,0.281497627732868,0.388901617627118
mala1464,drav1251,-4.450777530960345,1.15113047509515
mala1522,chib1249,-2.932931314952582,2.284646053202641
male1284,gong1255,-4.129686509756215,1.0517728767635326
male1289,aust1307,0.7650385251806608,0.3402935426295119
malg1251,afro1255,-0.0348853980951013,0.3978508709734072
mali1284,bain1263,-0.5397308517171266,1.6020818267563666
mali1285,otom1299,0.271115291044369,0.4364613794828891
malt1254,afro1255,-0.7288983641788,1.117592100663673
malu1245,aust1307,-0.1813248829162779,0.2520833849474702
mamm1241,maya1287,0.0522210367378797,0.5790847686241136
sauk1252,nucl1709,-1.9889078097867656,0.3959871823055927
mama1275,aust1307,-2.758948297848876,0.6957618680436655
mamb1306,aust1307,-0.7829229494738077,0.4771580008084424
mamb1294,atla1278,-0.1247961884502344,0.4075373042081569
mamb1296,atla1278,-3.968422886773777,1.1660659086156544
mamv1243,cent2225,-1.313633130286428,0.6136001963819622
mana1295,aust1307,0.6816982011966348,0.3869716481237244
mana1298,nduu1242,-0.6769906213347627,1.0719523690717925
mana1288,sino1245,-2.387529145959455,0.4796188220931849
payn1244,nucl1709,-3.675136168505962,0.3802254143801331
mand1440,aust1307,0.2400673095637988,0.4001782015788944
mand1415,sino1245,-3.680238674964442,2.237340188265448
mand1436,mand1469,-2.7489416491503915,2.20189324707194
mang1378,aust1305,-3.378800264687553,1.0011977578450315
rapa1245,aust1307,-2.609554804187701,2.4183784632162078
mang1401,aust1307,-2.520941164309381,2.4277800189398686
penr1237,aust1307,-2.8994991264664565,2.2820132719193165
mang1381,mang1423,-2.6159843185009444,3.422651133618909
mang1394,cent2225,-1.111402517361447,0.6406912727039371
mang1404,aust1307,-0.1727144797250246,0.2963555532589712
mang1405,aust1307,2.068509309910775,0.5557762969815565
mang1403,aust1307,0.8678731512974198,0.3712174180661325
tong1308,aust1305,-3.5717124430913825,1.2211589541399643
manm1238,aust1305,-3.423161267351009,0.9865916838562816
mann1248,mand1469,-4.651377218637865,2.249639619712017
mans1262,aust1307,-2.453351144069753,0.6860240402388698
mans1260,hata1242,-2.785589810963475,3.394574438211791
manu1258,aust1307,0.1853962770080897,0.499292919640343
maon1241,taik1256,-5.128670070210814,4.258613687836645
maor1246,aust1307,-1.2180335217424254,1.870641424806769
mapo1242,aust1307,-0.1815079011194811,0.2903477634815559
mapu1245,arau1255,0.9474990569242988,2.9838922840769677
mara1382,sino1245,-4.136684162861377,0.902091702318308
mara1399,aust1307,-0.2371829219648549,0.2423321017000237
mara1379,sino1245,-4.270054757713679,0.6589285461058063
mara1404,aust1307,-3.0308740161355803,0.5867636293067653
mara1386,west2434,-0.9946227632096528,1.35616524554037
mara1396,tama1329,-2.2686515827497926,2.961644343979104
mara1378,indo1319,-0.1526999953765404,0.8571311508249968
marg1253,pama1250,-2.3266641020655383,0.9598895505723296
marg1265,afro1255,1.892209467546777,0.3740776334352116
mari1414,drav1251,-3.524827729298735,1.1705298421034105
mari1440,coch1271,-1.8347530029208177,2.260313516757468
mari1428,aust1307,0.6245759632231116,0.3410365810336326
mari1416,sino1245,-4.182348458355947,0.7155704590473686
mari1424,west2434,-0.965315094342254,1.367110919983233
moro1289,moro1289,-1.287939824960499,2.826880641458652
maro1244,aust1307,1.5173249668584234,0.4412440871337839
mara1385,mang1423,-2.72742867611222,3.4629242077393894
mars1254,aust1307,0.5074916298047669,1.2244844148747411
mart1255,pama1250,-1.6478274534623267,0.9872504403027208
maru1249,sino1245,-4.333179069303347,0.8415131326528247
maru1252,pano1259,-4.164169032601833,1.3515608758055322
masa1322,afro1255,0.0176824485060662,0.411656804114985
masb1238,aust1307,-2.8103945236268584,0.6950574155285558
mask1242,aust1307,-0.6689774200778422,0.2487537368432608
matb1237,aust1307,-0.3621163792522517,0.5244548776533531
kemb1249,aust1307,-2.4933135253726304,0.7910859466995541
mati1250,aust1307,-2.7329804281866648,0.6040180113012603
mato1252,aust1307,0.3942467075324476,0.3173669054845298
mats1244,pano1259,-2.1624428778831555,1.352828097586002
matu1261,aust1307,0.6855375407844542,0.3448260262115568
matu1259,atla1278,-3.960762894893719,1.1474763080549666
mauw1238,nucl1709,-1.5390310294787637,0.3942375124321113
maun1240,iwai1246,-2.4580668645493016,3.96719855323444
maxa1247,nucl1710,-3.36546209324305,2.5390439104497835
maya1285,misu1242,-0.8289970711025021,1.3429491903764497
maib1239,mayb1237,-2.7206388992098773,4.108462546426964
mayo1264,utoa1244,-3.900325154754991,1.096084898761582
mayo1261,atla1278,-2.150022079391522,0.5895623311599199
maza1304,afro1255,1.7780771084557605,0.3581492211550046
mbaa1245,atla1278,-2.735773875382949,0.7206377497994554
mban1263,atla1278,-2.813249097082577,0.6532895974837407
mbar1260,afro1255,2.184118277328128,0.4345398052219114
mbay1241,cent2225,1.9858637270977844,0.7501015298795535
mber1257,atla1278,-2.395814143036226,0.8028381217540606
mboc1235,atla1278,-2.2798893763626107,0.442228314070034
mbol1247,atla1278,-3.1542606897152,0.8511793224750424
mbug1242,atla1278,-3.3100998606065537,0.7059256171975816
mbul1263,aust1307,0.6760113358872837,0.3345428953364973
mbya1239,tupi1275,-3.7132599822642502,2.3956108521833714
meen1242,surm1244,0.4996839733242493,1.004428258673551
mehe1243,sepi1257,-0.0719990918478175,0.8107850224971527
saki1248,tupi1275,-0.8029626805384682,1.2137419790639845
meke1243,aust1307,2.390191456044909,0.3999835862730592
melo1242,gong1255,-4.006415984621657,1.0261112791683864
melp1238,nucl1709,-1.967015213825888,0.3938323845132476
mend1268,sepi1257,-2.092116046849087,0.8537283082953806
mend1266,mand1469,-4.636622768982514,2.219478364849852
meng1267,aust1307,0.8907625386673668,0.369512208159275
meny1245,anga1289,0.3778242953827264,1.1582227696601617
mera1242,aust1307,0.6665147268138907,0.3683575157265508
mere1242,aust1307,0.0057773265534866,0.307811507219256
meri1244,east2503,-3.688123395196616,2.498808154887234
meru1245,atla1278,-0.5066411675538098,0.6237744637735574
mesc1238,atha1245,-4.224373198602903,3.593144671069579
meta1238,atla1278,-2.029873681414657,0.3987222118699804
meya1236,east1459,0.0638784628849995,2.2998992728295367
mezo1235,otom1299,0.3729214380755516,0.4219278845829617
mezq1235,otom1299,0.8659032519746725,0.6215796780416456
mian1256,nucl1709,-1.3329817303271227,0.4521020258852548
mich1245,utoa1244,-2.4581712043056085,1.282620573403651
midd1357,pama1250,-2.611333089735965,1.330160236616238
midd1327,aust1307,-0.1081535470780972,0.3190268743284807
miga1249,afro1255,-0.1583824888512031,0.6300888137045506
mika1239,musk1252,-2.662469881149817,3.210088173218294
mikm1235,algi1248,0.1145524985937951,1.8526390022956365
mila1245,sino1245,-3.8231403458033606,0.7405163139266904
mina1276,afro1255,0.0349483815531477,0.338152958605697
mina1268,aust1307,-2.0553975865803373,0.9334320866261044
mini1256,huit1251,-1.988082840747907,2.600756842933916
mini1251,aust1307,0.3689902152640121,0.3473899638255382
minn1241,sino1245,-3.958491812568434,1.3547616647521703
miri1266,jarr1235,-2.116262483794488,3.690600043307812
misi1243,aust1307,1.4308489515616525,0.6066019566064194
misk1235,misu1242,-0.5018460055866267,1.4297652949773143
mixt1426,otom1299,-1.6433441385000158,0.4413653487425311
miya1266,afro1255,0.0141282537998814,0.4326160003143595
miya1259,japo1237,-4.465629750352545,4.198124908234456
lush1249,sino1245,-4.027553998442991,0.8625725152345529
mlab1235,aust1305,-3.4052176510418954,1.061449488810415
moba1244,atla1278,-0.9623331879003544,0.5531984499944507
moch1257,maya1287,0.0411846564741524,0.5651735332393297
moco1246,guai1249,-3.745609082895797,3.672938959262909
mode1248,indo1319,-1.4902758449198843,1.1249905420265571
hebr1245,afro1255,0.5074683714954888,0.8483441705185566
moha1258,iroq1247,-3.737808239632809,4.329439708537944
moii1235,west1493,-2.9775538220429807,4.349813360428469
moke1242,aust1307,-2.7978847212918656,1.3116421575880146
moki1238,aust1307,0.0013116550984051,0.7907247656816523
mokl1243,aust1307,-2.9087865227914715,1.2311986392019456
mokp1239,atla1278,-2.218889942918067,0.521968201078657
moks1248,ural1272,-0.1976732572537791,1.0506784392499453
molo1266,afro1255,0.230631242931429,0.3319666065527311
nucl1452,momb1255,-1.201678250276086,2.784506752465857
fass1245,baib1250,-0.6723935317812395,2.404269429771769
mong1338,atla1278,-3.4220728031075627,0.9145091498551778
mono1273,aust1307,1.2156120789100409,0.4490131601248759
mono1270,atla1278,-2.5062936145806023,0.6496338283570697
mono1275,utoa1244,-2.8662272476965747,1.229093407284842
nucl1458,monu1249,0.3475956689115653,2.2972154541072944
mopa1243,maya1287,0.6843848755095054,0.714786433138622
more1259,utoa1244,-4.658492230305516,1.0434107488664868
mori1269,aust1307,0.887200116278378,0.482941559881306
mori1268,aust1307,-0.9157397360568028,0.4868675173965986
morm1235,aust1307,0.7175846311129797,0.4662759494737756
mort1237,aust1307,0.790247858052076,0.819171078314489
mose1249,mose1249,1.377836683787756,2.9666278397608066
temb1272,atla1278,-3.182127594202173,0.6463868771770542
motu1246,aust1307,1.0442607184558832,0.4127202971015791
mouk1239,aust1307,0.959937633190751,0.336899816147481
moun1252,koia1260,2.9639610448508744,1.8032991833403704
movi1243,movi1243,1.5106637214165135,3.0422339788103345
tang1347,aust1307,-0.0653100435709248,0.2776701326253086
moyo1238,sino1245,-4.232684117546783,0.6995566285175183
mpad1242,afro1255,0.0186523580675204,0.4642919477044689
mpii1239,sino1245,-4.325625268676728,1.2017270131324187
mpot1240,atla1278,-4.203962286933163,1.2315457383992392
mpur1239,mpur1239,-1.3140084943465555,2.8434471511159973
mual1241,aust1307,-2.3575706603378506,0.8072040061451542
mudu1242,aust1307,2.489049312528649,0.4134125431685191
mudu1239,drav1251,-2.295269381893343,0.8872655760377741
mull1237,nort1547,0.3660827336118717,2.356709714144433
nucl1240,atla1278,-0.5292632885917987,0.3966323172967492
muna1247,aust1307,-0.0641686445888609,0.483570601681345
munc1235,sino1245,-2.386948059668638,1.0298454694474746
mund1328,atla1278,-2.006155098295539,0.3611087635530872
mund1325,atla1278,1.985220469963234,0.4266561988881623
mund1320,aust1305,0.9543339591807952,0.7036380513866591
mund1326,atla1278,-2.1907127183992405,0.6341140761758899
mund1330,tupi1275,-2.9673049649771928,1.759319514483293
abar1238,atla1278,-2.009987029137117,0.3609936626760657
murl1244,surm1244,0.5981835340137067,1.0090147121246966
murr1258,sout2772,0.4373388248491054,2.3893938074258543
muru1274,huit1251,-1.9687639876857512,2.608242552587564
muru1266,pama1250,-0.6463901609489442,0.9379704698852712
musg1254,afro1255,0.2397252569060675,0.3855242685625182
muso1238,aust1307,-0.1168886405949889,0.2892933346092956
muss1246,aust1307,0.4779164785317928,0.5387298643494844
muth1236,drav1251,-2.386577777010651,0.986073125088442
muyu1244,aust1307,3.4906311297074035,0.5890608590621014
mwag1236,afro1255,-0.414157509362306,0.4338600263631065
mwan1250,mand1469,-4.278942931353545,2.2001216044892065
mwan1247,atla1278,-4.07426864898431,1.4283310434109708
mwer1248,atla1278,-4.003068616552636,1.2218729534269943
motl1237,aust1307,-0.6830575162948898,0.4122542676627994
naas1242,sout2948,2.3111580116891326,2.100775478077626
naba1256,nucl1709,-2.0516489058765672,0.4037865995178666
sout2857,aust1307,-0.5405579140313233,0.2586751821197008
naka1262,aust1307,0.8966950258524204,0.3737997803041057
nalc1240,nucl1709,-2.869336868357012,0.4754563969711896
nali1244,aust1307,2.096862841654955,0.3959062069865613
litz1237,aust1307,-0.3090059691442373,0.242644077591402
nama1266,more1255,-2.3220062271545414,1.8396117760633333
namb1293,more1255,-2.383275600697873,1.8525523635468517
nami1256,sepi1257,-1.6992129217943206,0.8528562675624336
namu1246,sino1245,-3.6169218238206775,0.7890662479766739
nana1257,tung1282,-3.568281263051955,3.1819165734554837
nand1266,nilo1247,0.4405326258101092,0.7436244639719858
nang1262,aust1307,1.7100727646630394,0.5288939223853593
nara1262,nara1262,-1.266153918154799,2.8878155422868046
naro1251,aust1307,-2.489424602313069,0.67091035889535
yong1270,sino1245,-3.78452847257094,0.7780127904798535
naru1238,pama1250,-0.6915071181077261,1.244122839092305
nati1244,aust1307,-0.4989023730374553,0.2627952915033855
nati1243,atla1278,-1.4580952213524745,0.5444265192574216
natu1246,aust1307,1.726236123283151,0.5327050313532293
naue1237,aust1307,-0.6946793739856068,0.4918631100769879
naur1243,aust1307,-0.3114413767469171,0.99824568781448
nava1243,atha1245,-3.803604606461725,3.360241827580161
nawu1242,atla1278,-1.0500056353774485,0.4827256350732227
naxi1245,sino1245,-3.894642706295528,0.7566636479693702
ncan1245,atla1278,-2.020045683330041,0.3672740903741118
ndam1239,atla1278,-4.046213252436749,1.0366810266955315
nden1248,atla1278,-3.878470961602457,1.0765099688171684
ndob1238,atla1278,-3.158311862444492,0.6642994703323657
ndog1248,atla1278,-1.9986948913986968,0.7656388382466499
ndun1249,atla1278,-1.0826193445295549,0.6171275339565403
nege1240,aust1307,-2.18716590886656,0.958258115421307
negi1245,tung1282,-3.571322357436153,3.166285054330139
neha1247,aust1307,2.311797185278441,0.4721148502797749
kuma1276,aust1307,0.3793418847286642,0.4720467038844749
nenn1238,more1255,-2.397380264618487,1.858260465800658
nend1239,nucl1709,-1.6818371694196106,0.3675775528414728
neng1238,aust1307,-0.2036474474518637,0.5040704882129052
nucl1706,afro1255,0.2642412465296999,0.8720943922972069
nepa1254,indo1319,-0.3721229989498451,0.6149205091415482
nese1235,aust1307,-0.1752050773237612,0.251352544879877
vinm1237,aust1307,1.5174308852429972,0.2561399479612767
ling1265,aust1307,-0.3755515661861328,0.2404404113017939
nezp1238,saha1239,-3.1488609656755524,3.9856902684130047
ngaa1240,pama1250,-1.6626207065602536,1.1380681796686156
ngab1239,chib1249,-5.0349523548361415,2.520072272757373
ngal1292,gunw1250,-3.0139662351917047,2.818101667824804
ngam1268,cent2225,2.2225990411524688,0.7163570118608353
ngan1291,ural1272,1.2311941846921517,1.60915453707985
ngan1295,gunw1250,-3.030788718616354,2.790338828722602
ngar1235,pama1250,0.9025520040154372,0.8307991412897975
ngar1283,mirn1241,-3.013202826187223,2.9902837419378754
ngas1240,afro1255,-0.6400306728159229,0.4226438859732457
ngba1284,atla1278,-2.5936009228161336,0.6543954363061015
ngba1285,atla1278,-3.0222698687090093,0.6323098891924328
ngge1241,nucl1709,-0.9589073208290536,0.5025941318932947
ngit1239,cent2225,-1.6769696153516815,0.6471880873008988
wang1291,pama1250,-2.651884874348206,1.1367676120846877
ngom1268,atla1278,-1.3530905460811091,0.6421317093362724
ngul1236,aust1307,0.4838688416718324,0.8847165874996836
nhan1238,pama1250,-1.0335219249692074,1.3235018407583017
nhen1239,tupi1275,-3.6294327977005567,1.6759891608131872
nias1242,aust1307,-2.303419317807828,0.9727502409085816
niha1238,niha1238,-2.58104339168054,4.285948887775447
nila1242,atla1278,-3.404166804239478,0.7660540502830795
nucl1633,nimb1257,1.7781150386989513,3.1930452872156003
labo1244,aust1307,-0.4961656226913153,0.261536351305299
nisg1240,tsim1258,0.2850748987450719,2.5133077900119973
niua1240,aust1307,-2.8900483087424944,1.917545512866135
niue1239,aust1307,-2.93142780496596,2.026143795637645
niva1238,mata1289,-1.5415167595367962,3.243979016617144
njan1240,atla1278,-1.9201283038406656,0.4139347883737549
nkon1248,atla1278,-1.009076320888202,0.4441677640577506
noct1238,sino1245,-4.017812125197503,0.7039340657788014
noku1237,aust1307,0.0562264024696204,0.3468858016183063
noma1260,atla1278,-2.3952018382122446,0.4722828059793791
noma1263,araw1281,1.719793902988464,0.8998302035985759
noon1242,atla1278,0.1927994831442068,0.7828680161648389
noon1243,atla1278,-2.0622649268882127,0.3710483585410848
nopa1235,otom1299,-0.0094861944125295,0.3762525152417364
nort2839,aust1307,-0.5994623704158673,0.2748998957741708
nort2697,turk1311,-2.709766507997613,2.3065941149413964
darg1241,nakh1245,-1.7599838313454002,1.0475085116186031
nort2930,kiwa1251,-3.316098676609487,2.840461976953616
nort2724,sino1245,-4.014262793717416,0.7601919437548599
nort2972,choc1280,-0.2908286366445178,1.1320464781784638
nort2702,drav1251,-1.9073915180100969,1.0197225352069887
gumu1244,gumu1250,-3.073021585831506,3.857925962340152
nort2938,haid1248,-1.3306319626942238,2.879563309869475
sing1264,sino1245,-3.9669748756225136,0.7029367264136139
nort2877,aust1307,-2.197204589939524,0.3926725507339039
nort2684,aust1305,-3.899710958137116,1.15750630439436
lush1252,sali1255,1.487776110040168,0.9907974335793224
nort2774,atla1278,-2.7370162459517413,0.6292003459280782
nort2954,utoa1244,-2.934385376973625,1.3606820849669896
nort2957,utoa1244,-2.6279892051322724,1.007186786261812
nort2723,sino1245,-3.6499168002283695,0.7672274786412938
nort2747,hmon1336,-4.755819279446946,4.598137176557279
nort2722,sino1245,-0.7635473613245438,0.6939726975402447
nort2994,aust1307,-3.3875631280280865,1.1732546971202895
nort2885,aust1307,-3.1159699835118446,0.5828496666954006
nort2959,utoa1244,-1.931615202306336,1.0086299491440505
tosk1239,indo1319,-1.7893358596083009,0.9720000228490236
nort2732,sino1245,-3.8970094101293378,1.4308002139592757
nort2690,turk1311,-3.5258689948948936,3.024248647908161
yoku1256,yoku1255,-2.583414701483208,4.33301698999363
nort2745,yuka1259,-2.0629576743170026,4.3838458159888045
nort3047,afro1255,2.1234225629985,0.3533054537985016
nort2980,quec1387,2.610311381249102,1.9067960961108692
nort3139,afro1255,0.6767969616105312,0.8143744930976853
nort2845,aust1307,-2.462341838962825,2.4118765074805
nort2671,ural1272,-2.490200908036528,1.6588144960850535
nort2942,atha1245,-3.693248172801415,3.831804847648504
nort2847,aust1307,-0.480082479539285,0.3787481261058456
nort2961,algi1248,-1.3804599348390931,1.3913864341278943
nort2775,atla1278,-1.8566500232450749,0.5898989687212861
nort2951,maid1262,-1.3146469008085413,3.021130931764856
yaki1237,saha1239,-2.7605875434209866,3.978785791946816
nsen1242,atla1278,-4.232546902911028,1.4748363917794969
nuer1246,nilo1247,2.4047398237048654,1.1294363743912008
nugu1242,atla1278,-2.418533904075272,0.4726009459306954
nukn1238,nucl1709,-1.8476841779044904,0.3976623956062646
nuku1260,aust1307,0.0612199612191859,0.7834397032341265
nung1282,sino1245,-1.843182717413496,0.7075727462948453
nupe1254,atla1278,-0.4604743788506917,0.4928576657245891
nusu1239,sino1245,-3.993701164293138,0.7410097808959621
nuuc1236,waka1280,1.7498427898166735,2.554071011174238
nyah1249,aust1305,-4.058555498973928,1.1257813668693837
nyah1250,aust1305,-3.586322078810674,1.1668303346647253
nyak1260,atla1278,-4.104568453059723,1.134025364872392
nyal1250,atla1278,-0.331254740089272,0.5666807386821695
nyam1285,afro1255,-0.566773006564723,0.4151849045586893
nyan1307,atla1278,-2.6832375354435247,0.6872681220553165
nyat1246,atla1278,-3.561626884773765,0.7858077569378841
nyaw1247,pama1250,-2.050474921300693,0.9024120258364752
nyig1240,nyul1248,3.1648808712103724,2.0922174584860453
nyis1236,sino1245,-1.842480195955921,0.6533136091828506
nyor1246,atla1278,-2.4278281414699228,0.6266742492411712
nzak1246,atla1278,0.8155989336646106,0.4994654972673267
nzak1247,atla1278,-0.1803876005572351,0.6125658774065563
obok1239,lake1255,-1.8813106941742388,3.296911949403258
obom1235,aust1307,-2.48417450031367,0.5877268789817833
occi1239,indo1319,-1.6673777274112958,1.0161163083065643
ocot1244,otom1299,0.4344613650349935,0.344804463773519
oriy1255,indo1319,-0.526098056438414,0.809935890055411
ofay1240,nucl1710,-1.700048502337554,1.7739404616675003
kalm1243,mong1349,-4.103113891022848,4.021726018255324
okan1243,sali1255,0.7494779346026728,0.91299079197543
okin1246,japo1237,-4.156460230660995,4.443141795279585
okoe1238,atla1278,-0.7877900253178516,0.4244317029195432
oksa1245,nucl1709,-1.6271548920632728,0.4561943113412443
oloo1241,nucl1708,1.2557457266923913,0.8802178204339128
olut1240,mixe1284,-2.7645880505873963,2.978837330916777
omah1247,siou1252,-2.402921319909213,3.136683586961187
omie1241,koia1260,3.1803556644756616,1.8130035749449824
onge1236,jara1244,-4.674667924034607,5.997592148313717
bira1253,bira1253,-0.3464713269934023,2.3376237724279454
onon1246,iroq1247,-3.849264727993969,4.2336364205451815
orma1241,afro1255,-1.0020938939643296,0.7201409700779582
oroc1248,tung1282,-3.563122394474699,3.126497685555922
oroh1237,aust1307,1.1144819572699398,0.4302579710758127
orok1265,tung1282,-3.3879393649091925,3.3546526678269704
orok1269,nucl1709,-1.2476552023304626,0.5129053288432122
orok1267,nucl1580,0.658338983605883,1.799587448082698
orow1242,aust1307,0.0075302464711053,0.4461576612695612
orya1242,toro1256,1.7877073575093272,3.20228947335945
osam1235,atla1278,-2.6363889172974173,0.7994188329965546
otor1240,heib1242,-1.4354727828047824,2.752491073443446
otta1242,algi1248,-1.573083672893649,1.5406227859847323
owaa1237,aust1307,0.3644779745269004,0.5276240010609126
paaa1242,afro1255,-0.342963978299426,0.4638496936678766
paas1238,atla1278,-0.9364575250792396,0.4697409576881544
paco1243,aust1305,-4.101736270153125,1.153706611059567
pagi1243,atla1278,-2.9186509442245185,0.6476543693768901
pagu1249,nort2923,-4.102111339620548,3.4787195330133898
pahn1237,hmon1336,-5.307212349325315,4.568003066778775
pait1244,sino1245,-4.181103357135401,0.7287395805240582
paiw1248,aust1307,0.4824938037641173,0.4778498436530736
pala1344,aust1307,1.408335762734127,0.9075507504942896
pali1279,araw1281,0.3963996985278384,1.3176145390534426
balu1257,aust1307,0.5138063232821932,0.4200268094905972
pamb1243,atla1278,0.2563954480484107,0.5391249321301297
pamo1252,aust1307,-1.4978220592801648,0.4917719933319073
pamp1243,aust1307,-2.4795850563922244,0.5356787292263636
pana1305,utoa1244,-2.885696218978276,1.1281330450479432
pana1307,nucl1710,-2.508794743959311,1.602178449050613
enap1235,cari1283,-4.481699644610025,2.783630716674077
pang1290,aust1307,-2.3882381406507966,0.4625767751938561
pang1291,aust1307,-3.1116772072129817,0.6689898929735234
pang1287,atla1278,-4.086578419665001,1.141635806839222
pano1254,pano1259,-4.137730600603589,1.2952003737973428
pany1241,pama1250,-1.4587629477701087,0.9361988478181802
papa1238,toto1251,-3.00592683303508,2.664640527838263
papa1265,aust1307,0.8010458729541399,0.4326769685721814
papa1268,aust1307,-2.6332271518319583,0.6000058545718989
para1302,sino1245,-4.175267925929311,0.6927502099135605
pare1272,araw1281,1.721274232172091,1.0791647128523412
pate1247,aust1307,-0.1271918641183691,0.3079258147003632
patp1243,aust1307,0.0657949518349187,0.360511009335184
patt1248,sino1245,-0.8045182525046374,0.7521956066956008
paul1238,aust1307,0.0761993114090531,0.4813053936298441
paun1241,araw1281,1.922643609391604,0.902390681015662
pawa1255,pawa1255,-1.2313636521015008,2.7177451627873914
pawn1254,cadd1255,-3.5589472857540354,5.571785029269989
pech1241,chib1249,-2.867184115708453,2.4958147797441512
peer1241,atla1278,1.1079256670648605,0.4189355478980978
pela1242,sino1245,-4.414443115043844,0.8322163013187147
pele1245,pele1245,0.5052732687573749,2.3516856360046487
pemo1248,cari1283,-2.5594941483207823,2.491553311498418
pend1242,aust1307,-0.1051008120222822,0.5381289591205896
peng1244,drav1251,-1.889180128042463,1.066990125918137
peri1253,mong1349,-4.689363190856783,4.112102239220195
phak1238,taik1256,-4.680108884629751,4.249892714499084
phom1236,sino1245,-4.059392168065624,0.6778411059332292
phon1246,aust1305,-3.614972022696789,1.086976222618338
pila1245,guai1249,-1.7308162186110287,3.257141645957584
pima1248,utoa1244,-3.861874948424154,1.0382611325082207
pina1252,piaw1238,-1.6071711939910962,2.1708759279927747
ping1243,aust1307,-0.0202453242759221,0.7718722717665321
pint1250,pama1250,-1.6745647437885711,0.9478237889599112
pipi1250,utoa1244,-2.0162898554491777,1.4054747727093204
pite1240,ural1272,-2.4507074808765834,1.5952946764599272
plai1258,algi1248,-1.2985325633038858,1.3454222933001727
plat1254,aust1307,-0.0809483559607722,1.1811592976749434
pnar1238,aust1305,-2.6828722991931,0.9392271370886744
pohn1238,aust1307,0.3316448019716107,0.7953495871303371
poko1263,nilo1247,2.34046658402154,0.8461687820898245
poli1260,indo1319,-2.8360595095284764,1.4347825423040383
popt1235,maya1287,-2.0557729742929087,0.5351458530618043
port1285,aust1307,-0.6576440220325885,0.2469689127204155
port1283,indo1319,0.0999570489492738,1.0855636139453404
phai1238,aust1305,-3.4248788183330805,1.0486319376244824
pras1239,indo1319,-1.168639343708159,1.074992406423437
psik1239,afro1255,-0.0861746056905103,0.3294799635655234
puka1242,aust1307,-3.078068203056207,2.0994286227343144
pula1262,atla1278,1.243859355700656,0.6996614856529337
pulu1242,aust1307,1.3848729044718353,0.9105935421299448
puma1239,sino1245,-0.4848693038075318,0.3229128457079717
pume1238,pume1238,0.8284394511468953,2.642375513876304
pura1257,pura1257,0.1549305681785466,2.26936303283348
pure1242,tara1323,0.3629547041703858,2.457235576288725
puri1258,sino1245,-0.9656367232336456,0.8401527075077002
puyu1239,aust1307,-1.4289126097314084,0.4777356583554368
qanj1241,maya1287,-1.921358522150563,0.5804088439286774
qaqe1238,bain1263,-0.5089462183914737,1.5984319608701156
qawa1238,kawe1237,-3.1984573395952265,5.952445997077104
qima1242,afro1255,0.0192464147847672,0.6645688771256841
quer1236,otom1299,0.909001706373982,0.6576801533590029
quio1240,otom1299,0.2964594224993186,0.3931231322620245
rabh1238,sino1245,-3.499805415146041,0.6437817818723701
rade1240,aust1307,-3.40907521737697,1.15281697088556
raji1240,sino1245,-0.3259420143230094,0.5450883977452436
ramo1244,aust1307,0.271645527378813,0.3471397310235016
rapa1244,aust1307,-1.8268285972435867,2.406920376960561
rapo1238,nort2933,-1.4561547262512553,2.053183156657104
rata1244,aust1307,0.4925744379911456,0.6460984226349469
raut1239,sino1245,-0.5917495300623201,0.5441862500900889
rawa1267,nucl1709,-1.6550385818046407,0.3539753299564783
reja1241,aust1307,-2.6291615677520257,0.7308370028146243
remb1250,aust1307,-0.1947463725243121,0.4752293666691809
reng1252,aust1305,-4.184826776957447,1.1622827742620103
renn1242,aust1307,0.7830759244406775,0.5889006484032864
rere1240,aust1307,-0.5011797531707272,0.2508786030388563
resi1247,araw1281,0.5682062998363087,0.821544651094877
reye1240,pano1259,-1.467891255873694,1.1603584841332903
rian1263,kolo1268,-2.508964811814604,3.963813498062656
rikb1245,nucl1710,-0.93671537183637,1.36838736538055
rita1239,pama1250,0.3291436570278931,0.7589938759573771
beka1241,aust1307,-0.4980012551233627,0.7841322206286376
roma1326,indo1319,-2.0740363834407143,1.0539065603445277
romb1245,aust1307,-2.813883176073681,0.665816791673052
ronn1241,afro1255,1.5869087074594166,0.4408654690050522
rong1266,sino1245,-4.111226809814813,0.6703978160543942
rong1264,sino1245,-0.7305692891057285,0.627302322915325
roto1249,nort2933,-1.3488384956430222,2.0422767539329403
rotu1241,aust1307,-0.599853102633253,0.997510934284394
rovi1238,aust1307,1.4818910045204832,0.4323312247599613
ruch1235,aust1305,-3.3484059630827696,1.0252683845572594
ruka1240,aust1307,0.5216514963522059,0.4718470437008655
ruma1248,aust1305,-3.22157121999957,1.041556088060938
rumu1243,tura1263,-2.534115978640321,3.850612784073156
rung1258,maba1274,-2.6303545406381,3.177798742739609
rung1259,aust1307,-2.8058037943629333,0.6326303496195056
russ1264,mong1349,-2.5876430614619337,3.881295337491092
russ1263,indo1319,-2.461037211740833,1.766237653740533
saaa1241,aust1307,-0.6236829584583812,0.2781048904480823
saaa1240,aust1307,1.1199347828878363,0.4357151983163962
saam1283,atla1278,-2.2830022807673966,0.6549195065389677
saar1237,aust1307,0.4457219480296777,0.4607778247972511
saba1267,aust1307,-2.6951494334902697,0.6030166214758985
saba1268,namb1299,-3.245869613947425,2.7829205678505184
safw1238,atla1278,-3.878862301985088,1.0594417598462895
saga1262,atla1278,-3.3692718349584494,0.8045032557862157
sais1237,aust1307,-1.8653835537935004,0.5924403337135242
yaku1245,turk1311,-4.198638697566903,4.210093638103651
tsis1238,atla1278,-0.2401211008642909,0.5297535372520805
salt1242,nucl1709,-1.870752470968503,0.3770702593080077
samb1311,atla1278,1.085101262785373,0.4028751475835737
samo1303,east2433,-0.755577124335892,1.631367919964422
samo1305,aust1307,-2.9261784599500684,1.9121684400107544
sana1295,afro1255,0.3254809723477248,1.1145220043797384
sanb1241,otom1299,0.3513864780232665,0.3782670238990224
sanb1242,chib1249,-4.877996325107266,2.3308198514600296
sand1278,huav1256,-2.29177555799886,3.9182814079713006
sang1331,atla1278,-3.992143596311439,1.3200735522434377
sang1321,sino1245,-4.343598256643631,0.6712344733502027
sang1330,atla1278,-4.068161435391438,1.040016509833138
sani1269,sino1245,-4.500592956192618,1.025609717004606
sanm1301,otom1299,-1.5876956070777424,0.4872590375603352
sanm1289,quec1387,2.5994574445053638,1.9669725728451128
sanm1295,otom1299,-0.0436622901347951,0.3479747603937166
sant1410,aust1305,0.5591760146220865,0.7141508982471851
sant1451,otom1299,0.4828723660114087,0.4655632173211081
sant1436,otom1299,-0.0645147104146786,0.3602571157706062
sanu1240,yano1268,-3.758636586850544,3.472199230064394
sapo1253,aust1307,2.576228194990238,0.4372480060955279
sapu1248,aust1305,-4.11766379065877,1.1212559884091178
sara1327,aust1307,-2.309712370397234,0.6637055860202361
sars1236,atha1245,-4.273043881533146,3.389057808371861
sasa1249,aust1307,2.1168836983410886,0.7742416283193734
sata1237,aust1307,1.4657531571018212,0.9150595663905738
saur1249,drav1251,-1.8540880228929864,1.2735437565735328
savo1255,savo1255,-1.6709989234921636,3.106096890469054
seda1262,aust1305,-4.13372204594213,1.1712351982713125
taro1264,aust1307,0.3418568759460245,0.4995079261084196
seim1238,aust1307,0.6174572374675749,0.5548504575424147
seke1241,aust1307,-0.5638001506545094,0.289236487205903
sela1259,aust1307,-0.3555292897658164,0.6607971905221097
sela1260,aust1307,0.0194878121889909,0.4920836527880201
sele1249,atla1278,-0.7603985981689458,0.4359223079198742
sele1250,nucl1709,-1.7899774494619405,0.4203341005082741
selk1253,ural1272,0.874549580483154,1.4680866382644062
sema1266,aust1305,-3.284260040034831,1.1593977121172383
sema1265,aust1305,-3.250650502787336,1.199378747668149
seme1247,aust1305,-2.8848927536534745,1.205626782131629
sene1264,iroq1247,-3.9104669109395633,4.194832358504955
seng1281,aust1307,0.9362036986332868,0.3676365701765522
nucl1632,sent1261,1.7431739424648138,3.160782989502537
sout1528,indo1319,-1.9875175164712813,1.0266054358065224
seri1257,seri1257,-1.7776394127777024,3.541552138414908
seve1240,algi1248,-1.4046065394359666,1.440635691598363
sgaw1245,sino1245,-4.4768079191932495,1.2368805126754747
shab1252,shab1252,-1.7704472394253403,3.238948834459099
sham1280,atla1278,-3.5549553490571952,0.831173370107706
shan1283,pano1259,-4.100382343094114,1.3095117727872818
shaw1249,algi1248,-1.607639366505291,1.6356634156062473
shee1238,hmon1336,-4.966320903530898,4.606439851663208
shek1245,dizo1235,0.2634663007967526,1.7985298752496464
biao1253,taik1256,-5.107574812562326,4.401170920598517
shil1265,nilo1247,2.519314613185638,1.201516444803696
ship1254,pano1259,-4.136252919474595,1.3940757823949506
shix1238,sino1245,-3.6296136213707886,0.7608018629293172
shol1240,drav1251,-2.309229144312672,0.8756333959803122
shon1251,atla1278,-4.169849482554646,1.5170269353638837
shor1247,turk1311,-3.4432381632412685,3.34007723419566
shos1248,utoa1244,-3.0435502993632046,1.374519395843457
shua1257,jiva1245,2.0404237361443327,1.8614791069919117
shwe1236,aust1305,-3.324567990034053,1.0390834531976028
siam1242,siam1242,-2.39273095269229,3.889187095781544
siar1238,aust1307,0.214616994943356,0.3769219396312468
siaw1243,amto1249,-0.8277679051476533,2.471561600253276
sich1238,sino1245,-3.72734540335018,0.8158380102180756
sici1248,indo1319,-1.309882911610739,1.0161831940107753
sici1249,atla1278,-1.622278269092115,0.5593312006474216
sida1246,afro1255,-0.1981202289981434,0.5216364166640464
siee1239,aust1307,-0.1558329204487467,0.3812800077485097
sier1250,otom1299,0.486405584036182,0.3670569703518573
sier1248,utoa1244,-2.799990116936791,1.0587519367222296
sika1261,aust1307,0.3746747789430151,0.5588250180724872
siks1238,algi1248,-1.17876959746373,1.2852185463405403
siku1242,aust1307,-2.452847108313013,1.0743230847242842
simb1256,aust1307,1.5085394215219758,0.4587263629847147
sina1266,aust1307,1.0335051666233537,0.4189284729098563
sini1242,mand1469,-3.593044829450964,2.36028891603911
sioo1240,aust1307,0.4381989529289174,0.3192655350977311
siri1274,tuca1253,-2.592209870548853,2.323239493691868
siri1273,tupi1275,-2.740230997368101,1.2859729288036483
siro1249,nucl1709,-1.4840440098069585,0.3600576818387058
sile1255,nucl1709,-1.710731608788853,0.3618871382378312
sisi1250,aust1307,2.930771196897286,0.4795262341574346
situ1238,sino1245,-0.938701976982976,0.6309416880538858
siwa1245,sout2948,2.3895564568507486,2.119901339705799
siwi1239,afro1255,1.1029707355714242,1.1325486068538382
siwu1238,atla1278,-0.75524212035802,0.4348968230315293
skol1241,ural1272,-2.612094681069055,1.6798927320819956
slov1268,indo1319,-2.061459368089024,1.0847752718202894
sooo1254,aust1305,-3.8059991137595386,1.1102562226333514
sobe1238,aust1307,1.159262352779299,0.5338487409633341
soch1239,otom1299,-1.6594082629211266,0.4305004942353623
soga1242,atla1278,-2.0551782837039605,0.6470984585837947
soma1255,afro1255,-0.9434211516371942,1.0471889576280002
soni1259,mand1469,-3.488377165073449,2.31836382963856
sons1242,aust1307,-0.5234881941891163,0.8193555492648565
sora1254,aust1305,0.5412207562956513,0.6243067879001476
koon1244,atla1278,-3.3315416483130424,1.1996118152955315
sout2859,aust1307,-0.5214905104425736,0.2707363414520536
sout2976,utoa1244,-2.335936843964068,1.0897966465716102
sout2856,aust1307,-0.3861308976217223,0.3507647886505776
sout2954,japo1237,-4.150930951473527,4.538192803892547
sout2996,ayma1253,2.018529508290075,2.3110875833338342
sout2730,sino1245,-4.261304923382027,0.8308544392114019
raro1241,aust1307,-2.8320931009880708,2.255396662383178
sout2741,taik1256,-5.026269551575519,4.308095719187161
sout2715,sino1245,-2.2651136109416807,0.4152223649566409
sout2826,krua1234,-2.937750798105884,4.744213798375748
sout3236,gumu1250,-3.184862884986142,3.834135920892676
sout2956,haid1248,-3.3148033043721785,2.9476603056265853
kach1280,sino1245,-4.290561986977071,0.7739339283717737
sout2949,kiwa1251,-1.455623027269337,2.70436130436007
sout2994,namb1299,-1.3263473421412837,2.6803511424985578
sout2649,indo1319,-1.1122828931255813,1.200255756061412
sout2729,sino1245,-3.765172445800983,0.7718981239681852
sout2728,sino1245,-1.0657261581290802,0.6920404225875778
sout2918,aust1307,-2.831159529405582,0.6868688892410519
sout2985,miwo1274,1.5241570214542248,2.2550662248554554
sout2807,atla1278,-3.7966267104018274,1.8167289428605828
khan1277,sino1245,-4.205339457606147,0.6624426705989306
sout2679,ural1272,-2.3639621201375185,1.2744355618535836
sout2782,atla1278,-0.2318664041747462,0.4185157198117242
sout2895,aust1307,0.2571270609931755,0.4707787302317765
sout2674,ural1272,-2.3273832452818133,1.7855423210119188
sout2959,atha1245,-3.9612405350625273,3.796400114699475
para1301,aust1305,-3.398015815729933,1.0161149293664522
sout3261,nakh1245,-1.6693227449096395,1.032156121017367
sout2869,aust1307,-0.3578899884384503,0.3829616708236685
stan1318,afro1255,0.9718141737752576,0.9855329559558506
indo1316,aust1307,-0.6497638619289856,0.8049468654628624
stan1306,aust1307,-2.4342652693039764,0.962740590853727
horp1239,sino1245,-0.8958137877650393,0.6411424296753765
suab1238,sout3418,-1.4020320118227678,2.9069818832962984
suba1238,atla1278,-2.4367945662515416,0.6444255207159078
sude1239,aust1307,1.0702164443658524,0.6750250056762086
suen1241,nucl1709,-1.7418544885735483,0.483731763274589
suku1259,atla1278,-3.466716621378336,1.1883315885736483
suku1261,atla1278,-3.034142641923925,0.7751442875248253
suku1272,afro1255,0.0695323616373762,0.3366279951855002
sulk1246,sulk1246,-2.2283822154095416,3.583704848075982
sumi1235,sino1245,-4.100902334232935,0.6652747732941799
sund1252,aust1307,-1.2066423405677478,0.9528532578780178
mari1426,aust1307,-0.203961778138459,0.3340709123604473
sunw1242,sino1245,-0.2226088787460503,0.3132954360561548
supy1237,atla1278,-1.6522160521039504,0.6327277680157923
surg1248,ural1272,0.097880891329964,1.2785448825447396
surs1246,aust1307,0.1676710344283249,0.351348012524328
swah1253,atla1278,-3.9896290330245687,1.0640285952144417
swed1254,indo1319,-5.639237254001879,1.8575980950168705
taba1263,nort2923,-4.176137479179364,3.498665478590267
tabo1241,tabo1241,-1.4854294117070688,2.945258533784088
taga1272,aust1307,-2.655988795492963,0.6103362989471792
taga1273,aust1307,-2.7095899683226548,0.6207348384271629
taga1270,aust1307,-2.645935674734065,0.5993985937888695
tago1246,rash1249,-2.836874766793435,3.5613501836184973
tagw1240,atla1278,-1.6471474189752706,0.646892995154035
taha1241,afro1255,1.6551998282896463,1.208269922676985
tahi1242,aust1307,-2.827381549652033,2.278526340661013
taia1239,taia1239,1.3369922743141438,2.800201880639473
tain1253,anga1289,0.4799882598820681,1.1864270581380725
taji1246,aust1307,-2.103720148131323,0.5456416370937234
taki1248,aust1307,0.6788701915700126,0.3556531518858836
taku1257,aust1307,0.1289218955748463,0.5566195499736271
binu1244,aust1307,-2.831172362094966,0.585203498122782
tali1259,aust1307,1.380071383628422,0.4311496214743382
tama1331,tama1329,-2.3079209924360677,2.97685293287069
malo1243,aust1307,1.9117442929395063,0.2822728663721268
tama1365,afro1255,0.8941928028070434,0.7647813656249802
tamb1254,aust1307,-2.815884219439774,0.5993553576548134
tami1290,aust1307,0.1823863741245044,0.3260850784110332
tami1289,drav1251,-2.5291077565248337,1.0924137238598153
tane1237,aust1307,-0.7690858451803337,0.4646091523256341
tang1377,sino1245,-3.936596533280897,0.753757428971296
tang1348,aust1307,0.1367776867547072,0.4136573918126913
tang1373,sino1245,-3.1061334518947867,1.1924628643319686
tara1313,sino1245,-4.2667749315831145,0.7126049143236388
tari1256,araw1281,0.4612741205375514,0.7031781170899798
tari1263,afro1255,-0.0491667882360262,1.0420246455658058
tata1258,otom1299,-0.1364858231050711,0.3661919829697897
tata1257,aust1307,-2.620468908256502,0.5981561273403617
tata1255,turk1311,-4.458260510718977,2.921652084215218
taul1251,taul1250,-2.295364370270418,3.638443358040576
taus1253,taus1253,-2.691378107823436,4.237720537243304
taus1251,aust1307,-2.90886960735942,0.6698246302815587
tauy1241,nucl1709,-1.6868714883013831,0.3492447481964564
tawa1275,aust1307,1.6305706089039806,0.4605452048456868
diga1241,sino1245,-1.691483948438694,0.7102716924622854
taya1257,afro1255,1.880889095006423,1.0297447915617166
tbol1240,aust1307,-2.6982235531841106,0.6128954237896878
tean1237,aust1307,-0.7195451084472606,0.482057297736004
teda1241,saha1256,-0.7814056563941918,1.3562850557678114
tedi1235,sino1245,-2.279158931716584,0.7466187583495003
tega1236,rash1249,-2.847313739665648,3.556975387450466
tehu1242,chon1288,-3.028881813571281,5.6750503847071965
teiw1235,timo1261,-3.4441327127695414,3.106843405163492
tekt1235,maya1287,-0.0257453323833485,0.5338719333956874
tele1256,nucl1709,-1.4660680256255014,0.4515323707074952
tema1239,utoa1244,-2.4843489670586707,1.0309275882321547
temi1246,aust1305,-3.3765081584306427,1.1673324807395442
temo1245,otom1299,0.7648351705590284,0.6091885863973951
temp1235,aust1307,-2.86837231379575,0.6113454241004064
teng1272,aust1307,1.5976693448003425,0.7883731060508641
tene1248,dogo1299,-2.094359435502146,1.8354450478227544
tenn1246,surm1244,0.8518878218362951,1.1353765829893678
teop1238,aust1307,0.5587782417087874,0.4305011775066383
tera1251,afro1255,1.4146252741920682,0.4123645273333256
tere1278,sout2948,2.440197218270247,2.118161461106345
tere1279,araw1281,1.1926508947937715,1.2350612369535758
teri1250,chib1249,-3.0386422835243843,2.527867935458982
term1237,aust1307,-0.0851269851995519,0.5654665306733033
tern1247,nort2923,-4.0522666753388,3.4707867265631664
tete1251,utoa1244,-2.6726873899548558,1.0394001556288437
tetu1245,aust1307,-0.7642971891723378,0.4851455770199209
thad1238,sino1245,-4.195749729025978,0.725151978971768
thai1261,taik1256,-5.552929500906064,4.501321071758131
thak1245,sino1245,-2.474395349511285,0.4928080569280535
than1259,sino1245,-0.2680760170524987,0.4407722514639456
thao1240,aust1307,0.3264065775352549,0.4837078062950048
thar1283,atla1278,-2.6216400872954506,0.6579234938444527
aheu1239,aust1305,-3.7989708294956985,1.105630701784165
thay1249,pama1250,0.1688900453200079,0.704054676639954
thul1246,sino1245,-0.4579598801917635,0.3674351640486772
tibe1272,sino1245,-3.116389346700605,0.6505121119463801
ticu1245,ticu1244,-2.909530398507635,4.478650915405135
tido1248,nort2923,-3.865826599760005,3.464344912180734
tief1242,atla1278,-1.4275934535522123,0.4997287637917615
tief1244,atla1278,-1.3888050256255409,0.4993355779486865
tien1242,atla1278,-3.158114370094308,0.9746089741830462
tiga1245,aust1307,0.2427012705918314,0.4071048389689995
tigo1236,atla1278,-1.8503257528389137,0.3833898169766101
tika1246,atla1278,0.1103335102730418,0.4204939688154052
tiko1237,aust1307,-0.7234186347312326,0.5476633460511122
tilu1238,sino1245,-2.257013780712482,0.3277764000532066
timn1235,atla1278,-1.9167310245232003,0.7328820479355045
timu1262,aust1307,-2.4857882785008303,0.5983139840844451
tina1248,aust1307,-2.470066674561286,0.512286135165871
tira1254,heib1242,-3.463634663906044,2.774395625244228
maee1241,aust1307,-0.1525690220086435,0.2580705478943734
tiri1258,aust1307,-0.2941484035166639,0.4361656329747898
tiru1241,aust1307,-2.826437238593762,0.5897000036227116
tita1241,aust1307,0.3563372385783419,0.4326747416929173
tivv1240,atla1278,-1.3993421284509528,0.3820197988330651
tiwi1244,tiwi1244,-2.416682012932317,3.916597473466448
toab1237,aust1307,1.298323467736036,0.410863856626257
toar1246,nucl1580,-1.339387427973307,1.837483832714371
toba1268,leng1261,-2.932690140349923,4.620406698791852
tobe1252,nort2923,-3.968167196995164,3.471363109082745
toda1252,drav1251,-4.319022280391187,0.885383015915167
toho1245,utoa1244,-3.6634377086368537,1.1401701209501622
tojo1241,maya1287,0.1531401522190134,0.5709507026063045
toke1240,aust1307,-2.8944024603562446,2.075620873634837
toll1241,jica1245,-1.6970975008663918,3.32564683850135
tolo1255,aust1307,0.0793175107651666,0.3124447920059925
toma1245,mand1469,-2.606259168137902,2.0886468063421564
tomb1244,aust1307,-2.9600746321575904,0.6182732137335165
tomm1242,dogo1299,-2.040273429031897,1.872988612964408
tond1249,song1307,-3.140249976949204,2.588575749889019
tong1325,aust1307,-2.8101399129662603,2.136941300293797
tong1318,atla1278,-4.044094847043206,1.488749338945393
toor1238,atla1278,-2.520182668408415,0.6284405383257781
tora1259,aust1307,0.9624129062146668,0.4269232493364701
tote1238,atla1278,-3.912030404696989,1.469307204961618
toto1302,sino1245,-2.968439296669364,0.5202317605749105
touo1238,touo1238,0.8164339546286832,2.5006943621545084
trin1274,araw1281,2.033145248592097,0.8857447614426901
trio1238,cari1283,-2.63666892247066,2.409275942388974
trum1247,trum1247,0.3571796336899573,2.4487727136658317
colo1256,barb1265,-2.178685819701077,1.746250215329214
tsam1247,afro1255,-0.6164152163325216,0.5215625820601169
tsat1238,aust1307,-3.1126579046008693,1.324794116740014
dido1241,nakh1245,-3.7448486877404505,1.092766444502904
tsha1245,sino1245,-3.5619027698917654,0.6428400200497091
tsix1234,khoe1240,-4.4074593864845015,5.618550093363526
tsog1243,atla1278,-2.831763207971607,0.9830851166509262
tson1249,atla1278,-4.103087757415109,1.7351978554955814
tsou1248,aust1307,0.530714988611471,0.4574179624952084
tswa1255,atla1278,-4.142714281067266,1.727238794484725
tswa1253,atla1278,-3.569186151313372,1.6076219076131428
tuba1278,utoa1244,-0.702600944907058,1.0264571759694476
tuge1241,nilo1247,0.362829772845096,0.7587231969595649
tugu1245,aust1307,-0.8617262832427852,0.486197619134721
tuka1248,aust1307,-0.1816893898832137,0.5143399141836991
tuki1240,atla1278,-2.361259318146952,0.4945934038393833
tula1252,atla1278,-0.4926244675655717,0.3846836829463793
tulu1258,drav1251,-2.198418431092608,0.9347008447135484
tuml1238,aust1307,0.6621320704699767,0.4439003636306413
tumu1242,atla1278,-0.9622463279446892,0.4807632247008158
nene1249,ural1272,0.6654563215730365,1.3390817997040614
tune1261,atla1278,-2.3686623939998737,0.4624018359139406
tung1290,aust1307,0.256138967818841,0.4398010054488548
tunn1238,afro1255,-1.1500650559908614,0.9638893149453124
turk1308,nilo1247,1.7720120088487294,0.9421572399065274
turk1303,turk1311,-2.3385478838939475,2.382429500332197
nucl1301,turk1311,-3.2189422400100427,2.754474074592344
turk1304,turk1311,-3.1463662179055225,2.862161046196321
tusc1257,iroq1247,-4.083697327073164,4.216315256593511
tutu1241,aust1307,-0.0859977875554429,0.2758371742791983
tuva1244,aust1307,-0.8065025508259533,1.2183617475673216
tuvi1240,turk1311,-3.4626202479505244,3.4133257001068618
tuwa1243,aust1307,-2.158227134381478,0.3753170230565015
tuwu1238,atla1278,-1.0235008043397258,0.4415851020210919
uuuu1243,aust1305,-3.4732851744822737,1.0259247328719976
ubir1237,aust1307,1.434258462770933,0.4004378967550668
udii1243,nakh1245,-1.411392625722875,1.1038357693362206
udih1248,tung1282,-3.541718135943316,3.206001025701463
uduk1239,koma1264,-0.2291325902525016,1.499534268566178
ughe1237,aust1307,1.5721769644464172,0.44901674957881
ugon1239,sino1245,-4.758775839798575,1.4228546024180897
ukaa1243,atla1278,-0.7314738182687024,0.4288289881375036
ukra1253,indo1319,-2.5232638801962723,1.6145179827350136
ulch1241,tung1282,-3.545451931669849,3.139190613376491
ulit1238,aust1307,1.0043279838163346,0.9412699370879808
ulwa1239,misu1242,-0.9280735417077582,1.4381486840462596
yaul1241,kera1258,-1.3468090935912262,1.8167251248995404
umaa1242,aust1307,-1.30052394052294,0.5096916603842363
uman1240,daga1274,-1.1153885968295452,1.8503887045386536
umbu1257,atla1278,-3.419659819661815,1.67708582600258
umbu1258,nucl1709,-2.008055917296086,0.4167344272626394
umes1235,ural1272,-2.631814049723115,1.559828403528979
unaa1239,nucl1709,-0.8646325024081928,0.4544010495329136
unua1237,aust1307,-0.3590694280556898,0.2499287463542661
uppe1427,aust1307,-2.77788234626942,0.6130476103532638
uppe1275,toto1251,-3.0154220733148005,2.643498945567828
urak1238,aust1307,-2.851438641909912,1.177018067816606
urar1246,urar1246,-1.208825603636453,2.84010177552617
urav1235,aust1307,-0.1503324706076929,0.3816426970901379
urim1252,nucl1708,1.054799120756726,0.8470011589450461
urip1239,aust1307,1.785039664577758,0.2617505935670454
urni1239,giim1238,-2.41596202874512,3.911709033203758
usan1239,nucl1709,-1.56284460317438,0.3695378059220076
utes1238,utoa1244,-0.7729613400834296,1.1886255174572842
pile1238,aust1307,-0.4102354823585661,0.5489825712126937
veps1250,ural1272,-1.954838477754882,1.3035664674039795
vera1241,aust1307,-0.6642201234323877,0.3715643971774636
viem1243,atla1278,-1.258638941483447,0.508014966633425
viet1252,aust1305,-3.6885261681833135,1.184018580108769
voti1245,ural1272,-2.4199379856865937,1.2188850913925997
vunj1238,atla1278,-3.2215001307687454,0.7488070250063874
vure1239,aust1307,-0.6238948599866108,0.3869242722508286
vwan1235,atla1278,-4.127188804178511,1.0739121839877326
wadj1254,wadj1254,-2.2153590508508456,3.6889067020708417
wage1238,wage1238,-2.2491520915096106,3.735085716922274
waig1244,aust1307,-0.823179005609298,0.5946896596147386
waim1251,aust1307,0.5189735993393159,0.4019619866973514
waim1252,aust1307,-0.782608932031922,0.4711056681832772
waim1253,cari1283,-4.318304563679927,2.545426845102777
waiw1244,cari1283,-4.464778399433748,2.399240645419188
waja1259,atla1278,-0.4865096344460204,0.3891030177123564
waka1274,pama1250,-2.221886724035868,1.267057377179606
wala1266,aust1307,1.36478381581361,0.3907008342682125
wamb1258,mirn1241,-3.177930112114164,3.0505837871682
wamb1259,nucl1709,-1.4362838098415258,0.4697071391177552
wamb1257,sino1245,-0.2015445463641378,0.3222834078926997
wann1242,mand1469,-4.26093013847528,2.1997318463276594
wand1278,afro1255,2.105642056736694,0.3710094042450258
wand1267,aust1307,-0.075660241691446,0.4790579769756888
wanm1242,pama1250,0.9583793062991504,0.9693202421783802
saka1289,aust1307,-0.2046777121958567,0.3161464758534418
waor1240,waor1240,-1.4253247985647397,3.017469286307388
wapi1253,araw1281,1.0573171404773771,1.0577745359993092
wara1303,wara1303,-1.647231268266741,3.390803361493281
wara1300,aust1307,-2.694673974797805,0.7529545392894246
ward1246,yang1287,-2.330844208607488,3.867717470824312
ware1255,araw1281,0.9827596660287434,0.6923172904388402
ware1253,aust1307,1.080860932590476,0.5133656151382215
wari1268,chap1271,-2.2568913826017045,3.813007986910671
warj1242,aust1305,-2.558096473636262,0.9329608744459216
warl1254,pama1250,0.7486737831853163,0.8472706646562695
warl1256,pama1250,-2.2079018913749904,0.957088887206833
waro1242,aust1307,0.9436647091721606,0.4743655350047877
warr1255,pama1250,-2.12221278426575,0.9058929009402964
waru1265,pama1250,0.4393708111921059,0.7988237937074105
wash1253,wash1253,-2.575324048154748,4.278385040303681
wask1241,nucl1709,-1.491037368270548,0.4132178159735371
waur1244,araw1281,2.0289210714778485,1.2105273965180068
wawa1246,atla1278,-1.7628309181083033,0.4263061604082665
waya1269,cari1283,-2.7134731659741758,2.479465272946328
wayu1241,sino1245,-0.1674300529194849,0.3174539488031787
wayu1243,araw1281,2.890726991646924,1.5677575669657855
weda1241,aust1307,1.6047822824835447,0.4259400586434747
wels1247,indo1319,-2.0518146609041548,1.3745828215848157
nort2864,aust1307,0.2177877850666885,0.4729610543926412
weri1253,kuni1270,-2.1818123204986586,1.307558616633763
west2564,aust1307,-2.700624146092971,0.6706983627070482
west2560,aust1307,-2.768036890769846,0.6116591594195722
west2548,aust1307,-0.5472099286847336,0.5581144142120333
west2615,atha1245,-3.973918370575482,3.383076663796496
west2441,pama1250,-1.9711711881254788,0.938328413564662
west2397,aust1305,-3.9215776467277257,1.1150122543570564
west2555,aust1307,-2.8640996037332185,0.5731086839073996
west2618,eski1264,0.8832506670946603,2.2738144259481814
west2650,aust1307,-3.128178720209521,1.2596047875533198
west2594,nucl1709,-1.1154640568246172,0.5350711050275976
west2778,utoa1244,-2.321553136264569,1.1243774597183318
west2369,indo1319,-0.0495460193211843,1.0971968016346398
west2519,aust1307,0.1827212068266717,0.8873022981541556
west2354,indo1319,-2.700196461385281,1.4346470583362585
west2644,otom1299,-0.0250386833777267,0.3588773111056014
west2624,utoa1244,-4.527350731447996,1.0739342139566652
west2466,atla1278,-1.4803697734396903,0.5139920956801607
west2632,kere1287,-3.1270732718869825,4.913592057866554
west2396,aust1305,-3.362051878338642,1.033840500864188
west2418,sino1245,-0.4023525166726096,0.4688817989300773
west2392,ural1272,-0.8897098352677772,0.9945531699985456
west2763,afro1255,0.7565489397202247,0.8154022360947959
west2557,aust1307,-1.1799932768721466,0.5929467241375495
west2415,sino1245,-2.3292651048931647,0.3925757853811529
sanj1284,otom1299,0.5005469610528466,0.3525835225871478
west2430,hmon1336,-4.579543517612407,4.672800444557699
west2599,nucl1709,-2.151847698709626,0.44645755920717
west2600,nort2923,-3.936589499094239,3.4542025436886643
saka1291,aust1307,-0.5819241710689973,1.17291468051749
west2516,aust1307,-0.237751112758469,0.4200162572796575
whit1269,aust1307,-0.481133546844207,0.3820187817466074
wikm1247,pama1250,-0.0116929681150848,0.7084831570443608
wiru1244,wiru1244,-1.2898836829536888,2.7650722867898523
babi1235,atha1245,-3.051868957030414,3.1794420108051025
woii1237,aust1307,0.3791994144556887,0.4787609296532782
wola1253,afro1255,-0.0403616085105884,0.5321496295616335
wola1242,gong1255,-2.041737354767636,1.026282202969
wole1240,aust1307,1.3783110344948375,0.9531592831367705
woli1241,aust1307,-0.1146928958253452,0.4813857075169618
nucl1347,atla1278,0.2129003493833079,0.7691594174063656
wood1236,algi1248,-1.303976739555324,1.5470559582644017
wotu1240,aust1307,-0.784233728793108,0.4831907025583017
woun1238,choc1280,-0.0339927477878012,1.227294621049702
wuch1236,sino1245,-3.8631176363260975,1.759200982862395
wudi1238,sino1245,-4.275163665826115,0.9282526350035604
wuna1249,worr1236,-2.4533047166450173,3.2458714759198344
wusa1235,sino1245,-4.191216389555917,0.9143555803377552
wutu1241,sino1245,-3.052611280979754,1.0837517636686584
wuvu1239,aust1307,0.9067601896950364,0.523412714829945
xamt1239,afro1255,0.0179982140731382,0.6285470408131157
xara1244,aust1307,-0.3244338058968479,0.427191933542181
xhos1239,atla1278,-1.7737733477270754,1.8233187414596363
xish1235,sino1245,-4.3364468021930485,0.8628553852208114
xokl1240,nucl1710,-3.743473106356985,2.483650447727745
yaak1241,afro1255,-0.5900957821857968,0.5948294365205165
yabe1254,aust1307,0.1422309752785904,0.3182576593062887
yaey1239,japo1237,-4.492129414569106,4.079342506659086
yaga1260,nucl1709,-1.9358232251347165,0.3765269058633347
yagu1244,peba1241,-0.0061319288542809,2.347467018799673
yaka1272,atla1278,-2.6373155483518387,0.6613660472985821
yaka1277,aust1307,-1.1566821627518593,0.6132737653076177
yaka1269,atla1278,-3.419629242078843,1.1999856007680405
yakk1236,sino1245,-0.6398007365920011,0.3834164521710352
yako1252,atla1278,-2.557014487889394,0.6346349856955102
yale1246,yale1246,1.615614799904852,3.017452434371296
yami1254,aust1307,-1.5920892246181155,0.5138712933793244
yami1256,pano1259,-2.0392579940395983,1.1521342514375394
yamp1242,sino1245,-0.2847971211065538,0.3404402830109827
yand1253,pama1250,-2.350497021293542,1.0161215008603204
yane1238,araw1281,1.3598269210395937,0.9218330735216336
yano1261,yano1268,-1.8440125794642648,3.225299257322538
yany1243,pama1250,-1.7326555097412937,0.8200613241618786
yaoo1241,atla1278,-4.203679830118302,1.386401151873213
yaou1238,mand1469,-4.334594015836067,2.276072317862128
yape1248,aust1307,2.618454594882924,0.9755471852655972
yaqu1251,utoa1244,-1.7890762260041242,1.067844147508655
yare1248,yare1250,1.733007607799621,3.1374571231525
yasa1242,atla1278,-2.481813598783944,0.7003617444887347
yatz1235,otom1299,0.5211373211021684,0.3982624974583135
yaum1237,nucl1709,-1.8346424650759203,0.3966113173690733
nucl1454,yawa1259,-2.1712829057033565,3.576988424513491
yawu1244,nyul1248,1.1161726554009452,1.8940932856078527
yecu1235,toto1251,-3.035441198113469,2.688460701650905
yele1255,yele1255,1.8410501729445672,3.3620904162813066
yems1235,gong1255,-1.8793645154641745,1.0466461754602028
yapu1240,nucl1708,3.1998692018197064,0.8840210332744878
yess1239,sepi1257,-2.065634932349883,0.848817778856545
yeyi1239,atla1278,-3.762371558340005,1.5042825524754395
yidi1250,pama1250,-2.037155026897353,0.8473266666392689
yima1243,lowe1423,-2.2973768385221978,3.623881120338341
yinc1238,aust1305,-3.2735104294259845,1.0483987516351796
yind1247,pama1250,-1.514199556784023,0.9351788678314829
yine1238,araw1281,1.742054694653913,0.8830863336803834
yoga1237,aust1307,-1.8361187761292823,0.395078228876617
yona1241,japo1237,-4.549171414869918,4.023220930356563
yong1276,taik1256,-5.339320822575394,4.281106247273816
yong1280,nucl1709,-1.5720594233792615,0.5276433650100554
yora1241,pano1259,-1.9552749245696184,1.1610898116928814
youl1235,sino1245,-4.665408021612725,0.9593851103029668
youn1235,hmon1336,-4.908040538086855,4.607971858607872
yuca1254,maya1287,0.6885956229703813,0.9322224228511606
yuch1247,yuch1247,-3.790722320190772,5.801488380603563
yuec1235,sino1245,-4.383184920777437,1.506381011938867
yulp1239,pama1250,1.1093173051632852,0.9478432254507272
yulu1243,cent2225,0.6718455822947051,0.8280049701479779
yuqu1240,tupi1275,-0.8872218087897743,1.3072055410866623
yura1255,yura1255,-1.1138161281487593,2.756043986955211
gami1243,pama1250,-2.668715695382752,1.215365214767587
zaba1237,aust1307,1.2813791403030117,0.4505134848316654
zaca1242,otom1299,-0.0737414105997897,0.3795283336712334
zaca1241,utoa1244,-2.6492124914452013,1.000613512675745
zaiw1241,sino1245,-4.444596631428565,0.8395813574975399
zamb1245,atla1278,-3.2869287963291502,0.6651461155049265
zand1248,atla1278,0.3099419271440036,0.5853662448382622
zani1235,otom1299,0.1380920933404748,0.3440684760511949
zapa1253,zapa1251,-2.985400124065202,3.794072258576823
zarm1239,song1307,-2.473814737654091,2.694289025450125
zays1235,gong1255,-2.149213939818331,1.0293686011452827
zeme1240,sino1245,-4.115094541229215,0.6678900156002463
zenz1235,otom1299,-0.0849741371599961,0.3493762880374671
zhab1238,sino1245,-3.1624460426174306,0.7204629002197294
zigu1244,atla1278,-3.737135931940044,0.9035805702241236
nort2795,atla1278,-3.980605249371904,1.5274871825088354
zinz1238,atla1278,-2.976873351757451,0.7814962331507536
zoog1238,otom1299,0.5697659605972181,0.3773035234910775
zulg1242,afro1255,1.9670805127399005,0.3474619879464136
zuni1245,zuni1245,-1.6566609869162003,3.3520988253766517
