Glottocode,Family_ID,GPGLMM_Latent_Mean,GPGLMM_Latent_Variance
abad1241,aust1307,-2.748433709789014,0.7435872563068155
abee1242,atla1278,-1.6676253355884825,1.159075890079654
abkh1244,abkh1242,-3.4816382034482,4.699655720504132
abua1245,nucl1708,-0.1363646090231525,0.9024160994164044
abun1252,abun1252,-2.7854884994063083,4.452678785173236
achi1257,aust1307,1.8145954846393344,1.2569824492263724
acha1250,araw1281,-0.8458344838342238,1.151628150448362
ache1246,tupi1275,-3.852996275287909,3.248061758316198
ache1245,narr1279,2.279833873297936,2.374106795904199
achi1256,maya1287,1.4417546511544597,0.8388563295711542
achu1248,jiva1245,-3.999550216209099,3.5539962500856905
achu1247,pala1350,-3.0953012829749804,5.214701292463458
acol1236,nilo1247,1.7018826726986438,1.1915153537610657
adan1251,timo1261,-2.5370732829544305,4.13967385529671
adon1237,aust1307,-0.8867671134747138,0.5407052837700004
adze1240,aust1307,-2.245412956874201,0.5790793339675933
aeky1238,kamu1264,-0.9377132510653096,1.8630352615145824
afad1236,afro1255,1.4566644944773357,0.6590800650887303
afar1241,afro1255,-1.17386624928238,1.0986962022431257
aghe1239,atla1278,2.111550025813216,0.4398527910438989
aghu1255,nucl1709,-2.4716916935669517,1.0636548906326482
agob1244,paho1240,-3.761112881201755,4.760267169193508
agua1253,jiva1245,-2.92057895689254,3.551019652429723
agus1235,aust1307,0.5160259316246218,0.595016715901366
agut1237,aust1307,0.0043610955165678,0.6540795157314019
aika1237,aika1237,-2.7824883017394204,4.596493941949178
aime1238,bosa1245,-2.848765913317318,4.411865702162172
musa1266,nucl1709,-2.401096867068896,0.6584716801927986
ayiw1239,aust1307,1.0854279033602996,0.667307651137218
ajab1235,atla1278,-0.8801078176983079,0.6076519061797256
ajas1235,kres1240,1.6456178418114646,2.325046406176961
ajie1238,aust1307,0.8755377566374349,0.5344740769836598
ajyi1238,araw1281,-0.2902967571849193,0.9361257578716292
west2635,maya1287,1.8172028594043936,0.788763139226365
akei1237,aust1307,1.0517183447484215,0.3983862880630102
akha1245,sino1245,-2.5770546493351283,0.8611041113115014
akoo1248,atla1278,0.8766653116324425,0.4689039209805514
akun1241,tupi1275,-3.48629830886666,2.4125291692302278
alab1254,afro1255,-0.7859197161333924,0.6188656201491014
alab1237,musk1252,-2.7077127950764024,3.4663652471702004
alac1244,otom1299,2.356256282484866,0.7951394012200375
alag1248,afro1255,2.876957687215109,1.0098620906503868
aleu1260,eski1264,-1.7929808976109864,3.729470173478761
alor1247,aust1307,-1.5308386398241252,0.5967582371062594
aluk1238,drav1251,-4.8521662304401785,3.979606555484128
alya1239,pama1250,0.0073820307300189,0.9286783192143772
amah1246,pano1259,-3.527208224779945,2.342604740941864
amam1246,kuni1270,-3.8232289765462273,3.869028797838822
amap1240,left1242,-3.2468469956297668,4.663283930931764
amar1272,aust1307,-2.103645424544416,0.5531631441442073
amar1274,hara1260,-2.485059472315801,4.297611405315215
amas1236,nyim1244,-0.8533162202918705,2.6515085537542404
amdo1237,sino1245,-3.824886942692178,1.730368924796915
amii1238,west2434,-0.977380955496408,1.4051889213651148
amis1246,aust1307,0.7126736885892253,0.646423770916229
hoaa1235,kxaa1236,-0.985162064211952,2.866086950892884
amri1238,sino1245,-3.639706794746379,0.939355776810526
gily1242,nivk1234,-3.581540526530506,7.095252279093051
anei1239,aust1307,0.9147060192191364,0.6346586891083668
anfi1235,gong1255,-3.230364612394752,2.497768755959965
anga1290,anga1289,-3.3980820453722216,4.742685529107648
anga1288,sino1245,-3.8151742761888,0.7396999761649496
ango1257,chib1249,-2.562414839105463,1.4909863440190243
wara1294,more1255,-3.820823588238692,4.442780049031737
anta1255,aust1307,1.1412300708818313,1.9521638951812736
anua1242,nilo1247,1.9214033078063693,1.3184986177407598
anuf1239,atla1278,-0.9868693387765326,0.7121271263142361
anuu1241,sino1245,-3.2966762958177127,1.0922042665172906
anut1237,aust1307,0.1719416291728035,0.8414679164147909
aoua1234,taik1256,-1.630220823373991,1.4109692867454129
apat1240,sino1245,-3.4941077996351457,0.909598876138773
apin1244,nucl1710,-2.553302768758038,2.324599979485493
apma1240,aust1307,0.0032865297854862,0.3444269155189801
apma1241,kera1258,-0.5157186415097761,1.7628765492022698
arak1252,aust1307,1.178537154687798,0.3697788423343908
arao1248,pano1259,-3.0259989758518886,2.141416262640917
arap1274,algi1248,-4.333149912654855,4.239256490596028
araw1273,tupi1275,-4.278279402136255,3.629150285097177
arbo1245,afro1255,1.0023158904780862,0.6294696822412575
arch1244,nakh1245,-4.35497000378836,2.7650794142564195
aree1239,aust1307,-2.6937699859907966,0.7412358841808508
area1240,aust1307,0.7492745201850415,0.4643357917839701
argo1244,afro1255,-0.9621922432315452,0.8916784190890894
arhu1242,chib1249,-1.822035626629736,1.1433765818641817
arig1246,atla1278,0.3840613409866735,0.5645177017152587
arom1237,indo1319,-0.8689819799992693,0.9565827868102909
arop1243,aust1307,-2.1464555710934583,0.5608326951277256
arop1242,aust1307,-1.1284628399889869,0.7129335091714442
aros1241,aust1307,0.8061468077382892,0.5506684717534984
arta1239,aust1307,1.517802396826016,0.4768961071857429
ashe1272,araw1281,-0.2951012558968831,0.9270617616882236
asoa1238,cent2225,0.1900863526816527,0.6788703246062617
assi1247,siou1252,-1.6169139019441423,2.3010696640392627
asur1254,aust1305,-2.101594059427886,1.101205864937043
asut1235,atla1278,2.557220713716342,0.8437705483816575
atam1240,aust1307,0.3888114938255054,0.5443537795589517
atay1247,aust1307,0.5582491143289983,0.6894644795854123
athp1241,sino1245,-5.425295224825462,1.3030555404387716
aton1241,sino1245,-3.71146881600109,1.0161289945582102
auuu1241,nucl1708,0.1142723178354625,0.8764814322543586
aulu1238,aust1307,1.033066344618642,0.3122314031886954
auye1238,nucl1709,-2.8102821339301745,1.1305104891623188
avac1239,tupi1275,-3.7004935854604577,3.551265071991632
avat1244,atla1278,-1.8860101297421623,0.6008571167697134
katb1237,aust1307,0.8320341107940585,0.3005471671280819
avok1242,cent2225,0.0714986809457114,0.6005821592975344
awac1239,barb1265,-3.695427166866402,4.650116887881221
awad1244,aust1307,-2.080594931848423,0.5704444556243917
awad1243,indo1319,-3.156373471023719,1.854431920672088
awap1236,nucl1709,-3.450954560981074,0.7724420929482037
awar1249,ramu1234,-2.786861973075988,4.283447218803609
awar1248,nucl1709,-2.525558722562457,0.7461276871741376
awet1244,tupi1275,-4.861854256458221,2.866672149690117
awji1241,afro1255,2.6976631001418108,2.0400956016050245
awtu1239,sepi1257,-3.5768271535344915,3.2503349805955954
axam1237,aust1307,1.0587122983536488,0.3135639961879271
axiy1235,sino1245,-2.7464626170168107,0.9498669477911575
ayac1239,quec1387,-3.377689858460174,3.40287059751402
azha1235,sino1245,-2.6969354136836743,0.9819124265634276
baba1264,atla1278,2.05234284044133,0.4364211585211297
baba1266,atla1278,2.218797254226832,0.4431854504514092
baba1268,aust1307,-0.1940573630044053,0.5250011509547026
bada1257,drav1251,-4.894661040915607,3.9958475479689497
bafa1247,atla1278,1.008948948948052,0.5238682863302238
bafi1243,atla1278,2.508624960122731,0.5461370808172976
bafu1246,atla1278,2.068593349331614,0.4430159168888572
baga1273,atla1278,0.6003403882711424,0.645634558941401
baga1272,atla1278,0.6225485637395973,0.6415124088940694
bagi1246,cent2225,0.9880818502966018,0.8224605955935509
bagv1239,nakh1245,-4.398161962874357,2.747212630136328
bahi1252,sino1245,-5.528089513769836,1.3827780901303122
bahn1262,aust1305,4.342547237394823,1.321973350913142
baik1238,aust1307,-1.345749912087773,0.6333420317701144
baim1244,sino1245,-2.7489072407489448,1.4970848972528472
baka1272,atla1278,2.3198827106317674,0.929450570075188
baka1274,cent2225,-0.4196015615838844,0.6237476983194483
baki1244,aust1307,0.7814203644944326,0.3398493976276544
bala1316,aust1307,0.0502693190658734,0.6459088809770321
bala1311,aust1307,1.5321273617856397,0.7420668906311381
bala1315,aust1307,0.6960595216298708,0.8351975471401367
bali1278,aust1307,2.03571665414335,1.2611260814008425
liki1240,atla1278,3.189113321392401,0.8210952742829587
bamb1270,aust1307,1.847994755706579,0.875647173850215
bamb1269,mand1469,-4.24418296913732,2.9325355286272314
bamb1262,maoo1243,-2.437698427285228,3.140163404951541
bamu1253,atla1278,1.2914898159273909,0.4730533226932554
bamw1238,atla1278,3.23543498191418,0.7980201973998415
band1344,atla1278,1.983186604968893,0.8153923874498599
bang1363,bang1363,-2.750106916530333,4.568264107703532
bang1369,sino1245,-3.4813451983451253,1.045571752125376
bank1256,atla1278,2.045789666816177,0.5543146829199959
bant1281,sino1245,-5.530844215906989,1.3342552770929412
bant1288,aust1307,0.2729251632590079,0.58174461091963
bara1357,sino1245,-5.308077266177014,1.5586831141071738
nucl1630,koia1260,-3.937186596010039,4.218477105037759
bare1279,afro1255,1.7139187227596304,0.8454940755046394
bara1369,aust1307,1.602498771324652,2.110798429041333
bara1361,atla1278,0.5374357670716572,0.5830618332972612
bara1370,aust1307,2.752100336027616,1.051994689955622
bara1380,tuca1253,-2.595094417824027,1.3530521776914988
bare1276,araw1281,-1.120391939853615,1.1155184702152567
barg1252,nucl1709,-2.352125429598831,0.7231961652520855
bari1286,aust1307,-2.090091804283632,0.5540413277883935
baro1253,aust1307,-0.1764360996646077,0.4625107930350705
basa1282,atla1278,1.80455548884556,0.6103811272171136
bash1264,turk1311,-4.860276786619946,5.360412063112158
basq1248,basq1248,-1.7213338388461523,3.696677737036566
bata1289,aust1307,1.9928156255168807,1.2006563955834242
bata1285,atla1278,2.521659984343648,0.9693080213315975
bats1242,nakh1245,-4.253661206783644,2.8175338448649114
baur1253,araw1281,0.2159451034642363,1.0128039795328672
bawm1236,sino1245,-3.1704567742215177,0.9685914491395716
bayb1234,aust1307,-0.2349926394219945,0.6378557281743351
bebe1248,atla1278,2.697714381363598,0.7109078418685755
beja1238,afro1255,-0.5316849268795343,1.1175503586853246
bekw1241,atla1278,2.2290625416622785,0.5376596424694196
bekw1242,atla1278,2.3615861973956305,0.9721558738578012
bela1256,nilo1247,2.168683622077832,1.463660297748845
bela1254,indo1319,-3.208492154454922,2.21769771883012
belh1239,sino1245,-5.493746453193763,1.3156190107895949
beli1257,cent2225,0.9972488656901976,0.7204084530214363
bell1243,sali1255,1.387225319971661,1.5953902898711725
belu1239,atla1278,1.5191287895090235,0.64147376146685
bemb1257,atla1278,2.3314958302375395,1.2114278508926564
benc1235,gong1255,-3.701266703698879,2.3778997132729582
beng1282,atla1278,2.540198197389389,1.0095777660807173
bent1238,dogo1299,-3.133344271125229,3.379885514139493
zagh1240,saha1256,2.545754082370765,3.040599111168552
bert1248,bert1248,0.7380507534065917,2.5641435332004985
bezh1248,nakh1245,-4.35815485305379,2.730441448999977
bhoj1244,indo1319,-3.613431760218997,1.7640299049055788
biaf1240,atla1278,0.8175310906175604,0.6968184170734713
bian1252,kuni1270,-3.679949341439488,3.8502234024943647
biao1254,hmon1336,-3.753616860362986,2.658987687857256
biao1256,hmon1336,-2.5343969514701072,2.5280878536971017
bier1244,aust1307,-0.2094463610740535,0.3311912994017589
bign1238,aust1307,1.1692702983918537,0.3314797666768427
biha1246,aust1307,2.085592833597955,1.0670260893800236
bila1255,atla1278,1.6503489649762368,0.6535515094982802
bilb1241,aust1307,-2.0801575734027318,0.5792637853256917
bili1260,afro1255,-0.0778392327075758,0.9775851472187772
bimi1240,nucl1709,-2.345088523700555,0.8660416412006491
bina1277,nucl1709,-3.122163098423801,1.0578097528322203
bini1246,atla1278,0.9764689221039102,0.6398568607110384
gunw1252,gunw1250,-3.467207476833487,4.102571932814829
birr1240,cent2225,0.3128655125262272,0.8025840890331519
bisu1244,sino1245,-3.4732283204214203,0.928640984236104
bitt1240,aust1305,2.063243001183453,0.7667153947354866
biwa1243,yuat1252,-2.8464016875880644,4.33024256670064
blab1237,aust1307,0.5382558678139069,0.4611436964139752
bang1354,atla1278,3.159974353499916,1.061072985396617
bodo1272,atla1278,2.197688975183812,0.7965289989014792
bodo1267,aust1305,-1.942591862791599,1.1817218040424002
bodo1269,sino1245,-4.298571001988124,0.900299393094782
boka1249,sino1245,-3.6317458242394514,1.1191521879668933
bola1250,aust1307,-1.3573660857819694,0.5506400848981023
bolg1251,atla1278,1.8265103756340189,0.9037406053800529
chim1302,quec1387,-4.317030762610976,3.72859080377604
bolo1262,atla1278,3.343334426819519,0.901067021732997
boly1239,aust1305,1.804657986209229,1.077837911309759
bomb1262,atla1278,3.3048361861960758,0.8099399183433658
bomk1234,atla1278,-0.2919351320735668,0.7367030515355726
bona1250,mong1349,-2.499119116387168,3.414094519949198
bond1247,atla1278,2.477944001040946,0.8747672791392151
bond1245,aust1305,-2.099050328484195,1.0411212967677272
bong1289,aust1307,2.2707071753285595,0.8446027832102594
bong1284,atla1278,3.3166379344787096,1.0181403213922486
bong1285,cent2225,0.5020913425128342,0.8101278261379647
bora1263,bora1262,-2.4984489849326352,4.270051422857064
bora1271,afro1255,1.839042666878732,0.9336301259913232
bord1248,chib1249,-2.454231172151156,1.3907339861498222
bori1243,sino1245,-4.257428949204542,0.9671017342580032
boro1277,gong1255,-3.507504393363249,2.626997691213804
boro1282,boro1281,-2.8297773748661457,4.799941186532524
boto1242,aust1307,1.0284268778256689,0.5917954913956986
boun1243,atla1278,-2.8111904921748705,0.8442375914771905
boun1245,nucl1709,-2.5115857062229177,0.7120808838679675
brah1256,drav1251,-4.08326676942965,4.995606911166307
lave1249,aust1305,4.109608744904848,1.2132549323201438
bret1244,indo1319,0.0915889424021711,1.1700839767602158
brib1243,chib1249,-1.6725380261676293,1.0416135827333814
budu1248,nakh1245,-4.132736206337912,2.8941426923334976
budu1265,afro1255,2.650537948220621,0.8565052125168364
budz1238,atla1278,2.2337203057992614,0.8008924766802377
buga1247,aust1305,2.0150241091089987,0.9959376500393322
buga1250,aust1307,-2.4627308488839086,0.574787325938706
bugh1239,aust1307,0.4074390333691915,0.450276534488264
bugi1244,aust1307,1.5855799349063262,0.8047192622355617
bugl1243,chib1249,-2.130791038310964,1.2607222736019246
buhu1237,aust1307,-2.6046601162477816,0.8520001289799488
bujh1238,sino1245,-5.334509581449688,1.5597725415707728
buku1249,atla1278,1.7425998957614937,0.7437951937352238
bull1247,atla1278,0.2177576540573405,0.7155532328598362
bulo1242,aust1305,4.580581691681867,1.4496764402027242
bumt1240,sino1245,-3.9538361136840985,1.173463623066123
buna1276,aust1307,-2.451256627982588,0.7998592310761659
gahr1239,sino1245,-4.999262259349274,2.4238458913107443
bund1253,indo1319,-3.6744220582278486,1.9845038978958964
bura1292,afro1255,2.2070683147844075,0.575352281502969
bure1242,afro1255,2.169722791713681,0.6200876971029263
burj1242,afro1255,-0.3192796835906932,0.7477063738716687
nucl1310,sino1245,-3.0821812347078854,1.1216695460074178
burm1264,burm1264,-2.3575173370867226,3.9410775659415753
buru1320,afro1255,2.8425680958986934,1.0334276417504125
buru1296,buru1296,-3.929862013900418,6.566022600774753
busa1253,mand1469,-2.6358057418351866,2.6171006748312244
bush1247,atla1278,2.453339790980049,1.2315274668749403
buwa1243,afro1255,2.270630600329727,0.513037544222108
bwai1242,aust1307,-2.6371943006434924,0.726414958859575
bwat1240,aust1307,-0.1873352826364676,0.5620254633844421
byan1241,sino1245,-4.821766443209291,2.0873593125031107
caac1237,aust1307,0.0999039783689079,0.5968796223694586
cabe1245,chib1249,-1.5310761321577475,1.0512347380466611
cahu1264,utoa1244,-0.8245180550317754,1.1799171604627323
cakf1236,afro1255,2.1483153266618475,0.6219622898694048
cald1236,quec1387,-4.376130275070588,3.658372319227927
camp1261,indo1319,-1.4752136618519638,1.318465332308607
cane1242,nucl1710,-2.616940029027432,2.4932572254510497
caom1238,taik1256,-0.0985889720598252,1.2306415989111024
capa1241,pano1259,-4.810413737491369,2.6566993829002765
carn1240,aust1305,1.816894517674173,1.606941093112603
caro1242,aust1307,-0.0111006488773852,1.3142526233834015
cash1251,pano1259,-4.491597407513808,2.619371762193905
casi1235,aust1307,1.1410455125533447,0.5127573056930945
stan1289,indo1319,-1.2094059998860722,1.3808390760202975
cavi1250,pano1259,-2.761671277977472,2.136048628883181
cayu1262,cayu1262,0.4999525893157486,2.4733853498805534
cemu1238,aust1307,0.9426793125685896,0.5562639451860925
cent2127,eski1264,-2.5730492276893,4.3460952505266
cent2142,ayma1253,-0.5428343684742825,1.634976442109762
cent2004,sino1245,-4.084742748020635,0.9352720567371656
cent2292,aust1307,1.425692278662249,0.4699281827291237
cent2084,aust1307,1.5168154057617338,0.5586650938712125
cent2314,aust1305,3.6685364905811992,1.3503489825260608
cent2050,saha1256,1.4751855613959433,2.24876928445282
cent1989,aust1305,4.288314340985155,1.4204861529390629
cent2058,aust1307,-0.1401965446553994,0.4142106100088334
mala1479,aust1307,1.2259855110228686,1.134827248292229
cent2322,ural1272,-4.759939015045619,5.674115185363053
cent1992,aust1305,4.573681605049521,1.3631631096270844
cent1990,aust1305,2.188344933207323,1.6161598016577583
cent2126,japo1237,-2.957099619802639,2.848661173265887
cent2091,aust1307,0.8260448757895027,0.8242870001674625
cent2140,miwo1274,-3.2747699825679275,4.509659101666458
cent2090,aust1307,-0.0634320749486474,0.6853928859397982
cent2131,utoa1244,-1.6274401662440603,0.965467531943558
cent2150,chib1249,-2.506099627142331,1.4700622911464762
mbal1255,atla1278,1.0060111561583618,1.2095361708107308
chac1251,pano1259,-2.93774734345687,2.1616062480201546
chad1249,afro1255,2.925757897038544,1.1459999895771027
chak1270,sino1245,-4.29801442828779,1.1509548907992215
chak1271,atla1278,-1.8151038671625412,0.703213464448126
chal1275,afro1255,1.1417743729789391,1.014826200958339
cham1315,zamu1243,-1.9771775666343832,3.802390924827232
cham1309,nakh1245,-4.4120285102585175,2.7741429002765123
cham1312,aust1307,-0.2319822052292957,1.1724533729936013
chan1313,sino1245,-3.9131057706815766,0.8301578001447325
char1269,gong1255,-3.905401241954975,2.331295307840481
chas1234,sino1245,-3.253476318220332,0.9174885415759242
chec1245,nakh1245,-4.54762764036624,2.9958500444385425
chek1238,aust1307,-0.5263794713087246,0.4556152835435618
chen1255,drav1251,-5.581977872370695,3.999195699453336
chep1245,sino1245,-5.464132134399909,1.5080409629882805
cher1273,iroq1247,-3.4842924984278225,4.695240883563327
chey1247,algi1248,-4.394563717954026,4.292722283940256
chic1270,musk1252,-3.1760331008711,3.295647022445201
chil1280,atha1245,-2.418940391029459,3.073353777235371
chim1309,chib1249,-1.5791728657186734,1.1886973055877146
chhi1245,sino1245,-5.506771666102432,1.3186776889288794
chip1261,atha1245,-3.988910704739664,4.778111799475825
chip1241,algi1248,-3.85832806775048,4.466813999680641
chir1283,sino1245,-3.743044423993084,0.730600682915588
choc1276,musk1252,-3.06480413082122,3.181498751596508
chon1284,aust1305,3.707339136312881,1.3564371807022209
chot1239,sino1245,-3.468237629259576,0.7476821378975398
chra1242,aust1305,4.74216602978686,1.6243828374067917
chuj1250,maya1287,1.8378397092539984,0.7869970760597074
chuk1273,chuk1271,-3.3810374285731832,7.70364650580934
chuu1238,aust1307,-1.608128599142903,1.1467599312447536
chuv1255,turk1311,-5.048608271325455,5.070600616456463
chuw1238,atla1278,3.5882954157723645,1.815374329684788
cici1237,atla1278,1.5146732577179556,0.7696251079809038
chin1286,chin1490,-3.2530999183069387,5.411029255745415
cent2087,aust1307,0.2506706598995278,0.6008319499732213
sout2912,aust1307,-0.0807432796550928,0.6706683026072842
coat1243,otom1299,2.618154711408238,0.7902547525418075
coca1259,tupi1275,-4.943226166282253,3.0020905382869314
cofa1242,cofa1242,-3.5443894988704026,5.407550018363435
cogu1240,chib1249,-1.7881998867073747,1.1967173456652738
inga1252,quec1387,-4.426159678056855,3.624743854558956
colu1241,sali1255,-0.6342582992390837,1.2173013362872798
coma1245,utoa1244,-1.892900428199455,1.7365641239418466
como1259,sali1255,1.2349676114362569,1.299684759917259
cong1236,atla1278,2.382202195232761,1.1997107113235508
copa1237,otom1299,2.4528084756870534,0.7125787972860156
cors1241,indo1319,-0.8478693713427143,1.1316275481616191
cosa1234,sino1245,-2.5372450057473683,0.8635777705129382
cota1241,aust1307,0.0563484522214969,0.5716820393529911
cree1270,musk1252,-2.8668922900907634,3.2042948329946395
crim1257,turk1311,-4.303842948384014,4.331201802536991
cros1244,atla1278,2.091122123042151,0.5565270337647288
crow1244,siou1252,-2.4181205975467988,2.4607085852192068
cube1242,tuca1253,-2.853450734183792,1.4536688881106947
culi1244,araw1282,-2.3051380712227254,3.358149320835212
cusc1236,quec1387,-3.2111736451384703,3.371207623628746
czec1258,indo1319,-1.8195736285666453,1.4933461235739074
daai1236,sino1245,-3.119233327930321,1.1300357032043422
daas1238,afro1255,0.7170268225990011,0.6894425447129908
dadi1250,tebe1251,-3.8418950972871584,5.04900050255593
dagb1246,atla1278,-1.7740657405316913,0.6818187314965964
dagi1241,narr1279,2.338930494344841,2.4093825145781445
daur1238,mong1349,-4.067988642627027,5.479126839588806
daka1243,aust1307,0.7619708477659985,0.3054483100967555
damp1237,aust1307,1.0722256059118362,0.825256316958999
dana1252,aust1305,1.8925598091201616,0.9439596371952614
dand1238,drav1251,-6.079056211750208,3.948900065734287
dani1285,indo1319,-2.424044607570573,1.8300444907003168
dara1250,indo1319,-3.319884101331181,1.8118273847064843
darm1243,sino1245,-4.868888447230759,2.0926740059083784
daww1239,nada1235,-0.9556858941045626,1.5968065009421455
dawr1236,gong1255,-4.0829937352427965,2.3187992989040733
daza1242,saha1256,2.704077904411853,2.667745471409697
dege1246,atla1278,1.897342403978678,0.6845144143854611
dehu1237,aust1307,0.2576787817220816,0.5628375323779142
dera1248,afro1255,0.9666290034607146,0.5485192274053272
desa1247,tuca1253,-2.8772758976869603,1.3808876183633867
dhao1237,aust1307,-0.112959726914668,0.7320497823971461
dhar1247,pama1250,-0.957866982448028,1.1909894326222543
dhim1246,sino1245,-5.337313587681147,1.2472213286336338
dhuw1249,pama1250,-1.835803856295405,1.2568445976457472
dibo1245,atla1278,3.360747551736674,0.948622774553165
dier1241,pama1250,-0.9991455430288516,1.079567964903946
digo1243,atla1278,2.443656623243168,0.9720584389220832
dima1251,sino1245,-3.0242438159531844,0.7684612935572677
dime1235,sout2845,-1.0705570191679137,1.7363627831339965
diri1252,atla1278,2.034454199008,1.2226689784230516
djee1236,mani1293,-3.42131412559572,5.144397708626901
djeo1235,nucl1710,-1.171333789612634,1.6918032885618732
djin1253,pama1250,-1.8815005395188609,1.2543955493347507
dobu1241,aust1307,-2.5150630960422045,0.7494032467200675
domm1246,nucl1709,-2.330738061333831,0.6865989465945752
doma1260,indo1319,-2.9073224783653107,2.4295770514580166
dong1285,mong1349,-3.054419954882253,3.437850033134117
doro1266,manu1261,-3.712451681589369,5.086281111198337
drun1238,sino1245,-4.287538060985154,1.0646569581071343
chug1252,sino1245,-3.597957187788104,1.0325192968343675
dumb1241,aust1307,0.8999438378728875,0.6415661782734485
dumi1241,sino1245,-4.580340627120204,1.375391517626353
dupa1235,aust1307,1.570633396280802,0.5603040033063866
duru1236,drav1251,-6.200480565658607,3.904965035595283
dusn1237,aust1307,-1.1419678789780354,0.7313313826073919
dutc1256,indo1319,-1.8655662397918285,1.3927208507479332
dyir1250,pama1250,-1.3038681861223531,0.9358553724255464
dyul1238,mand1469,-5.118126796559279,2.5728826632192163
dzao1238,hmon1336,-3.5811586394377253,2.61728244632876
dzon1239,sino1245,-4.133169985387326,1.2426246985473028
east2443,aust1307,0.9702537830293344,0.3793343525258521
tang1336,sino1245,-3.6211324476357065,0.7229608422127978
nucl1235,indo1319,-1.660489672019543,1.4623112425005456
east2379,pama1250,0.0804712176524562,0.9097143076334682
sout2896,aust1307,-1.2491217428603414,0.5740122943183188
east2555,tupi1275,-3.22068048573213,2.872811021925912
east2332,aust1305,3.083758196614037,1.108107542276942
east2690,afro1255,1.706319118311228,1.4395473849200844
east2556,otom1299,1.095094338924799,0.9182663884275204
east1236,aust1305,2.807445549865599,1.214403342717624
east2342,sino1245,-2.586403507648207,0.9530769170976026
east2782,atla1278,2.349121214673225,1.1526184383967235
east2328,ural1272,-4.870118622257877,4.867073292233402
east2773,sino1245,-5.491345300964416,1.4258642255605984
panj1256,indo1319,-3.025215880184257,2.048179139507768
east2485,aust1307,2.8469438778457024,1.0217091911705438
fina1242,aust1307,2.2825514978451777,0.4576210737933017
east2516,nucl1709,-3.545693122314122,0.7824654620421967
huaa1248,tuuu1241,-1.3265425919019511,3.1953536448326574
wall1257,aust1307,-1.1262239171490775,1.372217575985724
egyp1253,afro1255,2.3175719711644334,1.7288037342296647
eipo1242,nucl1709,-2.921671179368187,1.005172227876843
ekar1243,nucl1709,-2.795767702970986,1.1665415742693508
elem1253,atla1278,1.1613087602165804,0.5945589575176733
elip1238,atla1278,2.550888188563606,0.5905692635899484
elna1235,utoa1244,-1.0014787509602183,0.8305692530654429
emae1237,aust1307,0.7326513142273483,0.3837366005693656
emai1241,atla1278,1.3133402077931835,0.5820691903923567
embe1260,choc1280,-2.989780631713718,3.066311119512364
embe1262,choc1280,-3.327266478175299,3.19098163135342
stan1293,indo1319,-0.7540732395727421,1.2352831893196772
enuu1235,sino1245,-2.6945222814041725,0.8598810564508597
epen1239,choc1280,-3.360817613032669,3.264257912249481
ersu1241,sino1245,-3.2985750338876176,1.1561945512516516
erzy1239,ural1272,-5.256644391784629,4.803878259370571
esan1238,atla1278,1.5239731904582872,0.6089661853403499
esee1248,pano1259,-3.067338345839253,2.197384871651586
esim1238,atla1278,2.109858316962116,0.4543998744849862
esto1258,ural1272,-5.173149000417908,4.552750255588911
eton1253,atla1278,1.7974866118898474,0.6122039027418342
even1260,tung1282,-4.068039391022768,6.5560400275391775
even1259,tung1282,-4.178014450752236,6.662203512541733
ewee1241,atla1278,-1.4675338804865028,0.6702126597962348
fala1243,sino1245,-4.1135038694138,0.8991004478097651
fare1241,atla1278,-1.5030567582832577,0.7151850638283097
faro1244,indo1319,-1.0024129888043627,1.868622818179107
fasu1242,fasu1242,-3.0277402760713814,4.5457119456946
fefe1239,atla1278,1.2831008264128192,0.4701422991255146
fiji1243,aust1307,-0.1580387687854025,1.170459703114016
fili1244,aust1307,-0.0575615363287815,0.5334147799102809
finn1318,ural1272,-5.229714438438389,4.96739141078595
fipa1238,atla1278,2.614697934917798,1.0782779778929612
foii1241,east2499,-3.737482914429834,5.005551156388041
fonn1241,atla1278,-0.8541775520950843,0.6065412979117184
fore1265,ural1272,-4.545043180873965,6.144311153659357
fran1266,mixe1284,-2.068274947518091,2.4116464937110287
stan1290,indo1319,-0.4852511309596576,1.1794804460112085
fuln1247,fuln1247,-2.654764694138163,5.556628460360656
furr1244,fura1235,-0.8770128341491148,2.7109158602111485
furu1242,cent2225,0.7534182336933508,0.846944040791076
futu1245,aust1307,0.5554609012907807,0.6246961741436277
fuyu1242,fuyu1242,-3.6164192701099176,4.974457255993281
gaaa1244,atla1278,-1.5832763186334695,0.8608657784453424
gaam1241,east2386,-1.5705191629956523,3.2107352267244247
gaan1243,afro1255,2.227668316194748,0.5575790586094627
gada1258,aust1307,2.435128451347425,0.4905794789886162
gade1242,atla1278,1.9483790144444324,0.6100614430544287
gaga1249,turk1311,-4.182028927657979,4.22045374126883
gale1259,nort2923,-2.8455686577081587,2.638881246803358
gali1262,cari1283,-4.951282005743299,3.921887667804201
gali1258,indo1319,-1.059729115797853,1.4113683323687347
galo1242,sino1245,-4.272209759716113,1.0142911301502426
gamo1243,gong1255,-4.034979667770751,2.317988149719044
gand1255,atla1278,1.742665807419682,0.7337203890430146
gang1266,sino1245,-3.453416571386054,0.7325433168606423
gant1244,nucl1709,-2.3660518308258,0.6674327425586917
gapa1238,aust1307,-2.7393469101113093,0.7558178886947928
garo1247,sino1245,-4.719944478667973,1.026524427676609
gata1239,aust1305,-1.9857649590891693,1.1347756254953758
gayo1244,aust1307,1.9276781654254276,1.2177633845661902
gbay1278,atla1278,1.7423073729581668,0.7395261641578212
geba1237,sino1245,-2.575485212074049,1.0282258438736651
gebe1237,aust1307,-1.411932311949032,0.8895799521570318
geda1237,aust1307,-2.075270577319686,0.5795841566052538
gela1263,aust1307,0.8138281593303152,0.4403135783449876
nucl1302,kart1248,-3.35535251503511,4.666219801989083
gese1240,aust1307,-1.7808570275914264,0.823354721227135
ghad1239,afro1255,1.500408062643777,1.7937712798529173
ghan1242,aust1307,-1.1357868831953517,0.5414379965142526
ghar1239,aust1307,0.7937272602062135,0.4756253713592677
gheg1238,indo1319,-0.8212007977697973,0.9592300243105054
ghom1257,afro1255,1.789761821818117,1.7803442265513691
gida1247,afro1255,2.2751003500207188,0.5713830113566907
gilb1244,aust1307,-0.529347034245595,1.5705435637470124
gira1247,nucl1709,-2.475137473192759,0.6613338810229976
glav1244,afro1255,2.529052832891315,0.5374781593541904
gobu1238,atla1278,2.1810647945704007,0.7630489729927898
ghod1238,nakh1245,-4.439796505341353,2.799005592652966
goem1240,afro1255,2.0507607007521367,0.6440445656969516
gofa1235,gong1255,-4.049010576346907,2.3017751965974824
gogo1265,suki1244,-3.674569858554074,5.105836455207733
gola1255,atla1278,-0.1695979835292203,0.9767337299056412
pare1266,aust1305,-2.001722488913707,1.043504579103212
guah1255,guah1252,-1.307429271660913,2.0437860417051006
guam1248,barb1265,-3.725459580777823,4.61450432339434
guat1253,guat1253,0.539551186703934,2.5673466295205323
gube1234,atla1278,0.4045410295756451,0.8358845000816277
gude1246,afro1255,1.3975874097671497,0.5225930652949877
guer1243,otom1299,2.41488045392448,0.764291370551307
guhu1244,nucl1709,-3.202507845285823,0.9659326906093924
guiq1238,sino1245,-4.1440697515344205,1.2228184891747382
gulf1241,afro1255,2.060770064457943,1.4386875584477077
guma1254,aust1307,-2.4887500635424766,0.7469274302602056
guny1241,pama1250,-1.8775166980290572,1.1923715434271802
gura1251,indo1319,0.14980608809393,1.1491662645175804
guri1248,guri1248,-3.461335194600454,4.795996456434806
guro1248,mand1469,-4.998410449496534,2.9369637201024235
guru1261,sino1245,-5.518615819980687,1.3960395290811984
guru1271,afro1255,1.27829094469311,0.5704446887344901
gusi1247,atla1278,2.275016888198243,0.7625603825029614
gugu1255,pama1250,-0.8077305437667401,0.9113282991950236
kwam1249,koma1264,1.4182616219487194,2.088285424816208
gwen1239,atla1278,2.582929406294303,0.845436350110397
gyel1242,atla1278,2.6796110337956573,0.824367486937108
haaa1252,atla1278,2.5325934939610715,1.0189177287538271
hadi1240,afro1255,-0.6965841365601992,0.6180761437874853
hadz1240,hadz1240,-0.9137457458524256,2.698670909748584
haka1240,sino1245,-3.1825158767581465,0.926100073825408
hala1252,aust1305,4.068902205475212,1.226453699858702
halh1238,mong1349,-3.946242162210721,4.793125301371714
hali1244,aust1307,-0.7362074697416959,0.5705364370940913
halk1245,sali1255,0.9215695362162176,0.9914641645853948
hame1242,sout2845,0.0086771476308999,1.692963284290851
hang1263,nduu1242,-3.356785543847608,3.848624409406506
hani1248,sino1245,-3.479996623683862,0.9424652385697598
hano1246,aust1307,0.8933784156515845,0.3817414441527766
haru1245,piaw1238,-3.013744062678072,4.118776255634225
hass1238,afro1255,1.1306639719435516,1.4503742346731645
remo1247,aust1307,0.1677272201199424,0.5589810259123933
haus1257,afro1255,1.5419737087272942,0.7386856019772985
nige1253,atla1278,2.227972117257867,0.752836344388875
hava1248,coch1271,-0.3357825472244782,1.8067291606354523
hawa1245,aust1307,0.9815403254957548,2.497291462906528
hdii1240,afro1255,2.480270466411252,0.5233743387563017
hehe1240,atla1278,2.721615320087123,0.924787942891152
here1253,atla1278,1.990688168584441,1.334197677512675
hida1246,siou1252,-2.212517899869141,2.366640202167908
high1276,mixe1284,-2.125029928597645,2.278824295769411
hind1269,indo1319,-3.642149125782283,2.056960298403828
hixk1239,cari1283,-3.779287905830959,3.790998313973245
hooo1248,aust1305,-1.4467994900019274,0.9876896224814828
hoav1238,aust1307,0.3173782326402017,0.4618422873293148
ainu1240,ainu1252,-3.287951947617616,6.740774574454045
holo1240,atla1278,2.343728297031509,1.1188964856185797
hone1235,atla1278,1.8867847508138256,0.5952188317799294
honi1244,sino1245,-3.700059033171869,0.878033346630323
hopi1249,utoa1244,-1.8925186053641692,1.3110788690551587
hote1245,aust1307,-2.528580394617485,0.5823365863305021
hozo1236,maoo1243,-2.415279873091551,3.1326796477308774
hrus1242,hrus1242,-3.4498236514480887,5.365767260073804
huuu1240,aust1305,1.9567546921109868,0.7646236596201295
hual1241,quec1387,-3.40278028631562,3.210918634861235
huam1247,jiva1245,-3.0538882085308576,3.4740907822572917
huar1255,utoa1244,-0.6861828903968259,0.9068538311506148
huas1242,maya1287,0.6421783276164046,1.41005842958411
huba1236,afro1255,2.29156729982782,0.5400568896256086
huic1243,utoa1244,-1.0299498877105615,0.8749943587436206
hula1239,aust1307,-2.827784407225605,0.8093436456766803
hula1244,afro1255,0.9779144237365128,1.1938386859801842
huli1244,nucl1709,-2.330055529908837,0.8130898997381077
humb1243,song1307,-3.2588315377287698,2.960329322343954
hung1275,aust1305,2.525184373722947,1.025246968386865
hung1274,ural1272,-4.405637553104185,4.310167129670458
hunz1247,nakh1245,-4.350219242865589,2.726201880975076
hupd1244,nada1235,-1.2355265447127717,1.72873406500638
wyan1247,iroq1247,-2.784216082165514,4.396134928630255
hyam1245,atla1278,2.0429472679165137,0.6278989163884496
iaai1238,aust1307,0.7741992870432224,0.5371515478547053
iatm1242,nduu1242,-3.599191666736627,3.841484191578592
ibal1244,aust1307,1.5083722030771098,0.5023118415359118
iban1264,aust1307,2.8632798914507323,1.2532370469185832
iban1267,aust1307,1.535556866882549,0.5274145498021934
ibat1238,aust1307,1.6214639811385574,0.6945619353662202
ibib1240,atla1278,1.2096485128806878,0.5755656608032602
icel1247,indo1319,0.4851947948283155,2.0768375841403657
idii1243,paho1240,-3.745851553765778,4.736649629523244
idum1241,sino1245,-4.399532625235263,1.255285048033146
idun1242,aust1307,-2.632844613435123,0.7219400908923532
nucl1417,atla1278,2.1475275169016648,0.6474397406869024
ikkk1242,kuli1252,-0.3539657615401168,1.6024374329344706
ilaa1246,atla1278,2.62404132441022,1.246060336533862
iliu1237,aust1307,-1.668575143491826,0.6743443170191572
ilon1239,aust1307,1.527586237306759,0.4701504108696603
imba1240,quec1387,-4.373204162319111,3.7058339956108153
ingr1248,ural1272,-5.077463028901445,4.679758192927908
ingu1240,nakh1245,-4.486673284537845,2.973762331330268
alba1269,aust1307,-0.0215072921792636,0.550209531410335
iqui1243,zapa1251,-3.4084847600199097,4.688157538174631
iraq1241,afro1255,2.864451119340204,1.0073204651349723
irar1238,aust1307,-1.5059265006622704,0.7542766896901583
iris1253,indo1319,1.2350716534805026,1.4887553678335586
irul1243,drav1251,-5.063083643235261,4.087772269875451
isco1239,pano1259,-4.662077163082066,2.589129269648856
isin1239,aust1307,1.4468222075641075,0.4607581845692436
isir1237,kwer1242,-2.5253165733600254,3.378453006441423
isna1241,aust1307,1.5269542576925392,0.5786277277787164
isth1240,utoa1244,0.1994197709312333,0.9021924739101372
isth1241,utoa1244,0.3592920589314881,0.9187565808482016
ital1282,indo1319,-1.2134308784431658,1.148504574810838
ivat1242,aust1307,1.2244030398607897,0.7833242688134163
iton1250,iton1250,-1.5762740158114483,3.2130574681378894
itza1241,maya1287,1.5897595690510586,0.9671083358038643
iumi1238,hmon1336,-3.14468275880886,2.7350304508876686
iwal1237,aust1307,-2.577073757675904,0.5971090639153971
iwam1256,sepi1257,-2.9688761633332845,3.2389955696413573
iyoo1238,nucl1709,-2.2676361271561407,0.7129488037349372
jahh1242,aust1305,4.321057667162574,1.6088145766025157
jalk1242,mand1469,-5.238333816318356,2.587684682265873
jamb1236,aust1307,1.92140038358789,1.38016752382363
djam1255,mirn1241,-3.1634895561918777,3.9156023955655455
jams1239,dogo1299,-3.2791891001651985,3.322599045093839
nucl1643,japo1237,-4.202450420334664,4.503243898577287
japh1234,sino1245,-3.1099238140291785,1.3188939924650658
jaqa1244,ayma1253,-1.5501136756657368,2.165548158269264
jara1266,aust1307,0.9711207009730476,0.9787049938059128
java1254,aust1307,1.6557668458924717,1.2553069394721348
jede1239,aust1305,4.326811854100377,1.610866094118565
jeha1242,aust1305,3.405790731600354,1.5905924229022688
jiba1237,atla1278,1.5564384860430387,0.5427432590729584
jina1244,afro1255,2.686157227537633,0.6217899080104026
djin1251,mirn1241,-3.276359338812373,4.060991963108743
jita1239,atla1278,2.240121834217989,0.8044396714270547
jjuu1238,atla1278,2.0733352644386454,0.6495718524032057
juan1238,aust1305,-1.8256544294247847,1.0384139137658988
juku1254,atla1278,1.9796231144136307,0.4847566334006838
jurm1239,cent2225,0.8719552506765629,0.6947255727373616
kaba1281,cent2225,0.4942424371496794,0.7892392986365806
kaba1278,abkh1242,-2.831057622200984,4.537206624164982
kach1284,gong1255,-4.219765121511939,2.377830992800442
kada1242,drav1251,-4.795798931403051,4.0040261019776
kado1242,sino1245,-2.50832841502563,0.870322335274679
kafa1242,gong1255,-3.859138983688952,2.376049751354925
kaga1256,aust1307,-0.0331695504944402,0.6577611880621479
kagu1239,atla1278,2.670085542658466,0.8807175046962783
kaik1246,sino1245,-5.0564881700040285,1.772765478182107
kaki1249,kaki1249,-3.298531543399501,4.745119093527668
kala1399,eski1264,0.6271436058269129,2.79135981349787
kala1388,aust1307,-0.1331475623816889,0.5122571207295312
kara1499,west2604,0.1214198290725954,2.3880148129701237
kala1384,atla1278,2.853386823238834,1.497005867493467
kamm1249,atla1278,1.4418184327563246,0.5149960575746082
kama1370,nucl1709,-3.351326972330656,0.7292623970652983
kamb1316,afro1255,-0.4953809708631773,0.6007985768810435
kamb1297,atla1278,2.1927882161264947,0.9235055034303024
kamb1299,aust1307,0.8916479504746571,0.8343881413019023
kamu1260,kamu1264,-0.7134767711712551,1.8529360664771344
kana1286,aust1307,1.6624753157410836,0.6504339076338521
kani1286,nucl1709,-3.4585582001886643,0.7296421250136618
nucl1305,drav1251,-5.111668488609259,4.027414203832378
bidy1244,atla1278,0.8457419066628731,0.7622305711506652
kapi1249,aust1307,-1.5806085091546205,1.0557044336204218
kaqc1270,maya1287,1.1942577548526532,0.8575905390008174
kara1482,cent2225,1.2943406134191946,1.0276138806431003
kara1476,pama1250,0.6437039956704349,0.914126301238543
kara1500,nucl1710,-2.458358419943811,1.920576482437827
kara1487,aust1307,1.5877568336801602,0.4590595374829789
kara1486,aust1307,-0.469857238639201,0.5001523231391172
kare1338,atla1278,1.7355495308340592,0.7066266271954404
kare1335,ural1272,-5.065004692544552,5.097719411624523
kari1306,atla1278,1.8753971340547049,0.7303545808549305
kari1311,tupi1275,-3.2488105344220863,2.673235333221216
kark1258,pauw1244,-3.1533310391622624,4.612428833015647
karn1252,aust1307,-2.293028834771511,0.5396298773166244
karo1304,karo1304,-2.2196693676713566,4.315650888361448
kash1277,indo1319,-2.945264280429436,2.259323256373319
kask1239,atha1245,-2.6810864876117755,3.685688368271018
newa1246,sino1245,-5.400764096872998,1.4697085656235045
kats1235,sino1245,-2.9557114416657857,0.929028341111522
kana1291,katu1274,0.4966629292605256,2.550229054137267
kava1241,aust1307,0.4500319584895624,0.7351747309183541
kaya1315,sino1245,-2.638471272424177,1.0076734073100564
keap1239,aust1307,-2.8256621195095075,0.8231354328080798
keda1252,aust1307,-1.376508425888711,0.5695824535907832
kera1248,atla1278,0.7885870594847102,0.7677534107961392
keig1242,kadu1256,1.1035056556739002,2.798524242434098
kele1255,atla1278,2.003946373292761,0.840834491759237
kele1258,aust1307,-1.2582380579440673,0.6206704272731773
kele1259,aust1307,1.5854992579745115,0.4549808407659643
keme1240,atla1278,1.8976328239027376,0.4415657510881967
keng1240,cent2225,1.0666300426188924,0.9412185558276516
kens1248,aust1305,4.229156526789939,1.5694194903492882
kenu1236,nubi1251,-1.4992618126968735,3.430371272137382
keoo1238,aust1307,0.1840630794693871,0.6668769693334387
kera1255,afro1255,2.325433005708735,0.6256500460018906
keri1250,aust1307,2.030897344368852,1.339464301141959
kesa1244,nucl1709,-2.416418947527443,0.6818575698799414
kett1243,yeni1252,-3.68458956879505,7.618717121912104
kgal1244,atla1278,2.1067178468737517,1.4489739140619855
khak1248,turk1311,-4.205147833049837,5.530589064197632
khal1275,sino1245,-5.411148986812471,1.3398981152640683
kham1282,sino1245,-3.7814885966119696,1.8173032185991664
khan1278,atla1278,1.2058762967929324,0.5869019239410278
khan1274,aust1305,2.0947245116312483,0.8697550759195156
khar1287,aust1305,-2.090939581061233,1.0518514388727829
khas1269,aust1305,1.302379869297181,0.8290690416245461
khez1235,sino1245,-2.8416413286625453,0.7376273876956745
khin1240,nakh1245,-4.096544752155108,2.841053975520408
khmu1256,aust1305,1.9340139453215728,0.7905672663013323
guan1266,sino1245,-4.061300383089261,1.2994867681369868
khum1248,sino1245,-3.116747344611747,0.9069000576729938
khva1239,nakh1245,-4.382224014767007,2.739589558175526
kich1262,maya1287,1.4544591455443237,0.824989923182768
kiku1240,atla1278,2.094402400807713,0.8508859032345537
kile1243,tung1282,-3.957011974136602,4.864385003127682
kimm1246,atla1278,1.5941145274420787,0.6805982943603848
kima1246,kolo1268,-3.215575595335926,3.726918340654339
kimm1245,hmon1336,-3.1054261000107184,2.4996318631651957
kina1250,aust1307,1.183191389969716,0.6443618425753233
kinn1249,sino1245,-4.972237729250413,2.3436289429421766
kiow1266,kiow1265,-2.2658194250884325,4.362092125100286
kips1239,nilo1247,2.544086662049488,1.2453905998945327
miju1243,sino1245,-4.262605448236611,1.1074687139162105
koda1255,drav1251,-5.02481676845987,4.032936180982882
koho1244,aust1305,4.885355743551265,1.5157625208442216
koir1240,sino1245,-2.717806031548439,0.7140286045193207
koit1244,koia1260,-3.7821329336566527,4.1955369389539054
koka1244,pama1250,-1.1340328019571837,1.2401595019473497
koko1269,aust1307,0.2784445225607135,0.4699341654702884
kola1285,aust1307,-1.6999779525596046,0.9718088343924692
kolb1240,atla1278,1.1890751699418465,0.5835379052249419
kolc1235,atla1278,2.0032508476334945,0.7664383513852915
kolu1245,aust1307,-2.5845576223797586,0.736969354715109
komb1274,nucl1709,-2.3021336951843563,1.0268166218418209
komc1235,atla1278,2.179438812935498,0.4354641932884764
komi1270,sino1245,-2.3600536185024827,0.7309038457715982
komi1269,ural1272,-4.884040157470402,5.279370433477915
komi1268,ural1272,-4.883142136930147,5.5440478372026485
komo1260,atla1278,2.058305597600235,0.9076650656342872
kona1242,east2433,-2.8555121476219845,4.3913569364723095
konk1267,indo1319,-3.4400016155344897,2.461395237226194
kons1243,afro1255,0.7639438024370735,0.6281517900168083
kony1248,sino1245,-4.01351049670185,0.8664902535280525
konz1239,atla1278,1.852180228155753,0.7054959734237851
koor1239,gong1255,-3.1854751769135734,2.384327802939291
kore1280,kore1284,-2.856508314855837,5.737382069248653
kore1283,tuca1253,-2.010655199446322,1.850736550413666
kork1243,aust1305,-1.5632687104938363,1.651080649819507
koro1298,atla1278,-0.7001769245961462,0.8516102991149026
koro1313,sout2948,-2.6922771122678277,4.256296622219026
korr1238,drav1251,-4.9530104820579215,4.103846589624246
kosa1249,nucl1709,-1.9651964472452943,1.0013017312376942
kosr1238,aust1307,-0.5631817933047583,1.1319681283083654
kota1263,drav1251,-4.877540689154088,3.9745432027093024
koti1238,atla1278,3.6713319471801498,1.8198360467817984
guan1269,tuca1253,-2.968729526097529,1.399392338819716
kova1243,nucl1709,-3.451093885261145,0.9339765703386966
kove1237,aust1307,-1.816985824820205,0.5297805128928239
koya1251,drav1251,-5.944856574481396,3.959949739863746
koyr1242,song1307,-2.7402915600175555,3.174750672218889
koyr1240,song1307,-3.2961081571056137,3.21251274245578
koys1242,afro1255,1.397141711053128,0.9799716103519563
kren1239,nucl1710,-2.60516759057836,2.6857636020602893
gbay1288,kres1240,1.6124865689168135,2.3225652366496767
kryt1240,nakh1245,-4.131698891387299,2.863623403355936
puoc1238,aust1305,2.159983405049604,0.8955882977270253
kuan1248,aust1307,-1.755807694459519,0.5134668273389504
kuan1247,atla1278,1.1655107329395695,1.1754572404603998
kuii1252,drav1251,-6.212783936961079,3.896991748033279
kuik1246,cari1283,-3.926714504143201,3.6995884350575823
kuku1280,pama1250,-0.0772486910694703,0.889588027684816
kuku1273,pama1250,-1.1066094375487228,0.8847835525672938
fait1240,nucl1709,-3.394530564046863,0.66668443272901
kulu1253,sino1245,-5.49918293320153,1.3112540694047592
kuma1280,nucl1709,-2.206150846665829,0.654693235772573
kumb1268,pama1250,-0.6017174465242547,1.4114766677295698
kumz1235,indo1319,0.4927730923717806,1.701107074758772
kuna1268,kuna1268,-2.336101272874469,4.088543536731373
kunb1251,gunw1250,-3.493551418009159,4.144422708721261
kuni1267,kuni1270,-3.8124968001580113,3.884463767955973
kunj1245,pama1250,-0.858167161017793,0.9063850725396384
kuot1243,kuot1243,0.7039146046428879,2.5034690753601208
kusa1251,aust1307,0.2517015882217104,0.4663444746297109
kusu1250,kusu1250,-4.01039010621124,6.008106136705505
kute1248,atla1278,1.3541243848496292,0.4710773079216146
kuvi1243,drav1251,-6.177674179343208,3.9015455293753423
kuyy1240,aust1305,3.77264493640641,1.2115315914456648
kwai1243,aust1307,0.9866534884967232,0.4453243270230995
kwam1252,aust1307,1.0064139642037264,0.5050102454279184
kwar1239,aust1307,0.9380679709313496,0.4435943607249317
kwaz1243,kwaz1243,-2.715895152553053,4.550007202419892
kweg1241,surm1244,1.6857044234166256,1.7391213732790742
nucl1595,kwer1242,-2.6888345929710358,3.383925734967441
kwin1241,worr1236,-3.3049496347383904,3.503098817558337
kwom1262,sepi1257,-3.852016817589366,3.2649238743773834
nucl1593,kwom1263,-3.098773624455921,4.556405032632258
kxoe1243,khoe1240,-2.049538730895131,2.714968469089849
kyer1238,sino1245,-4.471063116155686,1.5274300451094724
cori1240,atla1278,2.0439847843274723,0.6249020455817025
laal1242,laal1242,1.4354680170338172,3.067612555651989
labe1239,aust1307,-1.7959805263999575,0.5473365769843674
labu1248,aust1307,-2.466801023648544,0.5538345144696972
labu1249,aust1307,1.998445247311031,0.8389718839889806
lach1248,taik1256,-0.2242354459558888,1.3227694265755172
lafo1243,tege1244,-1.2700011682229435,2.9163554217991665
lagw1237,afro1255,2.546044850066401,0.642595720964108
zaye1235,sino1245,-2.676942913836845,0.9848226405356312
lahu1252,sino1245,-3.396447796235943,0.876902270124118
laiy1246,aust1307,1.103973022401365,0.7401583774651108
lakk1252,nakh1245,-4.294048281445526,2.750934739678385
lala1268,aust1307,-2.6993639042376083,0.7541413638385048
lama1277,aust1307,-0.8514420233087963,0.5736875980992018
lama1288,afro1255,1.6621897807393973,0.5155470742567303
lamb1269,indo1319,-3.750216239230011,2.403845840010776
lamb1272,atla1278,2.680445919514528,1.0314179776551369
lame1260,aust1307,-0.2277396081264981,0.3316992178487297
hela1238,sino1245,-4.462829868344092,1.4679445544492076
lamo1244,aust1307,-2.023161926047078,0.5447752012421585
land1256,atla1278,0.6425820655744268,0.6573617895111017
lang1320,atla1278,2.677027356247663,0.816551911050114
lang1324,nilo1247,1.976138921278584,1.2003821448771692
lara1258,lara1258,0.2920745501701707,2.424785685398785
lash1243,sino1245,-4.24365560226103,0.923812403923872
teke1275,atla1278,2.9964177209847804,1.1664760292078142
latv1249,indo1319,-3.282270673702649,2.3746771207703787
lauu1247,aust1307,0.9046180525624464,0.4711943986565554
lave1248,aust1305,3.800050461410904,1.1771829701900884
lavu1241,lavu1241,-1.3427737007456753,2.9275546591484947
lazz1240,kart1248,-3.253027053341515,4.717008394715436
lega1250,atla1278,2.2820312854140585,1.0457255457497805
lele1276,afro1255,2.06840398556843,0.7148638430571577
lele1267,aust1307,0.7675264641171693,0.4182980086110515
lele1270,aust1307,-1.2820032323687272,0.6220916531148433
lemb1266,nucl1709,-2.242216559604116,0.7237186878297646
leme1238,aust1307,1.245406750556361,0.4969985395220533
lena1238,aust1307,1.0017092264780936,0.4947970817788665
lend1245,cent2225,-1.1421985531624816,0.6290299233648788
leng1259,aust1307,0.7167529341187779,0.4457462875630309
lepc1244,sino1245,-4.362197311329529,1.2706740856245151
lese1243,cent2225,-0.0875045034913277,0.6456101525624582
leti1246,aust1307,-1.709782317923639,0.7086765859120732
lewo1242,aust1307,-0.4009398301166706,0.3519381149229978
lewo1244,aust1307,-0.6414627506209012,0.5513135322888996
lezg1247,nakh1245,-4.20358879994666,2.816204179544052
libi1244,atla1278,3.1948052616488454,0.8147772902025618
liby1240,afro1255,2.8551374745925795,1.8975809891254496
lihi1237,aust1307,-0.354662392246001,0.5105761851841208
liji1238,atla1278,1.1223531386883616,0.5722765152430398
lika1243,atla1278,1.628428657281706,0.6463516566352201
lill1248,sali1255,0.8572630677006816,1.1218357165810795
limb1266,sino1245,-5.366991406780603,1.3170221129074502
nucl1327,limi1242,0.3514686725551579,2.43766662745206
limo1248,aust1307,1.6055780258811323,0.5046624926283876
lipo1242,sino1245,-3.114018155606317,0.9093283946002656
lish1245,afro1255,0.2337256520726027,0.9225956814728544
lisu1250,sino1245,-3.3310004089449983,0.9504558355592678
lith1251,indo1319,-3.239090540848771,2.2122203407659526
lito1235,atla1278,3.242988504926556,0.7849910781126681
livv1243,ural1272,-5.132652474239409,4.767766559486044
loba1239,atla1278,3.340108028338463,0.8364321173079254
logo1259,cent2225,-0.2397002153955538,0.5945765451846299
balo1261,atla1278,3.3445925098540528,0.8989549904776624
loka1252,atla1278,2.0877069752602555,0.5608075817583131
araw1276,araw1281,-2.085858497960676,2.039892892555441
lolo1259,sino1245,-3.15572971386052,0.919452464326671
loma1260,mand1469,-4.182192895722358,2.789492462401986
lomb1257,indo1319,-2.0012660962019666,1.2333744369778668
chiq1248,chiq1253,-2.455157033845321,4.297187418582006
acha1249,sino1245,-2.86822950677462,0.849962508764813
long1395,aust1307,0.917169171015193,0.4742760810747306
loni1238,aust1307,-1.285467360483091,0.6057755279009065
lote1237,aust1307,-1.4801423080544445,0.5815680427522061
loth1237,sino1245,-3.0146265308611624,0.764304339382921
louu1245,aust1307,-2.140104694902934,0.6184438170394113
vano1237,aust1307,1.422924479412046,0.6234818052109645
lowl1260,tequ1244,-1.3263148550954582,3.038309892236131
lowl1265,utoa1244,-1.6726631871495174,0.9164916255908668
lozi1239,atla1278,2.6127403615236595,1.205099897446889
luan1263,aust1307,-1.66043656484698,0.7515545046557008
onto1237,aust1307,-0.225537203522391,0.7837881684458416
lubu1243,aust1307,2.2986412283102373,0.4876348168588293
luch1239,atla1278,2.2019251792794243,1.1315026761719018
ludi1246,ural1272,-5.074635193546855,4.970208231219762
lugb1240,cent2225,-0.3222972162286348,0.6281667390071544
lugu1238,atla1278,1.8512914659388475,0.8955068036207887
lule1254,ural1272,-4.771165319261409,5.188904265259408
lumb1249,atla1278,2.3142852398964955,1.4063439045892814
lumu1239,narr1279,2.1124218904894505,2.4081875340861387
lund1266,atla1278,2.233684048583457,1.2740182089981502
lund1271,aust1307,2.747964594868184,0.9766663685196306
luok1236,nilo1247,2.6956965391075,1.2978254044887052
luse1252,atla1278,3.168895591487022,0.9661901220686976
lusi1240,aust1307,-2.0159534558469003,0.5246520176628735
luva1239,atla1278,2.194978202072921,1.1530059481052355
luya1241,atla1278,2.232093336358176,1.145059808029826
maan1238,aust1307,2.4663411052708737,1.26127514676792
maas1239,atla1278,-1.0456900733566634,0.6430184255458702
maba1270,atla1278,2.530255416513361,0.7829099198527949
maba1277,maba1274,0.2558026879952311,1.7560279560175849
maca1259,guah1252,-0.7194763361652934,1.962605315848412
mace1250,indo1319,-1.358389338974293,0.9939148244164464
maco1239,sali1297,-3.09851907721732,4.994635471068741
macu1260,tuca1253,-1.5782315452972,1.3034310205172126
macu1259,cari1283,-4.8716980892666415,3.725969167396967
mada1285,aust1307,-0.2281166083290773,0.4699582477727517
madi1260,cent2225,-0.2796670652296846,0.7125503801651654
jama1261,araw1282,-2.335018544782864,3.4172987814002127
madn1237,east2374,0.4237791292587791,2.451080436121588
mafe1237,aust1307,1.0888180281658126,0.3497412824888446
maga1260,indo1319,-3.9120098011392175,1.768764055962663
magd1235,otom1299,1.477001054274361,0.6559767826797067
magu1243,aust1307,0.8830247446077482,0.5332555085775699
maia1254,nucl1709,-2.2693691981503217,0.7282162533104692
maia1253,nucl1709,-2.2927433110964204,0.726021854439546
mail1248,mail1249,-3.551939911664703,5.067329990308243
mais1250,aust1307,-3.684302461978079,0.7642609206732072
mait1250,indo1319,-3.639251205242889,1.7693205057752197
maja1242,surm1244,2.037451796187299,1.7751085896566163
maka1304,atla1278,2.8231454525425246,0.7559756731468656
makc1235,taik1256,-0.5262383974971092,1.1763589634182043
makh1264,atla1278,3.5704795715026574,1.653519961667941
makh1266,atla1278,3.4894754651158504,1.5888304543007408
mako1251,atla1278,3.326579447549282,1.3566352066998153
maku1277,aust1307,-1.7744235632503589,0.6926273633237674
makw1236,atla1278,3.2673099156505145,1.3673532200205385
mala1463,drav1251,-4.455762488476037,4.328564681160571
mala1534,aust1307,1.6310904430573894,0.5358390611814894
mala1464,drav1251,-4.501551068574836,4.218503310023413
mala1522,chib1249,-1.8199188546922092,1.1773018636698147
male1284,gong1255,-3.905434637289864,2.3267152809999896
male1297,chib1249,-1.6876996263622472,1.180525330034884
male1289,aust1307,-2.161676348667141,0.5586170142770541
malg1251,afro1255,2.6176340130584927,0.628784379187616
mali1285,otom1299,2.4239939534113173,0.7915669844293749
malt1254,afro1255,1.5395739990351514,1.6139001958428647
malu1245,aust1307,1.1724043382667202,0.332458570874536
mamm1241,maya1287,1.6455986281451436,0.8295935916586696
sauk1252,nucl1709,-2.75394447649343,0.7680604615441524
mama1275,aust1307,0.3335408751410065,0.6460169630614185
mamb1306,aust1307,-1.6251819489955448,0.7103756933621455
mamb1294,atla1278,2.070550994068736,0.5912715996731404
mamb1296,atla1278,2.6154375028288595,1.0980366896765863
mamv1243,cent2225,-0.2449135523553991,0.5953853685747248
mana1295,aust1307,-1.781826757748222,0.6435255371296478
mana1298,nduu1242,-3.5279435471966103,3.828298676709725
mana1288,sino1245,-4.241404111006149,1.6577461946764416
payn1244,nucl1709,-2.344249676569472,0.6778732241198462
mand1440,aust1307,-0.8337005461832565,0.5157069780846246
mand1415,sino1245,-3.6115773711965327,3.1121776482799888
mand1436,mand1469,-2.832784378625832,2.610877620553774
mang1378,aust1305,2.0690873746662684,0.7758246550334835
rapa1245,aust1307,0.0990755724031515,1.8430329967259895
mang1401,aust1307,-1.1854041368545185,2.1686897160002747
penr1237,aust1307,-0.1976747560910841,1.6532590954139597
mang1381,mang1423,-3.245253151433297,5.049096288973271
mang1394,cent2225,0.0959732583450492,0.6375446815938446
mang1404,aust1307,-2.5061647698594784,0.5712880058146812
mang1405,aust1307,1.1333388782821885,0.738928928262343
mang1403,aust1307,-1.49675716296343,0.5725648582955145
moni1237,otom1299,1.103576708051527,1.58873516978273
tong1308,aust1305,4.051058432867876,1.5167230536299918
manm1238,aust1305,1.9552056320068163,0.7691206838556912
mann1248,mand1469,-4.347665198772357,2.935882166854115
mans1262,aust1307,0.5472561721687508,0.613052725453791
mans1260,hata1242,0.3413050719431116,2.417199879955552
manu1258,aust1307,-1.90980077735782,0.7877428844984351
maor1246,aust1307,-1.125728080656879,2.382871075485058
mapo1242,aust1307,-2.4854246396565767,0.5601485939237971
mapu1245,arau1255,-3.1901837379218607,6.666707073438714
mara1382,sino1245,-4.213460283013621,1.0056673549831938
mara1399,aust1307,1.260385077655001,0.3022248762903299
mara1379,sino1245,-2.8267534888619084,0.7271350918148247
mara1386,west2434,-0.9223848148078908,1.3890471782069191
mara1378,indo1319,-3.806416959378201,2.3026959491761474
marg1253,pama1250,-1.7856963576009388,1.2028132608754003
marg1265,afro1255,2.377065738499871,0.5570373079035029
mari1414,drav1251,-5.995305128495975,4.045922225291097
mari1440,coch1271,-0.6880680106019742,1.8230316507816635
mari1428,aust1307,-2.082810882625933,0.5882989448293596
nucl1622,anim1240,-3.802400702128201,5.311961709796324
mari1416,sino1245,-3.6359128795288793,0.7439087278092948
mari1424,west2434,-0.8178766456726962,1.4064223783188885
maro1244,aust1307,0.3856016200506542,0.4768522157108403
mars1254,aust1307,0.5236857786681619,1.5570881583932596
mart1255,pama1250,-0.3146308147508181,1.0137208410390848
maru1249,sino1245,-3.919775455259007,0.9065585226471526
masa1322,afro1255,1.411250504592492,0.628117827289211
masb1238,aust1307,-0.1756544329323164,0.563608246108183
mask1242,aust1307,0.0482013379692096,0.3074545004737388
matb1237,aust1307,-1.822504176735919,0.8028435813462913
kemb1249,aust1307,2.6988163691889486,1.307030406356578
mati1250,aust1307,0.4822286261639581,0.5203856180547959
mato1252,aust1307,-2.167997806776792,0.5540999959252293
mats1244,pano1259,-3.911385070772493,2.630991651343546
matu1261,aust1307,-2.0407634258634366,0.5898355025403141
matu1259,atla1278,2.7745842000493823,1.119554027629313
maun1240,iwai1246,-3.191616237960184,4.940460348106218
maxa1247,nucl1710,-2.6126606082644512,2.6449857561366024
maya1285,misu1242,-2.326931162141989,2.682260140751321
maib1239,mayb1237,-2.49826044522731,4.146057930785945
mayo1264,utoa1244,-1.6939776364191617,1.072945175317642
mayo1261,atla1278,0.8368017219502617,0.6040745807565404
maza1304,afro1255,2.3086738333105647,0.5307164083738396
mbaa1245,atla1278,0.5309602846391597,0.7425588709713598
mban1263,atla1278,2.4085720296085897,0.7629146148479347
mbar1260,afro1255,2.575050690036509,0.666493819010066
mbay1241,cent2225,0.9732615545351796,0.7559633268025241
mboc1235,atla1278,0.9219644402402264,0.4523398967408223
mbol1247,atla1278,2.1753058255513853,0.9337802604858768
mbug1242,atla1278,2.6103972963655373,0.8179601579917257
mbul1263,aust1307,-2.243281719632129,0.5570267463654588
mbya1239,tupi1275,-3.878461954081133,3.554632874760542
meen1242,surm1244,1.7171085337143808,1.690116603310072
mehe1243,sepi1257,-2.873883291722987,3.211677617098327
saki1248,tupi1275,-3.1831865850547505,2.351833510824827
meke1243,aust1307,-2.660148896127186,0.6876135395823049
mele1250,aust1307,0.5467677215757658,0.4101739405607514
melo1242,gong1255,-3.987041042592547,2.3118930098163712
melp1238,nucl1709,-2.240405645930103,0.6713169714974381
mend1266,mand1469,-3.8296392309275618,2.733652965017141
mere1242,aust1307,0.0923336459305019,0.3855080405243996
mesc1238,atha1245,-3.2102963333222063,3.5444576611123733
meta1238,atla1278,1.2659236202923898,0.4568065362270967
mezo1235,otom1299,2.461501061378997,0.7404754574692927
mezq1235,otom1299,0.298017406881494,0.8193443533546567
midd1327,aust1307,-2.407269467024915,0.5921229718674237
mids1243,atla1278,1.635673232141328,0.7517496867925502
mika1239,musk1252,-2.9504989745698027,3.5434154751342763
mikm1235,algi1248,-3.2849202592625053,5.580578115493629
mila1245,sino1245,-4.318156575446375,1.1064663655037297
mina1276,afro1255,2.3728270605462822,0.5227556737767447
mina1268,aust1307,2.02147264438545,1.3311641072436071
mini1256,huit1251,-0.8253374598623164,1.8272740072953813
mini1251,aust1307,-0.8791403665400707,0.5037576256176628
minn1241,sino1245,-1.541347149363899,1.4485430524777474
misi1243,aust1307,-1.927216455080815,0.8979932034312448
misk1235,misu1242,-2.297846528975813,2.810339379644025
mixt1426,otom1299,2.5722237447099063,0.8281952870705247
miya1266,afro1255,1.5327766422172564,0.6619816599588546
miya1259,japo1237,-2.7132061778259144,2.565300751691664
lush1249,sino1245,-3.369594331691133,0.9685816921301154
mlab1235,aust1305,1.8083380017519688,0.8854211461098398
moba1244,atla1278,-1.2621633376367178,0.74050632885249
moch1257,maya1287,1.828503855172512,0.8364791232754847
moco1246,guai1249,-3.3568154526431546,4.464511756419778
mode1248,indo1319,-0.2430077280269635,1.2072718180062338
hebr1245,afro1255,1.5708987842278246,1.2968259376667817
moha1258,iroq1247,-3.58610756496839,4.708321156837467
moii1235,west1493,-2.565904456408989,4.240926283599452
moke1242,aust1307,0.7833703775870302,1.119129352998902
moki1238,aust1307,-0.8272539562000758,1.0002542408693331
mokl1243,aust1307,0.7114122919200381,1.018193801760377
mokp1239,atla1278,2.181485764568892,0.5781588419286479
moks1248,ural1272,-4.834489005041338,4.85216448330324
nucl1452,momb1255,-2.8295367911518743,4.597571517854876
fass1245,baib1250,-2.291524973304546,3.831636326900981
mong1338,atla1278,2.745981350852165,1.082982077869083
mono1273,aust1307,-1.5394361414907776,0.6026767010797034
mono1270,atla1278,2.2594841083362303,0.7433927755407783
mono1275,utoa1244,-2.019308545724772,1.3563065177016878
nucl1458,monu1249,-2.822181764028897,4.310246118474666
monz1249,atla1278,2.554301189919795,0.7846393067894777
mopa1243,maya1287,1.3723411390660147,0.9913762504068836
morm1235,aust1307,-1.2975093898544443,0.7424137855167334
moro1285,heib1242,2.287544054089764,2.362448605083872
mort1237,aust1307,-0.3952800003473018,1.0012386024958566
mose1249,mose1249,-2.141076344883272,3.879740354460208
mota1237,aust1307,1.191422220199105,0.48781344751389
temb1272,atla1278,2.8974260030846057,0.8065441216901998
motu1246,aust1307,-2.770690079294929,0.7935765659888592
mouk1239,aust1307,-2.0348704779470745,0.5375367292473072
moun1252,koia1260,-3.8442740386147767,4.171247570384614
movi1243,movi1243,0.532394230293002,2.487121839102583
tang1347,aust1307,1.2656213161155283,0.3682422055655863
moyo1238,sino1245,-3.149890951010904,0.7360411497625083
mpad1242,afro1255,2.7000133130996984,0.7587464536728543
mpii1239,sino1245,-2.49285779052314,1.1188256307727436
mpot1240,atla1278,2.9769886083256143,1.167375733922395
mpur1239,mpur1239,-2.4242609714436103,4.074408182307133
mual1241,aust1307,2.717314059231783,1.332815009031954
mudu1242,aust1307,-1.536102899960485,0.580286003917676
mudu1239,drav1251,-4.789867787363406,4.0206041455054375
mull1237,nort1547,-2.221201696241033,3.875502520531328
nucl1240,atla1278,0.3945526028089761,0.5120049291844531
munc1235,sino1245,-3.921330255059499,1.174871353019789
mund1328,atla1278,2.06166568412565,0.4398707334083003
mund1325,atla1278,2.163993980154368,0.6124372648105467
mund1320,aust1305,-1.6933884591699124,1.009435077376688
mund1326,atla1278,0.8481184486397462,0.6674137929400032
mund1330,tupi1275,-4.12161824594953,3.0782380389513184
abar1238,atla1278,2.06357925012442,0.4397902175471806
murl1244,surm1244,2.3171820251908475,1.7824700757489005
muru1274,huit1251,-1.0341567519556936,1.847746171636679
muru1266,pama1250,-1.605202046077537,1.2253233431281796
musg1254,afro1255,2.4555935201439434,0.6167096484589223
muso1238,aust1307,-2.3951217281378163,0.5481716083629404
muyu1244,aust1307,-1.6985773427325408,0.8080066570550226
mwag1236,afro1255,2.1663159202037128,0.6184320060385762
mwan1250,mand1469,-5.121171977102756,2.8676466008080013
mwan1247,atla1278,3.3775239195565625,1.5696094296928536
mwer1248,atla1278,3.039036589358389,1.2123781386214674
motl1237,aust1307,1.2031322902575767,0.5122196913065231
nade1244,nada1235,-1.110365914822082,1.772697251154591
sout2857,aust1307,0.7995158328044178,0.3215105354557739
naka1262,aust1307,-1.1405702145609655,0.5629763820915255
nali1244,aust1307,-0.1892022759476093,0.489254871667141
nama1268,aust1307,0.4994116157703239,0.3955432165603465
litz1237,aust1307,1.022102635547931,0.3105873581715279
nama1264,khoe1240,-2.804625723998297,3.6338138506075097
namb1293,more1255,-3.767882087441614,4.413712439094444
namu1246,sino1245,-4.176585266066764,1.111443246710074
nana1257,tung1282,-4.0322656575054,4.741894835302418
nand1266,nilo1247,2.398691739223884,1.1005250616503162
nang1262,aust1307,1.349879765902266,0.6517318163114254
nant1250,araw1281,-0.6850015574374535,1.0985031722875238
nara1262,nara1262,-2.4769523680355383,4.254401703241545
naro1251,aust1307,2.7716564959094177,1.0794493447871645
yong1270,sino1245,-3.33574570118595,1.0229252801917763
naru1238,pama1250,-1.995806293879095,1.808324844472029
nati1244,aust1307,1.0538676503246989,0.3278450639900789
nati1243,atla1278,-1.6193444389191305,0.6167814302769798
natu1246,aust1307,1.2172656143259195,0.6502720787351155
naue1237,aust1307,-1.8158783422712013,0.6894552733282033
naur1243,aust1307,0.566872609982549,1.2958898195402335
nava1243,atha1245,-4.314129221968718,3.4859550265708457
nawu1242,atla1278,-1.6227521589742313,0.6648939595489125
naxi1245,sino1245,-3.3111037211403542,0.9928648920430856
ndam1251,afro1255,2.580805103626693,0.8354377248620182
ndam1239,atla1278,2.7900202339267164,0.9819570429730344
nden1248,atla1278,2.6145232350655814,1.0495698327013765
ndob1238,atla1278,3.256477838138357,0.8633690246465466
ndog1248,atla1278,1.8960184984530608,0.895452906623353
ndom1245,kolo1268,-3.1675739367323663,3.7351494227150175
ndun1249,atla1278,2.1083150256630585,0.745660578337187
nege1240,aust1307,1.6549729969119404,1.0706948813219397
negi1245,tung1282,-4.176670655502173,4.893059272871084
neha1247,aust1307,-1.652270081038001,0.6122923368462896
kuma1276,aust1307,0.7942348461856046,0.6456651331318906
nenn1238,more1255,-3.920061231035621,4.39810760492458
nend1239,nucl1709,-2.360654659472935,0.670064869913297
neng1238,aust1307,0.2518041907464416,0.6602669155809995
nucl1706,afro1255,2.0413078440671044,1.4493558429959617
nepa1254,indo1319,-3.347742893148332,1.816360031063752
nese1235,aust1307,1.2062873642896093,0.3289622409364288
vinm1237,aust1307,1.1226544314110949,0.3150930526870006
ling1265,aust1307,1.0818498773592515,0.3114033112548107
nezp1238,saha1239,-3.868505254983738,4.503241433522126
ngaa1240,pama1250,-0.9254820397577624,1.2982986385671946
ngab1239,chib1249,-1.9903045777248376,1.1391284806735893
ngal1292,gunw1250,-3.516631730340847,4.228721477816884
ngam1268,cent2225,0.8885355951938085,0.7183035743119337
ngan1291,ural1272,-4.521374131302629,6.281664487781763
ngar1235,pama1250,-1.2977244479743033,1.1554343331919767
ngar1284,worr1236,-2.366817105305325,3.450612670897822
ngar1283,mirn1241,-3.257497828126316,4.128153556956316
ngas1240,afro1255,2.0942661214746905,0.59511178393576
ngba1284,atla1278,2.532193368617242,0.8172834515952445
ngba1285,atla1278,3.269936336136471,0.7841409715647458
ngit1239,cent2225,-0.9434186845422294,0.6605731418612919
ngom1268,atla1278,2.939774066359835,0.8439871159444632
nhan1238,pama1250,-1.2832362876658765,1.3783441695569696
nhen1239,tupi1275,-5.493149045285827,2.874392830294834
niha1238,niha1238,-4.819928997053545,6.573535581668024
nila1242,atla1278,2.6211888591569448,0.8627192512318018
nucl1633,nimb1257,-2.390209662718792,3.9858915804172046
nina1238,yano1268,-4.290846581218959,4.46273820744974
labo1244,aust1307,1.0666296001734672,0.3287095702601554
nisg1240,tsim1258,0.4723075324302304,2.691090339296622
niua1240,aust1307,-0.2370351527711842,1.231005978521539
niue1239,aust1307,-0.4444430489495736,1.3642255484494523
niva1238,mata1289,-2.663464448997119,4.803931290258986
njan1240,atla1278,1.7835676412630406,0.5067888853235392
nkon1248,atla1278,-1.6661065446136636,0.5848970898542696
noct1238,sino1245,-3.3704689576379723,0.9256753377330308
noku1237,aust1307,1.186849814058526,0.4726024149363557
noon1242,atla1278,0.7710419627433716,0.988031669315438
noon1243,atla1278,1.961425171941686,0.4368671500147609
nopa1235,otom1299,2.6533641436821664,0.7685362507370304
nort2839,aust1307,0.8441986144680342,0.3300904280129302
nort2697,turk1311,-4.060570306127328,3.5693248778671745
darg1241,nakh1245,-4.360794033233156,2.827664716745728
nort2930,kiwa1251,-4.010666047294403,5.161721997058295
nort2836,aust1307,0.6464677161864305,0.4101754631608578
nort2724,sino1245,-4.194392158468855,0.96386706651157
nort2972,choc1280,-3.0639443814010843,3.0781900909608986
nort2702,drav1251,-6.020845540848546,3.947298603183886
gumu1244,gumu1250,-3.061234715194804,3.278844836982993
nort2938,haid1248,-1.976936826538183,2.964939940085832
sing1264,sino1245,-4.242603816746937,0.9496227034666144
nort2877,aust1307,1.483486333948543,0.4954739353222592
nort2684,aust1305,3.599381024475899,1.227865229911373
lush1252,sali1255,0.8460174555727682,1.0451979928400998
nort2774,atla1278,1.605594734019168,0.6741474572566428
nort2954,utoa1244,-2.1737053682625564,1.5234976201659745
nort2957,utoa1244,0.3162628022752733,0.8059110795206372
nort2723,sino1245,-3.4822433937957906,1.0927454247055994
nort2747,hmon1336,-3.2841405937102004,2.7356551847071984
nort2722,sino1245,-2.853153085728452,1.3448817785801008
nort2994,aust1307,1.949628883734468,1.1057081896473289
nort2885,aust1307,0.6074818200688883,0.6170427724465171
tosk1239,indo1319,-0.5033479919233372,0.9321088314161372
nort2732,sino1245,-2.407263279160805,1.6790256286803054
nort2690,turk1311,-4.63181214460321,5.003815826296899
yoku1256,yoku1255,-2.9390764248861974,5.002446821898653
nort2745,yuka1259,-3.46796298676559,7.729248679516982
nort3047,afro1255,2.4850592390171737,0.5325448853798527
nort2980,quec1387,-3.344620792429392,3.2126336912077305
nort3139,afro1255,1.077353982315445,1.1668957056767493
nort2845,aust1307,-1.7815835541181306,2.5116769708488267
nort2671,ural1272,-4.895676857839771,5.306150832573676
nort2942,atha1245,-3.69873343336994,4.095504382711487
nort2847,aust1307,0.9865044102289072,0.4941206577203481
nort2699,drav1251,-5.863970016300161,4.096285971422707
nort2961,algi1248,-3.9300733088975215,4.75779165889314
nort2775,atla1278,1.8360756475240647,0.7878643512508035
yaki1237,saha1239,-2.34149502570641,4.122205247779718
nots1237,aust1307,-1.1913066817131643,0.4865401890478384
nsen1242,atla1278,2.9909330186734597,1.465863028800937
nuer1246,nilo1247,2.41231589501501,1.4231637184910753
nukn1238,nucl1709,-2.5567784952637918,0.7991876099374977
nuku1260,aust1307,-0.8287668463887,1.0005298593990428
nung1282,sino1245,-3.2305780925653247,0.9794620911306726
nupe1254,atla1278,1.362048166046888,0.6841250973325561
nusu1239,sino1245,-3.356225544938823,0.9416653816502372
nyah1249,aust1305,3.881952662121207,1.1851770024484232
nyah1250,aust1305,2.751508684639795,1.1540564632845882
nyak1260,atla1278,2.635221453273948,1.021874861757949
nyal1250,atla1278,1.4516439652700122,0.6426854450117467
nyam1285,afro1255,1.002952251816223,0.5794505399754595
nyan1301,pama1250,-0.7346558645492585,0.9657372076845476
nyan1307,atla1278,2.1154748749875854,0.7830516406070611
nyat1246,atla1278,2.6551868478287872,0.8659969067540452
nyig1240,nyul1248,-2.9494349530210853,3.764427999760213
nyis1236,sino1245,-3.3913924874533814,0.9218478599064904
nyor1246,atla1278,1.855602350015355,0.6858149555651512
nyun1247,pama1250,-0.8864840549387978,1.666399287810302
nzad1234,atla1278,2.603757380378718,1.1824167211603631
nzak1246,atla1278,2.6288753651162846,0.6928458542216269
nzak1247,atla1278,1.1737791944614535,0.693622405761614
obok1239,lake1255,0.1262564270790138,2.3643364524055297
occi1239,indo1319,-1.751078176111867,1.257956301430072
ocot1244,otom1299,2.622243852839949,0.7193573532815716
oriy1255,indo1319,-4.48806346049822,1.867423458592441
ofay1240,nucl1710,-2.0228250726456034,2.068434491167292
kalm1243,mong1349,-4.505791976595397,4.987832377918467
okan1243,sali1255,-0.3855913540466025,1.110067027004165
okin1246,japo1237,-3.336000841016248,3.0319225410314745
okoe1238,atla1278,1.2887045577072411,0.5695534736748833
oksa1245,nucl1709,-3.181503540466512,0.874403767073753
okuu1243,atla1278,2.144237369204987,0.4493499775690353
oloo1241,nucl1708,0.2869462817805919,0.8794557369033988
olut1240,mixe1284,-2.028170563851778,2.314078663025283
omah1247,siou1252,-0.260371156378484,2.0413361995295265
omie1241,koia1260,-4.757248227023443,4.20622638468567
bira1253,bira1253,-2.5295321194204314,4.08181425166565
orma1241,afro1255,2.1884786696780933,1.1210207465825217
oroc1248,tung1282,-4.121448304547647,4.743144113346055
oroh1237,aust1307,0.9336660635337076,0.5040522168053148
orok1265,tung1282,-4.097296501383566,5.104484577599875
orok1269,nucl1709,-3.235608358996937,1.1005258616617812
orok1266,atla1278,1.2154345910703477,0.5135918542496594
orok1267,nucl1580,-0.7231800457817364,1.8526644932891203
orow1242,aust1307,0.8225406550021939,0.553696114993329
otor1240,heib1242,2.181036744147998,2.390896527328838
otta1242,algi1248,-3.879874312811457,4.610289747264873
owaa1237,aust1307,0.4021238406313596,0.6561668988330478
paaa1242,afro1255,1.533106956342707,0.6860838112943224
darl1243,pama1250,-1.7847254393796692,1.5352034907908385
paam1238,aust1307,0.834051137640988,0.3332119755676004
paas1238,atla1278,-1.7799448835357357,0.6829924641636644
paco1243,aust1305,3.4537988203533043,1.1869996703924135
pagi1243,atla1278,2.422161351463883,0.7329266510186887
pagu1249,nort2923,-2.9909901530510385,2.493325403872406
pahn1237,hmon1336,-3.0959661693090488,2.5301470341474186
pait1244,sino1245,-2.8282835910009982,0.7611266172044839
pala1344,aust1307,0.0214747339332523,1.074949419517571
pali1279,araw1281,-2.0518050926629288,2.316050284584673
balu1257,aust1307,-0.987410565426564,0.5981251425978744
pamb1243,atla1278,0.4758649497695826,0.59744322248525
pamo1252,aust1307,1.3248804888194758,0.7381064026879987
pamp1243,aust1307,0.4070766281493663,0.5547034361759415
pana1305,utoa1244,-1.7612625837617628,1.2146276040419135
pana1307,nucl1710,-2.2637219345250523,1.825131766865974
enap1235,cari1283,-4.673950685082925,3.650697500384021
pang1290,aust1307,1.4571326075483158,0.5473974066197513
pang1291,aust1307,1.1673731465528,0.7482707339932269
pang1287,atla1278,1.8603465177393772,1.0008557846824395
pano1254,pano1259,-3.636042242083733,2.460892569306345
pany1241,pama1250,-1.0520844914901797,1.0193992223795476
papa1238,toto1251,0.4123556608514027,1.2349659041007648
papa1265,aust1307,-1.638278490215252,0.5680395850051987
para1311,tupi1275,-3.780825351822336,3.238321540578921
para1302,sino1245,-2.9940062639978677,0.8234109311810371
pare1272,araw1281,-0.3114659421000905,1.1706091691668394
pate1247,aust1307,-3.3606743370697734,0.5837601081447534
patp1243,aust1307,-1.6203668256340544,0.5007238367555971
patt1248,sino1245,-5.036063495560719,2.51500089284003
paul1238,aust1307,-1.936511935854449,0.8093364304564066
pawa1255,pawa1255,-3.8488137923956183,5.033631979580339
pawn1254,cadd1255,-2.250031933018868,4.400474190796439
pech1241,chib1249,-1.404799223616109,1.5406022757229785
peer1241,atla1278,1.0494779279932391,0.5364936933529911
pela1242,sino1245,-2.8061745755294063,0.8504642949977761
pemo1248,cari1283,-4.011425654105938,3.684602801938806
pend1242,aust1307,1.9524652545105523,0.8346741059976281
peng1244,drav1251,-6.217525092409785,3.904825447176478
peri1253,mong1349,-3.584585296903591,4.460647647993692
phom1236,sino1245,-3.906188880766383,0.8279363135913087
piap1246,araw1281,-1.1846883045764596,1.0887722938235864
pila1245,guai1249,-2.31767937793519,3.970711824477414
pima1248,utoa1244,-1.401940945606807,0.9542785628236352
pina1252,piaw1238,-3.846216131123672,4.157535754610476
ping1243,aust1307,-0.6210820500623061,0.993963432134544
pipi1250,utoa1244,-0.5380658144154469,1.2696976578840626
pite1240,ural1272,-4.785850136368483,5.1195009410782095
plai1258,algi1248,-4.461545558122939,4.618334655592218
pnar1238,aust1305,0.5466399762175649,0.8133888960178055
pohn1238,aust1307,-0.8254420871985934,1.0497873203868462
poko1263,nilo1247,1.4270200868046112,1.1045425676216372
poli1260,indo1319,-1.8847770123932783,1.691660056712596
popt1235,maya1287,2.6912277380786955,0.7889351773316129
port1285,aust1307,1.0115877554596553,0.3184200624021454
port1283,indo1319,-1.2049159251261816,1.523169336988598
phai1238,aust1305,2.019644259919327,0.8697443927828452
psik1239,afro1255,1.5006286459186864,0.4975972219018558
puin1248,puin1248,-3.894464313044901,5.473022652534023
puka1242,aust1307,-0.1273857537011031,1.389075960259902
pula1263,atla1278,0.8169886069081276,0.8355741484876571
pula1262,atla1278,0.6689867125552134,0.7546555836453148
pulu1242,aust1307,-0.7152185290095833,1.038460236256709
puma1239,sino1245,-5.580798391454639,1.3371740911372445
pume1238,pume1238,-2.897579683331044,4.900610190702107
pura1257,pura1257,-3.998484401290025,5.148120193812987
pure1242,tara1323,-2.0481141221905697,3.9005800816918894
puri1258,sino1245,-5.06996446467916,2.644523866142072
qawa1238,kawe1237,-2.6118327468492284,5.931579759444881
qima1242,afro1255,0.5576228723973609,0.8801412401889497
quer1236,otom1299,0.1779541671043465,0.8643903075085291
quio1240,otom1299,2.7166205938530457,0.7248892833794223
rabh1238,sino1245,-3.545872197999569,0.96286016815006
rade1240,aust1307,2.006704645202106,1.0094246915339795
raji1240,sino1245,-4.579163691216003,1.895725986798961
rama1270,chib1249,-1.7375765234418394,1.145039025164488
rapa1244,aust1307,-1.600808224976197,2.953072206961761
rapo1238,nort2933,-2.771934468547399,3.6040054710763982
rata1244,aust1307,-0.0795468539279053,0.8698198845094289
raut1239,sino1245,-4.852256824599011,1.9601431485529552
reng1252,aust1305,4.191656333179887,1.2660474815089042
renn1242,aust1307,0.8033683694124689,0.7516038681287753
reye1240,pano1259,-2.739456873811276,2.242993091757892
rian1263,kolo1268,-3.2465561213518708,3.719281541605694
rikb1245,nucl1710,-2.3238662186992465,1.9486424752825275
beka1241,aust1307,2.6703642376111985,1.352822319612308
roma1326,indo1319,-2.0962454489670583,1.2704995596659998
romb1245,aust1307,-0.0239659898535,0.5676699082372512
ronn1241,afro1255,1.8897339372617847,0.6335998761559978
rong1266,sino1245,-3.663044707040932,0.7298338193433072
rong1264,sino1245,-4.830997808402351,2.2130912597897705
roto1249,nort2933,-2.8858341150283664,3.621995065808804
rotu1241,aust1307,-0.7015325937621253,1.2801670655590005
rovi1238,aust1307,0.1022258395676618,0.4639814634035524
ruch1235,aust1305,1.953533603246727,0.8906169553241927
ruka1240,aust1307,0.7182104505067919,0.6616682116086618
ruma1248,aust1305,1.8758208555169509,0.9474952882337
rung1258,maba1274,0.0763801049329107,1.7171196034265446
russ1264,mong1349,-4.071213960865613,5.031375029422141
russ1263,indo1319,-3.034850187795476,3.466106138646696
rutu1240,nakh1245,-4.292378121602793,2.764000733296289
saaa1241,aust1307,-0.1816198526926618,0.3473629433456615
saaa1240,aust1307,0.9789997943365014,0.5007739097703556
saam1283,atla1278,1.6489387940411646,0.7229879779076978
saar1237,aust1307,1.6079519787762455,0.6670227951584469
saba1268,namb1299,-2.4115394165146893,3.318719545092565
saga1262,atla1278,2.373067288505922,0.9041435309009388
sais1237,aust1307,0.3454564785529155,0.7050515040587939
yaku1245,turk1311,-4.568900095858428,6.367357745811906
tsis1238,atla1278,1.2714030919808188,0.7182079372368086
samb1311,atla1278,1.012639953641079,0.5006262912445525
samb1305,atla1278,0.8801056446912732,0.4867702053834559
samo1305,aust1307,0.2046942541088605,1.1576857312846407
wara1292,atla1278,-1.6079296094731037,0.6381646252424034
sana1295,afro1255,0.4292331814455123,1.466124464936179
sanb1242,chib1249,-2.3138043505205683,1.3871912624734382
sand1278,huav1256,1.0429330857940098,2.8011190323413206
sang1331,atla1278,1.839508287996182,1.2052532436956265
sang1321,sino1245,-3.8047899836736185,0.7651046696998041
sang1330,atla1278,2.472034527217424,0.9543440897907765
sani1269,sino1245,-2.6884415842495804,0.9396917998107792
sanm1301,otom1299,2.395774298724457,0.8003552093340272
sanm1289,quec1387,-3.8076350234963385,3.493525389515028
sanm1295,otom1299,2.334302609381816,0.6611205160858376
sant1410,aust1305,-1.207710158419759,1.0037559868119352
sant1451,otom1299,2.6048497868495994,0.8758015774171817
sant1436,otom1299,2.4775960637679173,0.730855428606354
sanu1240,yano1268,-3.391978705114151,4.286425377183383
sapo1253,aust1307,-1.360419777975628,0.5643518879428431
sapu1248,aust1305,3.825132177091631,1.1847905886110652
sara1321,cent2225,1.182923942325485,0.8925958595817285
sara1327,aust1307,0.0459984004712934,0.6362316496918261
sars1236,atha1245,-4.88563550826628,3.876822894414985
sasa1249,aust1307,1.8308449781389105,1.1795760243398767
sata1237,aust1307,-0.4398974272959028,1.0329466720013851
saur1249,drav1251,-5.428508999362608,4.091797448320557
savo1255,savo1255,-1.7311001926863765,3.258951946650553
saya1246,afro1255,1.0113593349199266,0.5838874487479249
seda1262,aust1305,4.165993896525339,1.2655189320382174
seim1238,aust1307,-0.426098341359852,0.7946230627731357
seke1241,aust1307,-0.1886223445944255,0.3463941727876225
sekp1241,atla1278,-1.6988202084268504,0.5762825272422134
sela1259,aust1307,-2.065597642150639,1.0128376656814488
sela1260,aust1307,1.2259260751811922,0.7311285887757801
sele1249,atla1278,-1.778362031651092,0.5736805899503903
selk1253,ural1272,-4.638320411492939,5.86329983311905
sema1265,aust1305,4.354300398007503,1.6670189735466874
seme1247,aust1305,4.278923690749231,1.6298928345459451
seng1281,aust1307,-1.917504727360828,0.5833962934729975
nucl1632,sent1261,-2.2998419593033805,3.887803322439973
sout1528,indo1319,-1.9999435262259195,1.2551416454101307
seri1257,seri1257,-2.2525413835169936,4.275816489286842
seve1240,algi1248,-3.9954551559760105,4.841282682905115
sgaw1245,sino1245,-2.523449206442585,1.179884501345878
shab1252,shab1252,-2.3831906382388137,3.9675537104705567
sham1280,atla1278,2.517748101454929,0.85266970021436
shan1283,pano1259,-4.583645029268071,2.489098234361194
shaw1249,algi1248,-3.864573870959312,4.591498465869385
shee1238,hmon1336,-2.9815532912766622,2.6813769022370337
shek1245,dizo1235,-1.807440077425184,3.3825507700835944
biao1253,taik1256,-0.6923403929839735,1.4994292073311346
shil1265,nilo1247,2.803057855375287,1.498412488851507
ship1254,pano1259,-4.764515757186677,2.6564800271833686
shix1238,sino1245,-3.3012561555672213,1.0612379732197468
shol1240,drav1251,-4.935661536538604,3.97003569577132
shon1251,atla1278,3.1079324301696776,1.466766094731904
shor1247,turk1311,-4.674399077600932,5.711297099514272
shos1248,utoa1244,-2.3677973564588424,1.6085918575599365
shua1257,jiva1245,-3.0724498099009936,3.5016092760115054
shwe1236,aust1305,1.8194049303108244,0.9274096702339438
siam1242,siam1242,-3.546304227166938,5.021049873040344
siaw1243,amto1249,-3.237400349254333,4.654608355893884
sich1238,sino1245,-3.2827612416976555,1.0968560960230231
sici1248,indo1319,-0.935170287375787,1.233623286906912
sici1249,atla1278,-1.4989944291852009,0.6414041084212236
sida1246,afro1255,-0.7358373494092874,0.6513309217301657
siee1239,aust1307,0.96246249894299,0.5032778938546905
sier1250,otom1299,2.614585787537278,0.7177046443730486
sika1261,aust1307,0.6148047868279258,0.6967254390210176
siks1238,algi1248,-4.384503397736939,4.44607118609777
siku1242,aust1307,1.9234338799224684,1.401842960302119
simb1256,aust1307,-0.0253999697567748,0.5304544502249211
sina1266,aust1307,-2.790792948177564,0.7995650428049075
sini1242,mand1469,-4.078848703721176,2.8659313916297524
sioo1240,aust1307,-2.263542912317166,0.5594475167419635
sion1247,tuca1253,-2.899452865786273,1.9444580777324312
siri1274,tuca1253,-1.9102082444512352,1.3151424054004277
siri1273,tupi1275,-2.851986162744648,2.3019302063925906
sile1255,nucl1709,-2.382536498975811,0.6762297015627343
situ1238,sino1245,-2.9352231726579023,1.2748310987169642
siwi1239,afro1255,2.590410400613653,1.973639418812356
siwu1238,atla1278,-1.7562676351499569,0.5899218735296863
siyi1240,sino1245,-2.9176419411627257,0.7810100354059077
skol1241,ural1272,-5.205562421957287,5.414152942234436
slov1268,indo1319,-2.220419386515973,1.3581649741195374
sooo1254,aust1305,3.2509254054392063,1.08756541911389
sobe1238,aust1307,-1.2581173056104604,0.8001888208719503
soch1239,otom1299,2.687260615339895,0.7499231613743458
soga1242,atla1278,2.0072641549498087,0.7507091275168722
soli1239,atla1278,2.8554731020438844,1.3606100743507508
soma1255,afro1255,0.8609128850020076,1.3540688487897548
soni1259,mand1469,-3.26462057916246,2.746542653272199
sons1242,aust1307,-0.2190762137728952,1.028461838880359
sooo1256,kuli1252,0.0143891369987949,1.6007446833187284
sora1254,aust1305,-1.9718504618610435,1.051356241077576
mani1235,east1459,-2.3257496557660424,3.941460557396529
koon1244,atla1278,2.332010521852313,1.2489352363976725
sout2859,aust1307,0.7082416830317317,0.3209638101444962
sout1549,drav1251,-5.875615744418812,4.078461622336865
sout2976,utoa1244,0.1858715270939313,0.876486537912017
sout2856,aust1307,0.744785882591199,0.4272291495747673
sout2954,japo1237,-3.429149675770028,3.201966041984054
sout2996,ayma1253,-0.9874986569096128,1.6959191609106394
sout2730,sino1245,-4.165311774539688,0.9253165582652532
raro1241,aust1307,-0.9319952045803772,1.7635617572775963
sout2826,krua1234,-3.881268602979092,5.973093925012376
sout3236,gumu1250,-1.9954527958277384,3.157808550691354
sout2956,haid1248,-1.9697084890375272,2.961924057553178
kach1280,sino1245,-2.963132486700667,0.8896466282043907
sout2994,namb1299,-2.447739735661792,3.34218679305157
sout2649,indo1319,-2.2565731475142283,2.2523551556910686
sout2729,sino1245,-3.357704243144933,1.019796699054325
sout2728,sino1245,-3.827185024489673,1.3178023748317038
sout2918,aust1307,1.9837470614614532,0.8586493013909884
sout2985,miwo1274,-3.2766619007716558,4.5290064846548
sout2807,atla1278,2.0069164439468468,1.803049239867692
khan1277,sino1245,-3.907686220488808,0.7402497838066449
sout2797,atla1278,-1.4664089706217176,0.5997883103018466
sout2679,ural1272,-5.404014720187834,4.544752172955239
sout2782,atla1278,1.7971961007020898,0.5945245135585111
sout2674,ural1272,-4.7170987673882,5.058245185688561
sout2959,atha1245,-4.1863194556670695,4.256196795175672
para1301,aust1305,1.7826830323376823,0.8713966256875931
sout3261,nakh1245,-4.291659929008132,2.794890029792908
sout2869,aust1307,0.9250394972534656,0.4984470674334247
stan1318,afro1255,1.9086363958961805,1.5238883012669522
indo1316,aust1307,1.730870000341274,1.2890614484310987
stan1306,aust1307,1.6958633232051117,1.0892874735583558
horp1239,sino1245,-3.401439159719476,1.2577585515332217
suba1238,atla1278,2.276647309012697,0.7597797951528218
sude1239,aust1307,-1.6278416106787288,0.982131227312383
suku1259,atla1278,2.096648256915828,1.1012830460360965
suku1261,atla1278,2.567181470009025,0.9080861572132992
sumi1235,sino1245,-3.889502083835049,0.7789539265168326
sund1252,aust1307,1.0830454212718976,1.3369104487101264
mari1426,aust1307,0.5402010996183768,0.412692209799534
sunw1242,sino1245,-5.593314781079857,1.4001295194986485
supy1237,atla1278,-1.3412499650550878,0.7501565675702224
surg1248,ural1272,-4.626337637457095,5.82682509465173
surs1246,aust1307,-1.6661550751910328,0.5294171085866513
suru1262,tupi1275,-3.588087502436869,2.5479465830329198
susu1250,mand1469,-3.142420780970494,2.5299038748229083
swah1253,atla1278,2.9819437991826074,1.009404640004682
swed1254,indo1319,-3.1056227125042164,2.544577732969
taba1263,nort2923,-2.904188595438503,2.515280033349958
tabo1241,tabo1241,-3.680368183704473,5.103854100777059
tafi1243,atla1278,-1.878418954495718,0.6111631456758424
taga1272,aust1307,1.1894726310995072,0.5326938076627705
tagi1241,sino1245,-4.511348582673989,1.0170469591184812
tago1246,rash1249,1.892277990974472,2.525798661559289
tagw1240,atla1278,-1.7086643576558205,0.8493892323439454
taha1241,afro1255,2.568176633993012,1.864410496416232
tahi1242,aust1307,-0.9173358706300432,1.785303400489683
taia1239,taia1239,-3.4544727474930546,4.795184059562414
taji1246,aust1307,1.9323277310268476,0.7896274840452904
taku1257,aust1307,-0.6235253916601944,0.7382000359617251
tali1259,aust1307,0.86583734674447,0.4838041580135908
tama1331,tama1329,-0.936839997215559,2.781115613234101
malo1243,aust1307,0.9876084897869806,0.3470680810485174
tama1365,afro1255,-0.2716670639336329,0.9278483794447734
tami1289,drav1251,-4.708025203472314,4.154092052002554
tane1237,aust1307,1.4001574651083106,0.6242052315909685
tang1377,sino1245,-3.509919268273641,1.1652742938091905
tang1348,aust1307,-0.9882043090374908,0.5778657743859039
tang1373,sino1245,-2.953841613606833,1.8209899562443892
tani1257,tuca1253,-2.591607381178918,1.427725157384664
lowe1412,aust1307,1.3622843528296364,0.4694361986759237
tara1313,sino1245,-2.5746006951360663,0.7303240561127406
tari1256,araw1281,-1.6766735062102345,1.096766710199443
tari1263,afro1255,1.751559434251006,1.7658314261713637
tata1258,otom1299,2.5724275435123136,0.7549680491816737
tata1257,aust1307,2.6575822987939306,0.9313563409723856
tata1255,turk1311,-5.019086833104443,5.059429257913401
taul1251,taul1250,-2.0557942866623646,3.591526220308472
taus1253,taus1253,-3.2924925941478422,5.131798345702879
taus1251,aust1307,2.075688906551451,0.8494893857167138
tawa1286,afro1255,1.5726213502380697,1.1442833083388315
diga1241,sino1245,-3.3780151785163155,1.10575148533235
taya1257,afro1255,1.5819011404117385,1.356697249353175
tbol1240,aust1307,0.9811009595348326,0.5786874111211162
tean1237,aust1307,1.4211878406855671,0.6208978989804361
teda1241,saha1256,2.692858259906405,2.880326752596142
tedi1235,sino1245,-2.8940273227255435,0.8101855042316828
tega1236,rash1249,1.7368802960634664,2.510412829908196
tekt1235,maya1287,1.864749919039892,0.8022864181655738
telu1262,drav1251,-5.627638355695694,4.002004512457161
temi1246,aust1305,4.3138962944936,1.5975929182307116
temp1235,aust1307,1.5584105713759309,0.822487323746099
tene1248,dogo1299,-3.3930036663774894,3.3587712026787644
tenn1246,surm1244,2.413038543093677,1.946606629206526
teop1238,aust1307,-0.4959930253871902,0.5509982353094021
tera1251,afro1255,2.2879826327346406,0.6358618327619503
tere1279,araw1281,-0.2604659339189354,1.3347577754405204
teri1250,chib1249,-1.8620523902851471,1.1127332073688816
term1237,aust1307,-0.6388565732436247,0.7191582402389685
tern1247,nort2923,-3.0808099555439536,2.544430509568665
tete1251,utoa1244,1.1248465888084125,0.9327299284105344
teun1241,aust1307,-1.804589401856264,0.8427568368340594
tezo1238,otom1299,2.44979058631647,0.7097539557524364
thad1238,sino1245,-2.7892673160652017,0.7600743103464591
thak1245,sino1245,-5.128960250377199,1.7121387599829152
than1259,sino1245,-5.2689912414966935,1.5796696763048086
thao1240,aust1307,0.3534100520605099,0.6418402176691149
aheu1239,aust1305,2.747150639987243,1.0427577507778183
thul1246,sino1245,-5.441248638044673,1.3498713354059682
tibe1274,atla1278,1.4951063832545488,0.5214816988265305
tibe1272,sino1245,-4.005540894444031,1.321086749503051
tief1242,atla1278,-1.6538368605543603,0.5832919244168355
tief1244,atla1278,-1.6024671748099395,0.5835194743661507
tien1242,atla1278,2.848584536450014,1.1376949090667612
tiga1245,aust1307,-0.5425793905589835,0.5154055490910636
tigo1236,atla1278,0.9973424658056862,0.4667598377030124
tika1246,atla1278,2.0366282963699565,0.5383638879559705
tiko1237,aust1307,0.8941342715756799,0.7048767760090779
tilu1238,sino1245,-4.637401696809632,1.3667823541321518
tima1241,katl1246,1.6552278516079664,3.2943437791068533
timn1235,atla1278,-0.1844464731019215,0.7403990613922495
timu1262,aust1307,2.604570383499792,0.9172479048041068
tina1248,aust1307,1.184117131196122,0.587539107235509
tira1254,heib1242,2.1294340793243256,2.3503905062221886
maee1241,aust1307,1.2791617389548624,0.3061489039128116
tiri1258,aust1307,-0.2539603591376518,0.5607492413079989
tita1241,aust1307,-1.3214910424422173,0.6063120385821907
tivv1240,atla1278,1.235230158368542,0.5038313534165635
toab1237,aust1307,0.0656819616253052,0.4592693049698795
toar1246,nucl1580,-1.1711167589085263,1.8794054270718377
toba1268,leng1261,-2.652564447759759,4.613070553919273
tobe1252,nort2923,-3.121486696114411,2.527201155424512
toda1252,drav1251,-4.858978309006501,3.979242247870831
toho1245,utoa1244,-1.900547173189136,1.1932644122970455
tojo1241,maya1287,1.8460696560058276,0.8388991404561921
toke1240,aust1307,-0.0572821095551883,1.3920502683916445
toll1241,jica1245,-1.556822424240723,3.307822159585487
tolo1255,aust1307,1.2117190219745746,0.4262635756595312
toma1245,mand1469,-4.312979099316165,2.802432708355425
tomb1244,aust1307,2.1577286578811297,0.8234714048676963
tomm1242,dogo1299,-3.169593850486553,3.3955126433286784
tond1249,song1307,-3.427766217748629,3.025832717236604
tong1325,aust1307,-0.3715733394290277,1.5350506352980968
tong1318,atla1278,2.75576077381497,1.3034202584183223
toor1238,atla1278,1.9189567665593827,0.6760299929666349
tora1259,aust1307,-0.7909611262518289,0.5606277926081056
tote1238,atla1278,2.585872975473242,1.1833922299406758
toto1302,sino1245,-5.197981976688483,1.217114756577553
touo1238,touo1238,-2.038669016917736,3.577338794942269
trin1274,araw1281,0.5054614532823716,1.0353254364614006
trio1238,cari1283,-4.857379577415857,3.936730425042708
trum1247,trum1247,-2.3884890003476973,4.328380317150442
colo1256,barb1265,-3.726652628911907,4.793042301482523
tsam1247,afro1255,0.8913773400089529,0.6148531731182416
tsat1238,aust1307,0.059825870730104,1.1595060131808117
dido1241,nakh1245,-4.381500779033496,2.7556764489547216
tsha1245,sino1245,-4.561067419301438,1.0703489412905045
tsix1234,khoe1240,-1.9611941188352076,2.707152117241039
tsog1243,atla1278,2.65820476796824,1.2738565346657469
tson1249,atla1278,3.3145699301825218,1.897740402069422
tswa1255,atla1278,3.3734142702273235,1.9140791756867443
tswa1253,atla1278,2.3531571523896044,1.3828360645768782
tuba1278,utoa1244,-1.483869935465885,1.1247073483276075
tuca1252,tuca1253,-1.9863973198424676,1.330830142528308
tuge1241,nilo1247,1.5362356084659945,1.122981897197178
tugu1245,aust1307,-1.717338385473154,0.6889171686000299
tuka1248,aust1307,-0.0330478254620081,0.7177263543109138
tuki1240,atla1278,1.702921656832106,0.5874908826970753
tula1252,atla1278,1.8504080056454055,0.5631564729096059
tulu1258,drav1251,-4.945880225338137,4.095383574102003
tumu1242,atla1278,-2.5611993133374105,0.6974826671693073
nene1249,ural1272,-4.6731704814566175,5.95457031090965
tune1261,atla1278,2.4161369443341965,0.5387301247903711
tung1290,aust1307,-0.8152296979212394,0.5932744637020413
tunn1238,afro1255,0.6926211792461476,1.2584929543786778
turk1308,nilo1247,1.039779168092731,1.1355988504550876
turk1303,turk1311,-2.632785069196388,3.4042031755645823
nucl1301,turk1311,-3.569388523635788,4.0223734409631495
turk1304,turk1311,-3.681196150587063,4.346007179603656
tusc1257,iroq1247,-3.5759148451132754,4.485503993736304
tutu1241,aust1307,1.1391035286056277,0.34930022778045
tuva1244,aust1307,-1.778332355960489,1.807707639783377
tuvi1240,turk1311,-4.399687666311689,5.6197547424110565
tuwa1243,aust1307,1.5643639633425392,0.4605630856098361
tuwu1238,atla1278,-1.6729531055852949,0.5957137481767827
uuuu1243,aust1305,1.9451633287669607,0.8137484121653173
ubir1237,aust1307,-2.759522664648023,0.7556519481637878
udii1243,nakh1245,-4.092988166115045,2.824228945075045
udih1248,tung1282,-3.9819632035838746,4.747544213506236
uduk1239,koma1264,1.419227865395178,2.0872521546701552
ughe1237,aust1307,0.2519244888069134,0.4841159503889791
ugon1239,sino1245,-1.7036396728459484,1.3533148770687615
ukaa1243,atla1278,1.4102644583260062,0.5752149200149343
ukra1253,indo1319,-2.763472500806081,2.3232768242373645
ulch1241,tung1282,-4.178183846503727,4.835469249853132
ulit1238,aust1307,1.411923094790196,1.18835010430454
ulwa1239,misu1242,-2.4314450218159043,2.79544684336123
yaul1241,kera1258,-1.2565762398473792,1.792986420360965
umaa1242,aust1307,0.6585575417600738,0.7406620753114161
umbu1257,atla1278,1.7098240236404312,1.5331183549055698
umbu1258,nucl1709,-2.2714320818176685,0.7331306557888713
umes1235,ural1272,-5.391430436554744,4.977115680049234
unua1237,aust1307,1.056470947953683,0.3105256619961682
uppe1275,toto1251,0.4999595527728053,1.2533056537880736
urak1238,aust1307,1.234155761691758,1.035311773512804
urar1246,urar1246,-2.521361907948027,4.390806120462218
urav1235,aust1307,0.9473764363408032,0.5033111736342697
urim1252,nucl1708,0.1561023759782971,0.8631594980318091
urip1239,aust1307,0.287606636496553,0.3157926683582861
urni1239,giim1238,-2.9470828631353285,4.68866171136022
utes1238,utoa1244,-1.5098348453069403,1.5820416435133655
kagf1238,atla1278,1.3640500279822767,0.8461227981195591
pile1238,aust1307,0.1959427356458363,0.6638653076869634
veps1250,ural1272,-5.1322475182902725,4.954320786416506
vera1241,aust1307,1.201718495741083,0.4797357510861939
viem1243,atla1278,-1.1696185175923777,0.618818284157598
viet1252,aust1305,1.7224096308213226,1.0277586838697044
voti1245,ural1272,-5.189534190541863,4.637024547238132
vunj1238,atla1278,2.5102164475014224,0.8557729404260961
vure1239,aust1307,0.1871197465024718,0.46874108848953
vwan1235,atla1278,2.4087634231285104,0.95404260677015
wadj1254,wadj1254,-2.8503184888639117,4.510004170617627
waga1260,pama1250,-1.2719029912825008,1.0091524896024051
wage1238,wage1238,-2.1982576602986867,3.888648982054516
waig1244,aust1307,-1.530748453479301,0.8567681725720391
waim1251,aust1307,-2.666588449142848,0.7308431461168095
waim1252,aust1307,-1.8272590771741524,0.6694079309548755
waim1253,cari1283,-4.604203079569407,3.781761804494784
waiw1244,cari1283,-4.805724673181784,3.744772916041087
waja1259,atla1278,1.8428081982466349,0.567666234556448
waja1257,pama1250,-0.0838021449591548,1.2075601452817324
waka1274,pama1250,-1.6577764941454936,1.4452594433698476
wala1266,aust1307,0.9338342232059778,0.4385156941517518
walm1241,pama1250,-1.2015887602630515,1.1436183515589864
wamb1257,sino1245,-5.528234594202674,1.3629965965276265
wann1242,mand1469,-5.144959098836708,2.8634106619785875
wand1278,afro1255,1.6909177658064405,0.5413900650682102
wand1267,aust1307,-2.2697464287620552,0.739679118837099
saka1289,aust1307,1.1857264491263133,0.4073142942550536
waor1240,waor1240,-3.526522312936277,5.363567879028808
wara1303,wara1303,-3.0776305393062517,5.542383484821266
wara1300,aust1307,0.5043383044595897,0.6690291172596314
ward1246,yang1287,-2.9955372696238696,4.833937736955016
ware1255,araw1281,-2.109132382638432,1.1375478814833997
ware1253,aust1307,-1.316510248958228,0.7761611617286963
wari1268,chap1271,0.3025460995045654,2.4550547678768933
warj1242,aust1305,1.1804269042026538,0.8560475159327634
waro1242,aust1307,-2.213969611835421,0.7659377780140275
warr1255,pama1250,-2.0940346754985324,1.125686986356632
waru1265,pama1250,-1.1612263618273044,1.0006144125656975
wash1253,wash1253,-3.133281586156408,5.150180358997171
wawa1246,atla1278,1.5457854677512852,0.5276279589596164
waya1269,cari1283,-3.950586666141873,4.005275785868314
wayu1241,sino1245,-5.536737517349078,1.3971417131210693
wayu1243,araw1281,-0.2831487688095748,1.3893604909802786
wels1247,indo1319,0.2201911161732965,1.1545864147975458
nort2864,aust1307,-1.8765717788993617,0.7877731605583627
weri1253,kuni1270,-3.798696719652564,3.858964480563962
west2564,aust1307,2.750708231865186,1.019621069331624
west2560,aust1307,2.2699849687565443,0.8637730794480554
west2548,aust1307,-1.7298670206895053,0.7893914093336907
west2615,atha1245,-4.225898649235953,3.4518381303387797
west2441,pama1250,-0.0236306414260516,0.9505657313755176
west2397,aust1305,3.253554965850541,1.1043606180824614
west2555,aust1307,0.5618672043801931,0.5048038788445446
west2618,eski1264,-2.1475803723446223,3.9556430755521417
west2650,aust1307,1.5320353903406163,1.1805949909395324
west2594,nucl1709,-2.6154123671780423,1.0807073990519882
west2778,utoa1244,0.0967038514525797,0.8809256476056309
west2369,indo1319,0.6036507984213468,1.5221615272990174
west2519,aust1307,-0.3333852654869087,1.1479208235037603
west2354,indo1319,-1.9986592871678897,1.49862041681331
west2644,otom1299,2.6379151393689764,0.7397948162561558
west2466,atla1278,-1.5839028008206526,0.6003197263294116
west2632,kere1287,0.0050260616179986,2.4963146791553257
west2396,aust1305,1.9568548761279327,0.8676597166925859
west2418,sino1245,-5.231727750466408,1.675579019093508
west2392,ural1272,-4.89705797411657,4.863860592557577
west2763,afro1255,0.8478791493372406,1.1345863529901568
west2386,indo1319,-3.056867406720353,2.0614570891927557
west2557,aust1307,0.8158312752192143,0.6665494648062804
west2415,sino1245,-5.419257043093574,1.5193105844299026
sanj1284,otom1299,2.623245563351833,0.7228865256432435
west2600,nort2923,-3.139862013598473,2.565993645849481
saka1291,aust1307,1.7037232415716232,1.9169402459134464
west2516,aust1307,1.1192610122417426,0.5462716530940277
whit1269,aust1307,0.8595431847623063,0.4938308736281058
wikm1247,pama1250,-0.1996274020289246,0.8906863571501518
wiru1244,wiru1244,-3.822195888281781,5.031814514630241
babi1235,atha1245,-3.1466813680479784,3.180116014940313
woii1237,aust1307,-1.2597928903420468,0.7460726883837001
wola1253,afro1255,-0.8490028051554912,0.6918684270017419
wola1242,gong1255,-4.160767292873107,2.3642977926833826
wole1240,aust1307,0.5571525105780153,1.097724433706281
woli1241,aust1307,-0.045166303692014,0.6994862766949765
nucl1347,atla1278,0.3533448848549589,0.9079611151053548
wood1236,algi1248,-4.401530063381106,5.019188753222437
wotu1240,aust1307,0.6012351861579868,0.7368085126241688
woun1238,choc1280,-2.888757167855344,3.2019907891388417
wuch1236,sino1245,-2.7244915780832777,2.1084459713044126
wudi1238,sino1245,-3.161110750506515,0.9534787909561704
wuna1249,worr1236,-3.20215227059791,3.502693039402949
wusa1235,sino1245,-3.12607746915172,0.9777496745529692
wutu1241,sino1245,-3.5331701708294867,1.726404239783804
wuvu1239,aust1307,-1.326419789664386,0.8024083879619184
xamt1239,afro1255,-0.9711329282430188,0.8842325175139774
xara1244,aust1307,-0.2220912961164391,0.5490687296200658
xava1240,nucl1710,-2.1944385086320013,1.7894488959830852
xhos1239,atla1278,1.879150305579551,2.0345199155410114
xish1235,sino1245,-3.022622711276105,0.9012853260023768
xokl1240,nucl1710,-2.4454290611394502,2.7507445794690124
yaak1241,afro1255,2.156534248196886,0.9060239429247244
yaey1239,japo1237,-2.504010471343124,2.43867375123949
yagu1244,peba1241,-2.4109292928971007,4.212596123726832
yaka1272,atla1278,3.354711098827696,0.8925129449721698
yaka1277,aust1307,1.8301197176324528,0.6995097503281738
yaka1269,atla1278,1.0085742129754065,1.06899700388235
yakk1236,sino1245,-5.351699512551969,1.3243359931266827
yako1252,atla1278,1.537802996429103,0.6694303532348798
yala1266,aust1307,-1.9521704374952635,0.7760383327192439
yale1246,yale1246,-0.193034532155035,2.351334201825127
yama1264,yama1264,-3.343219332355978,7.3104980670276465
yami1254,aust1307,1.9015079088689628,0.753807281283132
yami1256,pano1259,-3.5328305950627605,2.339756487142294
yand1253,pama1250,-0.3492193447835492,1.0913307316723273
yane1238,araw1281,-0.7759097717348951,0.9901315166381082
yank1247,pama1250,-0.6680296965155923,1.0428942180092875
yano1262,yano1268,-4.234120658625078,4.3846948608687
yano1261,yano1268,-3.247313233048965,4.177089616976951
yaoo1241,atla1278,3.1876315768258525,1.4412011971094447
yaou1238,mand1469,-5.11367143750992,2.97224222167898
yape1248,aust1307,0.4992787237431955,1.1302080300759236
yaqu1251,utoa1244,-1.9016307789031728,1.1383469590394704
yare1248,yare1250,-4.492809110410179,5.436705952205683
yasa1242,atla1278,1.7940528286619228,0.8504152575767119
yatz1235,otom1299,2.555497113382444,0.7547108363421966
yaum1237,nucl1709,-2.3747777155217467,0.7817293446454361
nucl1454,yawa1259,0.317969482859793,2.396504112353341
yawa1261,araw1281,-1.2595605954203062,1.3917171276313862
yawu1244,nyul1248,-2.334644766968057,3.6296040906675735
yecu1235,toto1251,0.2342128997495707,1.3238770593520837
maqu1238,cari1283,-3.997800912615861,3.51228374592172
yele1255,yele1255,-2.5537469907286354,4.34196784561066
yems1235,gong1255,-4.264518582947303,2.408505458464033
yapu1240,nucl1708,-0.0923946037720182,0.8459921603676381
yidi1250,pama1250,-1.3861734843489784,0.9387972801385088
yinc1238,aust1305,1.9234810003116125,0.8998365004252271
yind1247,pama1250,-0.7358017841283986,0.96771634042282
yoga1237,aust1307,1.4702136057453852,0.4741421359180684
yona1241,japo1237,-2.504720784428228,2.435471415999689
yong1280,nucl1709,-2.3985743783533504,0.9919107352901406
yora1241,pano1259,-3.5400888544443534,2.345060221054508
youl1235,sino1245,-2.5533470903905475,0.8346833461146712
youn1235,hmon1336,-3.752577694569592,2.653232047236404
yuca1254,maya1287,1.3360465025270387,1.3075870255032331
yuch1247,yuch1247,-3.0369441537251896,5.668735873963365
yucu1253,araw1281,-1.4844699375486372,1.1400726003230697
yuec1235,sino1245,-2.771351720227219,1.576242526809608
yukp1241,cari1283,-2.4732153169113578,3.2847707028478146
yulp1239,pama1250,-0.3026222463548209,0.8984262681358448
yulu1243,cent2225,1.309652390443632,0.9288582472355138
yuqu1240,tupi1275,-2.8721647527787093,2.403303678238581
yura1255,yura1255,-2.1358962613734733,3.888723609490328
gami1243,pama1250,-0.907857937875722,1.2635091713258646
zaba1237,aust1307,-0.4479910060727274,0.5096363412732234
zaca1242,otom1299,2.6041431288885217,0.7858707116398485
zaca1241,utoa1244,1.0551235022952188,0.8301839448105905
zaiw1241,sino1245,-2.8874611791625364,0.8595921778788007
zakh1243,sino1245,-4.280837366857934,1.0772173334612771
zamb1245,atla1278,3.3007537443966566,0.8740111883374677
zand1248,atla1278,0.6075133588364503,0.6642341294184835
zani1235,otom1299,2.521465143999292,0.6986224332244326
zapa1253,zapa1251,-3.686155057996598,4.802846201840241
zarm1239,song1307,-2.743792275674505,3.161523802731752
zays1235,gong1255,-3.9593213227782895,2.332340583524836
zeme1240,sino1245,-2.893041696969072,0.734049916506395
zenz1235,otom1299,2.5497082522261945,0.7193879959926548
zhab1238,sino1245,-4.112413911526245,1.267298073679843
zigu1244,atla1278,2.1518496479699163,0.8886267539967267
zinz1238,atla1278,2.510545186987283,0.9087373202258462
zoog1238,otom1299,2.636017417733705,0.7392706282886117
zulg1242,afro1255,1.4997440875696086,0.5121064625798795
zuni1245,zuni1245,-2.2061032437924397,4.102571029918527
