Glottocode,Family_ID,GPGLMM_Latent_Mean,GPGLMM_Latent_Variance
abad1241,aust1307,3.785186653896308,0.9858044229649464
abau1245,sepi1257,5.767067011682582,3.937497731693526
abee1242,atla1278,5.271253964851863,2.114049464060457
abkh1244,abkh1242,4.093022416655704,5.580081574521699
abua1245,nucl1708,5.900726811053379,3.626680139253665
abui1241,timo1261,4.326620497512661,4.514370134702091
abun1252,abun1252,4.8598930029286125,5.494385632804267
achi1257,aust1307,-0.3692195089820114,0.9975852388255646
acha1250,araw1281,1.24714211144821,1.222296505659216
ache1246,tupi1275,1.3125985006038094,1.9178363649606356
ache1245,narr1279,3.062427972845386,3.231343188837144
achi1256,maya1287,-2.0845018780228326,1.0588263021679154
achu1248,jiva1245,3.30870144294038,2.5648853583217885
achu1247,pala1350,-1.1166273542288847,2.7666830666552755
acol1236,nilo1247,0.6263855742965863,0.9310617332400284
adan1251,timo1261,4.3124253046560215,4.509286477585405
adon1237,aust1307,2.723050785417958,0.7363089059003869
adze1240,aust1307,4.056407020113338,0.7802504529361443
aeky1238,kamu1264,5.269531139607619,5.3520556631569605
afad1236,afro1255,1.4349298135298287,0.5375804055336744
afar1241,afro1255,1.0815333931659996,1.2591208993109433
aghe1239,atla1278,4.310934459620521,0.9989544471872877
aghu1255,nucl1709,6.236911492402197,3.2362453975909773
agob1244,paho1240,4.976670610576481,5.245685898845238
agua1253,jiva1245,3.147476170014234,2.721426105147458
agus1235,aust1307,-2.712099168219515,0.9398418844762944
agut1237,aust1307,-2.981841434302224,1.00540794100786
ahin1234,aust1307,-3.1159758430664564,0.7579981555962831
aika1237,aika1237,1.5827832019636947,3.073674324052803
aime1238,bosa1245,5.311840378845102,5.327074464066598
musa1266,nucl1709,4.727368324628985,2.6315180221099013
aito1238,taik1256,3.571516345499754,3.907708739086061
ayiw1239,aust1307,2.0860565626155694,0.8960023089298943
ajab1235,atla1278,3.304557397498387,1.5570531305127986
ajas1235,kres1240,3.2346660474400384,4.164247310500016
ajie1238,aust1307,-0.804325145197927,0.5282383678708698
west2635,maya1287,-2.5809491179312243,0.9995285238982774
akei1237,aust1307,4.662763992547387,0.6494431042479505
akha1245,sino1245,6.346060499691828,2.0075605688734868
akoo1248,atla1278,3.8813580422586487,1.0930809823904042
akun1241,tupi1275,2.335353285065328,1.2854729246894865
alab1254,afro1255,3.9296058191840233,0.9671374986579622
alab1237,musk1252,2.7688313336853527,3.131420389691158
alac1244,otom1299,-2.715195451580781,0.906398037019528
alag1248,afro1255,1.6470919171109646,1.0499762177935563
alam1246,sepi1257,5.861226601666449,3.9171473991136736
aleu1260,eski1264,3.4466734684982443,9.861709833968447
alor1247,aust1307,2.912448990817393,0.8209154355218686
aluk1238,drav1251,4.84961884216563,4.11029422888673
alya1239,pama1250,0.2048754190992543,0.8577084678174742
amah1246,pano1259,1.6361006066970392,0.9319152452316076
amam1246,kuni1270,5.082646866863091,4.224408091572059
amap1240,left1242,5.2875933701678735,5.208741197055602
amar1272,aust1307,4.534887952346904,0.7618487983654347
amas1236,nyim1244,4.232456439153329,5.145946328790629
ambu1247,nduu1242,5.554749417257495,4.918863891851217
amdo1237,sino1245,6.137213336074528,3.5000980206850443
amha1245,afro1255,3.2238875459795557,1.18895210017277
amii1238,west2434,2.351030034910048,2.376902452111267
amis1246,aust1307,-2.1848950048999765,0.6917022044609951
hoaa1235,kxaa1236,2.8852683571564457,4.988057420845578
amri1238,sino1245,5.119236655421685,1.593114919687622
gily1242,nivk1234,6.152788918927468,11.18745903095359
anei1239,aust1307,0.4361386237668672,0.6367987138569049
anem1249,anem1249,3.9537736457399735,4.812270532434155
anfi1235,gong1255,4.4020385279891245,3.560683506353058
anga1290,anga1289,4.952807078473495,4.885119397705566
anga1288,sino1245,5.05732602906004,1.446469994216244
ango1257,chib1249,4.411790759961076,2.5360372720088264
wara1294,more1255,4.951501603766784,4.982326396717369
anta1255,aust1307,-1.180984293972605,2.11615436600394
anuf1239,atla1278,5.083696319974,1.544490563710184
anuu1241,sino1245,4.872792500530562,1.9530864361396425
anut1237,aust1307,2.520489167148911,1.217216775083159
aona1235,sino1245,5.245145401908734,1.5357822979908915
aoua1234,taik1256,4.59349390570531,4.231605737900111
apat1240,sino1245,5.340742582200062,1.6539323410381428
apin1244,nucl1710,4.294131541752077,3.816749651263379
apma1240,aust1307,2.9338867746200084,0.5886263736586557
apma1241,kera1258,3.856239653599959,4.715992855567677
apur1254,araw1281,1.253841804236413,1.154068967156661
arak1252,aust1307,3.002995819158146,0.6037799849302417
aram1253,more1255,5.011536388816031,4.974372302549412
arao1248,pano1259,1.590170837051656,0.9846029829855638
arap1274,algi1248,-1.3281106010955763,1.7064299246524968
araw1273,tupi1275,2.601857308901171,2.302858716428404
arbo1245,afro1255,1.9123303321219345,0.8292337964596754
arch1244,nakh1245,3.3807611251577656,1.386740383173759
aree1239,aust1307,3.827911051030672,0.9165562515511
area1240,aust1307,0.7844391683228285,0.4793858453215023
argo1244,afro1255,3.39932848480552,1.2227239366268918
arhu1242,chib1249,2.524717178396779,2.282477153519636
arig1246,atla1278,3.426297110477508,1.1629246646570834
arom1237,indo1319,2.019943141141562,1.4200806279263531
arop1243,aust1307,2.5967862177656347,0.7685705612971674
arop1242,aust1307,2.340575952832632,1.0104162690135183
aros1241,aust1307,0.8672097181128908,0.5791736472440334
arta1239,aust1307,-3.253863342021033,0.7740391304551224
asha1243,araw1281,-0.2905371265436924,0.8294737574825604
ashe1272,araw1281,-2.0597295319318274,0.905769325118058
asoa1238,cent2225,4.258054365477081,3.063725117319848
assi1247,siou1252,3.0859192062305825,3.2660890113617427
asur1254,aust1305,3.737607934309989,2.1006078838666724
asut1235,atla1278,4.889015148143445,1.5117925764291442
atam1240,aust1307,-2.5464551250286487,0.8201585845663146
atay1247,aust1307,-1.7298921279679629,0.7647968901342495
athp1241,sino1245,5.561409226748293,2.08940122018916
aton1241,sino1245,5.096212701951058,1.6850383566369658
auuu1241,nucl1708,3.995618407262521,3.604757435495969
aulu1238,aust1307,2.9388477948431646,0.521389416044201
auye1238,nucl1709,6.4436662161765925,3.281538169798438
avac1239,tupi1275,2.3553176550977755,2.376293821107112
avat1244,atla1278,5.188794385884894,1.6828421179931752
katb1237,aust1307,2.9122238934731843,0.5189018821024263
awac1239,barb1265,2.975834257038163,3.364372807306637
awad1244,aust1307,4.340918706229343,0.7921957819835654
awad1243,indo1319,6.462976771279476,3.632914945309551
awar1249,ramu1234,5.772371799437683,5.197624307811466
awar1248,nucl1709,4.490878956110423,2.6106680172314043
awet1244,tupi1275,1.8957757405243187,1.46191868246936
awji1241,afro1255,-0.6470374541251172,1.4664791815829403
awtu1239,sepi1257,3.768192566860337,3.820921559708353
axam1237,aust1307,2.9252599119660534,0.5198276391290904
axiy1235,sino1245,6.374124542283359,2.2653289644472068
ayac1239,quec1387,2.424587044267679,2.4729736875828223
azha1235,sino1245,6.43473399977194,2.259996060134199
baba1264,atla1278,4.269461309393643,1.0180605318319067
baba1266,atla1278,4.3754626620214925,1.0222033756741666
baba1268,aust1307,-0.0327492736430254,0.5452111640676947
bada1257,drav1251,4.730139226962959,4.1261958189027865
bafa1247,atla1278,5.656404170665891,1.14276831253531
bafi1243,atla1278,4.254128952238732,1.1564415413276663
bafu1246,atla1278,4.271693310163281,1.0102223422967145
baga1273,atla1278,2.694408521433333,1.382056363663736
baga1272,atla1278,4.40879100396126,1.3851211965020127
bagi1246,cent2225,3.483038244990192,2.445119309104029
bagv1239,nakh1245,3.501220066561939,1.4004861738366117
baha1259,afro1255,-0.7694682755635025,1.4959004722844895
bahi1252,sino1245,5.641672324131233,2.206044917111029
bahn1262,aust1305,3.0784139033972497,1.216475995113143
baim1244,sino1245,6.116451676220717,3.386422289606685
baka1272,atla1278,4.515576140084948,1.6124271730431872
baka1274,cent2225,4.1065737654456616,2.7677443779491853
baki1244,aust1307,2.8366306599012905,0.5541006740997432
bala1316,aust1307,-1.0797458794582564,0.645738032528044
bala1311,aust1307,-2.3998848319236554,0.9025639576714184
bala1315,aust1307,0.0765981885472815,0.8226207450740901
bali1278,aust1307,-0.1972849612534499,0.8566904745931652
liki1240,atla1278,5.205450240081555,1.804608210627066
bamb1270,aust1307,0.0593248948633675,0.7176838721750585
bamb1269,mand1469,3.575404046659213,2.84788800042719
bamb1262,maoo1243,4.040899419168352,4.4590956710898695
bamu1253,atla1278,4.216158427664164,1.079592365649006
bamw1238,atla1278,5.112723964948296,1.792341233721828
band1344,atla1278,5.453510571972339,1.8416778827393048
band1340,atla1278,2.530943190448456,1.3652274700956184
bang1363,bang1363,-0.1770942121442926,2.3607234158549204
bang1369,sino1245,5.439267209322336,1.8047819374426977
guar1293,araw1281,0.6294129460060889,0.6889125797915767
bani1255,araw1281,-1.3360860119614468,0.7405460206407213
bann1247,aust1307,1.3243728725502295,0.5868990052859431
bant1281,sino1245,5.599411611880751,2.124461883917121
bant1288,aust1307,-3.477282722572026,1.0254680034092871
bara1357,sino1245,5.728894390044201,2.481854671026952
nucl1630,koia1260,3.3771245352567423,4.259834398549671
bare1279,afro1255,1.992729445044505,0.9858601182510824
bara1369,aust1307,-1.7922165564282349,2.339861796862408
bara1361,atla1278,5.438227680463543,1.8585404155693936
bara1370,aust1307,0.7641743563564365,0.6318429279238273
bard1255,nyul1248,-0.3085510046149107,1.8848276404531528
bare1276,araw1281,0.6625947687474936,0.6986512329790742
barg1252,nucl1709,6.725430148376131,2.6796787490043243
bari1286,aust1307,2.682172126990574,0.7535848967102083
baro1253,aust1307,2.514067406830806,0.7287554587985596
basa1282,atla1278,3.845829788646365,1.0923983448936383
bash1264,turk1311,4.64919000615661,6.375990759512661
basq1248,basq1248,2.6585989876005884,4.882518616094359
bata1293,aust1307,-0.693724230995235,0.873329832379028
bata1289,aust1307,-0.5010467266870346,0.8607973110329681
bats1242,nakh1245,3.523533212716001,1.525772180059107
baur1253,araw1281,-0.9090114513402394,0.8452688480354311
bauz1241,geel1240,3.6050279369620046,4.894035108940159
bawm1236,sino1245,4.759811318024778,1.780101617939465
bayb1234,aust1307,-3.249290590266438,1.080766492807271
bebe1248,atla1278,4.548411299215234,1.3038926295955662
beem1239,atla1278,4.143991296772649,2.2240098851197843
beja1238,afro1255,0.6685889579931104,1.213123792450176
bekw1241,atla1278,4.143616526560281,1.0119222071267302
bekw1242,atla1278,4.603384528207203,1.690792662408711
bela1256,nilo1247,1.3569184440320416,1.4010644796218514
bela1254,indo1319,3.635005968341561,3.319595631773012
nyal1254,aust1307,-0.7334200413416152,0.7780634407368154
belh1239,sino1245,5.5741854626422525,2.09843330442186
beli1257,cent2225,4.140610619574398,2.718936077086397
bell1243,sali1255,-2.3195546058658305,2.1717402922008944
belu1239,atla1278,5.002107232749461,1.8051236285154173
bemb1257,atla1278,4.23896247574247,2.002215444361525
benc1235,gong1255,4.715618060073592,3.4900432353551025
bent1238,dogo1299,3.476774782590799,2.2078893626560614
zagh1240,saha1256,2.955981818914262,3.437722948801905
bert1248,bert1248,-0.128023491156858,2.2930489307234723
bezh1248,nakh1245,3.483768902468971,1.3829732895025302
bhoj1244,indo1319,6.401337780011002,3.382221809916217
biaf1240,atla1278,2.1179281839372326,1.283913248014727
biak1248,aust1307,2.220614615649014,1.192567862037805
bian1252,kuni1270,3.274860245931011,4.133299136710917
biao1254,hmon1336,5.359011337222786,5.4411499213236425
biao1256,hmon1336,4.821566175173634,5.307250735162938
biat1246,aust1307,1.628301224251425,0.9520960857300906
bier1244,aust1307,2.7490857983405395,0.5498222145241414
bign1238,aust1307,2.933835518985072,0.5420054350928751
biha1246,aust1307,3.2327884884897333,1.4342048323921972
bila1255,atla1278,5.128810202197771,1.8197026033785448
bilb1241,aust1307,4.435214284723519,0.826987913157609
bili1260,afro1255,0.3212682166239577,1.0700683888375124
bilu1245,bilu1245,2.981849354893659,4.148081394797629
bimi1240,nucl1709,6.357040181463039,2.975731008327301
bina1277,nucl1709,6.082741107783424,2.9075522296706424
bine1240,east2503,4.953934452236251,5.054487032359731
bini1246,atla1278,2.938999091638765,1.210812613483057
gunw1252,gunw1250,0.1567402443148555,1.067446680844455
birr1240,cent2225,4.3624357196016295,2.986383977553942
bisu1244,sino1245,6.18551883619907,2.00906869219412
bitt1240,aust1305,3.0307502189823854,1.1104151458230265
biwa1243,yuat1252,5.628210015921437,5.186229061699876
blab1237,aust1307,-0.5188383099078688,0.469568371016237
blan1242,aust1305,2.456611028272002,1.042232648189355
bang1354,atla1278,4.78228013390782,1.9489205025736285
bodo1272,atla1278,5.525791011278978,1.834929735100502
bodo1267,aust1305,3.512928310389282,2.147434560990604
bodo1269,sino1245,5.095462931802314,1.5496061670589825
boka1249,sino1245,5.563649956450885,1.9451161730768547
bola1250,aust1307,2.6624769184113597,0.7757335419237847
bolg1251,atla1278,5.239879188644624,1.5999285789109194
chim1302,quec1387,3.966985064089504,2.785391135249995
bolo1262,atla1278,5.014810714805181,1.8426225284172235
boly1239,aust1305,2.9030992111094296,1.6734717199897773
bomb1262,atla1278,5.133205499413643,1.7661050583364784
bomk1234,atla1278,3.0377128432100253,1.5642110103924267
bona1250,mong1349,6.182194764715665,6.615856144780778
bond1247,atla1278,4.802274225258325,1.6327487921377897
bond1245,aust1305,3.571931294983014,1.9918587751550088
bong1289,aust1307,-1.545003729127485,0.743741065004798
bong1284,atla1278,4.8113261539228365,1.8443184077696912
bong1285,cent2225,4.219099728411587,2.769936017546655
bora1263,bora1262,-0.2786707442704026,2.288931933095114
bora1271,afro1255,1.5486132538408572,0.9896290349384174
bord1248,chib1249,2.926911276599279,2.351160385006011
bori1243,sino1245,5.453396820462179,1.7404125473196643
boro1277,gong1255,4.364983926294539,3.682842026663792
boro1282,boro1281,2.4581822587817017,4.05940169071458
boto1242,aust1307,-3.047637510286938,0.9285955891978688
boun1243,atla1278,5.142083985324857,1.7060920909417518
boun1245,nucl1709,6.447179592336693,2.7549133124485934
bouy1240,taik1256,4.76891657578218,4.007661013520803
brah1256,drav1251,5.045819770640425,5.801956314944277
lave1249,aust1305,3.4394934981115477,1.1096987646315597
bret1244,indo1319,0.0734900931328486,1.2655737495864514
brib1243,chib1249,4.116278464133612,2.2257435451805634
bube1242,atla1278,3.113452129360633,1.285770430807986
budu1248,nakh1245,3.255182628757706,1.5011741363555586
budu1265,afro1255,1.220883038426587,0.6883739981909969
budz1238,atla1278,5.344708804303432,1.9577097441693925
buga1247,aust1305,2.9883276638046343,1.5430106162826007
buga1250,aust1307,3.996446306243141,0.7502640944836969
bugh1239,aust1307,1.421216377847185,0.449348821947666
bugi1244,aust1307,-0.3719532884182097,0.6621692297941593
bugl1243,chib1249,4.32364835059234,2.414911533139758
buhu1237,aust1307,3.64440137205956,1.007959464413176
bujh1238,sino1245,5.716941999436895,2.514925182528998
buki1249,nucl1708,4.0617322554413935,3.626538765215116
buku1249,atla1278,4.0631861357176735,1.3475225119117624
bull1247,atla1278,2.914811371097992,1.5599618865173568
bulo1242,aust1305,3.2288912286186235,1.2386686089452894
bulu1251,atla1278,4.177832682288875,1.3795626766576845
bumt1240,sino1245,5.413732535686013,1.8793385659732849
buna1276,aust1307,3.5896524706585256,0.9433579245243492
gahr1239,sino1245,5.673440505748393,3.8839824008202015
bund1253,indo1319,6.2262798124266086,3.7626380492708336
bura1292,afro1255,1.1741611482795822,0.5073599792798404
bura1267,mani1293,2.0273660798012703,2.5890324743982944
bure1242,afro1255,1.6307985492735655,0.5503356818581722
burj1242,afro1255,3.794895819633294,1.0730997896028498
nucl1310,sino1245,5.027962154568688,2.0492095420483736
burm1264,burm1264,5.493424011567524,5.444922996809723
buru1303,aust1307,2.916590527230672,1.0554711379695334
buru1320,afro1255,1.6615328974153003,1.151199342976497
buru1296,buru1296,5.337166432271926,8.275392700606972
busa1253,mand1469,4.11976409955646,3.05334622227258
bush1247,atla1278,4.51943415376409,2.227667024232744
buwa1243,afro1255,1.04568063259366,0.3817006279926715
bwai1242,aust1307,3.8236411942673856,0.9037442153388042
bwat1240,aust1307,-1.0840674548122262,0.586261579411115
byan1241,sino1245,5.725739301544071,3.2543616691864656
caac1237,aust1307,-1.0217535982805384,0.5994642720268928
cabe1245,chib1249,2.196294042668095,2.1693362307239283
cahu1264,utoa1244,2.657774436160655,1.5187902452155695
cakf1236,afro1255,1.318599430825886,0.6272397387528201
cald1236,quec1387,4.0268490529207215,2.710352684787779
caml1239,sino1245,5.626050120654175,2.169857182292901
camp1261,indo1319,2.5042979226135405,1.874077237430754
cane1242,nucl1710,4.4017964382140535,4.158217091853032
caom1238,taik1256,4.274787249359742,4.229809380051634
capa1241,pano1259,1.8963703208742588,0.9953698929806762
carn1240,aust1305,-0.0893768133171217,1.2154079150238886
caro1242,aust1307,0.7158610020309073,1.515194400320098
cash1251,pano1259,1.6148817758949123,1.0826782495322504
casi1235,aust1307,-3.3084187941425736,0.8201899381743658
stan1289,indo1319,2.076660429310353,1.8089044875511888
cavi1250,pano1259,1.1708719479013583,0.9542080615503608
cayu1262,cayu1262,-1.3674631200378382,2.8109625069632216
cebu1242,aust1307,-2.862852398501273,0.840290973104203
cemu1238,aust1307,-1.0045023755706293,0.5643184450110255
cent2127,eski1264,3.5326208155494188,8.854090500571203
cent2142,ayma1253,-1.5046653058288353,1.7345479333121432
cent2004,sino1245,5.882717495995924,2.046289528674862
cent2292,aust1307,-2.7882374014614424,0.7274817143400867
cent2084,aust1307,-3.0875373514220907,0.8317308056539332
cent2314,aust1305,3.091309961021297,1.3464822250798534
qaua1234,taik1256,6.549104724074742,4.155637555405704
cent2050,saha1256,2.819978379619501,2.604379657863177
cent1989,aust1305,3.28822545303259,1.2800847631412182
mala1479,aust1307,1.6492973078722546,1.1532980570432585
cent2322,ural1272,6.42513813796121,8.82650026271584
cent1992,aust1305,3.243343230029497,1.1913424898410767
cent1990,aust1305,-0.1307435455383778,1.178167527342822
cent2126,japo1237,3.735657506973884,4.028621981532169
cent2140,miwo1274,-2.296708289567759,2.9544865872537684
cent2131,utoa1244,2.21355977571604,1.0892177382653756
cent2150,chib1249,4.382055039226356,2.5219337188285635
mbal1255,atla1278,4.628256752244792,2.3207806568999843
chac1251,pano1259,1.6317958009628528,0.993997879596435
chad1249,afro1255,0.3704396384862125,0.8915361480394495
chak1270,sino1245,4.855085275300152,2.0001906209627407
chak1271,atla1278,5.144232723922419,1.577013273301645
cham1315,zamu1243,-0.4314297853982181,2.405682499478928
cham1309,nakh1245,3.567286836357991,1.4214548780890084
cham1312,aust1307,0.3422599598126528,1.3134137920290243
chan1313,sino1245,5.341138384037653,1.5884215963466204
char1269,gong1255,4.876647051937501,3.457704400890151
chas1234,sino1245,5.7549371416437625,1.9488155736859485
chec1245,nakh1245,3.621512490237724,1.7143933331712162
chek1238,aust1307,-0.3147440275591489,0.4593167855908007
chen1255,drav1251,5.262829968948457,4.145876819430541
chep1245,sino1245,5.6984830094473695,2.4350133060773658
cher1273,iroq1247,-0.0357147750102866,1.868785805616
chey1247,algi1248,-1.3058621889487894,1.7554761021096963
chic1270,musk1252,2.566429129123752,2.6241442176503824
chig1238,atla1278,4.923503945061592,1.800644795889724
chil1280,atha1245,2.4323426620150075,2.7542732501866283
chim1309,chib1249,2.629686937575153,2.261225330445626
chhi1245,sino1245,5.576058493444916,2.106414402799942
chip1261,atha1245,3.6595386827832823,4.742211343420081
chip1241,algi1248,-1.5010698858190237,2.100990599124032
chir1283,sino1245,3.226618180535164,1.434831897622615
choc1275,sino1245,5.415480805726465,1.8114040306689103
choc1276,musk1252,2.659072538450755,2.5799222213882445
chon1284,aust1305,3.145640915343181,1.33202025643277
chot1239,sino1245,4.837446576913554,1.4531961881716595
chra1242,aust1305,3.0184050270489724,1.3498956737817591
chuj1250,maya1287,-2.5398521651101174,1.0194155565268377
chuk1273,chuk1271,4.721787926590659,17.903673797778794
chuu1238,aust1307,3.841924820376545,1.653274175560881
chuv1255,turk1311,4.585038948324057,5.579563322411403
chuw1238,atla1278,3.5837271830544517,2.199922552565937
cici1237,atla1278,3.534401447951767,1.3572617008417185
chin1286,chin1490,-1.1781053549201372,2.836681114755578
cent2087,aust1307,-3.5650944682605026,1.0498659537555568
sout2912,aust1307,-3.4909760439711004,1.1515843141661437
coat1243,otom1299,-3.1500018474489533,0.9217549147640512
coca1259,tupi1275,1.3688416611726426,1.395197124498054
coeu1236,sali1255,-0.8379456355063821,1.4018077943009075
cofa1242,cofa1242,1.3007035657764965,2.851680675248815
cogu1240,chib1249,4.37275247649512,2.3568688180682784
inga1252,quec1387,3.968538235787112,2.676525466380013
colu1241,sali1255,-2.571821862847747,1.423300534189849
coma1245,utoa1244,3.066763632639163,2.009917258656685
como1259,sali1255,-2.681455988121476,1.912227959418317
cong1236,atla1278,4.503337562857618,2.0843701909983565
copa1237,otom1299,-2.905372625788919,0.8173396763843641
cors1241,indo1319,2.7193812322844355,1.7456584538583968
cosa1234,sino1245,6.41918305933761,2.013824589155405
cota1241,aust1307,-2.2360955800616638,0.7878527621498392
cree1270,musk1252,2.6015527754995675,2.634459455908285
crim1257,turk1311,3.0911449727432885,3.797423154724754
crow1244,siou1252,2.732542786747108,2.9318511376439744
cube1242,tuca1253,1.7093470548714835,1.016051509850314
culi1244,araw1282,2.4558458632443747,3.359365451341489
curr1243,araw1281,0.0884119925319284,0.7307634883252376
cusc1236,quec1387,2.794738381356216,2.50763806975246
cypr1248,afro1255,-0.7271120724082092,1.220663833654697
czec1258,indo1319,4.991236483541994,2.529177730816116
daai1236,sino1245,5.009071089685247,2.065944889198221
daas1238,afro1255,1.60813501778504,0.8669219974873101
dadi1250,tebe1251,5.331222296345449,5.192313862461518
dagb1246,atla1278,5.121001463406782,1.574400084296343
dagi1241,narr1279,3.078446322479232,3.2714674805020536
daur1238,mong1349,6.006002843684191,8.943805009511607
daha1245,afro1255,1.8149286667161932,1.2774706176880102
daka1243,aust1307,3.000723635653061,0.537881501168016
damp1237,aust1307,-0.2026296075568137,0.7335971794069849
dana1252,aust1305,2.1869490260926643,1.1803561842423562
dand1238,drav1251,5.557595387633332,4.151092793037108
dani1285,indo1319,4.770125800994625,2.8093955943666917
dara1250,indo1319,6.488876158280509,3.531592272783428
darm1243,sino1245,5.720639216515541,3.260146447047873
dawr1236,gong1255,4.964144392063173,3.4712346942058616
daza1242,saha1256,2.628683841430446,2.724957204628197
defa1248,ijoi1239,2.8267399199241057,4.465016065310167
dege1246,atla1278,3.282758001238508,1.2249203095910275
dehu1237,aust1307,-0.6265641824425128,0.5773750367978039
dera1245,sena1264,3.6501129702035033,4.777955351012082
dera1248,afro1255,3.1442959493836584,0.57308048872585
desa1247,tuca1253,1.5460228245945844,0.9096752635562382
dhao1237,aust1307,0.7257135830320838,0.8079977452865421
dhar1247,pama1250,-0.8679414243167667,1.1776072758003124
dhim1246,sino1245,5.463575583233241,1.99391351593394
dibo1245,atla1278,4.874703942599682,1.798966898129322
dier1241,pama1250,1.3378193183090603,1.4959625016530254
digo1243,atla1278,4.8423333406992,1.6988665031629182
dima1251,sino1245,4.920064368449549,1.4399022596005864
diri1252,atla1278,1.9586731153500825,1.6006116882040544
djam1256,pama1250,1.267454430671778,1.103459525537119
djee1236,mani1293,2.111705496853867,2.5915632851833834
djeo1235,nucl1710,3.0854483057424438,2.7528535388279067
djin1253,pama1250,2.903598384199708,1.0584603096491776
dobu1241,aust1307,3.6681446394850896,0.9126312838877196
domm1246,nucl1709,4.5649327171331056,2.654644246581228
doma1260,indo1319,6.396536620441187,4.929162051046831
dong1285,mong1349,6.173048512516009,6.631374576024172
doro1266,manu1261,5.065740737863497,5.229540589878795
drun1238,sino1245,5.841496848479179,2.1582669579539413
chug1252,sino1245,5.346450916445346,1.7336289548452155
dumb1241,aust1307,-0.922944702908394,0.6523059966934
dumi1241,sino1245,5.634590379776623,2.179654650764832
dupa1235,aust1307,-3.1901511367573345,0.8445323378700778
dusn1237,aust1307,2.2732155382888326,1.1709395580854505
dutc1256,indo1319,2.3556539456273478,1.897317863576376
dyir1250,pama1250,3.5012361544107664,1.239368980548022
dyul1238,mand1469,3.933743973783952,2.6704928612286665
dzao1238,hmon1336,5.121598952288136,5.372199772521867
dzon1239,sino1245,5.452451943901356,1.9586579967131852
east2443,aust1307,3.108617241474798,0.631253865747567
tang1336,sino1245,4.888642375253089,1.4281567081316382
nucl1235,indo1319,4.947577200308989,2.3489500181397887
east2379,pama1250,1.1763542622717953,1.0281073776169762
sout2896,aust1307,2.8204774390181955,0.7702154059022348
east2555,tupi1275,1.3291521208950217,1.565227887290149
east2332,aust1305,3.44961270331787,1.2383589284019365
east2563,aust1307,2.9844704353700795,1.5107120559215446
east2690,afro1255,-0.6015051412325843,1.190662461553444
east2556,otom1299,-1.6419944214060518,1.054564116968436
east1236,aust1305,3.267258724155086,1.2052861920891758
east2342,sino1245,5.976993415283045,2.0673821832228896
east2328,ural1272,5.907853769608299,6.006659771481964
east2773,sino1245,5.667960543042516,2.272784715495334
panj1256,indo1319,6.244254378777261,4.248559037634919
east2485,aust1307,0.2341350245340283,0.5820698414140963
fina1242,aust1307,-3.0101750919309875,0.7177066936584993
east2447,aust1307,-1.9761617561397085,2.078719862972065
east2516,nucl1709,6.359940692091361,2.805609403657797
huaa1248,tuuu1241,2.686508260222316,4.859574052945675
wall1257,aust1307,-0.8744753139210841,1.7110990249141764
egyp1253,afro1255,-1.026046434325087,1.4148807658293094
eipo1242,nucl1709,6.428628973845297,3.1396947865758307
ekar1243,nucl1709,6.364079573439459,3.307882548295396
elem1253,atla1278,3.3627360215268443,1.1604199193051272
elip1238,atla1278,4.177696529903182,1.1908796997077218
elna1235,utoa1244,-0.0709364382263668,1.0161651930798428
emae1237,aust1307,2.616852269050421,0.5855028139859257
emai1241,atla1278,3.29497392154415,1.1638841004417486
embe1260,choc1280,3.244825370068757,3.1637567069173542
embe1262,choc1280,3.195342248956142,3.1474973625490463
stan1293,indo1319,2.7647328343562494,1.7262760635550478
enuu1235,sino1245,6.308807028962453,2.026399479570045
epen1239,choc1280,3.2155612993743974,3.196477517142796
ersu1241,sino1245,6.111601272783429,2.653672162793754
erzy1239,ural1272,5.636660024823248,5.498888034061466
esan1238,atla1278,3.2589513774762957,1.1504725276878958
esee1248,pano1259,1.7256542891583324,1.0127189469632183
esim1238,atla1278,4.292529020981435,0.9949897608733238
esto1258,ural1272,5.389464625561961,5.4799735517214
eton1253,atla1278,4.09836770822564,1.2338228982424937
even1260,tung1282,5.026058508249671,12.051418268780452
even1259,tung1282,4.888707828751231,10.727209770392008
ewee1241,atla1278,5.18366047576328,1.691200729407484
fala1243,sino1245,4.69016258618849,1.5980114357593609
fare1241,atla1278,5.002207852934615,1.5294403608149878
faro1244,indo1319,1.6490466456640025,2.549268413035122
fasu1242,fasu1242,5.306453012973191,5.279481230149656
fiji1243,aust1307,0.4008990893571198,1.297862358018449
fili1244,aust1307,-3.5353418272475547,1.0367041796258434
filo1235,toto1251,-1.1581342494281823,1.6914585635285275
finn1318,ural1272,5.631184675828519,6.119883929802114
fipa1238,atla1278,4.6586783935119005,1.8665314655266343
foii1241,east2499,5.386092648745358,5.263660089546974
fonn1241,atla1278,3.291247554536733,1.553377308451786
fore1265,ural1272,7.100310371843141,12.159089821334078
fran1266,mixe1284,-0.3834058820540305,1.4976422342632247
stan1290,indo1319,1.8239476969465844,1.5866676209216166
fuln1247,fuln1247,3.056378549030588,6.443511554786113
furr1244,fura1235,4.522550954946017,5.6105039564582455
furu1242,cent2225,4.070414792239953,3.100754373711481
futu1245,aust1307,0.6438889275790576,0.6520592748337322
fuyu1242,fuyu1242,5.0276790720684135,5.161112017110398
gaaa1244,atla1278,5.204186807528221,1.8996990862327152
gaam1241,east2386,2.4205438003922968,3.836854568990788
gaan1243,afro1255,0.9575881254321974,0.4716590818069619
gada1258,aust1307,-3.111194814962877,0.7248047627292067
gade1242,atla1278,4.047104215595441,1.0833847553911369
gaga1249,turk1311,2.874301024693766,3.767799201276844
gala1264,afro1255,1.6604670646206705,0.5377640628405231
gale1259,nort2923,3.738870436139945,3.624821883564408
gali1262,cari1283,2.005189546278868,1.757687995523696
gali1258,indo1319,1.4590309811930258,1.681796177824168
galo1242,sino1245,3.6640729699258063,1.806031399185798
gamo1243,gong1255,5.025399843330139,3.4631445513740005
gand1255,atla1278,4.719446983340086,1.5670314169152275
gang1267,tang1340,2.193970643642534,1.5907605079444522
gang1266,sino1245,4.760523269637031,1.434907972326812
gant1244,nucl1709,6.658760120456265,2.665402527452329
gapa1238,aust1307,1.973120380012647,0.9049054622666972
boht1238,afro1255,1.6445054092844789,1.587120281222724
gari1256,araw1281,-2.1716316770396045,1.6071201507462265
garo1247,sino1245,5.111545901779143,1.718306604089122
gara1269,garr1260,-0.9034538043042613,2.619726952294883
gata1239,aust1305,3.5313779048627056,2.113485737436548
gayo1244,aust1307,-0.4326557984123251,0.965295376314856
geba1237,sino1245,5.696024811426345,2.148673872075733
gebe1237,aust1307,2.92083270595585,1.20208159551035
geda1237,aust1307,2.5942316609963445,0.816468511665164
gela1263,aust1307,-0.1830060797766872,0.4253440428562953
nucl1302,kart1248,4.204819950016419,5.169568938029954
geru1240,afro1255,1.5937151688959137,0.5763530593541475
gese1240,aust1307,3.760104153702817,1.1830997645223815
ghad1239,afro1255,-1.001327722767952,1.664037222488048
ghan1242,aust1307,-0.4308723275580188,0.5097332647881103
ghar1239,aust1307,-0.2835864600986735,0.4564291756873047
gheg1238,indo1319,2.167441936186835,1.458206352899424
ghom1257,afro1255,-0.1391761286221307,1.440951565530014
gida1247,afro1255,1.313248786068124,0.4988263515170672
giiw1236,afro1255,1.642554136421028,0.5415694453561741
gilb1244,aust1307,3.595052052991666,2.904763118103148
gira1247,nucl1709,6.61308607057556,2.630798278383196
gizr1240,east2503,4.921842644874016,5.066548605398509
glav1244,afro1255,0.8128469576609749,0.387737984664966
ghod1238,nakh1245,3.5338340184704764,1.4543216452399008
goem1240,afro1255,1.4640527674218564,0.6645789859600768
gofa1235,gong1255,4.9690989466170565,3.461929316635235
gogo1265,suki1244,4.995113041397876,5.346889849450378
gola1255,atla1278,3.2823530053554766,1.8853153179162805
goon1238,buna1274,1.5513019884803771,3.15982837558704
pare1266,aust1305,3.559780338682107,1.9850351866641915
gras1249,koia1260,5.2057912816873655,4.31319060710004
guah1255,guah1252,2.1194746540359874,3.656000678386903
guam1248,barb1265,2.909107865774748,3.3675044889524486
guat1253,guat1253,-1.1377601585982244,2.776533842755498
gube1234,atla1278,4.334408293159744,1.5637360757220051
gude1246,afro1255,0.8266874902678598,0.4261509670362216
guer1243,otom1299,-2.965049497010844,0.8860181167434291
guhu1244,nucl1709,5.99423626745627,2.833401886719969
guiq1238,sino1245,6.109724199049407,2.8254000563340185
gulf1241,afro1255,-0.7668256255388339,1.1239535059253851
guma1254,aust1307,3.786823186515666,0.9060797074681944
guny1241,pama1250,2.6121733649799284,1.512943874360985
gura1251,indo1319,2.6557893966721497,2.140416971640832
guri1248,guri1248,5.500389946984844,5.215658581940247
guro1248,mand1469,4.086966605125835,2.8852520359386062
guru1261,sino1245,5.6508212863605936,2.225261105461925
guru1271,afro1255,1.6296155994258346,0.5557668419199615
gusi1247,atla1278,4.362632929198449,1.330697073837399
gugu1255,pama1250,1.9159402207367384,1.1338333922753918
kwam1249,koma1264,0.7317212214752562,1.653685553710659
gwen1239,atla1278,4.756748811520177,1.482334101858612
gyel1242,atla1278,3.70762283603346,1.4487916194687216
haaa1252,atla1278,4.757707330736212,1.824405585443202
hadi1240,afro1255,3.879871204425744,0.9735701732116696
hadz1240,hadz1240,-0.0604951605945327,2.3272942148945788
haka1240,sino1245,4.709358723999711,1.7079785351482428
hakk1236,sino1245,4.309467454318654,2.5132322417161106
hala1252,aust1305,3.3476078879125684,1.1159650202563114
halh1238,mong1349,4.557740050096266,8.289027928094683
hali1244,aust1307,1.715862470881584,0.6525557118376923
halk1245,sali1255,-2.690878338274443,1.6140225602009082
hame1242,sout2845,2.7209946840875165,3.977585544881407
hang1263,nduu1242,5.524312515439807,4.917862569713577
hani1248,sino1245,6.4683730430995015,2.1213631922261698
hano1246,aust1307,3.099561237363384,0.6326408971637534
haro1237,aust1307,3.071975770647088,1.4791140589007057
haru1245,piaw1238,3.8159906386407783,4.687891066656633
hass1238,afro1255,-1.0304200135781212,1.745211377376762
hata1243,hata1242,3.5891019021088955,4.393563379727894
remo1247,aust1307,-3.3364259454380782,0.9398011337948732
haus1257,afro1255,1.3025609396138993,0.7256487460796848
nige1253,atla1278,4.560048904193375,1.1876131432223644
hava1248,coch1271,0.9528990766367418,2.383470995732978
hawa1245,aust1307,-3.4217113781833444,6.644934459440265
sabu1255,aust1307,0.3666683195528453,0.7659236299549832
hdii1240,afro1255,0.6280512875984261,0.3567929854058604
hehe1240,atla1278,4.690517761134048,1.6471656409381978
here1253,atla1278,2.729606362458542,1.840762508462177
hida1246,siou1252,2.97917913298996,3.2024670154413286
high1276,mixe1284,0.0895974019081906,1.3855675275555086
karb1241,sino1245,4.991413289595198,1.4633756489502332
hind1269,indo1319,6.128438062981791,3.904780132993437
hinu1240,nakh1245,3.535282355978599,1.43467102505889
hixk1239,cari1283,2.788754162529768,1.9058836557152856
hlai1239,taik1256,4.498575497477079,4.12875284712797
hooo1248,aust1305,3.72283479778842,1.8088088267151647
hoav1238,aust1307,-0.8743643211417602,0.4548081297623412
ainu1240,ainu1252,5.635393624120977,10.420267550392992
holo1240,atla1278,4.68318614538356,2.0263466282827096
hone1235,atla1278,4.728993122422262,1.0626149302843544
honi1244,sino1245,6.284100112281192,2.044483290996084
hopi1249,utoa1244,1.2927111524578638,1.2916219627578016
hote1245,aust1307,3.625457522293236,0.756417132407023
hozo1236,maoo1243,4.042617204271804,4.44770050935071
hrus1242,hrus1242,5.035833457694911,5.9672279046717165
huuu1240,aust1305,2.750355234477931,1.0649992578146907
hual1241,quec1387,2.9754436195570597,2.313486441261972
huam1247,jiva1245,3.3013202850041994,2.458121088937133
huar1255,utoa1244,2.3697372871546607,1.0504580037142262
huas1242,maya1287,1.1391200651756508,1.6176663645271958
huba1236,afro1255,1.019864710475156,0.4232314100996746
huic1243,utoa1244,2.0857861553717827,1.0988626114101976
hula1239,aust1307,3.76299371743534,1.0527469416935276
hula1244,afro1255,0.1742281125593781,1.1180491434597286
huli1244,nucl1709,6.360817938667492,2.905584911230534
humb1243,song1307,2.9634086653737315,2.7559649641884505
hung1275,aust1305,3.376473483753921,1.304435175849818
hung1274,ural1272,4.299712292024798,4.978441304031719
hunz1247,nakh1245,3.466769215191488,1.3747485890933433
hupd1244,nada1235,0.8256278884863635,1.7786243323406836
wyan1247,iroq1247,0.8643285376550738,1.6104831619084905
hyam1245,atla1278,4.271755903194476,1.0887798664126365
iaai1238,aust1307,-0.6864711248489836,0.533757623543039
iatm1242,nduu1242,5.581249382281887,4.927227632253349
ibal1244,aust1307,-3.0126426179998287,0.7668301235385968
iban1264,aust1307,1.3890710703890523,0.8570184018247176
iban1267,aust1307,-3.170182717193205,0.7894727149577818
ibat1238,aust1307,-2.8732618613420424,0.9364676198433132
ibib1240,atla1278,3.5216024961051837,1.1061186031238035
icel1247,indo1319,1.9473777534416945,3.522688574226038
idaa1241,aust1307,-1.985365655816663,0.7262747240861529
idii1243,paho1240,4.956550640832004,5.2364693051347615
idom1241,atla1278,3.990118994612553,1.0556709906519472
idum1241,sino1245,5.733983218188944,2.1981814571255995
idun1242,aust1307,3.8541013542592113,0.900766090180298
nucl1417,atla1278,3.362173941674749,1.180813559831222
igna1246,araw1281,-1.1907379618607106,0.8337476652047258
ikkk1242,kuli1252,-0.7931564928941821,1.760341092314178
ilaa1246,atla1278,3.4218948019951885,1.7037962015037635
iliu1237,aust1307,3.145056328348457,0.874748036688203
ilok1237,aust1307,-3.240699881788265,0.7957712150801228
ilon1239,aust1307,-3.251719322033137,0.767200423376579
imba1240,quec1387,4.030537997577167,2.7600774183795806
imon1245,bord1247,3.742807624526934,4.804636163237831
ingr1248,ural1272,5.5804611809832325,5.547724953585799
ingu1240,nakh1245,3.60914918263146,1.7105186069284457
alba1269,aust1307,-1.704739197077049,1.003010744354782
iqui1243,zapa1251,2.341543695486526,3.1535010802115835
iraq1241,afro1255,1.5574083628571689,1.0393386877111936
irar1238,aust1307,4.047332608715419,1.2200209649586211
iris1253,indo1319,-0.2621580169890105,1.481464363880292
irul1243,drav1251,4.933242406319995,4.185698969014865
kris1246,skoo1245,3.642377212180934,4.781282923694732
isco1239,pano1259,1.843205126299769,0.9597442961727154
isin1239,aust1307,-3.160212971146846,0.7502805494274867
isir1237,kwer1242,5.490537328642167,5.359066492616705
isna1241,aust1307,-2.9012921540952217,0.8355003627790154
isth1240,utoa1244,0.4880985325287543,0.9262436302275888
isth1241,utoa1244,0.4783643486334785,0.9404900911053744
ital1282,indo1319,2.804415743993319,1.7729375117826862
ivat1242,aust1307,-2.611908228392421,0.9553323028019064
iton1250,iton1250,-0.2519788442440527,2.28096885081132
itza1241,maya1287,-2.184390794861164,1.2355486303765415
iumi1238,hmon1336,6.323138375162448,5.10914116429025
iwal1237,aust1307,3.587409037769544,0.7724237146373412
iwam1256,sepi1257,5.730736743389064,3.906370834986731
iyoo1238,nucl1709,4.590602759757852,2.610552753444665
jahh1242,aust1305,1.4809767869371502,0.8758856736496341
jalk1242,mand1469,3.914297139962085,2.676995241860453
jamb1236,aust1307,0.6414220515333771,1.2445032914765193
djam1255,mirn1241,-1.3231164202331822,1.979479200751172
jams1239,dogo1299,3.532400885800013,2.189731492874728
nucl1643,japo1237,5.327425512958858,6.470382346129611
japh1234,sino1245,6.121724860245043,3.1071702681561817
jaqa1244,ayma1253,-0.4400836129303469,1.7715772721584244
jara1266,aust1307,3.359360028375983,1.446745600083574
jede1239,aust1305,1.8993775884981488,0.8835861418406523
jehh1245,aust1305,3.275918516556752,1.1560595927753354
jeha1242,aust1305,1.9632066544260611,0.9035835763325508
jeru1240,sino1245,5.638489273653943,2.2154182817651247
jiba1237,atla1278,4.632795655952764,1.0654249187316225
jina1244,afro1255,1.5546514529920916,0.5110167877800791
djin1251,mirn1241,-1.6045812647129036,2.017264153035825
jjuu1238,atla1278,4.319666798354904,1.1146256024348131
juan1238,aust1305,3.637540348743234,1.9292230212067525
juku1254,atla1278,4.467749539531953,1.002515433006721
jurm1239,cent2225,4.100167948246893,2.717275163225821
kaba1281,cent2225,3.671685832038365,2.659976468565759
kaba1278,abkh1242,4.324203572241612,5.457376298397165
kach1284,gong1255,5.03856447951289,3.558286168148811
kada1242,drav1251,4.82021354891143,4.146141003854012
kado1242,sino1245,6.108610019306721,1.948415261972002
kafa1242,gong1255,4.761221647404999,3.4819560195694805
kaga1256,aust1307,-1.170778780398147,0.9570304853909022
kagu1239,atla1278,4.799789515424168,1.5647317403786758
kaik1246,sino1245,5.747942012912628,2.7920680129681443
kair1263,aust1307,2.5321031714418485,0.9672103359785352
kaki1249,kaki1249,5.022267193830555,5.139626409658945
cacu1241,kaku1242,1.0721608917301868,2.591205173296345
kala1399,eski1264,2.0211565797961786,5.225782367805607
kala1388,aust1307,-2.305125736952972,0.78241114683928
kala1377,pama1250,2.3926827148211007,1.439029359274457
kara1499,west2604,3.439188207613748,4.86501952839663
kala1384,atla1278,3.491994416230797,1.8825862368659612
kali1308,sali1255,-2.193741499203652,1.8039650562043616
kamm1249,atla1278,4.652545803612911,1.0481808071368732
kama1370,nucl1709,4.515124617047137,2.612292179018425
kama1367,nucl1708,6.0325334145893,3.706432835324506
kamb1316,afro1255,2.0578710052412266,0.942641544748284
kamb1297,atla1278,4.773156898217559,1.4762183905402535
kamb1299,aust1307,0.4152248614967551,0.7794235886837271
kamo1255,nucl1709,4.525552983891084,3.320220319169323
kana1286,aust1307,-1.7969581149097191,0.6551380199624646
kani1286,nucl1709,6.344465077859451,2.632072142831163
kank1243,aust1307,-2.939756870935751,0.7558875240120244
nucl1305,drav1251,5.016797367480533,4.198336076081858
bidy1244,atla1278,2.385502139412063,1.4285146342528208
kaqc1270,maya1287,-0.6560473546270442,1.0166491202306531
kara1482,cent2225,4.294972346122401,3.0045136241349155
kara1476,pama1250,0.7521176404359853,0.9764808207981446
kara1500,nucl1710,2.2649082501328213,2.810011285047551
kara1487,aust1307,-3.08384395101322,0.7357806585000333
kara1486,aust1307,2.62021932053098,0.7897230966616746
kare1338,atla1278,4.820067569296237,1.3455466521982655
kare1335,ural1272,5.849798762631647,6.377523142844183
kari1306,atla1278,5.5035210254916525,1.8635909521396457
kari1311,tupi1275,1.883742435995392,1.4649450744058754
kark1258,pauw1244,3.6283698173645806,4.754754991362347
karn1252,aust1307,2.57471971612936,0.7398947154833593
karo1304,karo1304,-1.2302279743835127,2.942842633102771
kash1277,indo1319,6.297097956517082,4.654650207055397
kask1239,atha1245,3.470918440579962,4.271228949584781
newa1246,sino1245,5.689550138062868,2.372924147229611
kats1235,sino1245,6.247952863876155,2.1631346857743665
kana1291,katu1274,1.157341330917193,2.765560074685908
kava1241,aust1307,-1.7235820834619826,0.8341812328442018
kaya1315,sino1245,5.799572833384066,2.1318668232352707
kaya1319,tang1340,0.2758394940330237,1.4411344953579146
keap1239,aust1307,3.7557588068294168,1.0606555425601698
kera1248,atla1278,2.544540230759901,1.409492648575707
keig1242,kadu1256,0.0886691245508846,2.3310880456252505
kele1255,atla1278,5.244972976196552,2.037608641662871
kele1258,aust1307,3.004222484969832,0.9609817814882148
kele1259,aust1307,-3.0562488912099948,0.7234945038115086
keme1240,atla1278,4.53347927566754,1.0083128435882145
keng1240,cent2225,3.962749141228608,2.728409790965827
kens1248,aust1305,1.9704921467692331,0.9307322523620484
kenu1236,nubi1251,3.049008308078837,4.928778286407422
keoo1238,aust1307,0.4755179245921059,0.6479333464615138
kera1255,afro1255,1.4707251093397051,0.5777327372769321
kesa1244,nucl1709,6.503702417486857,2.6154782313801377
kett1243,yeni1252,6.400907382395457,13.008679806625535
kgal1244,atla1278,3.3217460430867494,2.1463035630208367
khak1248,turk1311,7.36880453877878,8.264449289522346
khal1275,sino1245,5.590492922649259,2.11003830459444
kham1282,sino1245,5.759171838173022,2.8017861211876607
khan1278,atla1278,3.387104022036498,1.1489849636099336
khan1274,aust1305,3.154800406346462,1.286735602157307
khas1269,aust1305,1.290046642800002,1.045536925558423
khez1235,sino1245,5.124379683901371,1.457401201020815
khin1240,nakh1245,3.249262563193118,1.4439729317940362
khmu1256,aust1305,3.0872701121322965,1.1421320104232109
guan1266,sino1245,6.112571166852949,2.989085148215821
khum1248,sino1245,4.711087248582833,1.6986341899661568
khva1239,nakh1245,3.501023677875115,1.3987703496421489
kich1262,maya1287,-2.5157409090383336,1.0515621447459012
kiku1240,atla1278,4.4322236066921,1.3449695097125698
kile1243,tung1282,6.009675847478687,7.369624153842395
kimm1246,atla1278,4.817271931191927,1.1920240310509485
kima1246,kolo1268,4.857756858245605,5.173970312902611
kima1244,aust1307,-1.7657204827371782,0.6342258782075874
kimm1245,hmon1336,6.401584913094493,5.23370365104185
kina1250,aust1307,-3.43390322476459,1.030067891712264
kinn1249,sino1245,5.666974370927254,3.735517358254185
kiow1266,kiow1265,0.828092922204414,2.709305282472542
kips1239,nilo1247,-0.0691137917565125,0.8094173766395159
kelo1247,timo1261,4.305450163696176,4.508774234453028
miju1243,sino1245,5.750782191800629,2.1010950719743846
kobo1249,nucl1709,4.727653061683169,2.695784864973916
koda1255,drav1251,4.903910025815567,4.184160004815112
koho1244,aust1305,3.0053761743618583,1.2885376113829068
koir1240,sino1245,5.07450779711304,1.4158471202842122
koit1244,koia1260,5.190038534150671,4.328424286558345
koka1244,pama1250,2.973453234802361,1.924537304821172
koko1269,aust1307,-0.6388937679385389,0.4755238991384658
kola1285,aust1307,3.85494478147788,1.4013350799795037
kolb1240,atla1278,4.619636126232715,1.1476336809641623
kolc1235,atla1278,4.401275173034934,1.400274751972148
kolp1236,kolp1236,3.806725717023207,4.773892275401366
kolu1245,aust1307,3.812577131949202,0.9052975688518644
komb1274,nucl1709,6.252413854542323,3.209404548544853
komc1235,atla1278,4.335446804777229,1.0060763214283952
komi1270,sino1245,3.182874769159726,1.4293389481040322
komi1269,ural1272,6.2101608050404,7.543017664661988
komi1268,ural1272,6.390946344721141,8.388220382384532
komo1260,atla1278,5.088789783787698,2.0102047483253784
kona1242,east2433,5.339695468147245,5.306770580597515
konk1267,indo1319,5.592128417137734,4.110211733885748
kons1243,afro1255,2.043973067653569,0.8861622527873863
kony1248,sino1245,5.39011129791263,1.6300319891785475
konz1239,atla1278,4.976404631200042,1.7635261056620095
koon1245,atla1278,4.524629735826041,1.4919140324207092
koor1239,gong1255,5.024727606156621,3.5603791646822742
kora1294,nucl1709,6.125596951794894,3.0286116501581546
kore1280,kore1284,4.74476687540943,8.332746888097972
kore1283,tuca1253,1.4927357692530494,1.3912907470807738
kork1243,aust1305,3.61917127175276,2.9211952797224114
koro1298,atla1278,4.580937261801222,1.4372179708691704
koro1313,sout2948,4.075762181220466,4.778113150080642
koro1312,nucl1709,6.211757713748665,3.17732367819562
korr1238,drav1251,4.921037899400393,4.28717645238963
kosa1249,nucl1709,6.455887842520693,3.174176518415692
kosr1238,aust1307,2.158123190921801,1.7939159483016454
kota1263,drav1251,4.810443371649304,4.092743420036541
koti1238,atla1278,3.397580331054437,2.1660181963898992
guan1269,tuca1253,1.6502236960592755,0.93328103057749
kova1243,nucl1709,4.797295145857083,2.757042956066641
kove1237,aust1307,4.548263022641433,0.775330379857678
koya1251,drav1251,5.455535033412457,4.132509913067366
koyr1242,song1307,2.8575497881446354,2.9974915452525863
koyr1240,song1307,2.8585017762266647,2.893793020876245
kren1239,nucl1710,4.029483375558788,4.737641587428058
gbay1288,kres1240,3.258319959982112,4.191112632994859
ngeq1245,aust1305,3.424949723408334,1.1382449274252338
kryt1240,nakh1245,3.2542985154165267,1.4612647143095217
puoc1238,aust1305,3.221885161149652,1.289462011632395
kuan1248,aust1307,2.4968595146064363,0.7192814389142086
kuan1247,atla1278,2.705450256559006,2.202468990700538
kuii1252,drav1251,5.599801117994308,4.131955363651883
kuik1246,cari1283,2.614255254545914,2.0822612977998176
kuku1280,pama1250,1.5476158532529656,0.9838130116882268
kuku1273,pama1250,1.952537527382896,1.125516907550491
kulo1237,aust1307,-0.0788280503879574,0.6311074630235964
fait1240,nucl1709,4.69253410419166,2.61618367629626
kulu1253,sino1245,5.562729097544026,2.0863319588781906
kuma1280,nucl1709,4.602110895436924,2.642709787508551
kumb1268,pama1250,2.527045367583999,1.940370988107276
kumz1235,indo1319,2.1382833493593427,2.719299433649809
kuna1268,kuna1268,2.004492989476612,3.544334003179955
kunb1251,gunw1250,0.4342993371053101,1.092762661927111
kuni1267,kuni1270,5.185037683078851,4.254967319790211
kunj1245,pama1250,1.524691415630203,1.0625030985070794
kuot1243,kuot1243,0.753346283122946,2.4817048209017685
kurr1243,pama1250,-0.5642359341141283,0.8541330751093028
kurt1248,sino1245,5.390984598942812,1.8447029167754465
kusa1251,aust1307,-0.7964586891125034,0.457562819559854
kusu1250,kusu1250,5.433981805727133,6.883128598443108
kute1249,kute1249,-0.7036990222905812,2.567927516089867
kute1248,atla1278,4.442946062022815,0.9942231181111936
kuvi1243,drav1251,5.497408487521871,4.131486770023457
kuyy1240,aust1305,3.4488859224756343,1.1973968480230042
kwai1243,aust1307,0.7258124782698179,0.4554736377120036
kwam1252,aust1307,0.915625293849894,0.5227124631266236
kwar1239,aust1307,0.6481259390933065,0.4372767615496968
kwaz1243,kwaz1243,2.8627355010879514,4.246991938342347
kweg1241,surm1244,0.4327897379627448,1.0473907447159831
nucl1595,kwer1242,5.50741308957834,5.345148724978515
kwin1241,worr1236,0.6166807911943213,1.7511608362637787
kwom1262,sepi1257,5.784566879263854,3.842966049976795
nucl1593,kwom1263,5.428922958643565,5.223197535324232
kxoe1243,khoe1240,0.5810580980255908,1.7805009844709332
kyer1238,sino1245,5.719871383326511,2.4250204487546227
cori1240,atla1278,4.306076962423335,1.0797119235089667
laal1242,laal1242,2.776465584393621,4.213251482904738
labu1248,aust1307,3.868787135677974,0.724615786228128
labu1249,aust1307,-0.0620419288309603,0.6050448318658255
lach1248,taik1256,4.987814105008889,3.9282961720358287
lafo1243,tege1244,2.685095936298831,4.040351922344101
lagw1237,afro1255,1.543827860779503,0.53469309850081
zaye1235,sino1245,5.713486706420096,2.0383467506287616
lahu1253,sino1245,6.176536002828958,1.9752644175556784
lahu1252,sino1245,6.349855579811707,2.009580988499806
laiy1246,aust1307,-0.0377837591304608,0.628976635418951
lakk1252,nakh1245,3.306484039576508,1.3736590509768971
lala1268,aust1307,3.774770588188578,0.9896648021243948
lama1277,aust1307,2.7186066790363315,0.6882625673263476
lama1288,afro1255,0.6516408825963556,0.3610419261401887
lamb1269,indo1319,5.628777562655462,3.925223302398578
lamb1272,atla1278,4.442983923617556,1.8342129740696291
lame1260,aust1307,4.644273634930397,0.5507030751708442
hela1238,sino1245,5.697515935028524,2.355939804793678
lamk1238,sino1245,4.810405921674563,1.4693834146891618
lamo1244,aust1307,4.4881230717039005,0.783954304128514
land1256,atla1278,2.569472665091782,1.3027533751762803
lang1320,atla1278,4.826929602161075,1.3074553136106315
lang1324,nilo1247,0.4711574420435998,0.888470993216913
laoo1244,taik1256,5.211629682597584,4.045276293295785
lara1258,lara1258,1.8286273728942408,3.1814735527379128
lard1243,tang1340,0.3848865956116629,1.4566782813144243
lash1243,sino1245,5.7406892323372505,1.9322785037671224
teke1275,atla1278,4.395424175761315,1.9993942146393808
latv1249,indo1319,5.693514273553814,3.8816203110639407
lave1248,aust1305,3.491941094645137,1.1289401754629012
lavu1241,lavu1241,2.777277763939847,4.010407816362488
lazz1240,kart1248,3.9849445607755,5.313587357177042
lega1250,atla1278,4.860988354466395,1.994213198497846
lele1276,afro1255,1.408577867764892,0.762298777416845
lele1267,aust1307,2.2758958361764545,0.5812297453499866
lele1270,aust1307,2.9620270193570253,0.9642007238357452
lemb1266,nucl1709,6.555592921208526,2.7677126528477918
leme1238,aust1307,2.9284564210747157,0.7927182785434468
bela1260,aust1307,-0.2886936396361346,0.5537597455412993
lena1238,aust1307,1.162588047209811,0.5144164628294163
lend1245,cent2225,5.720950972269155,2.85853679669529
leng1259,aust1307,0.0232265171187595,0.4336850186646188
lepc1244,sino1245,5.491674966088785,2.008707423673343
leti1246,aust1307,1.5454981613242342,0.8937895820636186
lewo1242,aust1307,4.689188203577882,0.5773017016448136
lewo1244,aust1307,0.8656742878259838,0.680159756016053
lezg1247,nakh1245,3.2527361561444765,1.374047888300737
lian1251,sino1245,4.891284164686039,1.42399851175486
libi1244,atla1278,5.210460704276459,1.7871926104675424
liby1240,afro1255,-0.7711177882552516,1.4166152118793889
lihi1237,aust1307,2.3846943576667403,0.7766558860409418
liji1238,atla1278,4.306845531142395,1.0173767537574747
lika1243,atla1278,5.261439323108592,1.8570718150836851
lill1248,sali1255,-2.380988330527165,1.6628250200233765
limb1266,sino1245,5.556587724408151,2.0732350637383945
nucl1327,limi1242,1.8247457443016104,3.176112362470718
limo1248,aust1307,-3.054787407169817,0.7540314356568274
lipo1242,sino1245,6.07435036363668,2.116400566798177
lish1245,afro1255,0.9591421967995846,1.237142113890286
lisu1250,sino1245,5.828372190520402,2.050299097847642
lith1251,indo1319,5.575145365069337,3.602729141714434
lito1235,atla1278,5.217156968033914,1.7814112836774711
livv1243,ural1272,5.66102873999633,5.765990509174429
loba1239,atla1278,5.000987686076536,1.765795090021129
logo1259,cent2225,5.91074555255666,2.819703472986504
balo1261,atla1278,5.042368429482922,1.8190967111646896
loka1252,atla1278,3.7181624821819614,1.0639521278237396
araw1276,araw1281,0.7278713683854123,1.41576845001768
lolo1259,sino1245,6.094965249149792,2.137151942728451
loma1260,mand1469,3.882232728832205,2.852518401927142
lomb1257,indo1319,2.883396947385359,1.7869904841051325
chiq1248,chiq1253,1.2782307901459706,2.838540215623169
acha1249,sino1245,5.487628998011393,1.7414885071181914
long1395,aust1307,0.4208843303841707,0.4717366830310254
loni1238,aust1307,2.9376513338084056,0.963540455768964
lote1237,aust1307,4.37352302634783,0.8108657483433035
loth1237,sino1245,5.171391709820928,1.482245069704078
louu1245,aust1307,2.9620937026697,0.930907488230332
vano1237,aust1307,2.4329347982666807,0.8629201899322538
lowl1260,tequ1244,-2.3862831389607404,3.8736400614900495
lowl1265,utoa1244,2.240512758800865,1.0449794646047224
lozi1239,atla1278,3.033641887459803,1.524708815835652
luan1263,aust1307,3.3252967461838283,0.9726526211952092
onto1237,aust1307,0.0830963166293319,0.8428674443299826
lubu1243,aust1307,-2.986385467121613,0.7156576328081599
luch1239,atla1278,3.001861336498054,1.6323389190614537
ludi1246,ural1272,5.824312855458428,5.921882818832501
lugb1240,cent2225,3.897937470764633,2.771491277527417
lugu1238,atla1278,4.74177783619186,1.6455185721728751
lule1254,ural1272,5.314512922104759,6.547377159634465
lumb1249,atla1278,3.837952369955291,2.2968709142039643
lumu1239,narr1279,2.9757765547572124,3.225028679181463
lund1266,atla1278,3.665785101615812,1.9633909805048688
lund1271,aust1307,-0.1253258880729912,0.5578649505910391
luok1236,nilo1247,0.3336828864700454,0.8906802931773541
luse1252,atla1278,4.8934110998672455,1.8927275455852453
lusi1240,aust1307,2.6940165241552467,0.758725167022277
luva1239,atla1278,3.123394512283122,1.6882950024861998
luya1241,atla1278,2.8712389014615045,1.5562762352729465
maan1238,aust1307,0.8213632224082819,0.9854947404892584
maas1239,atla1278,3.220196644130846,1.4533206102630345
maba1270,atla1278,5.287761519108338,1.8909068297453475
maba1277,maba1274,2.895267327365717,4.063485226002328
mace1250,indo1319,2.1931950955882886,1.4600662347533842
mach1267,araw1281,-0.0505659382283054,0.8739127567957325
maco1239,sali1297,2.026187370703295,3.48212680500896
macu1260,tuca1253,-0.4543983778069442,0.9120357608026666
mada1285,aust1307,2.4337222755148837,0.7305585408736022
madi1260,cent2225,5.586639935537204,2.7050292307730786
jama1261,araw1282,2.736242983794054,3.4559777912512857
madn1237,east2374,1.7457509032053284,3.097405717751684
nucl1460,aust1307,0.1128792597807493,0.9089068601081464
mafe1237,aust1307,3.0183931942507787,0.6020912401890541
maga1260,indo1319,6.284634436580601,3.2917064146759287
maga1263,aust1307,-3.1351543726747746,0.9040180341413304
magd1235,otom1299,-2.943043519542682,0.7838006700855829
magu1243,aust1307,-2.168195099075154,0.7555433937740759
maia1254,nucl1709,6.736712959428307,2.7219536407069143
maia1253,nucl1709,4.872699016298087,2.710202342610671
mail1248,mail1249,4.888473519903347,5.26091450466123
nucl1594,mair1253,5.287190845785962,5.477929870742585
mais1250,aust1307,3.8913594644679153,0.9445454028455628
mait1250,indo1319,6.356431619067767,3.2705535719562704
maja1242,surm1244,-0.1528561972573339,1.0491121892927993
maka1304,atla1278,4.474363450093295,1.3744216504999829
maka1311,aust1307,-0.3551181202396147,0.6451257170660938
makc1235,taik1256,6.42805906535433,4.112942113330632
makh1264,atla1278,3.5933578664892014,2.057526015450577
makh1266,atla1278,3.682711427976203,2.0421516402927296
mako1251,atla1278,4.109643225887462,1.989085868840704
maku1277,aust1307,3.380893224707262,0.8915858369608145
makw1236,atla1278,4.128219440187523,2.0174087571760992
mala1463,drav1251,4.629759081184798,4.5151233178041394
mala1534,aust1307,-3.127725639172196,0.7854604936570695
mala1464,drav1251,4.703333171737545,4.387787300031476
mala1522,chib1249,4.34055319554948,2.365425358258534
male1284,gong1255,4.97604552469807,3.456826257311718
male1297,chib1249,3.762108063947271,2.3313255566175712
male1289,aust1307,4.502423403320361,0.761065412376098
malg1251,afro1255,1.0987942197444145,0.4782951401697914
mali1284,bain1263,5.548936802561937,5.170084654313939
mali1285,otom1299,-2.716464221813352,0.9186154268662392
malt1254,afro1255,0.6600723148413525,1.6551342068651422
malu1245,aust1307,2.935491905435379,0.5496965929831958
mamm1241,maya1287,-2.585002167156913,1.068018794677556
sauk1252,nucl1709,6.271790760936374,2.634315784192552
mama1275,aust1307,-2.9723425199642204,1.0114968607383332
mamb1306,aust1307,3.10739211660042,0.913185035223222
mamb1294,atla1278,4.491195023444528,1.0380381479824337
mamb1296,atla1278,4.581854960184794,1.90379046609894
mamv1243,cent2225,5.8713350874058365,2.9197942674040007
mana1295,aust1307,2.71487276516085,0.8939766691732132
mana1298,nduu1242,5.522282130631855,4.931519653832964
mana1288,sino1245,5.744989068333124,2.646736345154636
payn1244,nucl1709,6.655176847668348,2.682262240193154
mand1440,aust1307,2.4807252822527364,0.7938543509486351
mand1415,sino1245,5.650305966887157,5.223601222231935
mand1436,mand1469,3.063352563751981,2.919717558323441
mang1378,aust1305,3.047485334374665,1.1343430477677714
rapa1245,aust1307,-4.424718644460084,6.751471013927755
mang1401,aust1307,-4.465178785061353,7.059763417098935
penr1237,aust1307,-4.281260474486897,4.363798416624078
mang1381,mang1423,2.0097205561372125,2.582501805635445
mang1394,cent2225,4.261042271231171,3.013936643242374
mang1404,aust1307,3.674798279585308,0.739323535434778
mang1405,aust1307,0.1472627081782551,0.6741884992645168
mang1403,aust1307,4.412797918410651,0.8066430580234396
moni1237,otom1299,-1.991762807687243,1.9633093138038191
tong1308,aust1305,1.9500986373521856,1.0439129568767953
manm1238,aust1305,2.7326178510694863,1.06572540022907
mann1248,mand1469,4.037871341981277,2.967889798915792
mans1262,aust1307,-2.150855968572449,0.905758528067878
mans1260,hata1242,3.510720409160053,4.405893394178634
manu1258,aust1307,1.726033004296939,1.0246828165762167
maon1241,taik1256,4.466071716526182,4.070943430188166
maor1246,aust1307,-1.9161482464824555,3.9771713115473233
mapo1242,aust1307,1.8155849839343168,0.7227796993673792
mapu1245,arau1255,1.7847121190619903,4.1167142396940335
mara1382,sino1245,4.8025191808114345,1.836583383514636
mara1399,aust1307,2.9762344552008333,0.532136900207206
mara1379,sino1245,5.05609529644767,1.435345957625458
mara1404,aust1307,-2.6982385557050304,0.7892569819717039
mara1386,west2434,2.305188858601186,2.3596474629947863
mara1378,indo1319,5.715275968947108,3.893682707692136
marg1265,afro1255,0.9818131948725952,0.4282962007184778
mari1414,drav1251,5.598679404889812,4.295353890925398
mari1440,coch1271,2.564329512100426,2.69371585166374
mari1428,aust1307,4.409293705096954,0.8417168192140991
nucl1622,anim1240,4.856138008777333,5.5062913388293
mari1416,sino1245,4.774969125075264,1.4596017540437174
mari1424,west2434,2.325906365147782,2.376457713700148
maro1244,aust1307,-0.8690419940501055,0.4876323603819799
mara1385,mang1423,1.8877447555291216,2.610385151551497
mars1254,aust1307,2.340475638335592,2.760033137531707
mart1255,pama1250,-0.1360562652215531,0.96163088381158
maru1249,sino1245,5.848911604851961,1.964766091766677
maru1252,pano1259,1.7768987273019734,0.9732305905872068
masa1322,afro1255,1.6362651732654443,0.6188230884082486
masb1238,aust1307,-3.501604642263357,1.0490824295203538
mask1242,aust1307,2.9136312843959136,0.5244599082472234
matb1237,aust1307,3.501730272560974,1.1545718139402368
kemb1249,aust1307,1.6687428818535697,0.949060948246938
mati1250,aust1307,-2.621675817611232,0.7839679418334242
mato1252,aust1307,4.241172006801823,0.7570333379222518
mats1244,pano1259,1.4560260142708588,1.0233104395287569
matu1261,aust1307,2.6520348576478714,0.8252051582672095
matu1259,atla1278,4.476190697655015,1.8761913878743712
maun1240,iwai1246,-0.4300719030585735,2.3257375395263864
maxa1247,nucl1710,4.077584384596162,4.660638313344364
maya1285,misu1242,2.320175383870695,2.654708561939032
maib1239,mayb1237,5.07068603611472,5.491203047672229
mayo1264,utoa1244,2.185164020641783,1.206540179823321
mayo1261,atla1278,5.318142257489301,1.831775288027501
maza1304,afro1255,1.1117970341590129,0.4285776136747472
mbaa1245,atla1278,7.162374334627562,2.003936346341021
mban1263,atla1278,5.3211436034886805,1.772794934150653
mbar1260,afro1255,1.7036525226065553,0.5864879239377956
mbay1241,cent2225,3.505887453358975,2.5437437026479017
mboc1235,atla1278,5.871676469069652,1.0782717751430653
mbol1247,atla1278,5.149124614208008,2.0790700938317457
mbug1242,atla1278,4.711992432520264,1.312536218938419
mbul1263,aust1307,2.590813658220513,0.7433752362422581
meen1242,surm1244,0.3579857192653382,0.9727086485484052
mehe1243,sepi1257,3.815445589494965,3.7997972181098314
saki1248,tupi1275,2.114809139507177,1.23935722698684
meke1243,aust1307,3.773969070496162,0.9157561701897236
mele1250,aust1307,2.2248075062910377,0.5875650833700661
melo1242,gong1255,4.931374732233256,3.451952569276955
melp1238,nucl1709,6.501295106551095,2.714578196113109
mend1268,sepi1257,3.900681061448141,3.807063940632233
mend1266,mand1469,3.868743807981223,2.948520504073258
meng1267,aust1307,2.5278922765667198,0.7726325463463013
meny1245,anga1289,5.182244054291194,4.910866430366966
mere1242,aust1307,2.8890929476428884,0.647924374111426
meri1244,east2503,4.895922727847922,5.071269421851554
meru1245,atla1278,4.666101907866194,1.4143062834335751
meta1238,atla1278,4.17574178592171,1.0237156620097778
meya1236,east1459,5.153991306257699,5.349015028492872
mezo1235,otom1299,-2.574025484648649,0.8392795717031163
mezq1235,otom1299,-1.1127142493124662,0.9980541434097177
mian1256,nucl1709,6.378227837234218,2.996457477521716
midd1327,aust1307,2.014159789444585,0.7586187583439425
mido1240,nubi1251,4.232552811568266,4.885038421949147
miga1249,afro1255,1.95790475068023,1.1648959406832091
mika1239,musk1252,2.350766840595744,2.876058016836481
mikm1235,algi1248,-1.6615932970103655,3.359471228883905
mila1245,sino1245,5.624812980950087,1.9676552471946136
mina1276,afro1255,1.110854362633626,0.4029214772605485
mina1268,aust1307,0.2812970062539524,1.0686864034916257
mini1256,huit1251,1.143422289426427,2.4288660644527624
mini1251,aust1307,4.400422774784826,0.7335968374002562
minn1241,sino1245,1.8369515370135137,2.1139004833912907
misi1243,aust1307,1.2217807412356851,0.8617769662164392
misk1235,misu1242,2.267940333771709,2.7282373365124784
mixt1426,otom1299,-3.289993017095034,0.9716884992726308
miya1266,afro1255,1.5415660579193204,0.5997629073861503
miya1259,japo1237,3.3333572273244103,3.5644628496338555
lush1249,sino1245,4.742432510709453,1.7685199331728825
mlab1235,aust1305,4.962664884183302,1.2571354677069737
moba1244,atla1278,3.140721462042181,1.5149417325650631
moch1257,maya1287,-2.5882359963775112,1.0561681558222062
moco1246,guai1249,-0.4569947967703722,1.9345532266677596
mode1248,indo1319,2.0093207906110084,1.7455975715406282
hebr1245,afro1255,-0.3119514515911756,1.0596710734913302
moha1258,iroq1247,-1.402187293081445,1.945176309134439
moii1235,west1493,4.863791428866567,5.47249271213127
moke1242,aust1307,2.142698952231856,1.648031905310205
moki1238,aust1307,2.1890023729923502,1.581334382081053
mokl1243,aust1307,3.596325560244812,1.503748923109839
mokp1239,atla1278,3.5702462350173096,1.166119355900463
moks1248,ural1272,5.648948939754566,5.552053750710201
molo1266,afro1255,1.2667280561787797,0.3952462197791249
nucl1452,momb1255,4.719075939503061,5.527742983141366
fass1245,baib1250,3.606239605248776,4.716692398680692
mong1338,atla1278,4.87073596185669,2.080021486495383
mono1273,aust1307,2.4917456330187564,0.6325777577753513
mono1270,atla1278,5.340572294808412,1.7868031054811695
mono1275,utoa1244,2.2758465342345007,1.373422517430555
nucl1458,monu1249,3.9787291693799975,4.825022385541317
monz1249,atla1278,5.140990428686125,1.7369810398171524
mopa1243,maya1287,-2.108986966797209,1.2567214553639872
morm1235,aust1307,2.3388374160752807,1.1685998225428025
moro1285,heib1242,3.052415524338046,3.2337299480509216
mort1237,aust1307,1.77564758144449,1.4092349668240445
mose1249,mose1249,1.8333102133096988,3.269057294682227
temb1272,atla1278,5.246785192008902,1.868037467399887
motu1246,aust1307,3.7786137705915808,1.033751873693575
mouk1239,aust1307,4.522217346368838,0.7718575474875706
moun1252,koia1260,5.293778117582424,4.28609476726362
movi1243,movi1243,-1.3887506993571517,2.8236860692968264
tang1347,aust1307,2.9255871140055394,0.6100301028251351
moyo1238,sino1245,3.020607027034375,1.4327446299868996
mpad1242,afro1255,1.3398026629825512,0.5949467165383737
mpii1239,sino1245,4.546632877092543,2.299322112457986
mpot1240,atla1278,4.311659646347964,1.9023784142073907
mpur1239,mpur1239,4.954479424002085,5.485829502063211
mual1241,aust1307,1.6204021093481789,0.9626588282051216
mudu1242,aust1307,2.8210510604650825,0.7780823510121877
mudu1239,drav1251,4.837273344364253,4.159714201357502
mull1237,nort1547,1.8489714299311848,3.18070206266259
nucl1240,atla1278,4.6485229689704415,1.0729925831935816
muna1247,aust1307,0.0369619106528649,0.6660450734979406
munc1235,sino1245,5.129492653826138,2.1256152474116448
mund1328,atla1278,4.380943109086411,0.996454913705236
mund1325,atla1278,4.582780624721972,1.04800739595089
mund1320,aust1305,3.7434009921732825,1.9122967745225596
mund1326,atla1278,5.139770517974172,1.6943955913976367
mund1330,tupi1275,2.45432461260678,1.8192837746468344
abar1238,atla1278,4.370279775338362,0.995497702172912
murl1244,surm1244,-0.2897434572197834,0.999051017657166
murr1258,sout2772,1.6985911399144218,3.0997201979470503
muru1274,huit1251,3.054770442508304,2.6377926894635664
muru1266,pama1250,0.424175132860201,1.3447857797144709
musg1254,afro1255,1.607527093031793,0.5140920699097649
muso1238,aust1307,2.114557629401455,0.7195224716339794
muss1246,aust1307,2.777256486263484,1.04832981888066
muyu1244,aust1307,1.4715991575609326,0.8220737753169942
mwag1236,afro1255,1.4201157332244865,0.6312335804223039
mwan1250,mand1469,4.075931991906207,2.8203659429892696
mwan1247,atla1278,3.869577300133239,2.0957796376157205
mwer1248,atla1278,4.426098881048945,1.916009618453046
motl1237,aust1307,2.96867395034697,0.8175864474573018
naba1256,nucl1709,6.232503837696439,2.651725584926851
nade1244,nada1235,0.1915134776033626,1.8203037179818864
sout2857,aust1307,2.8208879145188863,0.5339259878263647
naka1262,aust1307,2.585590274509736,0.7788272038640116
nali1244,aust1307,2.565756164019122,0.771055835962585
nama1268,aust1307,2.690821425641433,0.5967616446265254
litz1237,aust1307,2.991303315806194,0.5283011405948059
nama1264,khoe1240,1.5780774123489296,2.7144894612584665
namb1293,more1255,4.979613403172299,4.958901149846014
nami1256,sepi1257,5.613035788218537,3.8580327630416775
namu1246,sino1245,6.101198183851662,2.529431351276571
nana1257,tung1282,4.243909946553439,7.236302111098155
nand1266,nilo1247,-0.3179548247102968,0.7049504697987459
nang1262,aust1307,1.8604425352090903,0.8227298167678896
nara1262,nara1262,3.329805747587476,4.722022697925425
yong1270,sino1245,6.036366033627158,2.339743694958884
naru1238,pama1250,2.7615788894565485,2.734062665114635
nati1244,aust1307,2.848023243395632,0.525655941659096
natu1246,aust1307,1.82172093891751,0.8254904874862632
naue1237,aust1307,1.47885505103112,0.8353790130024663
naur1243,aust1307,2.017565113625013,1.9203231769033664
nava1243,atha1245,3.048333839179276,2.954665323868909
nawu1242,atla1278,5.148607605052587,1.613748177232253
naxi1245,sino1245,5.9549369531801135,2.2216248411663457
ncan1245,atla1278,4.401221787425259,1.0082234156967047
ndam1239,atla1278,4.625712866569183,1.7079024568779744
nden1248,atla1278,4.581682713215459,1.8225175710998656
ndog1248,atla1278,5.508222724505716,1.7563145970129028
ndom1245,kolo1268,4.798457957129718,5.184488166594406
ndun1249,atla1278,7.213659107576331,1.9165045356589303
nege1240,aust1307,1.611219489123572,1.0189432207345988
negi1245,tung1282,4.56079105022746,7.83142311048428
neha1247,aust1307,1.9751719672586765,0.7398970905135513
kuma1276,aust1307,-1.04733366334254,0.6499006639247966
nenn1238,more1255,4.997318616045239,4.947992427292007
nend1239,nucl1709,4.745004613023022,2.6671034531764803
neng1238,aust1307,-0.7093731495197471,0.6946820742999193
nucl1706,afro1255,-0.5354283471850447,1.1693513232237365
nepa1254,indo1319,6.4911791436500055,3.482267071018555
nese1235,aust1307,2.9484260433209237,0.549449662648982
vinm1237,aust1307,2.933657655554393,0.5227523982950686
ling1265,aust1307,2.963987705271053,0.5191166217107082
nezp1238,saha1239,-1.4310300090485368,2.428415830861155
ngaa1240,pama1250,2.5626034923727063,1.7570694543496472
ngab1239,chib1249,2.360241668196979,2.2458406777514317
ngal1292,gunw1250,0.2079010213536793,1.160677890525761
ngam1268,cent2225,3.413795126348456,2.4900117345151216
ngan1291,ural1272,7.114470694324365,12.758722414381054
ngan1295,gunw1250,0.0438711874848625,1.1000089228805052
ngar1235,pama1250,0.4726998686039199,1.0284895723823126
ngar1284,worr1236,0.0236482417538699,1.734696734150475
ngas1240,afro1255,1.3316382729248364,0.5778714588358582
ngba1284,atla1278,5.126668952001426,1.7069501627771049
ngba1285,atla1278,5.217037383369659,1.763806870931262
ngge1241,nucl1709,6.426212277523963,3.218675221920165
ngit1239,cent2225,5.738536208102222,2.967582238845893
ngom1268,atla1278,5.166210755638319,1.8784872642023915
nhan1238,pama1250,-0.8059255650364303,1.4057450249978558
nhen1239,tupi1275,0.8002346827730422,1.1939573705455473
nias1242,aust1307,-0.7936395752298449,1.0461419746682452
niha1238,niha1238,4.87087769953983,7.006235130614073
nila1242,atla1278,4.696250495735884,1.3975834846209807
nucl1633,nimb1257,5.47177173844796,5.390206338202063
nina1238,yano1268,1.7775315902520976,2.30731106763173
labo1244,aust1307,2.8503443372209407,0.5276023851482705
nisg1240,tsim1258,-1.5033351574400395,3.421660006730889
niua1240,aust1307,-1.0201086687570635,1.7299727972144865
niue1239,aust1307,-3.592856165071643,3.063812780206945
niva1238,mata1289,-1.350329811416783,3.010027772958608
njan1240,atla1278,4.501596603578308,1.0956483471440777
nkon1248,atla1278,5.170093153545861,1.65996516442533
noct1238,sino1245,5.478947099271079,1.727572582984379
noku1237,aust1307,2.730531755738122,0.7288228375674635
noma1263,araw1281,-2.118169737654396,0.8778392714949916
noon1242,atla1278,2.400241319720786,1.6395026421680257
noon1243,atla1278,4.386088797615516,1.013488818888419
nopa1235,otom1299,-3.2426759640022933,0.9217363645892078
nort2839,aust1307,3.0227878363911405,0.5557388603408242
nort2697,turk1311,3.296332836667469,3.181337052206345
darg1241,nakh1245,3.189757400532142,1.4348025293502076
nort2930,kiwa1251,5.207790419649958,5.046962363393334
nort2836,aust1307,4.163696063499441,0.5982342886424021
nort2724,sino1245,5.906467808555182,2.120027471867701
nort2972,choc1280,3.2642179843414043,3.173395635606454
nort2702,drav1251,5.489736655899084,4.129293829906501
gumu1244,gumu1250,4.01974197188427,4.582048665941812
nort2938,haid1248,0.9790767217617092,2.6180608569496826
sing1264,sino1245,5.516102516014496,1.768161996999737
nort2877,aust1307,-2.897356236546811,0.7374825939747893
nort2684,aust1305,3.4384852599988864,1.254121431098696
lush1252,sali1255,-2.7870026722488728,1.6586085043705054
nort2774,atla1278,5.427355578355611,1.890555262397441
nort2954,utoa1244,2.110719452404436,1.4343698974249437
nort2957,utoa1244,1.2297942904016723,0.901921777268086
nort2723,sino1245,6.070453737892753,2.4896691492952527
nort2747,hmon1336,5.894835768975274,5.589259869217898
nort2722,sino1245,6.124212224763949,3.190719451522426
nort2994,aust1307,2.928582912533189,1.468152734217
nort2885,aust1307,-3.07384459561686,0.8821320396743886
nort2959,utoa1244,1.69645939115171,1.102133163139257
tosk1239,indo1319,1.7291152644347054,1.3893435808009258
nort2732,sino1245,5.754127449527336,3.1717871750719557
nort2690,turk1311,6.33690616651391,6.38129368330091
yoku1256,yoku1255,-0.8592617264394233,2.6333659784000645
nort2745,yuka1259,6.6107635091185815,17.713716745511007
nort3047,afro1255,1.2392155183051603,0.4064344806440658
nort3139,afro1255,-0.7981101471330216,1.008123996319256
nort2845,aust1307,-4.49155104642338,6.22601548611884
nort2671,ural1272,3.738594268222295,6.557007862217631
nort2942,atha1245,3.635562712152759,4.617128410262765
nort2847,aust1307,1.2364727512276676,0.502165461178663
nort2699,drav1251,5.579623662908372,4.410986201504628
nort2961,algi1248,-1.5200404946606223,2.3470772073587227
nort2775,atla1278,4.840827668667396,1.4392151125251471
nort2951,maid1262,1.1850149976275235,2.816229883000545
yaki1237,saha1239,-1.636844985997146,2.530964921371975
nots1237,aust1307,4.372364167190814,0.763159879978673
nsen1242,atla1278,3.901493544251382,2.0246470933063563
nuer1246,nilo1247,0.7528820771805247,1.081209104075782
nukn1238,nucl1709,4.5319798992629305,2.645250456875914
nuku1260,aust1307,1.2672333516237817,1.310317096837764
nung1282,sino1245,5.826664906510826,2.077876792210617
nupe1254,atla1278,3.570947997267128,1.26673703851327
nusu1239,sino1245,5.812602658314742,2.025267906450921
nuuc1236,waka1280,-2.063026007151377,3.9006229791851865
nyah1249,aust1305,3.474702013066585,1.11798656788784
nyah1250,aust1305,3.162033222045787,1.365561605652914
nyak1260,atla1278,4.45496236811532,1.8222449868100623
nyam1285,afro1255,1.585097818258065,0.627734732417423
nyan1307,atla1278,4.891576896565562,1.7298498822121928
nyat1246,atla1278,4.749707841891601,1.3993893185565869
nyaw1247,pama1250,3.4389914315454577,1.4860955565601728
nyis1236,sino1245,5.3687395266833535,1.6673895889747996
nyor1246,atla1278,4.828245081121844,1.6292009936009322
nyun1247,pama1250,2.0790602110428558,2.352327843871961
nzad1234,atla1278,4.639702109714749,2.2063554177739206
nzak1246,atla1278,4.833510696629867,1.3218007103820923
nzak1247,atla1278,5.490856855403829,1.9056798844993352
obok1239,lake1255,3.6837841391544703,4.937242247781768
obom1235,aust1307,-2.40404378124917,0.7627290308561498
occi1239,indo1319,2.641685232167683,1.7614613576517115
ocot1244,otom1299,-3.1225537574170428,0.8337292007218764
oriy1255,indo1319,6.04547752502948,3.291553998575125
ofay1240,nucl1710,3.117423414912605,3.1802211709309347
kalm1243,mong1349,2.982515403628442,5.074730454560594
okan1243,sali1255,-0.3150635682213503,1.322606070823241
okin1246,japo1237,4.00213906520941,4.268498133543318
okoe1238,atla1278,5.349297346131874,1.1420278655092204
oksa1245,nucl1709,6.380447326125254,2.952534485314146
okuu1243,atla1278,4.36134155468252,1.0149761185776924
oloo1241,nucl1708,3.8109839352015857,3.6072098815456
olut1240,mixe1284,-1.6211400524599409,1.4230347353481818
omah1247,siou1252,1.1384676719874791,2.53028046511011
omie1241,koia1260,5.28317538296442,4.290198304402438
onge1236,jara1244,3.691069423264797,5.535119210722954
bira1253,bira1253,2.8287090252277256,4.07876395661026
orma1241,afro1255,1.795858493632183,1.1801393834281555
oroc1248,tung1282,4.411470990288445,7.3906427565305535
orok1265,tung1282,4.436024735668847,7.921467589017425
orok1269,nucl1709,4.196620863229905,2.936582576735674
orok1266,atla1278,3.717722877965878,1.0935130695098394
orok1267,nucl1580,3.363121801079048,4.46440579165845
orow1242,aust1307,-1.177989198405987,0.5739764851810207
orya1242,toro1256,5.455701902874556,5.396667826680528
osam1235,atla1278,4.391474625481623,1.8368766468615547
otor1240,heib1242,3.0231788119355247,3.24069609950152
otta1242,algi1248,-1.5904135475133383,2.0188075067257785
owaa1237,aust1307,1.2180632498072317,0.7326088586406456
paaa1242,afro1255,1.4658694899207223,0.637951112066645
paam1238,aust1307,2.915100533755707,0.5568316214986169
paas1238,atla1278,5.114125866002593,1.554356798576606
paco1243,aust1305,3.3450411872178254,1.2161611143868356
paez1247,paez1247,2.522182948841537,4.02577365345735
pagi1243,atla1278,5.385310599085026,1.909688786158199
pagu1249,nort2923,3.9206250500127497,3.491366546396023
pahn1237,hmon1336,6.409274613161398,5.235264818344405
pait1244,sino1245,4.62150365803456,1.4916108802873964
paiw1248,aust1307,-2.172282568848237,0.7667861317008544
pala1344,aust1307,-0.475999529560843,1.1677089450544145
pali1279,araw1281,1.667962162546627,2.0277413071338515
balu1257,aust1307,2.9415568261287834,0.9195305611081892
pamb1243,atla1278,5.473634739259042,1.860570536564552
pamo1252,aust1307,-0.4418415067908139,0.6879084160610773
pana1307,nucl1710,4.011289772200326,2.8901159141693427
enap1235,cari1283,1.2283434321806768,1.639181742788281
pang1290,aust1307,-3.0343499629992063,0.8420865126499564
pang1291,aust1307,-2.438961676173532,0.8804802153773892
pang1287,atla1278,4.480976239114499,1.8205612508578497
pano1254,pano1259,1.9450387165722465,0.9954279630733254
pany1241,pama1250,1.5728270700563671,1.0148748179707354
papa1238,toto1251,-3.0400790658697314,1.7640027646455678
papa1265,aust1307,1.3704220161416831,0.5847065713019788
para1302,sino1245,5.425148418638035,1.5800348368382515
pare1272,araw1281,1.565626125842262,1.2450561906153723
pate1247,aust1307,3.801023540846299,0.7534114362776165
patp1243,aust1307,2.4826196331454278,0.7210153183897035
patt1248,sino1245,5.613676772954062,4.081163593152894
paul1238,aust1307,1.6226611911343571,1.003099516525566
paun1241,araw1281,-0.4755356360841158,0.871834750889434
pawa1255,pawa1255,5.144265615125304,5.123800056642494
pawn1254,cadd1255,-0.5193299748973983,2.5701204623545664
pech1241,chib1249,3.276252355246524,2.559521781088165
peer1241,atla1278,4.590941729292455,1.123861286113538
pela1242,sino1245,5.583350790714374,1.7526458168339047
pemo1248,cari1283,2.117684974913563,1.615665845873167
pend1242,aust1307,-0.1709930990471786,0.6480053601595444
peng1244,drav1251,5.6151555065807175,4.138284431767275
peri1253,mong1349,6.10046993800393,7.712463875054027
phak1238,taik1256,4.078529028553328,4.197811743306673
phom1236,sino1245,5.311410968891214,1.5785296390849055
pila1245,guai1249,0.1104877371466219,1.7792473707616807
pima1248,utoa1244,0.6355911955663718,1.0118342908017723
pina1252,piaw1238,5.677435908626802,4.721339513455177
ping1243,aust1307,2.2574677147327997,1.615868668820525
pipi1250,utoa1244,-0.1082099864810341,1.3078858061974188
pite1240,ural1272,5.266937923639017,6.40516082152412
plat1254,aust1307,-1.726619222486674,1.9721888435787207
pnar1238,aust1305,1.1732217725321537,1.040942115434774
pohn1238,aust1307,2.0685956450211425,1.5752425883079295
poko1263,nilo1247,-0.2548249027501352,0.7633629532257373
poli1260,indo1319,5.173961880293274,2.970401077286681
popt1235,maya1287,-2.550288935940115,0.9926846890276976
port1285,aust1307,2.930809420408531,0.5211688112737818
port1283,indo1319,1.694140345717189,1.8445277069183987
phai1238,aust1305,3.091963533301355,1.2061178554331775
pras1239,indo1319,6.098339940524714,4.736438147548768
psik1239,afro1255,0.7510297639588561,0.3803832282497126
puin1248,puin1248,-0.2824141872973511,2.312216909012278
puka1242,aust1307,-2.1162058894531866,2.850345449961793
pula1263,atla1278,2.5434705135930447,1.3923371898047492
pula1262,atla1278,2.6801030647267243,1.356016366095588
pulu1242,aust1307,2.008027480829094,1.541473353024628
puma1239,sino1245,5.60384821571579,2.1458013671946787
pura1257,pura1257,5.082030949460699,5.171658195644767
pure1242,tara1323,0.7891253184206821,2.6083708042118303
puri1258,sino1245,5.628710656974012,4.347549041532076
puyu1239,aust1307,-2.19443453644036,0.6937079568550075
qawa1238,kawe1237,1.7996205900643192,4.310652489407076
qima1242,afro1255,1.33368911574094,1.05816754800108
quer1236,otom1299,-1.1212016032755,1.048314202248065
quio1240,otom1299,-2.890499049424696,0.8388914486054944
rabh1238,sino1245,5.071116975533774,1.6170293891137533
rade1240,aust1307,3.267993733885861,1.434533642463066
raji1240,sino1245,3.8569986886989103,2.9524037927020856
rama1270,chib1249,3.8437997386551546,2.28337879310979
rapa1244,aust1307,-3.9257698769681806,7.7288482512985155
rapo1238,nort2933,2.272467703069549,2.088371265757047
rata1244,aust1307,-0.4816119580458728,0.9429277626871057
raut1239,sino1245,5.7248446778344375,3.052953693837168
reja1241,aust1307,1.0152853178330208,0.7287802235421452
reng1252,aust1305,3.2327338940914263,1.1546555454877705
rere1240,aust1307,2.989498536805032,0.5152496816085943
resi1247,araw1281,0.8654426712836285,0.9558167360999336
reye1240,pano1259,-0.6089709503144416,1.0282840818315435
rian1263,kolo1268,4.927690733678188,5.160520486611276
rikb1245,nucl1710,4.144718395625408,3.055964671645711
rita1239,pama1250,0.5914476146881942,0.9935889994193304
beka1241,aust1307,1.59669959039549,1.022169669135792
roma1326,indo1319,2.937786918373193,1.8277107054930184
romb1245,aust1307,-3.5285443579812448,1.0170518689095331
ronn1241,afro1255,1.4350539276215972,0.6278132365211206
rong1266,sino1245,4.909266270091668,1.4221922755886285
rong1264,sino1245,5.595210887651487,3.4748375809344623
roto1249,nort2933,0.4485832105278664,1.97823875396378
rotu1241,aust1307,1.2015784248682468,1.4582093118482078
rovi1238,aust1307,-0.8079713929697103,0.472235505291934
ruch1235,aust1305,2.277270102458539,1.0560607406901852
ruka1240,aust1307,-2.072892984994395,0.7033050492088933
ruma1248,aust1305,2.0347897925827656,1.1387840532128166
rung1258,maba1274,3.2153602189779367,4.078275677604268
rung1259,aust1307,-1.674190257555351,0.6589225750727223
russ1264,mong1349,4.641005192501348,8.701498160753204
russ1263,indo1319,6.555761218380579,5.994007459833838
rutu1240,nakh1245,3.239370856055044,1.362297646442954
saaa1241,aust1307,3.001344408976161,0.5869299116421018
saaa1240,aust1307,1.0017658796984763,0.524914264564444
saam1283,atla1278,6.137612874539703,1.4106661914372864
saar1237,aust1307,-1.9095601819833927,0.6735396883811688
saba1268,namb1299,3.1227537669496046,3.776452197205799
sais1237,aust1307,0.2857651455471712,0.7523798890863702
yaku1245,turk1311,5.699731151584741,10.8320588848501
saki1247,aust1307,-1.8854102563099089,0.72389975193434
tsis1238,atla1278,3.506955791061829,1.327035052765467
samb1311,atla1278,6.505311820225228,1.0876264169175158
samb1305,atla1278,6.529742389769059,1.0867446541496977
samo1305,aust1307,-3.30450900213882,2.24478052854829
sana1295,afro1255,0.0387645428004308,1.5744176946821824
sanb1241,otom1299,-3.2667789531173863,0.9472338623753842
sanb1242,chib1249,4.715207970874329,2.4849443694957927
sand1278,huav1256,-2.3264560064807807,3.7840406213757234
sang1331,atla1278,5.969233764566458,2.066624657102494
sang1321,sino1245,5.194648122772411,1.4976271072464726
sang1330,atla1278,4.632094011241877,1.740771252995586
sani1269,sino1245,6.386471300354882,2.2506404450508057
sanm1301,otom1299,-2.3213564681960843,0.8956333956964784
sanm1289,quec1387,1.6734577272564994,2.2410563891701543
sanm1295,otom1299,-1.1720580231606617,0.761688541878641
sant1410,aust1305,3.748016215397567,1.7757561848654575
sant1451,otom1299,-3.2556929645945925,1.0221511984757117
sant1436,otom1299,-3.0325049831580184,0.8583772039262101
sanu1240,yano1268,3.3796700284110885,2.422455762246244
sapo1253,aust1307,1.5930473556050888,0.5985460290411027
sapu1248,aust1305,3.439254850090231,1.121852388405273
sara1321,cent2225,3.974243294463848,2.7617191920261632
sars1236,atha1245,2.9913049533465044,2.9662076396583927
sasa1249,aust1307,0.0586327322949689,0.8590099855263986
sata1237,aust1307,3.593552098892528,1.5594014293085363
saur1249,drav1251,5.765770016961693,4.442699505759762
savo1255,savo1255,2.987402567471752,4.128894779458875
saya1246,afro1255,3.411318725784196,0.5804786073527168
seda1262,aust1305,3.212275068343404,1.1691531199895735
seim1238,aust1307,2.6353036568492616,1.1433805477402643
seke1241,aust1307,3.086050864730824,0.590472503041326
sekp1241,atla1278,5.181153119425152,1.641277301195288
sela1259,aust1307,3.2385572321848644,1.3020458737049694
sela1260,aust1307,-0.0967791553990107,0.614256679706358
sele1249,atla1278,5.184662193034105,1.6524990407306177
sele1250,nucl1709,4.563002872618787,2.673836554276505
selk1253,ural1272,6.848075847257069,10.172422306282172
sema1266,aust1305,1.606700047654856,0.8571413719658665
sema1265,aust1305,1.3244570755813658,0.8914464417667602
seme1247,aust1305,1.198056657736517,0.9594904409946708
seng1281,aust1307,4.418227943645694,0.8138990510328199
nucl1632,sent1261,5.426628466070537,5.359723941736405
sout1528,indo1319,2.5668052878744465,1.730083598805919
seri1257,seri1257,1.498469061531364,3.226480517257386
sgaw1245,sino1245,5.873840952904705,2.3687256166787165
shab1252,shab1252,4.086500567599818,4.810183581463519
sham1280,atla1278,4.815362172011527,1.589044933570733
shan1283,pano1259,1.8428775929241228,0.9334517465731268
shaw1249,algi1248,-1.762287563175707,2.1124436097507555
shee1238,hmon1336,4.313436652529245,5.191512836996907
shek1245,dizo1235,4.180778008590463,4.84829334968741
biao1253,taik1256,5.218899068353527,4.272392698330407
shil1265,nilo1247,0.923703742426378,1.1436460156984936
ship1254,pano1259,1.90497033474949,0.9995641660482306
shix1238,sino1245,6.008731796865438,2.3765841839494897
shol1240,drav1251,4.9009790311583545,4.0853556364851045
shon1251,atla1278,3.731275764897598,1.9348658801074805
shor1247,turk1311,5.517712708795253,8.45065954092614
shos1248,utoa1244,2.42295190451613,1.647775856563129
shua1257,jiva1245,1.495049687957918,2.408175155862807
shwe1236,aust1305,2.106020896981592,1.1200776351189177
siam1242,siam1242,2.739894014909216,4.397330637611674
siar1238,aust1307,2.214104425677407,0.7185558918122581
siaw1243,amto1249,5.400651718427466,5.241065892441711
sich1238,sino1245,6.113696998824406,2.4985743327327725
sici1248,indo1319,2.433937424937314,1.750251487481307
sici1249,atla1278,4.949076305277235,1.5309892172846844
sida1246,afro1255,2.100863901245626,0.9728322728172428
siee1239,aust1307,1.5492665581271172,0.5491521500128158
sier1250,otom1299,-2.983710232828505,0.8250492530248437
sika1261,aust1307,1.308290035597418,0.7927954678459912
siks1238,algi1248,-0.8882452336744349,1.7234693942203876
simb1256,aust1307,-0.5061929625288126,0.5226903753828651
sina1266,aust1307,3.791783828757798,1.0230563752317323
sini1242,mand1469,3.472018656217448,2.9149444777042106
sioo1240,aust1307,4.267963378792556,0.7497990712791704
sion1247,tuca1253,1.7946791744656825,1.4388748824618176
siri1274,tuca1253,1.642507007327592,0.9147570065988476
sile1255,nucl1709,6.709691174487017,2.664929078007105
situ1238,sino1245,6.1210211354837485,3.0390060852837166
siwi1239,afro1255,-0.0630066907893915,1.3866946541281209
siwu1238,atla1278,5.115921795941891,1.645704913004295
siyi1240,sino1245,4.484689869559522,1.5167948520989398
skol1241,ural1272,5.9084643826738885,7.064358520801363
slov1268,indo1319,2.954690591784855,1.974985276409768
sooo1254,aust1305,3.49821487797052,1.2156145529908429
sobe1238,aust1307,2.4068105271965283,1.2240043358939658
soch1239,otom1299,-2.7858130371210503,0.8590125101433443
soga1242,atla1278,4.471301527323307,1.465736426495738
soma1255,afro1255,1.718151694537804,1.7505873273812256
soni1259,mand1469,3.3553254181180963,2.848531897489636
sons1242,aust1307,0.2458106679389633,1.1316866355606692
sooo1256,kuli1252,-0.962332133795618,1.7704644096273228
sora1254,aust1305,3.553953408617102,1.9793211778938653
mani1235,east1459,5.2374413560611375,5.324657116066589
koon1244,atla1278,4.002144762844106,2.3517514562013275
sout2859,aust1307,2.981345396954561,0.5579222996990723
sout2976,utoa1244,-0.0239950966281465,1.0036410021234872
sout2856,aust1307,2.241058177859488,0.5873978240364579
sout2954,japo1237,4.1711172540781805,4.501369213968218
sout2996,ayma1253,0.5246386647496353,1.672312191898186
sout2730,sino1245,5.936249700409573,2.045922051170038
raro1241,aust1307,-4.205252122621763,4.566653284806449
sout2741,taik1256,4.326945914528311,4.178701703337936
sout2715,sino1245,5.719267415945514,2.475634050443972
sout2826,krua1234,2.9342613380098443,5.244738453356305
sout3236,gumu1250,4.047092757777745,4.510635431982266
sout2956,haid1248,2.714714381781332,2.794633857385378
kach1280,sino1245,5.549971828136042,1.768300396633009
sout2949,kiwa1251,4.89276802396368,5.219583708638268
sout2994,namb1299,2.944437168968837,3.816963919247442
sout2649,indo1319,3.5968262770181685,3.9843884484243546
sout2729,sino1245,6.015572446438203,2.3191412363467805
sout2728,sino1245,6.121873188959175,3.083801238215358
sout2918,aust1307,-1.918196921816841,0.8136510469040843
sout2985,miwo1274,-2.334337494218259,2.9625061461447046
sout2807,atla1278,3.4245196664211,2.801925378941206
khan1277,sino1245,5.120000253287008,1.459144670332222
sout2797,atla1278,5.016415275167813,1.491417895820689
sout2679,ural1272,5.395967324183308,5.416246564713788
sout2782,atla1278,4.43649573550554,1.046514664879879
sout2674,ural1272,4.881695251791489,6.253235479191375
sout2959,atha1245,3.490262982352651,4.126391485515001
para1301,aust1305,2.043071358317976,1.0653151938323333
sout3261,nakh1245,3.0614749418097107,1.385917200781137
sout2869,aust1307,1.060404713093563,0.5175192129826485
stan1318,afro1255,-0.8269932063984324,1.289310985491852
indo1316,aust1307,-0.3291679838022769,1.2127141422215288
stan1306,aust1307,1.568674486429197,1.0217446494444573
horp1239,sino1245,6.104426703070904,2.8982970278461835
suab1238,sout3418,5.145590126440294,5.487611822176064
suba1238,atla1278,4.476993189843819,1.3841642446163007
sude1239,aust1307,0.7554761967692389,0.9255647716890394
suku1272,afro1255,0.7638404353517547,0.3698846729002696
sulk1246,sulk1246,5.670538605489985,5.191252977640161
sumi1235,sino1245,5.192637163757543,1.4969936225667198
mari1426,aust1307,4.95771640002673,0.7082527790605866
sunw1242,sino1245,5.65812975661044,2.240941856683264
supy1237,atla1278,4.874241567851674,1.5815146227659511
surg1248,ural1272,6.68400769279953,9.920606829443088
surs1246,aust1307,2.425833713218113,0.7307533053499924
suru1262,tupi1275,2.283610914061716,1.3971679678249984
swah1253,atla1278,4.638013357085848,1.758375318346225
swed1254,indo1319,5.461343595832862,4.116733986505366
taba1263,nort2923,3.798745737187223,3.504778344854543
tabo1241,tabo1241,5.062234845989804,5.333723747666312
tafi1243,atla1278,5.188329747028139,1.692373879667315
taga1272,aust1307,-2.3195947143908797,0.7650459350455492
taga1273,aust1307,-0.8294350811618028,0.5775491871789029
taga1270,aust1307,-3.444880285631191,0.980775598268167
tagb1258,aust1307,-2.4586484597430154,1.0279942492879286
tagi1241,sino1245,5.494281713089909,1.8067169672956425
tago1246,rash1249,2.814016024884312,3.4833591732220555
tagw1240,atla1278,5.271583199334832,1.72396586161733
taha1241,afro1255,-1.2650175493541038,1.5354268090439689
tahi1242,aust1307,-2.723580478451143,4.658570885540826
taia1239,taia1239,3.913567953241413,4.8138270170132245
taji1246,aust1307,-0.236860744054999,0.6389072405841318
taki1248,aust1307,4.562956862770922,0.8356090403235896
taku1257,aust1307,2.7830882297578343,0.899997875328836
binu1244,aust1307,-2.7698331412911283,0.8082753748961409
tali1259,aust1307,0.0002307678621722,0.4793218834271897
tama1331,tama1329,4.137001277332719,5.537470276182944
malo1243,aust1307,2.964619142554307,0.5833965285779357
tama1365,afro1255,-0.6139471724077961,1.13953863822681
tamb1254,aust1307,-1.428046316490585,0.5502157834925754
tami1289,drav1251,4.761068395410118,4.266903343465373
tane1237,aust1307,2.4821850582416207,0.8719402577574158
tang1377,sino1245,5.650577132541881,2.0476971880257797
tang1373,sino1245,4.286802545048383,3.823200708459808
tani1257,tuca1253,1.5045174053885733,1.0137721412051235
lowe1412,aust1307,-1.220406700266845,0.6975014366730932
tara1313,sino1245,4.861501654674979,1.4455765112656422
tari1256,araw1281,0.4484824504381395,0.7691476762750256
tari1263,afro1255,-0.4604900134401344,1.4351545341370129
tata1258,otom1299,-3.1825639915099355,0.8910104832745276
tata1257,aust1307,-0.9389236281147983,0.5644593449821116
tata1255,turk1311,4.63964746630427,5.800884374494871
taul1251,taul1250,3.8147400342127344,4.7477654028829335
taus1253,taus1253,-0.1879552359170899,2.297491429449849
taus1251,aust1307,-1.9247029801924975,0.753913455036809
tauy1241,nucl1709,4.654441978328125,2.6132639380803084
tawa1275,aust1307,3.620264727037285,0.9717315495014134
tawa1286,afro1255,-0.4976301278669464,1.129044114757619
diga1241,sino1245,5.7408030767841085,2.0910655787968158
taya1257,afro1255,-0.7305547139777016,1.2126591946457663
tbol1240,aust1307,-2.149882969204098,0.8106955047133511
tean1237,aust1307,2.4613520269036417,0.8640167289382532
teda1241,saha1256,1.960875280572738,2.7298440899973
tedi1235,sino1245,4.601810612243999,1.5573423916645766
tega1236,rash1249,2.8179675016931984,3.473384258130608
tehu1242,chon1288,-0.6985606424434705,2.9598976004945143
tekt1235,maya1287,-2.605513003442516,1.0471937096688464
tele1256,nucl1709,6.364335842092136,2.9923108186677325
telu1262,drav1251,5.306607832295055,4.177614579873705
temi1246,aust1305,1.812227257415019,0.8479116832301656
temp1235,aust1307,-1.7148909463280957,0.6160356276083121
teng1272,aust1307,-0.1762648735761072,0.916634095957562
tene1248,dogo1299,1.713389547811774,2.122730743543599
tenn1246,surm1244,-0.2807138099997086,1.1966173096885484
teop1238,aust1307,1.5174674557244447,0.5855957171681325
tera1251,afro1255,1.1896013149567768,0.5562815975554543
tere1279,araw1281,-1.4147064717286977,1.4311669307169552
teri1250,chib1249,4.140128095167452,2.2606877280790343
term1237,aust1307,2.631684549649255,0.8820044248733154
tern1247,nort2923,3.882225532711286,3.4974744289542343
tete1251,utoa1244,1.1135384829931372,1.0139887775044087
teun1241,aust1307,3.466273375606879,1.1325559637241156
tezo1238,otom1299,-2.741590093227215,0.8138443739200341
thad1238,sino1245,4.649406741798107,1.482482010088006
thai1261,taik1256,4.8409757424749404,4.315254526135533
thak1245,sino1245,5.746604872000089,2.705300421217686
than1259,sino1245,5.735825532072821,2.4620774080797787
thao1240,aust1307,-1.8504125596874117,0.6659210677468081
thar1283,atla1278,6.604287632878592,1.4668461487719355
aheu1239,aust1305,3.3766017106408786,1.2540126025231473
thay1249,pama1250,1.1604238717891082,0.96249112145955
thul1246,sino1245,5.594666930768644,2.120333439288686
tibe1274,atla1278,4.380825862596973,1.1257223145204591
tibe1272,sino1245,5.523690628881806,2.0578835234908013
ticu1245,ticu1244,2.144371908640996,3.58535497857406
tido1248,nort2923,4.259702783799026,3.550406384466015
tief1242,atla1278,5.053411758629655,1.4966070587265676
tief1244,atla1278,5.0390579726737785,1.4872074468210883
tien1242,atla1278,4.528288997351298,2.104896697777832
tiga1245,aust1307,2.7091307628909025,0.8142243504114504
tigo1236,atla1278,4.401216093750849,1.023035273507361
tika1246,atla1278,4.479204253850961,1.1265478339281572
tiko1237,aust1307,2.7565649997119284,1.0305649914072037
tilu1238,sino1245,5.630840332558162,2.1919535168775326
timn1235,atla1278,4.844310105104438,1.6111438924913557
timu1262,aust1307,-0.9514442514828384,0.5376219878710344
tina1248,aust1307,-2.9877211676463613,0.9131197191643992
tira1254,heib1242,3.035837075128578,3.218384382165681
maee1241,aust1307,2.9351522360145825,0.5400699079211222
tiri1258,aust1307,-1.0420831902541945,0.5876416308405226
tiru1241,aust1307,-2.3367313800388114,0.7792995280604771
tita1241,aust1307,2.9613206039695346,0.9622706600951858
tivv1240,atla1278,4.227874490220453,0.9997613223322048
tiwi1244,tiwi1244,-0.3802451621702953,2.318916332209966
toab1237,aust1307,0.4912211527386052,0.4663122594140816
toar1246,nucl1580,5.1378760957373375,4.5010393374203375
toba1268,leng1261,-1.4334347189800294,3.013933336100905
tobe1252,nort2923,4.041169062793469,3.50940052777284
toda1252,drav1251,4.8540468408131305,4.0988780004494885
toho1245,utoa1244,0.4864041203191949,1.1376209818374434
tojo1241,maya1287,-2.4875805420199253,1.072155908587689
toke1240,aust1307,-3.245619474676145,2.774933796552716
toll1241,jica1245,1.481709930446944,3.0610733188405845
toma1245,mand1469,3.886749279000594,2.815650057145632
tomm1242,dogo1299,1.6226622691915384,2.118282064916684
tond1249,song1307,2.9444326516217645,2.6891165385312945
tong1325,aust1307,-3.034696866542424,3.2466371100199183
tong1318,atla1278,3.429676764332841,1.7084466527494158
toor1238,atla1278,4.906932818747274,1.6953634688311752
tora1259,aust1307,1.1863633138419676,0.5877668012325046
tote1238,atla1278,2.9340888662929263,1.5091323500417957
toto1302,sino1245,5.419195905178943,1.943701240359303
touo1238,touo1238,2.6038666278619447,3.857361877386765
trin1274,araw1281,-1.0159555141836505,0.8418130552725245
trio1238,cari1283,2.6804405555780493,1.9001876771299635
trum1247,trum1247,2.721447314476824,4.250865641709737
colo1256,barb1265,2.9200755646957903,3.490781243514561
tsam1247,afro1255,2.012068549374023,0.8338308193023636
tsat1238,aust1307,4.614215914818208,1.9851498170198452
dido1241,nakh1245,3.518112924354054,1.418174267013967
tsha1245,sino1245,5.337501271263368,1.753684740653
tsix1234,khoe1240,1.171919372486049,1.83451667328535
tsog1243,atla1278,3.937186438508961,2.062137300545288
tson1249,atla1278,3.3447981388432044,2.318926523589539
tsou1248,aust1307,-2.0213161671019773,0.6641700992823587
tswa1255,atla1278,3.342914885329764,2.314897313856818
tswa1253,atla1278,3.3870223758934035,2.0366242915121404
tuba1278,utoa1244,0.8814049860110931,1.2825875128718565
tuca1252,tuca1253,1.609374325622409,0.8787183827425338
tuge1241,nilo1247,-0.2620973848059034,0.7372728362660723
tugu1245,aust1307,3.324395674946968,0.9025832669081808
tuka1248,aust1307,0.0913830493300142,0.7367626447421571
tuki1240,atla1278,4.296458718035447,1.2029850065821677
tula1252,atla1278,4.618229356755004,1.0761313635930492
tulu1258,drav1251,4.946164781215384,4.274284303129505
tuml1238,aust1307,3.988747715955253,1.0182958300191558
nene1249,ural1272,6.756236423172521,10.550091346913009
tune1261,atla1278,4.100757748661296,1.1359743838440863
tung1290,aust1307,2.811168780996484,0.8820197054669734
tunn1238,afro1255,1.82603973976776,1.609223197309774
turk1308,nilo1247,0.2841555084030549,0.916791332728593
turk1303,turk1311,2.3124003597049967,3.1442117937027945
nucl1301,turk1311,3.97556891898481,3.640403443398157
turk1304,turk1311,5.295097327844364,4.941514957910329
tusc1257,iroq1247,0.8053198241703514,1.580059017759197
tutu1241,aust1307,3.019841887746169,0.5819131842694674
tuva1244,aust1307,0.3534735321957303,1.7664433167978189
tuvi1240,turk1311,5.571118703061247,8.366578815815089
tuwa1243,aust1307,-3.134878950015432,0.7242548714173722
tuwu1238,atla1278,5.1787844714985,1.6464405768329868
uuuu1243,aust1305,2.845714722551209,1.183623630265572
ubir1237,aust1307,3.859174702464213,0.9430544767051572
udii1243,nakh1245,1.4106598552681024,1.3686553268471755
udih1248,tung1282,6.008522486124993,7.235651546454392
uduk1239,koma1264,0.5870115257073056,1.6486947438337438
ughe1237,aust1307,-0.8150084050678412,0.4953127444636891
ugon1239,sino1245,6.259610817435079,2.561918195775064
ukaa1243,atla1278,3.470992405957455,1.1520367168638472
ukra1253,indo1319,3.442595773964074,3.140937044101406
ulch1241,tung1282,4.525197619187454,7.719610406669744
ulit1238,aust1307,0.3927746387527069,1.1472837150467114
ulwa1239,misu1242,2.520972363159278,2.8223644786045554
yaul1241,kera1258,5.741789148992763,4.736538212780914
umaa1242,aust1307,1.5007278222952154,0.6990207614706776
uman1240,daga1274,5.029269859390252,5.233167305890376
umbu1257,atla1278,3.1456291641692307,2.554352702598777
umbu1258,nucl1709,6.425248670684458,2.774692607998361
umes1235,ural1272,5.23475985838795,6.160198982197628
unaa1239,nucl1709,6.335521441523935,3.146448088148361
unea1237,aust1307,2.812797203480708,0.7687061156517814
unua1237,aust1307,2.944754397879516,0.5200550164996969
uppe1427,aust1307,-1.5749487447418016,0.5843375044562151
uppe1275,toto1251,-2.8961110922500435,1.7950315607127152
urak1238,aust1307,1.922999125201416,1.3630300772619537
urar1246,urar1246,2.225825098517139,3.617932914486886
urav1235,aust1307,1.6396939100011654,0.559073118982127
urim1252,nucl1708,3.884559862509855,3.5855972451817597
urip1239,aust1307,2.993431284648631,0.5354110629875493
urni1239,giim1238,1.740818407515805,3.106390625564132
usan1239,nucl1709,6.779833541283989,2.676499212770836
utes1238,utoa1244,2.8996317810883285,1.836963455648629
kagf1238,atla1278,3.3794240394233217,1.4208346402362224
pile1238,aust1307,2.054624813016476,0.902168217359872
veps1250,ural1272,3.9210767950884895,5.7312357692473626
vera1241,aust1307,2.901991422964615,0.7725523571708663
viem1243,atla1278,3.165644774404408,1.4638078251705051
viet1252,aust1305,5.019495800162841,1.4968934059345995
voti1245,ural1272,5.624873346792815,5.5179227624830105
vunj1238,atla1278,4.741501931483386,1.4704223208373437
vure1239,aust1307,2.9074456107177244,0.7717781338943723
vwan1235,atla1278,6.459184643078882,1.7742852188304423
wadj1254,wadj1254,0.4323549541807709,2.3035209521877675
waga1260,pama1250,0.0637682155896204,0.8753186179629324
wage1238,wage1238,1.7319184747166307,3.0878333863437035
waig1244,aust1307,3.296733991119159,1.248405855850308
waim1251,aust1307,3.774628645558193,0.9701554163460742
waim1252,aust1307,1.4482858921112598,0.8319915792114045
waim1253,cari1283,2.6412141816157417,1.9279647467036227
waiw1244,cari1283,2.6603168557075394,1.7282493666265566
waja1259,atla1278,4.565507978223893,1.077072302226128
waja1257,pama1250,0.0038506681605401,1.2985321851360825
waka1274,pama1250,1.0573986966078497,1.53600093528064
wala1266,aust1307,0.6080666177155098,0.4237509764786864
wamb1258,mirn1241,-1.8521543735538355,2.1272557379417947
wamb1257,sino1245,5.625443472064238,2.187536336595429
wann1242,mand1469,4.076571504799408,2.8230164089900995
wand1278,afro1255,1.0475407283426057,0.4019747806385112
wand1267,aust1307,4.096114597124402,1.1969855767735282
wanm1242,pama1250,1.4089331159352882,1.2249940393928114
saka1289,aust1307,2.9774966779014367,0.6589550074849342
waor1240,waor1240,2.464813177981978,3.876617063785304
wapi1253,araw1281,1.43653888157574,1.3434529246868865
wara1303,wara1303,2.18633700549982,4.007295333267834
wara1300,aust1307,-3.361512569097199,1.1491699388012648
ward1246,yang1287,1.6027343576986173,3.0390755482285954
ware1255,araw1281,0.7178550754677717,0.7789685556414554
ware1253,aust1307,4.239828123249855,1.2498097053465926
wari1268,chap1271,-1.07075196828586,2.664071709615513
warj1242,aust1305,1.476556161870528,1.1382529816293072
warl1254,pama1250,0.9890511474390582,1.1273865979503626
warl1256,pama1250,0.7304036434693035,1.0257104978373093
waro1242,aust1307,4.28219381637062,1.215978043266233
waru1265,pama1250,0.8009828086959576,0.9550796493047926
wash1253,wash1253,1.348741671168033,2.9145113113684147
wask1241,nucl1709,6.785618595008448,2.732909125474521
waur1244,araw1281,1.477517270502017,1.2231481799044843
wawa1246,atla1278,4.546748868525414,1.114047424124351
waya1269,cari1283,2.7288707706703663,2.0487952060269663
wayu1241,sino1245,5.649055350446223,2.2382466984359723
wayu1243,araw1281,-1.1267710737518666,1.6378381980727852
wels1247,indo1319,-0.1032159386371471,1.282442792923007
nort2864,aust1307,3.472615989717238,1.0170388304169649
weri1253,kuni1270,5.180117814057714,4.206083548834727
west2564,aust1307,0.5239022159491231,0.5803743527263237
west2560,aust1307,-1.3996741103202748,0.5862544003572054
west2548,aust1307,3.4422825368764167,1.0804247625462438
west2615,atha1245,2.874325026242833,2.924883315257034
west2441,pama1250,1.2045381931853305,1.152330977940494
west2397,aust1305,3.5119807479039213,1.2100124221235262
west2555,aust1307,-2.581161331787653,0.7687656771422269
west2618,eski1264,1.8052147138112264,4.166471778358528
west2650,aust1307,3.3929803135219334,1.70002099201821
west2594,nucl1709,6.529182329877377,3.2510561789065093
west2369,indo1319,2.2313214122207743,2.403624491337297
west2519,aust1307,0.2421702394570761,1.2225954965811638
west2354,indo1319,2.498925857208528,2.0745545273551045
west2644,otom1299,-3.213827327105383,0.8891642138523821
west2466,atla1278,5.09447926580948,1.516368059143474
west2632,kere1287,-1.4765797850923177,3.128635614998672
west2396,aust1305,2.571357886781138,1.1283820752144322
west2418,sino1245,5.726402269539375,2.67762627396354
west2392,ural1272,4.039269060059334,5.831139811043698
west2763,afro1255,-0.718501783999761,1.0289192831298806
west2386,indo1319,6.224427711752374,4.263997329976931
west2557,aust1307,-2.9468871894358184,0.9112979113663472
west2415,sino1245,5.712637347053065,2.4395411462523957
sanj1284,otom1299,-2.996859646557942,0.8293422421145067
west2430,hmon1336,5.658278851354493,5.831379354184151
west2599,nucl1709,6.353600952298831,2.831031495283326
west2600,nort2923,4.154361022879376,3.508552660222477
saka1291,aust1307,-1.6443299212187252,1.886287115562112
west2516,aust1307,-0.6229044342961227,0.5458149664561063
whit1269,aust1307,1.14152896814298,0.4999409603244373
wikm1247,pama1250,1.597042371230993,0.9851377341549608
wiru1244,wiru1244,5.372914394647798,5.20397589451953
babi1235,atha1245,2.770747561229112,2.960529512609213
woii1237,aust1307,4.181444586343884,1.1996114723678772
wola1253,afro1255,1.959648024017392,1.008134456201958
wola1242,gong1255,5.0330833500655645,3.5301898344744984
wole1240,aust1307,1.491745531008435,1.3831108646442374
woli1241,aust1307,1.7280887672310046,0.6926552530502477
nucl1347,atla1278,2.4025469459989086,1.518675736239743
wotu1240,aust1307,-0.0622833238406865,0.6738844889948155
woun1238,choc1280,3.2070038113372634,3.356985565744452
wuch1236,sino1245,4.300328291990863,3.2258112380862087
wudi1238,sino1245,6.206433726119788,2.238357695416852
wusa1235,sino1245,6.183578706107942,2.2544259545088607
wutu1241,sino1245,6.159740001125376,3.684128465323056
wuvu1239,aust1307,2.47574141611687,1.109512785525851
xamt1239,afro1255,3.05187945062274,1.1276698445749105
xara1244,aust1307,-0.8759880283003749,0.5637668056639029
xava1240,nucl1710,3.760557248218075,2.832437331201419
xhos1239,atla1278,3.337438148766731,3.290565176366812
xish1235,sino1245,5.987332447909549,2.037633276702593
xokl1240,nucl1710,3.325468348234385,4.241852206772606
yaak1241,afro1255,1.3356577067584912,0.940413861198408
yabe1254,aust1307,4.086322990650932,0.7771074224187373
yaey1239,japo1237,3.197428878755095,3.314963949916006
yaga1260,nucl1709,4.496983242748991,2.635702879555879
yagu1244,peba1241,-0.3487684553483943,2.313343877443941
yaka1272,atla1278,5.018756351884614,1.6830765565946422
yaka1277,aust1307,-2.5130047665871924,0.8940675942446319
yaka1269,atla1278,6.002286842693548,2.3481461935772643
yakk1236,sino1245,5.584625053204012,2.078043749788037
yako1252,atla1278,5.468524348454396,1.8934949045744816
yale1246,yale1246,3.625182431423882,4.721242237977322
yama1264,yama1264,1.8749694533357488,4.683562609146193
yami1254,aust1307,-2.351939531823225,0.8184132273333091
yami1256,pano1259,1.8104718150348635,0.9664143144140098
yamp1242,sino1245,5.633298007238349,2.1750231016419264
yane1238,araw1281,-0.1806877821719039,0.9144096490013284
yank1247,pama1250,3.090170825366802,1.526860888041
yano1262,yano1268,3.701040063530717,2.414889834052218
yano1261,yano1268,1.42966915535275,2.158210066910044
yaoo1241,atla1278,4.136354882771487,2.0297114586993814
yaou1238,mand1469,4.100804573666953,2.9722401866255552
yape1248,aust1307,-0.1726944180000824,1.1322893198635595
yaqu1251,utoa1244,2.5720440261147437,1.2274304779395209
yare1248,yare1250,4.9663858444063225,5.208836930374417
yasa1242,atla1278,3.871699361518468,1.5201863052032536
yatz1235,otom1299,-2.997711482341208,0.8689101674188748
yaum1237,nucl1709,4.511334227615828,2.6340016980818746
nucl1454,yawa1259,3.6494744717496648,4.933444446446984
yawa1261,araw1281,1.4404366311154222,1.1983777929008
yawu1244,nyul1248,1.6240177429224731,1.9692485156831765
yecu1235,toto1251,-1.317219974575802,1.7608233074897155
maqu1238,cari1283,1.9937984597334169,1.5670619801082637
yele1255,yele1255,0.6087625946242712,2.4620890703965017
yems1235,gong1255,4.913397061189589,3.5718138304853824
yapu1240,nucl1708,3.948710749024295,3.589941704531753
yess1239,sepi1257,5.76893171250858,3.8434200702944414
yidi1250,pama1250,1.7095150618448844,1.2071732200746794
yima1243,lowe1423,3.77289951939976,4.756481589275154
yinc1238,aust1305,2.429664865692269,1.152009269968005
yind1247,pama1250,-0.4788650686704141,0.8555020136264488
yine1238,araw1281,0.2673470193432807,0.79526232893258
yoga1237,aust1307,-3.2407051739616346,0.7632624978916738
yona1241,japo1237,3.217708536692716,3.255151702745195
yong1276,taik1256,4.611041103490956,4.043017328714939
yong1280,nucl1709,6.205736593531921,3.1362448215956817
yora1241,pano1259,1.421383982400795,0.9823307366556832
youl1235,sino1245,6.265759017552154,1.9562583166041063
youn1235,hmon1336,5.54034393324928,5.472968950099414
yuca1254,maya1287,-2.00682170446761,1.606446800904905
yuch1247,yuch1247,1.6345511564870463,3.456690792411706
yuec1235,sino1245,4.964626331401857,2.7065008757297733
yukp1241,cari1283,2.233421208771607,2.171710552065377
yulp1239,pama1250,0.7139964075698177,0.9758361367361488
yulu1243,cent2225,4.474418918051159,2.953647184499715
yuqu1240,tupi1275,1.4054742339219688,1.2873748182889244
yura1255,yura1255,-1.1581273172911375,2.7023449817264407
gami1243,pama1250,0.8299307808769232,1.4548368147818564
zaba1237,aust1307,-0.6255813107092063,0.5180411163206884
zaca1242,otom1299,-3.2393908959187083,0.92763830016591
zaca1241,utoa1244,1.219933395707729,0.8995123073765114
zaiw1241,sino1245,5.625137616465058,1.7918894168707027
zakh1243,sino1245,5.722674367096123,2.0397839622234244
zamb1245,atla1278,4.937257143909315,1.8050351740371864
zand1248,atla1278,5.469952679830273,1.836210567151625
zani1235,otom1299,-3.142164425942033,0.8184857676024251
zapa1253,zapa1251,2.669316747990483,3.2933741095112907
zarm1239,song1307,3.2151440317144706,3.1698782118794213
zays1235,gong1255,5.005991216671551,3.480161339610732
zeme1240,sino1245,4.951452832907887,1.4265896800056623
zenz1235,otom1299,-3.2053553765978915,0.841105138509505
zhab1238,sino1245,6.078055023958844,2.796537984993421
zigu1244,atla1278,6.623346061360484,1.6586598546146265
nort2795,atla1278,3.4135257624061968,1.8202554523450372
zinz1238,atla1278,4.701033941140212,1.627906299775418
zoog1238,otom1299,-2.985857730143122,0.8580406530202538
zulg1242,afro1255,1.1311539586317938,0.3751163754123183
zulu1248,atla1278,3.344058802747634,2.9198209920129443
zuni1245,zuni1245,1.875922969835064,3.469103078344631
