Glottocode,Family_ID,GPGLMM_Latent_Mean,GPGLMM_Latent_Variance
abad1241,aust1307,-0.3991447766639107,0.2088938199311938
abau1245,sepi1257,-0.801972230898863,0.4199648014709871
abee1242,atla1278,0.7435052525454551,0.3376985437750712
aben1249,aust1307,0.3138540783833667,0.212148383795137
abkh1244,abkh1242,-0.4757550590348567,0.8114122132470725
abua1245,nucl1708,-0.8093947724710762,0.4933375636621901
abui1241,timo1261,-0.2805332758767296,0.5201135634169827
abun1252,abun1252,-0.5989054461832422,0.8411644650125254
achi1257,aust1307,-0.7329229982910703,0.4285598116208664
acha1250,araw1281,-0.8258321339741327,0.3988127593211961
ache1246,tupi1275,-1.523144165569306,0.6294243913480773
ache1245,narr1279,-1.5894848847908014,0.7443231412960913
achi1256,maya1287,1.1149907754045156,0.400775169800367
achu1248,jiva1245,-1.2250968317465871,0.6799295888164545
achu1247,pala1350,-0.166188542352355,0.9060704749725864
acol1236,nilo1247,-1.1828442177490206,0.4655663893102746
adan1251,timo1261,-0.2453294438210238,0.5201248865055308
adny1235,pama1250,-1.3437638767751934,0.4769526082341961
adon1237,aust1307,-0.0932141547266987,0.2343317886467706
adze1240,aust1307,-0.7401050341056079,0.1925084385063935
aeky1238,kamu1264,-1.3431368470613314,0.758489393957664
afad1236,afro1255,0.5922224201645572,0.2293341329316836
afar1241,afro1255,0.3251561953586579,0.400761338253778
aghe1239,atla1278,-0.1364412257949245,0.1743637249959539
aghu1255,nucl1709,-1.208729093826631,0.2768893276586559
agob1244,paho1240,-1.7322944988493356,0.8064224726526379
agua1253,jiva1245,-0.8571309251028926,0.7045275347899529
agus1235,aust1307,-0.0022351385323382,0.2450312324697181
agut1237,aust1307,0.2422000719252199,0.2529551229343485
ahin1234,aust1307,0.5765485969896769,0.1998083977634461
aika1237,aika1237,-1.4062199638702917,0.9322956169986508
aime1238,bosa1245,-0.9367629643757968,0.7110581761790546
musa1266,nucl1709,-1.121976709862478,0.2029949499057024
aito1238,taik1256,-0.576266493968282,0.5184877771627625
ayiw1239,aust1307,0.4675107698629062,0.2768251060309277
ajab1235,atla1278,0.9520411341685626,0.2543201117089686
ajas1235,kres1240,-1.0689802939000552,0.7749043482086522
ajie1238,aust1307,0.8799423354354203,0.277412919090064
ajyi1238,araw1281,-1.3240950686573676,0.3722984484946363
akan1250,atla1278,1.0297371969228764,0.292200995964897
west2635,maya1287,1.0318091834885237,0.3751182432386906
akei1237,aust1307,0.4591993255640192,0.1903290328498967
akha1245,sino1245,-1.984832962214516,0.2882708330363726
akoo1248,atla1278,-0.4360767538391701,0.1851989515492134
akun1241,tupi1275,-1.4334565256284657,0.4852950875963171
alab1254,afro1255,0.3886388682720729,0.2776905194334516
alab1237,musk1252,-0.7080698202816427,0.7347960499101613
alac1244,otom1299,0.2289676097440394,0.2556590529589519
alag1248,afro1255,-0.8010120257429534,0.3144642600456038
alam1246,sepi1257,-0.3902841872331308,0.4268304912488405
aleu1260,eski1264,-1.6622718186140626,1.4950160376409558
alor1247,aust1307,0.0961298613966006,0.2322327591793942
aluk1238,drav1251,-2.788811238400081,0.6192634176629557
alya1239,pama1250,-1.6047197758221985,0.4046958901617592
amah1246,pano1259,-2.006677416920136,0.5182014170526106
amam1246,kuni1270,-1.7194658268316398,0.6770665317769198
amap1240,left1242,-1.3035479820885436,0.8127878866397344
amar1272,aust1307,-0.6914771112919864,0.1946894268264536
amar1274,hara1260,-0.5664414711758121,0.8789549465636164
amas1236,nyim1244,-1.2579473088555968,0.9036534184339686
ambu1247,nduu1242,-1.279675931777571,0.6185030653769148
amdo1237,sino1245,-1.21930185587934,0.3796933977593668
amha1245,afro1255,0.458727956415583,0.3324514049426463
amii1238,west2434,-1.5382168413278934,0.797759688982226
amis1246,aust1307,-0.4209817166335317,0.25783748607456
hoaa1235,kxaa1236,-1.771612869102442,1.0190412417984136
amri1238,sino1245,-0.7809741897516141,0.2139231715935223
gily1242,nivk1234,-0.9645823183857548,1.2091078257527388
ando1256,ando1256,-0.5343986602126225,0.8366937691979053
anei1239,aust1307,0.4639572937622311,0.2791438210736121
anem1249,anem1249,-1.5189552985749284,0.8489345818793819
anfi1235,gong1255,0.1872941903926657,0.382685460326015
anga1290,anga1289,-1.2797826596191246,0.6570261667517006
anga1288,sino1245,-0.652514239900793,0.1876360219855244
ango1257,chib1249,-0.9382450661706347,0.4655464194608538
anin1240,gunw1250,-2.489067026275494,0.886731374338124
wara1294,more1255,-1.2543447626476183,0.6088656840693609
anta1255,aust1307,0.0786832133503421,0.6149337564189086
anua1242,nilo1247,-0.7483610096571583,0.4620268630575213
anuf1239,atla1278,0.7257773784820194,0.2753082651351395
anuu1241,sino1245,-0.9106328101241724,0.2658774533074433
anut1237,aust1307,0.9346349103345096,0.316997671086916
aona1235,sino1245,-0.9853291270634016,0.1881654031233646
aoua1234,taik1256,-1.3652744202274434,0.4958263172308554
apat1240,sino1245,-0.9519990145038048,0.1990192036460456
apin1244,nucl1710,-0.801077132635268,0.6077732629478911
apma1240,aust1307,0.865824777574941,0.1784668639002937
apma1241,kera1258,-1.5537009449440948,0.7488528750669827
apur1254,araw1281,-0.9139674501649456,0.4091295451992018
arak1252,aust1307,0.7255141396084397,0.1852781276382726
aram1253,more1255,-1.178015099856894,0.5958709487940019
arao1248,pano1259,-1.5792312727091162,0.530278286704724
arap1274,algi1248,-1.145643895950264,0.6746599005379015
araw1273,tupi1275,-1.7768245770768192,0.6550751222658229
arbo1245,afro1255,0.1760868948077452,0.2665450041928938
arch1244,nakh1245,-2.327771960357177,0.5053985916727952
aree1239,aust1307,-0.1414865169389332,0.2013869204751759
area1240,aust1307,1.219908871510279,0.2352113950384904
argo1244,afro1255,0.4835095847992032,0.328774327634084
arhu1242,chib1249,-0.5057397183046606,0.4502246325794172
arig1246,atla1278,0.0751337838790902,0.2226833330577831
arik1265,nucl1710,-0.729454398670914,0.5258936806582843
arom1237,indo1319,0.999274641372818,0.4475315668396975
arop1243,aust1307,-0.8073057195069628,0.1927255476913174
arop1242,aust1307,-0.426678361915779,0.2250739308683003
aros1241,aust1307,1.2220156249047978,0.2480261660463361
arta1239,aust1307,0.6293206940969538,0.2055059716358425
asha1243,araw1281,-1.0255125876035538,0.3765067331378802
ashe1272,araw1281,-0.9483844345111008,0.3776038695008017
asoa1238,cent2225,-0.9773305143754548,0.3502266589774985
assi1247,siou1252,-0.330702432133612,0.7496998217256541
asur1254,aust1305,-1.5112068247602155,0.4054019135359321
asut1235,atla1278,-1.8561042140158464,0.2855870462543715
atam1240,aust1307,0.3501188141584259,0.2314013065185332
atay1247,aust1307,-0.3338613105269017,0.2823516341249075
athp1241,sino1245,-1.292098030643404,0.21810751610839
atii1237,aust1307,0.300481391163294,0.2394916366247637
aton1241,sino1245,-1.024101919872349,0.2242597530527064
auuu1241,nucl1708,-1.2870629178582524,0.4979993930332975
aulu1238,aust1307,0.6734928036151773,0.1728464387194779
auye1238,nucl1709,-0.6872563502188652,0.2989606188744296
avac1239,tupi1275,-1.855427116526968,0.6867349503349787
avat1244,atla1278,0.9685615471546412,0.2524958577169149
katb1237,aust1307,0.7045925574158891,0.1681422963430394
avok1242,cent2225,-0.8437568645508435,0.3238012250950675
awac1239,barb1265,-1.645569713268136,0.7418514956825866
awad1244,aust1307,-0.6064500547453671,0.1941290714128531
awad1243,indo1319,-1.140449036875595,0.3931848106228899
awap1236,nucl1709,-0.9397727882599712,0.2154466472280694
awar1249,ramu1234,-0.6289697798537928,0.7858127339016674
awar1248,nucl1709,-1.2972923679032746,0.2159819719894637
awet1244,tupi1275,-1.6687897212681857,0.5530779611708816
awji1241,afro1255,0.3016783525896096,0.52552698643542
awtu1239,sepi1257,-0.4825870082270662,0.4114784370984101
axam1237,aust1307,0.7939663991019972,0.1698083193633404
axiy1235,sino1245,-1.648153225431096,0.2910046428840873
ayac1239,quec1387,-1.872495819705545,0.7356452644013234
azha1235,sino1245,-2.03671304971762,0.3115226036106837
baba1264,atla1278,-0.3974788466752272,0.169208653019302
baba1266,atla1278,-0.2453137789400368,0.1753110795691199
baba1268,aust1307,0.920621681176317,0.2237867815688479
bada1257,drav1251,-2.8419001066606846,0.6265994471564675
bafa1247,atla1278,-0.3190986148335641,0.1940178940910324
bafi1243,atla1278,-0.6089741956590429,0.1872138474443336
bafu1246,atla1278,-0.2683203147570783,0.1692072916039801
baga1273,atla1278,1.0008365810632676,0.3290295165605821
baga1272,atla1278,0.5089283675285765,0.3294193331064683
bagi1246,cent2225,0.4230973086044474,0.3578162080086575
bagv1239,nakh1245,-2.336826555176842,0.5019486892676812
baha1259,afro1255,0.996380699613424,0.5494515672545268
bahi1252,sino1245,-1.2582008836666336,0.2217611838954454
bahn1262,aust1305,-2.332542005372147,0.3913571201287391
baik1238,aust1307,0.6428446311633549,0.2464668959425018
baim1244,sino1245,-1.2663592845634453,0.3577082145985053
baka1272,atla1278,-0.906775777566988,0.2528073859793309
baka1274,cent2225,-0.6684106174418469,0.3226312886310811
baki1244,aust1307,0.7202740986373544,0.1770177508309651
bala1316,aust1307,0.4211735754329799,0.2755984610102584
bala1311,aust1307,0.290355590149395,0.2484820308599165
bala1315,aust1307,-0.7244406755156443,0.2746115015677972
bali1278,aust1307,0.2126521281752396,0.3458413914820921
liki1240,atla1278,-1.093681635204093,0.23249170970008
bamb1270,aust1307,-0.3107370256917217,0.2719660695343777
bamb1269,mand1469,2.3555369585961667,0.6078215088022072
bamb1262,maoo1243,0.1802383342407951,0.685353665008408
bamb1266,atla1278,-0.2802069263140891,0.1687603753100424
bamu1253,atla1278,-0.2775683106391702,0.1773119204668893
bamw1238,atla1278,-1.1069643553600292,0.2370531108899078
bana1288,aust1307,0.2405088274800464,0.2055262627526191
band1344,atla1278,-0.7992953166131856,0.2710792724449433
band1340,atla1278,0.8367872347181524,0.3502306104783192
bang1363,bang1363,1.6078307419907747,0.9756913183002912
bang1369,sino1245,-0.606784161379887,0.2187053005418073
guar1293,araw1281,-0.9264839147263824,0.3537655436961819
bani1255,araw1281,-0.9376838305816206,0.3522104146346483
bank1256,atla1278,-0.4720692438276384,0.1997471847771268
bann1247,aust1307,0.3297943740587787,0.2198238174310853
bant1281,sino1245,-1.3122817347673688,0.2209845055208723
bant1288,aust1307,0.1929990478800767,0.2324788610871069
bara1357,sino1245,-1.4705952397592417,0.2461281966369144
nucl1630,koia1260,-1.0160443429088415,0.5240809751571858
bare1279,afro1255,0.1412151819386531,0.2675015257543922
bara1369,aust1307,0.1053100025975881,0.652590968784065
bara1361,atla1278,-1.7358263429982124,0.2853584756884806
bara1370,aust1307,-0.4822133829424888,0.2540812365784357
bara1380,tuca1253,-0.6612895902222466,0.4265284061570655
bard1255,nyul1248,-2.27913643174806,0.9736722482686442
bare1276,araw1281,-0.8833038673549921,0.3550682217477585
barg1252,nucl1709,-0.8817909683956768,0.2124955122495126
bari1286,aust1307,-0.7218607302558318,0.1934493772937831
baro1253,aust1307,0.0647915325650831,0.203420247162704
basa1282,atla1278,0.071892777290988,0.2162963673304365
bash1264,turk1311,-2.5959323410622543,0.996337463971756
basq1248,basq1248,1.0886345816759886,1.1463057826870686
bata1293,aust1307,-0.8985519120522378,0.4021285782046697
bata1289,aust1307,-0.7163498174195096,0.3940767471766806
bata1285,atla1278,-1.0075915345057165,0.2774238373124973
bats1242,nakh1245,-2.260224727467097,0.5145025090323143
baur1253,araw1281,-0.4749761574523754,0.3639584308789341
bauz1241,geel1240,-1.5335250941255294,0.8740223827222993
bawm1236,sino1245,-0.9100216074606482,0.2434807356134056
bayb1234,aust1307,0.5036346357664148,0.2485215252892301
bebe1248,atla1278,-0.7296190161725574,0.2188284354487937
beel1236,afro1255,0.6869510268018828,0.2152919985865113
beem1239,atla1278,-1.196504763333944,0.3491835168320789
beja1238,afro1255,0.3702571581080323,0.4186965801533193
bekw1241,atla1278,-0.2165773717404469,0.1940698295940759
bekw1242,atla1278,-1.0549264479974387,0.2554699321891438
bela1256,nilo1247,-1.252514143249886,0.5147848640106569
bela1254,indo1319,-0.6685357483587883,0.4895970799238425
nyal1254,aust1307,0.396780038780828,0.2896601800006899
belh1239,sino1245,-1.302338135147084,0.2165969695236453
beli1257,cent2225,-0.6275191092191199,0.3337532639964173
bell1243,sali1255,1.1394378664360525,0.6580679466996973
belu1239,atla1278,-1.7961504022664727,0.2791882991623682
bemb1257,atla1278,-2.026847587564179,0.3722540555533284
bena1262,atla1278,-1.828512764389188,0.3099290823052456
benc1235,gong1255,0.4410582032851391,0.3517549024697519
beng1282,atla1278,-0.8152927661911158,0.28232960374917
bent1238,dogo1299,1.652141495763651,0.7889334961481
bera1262,aust1307,-0.4792288660162218,0.2694455476448105
zagh1240,saha1256,-0.446180924875458,0.7417872654043687
bert1248,bert1248,-0.88436455481139,0.8454157230741612
bezh1248,nakh1245,-2.312551110789998,0.4995184370293559
bhoj1244,indo1319,-1.0168649986086231,0.3758319901462426
biaf1240,atla1278,0.8238719710882909,0.3428349598486147
biak1248,aust1307,-0.4236455482122285,0.2721436968136927
bian1252,kuni1270,-1.904653849661859,0.6776993676791525
biao1254,hmon1336,-2.296214353479676,0.7372530261029748
biao1256,hmon1336,-2.301594940100183,0.7513525767188642
biat1246,aust1307,-0.8930736492190372,0.3280003179346109
bier1244,aust1307,0.7226389724991436,0.1761150400363993
bign1238,aust1307,0.6903306658109905,0.1760970319849497
biha1246,aust1307,-2.109158349383898,0.403729757570658
bila1255,atla1278,-1.6787029181940287,0.2840349128211654
bilb1241,aust1307,-0.5166579333349304,0.194685059296471
bili1260,afro1255,0.2429353740946644,0.3829570245513993
bilu1245,bilu1245,0.1307699473638996,0.8093859302575628
bimi1240,nucl1709,-0.8939947258517591,0.2374262322749576
bina1277,nucl1709,-1.2873608453511869,0.2668179767522987
bine1240,east2503,-1.359910896741801,0.6757694714517677
bini1246,atla1278,-0.0435162404673068,0.2403480757892997
gunw1252,gunw1250,-2.5408689374816342,0.857385512034597
birr1240,cent2225,-0.3805989662533977,0.3598991488689238
bisu1244,sino1245,-1.6784198522190277,0.2931114910788808
bitt1240,aust1305,-2.089923375369911,0.3342929482922017
biwa1243,yuat1252,-1.2808314296473071,0.816331374837264
blab1237,aust1307,0.9235948030458672,0.2336202794809216
blan1242,aust1305,-2.0283097649051807,0.3475587388775043
bang1354,atla1278,-1.1318287416399382,0.2783672428529531
bobo1255,aust1307,-0.7095442371502549,0.2665012167719585
bodo1272,atla1278,-1.511371758719137,0.3001840771137725
bodo1267,aust1305,-1.730021912479852,0.4420923284652041
bodo1269,sino1245,-0.7475781647283,0.2077605159921201
boka1249,sino1245,-0.6331166760819142,0.2289991398951429
bola1250,aust1307,-0.3434168102182207,0.1960571708267195
bolg1251,atla1278,-1.1395785568444854,0.2970898356018789
boli1256,aust1307,0.4229762169794522,0.2237689580088275
chim1302,quec1387,-1.7913687895124135,0.6861690337331778
bolo1262,atla1278,-1.104629870771631,0.2450644267382355
boly1239,aust1305,-2.0636038281153075,0.393147107935397
bomb1262,atla1278,-1.0499432452427273,0.2290146376303723
bomk1234,atla1278,1.1396332680925136,0.3327845414061219
bona1250,mong1349,-2.016852928161423,0.8705930999965652
bond1247,atla1278,-1.555311627531354,0.2925129574483103
bond1245,aust1305,-1.641275765350614,0.4135430802281359
bong1289,aust1307,0.0706048136852586,0.2377818384046257
bong1284,atla1278,-1.1933122979188984,0.2664090898805979
bong1285,cent2225,-0.8780637092435138,0.3622019876406637
bora1263,bora1262,-0.2266819539041449,0.8308723022203623
bora1271,afro1255,-0.1248699075605801,0.2907615144827846
bord1248,chib1249,-0.6288671381838542,0.4462173051521829
bori1243,sino1245,-0.7560089237782286,0.2099838273969378
boro1277,gong1255,0.4517427950247799,0.4305078030744891
boro1282,boro1281,-0.5394707076511864,0.9274721764336222
boto1242,aust1307,0.2479655127205187,0.2204616060673423
boun1243,atla1278,0.8322555222234953,0.2727057971505928
boun1245,nucl1709,-0.6662903033835568,0.2128984172925228
bouy1240,taik1256,-1.415701562197896,0.4864694656155439
brah1256,drav1251,-1.3765990423060384,0.8113975191078915
lave1249,aust1305,-2.608771501662059,0.3712371088789661
bret1244,indo1319,2.022535582737812,0.6348282140993269
brib1243,chib1249,0.027824616964478,0.4252955205594224
bube1242,atla1278,-0.3213880637947959,0.2321138406026075
bubi1250,atla1278,-0.8813367496389108,0.3087506709266048
budu1248,nakh1245,-2.298580579690209,0.5425062534679761
budu1265,afro1255,0.530743622360484,0.2597555559986646
budz1238,atla1278,-1.3470662078372002,0.2750833031834077
buga1247,aust1305,-2.1474399804326216,0.3803697558052366
buga1250,aust1307,-0.6939054200330452,0.1865773157112045
bugh1239,aust1307,0.9611462755193956,0.2264908133089851
bugi1244,aust1307,-0.1551620088613707,0.2629881098794273
bugl1243,chib1249,-0.127347353514287,0.4584270265845838
bugu1246,sino1245,-0.7289293068804023,0.208616045330666
buhu1237,aust1307,0.2921962008224561,0.2292726266453608
bujh1238,sino1245,-1.516288036184355,0.2559908029153734
buka1257,aust1307,-0.6605812981192278,0.3235516454065288
buki1249,nucl1708,-1.0228453986829205,0.4987547498829228
buku1249,atla1278,-1.392942413279319,0.2757045710192258
bull1247,atla1278,0.7695154247268441,0.3413869242096234
bulo1242,aust1305,-2.61156314609926,0.4016339790077556
bulu1251,atla1278,-0.8647149484726081,0.2271902697994661
bumt1240,sino1245,-0.7803249825092314,0.2225305843101424
buna1278,timo1261,-0.1009732630456252,0.5215196219534526
buna1276,aust1307,0.3448132591388904,0.2206550447202233
gahr1239,sino1245,-1.0894769010557748,0.4062900714415098
bund1253,indo1319,-1.1512614965466488,0.4373680390090122
bunu1267,aust1307,-0.3634305872610039,0.2554188055723814
buol1237,aust1307,-0.6881066592244478,0.2689362029168682
bura1292,afro1255,0.6857595156344416,0.2139557420349884
bura1267,mani1293,-2.524273148339621,0.9791572943746278
bure1242,afro1255,0.8862637640503539,0.221087606723541
burj1242,afro1255,0.2667211920233412,0.2917322485557116
nucl1310,sino1245,-1.0787721804496817,0.2813251746522844
burm1264,burm1264,-1.2895756471330897,0.8513828282333094
buru1303,aust1307,-0.2404418987715268,0.2689062784222003
buru1320,afro1255,-0.7959412046135633,0.3216169213090945
buru1296,buru1296,-1.5863931071821236,1.0820847628636745
busa1253,mand1469,1.5291598237395905,0.6052072448259884
bush1247,atla1278,-1.7684853025651723,0.3644971834679853
buwa1243,afro1255,0.3500516235274578,0.1944110861799259
bwai1242,aust1307,0.1830954309368753,0.2075949864882305
bwat1240,aust1307,0.708819047339762,0.2851042017143466
byan1241,sino1245,-1.2939086026757198,0.3486108481960364
caac1237,aust1307,0.5529889375979833,0.2687590088247353
cabe1245,chib1249,-0.2461175335708665,0.4290216449996538
cahu1264,utoa1244,-0.267214395788121,0.4237715285923649
cakf1236,afro1255,0.6408748417402514,0.2354451618738067
cald1236,quec1387,-1.8282206555267695,0.6653480870958084
caml1239,sino1245,-1.3550016331078831,0.2171213658317747
camp1261,indo1319,1.5240632531131146,0.5168956700118899
cams1241,cams1241,-1.069543858499053,0.8896032609200442
cane1242,nucl1710,-0.8184836577427306,0.648785771335112
caom1238,taik1256,-1.26534478267246,0.5124113808077202
capa1241,pano1259,-1.9940470613290715,0.5280382963627599
carn1240,aust1305,-1.4275106406508546,0.5094889632149977
caro1242,aust1307,0.027715172897905,0.5203127189596763
cash1251,pano1259,-1.9647265462637813,0.5482523664311321
casi1235,aust1307,0.6916403908437168,0.2043046486167172
stan1289,indo1319,1.9154546223675604,0.58425481197029
cavi1250,pano1259,-1.652655789227817,0.5362941899838198
cayu1262,cayu1262,-0.248514575854138,0.8427985852085043
cebu1242,aust1307,0.2444362442646994,0.2276574348054927
cemu1238,aust1307,0.663771395184992,0.272680945816202
cent2127,eski1264,-1.7337019291367957,1.440773962669376
cent2142,ayma1253,0.0469184003146936,0.7167270800916123
cent2004,sino1245,-1.6161337253080794,0.2411957303358134
cent2292,aust1307,0.6039252591171425,0.2021480684543521
cent2084,aust1307,0.1524160995358903,0.219959001432644
cent2314,aust1305,-2.320948967825747,0.4037728599620371
qaua1234,taik1256,-1.5826722129350508,0.4931848651911754
guer1241,utoa1244,0.3535715653427156,0.3308047227089496
cent2050,saha1256,0.0557837746829243,0.6187062527899865
cent1989,aust1305,-2.5404478344379458,0.4051998414513948
cent1972,indo1319,0.8167420286865403,0.45991927932607
cent2058,aust1307,0.6732446488719366,0.1921615736640403
mala1479,aust1307,-1.96960133398316,0.4701378156952138
cent2322,ural1272,-1.9044272363253116,0.8528123745579133
cent1992,aust1305,-2.712027650209268,0.387451586807519
cent1990,aust1305,-1.316396714537816,0.5107621340100872
cent2126,japo1237,-2.334046621513893,0.960233704637083
cent2091,aust1307,-0.0205940212526676,0.257808047793624
cent2140,miwo1274,-0.865357123779052,0.8134300120081737
cent2090,aust1307,0.1831148065580981,0.2583317466992212
cent2131,utoa1244,0.1594348004799628,0.3619715954275255
cent2150,chib1249,-0.8139949342018509,0.4617028746766927
mbal1255,atla1278,-1.488481049999684,0.5035990382007296
chac1251,pano1259,-1.7276674776349656,0.530680671460201
chad1249,afro1255,0.7373578999503623,0.3119398052530973
chak1270,sino1245,-0.8680480148085021,0.2738246643535973
chak1271,atla1278,1.1729824661607915,0.2695911810614104
chal1275,afro1255,0.6611115487747228,0.3899442355779476
cham1315,zamu1243,-0.3834370004754137,0.917841664187078
cham1309,nakh1245,-2.344000943353468,0.5043255641122406
cham1318,araw1281,-0.6680393209237625,0.3926134484124501
cham1312,aust1307,0.1531996335918868,0.4846039663856651
chan1313,sino1245,-0.8644696748678595,0.198037495221953
chac1249,barb1265,-1.6159323611388432,0.7505448372104702
char1269,gong1255,0.1782684005444172,0.3377469542096127
chas1234,sino1245,-1.580702216588254,0.2374746792281139
chec1245,nakh1245,-2.412382095726722,0.5434135550755139
chek1238,aust1307,0.8291635112551541,0.2328087065429147
chen1255,drav1251,-2.9192428151102083,0.6049188932981846
chep1245,sino1245,-1.4944157229143324,0.2480162490746145
cher1273,iroq1247,0.1969437780183578,0.7153281211441327
chey1247,algi1248,-1.2784757204825592,0.6812018455818702
chic1270,musk1252,-0.8378625933726578,0.6867809662075148
chig1238,atla1278,-1.5991265420815886,0.293548946367403
chil1280,atha1245,-1.3042909963204146,0.7066596452221809
chim1309,chib1249,-0.6152644338254176,0.4430807858478536
chim1312,atla1278,-0.7785931793059372,0.4401098414711448
chhi1245,sino1245,-1.5557983013272958,0.2228856102291323
chip1261,atha1245,-2.055022201174579,0.9820267594564942
chip1241,algi1248,-1.4192876949260445,0.7522104187897327
chir1283,sino1245,-0.8377873799421193,0.1849792425518859
choc1275,sino1245,-1.0005441836484916,0.2188052634818049
choc1276,musk1252,-0.6752876773783911,0.666647778132401
chon1284,aust1305,-2.337434761042167,0.4042868817715384
chot1239,sino1245,-0.9926039221281026,0.1962214426269963
chra1242,aust1305,-2.5770799222954968,0.4281638862299735
chuj1250,maya1287,0.8898870833540411,0.3704080374965186
chuk1273,chuk1271,-1.841408021893281,1.6779472404102482
chuu1238,aust1307,-0.5332271939075128,0.407429500717682
chuv1255,turk1311,-2.711902936895476,0.9134464174347252
chuw1238,atla1278,-1.625742390881609,0.4571026976637911
cici1237,atla1278,0.5113629484032021,0.2710628819796583
chin1286,chin1490,-0.7358520104161301,0.934647596611563
cent2087,aust1307,0.2796407465793566,0.2452242981414105
sout2912,aust1307,0.2014290212399321,0.260744470797881
coat1243,otom1299,-0.3014049598718626,0.2387476129619141
coca1259,tupi1275,-1.172399003663212,0.540727375758218
coeu1236,sali1255,1.16447498201141,0.5833841702587557
cofa1242,cofa1242,-0.3067300911793287,0.8488194591602234
cogu1240,chib1249,-0.5861363303294771,0.4558509848688823
inga1252,quec1387,-1.992752138541092,0.6671794555142003
colu1241,sali1255,1.2470806348383972,0.55151060232813
coma1245,utoa1244,-0.0696438521658016,0.4899503152488651
como1259,sali1255,1.275338539229946,0.6026724307703262
cong1236,atla1278,-1.968946820640625,0.3730111755932994
copa1237,otom1299,0.2833252267934441,0.2408080203873939
cors1241,indo1319,1.5289839216227106,0.4832887544102413
cosa1234,sino1245,-1.9991816293963167,0.2926614038357926
cota1241,aust1307,0.1739522226757048,0.23140601367554
cree1270,musk1252,-0.7749763222436514,0.6814138975364381
crim1257,turk1311,-1.921683019878785,0.8176614401340392
cros1244,atla1278,-0.1246346364908168,0.193505987245464
crow1244,siou1252,0.3075245028506501,0.715081523088186
cuaa1241,aust1305,-2.5535991987029605,0.3903766739015601
cube1242,tuca1253,-0.6045512006120441,0.43231306013806
culi1244,araw1282,-1.6629188114855566,0.8549166896522702
curr1243,araw1281,-0.9548398898248776,0.351971511812545
cusc1236,quec1387,-1.759762744806648,0.7219312223859247
cypr1248,afro1255,0.914224840476552,0.4799389278409989
czec1258,indo1319,0.4272671103212311,0.4539609419743069
daai1236,sino1245,-1.4164963333475655,0.281661705196683
daak1235,aust1307,-0.7456857711518226,0.2657435815316207
daas1238,afro1255,0.0879660262671129,0.2737515855252401
dadi1250,tebe1251,-0.5811573690990015,0.7784602874534947
dagb1246,atla1278,1.2087192483902804,0.2614830708494615
dagi1241,narr1279,-1.6067337147757006,0.7479566396816764
daur1238,mong1349,-2.4357896942422874,1.20089145660871
daha1245,afro1255,-0.3752989950492651,0.3501396120140079
daka1243,aust1307,0.7907316843130185,0.1759775730228634
damp1237,aust1307,-0.7136910466456254,0.2693752343559739
dana1252,aust1305,-1.8666459723276565,0.3664320015998417
dand1238,drav1251,-2.7838029404038145,0.583152657118986
dani1285,indo1319,1.0641825682053507,0.5454397207705046
dara1250,indo1319,-1.0648423900259856,0.379227460154143
dard1243,daju1249,-0.7029778939451153,0.8589568361617803
darm1243,sino1245,-1.3679510219824005,0.3483285189925542
daww1239,nada1235,-1.733261971613997,0.7917418302400772
dawr1236,gong1255,0.6992189867726715,0.3259696566801615
daza1242,saha1256,-0.0511319771271832,0.6370489110849777
defa1248,ijoi1239,0.2205474450733167,0.7171423873067166
dege1246,atla1278,0.0683652909679377,0.2347565293871132
dehu1237,aust1307,0.9708769080915324,0.2682777411384696
dera1245,sena1264,-1.6698847778596198,0.8521199969113302
dera1248,afro1255,0.801314294341535,0.2165274352260424
desa1247,tuca1253,-0.5976495326286586,0.422854957815995
dhao1237,aust1307,0.2195593100696862,0.2851331168453281
dhar1247,pama1250,-1.6724353982038358,0.5819580491281853
dhim1246,sino1245,-1.377120764495488,0.2303668323974186
dhuw1249,pama1250,-2.218503633904605,0.4353594567935102
dibo1245,atla1278,-1.085016951227873,0.2488267555999717
dier1241,pama1250,-1.7070632335674214,0.4613332473614848
digo1243,atla1278,-1.5974346812099574,0.3054674644820445
dima1251,sino1245,-0.7327373705885188,0.1915120233777405
dime1235,sout2845,-0.9012037300004284,0.7417080125731643
diri1252,atla1278,-1.777490281537127,0.4328475517651307
dizi1235,dizo1235,-0.6931632365262868,0.6963481136097487
djam1256,pama1250,-1.9186010329690888,0.4430746877120719
djee1236,mani1293,-2.3807620569389054,0.9771089529757816
djeo1235,nucl1710,-0.96694224724095,0.5392214620510078
djin1253,pama1250,-2.12199803100818,0.4294600651401201
dobe1238,aust1307,-0.1671610856442036,0.2840239103574959
dobu1241,aust1307,0.2764598052480984,0.208687759893249
domm1246,nucl1709,-1.118907144251576,0.2049398430181717
doma1260,indo1319,-0.5813582914728828,0.5008222986118835
dong1285,mong1349,-2.0798637142352274,0.872030654841436
doro1266,manu1261,-1.481786987585771,0.8474782126563065
drun1238,sino1245,-1.1670202766470932,0.2403674596092115
dual1243,atla1278,-0.5791944677193306,0.206090525023789
chug1252,sino1245,-0.9145466552552572,0.2096633964875502
dumb1241,aust1307,1.0393984805678749,0.301224569488224
dumi1241,sino1245,-1.3595716300151186,0.2175031565013649
duna1248,duna1248,-0.8071518873801897,0.7869297409366289
dupa1235,aust1307,0.6583306298866594,0.2148815824485712
duru1236,drav1251,-2.771613296354241,0.5860302552031222
dusn1237,aust1307,-0.0729500683230477,0.2535443633365792
dutc1256,indo1319,1.5170282013254746,0.5388294024596751
dyir1250,pama1250,-1.9859056595325224,0.4338854610677596
dyul1238,mand1469,2.2795572218554803,0.5386633347678809
dzao1238,hmon1336,-2.3006158728409427,0.7423725935918217
dzon1239,sino1245,-0.8577131013669954,0.2287260929520571
east2443,aust1307,0.9059379145521438,0.1832695883062065
tang1336,sino1245,-0.7096528918604152,0.1862986919030786
nucl1235,indo1319,0.4741775197181253,0.4467406277158114
east2379,pama1250,-1.5875877024704992,0.416548616209468
sout2896,aust1307,-0.0660223001216255,0.2326817277185933
east2555,tupi1275,-1.0267536392612748,0.5734878685505003
east2332,aust1305,-2.438014769445178,0.3688102637777413
east2563,aust1307,-1.861736498579624,0.4194065963378222
east2690,afro1255,1.0973887186460745,0.5109979475791087
east2556,otom1299,0.3243748316095127,0.3265487156717617
east1236,aust1305,-2.550010398675853,0.3785457068512139
east2342,sino1245,-1.86595964951517,0.3026707225242586
east2782,atla1278,-1.3474961540208947,0.3539406805873155
east2328,ural1272,-1.7763425377793045,0.6422895028742497
east2333,aust1305,-2.6846346157749035,0.4003776103505845
east2773,sino1245,-1.424538612526308,0.2245874212040757
panj1256,indo1319,-0.7224123450050278,0.4280166542565795
east2485,aust1307,-0.6220241512803553,0.2415968335385465
fina1242,aust1307,0.6184540692581713,0.1925370807555433
east2694,aust1307,0.4740460927311971,0.2296345567372508
east2447,aust1307,1.9870075149192812,0.8852808363281779
east2516,nucl1709,-0.7060678009720602,0.2185652552531549
east2440,aust1307,-0.1567252076181071,0.2680815455323229
huaa1248,tuuu1241,-1.7460910214366323,1.1414122738247732
wall1257,aust1307,2.1114768326274014,0.8600595092006218
egaa1242,atla1278,0.6136845782892828,0.3459281068966557
egyp1253,afro1255,0.728349746571977,0.5399217636899756
eipo1242,nucl1709,-0.9139913092639362,0.2497130091930715
ekar1243,nucl1709,-0.6659327745024922,0.3063127946457644
elem1253,atla1278,0.0489801933235516,0.2139273093054212
elip1238,atla1278,-0.6689125450349891,0.1921652591638145
elna1235,utoa1244,0.6391840188094775,0.3697886301818229
emae1237,aust1307,0.7692581710198676,0.1880204943427177
emai1241,atla1278,0.3750905983931425,0.2237134238515934
embe1260,choc1280,-0.373752101724786,0.5833873613613236
embe1262,choc1280,-0.1172229754487361,0.5802221364330695
stan1293,indo1319,1.7937606985053085,0.6193146145834589
enuu1235,sino1245,-2.0268499485549074,0.2824237049264977
epen1239,choc1280,-0.002052279974509,0.5849306594421007
ersu1241,sino1245,-1.078990437711569,0.2704842290045905
erzy1239,ural1272,-1.5266219659304414,0.6279609220239559
esan1238,atla1278,0.2669426452519192,0.2209034980881532
esee1247,koia1260,-0.9651889191887876,0.5135085294160544
esee1248,pano1259,-1.7475684097619708,0.5313234897288857
esim1238,atla1278,-0.2038904724395742,0.1710342059714915
esto1258,ural1272,-1.903264713603212,0.5721175350657342
eton1253,atla1278,-0.8346450496126222,0.2028419706680289
even1260,tung1282,-2.0372911729289083,1.2684094108499362
even1259,tung1282,-2.217447302331657,1.2683992666415111
ewee1241,atla1278,1.0056143863432816,0.2589122738230056
fala1243,sino1245,-1.0834153973066225,0.2274718610455788
fare1241,atla1278,1.2440204747204615,0.2748672007471433
faro1244,indo1319,1.187113833267683,0.7873500548533285
fasu1242,fasu1242,-1.511944694073844,0.8332933973183487
fefe1239,atla1278,-0.377568533763686,0.1848504119552152
fiji1243,aust1307,0.8650260252761783,0.5213226535367603
fili1244,aust1307,0.384512740503083,0.2431162120276244
filo1235,toto1251,-0.0298109085165276,0.5265785102494853
finn1318,ural1272,-1.929481448830596,0.6326814979232089
fipa1238,atla1278,-1.739203760036195,0.3316367740609478
foii1241,east2499,-0.720991963595278,0.7833672985777218
fonn1241,atla1278,0.8672700253303101,0.2646706893698636
fore1270,nucl1709,-1.2919613091555773,0.2144623335126976
fore1265,ural1272,-2.297196119216262,1.0675615276887689
fran1266,mixe1284,-0.1956632717267743,0.6733372864483196
stan1290,indo1319,1.879339651403488,0.55151999708893
fuln1247,fuln1247,-1.2076691049618546,1.237840986643505
furr1244,fura1235,-0.9998477990308996,0.904945740891924
furu1242,cent2225,-0.0325555058239819,0.3668259333115786
futu1245,aust1307,0.7884560581387607,0.2721398185578652
fuyu1242,fuyu1242,-1.865772437335832,0.859022866941574
gaaa1244,atla1278,0.9263367369211626,0.2988668179858611
gaaa1245,atla1278,-0.2064858356967058,0.1982367017566715
gaam1241,east2386,-0.2271428818439322,0.8369969534705015
gaan1243,afro1255,0.7937308480572367,0.2061926844705635
gada1258,aust1307,0.3902044640827911,0.1995506646975524
gade1242,atla1278,0.136923230235374,0.2154474592203747
gaga1249,turk1311,-1.8003583991480403,0.810882669024866
gala1264,afro1255,0.5158428509745736,0.2238901340746295
gale1259,nort2923,0.3158567199952831,0.4923983265310263
gali1262,cari1283,-1.3281786600680558,0.6691292635159396
gali1258,indo1319,2.136920917354104,0.7079042442179906
galo1242,sino1245,-0.7712836687869722,0.2120649177786733
gamo1243,gong1255,0.7297503967207744,0.3251359871952273
gand1255,atla1278,-1.437957992483449,0.277478859199173
gang1267,tang1340,-2.1144138579333003,0.9670514905360816
gang1266,sino1245,-0.9457401595164492,0.1916274213242301
gant1244,nucl1709,-1.0603852796924889,0.2042057682855622
gapa1238,aust1307,0.1180935875232334,0.2023044865315966
boht1238,afro1255,-0.0765039369291662,0.4019412636327715
gari1256,araw1281,0.5428948652704377,0.5014728429295845
garo1247,sino1245,-0.8504023986569944,0.2332377788907624
gara1269,garr1260,-2.031940607412953,1.0666349329038216
gata1239,aust1305,-1.711101908461742,0.4339167789088338
gayo1244,aust1307,-0.7217562849463037,0.4180146060875369
gbay1278,atla1278,-0.9683370824591916,0.2700724453740126
geba1237,sino1245,-1.5051680215692915,0.3100053392291979
gebe1237,aust1307,-0.244701019157796,0.2739844085199601
geda1237,aust1307,-0.5627105059905064,0.1916170027611143
gela1263,aust1307,0.9801440749540644,0.2258671074170726
geme1244,atla1278,-1.244031784335793,0.2956041469840631
nucl1302,kart1248,-1.1580087508062331,0.8405940411759842
geru1240,afro1255,0.8092831620856578,0.2341419798760586
gese1240,aust1307,-0.5209219750921257,0.2659135246082358
ghad1239,afro1255,0.6542285369307221,0.56610732458037
ghan1242,aust1307,0.7399837232853526,0.2218991201916469
ghar1239,aust1307,1.1577532271891384,0.2297610772171663
gheg1238,indo1319,0.8448725239070038,0.436288850070702
ghom1257,afro1255,1.741319506109616,0.6944040039101433
gida1247,afro1255,0.666318729379664,0.2120054769465529
giiw1236,afro1255,0.6842184789693169,0.2163978156734742
gilb1244,aust1307,0.4341410820777505,0.5914571767959012
gira1247,nucl1709,-1.1978071123573095,0.1968126070898344
giry1241,atla1278,-1.4820932519959638,0.3157553381540312
gizr1240,east2503,-0.8155153830550756,0.6504614017385342
glav1244,afro1255,0.6770351247663393,0.2042209780503672
gobu1238,atla1278,-0.7767312077524607,0.2447777956186256
ghod1238,nakh1245,-2.3842808166193623,0.505814915161368
goem1240,afro1255,0.9363711634911762,0.2401812811356776
gofa1235,gong1255,0.5719089059049682,0.3320778910158677
gogo1265,suki1244,-1.5691087474149576,0.8568210020799594
gola1255,atla1278,0.6564922629478955,0.3725740404374886
goli1247,nucl1709,-1.1379607540054604,0.208025529986001
goon1238,buna1274,-1.7620270458620304,1.0551342092187186
goro1270,afro1255,-1.0757511450424877,0.3038542067116188
pare1266,aust1305,-1.6130286150483053,0.4146957489179486
gras1249,koia1260,-0.8796464482529993,0.5288410207491965
guah1255,guah1252,-1.5748217526177366,0.8579001505161918
guam1248,barb1265,-1.3517482370436005,0.7420091978988397
guat1253,guat1253,-1.3725230500974823,0.9748172806065492
gube1234,atla1278,0.7394916314055815,0.3788517938867946
gude1246,afro1255,0.7081933069796162,0.2053761771160593
guer1243,otom1299,0.2742886175445866,0.2496361307769108
guhu1244,nucl1709,-1.1251820491865168,0.2534410313698303
guiq1238,sino1245,-1.211245426226959,0.276903280593114
gulf1241,afro1255,1.0756949266392783,0.4778046806707898
guma1254,aust1307,0.0797078220376075,0.2119929831990048
guny1241,pama1250,-1.1162714954400486,0.4360919930104212
gura1251,indo1319,0.9925592837171332,0.4420303113385819
guri1248,guri1248,-1.56266549282997,0.8313526143469003
guro1248,mand1469,1.93176034746076,0.5451521764025622
guru1261,sino1245,-1.4911951184865777,0.2189179083665875
guru1271,afro1255,0.8960548177617402,0.2258468132827156
gusi1247,atla1278,-1.5007955193402291,0.2712987717774453
gugu1255,pama1250,-2.066443939920496,0.4430103955299769
kwam1249,koma1264,-1.3538440270498442,0.768583428691854
gwen1239,atla1278,-1.617501640556376,0.2788596770530915
gyel1242,atla1278,-0.7553137214838515,0.2417311410959004
haaa1252,atla1278,-1.7849359388020494,0.3182385917242216
hadi1240,afro1255,0.365641987095026,0.274384955099431
hadz1240,hadz1240,-1.5218134668646983,0.9239717242522456
haka1240,sino1245,-1.0360525808916812,0.2354254737021874
hakk1236,sino1245,-1.8952452207949,0.4759078000033776
hala1252,aust1305,-2.6041616434382706,0.3732339281819459
halh1238,mong1349,-2.500782174083555,1.1202463036447874
hali1244,aust1307,0.605621375839134,0.2244765748099877
halk1245,sali1255,1.2816731124408058,0.5628167874578827
hame1242,sout2845,-0.979443541935656,0.7487955525695662
hang1263,nduu1242,-1.212486241640106,0.6179076787744868
hani1248,sino1245,-2.066058849854478,0.2969812638340148
hano1246,aust1307,0.8965729395109412,0.1842493074221169
haro1237,aust1307,-1.9050584612642791,0.4014948547222139
haru1245,piaw1238,-1.650580524549213,0.7624755098108245
hass1238,afro1255,1.9625669120338347,0.5662656481096382
hata1243,hata1242,-1.6599789756579244,0.8080679184349444
remo1247,aust1307,0.3331386802702678,0.219696551088627
haus1257,afro1255,1.0392614359449024,0.2654463042492048
nige1253,atla1278,-0.0816442254680231,0.2476705014309672
hava1248,coch1271,0.1162373046652029,0.7962691240064954
hawa1245,aust1307,1.7134286912818542,1.1249704266880156
sabu1255,aust1307,0.0619310950324043,0.2847779198665905
hdii1240,afro1255,0.7177390398852428,0.1951489045164143
hehe1240,atla1278,-1.7858382835833646,0.295963275956395
heil1246,waka1280,-1.2250858128009838,0.9127304628544772
here1253,atla1278,-1.9237775098599488,0.472682657379849
hert1241,afro1255,0.589233613655882,0.3898399609230343
hida1246,siou1252,0.2444216351029517,0.754767054506428
high1276,mixe1284,-0.2113020804559637,0.6513576218094415
high1278,utoa1244,0.2972533368459678,0.3106559563148137
high1243,toto1251,0.0152998775243955,0.5294912348574834
hili1240,aust1307,0.2209563979387026,0.2391400210752818
karb1241,sino1245,-0.921833405782704,0.1947827833195536
hind1269,indo1319,-1.0904202507914411,0.4560335279738292
hinu1240,nakh1245,-2.3362467234926467,0.4988323112005006
hixk1239,cari1283,-1.7924119331684611,0.6483307531207856
hlai1239,taik1256,-1.728110916583912,0.5739415712760019
hler1235,sino1245,-1.9343269092520488,0.2682377207192341
hooo1248,aust1305,-1.2972339670797206,0.363434393324872
hoav1238,aust1307,1.1253216880269414,0.2227448985360789
ainu1240,ainu1252,-1.995837917284312,1.3829684782730798
holo1240,atla1278,-1.8596991282279964,0.3514557215715772
hone1235,atla1278,-0.1959331904690042,0.2134534230417113
honi1244,sino1245,-1.7588890554389254,0.279948933450179
hopi1249,utoa1244,0.1923591151914185,0.406406926349999
hote1245,aust1307,-0.8321012169650921,0.185430328588688
hozo1236,maoo1243,0.1770301966870879,0.6823277460783139
hrus1242,hrus1242,-1.2939160621775547,0.9267968909192474
huuu1240,aust1305,-2.091006372396868,0.3352228228274518
hual1241,quec1387,-2.066892480990113,0.6892829413999082
huam1247,jiva1245,-1.265080930018143,0.686970412703027
huar1255,utoa1244,0.0114032681136131,0.359264026284654
huas1242,maya1287,1.212354764782556,0.5623388284262154
huba1236,afro1255,0.7632016996755284,0.2008324250787989
huic1243,utoa1244,0.6440605504856423,0.3663073457343349
hula1239,aust1307,-0.280764307541429,0.226229287055927
hula1244,afro1255,0.8522957059537815,0.447241076139961
huli1244,nucl1709,-0.9204050111990844,0.2303689134746616
humb1243,song1307,2.034712038423577,0.7745707276664657
hung1275,aust1305,-2.2996171738853066,0.3621549462889679
hung1274,ural1272,-0.4791174065287416,0.6544206370452974
hunz1247,nakh1245,-2.338589854005256,0.4981390322846493
hupd1244,nada1235,-1.3139382234253247,0.7715759457414959
wyan1247,iroq1247,-0.6159003454744616,0.634321604404009
hyam1245,atla1278,0.0874150284796841,0.2201426597492672
iaai1238,aust1307,0.9660795092119516,0.2608579496652061
iama1237,aust1307,-0.1211395999650979,0.2077362730446994
iatm1242,nduu1242,-1.1852829713952897,0.6190626173949767
ibal1244,aust1307,0.5801446465532007,0.2003200679207286
iban1264,aust1307,-0.8247973195231058,0.2906264994748642
iban1267,aust1307,0.5311970392593446,0.2118110538428821
ibat1238,aust1307,0.3925972420112413,0.2421127058839891
ibib1240,atla1278,-0.0626332597919634,0.2026460256638356
icel1247,indo1319,1.2610821475269731,0.9547487758309854
idaa1241,aust1307,-0.2661423364386353,0.2371729512992688
idii1243,paho1240,-1.6134421156615513,0.7997853949491687
idom1241,atla1278,-0.3191609215228315,0.2111918409415514
idum1241,sino1245,-0.9566466869523852,0.2530019125367091
idun1242,aust1307,0.1488818345354325,0.2067563241733618
nucl1417,atla1278,-0.0893723694059296,0.226267865165552
igna1246,araw1281,-0.4480772568244715,0.3752394998876971
ikkk1242,kuli1252,-1.2430080957963228,0.7699240070805407
ilaa1246,atla1278,-2.062030165718157,0.3927054381286039
ilia1236,aust1307,0.5450759305333659,0.221924389191539
iliu1237,aust1307,0.5886091615222993,0.2428583676826012
ilok1237,aust1307,0.3356389385910199,0.2014266201590073
ilon1239,aust1307,0.6289660372198471,0.2038648213228402
imba1240,quec1387,-1.759995800772616,0.6655006651966726
imon1245,bord1247,-1.637471983129258,0.8424707038436918
ingr1248,ural1272,-1.9992373336330556,0.5905987735520852
ingu1240,nakh1245,-2.398352153679338,0.5382751896172682
alba1269,aust1307,0.2515674411972288,0.2448890268792483
iqui1243,zapa1251,-0.0736107227524074,0.7402549343801135
iran1262,aust1307,-0.2813343514781397,0.2426947004022763
iraq1241,afro1255,-0.8142336284710068,0.3072554996642873
irar1238,aust1307,-0.2738099939929201,0.2590470197558723
iray1237,aust1307,0.3264559977792305,0.2362714802220162
iris1253,indo1319,1.8560522982541043,0.7229613436493898
irul1243,drav1251,-2.893239885794491,0.6371591599351776
kris1246,skoo1245,-1.700615850377816,0.8547604640992603
isco1239,pano1259,-2.027212441712645,0.5272129793863505
isin1239,aust1307,0.6808536616833603,0.1970500113093867
isir1237,kwer1242,-1.800253680213621,0.8212548381545173
isna1241,aust1307,0.3663779611010096,0.2246121812541242
isth1240,utoa1244,-0.003417178070975,0.3397109533350333
isth1242,utoa1244,-0.0633225064172755,0.3389817577928182
isth1241,utoa1244,0.0294567061786574,0.3375852611068417
ital1282,indo1319,1.2482695589011714,0.4548549564992807
ivat1242,aust1307,0.0628538590907195,0.2666667451647493
iton1250,iton1250,-1.2806256236358915,0.8992520875820351
itza1241,maya1287,1.130868564200249,0.4271618955610439
iumi1238,hmon1336,-1.983839563774285,0.7446699913666717
iwai1244,iwai1246,-2.2603880191307764,0.9703859198581212
iwal1237,aust1307,-0.8348607868671554,0.186957013580534
iwam1256,sepi1257,-0.4849954227027497,0.4111264489471469
iyoo1238,nucl1709,-1.3087317148770887,0.2126712910426547
jahh1242,aust1305,-2.262751082387465,0.4763220472683764
jalk1242,mand1469,2.153361704268999,0.544894062040939
jamb1236,aust1307,-0.7515583969446884,0.428940887867224
djam1255,mirn1241,-1.6333481143440152,0.779517359648985
jams1239,dogo1299,1.919849021679186,0.7781667199249687
nucl1643,japo1237,-2.4742565938548298,1.1715709514614383
japh1234,sino1245,-0.7656323130004006,0.29617782915963
jaqa1244,ayma1253,-0.6610432484044391,0.7678668948487146
jara1266,aust1307,-1.6670548506943546,0.3939241755414344
jaru1254,pama1250,-1.7204122209951431,0.4255109814987592
java1254,aust1307,-0.6153199236158033,0.4058705220712446
jede1239,aust1305,-2.456123409977484,0.4570949812726543
jehh1245,aust1305,-2.369896982097486,0.3741069236958441
jeha1242,aust1305,-2.4282121991396477,0.4542139118678703
jenn1240,drav1251,-2.8753292343903984,0.6188152983972739
jeru1240,sino1245,-1.4763795674467937,0.2224672899458357
jiba1237,atla1278,-0.1968951292938869,0.2036660440558311
jina1244,afro1255,0.6409856130177982,0.2136098075841306
djin1251,mirn1241,-1.6142951675050283,0.7930237847382255
jita1239,atla1278,-1.4718454641584553,0.2777873728027584
jjuu1238,atla1278,0.2704410089593014,0.2313275758849573
juan1238,aust1305,-1.1963399828893342,0.3897721696667653
juku1254,atla1278,-0.2036837123690735,0.1796979171490784
jurm1239,cent2225,-0.6356460549689489,0.3289806246915856
kaba1281,cent2225,-0.0051811581957281,0.3557329854961457
kaba1278,abkh1242,-0.6849962190796864,0.7965484665981999
kaby1243,afro1255,1.006012157424436,0.6277023419060805
kach1284,gong1255,0.7370997304028066,0.3544022431595275
kada1242,drav1251,-2.837803556315292,0.6308911525714944
cent2100,aust1307,-0.0156168363620006,0.219065774513012
kado1242,sino1245,-1.6347317424779677,0.2793663279398193
kafa1242,gong1255,0.5445614915117016,0.3356115991962376
kaga1256,aust1307,0.352231289452446,0.254709718734996
kagu1239,atla1278,-1.872338484420054,0.2920238445085066
kaik1246,sino1245,-1.4269797825584736,0.2940859101136381
kain1272,nucl1710,-0.7997417054908096,0.666095064468843
kair1263,aust1307,-0.6131524925275695,0.2247820031077085
kaki1249,kaki1249,-1.44253558098434,0.8255280957801525
cacu1241,kaku1242,-1.133969797485634,0.8735996609243188
kala1399,eski1264,-1.4356356064183264,1.4688523992978726
kala1388,aust1307,0.2741887216780327,0.2341844416090346
kala1377,pama1250,-2.099662926915352,0.4628803479759003
kara1499,west2604,-1.4596802069056014,0.8854526641876654
kala1384,atla1278,-1.9701691809946045,0.4479945319428475
kali1308,sali1255,0.9053252066682438,0.6143942133757461
kalu1248,bosa1245,-0.9922851420053296,0.7083767148709956
kamm1249,atla1278,-0.2318448783657121,0.1971119860288488
kama1370,nucl1709,-0.9884152560975472,0.2075114146222345
kama1367,nucl1708,-1.248494710732036,0.5160627651324932
kamb1316,afro1255,0.2745679686867472,0.2733935532710863
kamb1297,atla1278,-1.2808572276048906,0.2873530773451023
kamb1299,aust1307,0.3595914903446926,0.2912619792839961
kamo1255,nucl1709,-1.078538693826085,0.3116415227598654
kamu1260,kamu1264,-1.3274270498760852,0.760005195314785
kana1286,aust1307,-0.4243337215534739,0.2562534674908536
kana1288,daga1274,-1.300766314939075,0.7477047039968383
kani1286,nucl1709,-1.314898022773156,0.2084334216702279
kank1243,aust1307,0.3252769121642425,0.1962579696843045
nucl1305,drav1251,-2.853295972747464,0.6255796471656612
bidy1244,atla1278,0.6248438389015936,0.3625165195583584
kaon1241,atla1278,-2.1590767877856405,0.3924662139936012
kapi1249,aust1307,0.0556216318044187,0.3338682382132183
kaqc1270,maya1287,1.094551882144129,0.4001562316800076
kara1482,cent2225,-0.4398170139588384,0.3982031873777631
kara1476,pama1250,-2.065432123050283,0.455073924503286
kara1500,nucl1710,-1.1857592703010054,0.5548170720715644
kara1487,aust1307,0.5774198120927745,0.1915965079058823
kara1486,aust1307,-0.1282699904627655,0.2221185934366634
kare1338,atla1278,-0.511415790869648,0.2323723495164227
kare1335,ural1272,-2.107681899121196,0.667628761353539
kari1306,atla1278,-1.5283280412905909,0.2915510570612092
kari1311,tupi1275,-1.4692807047248138,0.530932779403807
kark1258,pauw1244,-0.8466959020233447,0.7901682964412868
karn1252,aust1307,-0.8415074928960067,0.1884983565536004
karo1304,karo1304,0.054990599359064,0.9333450492064644
kash1277,indo1319,-0.5593900063482988,0.4653726060122873
kask1239,atha1245,-1.9485283848713544,0.9274038943902512
newa1246,sino1245,-1.4839137080195246,0.2356545776747118
kats1235,sino1245,-1.7065437905147045,0.276664589766078
kana1291,katu1274,-1.288573622488934,0.9302272133862156
kaur1271,kaur1274,-1.6185834788873406,0.8597405937758817
kava1241,aust1307,-0.4274938061068267,0.2973808440259975
kawa1283,utoa1244,-0.6869917784950961,0.3999480311377965
kaya1315,sino1245,-1.5417131469756655,0.3078894641736314
kaya1319,tang1340,-2.2251448224003454,0.96042449145734
keap1239,aust1307,-0.234450332205685,0.2281459254363347
keda1252,aust1307,0.2375243683985408,0.2317531731539071
kera1248,atla1278,0.7997960645249533,0.3565982834536889
keig1242,kadu1256,-1.463344826238821,0.8087431349731662
kele1255,atla1278,-1.7056847067833043,0.2986431097096909
kele1258,aust1307,-0.7883420211380803,0.2328926457368494
kele1259,aust1307,0.625660536819759,0.1987938218343976
keme1240,atla1278,-0.212054928533194,0.1763163909118059
keng1240,cent2225,0.0871048582637008,0.3762962963337153
kens1248,aust1305,-2.3852442460501155,0.4448533462238604
kenu1236,nubi1251,-0.0100719912636455,0.877444864630277
keoo1238,aust1307,-0.0275906919219994,0.2560994630509947
kera1255,afro1255,0.5855300248383537,0.2252493703448874
keri1250,aust1307,-0.8754065769748323,0.4311898435571444
kesa1244,nucl1709,-1.3580445038917892,0.2005396161165649
kett1243,yeni1252,-2.2431816288883035,1.49058630611471
kgal1244,atla1278,-1.8483479952784647,0.5126217148302663
khak1248,turk1311,-3.0879545260494163,1.166757923081836
khal1275,sino1245,-1.2618925721016214,0.2186827239511304
kham1282,sino1245,-0.6439649927351025,0.3495378174917687
khan1278,atla1278,0.0204098485532686,0.211099142170497
khan1274,aust1305,-1.9149759811859992,0.3520669874793687
khar1288,sino1245,-0.7500843694915991,0.1833816222514208
khar1287,aust1305,-1.2877566863449186,0.3900895688171912
khas1269,aust1305,-0.7773361627095563,0.3341124961650661
khez1235,sino1245,-0.7699238621998891,0.1876026756822533
khin1240,nakh1245,-2.227132349716926,0.5355425103659333
khmu1256,aust1305,-1.9788386915709215,0.3358447792592769
guan1266,sino1245,-0.6617336457101481,0.2840059823538885
khum1248,sino1245,-1.175818636260987,0.232376859053677
khva1239,nakh1245,-2.3168576807669377,0.5008576527497359
kich1262,maya1287,1.0736177533878928,0.3989510479150753
kiku1240,atla1278,-1.262095373742564,0.2767952224802212
kile1243,tung1282,-2.106980320099395,0.8828832299857863
kili1267,aust1307,-0.2805255569218907,0.212126021454623
kimm1246,atla1278,-0.5813672639955236,0.2447946010733099
kima1246,kolo1268,-1.512158614444082,0.7714559190112646
kima1244,aust1307,-0.1233136585671763,0.22612481411202
kimm1245,hmon1336,-2.470632034330829,0.7309964862095562
kina1250,aust1307,0.311997850057401,0.2384225743264014
kinn1249,sino1245,-1.2197136248843643,0.3833998095480453
kiow1266,kiow1265,-0.3768409909426633,0.9648290355629416
kips1239,nilo1247,-1.1771360119359,0.4711722286927493
kelo1247,timo1261,-0.1096716495519527,0.5184654220467966
miju1243,sino1245,-0.8113122242623815,0.2426270813089059
kobo1249,nucl1709,-0.9974820643391218,0.2094118614767612
koda1255,drav1251,-2.829427113559285,0.6306549486697697
koho1244,aust1305,-2.3619805721424467,0.4147336903199252
koir1240,sino1245,-0.8263589120980984,0.1880574098046605
koit1244,koia1260,-1.1243700919430242,0.5336504186522952
koka1244,pama1250,-1.6364833166151416,0.5020133998365695
koko1269,aust1307,0.9252563105665406,0.2331888285714778
kola1285,aust1307,0.0362712050490261,0.2791958981712943
kolb1240,atla1278,-0.3453682163025715,0.2102211549120425
kolc1235,atla1278,-0.7974366910773957,0.2249939759911572
kolp1236,kolp1236,-1.2180872489134935,0.8368851574009306
kolu1245,aust1307,-0.0775909256130173,0.2081963844449887
komb1274,nucl1709,-1.0575603156780635,0.2539613563729146
komc1235,atla1278,-0.1815736669672618,0.1677072206213536
komi1270,sino1245,-1.1957701381880914,0.1920329648076322
komi1269,ural1272,-1.5889685077243674,0.744157789975141
komi1268,ural1272,-1.900702905358703,0.810078574564862
komo1260,atla1278,-2.027666444814652,0.3161325349855537
kona1242,east2433,-0.9170156432636882,0.713463959954731
konk1267,indo1319,-1.4787443199162027,0.5539216183978408
kons1243,afro1255,0.2878637895862794,0.2667037783202968
kony1248,sino1245,-0.5522246582219499,0.1895554646176593
konz1239,atla1278,-1.6936139466163027,0.2842663885189482
koon1245,atla1278,-0.903976925030436,0.2363361516728019
koor1239,gong1255,0.8213706609793372,0.3479224625660637
kora1294,nucl1709,-1.042430404164548,0.2867017701813568
kore1280,kore1284,-1.9965228894739304,1.293609151720998
kore1283,tuca1253,-0.6792869790675251,0.5002523595984387
kork1243,aust1305,-1.7473832516964276,0.5204044411800894
koro1298,atla1278,1.1345425000331806,0.3321837703961683
koro1313,sout2948,-0.3195817814722725,0.5627341823803451
koro1312,nucl1709,-0.9286068949844568,0.2569473486890161
korr1238,drav1251,-2.7820336527757448,0.6412694135989563
kosa1249,nucl1709,-1.2081121748036183,0.2672501154907847
kosr1238,aust1307,0.1898109930221152,0.4665908190794701
kota1263,drav1251,-2.90492885168294,0.6169421856908774
koti1238,atla1278,-1.578337093189037,0.4515928245043175
guan1269,tuca1253,-0.5295045398182763,0.4269541503087679
kova1243,nucl1709,-1.1766346374825392,0.2528070074558295
kove1237,aust1307,-0.6239741036302768,0.1926702433555127
koya1251,drav1251,-2.862014892564104,0.5887363422869749
koyr1242,song1307,1.7157593821114927,0.806340963842187
koyr1240,song1307,2.053784996358967,0.8074970064419611
koys1242,afro1255,0.8205707871280341,0.3818285213467445
kren1239,nucl1710,-1.252833548731882,0.7352201724558409
gbay1288,kres1240,-0.5734273731791664,0.7682119606501161
ngeq1245,aust1305,-2.3044067135865283,0.3671213918724443
kron1241,kadu1256,-1.4872879488239563,0.7986705294736836
kryt1240,nakh1245,-2.228094554951414,0.5399023590154892
puoc1238,aust1305,-2.1808879489220923,0.3577116893646628
kuan1248,aust1307,-0.1002544405260288,0.1941170552390052
kuan1247,atla1278,-1.5383510805907266,0.4929387609469757
bayo1255,atla1278,0.922333298921296,0.3648556794072188
kuii1252,drav1251,-2.7072689181591096,0.5876036234289868
kuik1246,cari1283,-1.929326585306947,0.7259397538185066
kuku1280,pama1250,-2.121401195677547,0.4287827577012404
kuku1273,pama1250,-2.1252945763208504,0.4405310978886345
kulo1237,aust1307,-0.4629713427517867,0.2633844238137026
fait1240,nucl1709,-0.9136988971678351,0.2000129424576311
kulu1253,sino1245,-1.2330587184490645,0.2224655155396373
kuma1280,nucl1709,-1.1763804950278098,0.2054836929130692
kumb1268,pama1250,-0.7997956557857329,0.509366719133522
kumz1235,indo1319,0.9239532253539592,0.6153295597746962
kuna1268,kuna1268,-0.6910392407161899,0.9031258170807082
kunb1251,gunw1250,-2.528465181765116,0.8585670163740837
kuni1267,kuni1270,-1.8675027857231987,0.6813353640240611
kunj1245,pama1250,-1.7525958182793422,0.4325699832800223
kuot1243,kuot1243,-1.0893797966339165,0.8445653913834759
kurr1243,pama1250,-1.2991836803173489,0.4964341496005575
kurt1248,sino1245,-1.054212280857178,0.228033496932889
kusa1251,aust1307,1.1059089874889698,0.2221750247281444
kusu1250,kusu1250,-2.118259558229433,1.0090492479517768
kute1249,kute1249,-0.8442403194055548,0.9692616094427629
kute1248,atla1278,-0.0982119451785634,0.1806386433983813
kuvi1243,drav1251,-2.70799177798354,0.5909271741153042
kuyy1240,aust1305,-2.510467586660487,0.3735611442226938
kwai1243,aust1307,1.0891011572067086,0.2383448631749471
kwam1252,aust1307,0.7202578258418468,0.2428794902094155
kwar1239,aust1307,1.2061143154572755,0.231406477388588
kwaz1243,kwaz1243,-1.3830886759999788,0.9317682400819838
kweg1241,surm1244,-1.2822312452857123,0.6320753596908932
nucl1595,kwer1242,-1.7117991685214329,0.8162734542844685
kwin1241,worr1236,-2.236456871454496,0.91519762163733
kwom1262,sepi1257,-0.7155348149148413,0.4096873915210945
nucl1593,kwom1263,-1.617997735037894,0.836458958554029
kxoe1243,khoe1240,-0.6449159184037865,0.7639406857522462
kyer1238,sino1245,-1.3285145706367163,0.2448170482988274
cori1240,atla1278,0.0811716144431582,0.219332587152726
laal1242,laal1242,0.0381282928579018,0.8188240184896811
labe1239,aust1307,-0.1517639955391607,0.2025617325485846
labu1248,aust1307,-0.8268059827112464,0.1864375705315382
labu1249,aust1307,-0.0972596038552531,0.2200017239572602
lach1248,taik1256,-1.8060029835670437,0.5060735973978518
lafo1243,tege1244,-1.386532509919025,0.882762572506695
lagw1237,afro1255,0.6393203783503727,0.2174313673447958
zaye1235,sino1245,-1.767577712211296,0.2964108784156058
lahu1253,sino1245,-1.972892396160284,0.2832556440637539
lahu1252,sino1245,-1.9846520921985416,0.2876316870520554
laiy1246,aust1307,-0.2358869744219185,0.2622766043060811
lakk1252,nakh1245,-2.3336481268874443,0.5099779784665519
lala1268,aust1307,-0.6513661563224846,0.2169660454796806
lala1264,atla1278,-2.03235767709057,0.3839233333470186
lama1277,aust1307,0.0354025593936724,0.2398100406639911
lama1288,afro1255,0.7135542431727779,0.1960092833739306
lamb1269,indo1319,-1.3064376760241665,0.5310804128072599
lamb1273,aust1307,0.1137155958143401,0.3009379660453803
lamb1272,atla1278,-1.8962282711672376,0.3227857060256007
lame1260,aust1307,0.7256721588304493,0.1758876797056219
hela1238,sino1245,-1.432454074732881,0.2373308388666224
lamk1238,sino1245,-0.9609834356849448,0.2040190884292978
lamo1244,aust1307,-0.6977068498765511,0.18973096585567
land1256,atla1278,1.0090859091870736,0.3240575583371812
lang1320,atla1278,-1.7078434693627602,0.2704539236488266
lang1324,nilo1247,-1.186638847730552,0.4714785574082083
laoo1244,taik1256,-1.7137499545711616,0.5551467871943223
lara1258,lara1258,-2.1841934467227224,1.0006173213742504
lard1243,tang1340,-2.4468950950698884,0.960981323858778
lash1243,sino1245,-1.505686284718418,0.2384558285482709
teke1275,atla1278,-1.2180502600349394,0.2959979434579107
latv1249,indo1319,-0.8064798211397594,0.5141540841840202
lauu1247,aust1307,1.1017568892370606,0.2351769408753208
lave1248,aust1305,-2.570345240016687,0.3664593147947017
lavu1241,lavu1241,0.5604501240755553,0.82575869109536
lazz1240,kart1248,-0.8281823998311819,0.8448742244623624
lega1250,atla1278,-1.855816364710807,0.3311396038253331
lega1249,atla1278,-1.8962266217900448,0.3439146398154435
lele1276,afro1255,0.4347492022627695,0.2405162684619308
lele1267,aust1307,0.4777159104484951,0.1948370467072355
lele1270,aust1307,-0.4708811126225893,0.2416976249172817
lemb1266,nucl1709,-0.7000081440104582,0.2176567562031768
leme1238,aust1307,0.6355603153079228,0.220870555009248
bela1260,aust1307,-0.5443734508767801,0.2407200459679006
lena1238,aust1307,0.7766396114835843,0.2454962166554457
lend1245,cent2225,-0.9244249049230192,0.3223211934913044
leng1259,aust1307,0.8769237596001545,0.2300370819496455
lepc1244,sino1245,-0.9542846671697608,0.2296059559415186
lese1243,cent2225,-0.9611131809364312,0.3364324093916377
leti1246,aust1307,0.0926351743003541,0.2494574634943718
lewo1242,aust1307,0.7262446315401803,0.1817096264785669
lewo1244,aust1307,-0.0643529981665511,0.2404728028321949
lezg1247,nakh1245,-2.279415605140661,0.5206945077927347
lian1251,sino1245,-0.8173991542906898,0.1862054163557371
libi1244,atla1278,-1.0587928897078276,0.2300056984205429
liby1240,afro1255,0.6711102377548384,0.4743766404563985
lihi1237,aust1307,0.0989409280038755,0.2152966451756355
liji1238,atla1278,-0.0979663215312343,0.210457768836993
lika1243,atla1278,-1.6724707791917384,0.2856563783170935
lill1248,sali1255,0.8803368989997686,0.5657061500453129
limb1266,sino1245,-1.0740486506609916,0.2247033052474378
nucl1327,limi1242,-1.2502977318466475,0.93124409191354
limo1248,aust1307,0.5520826257578137,0.208564394752869
lipo1242,sino1245,-1.8454097976517037,0.2624200206559219
lish1245,afro1255,0.8109697086650016,0.3785438739078506
lisu1250,sino1245,-1.4075865812055983,0.2352445433397596
lith1251,indo1319,-0.6149703623872365,0.4948055210190749
lito1235,atla1278,-0.985473541734041,0.231523771385576
livv1243,ural1272,-2.0679950474499,0.6009471036618292
loba1239,atla1278,-1.068231225669792,0.230687553623198
logo1259,cent2225,-1.0207644109857723,0.3130798360102749
balo1261,atla1278,-0.940503846913141,0.2416423882334015
loka1252,atla1278,-0.1173468666428241,0.1957460027921191
araw1276,araw1281,-0.6169927337260506,0.5361462892121514
lolo1259,sino1245,-1.8086827022312768,0.2617137130112308
loma1260,mand1469,2.0586999900919816,0.5687333178116212
lomb1257,indo1319,1.3918241751121,0.4692863548165111
chiq1248,chiq1253,-0.2593361820211042,0.8777189047084923
acha1249,sino1245,-1.6394286948476613,0.2451305398528571
long1395,aust1307,1.282671590208359,0.2384490413319997
loni1238,aust1307,-0.506211727911186,0.2335533825769582
lonw1238,aust1307,0.6619522253258572,0.1739971567194129
lote1237,aust1307,-0.3163899193610915,0.1969690859255966
loth1237,sino1245,-0.7458637496635049,0.1877303778739119
lotu1250,aust1307,-0.0260906195755199,0.2196160639193114
louu1245,aust1307,-0.5344155491267437,0.2371000489534629
vano1237,aust1307,0.356438475658086,0.2470811216093764
lowl1260,tequ1244,0.4193941821902813,0.8570322389123959
lowl1265,utoa1244,0.1449223506515529,0.3578509293678982
lozi1239,atla1278,-2.4148626582031745,0.3987194098998277
luan1263,aust1307,0.1735951530604675,0.2596053710237931
onto1237,aust1307,1.0064606956062907,0.2913233257491319
lubu1243,aust1307,0.487132609616671,0.2024803259640384
luch1239,atla1278,-1.9513888215511508,0.4014266837331126
ludi1246,ural1272,-2.097204411055733,0.6421526501755352
lugb1240,cent2225,-0.7384316964005364,0.3174230977038808
lugu1238,atla1278,-1.371978052444098,0.2952043000993241
lule1254,ural1272,-1.635946022862062,0.677790205245848
lumb1249,atla1278,-1.0204812157139729,0.3683976847659278
lumu1239,narr1279,-1.5504343175899158,0.7578479817646131
lund1266,atla1278,-1.9332415407037309,0.405665458354147
lund1271,aust1307,-0.5531121741261305,0.2319098062108429
luok1236,nilo1247,-1.274300524780253,0.4778841158703755
luse1252,atla1278,-1.123713709391681,0.2638519436610944
lusi1240,aust1307,-0.6968538822642538,0.1904299963812037
luva1239,atla1278,-1.9597388568611744,0.40277060375178
luya1241,atla1278,-1.880214612963413,0.3993003076174521
maan1238,aust1307,-0.5194848805937131,0.3155636345369506
maas1239,atla1278,1.26618414351167,0.2775459568333298
maba1270,atla1278,-1.2752454712091348,0.2485917526969947
maba1277,maba1274,0.2467557525855206,0.7421359078990784
maca1259,guah1252,-1.5249630520291153,0.8577377437255289
mace1250,indo1319,0.9129272999019926,0.442422729997364
mach1267,araw1281,-0.855455384453642,0.3629689286110236
maco1239,sali1297,-1.2605596342223182,0.9266395484164502
macu1260,tuca1253,-0.4173654477244299,0.4234381365319861
macu1259,cari1283,-2.008372455461254,0.6070366882131737
mada1285,aust1307,0.0276601808867058,0.2044686675533786
madi1260,cent2225,-0.6737277875027549,0.3408086619662724
jama1261,araw1282,-1.3581547809129406,0.8654097691920064
madn1237,east2374,-2.1385237706182445,0.98484527578485
nucl1460,aust1307,-0.1963419937643173,0.3577131962034752
mafe1237,aust1307,0.8833267451581881,0.1787289980122892
maga1260,indo1319,-0.6939148637282213,0.3844117044795823
maga1263,aust1307,0.0704701595332362,0.2143787276487967
magd1235,otom1299,-0.041904944337189,0.2322618339270317
magu1243,aust1307,0.557588483770447,0.2246586274714648
maia1254,nucl1709,-1.1714228720346704,0.2207012734797513
maia1253,nucl1709,-1.0898891236266433,0.2195096501065729
mail1248,mail1249,-0.5419065949034325,0.8033419291584336
nucl1594,mair1253,-1.4037152514711284,0.879388108953294
mais1250,aust1307,-0.4400280070536009,0.2070052715016817
mait1250,indo1319,-0.9163577967752792,0.3769505379954925
maja1242,surm1244,-1.346794923851631,0.6463904660984525
maka1304,atla1278,-0.7658733374770424,0.2227847115873253
maka1311,aust1307,-0.0303986493076808,0.2582949632120543
makc1235,taik1256,-1.644167398435028,0.4900171611303925
makh1264,atla1278,-1.542944429760983,0.4118817515993287
makh1266,atla1278,-1.5508839773139838,0.4011493425087691
mako1251,atla1278,-1.6018821166385584,0.3662426520607322
maku1277,aust1307,0.1316402804812528,0.2460566246657154
makw1236,atla1278,-1.5662469342842575,0.3703038744528744
mala1463,drav1251,-2.805869938550133,0.7035845133471257
mala1534,aust1307,0.4885794231265643,0.2129847115449807
mala1464,drav1251,-2.7728398946638078,0.6808658542799246
mala1522,chib1249,-0.6122062204271579,0.4540684827110208
male1284,gong1255,0.6405718438029571,0.342955002521478
male1297,chib1249,0.2829229262763111,0.4420327377993649
male1289,aust1307,-0.7981224950086552,0.1945571932237366
malg1251,afro1255,0.635242808369952,0.2137793434418773
mali1284,bain1263,-0.6128484710108164,0.6867537490388831
mali1285,otom1299,-0.0113971194314776,0.2586716012208838
malt1254,afro1255,0.9405819909346056,0.5795236152085947
malu1245,aust1307,0.7316114517254422,0.1717683809754611
mamm1241,maya1287,0.9673738598590628,0.3784111480178111
sauk1252,nucl1709,-1.4129543157474969,0.2210585181515356
mama1275,aust1307,0.285863822073185,0.2511894407081314
mamb1306,aust1307,0.3239037313180226,0.2463986622443208
mamb1294,atla1278,-0.2087901422976061,0.2137218615192835
mamb1296,atla1278,-1.800743229226658,0.3388280823905574
mamv1243,cent2225,-0.9564742083526778,0.319065387558255
mana1295,aust1307,-0.6053772324512656,0.2090169692469379
mana1298,nduu1242,-1.2800805507732878,0.619437385130805
mana1288,sino1245,-1.372265086056354,0.2736002293690771
payn1244,nucl1709,-0.9995832789987352,0.2026986856978201
mand1423,atla1278,-1.8359067168662384,0.3305642953707837
mand1440,aust1307,0.0774712146500167,0.2243143205205982
mand1415,sino1245,-1.854100830228427,0.7145665088401061
mand1436,mand1469,1.9800083979311525,0.6449945907668786
mang1378,aust1305,-2.016981706002494,0.3359180467570088
rapa1245,aust1307,1.7412962841011683,1.0159046865238064
mang1401,aust1307,1.9760556311090616,1.054827600251444
penr1237,aust1307,2.1790351334299647,0.9455954185583808
mang1381,mang1423,-1.4176237198401858,0.8695476890854203
mang1394,cent2225,-0.9767355561853316,0.3411547832333532
mang1404,aust1307,-0.818215350507455,0.185395351864765
mang1405,aust1307,-0.1081926978227818,0.2708494613773378
mang1403,aust1307,-0.33319707860052,0.1970472005830101
moni1237,otom1299,0.151982019061041,0.5193683083970195
tong1308,aust1305,-1.975576963399896,0.4421922434659424
manm1238,aust1305,-2.090245699871443,0.3358688630217434
mann1248,mand1469,1.8254571282384635,0.5819633325433748
mans1262,aust1307,0.3644642836746514,0.2552923008348058
mans1260,hata1242,-1.6661620771151495,0.8114384046405305
manu1258,aust1307,-0.3504511018562739,0.255407065359019
maon1241,taik1256,-1.368065417494463,0.4879033826430055
maor1246,aust1307,1.1946892115924637,0.8847814042448032
mapo1242,aust1307,-0.8235925939917188,0.1838558993864296
mapu1245,arau1255,-0.354142454987149,1.1831021991219774
mara1382,sino1245,-0.9420011788086567,0.251134101135257
mara1399,aust1307,0.7580194500948043,0.1726815941876207
mara1379,sino1245,-0.7498408210122833,0.1854991308162978
mara1404,aust1307,0.3640245130855948,0.2240784983791099
mara1386,west2434,-1.7023393959381192,0.7947580436149868
mara1396,tama1329,-0.3541144473660282,0.7338766203779781
mara1378,indo1319,-1.2832270383354922,0.514631354313897
marg1253,pama1250,-1.3913226954557556,0.4401081906321038
marg1265,afro1255,0.7720498148959842,0.2033772545368815
mari1414,drav1251,-2.8646824885579703,0.6061434443039806
mari1440,coch1271,-0.0778537829446675,0.7928651459116913
mari1428,aust1307,-0.5379780609381226,0.192280285728279
nucl1622,anim1240,-1.5282340626451012,0.8828171560331648
mari1416,sino1245,-0.9264307474645846,0.199630847159749
mari1424,west2434,-1.637466491611176,0.7974281685879538
moro1289,moro1289,-0.5460239178391333,0.8236600759808925
maro1244,aust1307,0.8577779933771961,0.2297714578404499
mara1385,mang1423,-1.5501030558451752,0.8806290887169195
mars1254,aust1307,0.2782483272518692,0.6052345297096511
mart1255,pama1250,-1.295170950687052,0.5132652646749984
maru1249,sino1245,-1.5207080577028724,0.2520215508965542
maru1252,pano1259,-2.0923899135048862,0.5229416020779314
masa1322,afro1255,0.4957153604909481,0.2271169166214082
masb1238,aust1307,0.430883619041335,0.2420144874135403
mask1242,aust1307,0.7736170295947702,0.1753476936152749
matb1237,aust1307,-0.4842179095272976,0.2550484696303297
kemb1249,aust1307,-0.9194998262656422,0.328650856400936
mati1250,aust1307,0.4692119640903167,0.2206557255995802
mato1252,aust1307,-0.364069893327108,0.1882272874041506
mats1244,pano1259,-2.212007765176752,0.5368194099170649
matu1261,aust1307,-0.5857849409481872,0.1982209136521682
matu1259,atla1278,-1.5014849289850565,0.3314161655465639
mauw1238,nucl1709,-1.1678263660602035,0.2188768831672134
maun1240,iwai1246,-2.428202382364868,0.9685095890820414
maxa1247,nucl1710,-1.0179534896792832,0.7245457786028093
maya1285,misu1242,0.9615306491736147,0.7297906886938637
maib1239,mayb1237,-1.3255637627295829,0.8737013766901229
mayo1264,utoa1244,0.2992112499109451,0.3727606992567778
mayo1261,atla1278,-1.7706953585612295,0.2837890469045137
maza1304,afro1255,0.584428656865499,0.2047457550245131
mbaa1245,atla1278,-1.7323818478304138,0.2951481279200667
mban1263,atla1278,-0.7651728956223647,0.2413113838524121
mbar1260,afro1255,0.2950177773445692,0.2284709833732243
mbay1241,cent2225,0.2990497432782883,0.3543331519418995
mber1257,atla1278,-1.1286948232553649,0.2800512588836481
mboc1235,atla1278,-0.4234559110739242,0.1807832158621423
mbol1247,atla1278,-1.7433046271675126,0.3100741951269103
mbug1242,atla1278,-1.7422589821556995,0.2721146152014557
mbul1263,aust1307,-0.3888708095786237,0.1913979160359176
mbya1239,tupi1275,-1.1844520225909854,0.6765209464246993
meen1242,surm1244,-1.3192583206732174,0.6226618671895321
mehe1243,sepi1257,-0.5897745202195688,0.4049325127642929
mehi1240,araw1281,-1.47823498295143,0.4673453045978961
saki1248,tupi1275,-1.1996362550707578,0.4788105852155349
meke1243,aust1307,-0.7745873268331718,0.2022212623345738
mele1250,aust1307,0.467846131393665,0.1995360264562871
melo1242,gong1255,0.5648097562938206,0.3331043707531078
melp1238,nucl1709,-1.1326139369965498,0.2071867795167032
mend1268,sepi1257,-0.7463531963546739,0.4138400734787559
mend1266,mand1469,1.9920405822115923,0.5923383331218197
meng1267,aust1307,-0.2300691711657321,0.1959271192306211
meny1245,anga1289,-1.0542993486654433,0.6533426272746894
mera1242,aust1307,-0.3856930032209111,0.2011842271295347
mere1242,aust1307,0.8477781811493055,0.1918629198258221
meri1244,east2503,-0.779516247883749,0.6606981708242219
meru1245,atla1278,-1.258489486270712,0.2897406756772502
mesc1238,atha1245,-0.8516575500332917,0.6841820879215388
meta1238,atla1278,-0.2175296186498752,0.1803429634204949
meya1236,east1459,-1.6707173352135811,0.8274313412213405
mezo1235,otom1299,0.2593723042134812,0.2511952859010722
mezq1235,otom1299,0.4574826611920211,0.3265841748926981
mian1256,nucl1709,-0.7351325997603173,0.2417347216119432
mich1245,utoa1244,0.3081505481504498,0.4073037982531735
midd1357,pama1250,-0.8071918950494582,0.4997334071548964
midd1327,aust1307,-0.7617791198090613,0.1928723387679642
mido1240,nubi1251,-0.691473459045731,0.7959857060641673
mids1243,atla1278,-0.8327604999206506,0.2755658032794672
miga1249,afro1255,0.0849380376712871,0.2958340315097203
mika1239,musk1252,-0.7877365425156708,0.7373680648918601
mikm1235,algi1248,-1.6817193775265715,1.047417648624922
mila1245,sino1245,-0.476669892039097,0.2314421408099058
mina1276,afro1255,0.6112410413821496,0.1960193791292668
mina1268,aust1307,-0.90356798116004,0.4179114218413575
mini1256,huit1251,-1.1916807380742078,0.7847495554213055
mini1251,aust1307,-0.1194104567116025,0.1939314836774999
minn1241,sino1245,-1.867553465694381,0.4758867627364176
miri1266,jarr1235,-2.1700796729155263,1.0459511556509744
misi1243,aust1307,0.1340572199595411,0.2557909517952721
misk1235,misu1242,1.0449148482294313,0.7679712589232968
mixt1426,otom1299,-0.3235896969020482,0.2509946879463625
miya1266,afro1255,0.8491128569521813,0.2360800095607036
miya1259,japo1237,-2.5968508918555,0.910881295672882
lush1249,sino1245,-1.0374068082525425,0.2437147151273544
mlab1235,aust1305,-1.9038855252837024,0.3479865166124636
mmen1238,atla1278,-0.5783637633915029,0.1736412847690394
moba1244,atla1278,0.8589289896078276,0.2814169147110124
moch1257,maya1287,0.7450591009875334,0.379134963945352
moco1246,guai1249,-1.2106028801508024,0.9735634729052522
mode1248,indo1319,1.0477218302072264,0.4970206991366526
hebr1245,afro1255,1.126827103210341,0.4852040636591788
moha1258,iroq1247,-0.2262563579171606,0.6672734928614696
moii1235,west1493,-1.4277025923498683,0.8913992636007051
moke1242,aust1307,-1.2039245851052205,0.4412432882485957
moki1238,aust1307,0.2575323871437824,0.4368819557983756
mokl1243,aust1307,-1.283119753654705,0.4347126505069587
mokp1239,atla1278,-0.4879176362727475,0.1992310427610779
moks1248,ural1272,-1.4776269221167804,0.6331032732541797
molo1266,afro1255,0.4879776033238385,0.1975771362045519
nucl1452,momb1255,-1.571960390571334,0.9042867632830902
fass1245,baib1250,-1.6644310806337084,0.853237708797111
monn1252,aust1305,-1.440140183485769,0.4055982092587396
mong1338,atla1278,-1.5179622487503734,0.3093489938889973
mono1273,aust1307,0.3649262098856649,0.2188267058872917
mono1270,atla1278,-0.7726527073847491,0.2394890380706162
mono1275,utoa1244,-0.4140627110952712,0.3933311275262117
mont1268,algi1248,-1.743840064006013,0.9795501893041768
nucl1458,monu1249,-0.6279612076588643,0.7778749910690748
monz1249,atla1278,-0.6977785172707563,0.2299951997503
mopa1243,maya1287,0.815789077465138,0.4303948481416983
more1259,utoa1244,0.2641872449274631,0.3086244891731748
mori1269,aust1307,-0.2978321889715201,0.2561298222740618
mori1268,aust1307,-0.5352697300051239,0.2531191481353687
morm1235,aust1307,-0.1184422679978172,0.2534647229921036
moro1285,heib1242,-1.5637118931699754,0.742715326511191
moro1287,aust1307,-0.25994452355298,0.2527031236637067
mort1237,aust1307,-0.1942028032658158,0.3840261554844018
mose1249,mose1249,-0.9506904616990696,0.8997354551705896
mota1237,aust1307,0.9279824652883482,0.2196788011079942
temb1272,atla1278,-1.1559513006077675,0.2494596683996071
motu1246,aust1307,-0.5078552099961773,0.2159065907123909
mouk1239,aust1307,-0.7200653434128883,0.1886013508405448
moun1252,koia1260,-1.0782292688859745,0.5078573615246813
movi1243,movi1243,-0.9819209313182689,0.8799260328879626
tang1347,aust1307,0.5657590690046503,0.1856009360462329
moyo1238,sino1245,-0.9419507375072584,0.1983734048804581
mpad1242,afro1255,0.5792986079396776,0.2404164890650979
mpii1239,sino1245,-1.7448923129370435,0.3506807494222825
mpot1240,atla1278,-1.8625081417215368,0.3439393305570162
mpur1239,mpur1239,-1.399828926937559,0.8871559767028634
mual1241,aust1307,-0.6441677618594441,0.3163669498445172
mudu1242,aust1307,-0.7360981561995299,0.1998265820326525
mudu1239,drav1251,-2.863874543432112,0.6306035054887644
mull1237,nort1547,-2.1419271015839687,0.9836200487865648
nucl1240,atla1278,-0.1643580268437194,0.2034983745956142
muna1247,aust1307,-0.1229246824825143,0.2494586199892405
munc1235,sino1245,-1.244577149216595,0.2941410134099329
mund1328,atla1278,-0.365655312082721,0.1705504051747413
mund1325,atla1278,-0.2337573752700363,0.2194052320623636
mund1320,aust1305,-1.3426645494416458,0.3712041526639074
mund1326,atla1278,-1.6135246792449818,0.2909457074922432
mund1330,tupi1275,-1.5375528968257732,0.5777445034497617
abar1238,atla1278,-0.3652622667555041,0.1704746789719236
murl1244,surm1244,-1.5358211179046444,0.6441712935477166
murr1258,sout2772,-1.994973444523909,1.0015109127092072
muru1274,huit1251,-1.465836355927706,0.788650291982046
muru1266,pama1250,-1.0962228399388856,0.4472971868395845
musg1254,afro1255,0.4896121839053895,0.2189055457564008
muso1238,aust1307,-0.4397456612620611,0.1872483881391553
muss1246,aust1307,-0.6008876303742514,0.2640758736214783
muth1236,drav1251,-2.84054815241609,0.6520643288603949
muyu1244,aust1307,-0.0607483014013068,0.237587854783126
mwag1236,afro1255,1.0088000771984331,0.2434372961470328
mwan1250,mand1469,1.8448423745614184,0.539960263025794
mwan1247,atla1278,-1.5467482169013766,0.4086058054873107
mwer1248,atla1278,-1.6120710653682997,0.3467283928297737
motl1237,aust1307,0.5804316169487365,0.2185313623922056
naas1242,sout2948,-0.1176723577283633,0.5580651432101307
naba1256,nucl1709,-1.4047616568979695,0.2257175018909656
nade1244,nada1235,-1.6457942073365106,0.8205729146676075
sout2857,aust1307,0.6844480330849556,0.1717570437103619
naka1262,aust1307,-0.5291766360032952,0.2017341980264722
nalc1240,nucl1709,-1.0773969615363237,0.2586182122638645
nali1244,aust1307,-0.0006169649292606,0.2184864455101061
nalo1235,aust1307,0.7804246495259031,0.2566487390979444
nama1268,aust1307,0.7867141058071085,0.1942022430536631
litz1237,aust1307,0.7827226189099996,0.1733774069022176
nama1264,khoe1240,-0.7561003951376913,0.9290513615622268
nama1266,more1255,-1.4457750259216615,0.5980066139531557
namb1293,more1255,-1.4590399398924312,0.5988576536709538
nami1256,sepi1257,-0.6892387576694068,0.4087293695994436
namu1246,sino1245,-1.112468705725726,0.2680927506044348
nana1257,tung1282,-1.7711205367419534,0.8383575447095726
nand1266,nilo1247,-0.9992732140321022,0.4441637098570425
nang1262,aust1307,0.8374384922953448,0.2662624186301081
nant1250,araw1281,-1.1066377191810135,0.3630723290321644
nara1262,nara1262,-0.6997665148598917,0.9193499904240868
naro1251,aust1307,-0.5350402834502272,0.2572492558317174
yong1270,sino1245,-1.0854164832001318,0.2486099804570107
naru1238,pama1250,-1.2910096270500984,0.589788680184679
nati1244,aust1307,0.3442527655972105,0.1730271484864749
nati1243,atla1278,1.2148230944435727,0.2680195866559183
natu1246,aust1307,0.5197693398778664,0.2581353324861308
naue1237,aust1307,0.5295097369765405,0.2543337371999694
naur1243,aust1307,0.4382667636001065,0.4734598562967034
nava1243,atha1245,-0.5246682864838943,0.642330458552304
nawu1242,atla1278,0.9691500306326172,0.2575325915820281
naxi1245,sino1245,-1.3134654588927934,0.2414240238228351
ncan1245,atla1278,-0.159335907165488,0.1671804498972395
ndam1251,afro1255,0.2681609533939213,0.2607802399842485
ndam1239,atla1278,-1.819089235620466,0.3056563567955308
nden1248,atla1278,-1.524453826747552,0.3211914805439657
ndob1238,atla1278,-1.1623400733328522,0.2364534671639959
ndog1248,atla1278,-1.457329302125468,0.3245460891976712
ndom1245,kolo1268,-1.7898607198127297,0.7658954812548664
ndun1249,atla1278,-1.2936551090394208,0.2549866358344936
nege1240,aust1307,-1.9544470777454728,0.4533807342016294
negi1245,tung1282,-1.7340841368606854,0.8520603451204865
neha1247,aust1307,0.5077047812074913,0.2226601846613443
kuma1276,aust1307,0.5190443800523017,0.2777358007233617
nenn1238,more1255,-1.4675890462125838,0.5928515424508101
nend1239,nucl1709,-0.9110762732988688,0.2062462668520783
neng1238,aust1307,0.9795870410703296,0.294487089390218
nucl1706,afro1255,0.9755469160714918,0.4754742137703656
nepa1254,indo1319,-1.0287997985766668,0.3775031442226688
nese1235,aust1307,0.7365533666271673,0.171590337765493
vinm1237,aust1307,0.7000115015989816,0.1677247679535858
ling1265,aust1307,0.7009986418557397,0.1669246835169811
nezp1238,saha1239,-0.9275567382635505,0.8626984922370051
ngaa1240,pama1250,-1.4765299599044388,0.5056118735650776
ngab1239,chib1249,-0.0842732889142952,0.4408226833297668
ngal1292,gunw1250,-2.34037838946079,0.8545181366473524
ngam1268,cent2225,0.1498137403732073,0.3423279642316119
ngan1291,ural1272,-2.280724623821514,1.1000155229527135
ngan1295,gunw1250,-2.4429240489236133,0.8473971418114683
ngar1235,pama1250,-1.7726595862343584,0.4110248872522275
ngar1284,worr1236,-2.2761410334376406,0.9449549407339588
ngar1283,mirn1241,-1.5926629108528676,0.7831589382833009
ngas1240,afro1255,0.9054678025294304,0.2288035233110914
ngba1284,atla1278,-0.6012112160578265,0.2381723407708054
ngba1285,atla1278,-0.8978168071185935,0.229257668583275
ngge1241,nucl1709,-0.9652657977820162,0.2784349168299171
ngit1239,cent2225,-0.9685708494606934,0.3352126414695004
wang1291,pama1250,-0.7181211802793722,0.4614853523496358
ngom1268,atla1278,-1.2799962556446838,0.247765282974981
ngul1236,aust1307,-0.4581199360664658,0.3866516612771478
nhan1238,pama1250,-1.6598532392043197,0.6491387800838102
nhen1239,tupi1275,-1.2297691986732973,0.532424351990257
nias1242,aust1307,-0.8512079466199876,0.4335214698438636
niha1238,niha1238,-2.1303058106799853,1.1149033626255895
nila1242,atla1278,-1.6712665026789668,0.2773018857540164
nucl1633,nimb1257,-1.5375948217696775,0.8544152167230064
nina1238,yano1268,-0.9218442902450128,0.6715314343711258
labo1244,aust1307,0.6564895443397971,0.1753911316576002
nisg1240,tsim1258,-0.8184956424214069,1.049884955976057
niua1240,aust1307,2.125348233466456,0.8517240626374853
niue1239,aust1307,2.176430152745984,0.8628420276877318
niva1238,mata1289,-0.2422552871699816,0.9401195780737804
njan1240,atla1278,-0.1964213719102339,0.1855405958208833
nkon1248,atla1278,0.9857070347160748,0.250484000375279
nkor1239,ijoi1239,0.1401545698825061,0.7254929911645378
noct1238,sino1245,-0.4688102388074922,0.2075006730392803
noku1237,aust1307,0.8894115282106874,0.2014183299720273
noma1260,atla1278,-0.6797358697169593,0.1911839340166774
noma1263,araw1281,-0.9775417520459792,0.3747495407746561
noon1242,atla1278,1.008895491893229,0.4287319194116534
noon1243,atla1278,-0.1747015520556503,0.1669704294715126
nopa1235,otom1299,-0.0843270045189423,0.2449547080015381
nort2839,aust1307,0.5440445592344862,0.1784466745493031
nort2697,turk1311,-1.8606301938103484,0.6974095303646135
darg1241,nakh1245,-2.3770127992520798,0.5165274776021014
nort2930,kiwa1251,-0.6752895827716219,0.7082767474353491
nort2836,aust1307,0.7406124495716051,0.1959832367672365
nort2724,sino1245,-1.4830521472803602,0.2427520100616496
nort2972,choc1280,-0.1036152099894733,0.5816823816957006
nort2702,drav1251,-2.859997941748225,0.5901259393405884
gumu1244,gumu1250,-0.9626284612890664,0.7539879312092552
nort2938,haid1248,0.0153993385477539,0.8826794332979895
sing1264,sino1245,-0.5725251760881958,0.209717467959611
nort2877,aust1307,0.558009804913038,0.1990948983532718
nort2684,aust1305,-2.312510996843908,0.3703134048244418
lush1252,sali1255,1.0391950507650036,0.5648105786341409
nort2774,atla1278,-0.9848486896365474,0.2505163376798802
nort2954,utoa1244,-0.3339906317386987,0.4155141434497502
nort2957,utoa1244,0.2371879143123878,0.3063104180468721
nort2723,sino1245,-1.3377269206487283,0.2629172703504872
nort2747,hmon1336,-2.213780904734174,0.737947526467539
nort2722,sino1245,-0.8192275749492579,0.3180875064074562
nort2994,aust1307,-1.640593093840952,0.4020896221492918
nort2885,aust1307,0.5081115252698736,0.2283885565789529
nort2959,utoa1244,0.3128164060008302,0.3653732011314976
tosk1239,indo1319,1.0035167531152187,0.4434844052527098
nort2732,sino1245,-1.5055037090656924,0.4382952570634679
nort2690,turk1311,-2.343916012321844,0.941428532165382
yoku1256,yoku1255,-0.9170287038653276,0.9497418411827928
nort2745,yuka1259,-1.9044312772800505,1.635665442667344
nort3047,afro1255,0.6437966509197717,0.2036285348345665
nort2980,quec1387,-2.042621292974488,0.6957341699059074
nort3139,afro1255,1.04049315119508,0.4476638798883807
nort2845,aust1307,2.082468755782348,1.039319425812148
nort2671,ural1272,-1.7344964561088476,0.6908955209835408
nort2942,atha1245,-2.1057310922870576,0.953898966905629
nort2847,aust1307,0.6238848084679167,0.2356079955677072
nort2699,drav1251,-2.817823362905677,0.619499813758666
nort2961,algi1248,-1.686066577364819,0.8103131534180232
nort2775,atla1278,-0.8902707739296665,0.2407851224638957
nort2951,maid1262,-0.5778631502630769,0.9194050665123412
yaki1237,saha1239,-1.0893575137575502,0.8737231641318433
nots1237,aust1307,-0.0043350853401717,0.2096264142751973
nsen1242,atla1278,-1.9900920795706063,0.4102478087124868
nuer1246,nilo1247,-1.0770733165292206,0.4900136796805698
nugu1242,atla1278,-0.6406780647638464,0.1891896141971618
nukn1238,nucl1709,-1.4130808013941636,0.228910776477357
nuku1260,aust1307,0.0147257148594603,0.3679497193707757
nung1282,sino1245,-0.9936071618810772,0.2333363032416633
nupe1254,atla1278,0.3689314210369929,0.2516947243836718
nusu1239,sino1245,-1.144488502679919,0.2343501596681765
nuuc1236,waka1280,-0.8695314888983847,0.8999475194987496
nyah1249,aust1305,-2.592976099002147,0.3623582595962511
nyah1250,aust1305,-2.15675436987065,0.377650131255232
nyak1260,atla1278,-2.13220336233097,0.3238377003922412
nyal1250,atla1278,-1.7447168457250313,0.2763021609638634
nyam1285,afro1255,0.9155435984886566,0.2233942284649703
nyan1301,pama1250,-1.938676898675325,0.4687311805210301
nyan1307,atla1278,-1.5822117196249244,0.2843453872128823
nyat1246,atla1278,-1.6902623677249062,0.2764712889550305
nyaw1247,pama1250,-1.9164478479040157,0.4530808884815225
nyig1240,nyul1248,-2.005141054370172,0.9502632362228394
nyis1236,sino1245,-0.8696029517343407,0.1997442763154091
nyor1246,atla1278,-1.5974463741913576,0.2778566790685208
nyun1247,pama1250,-1.896833348485264,0.7324035282522325
nzad1234,atla1278,-1.7029962600069628,0.3488079452517545
nzak1246,atla1278,-0.532896341021976,0.234084352813916
nzak1247,atla1278,-1.1767312680690487,0.2694017095765764
obok1239,lake1255,-1.6086246763124254,0.8682940598220306
obom1235,aust1307,0.1848008073368352,0.2270977142789969
occi1239,indo1319,1.644451056556537,0.5036215928732308
ocot1244,otom1299,-0.0200333246794925,0.2279513529652823
oriy1255,indo1319,-0.6755310250068093,0.4359097719140474
ofay1240,nucl1710,-0.9234110923204404,0.5847505450396211
kalm1243,mong1349,-1.7311237887090365,0.9526565015100524
okan1243,sali1255,0.9640881035407864,0.5625081288101099
okin1246,japo1237,-2.612812867934972,0.9771387472652916
okoe1238,atla1278,0.301381768505081,0.2188995422090194
oksa1245,nucl1709,-0.9184966513443013,0.2341740781281305
okuu1243,atla1278,-0.1895911945489008,0.1686536500138142
oloo1241,nucl1708,-0.9933461542402716,0.4880403665895723
olut1240,mixe1284,-0.2291446749071204,0.6445473396798964
omah1247,siou1252,0.2337951409214893,0.7917524210560771
omii1238,cent2225,-0.8090373556262916,0.3195646813776185
omie1241,koia1260,-1.051805808509152,0.5228746365922889
onge1236,jara1244,-1.788462422375089,1.1016649149842572
bira1253,bira1253,-0.7161685970242726,0.8250984244638848
onon1246,iroq1247,-0.2174023683434753,0.6276851959519341
orma1241,afro1255,-0.2421339513978664,0.3235832803249292
oroc1248,tung1282,-1.9305232344585463,0.8138986397962413
oroh1237,aust1307,0.9596860078677992,0.2426318999912409
orok1265,tung1282,-2.039661128474985,0.9170293351374266
orok1269,nucl1709,-1.192523767833099,0.273184242413059
orok1266,atla1278,-0.4008495355083983,0.1900496511331155
orok1267,nucl1580,-1.7202130545990502,0.7940310769905874
orow1242,aust1307,1.0216768757021233,0.28178035456996
orya1242,toro1256,-0.872254370295934,0.8132757120319272
osam1235,atla1278,-1.0373414254023854,0.2826691562147037
otor1240,heib1242,-1.611280881733704,0.7597295678314648
otta1242,algi1248,-1.3327432062609414,0.7452133344650063
owaa1237,aust1307,0.8910632588487197,0.26369230684874
paaa1242,afro1255,0.9103464274163672,0.2448685424572678
darl1243,pama1250,-1.4897073150678253,0.5031108244997311
paam1238,aust1307,0.794877917334224,0.181550947441599
paas1238,atla1278,1.0550013448783502,0.2608792414678862
paco1243,aust1305,-2.5246212329632467,0.3752726299822706
paez1247,paez1247,-1.2329761789618672,0.91178394440551
pagi1243,atla1278,-1.126526794563072,0.2594061389425293
pagu1249,nort2923,-0.0046850929331319,0.457555138345072
pahn1237,hmon1336,-2.470182834155379,0.7282499181842046
pait1244,sino1245,-0.777683132357798,0.2049208189053235
paiw1248,aust1307,-0.3726294532990051,0.2519154566136952
pala1344,aust1307,-0.2527916071987139,0.3838418799149403
pali1279,araw1281,-0.8659330330563271,0.6301571933104448
balu1257,aust1307,-0.6250244889545076,0.2274867181406668
pamb1243,atla1278,-1.9647017823150883,0.2871057861009012
pamo1252,aust1307,-0.6670984615934068,0.2568233362947123
pamp1243,aust1307,0.3411101346266514,0.2138270184862234
pana1305,utoa1244,-0.3605787459798801,0.3939040926646493
pana1307,nucl1710,-1.1323987933650277,0.5416731568377826
enap1235,cari1283,-1.5809083721791493,0.6473019640745266
pang1290,aust1307,0.3962033946255332,0.2089205278196386
pang1291,aust1307,0.1189450627739923,0.2501917009949554
pang1287,atla1278,-1.788245024213518,0.3209786593422912
pano1254,pano1259,-1.9818371773901409,0.5197797486338076
pany1241,pama1250,-1.429936657029414,0.4913243785358707
papa1238,toto1251,-0.0993613246762621,0.5364839091474969
papa1265,aust1307,0.4866264997896805,0.2161335406764424
papa1268,aust1307,-0.2314836288467945,0.2184736709751229
para1311,tupi1275,-1.519535456171287,0.6266353511513401
para1302,sino1245,-0.7823507200520806,0.1960385966220839
para1316,araw1281,-0.866000198677888,0.4846343802878223
pare1272,araw1281,-0.9546946533856904,0.4444322482252669
pate1247,aust1307,-0.6903289902027137,0.1900737866711712
patp1243,aust1307,0.1534971877706799,0.2089066239586507
patt1248,sino1245,-1.09607769923673,0.417918988690432
paul1238,aust1307,-0.3094954029372196,0.2469917315969061
paun1241,araw1281,-0.7442661906460102,0.3782625044586689
pawa1255,pawa1255,-1.5304404748759364,0.8280687033745484
pawn1254,cadd1255,0.0622040629977682,0.9694030481673988
pech1241,chib1249,0.2354563377782064,0.4997705690562894
peer1241,atla1278,-0.2371297379247114,0.2048471330802499
pela1242,sino1245,-1.41391458724065,0.2462907010411648
pele1245,pele1245,-1.533082188896408,0.8606403130003495
pemo1248,cari1283,-1.737584011359433,0.608227476888527
pend1242,aust1307,-0.7428157768837882,0.2664838287864866
peng1244,drav1251,-2.698620737931176,0.5938752145364963
peri1253,mong1349,-2.443503406798975,1.0598557183771964
phak1238,taik1256,-0.5269777333936272,0.5368785413818045
phom1236,sino1245,-0.5533193615283314,0.184361887856348
phon1246,aust1305,-2.218922987428079,0.3554379293437191
piap1246,araw1281,-1.223952631633246,0.377506329554174
pich1237,araw1281,-1.046768235094476,0.3715514377330957
pila1245,guai1249,-1.231816157629066,0.9179844350502386
pima1248,utoa1244,0.3880778339991042,0.364353510849372
pina1252,piaw1238,-1.5156067244015334,0.7540918271865369
ping1243,aust1307,0.1738253191192014,0.4388481612434791
pint1250,pama1250,-1.6750075694074158,0.4442072505921532
pipi1250,utoa1244,0.2923134794419868,0.4683329619215319
pite1240,ural1272,-1.579324173037859,0.6529118347438541
plai1258,algi1248,-1.6963315871030629,0.7278828473080112
plat1254,aust1307,0.1072669907833665,0.5984092380214667
pnar1238,aust1305,-0.7730378484880966,0.3332274371910309
pohn1238,aust1307,-0.2018512350415784,0.4338353048226686
poko1263,nilo1247,-0.92615327409325,0.4563725722385667
poli1260,indo1319,-0.013409586450795,0.4729089713763108
popt1235,maya1287,1.0330162408571348,0.3742223129975079
port1285,aust1307,0.800045099291218,0.170137487938164
port1283,indo1319,2.1568023099441644,0.73275462333906
pott1240,drav1251,-2.787583178679479,0.5888611059000555
phai1238,aust1305,-2.0181962384335987,0.3453564428527387
pras1239,indo1319,-0.171207654243602,0.517915652348222
psik1239,afro1255,0.341075802278985,0.2006696306632962
puin1248,puin1248,-1.4124044352779688,0.9206592555854898
puka1242,aust1307,2.2173735033985498,0.876215422421351
pula1263,atla1278,1.1166615350227074,0.3658037585379605
pula1262,atla1278,1.1148739579426088,0.338582857129476
pulu1242,aust1307,-0.5178156617276368,0.4121106791298685
puma1239,sino1245,-1.6129564929404754,0.21775176095211
pume1238,pume1238,-0.4083409125039194,0.8996500570783605
pura1257,pura1257,-1.366373361931985,0.8268871427924236
pure1242,tara1323,0.7764233224130945,0.92234045263266
puri1258,sino1245,-1.0201805998443991,0.4548732869589793
puyu1239,aust1307,-0.3172285737479621,0.2544788090962586
qanj1241,maya1287,0.9469864510408644,0.3771605311511856
qaqe1238,bain1263,-0.7223530876246528,0.6863048660288236
qawa1238,kawe1237,-1.6578775824528946,1.4367216948909722
qima1242,afro1255,0.1447909328493599,0.3349072509436794
quer1236,otom1299,0.4500708520431009,0.3353530541667835
quey1238,sino1245,-1.173360274933254,0.2775141226149693
quio1240,otom1299,-0.191334033358469,0.2406941747825985
rabh1238,sino1245,-0.7318376855731029,0.2132044760983373
rade1240,aust1307,-2.0082467361609515,0.4013789930307969
raji1240,sino1245,-1.447685505357431,0.3250926561326439
rama1270,chib1249,0.0963868418085787,0.433911417266581
ramo1244,aust1307,-0.243000739650683,0.2020463694589951
rapa1244,aust1307,1.6980126682266097,1.1337107270465614
rapo1238,nort2933,0.3571162038112636,0.7033792797569289
rata1244,aust1307,-0.4732581172455588,0.2848814614259867
raut1239,sino1245,-1.480333089480696,0.3357535603874666
rawa1267,nucl1709,-1.2063775504897016,0.2061442814134348
reja1241,aust1307,-0.6838552368978967,0.2681991842044575
remb1250,aust1307,-0.0425902525674557,0.2589505701654815
rend1243,afro1255,-0.1156467700368653,0.2875330771284985
reng1252,aust1305,-2.610710274691713,0.3762103616228947
renn1242,aust1307,1.093587694308474,0.2774204338441985
rere1240,aust1307,0.4665105382031242,0.1693803819388026
resi1247,araw1281,-0.6774563428022031,0.3580704788368933
reye1240,pano1259,-1.5981010934326372,0.557975017560135
rian1263,kolo1268,-1.811765811288552,0.7575009497987779
rikb1245,nucl1710,-0.9389514994877266,0.5455800744745902
rita1239,pama1250,-1.9349730668279408,0.4085786453982023
beka1241,aust1307,-0.8292320215707338,0.3421272621204925
roma1326,indo1319,1.344996286682792,0.4634767769688799
romb1245,aust1307,-0.0156372720763853,0.2367535476863413
ronn1241,afro1255,0.997833691714786,0.2427998541722527
rong1266,sino1245,-0.7134880433319448,0.1896065891688434
rong1264,sino1245,-1.3524816882079145,0.3690545949429502
roto1249,nort2933,0.4054085996921091,0.7053330839128207
rotu1241,aust1307,0.7889613732940215,0.4973118494983684
rovi1238,aust1307,0.8220701376245314,0.2272553929022591
ruch1235,aust1305,-1.9262242170727049,0.3527351080154512
ruka1240,aust1307,-0.1513784506403492,0.2548068241756036
ruma1248,aust1305,-1.7403662916113571,0.3629491852027895
rumu1243,tura1263,-1.6058014891447498,0.8372923190972912
rung1258,maba1274,0.1367339277928423,0.7266704838042184
rung1259,aust1307,0.0472303707877779,0.2258487494510528
russ1264,mong1349,-2.514808797009344,1.162732485626132
russ1263,indo1319,-0.8714471057323646,0.7148664725837572
rutu1240,nakh1245,-2.2739372792196155,0.5140207914913906
saaa1241,aust1307,0.750172043264316,0.1791524754421476
saaa1240,aust1307,0.9389438833007756,0.2465057944944564
saam1283,atla1278,-1.731380534742248,0.2747433660509832
saar1237,aust1307,-0.3234352391017068,0.2579648100690441
saba1267,aust1307,-0.2570486025283223,0.2294653756689988
saba1268,namb1299,-1.0084525150104278,0.7929767371723344
safw1238,atla1278,-2.125910469329726,0.3112695474007227
saga1262,atla1278,-1.5050589456294217,0.2948539826879024
sais1237,aust1307,-0.2796998247963695,0.2889541643155686
yaku1245,turk1311,-2.87458895398509,1.3070099656467773
saki1247,aust1307,-0.367094559646183,0.2740667221571273
tsis1238,atla1278,0.5655487247250857,0.2597967740608879
salt1242,nucl1709,-1.193782751566895,0.2059019992828923
samb1311,atla1278,-0.1857876022796867,0.1938505380742077
samb1305,atla1278,-0.1695672766114468,0.1922297513561832
samo1303,east2433,-0.9756168792396336,0.7195094376311038
samo1305,aust1307,2.242237543376966,0.8367348805647479
wara1292,atla1278,1.221193820934779,0.2716764330193237
sana1295,afro1255,0.7849969348894328,0.5824817453974092
sanb1241,otom1299,-0.3039721125295289,0.2424435081069913
sanb1242,chib1249,-0.2323334145845557,0.4616615812941091
sand1273,sand1273,-0.8178743255221137,0.8725330372975852
sand1278,huav1256,0.2191873303335998,0.8493037154703011
sang1331,atla1278,-2.1393536430478584,0.3838447898045913
sang1321,sino1245,-0.7693651972083113,0.1914774344734953
sang1330,atla1278,-1.749634268506682,0.3042068546447831
sani1269,sino1245,-1.6776179345681534,0.2925886013385952
sanm1301,otom1299,-0.1034502544949131,0.2678739557765865
sanm1289,quec1387,-1.9743111902391337,0.69428018425326
sanm1295,otom1299,0.2117430508471358,0.2324272775457667
sant1410,aust1305,-1.2275811710170617,0.3641693125104086
sant1451,otom1299,-0.3443128221501188,0.2657288802464577
sant1436,otom1299,0.0006380110023047,0.2435034923320893
sanu1240,yano1268,-0.5863772041067357,0.6595727271179559
sapo1253,aust1307,0.4083959475196552,0.2141177187976333
sapu1248,aust1305,-2.323263040700768,0.3626654290247644
sara1321,cent2225,0.0011400328833672,0.3649521196623233
sara1327,aust1307,-0.1589244880295128,0.2497962056475309
sars1236,atha1245,-1.5070607670275629,0.7272587038981819
sasa1249,aust1307,-0.1336538746250279,0.3320373440118693
sata1237,aust1307,-0.3425936385998909,0.4007002380819937
saur1249,drav1251,-2.221655155795516,0.6384243860433272
savo1255,savo1255,0.6679656549353739,0.8327140816016949
saya1246,afro1255,0.5927962998847267,0.2251257841961527
seda1262,aust1305,-2.332309277498722,0.376356880266258
taro1264,aust1307,-0.2038268053493956,0.268015550347584
seim1238,aust1307,-0.8413715870931704,0.2685957933251162
seke1241,aust1307,0.8625865274565194,0.1782274052695798
sekp1241,atla1278,1.0065817337762708,0.2507717053444285
sela1259,aust1307,0.1769100439313902,0.2980001130936136
sela1260,aust1307,0.2479635681129124,0.2497612000465126
sele1249,atla1278,1.016416079923199,0.2503645873632862
sele1250,nucl1709,-1.1722820568042565,0.2344497572782775
selk1253,ural1272,-2.180155604209266,0.970377895712898
sema1266,aust1305,-2.489946570731263,0.4679902465572128
sema1265,aust1305,-2.5240868952904507,0.4787004429786452
seme1247,aust1305,-2.535642865567299,0.4974629539914978
sene1264,iroq1247,-0.5347610295217715,0.6165001157948808
seng1281,aust1307,-0.4438579908317195,0.1950402052607991
nucl1632,sent1261,-1.7279932888917813,0.8684096811122466
sout1528,indo1319,0.6227593749721698,0.4349045597900272
seri1257,seri1257,0.6309120296743578,0.966130340131388
seve1240,algi1248,-1.8434206305623853,0.8406503885020504
sgaw1245,sino1245,-1.4393158567254816,0.348589268744699
shab1252,shab1252,-0.1754315546374998,0.8018754052757096
sham1280,atla1278,-1.5638008201356222,0.2869118187652302
shan1283,pano1259,-2.0571059041041595,0.5103253999798865
shaw1249,algi1248,-0.9955592981022384,0.7342694889758066
shee1238,hmon1336,-2.25662810289641,0.770655481455744
shek1245,dizo1235,-0.3978857135538984,0.6958413132588528
sher1257,sino1245,-0.6486751061234202,0.2010284907864412
biao1253,taik1256,-1.5050425695684873,0.5713715112855176
shil1265,nilo1247,-1.1318332697584692,0.511438866515955
ship1254,pano1259,-2.0100170752979736,0.5356383131919582
shix1238,sino1245,-0.9321961189976998,0.2505877188341929
shol1240,drav1251,-2.8315961210049547,0.6159758014342647
shon1251,atla1278,-2.005401171893494,0.4170734805874634
shor1247,turk1311,-2.978778419097944,1.1517567313120538
shos1248,utoa1244,-0.4447714403226266,0.447960728451453
shua1257,jiva1245,-1.2212819209763428,0.6901852245814784
shwe1236,aust1305,-1.5386204576662466,0.3592547735307021
siam1242,siam1242,1.4039625419345056,0.9230899526995752
siar1238,aust1307,0.3283445295695257,0.2051920668573679
siaw1243,amto1249,-1.339746780663066,0.8214854851691005
sich1238,sino1245,-1.32503421709019,0.2718343730994554
sici1248,indo1319,1.326322071039449,0.5068615309989344
sici1249,atla1278,1.286387637147566,0.277522872605215
sida1246,afro1255,0.2753429880795091,0.2785334508298427
siee1239,aust1307,0.7129579945564484,0.2281123787163581
sier1250,otom1299,0.0323672894885405,0.2396484975968031
sier1248,utoa1244,0.1579218456434992,0.3156556433657127
sika1261,aust1307,1.0325725740017873,0.280302829509699
siks1238,algi1248,-1.5532619012996134,0.6946474469212434
siku1242,aust1307,-0.3749346831507363,0.440410565331331
simb1256,aust1307,0.7421547592299911,0.224809401900726
sina1266,aust1307,-0.039889664060368,0.2194592662796188
sini1242,mand1469,1.997451880106008,0.6280205458318742
sioo1240,aust1307,-0.8123278787603725,0.1904527600594017
sion1247,tuca1253,-0.7582710290254993,0.5141515777980601
siri1274,tuca1253,-0.4005547150208544,0.4114772121953631
siri1273,tupi1275,-1.3866204196748224,0.4863486312957978
siro1249,nucl1709,-1.283216331538269,0.2126750329249036
sile1255,nucl1709,-1.0756806871147249,0.2093964300836033
sisi1250,aust1307,0.6123040662992669,0.2234570902421766
situ1238,sino1245,-0.7983113198228118,0.2894070541200082
siwa1245,sout2948,-0.0242432513662884,0.5610921921183225
siwi1239,afro1255,0.3359357363204507,0.5207574249308764
siwu1238,atla1278,0.8994014310235225,0.2538394363180032
siyi1240,sino1245,-0.9288810963794406,0.2049239462049481
skol1241,ural1272,-2.0533190466267057,0.7399198976810624
slov1268,indo1319,0.6796048445162566,0.4436596404897823
sooo1254,aust1305,-2.418343176913651,0.3650579732059578
sobe1238,aust1307,-0.2366701969201052,0.2658580412654561
soch1239,otom1299,-0.2167901270097403,0.2481156267943824
soga1242,atla1278,-1.4052840808187106,0.2753957969244318
soli1239,atla1278,-1.9939994737734157,0.4020496456225788
soma1255,afro1255,0.344221156764674,0.4598629488671029
soni1259,mand1469,2.168559889898741,0.6240151974745358
sons1242,aust1307,-0.4266421230874953,0.3555110493499578
sooo1256,kuli1252,-1.2456113734948893,0.7728305678219554
sora1254,aust1305,-1.587112867766576,0.4142663710465415
mani1235,east1459,-1.7530975643400692,0.8247827600394773
koon1244,atla1278,-1.2360721865367796,0.3683487463337265
sout2859,aust1307,0.7290447452059372,0.1785010182891873
juho1239,kxaa1236,-1.7192130151284415,0.9954229505989528
sout1549,drav1251,-2.961865759959183,0.6132041676165474
sout2976,utoa1244,0.3894722691509602,0.3665331723376068
sout2856,aust1307,0.8021368147717627,0.2050142229338671
sout2954,japo1237,-2.60834246502404,1.001060943247284
sout2996,ayma1253,-0.0791364295879202,0.7367310601602857
sout2730,sino1245,-1.7600648490967443,0.2480544956098977
raro1241,aust1307,2.1687076784889543,0.932594451965398
sout2741,taik1256,-1.485376198799075,0.5073323738227429
sout2715,sino1245,-1.493974425640023,0.2496055719721011
sout2826,krua1234,0.5592662868409899,0.9626584779466016
sout3236,gumu1250,-0.9781264809921294,0.7384661480145249
sout2956,haid1248,0.0052036417038974,0.8781346845619256
kach1280,sino1245,-1.115594582807333,0.229815063024946
sout2949,kiwa1251,-1.0550321763494497,0.7377036529068686
sout2994,namb1299,-0.5965897223123136,0.7964873419805496
sout2649,indo1319,0.3017588223565732,0.5576570219403383
sout2729,sino1245,-1.391969458815578,0.2526297211666746
sout2728,sino1245,-0.8106258001950721,0.311671177082129
sout2918,aust1307,-0.3625066025016235,0.2477876818213875
sout2985,miwo1274,-0.9042719713569058,0.8174419605818113
sout2807,atla1278,-1.6863620951201423,0.5936313923900216
khan1277,sino1245,-0.6055653286114284,0.1823252203920597
sout2797,atla1278,0.9904290373834044,0.2643173391120328
sout2679,ural1272,-1.9266974552878784,0.5811862043417149
sout2782,atla1278,-0.3288949965971695,0.2200800936862177
sout2895,aust1307,-0.3305934874963707,0.2449073551094351
sout2674,ural1272,-0.8678812466807331,0.6748025873471899
sout2959,atha1245,-2.05378633307664,0.8960647769629357
para1301,aust1305,-1.9934181934144264,0.352518192488108
sout3261,nakh1245,-2.330747647390421,0.5134554930504809
sout2869,aust1307,0.4562598177271182,0.2405247096454421
stan1318,afro1255,1.1700129765507563,0.5050996635036391
indo1316,aust1307,-0.3835561840719825,0.3994939520134712
stan1306,aust1307,-1.904922082369619,0.4398942763938276
horp1239,sino1245,-0.950468280218505,0.2765451839283526
suab1238,sout3418,-1.3081626461413154,0.8774613730180736
suba1238,atla1278,-1.5267063179736895,0.2721940884913927
sude1239,aust1307,0.1259685680313671,0.289118373081731
suen1241,nucl1709,-1.3468652880335068,0.2533535685252319
suku1259,atla1278,-1.9570225772995031,0.3689390579428262
suku1261,atla1278,-1.5253361033052883,0.2933133118879842
suku1272,afro1255,0.69773947588241,0.2014850553691527
sulk1246,sulk1246,-0.4254056676566966,0.7916986197880302
sumi1235,sino1245,-0.8988099690388986,0.1900804719880411
sund1252,aust1307,-0.6827918673092979,0.4412241138589095
mari1426,aust1307,0.6759975388580264,0.1933318259917782
sunw1242,sino1245,-1.3865284904717483,0.225643908297747
supy1237,atla1278,1.3079047318712924,0.2970451296748941
surg1248,ural1272,-2.128793743909226,0.9275424642544404
surs1246,aust1307,0.0944974132715477,0.2095642846043066
suru1262,tupi1275,-1.6277742941386033,0.5026127069497535
suru1261,tupi1275,-1.6650074727091404,0.6840844911974846
susu1250,mand1469,2.057598141618396,0.6006664002907716
swah1253,atla1278,-1.6512953956099463,0.3149947656683318
swed1254,indo1319,0.1272077727339096,0.5542009940636672
taba1263,nort2923,-0.0745766511437382,0.4609148577487314
tabo1241,tabo1241,-1.3722641990831668,0.8351716794959898
tafi1243,atla1278,0.9663976766786246,0.2540728393480767
taga1272,aust1307,0.0895082810961254,0.2264849698303992
taga1273,aust1307,-0.4105398467975527,0.2323023183879344
taga1270,aust1307,0.1297762302597744,0.2287558910318785
tagb1258,aust1307,0.3190557349536596,0.262037173986072
tagi1241,sino1245,-0.8553075698790373,0.2172624459896002
tago1246,rash1249,-1.3327092526627975,0.7888532669674291
tagw1240,atla1278,0.9996844538637968,0.2946739253378805
taha1241,afro1255,0.7548204632063793,0.4988971765639109
tahi1242,aust1307,2.164440221687212,0.9668777394935022
taia1239,taia1239,-1.392462241145742,0.8267557960861247
tain1253,anga1289,-1.0620079140752146,0.6641334736300586
taji1246,aust1307,-0.8002103855583451,0.2617075595082485
taki1248,aust1307,-0.6594962876119628,0.2030810987354603
taku1257,aust1307,0.8154341248915931,0.2685931445924336
binu1244,aust1307,0.4933691432885976,0.227905697710014
tali1259,aust1307,0.9550816993030776,0.2390839236028972
tama1331,tama1329,-0.3465288770602279,0.7386093833616929
malo1243,aust1307,0.5661994190599979,0.1801614517026868
tama1365,afro1255,1.9134781393623612,0.3797485669530349
tamb1254,aust1307,-0.2020959785564013,0.2187389457925146
tami1290,aust1307,-0.5548863687909091,0.1911462646302397
tami1289,drav1251,-2.815213031970436,0.6592112548813645
tane1237,aust1307,0.3579388300226904,0.2472941803673336
tang1377,sino1245,-0.7412990682496727,0.2421894628135938
tang1348,aust1307,-0.0294159352891603,0.2237471530437744
tang1373,sino1245,-1.163176579818162,0.4244310369016841
tani1257,tuca1253,-0.7480906748553442,0.4347736631595573
lowe1412,aust1307,0.1928765000001537,0.1988744633102839
tara1313,sino1245,-0.9319656162876746,0.1978330942247836
tari1256,araw1281,-0.7070467430109336,0.3472305941747264
tari1263,afro1255,1.633418357758724,0.6835900733408506
tata1258,otom1299,-0.2103571999681011,0.2367881781791103
tata1257,aust1307,0.0246415600289657,0.2183883380652087
tata1255,turk1311,-2.7242863549104586,0.9204560980711024
taul1251,taul1250,-1.3216825451918326,0.8368727787724883
taus1253,taus1253,-1.3793419659515729,0.9068430161721556
taus1251,aust1307,0.1021009026266286,0.2407394998696364
tauy1241,nucl1709,-1.224477726470241,0.2044031284853593
tawa1275,aust1307,0.095348256269601,0.2196442384368357
tawa1286,afro1255,1.1922687425512748,0.373577322571446
diga1241,sino1245,-0.83897812646837,0.2352391355647096
taya1257,afro1255,1.1184851788208812,0.4110951361772734
tbol1240,aust1307,0.3350805180488174,0.2309093877927961
tean1237,aust1307,0.4097944766950787,0.2552638027050462
teda1241,saha1256,-0.0351985920238033,0.6792399955076136
tedi1235,sino1245,-0.8910944068860597,0.2115968183630481
tega1236,rash1249,-1.3233489965339906,0.7875392492293671
tehu1242,chon1288,-1.3449194529746709,1.3462466461097242
teiw1235,timo1261,-0.2815774163515365,0.5023729296394928
tekt1235,maya1287,0.7024227191815653,0.3675260139221481
tele1256,nucl1709,-0.7610585693590375,0.2372459685377146
telu1262,drav1251,-2.8586166529740087,0.5999590070881728
tema1239,utoa1244,0.4309785628127496,0.3189139504734237
temi1246,aust1305,-2.192011538961541,0.4566833778897918
temo1245,otom1299,0.4074448414466121,0.3152687540576631
temp1235,aust1307,0.0603914762256696,0.2200292666154277
teng1272,aust1307,0.0764624263249318,0.3676223471352449
tene1248,dogo1299,1.980660374703567,0.7794812416985224
tenn1246,surm1244,-1.7657201906997415,0.6757896498267244
teop1238,aust1307,0.71118738751259,0.2146396409346587
tera1251,afro1255,0.8518560916357238,0.2199419587111428
tere1278,sout2948,-0.1242916653057932,0.5637101868568344
tere1279,araw1281,-0.7806624698885992,0.5032935786358133
teri1250,chib1249,0.0331109319333633,0.431959400081336
term1237,aust1307,0.4523941967239067,0.2796635644183163
tern1247,nort2923,-0.2012568290382752,0.4612276048664521
tete1251,utoa1244,0.2057360327711741,0.3095762629203897
tetu1245,aust1307,0.3746152368171187,0.2448851715827249
teun1241,aust1307,0.0588063493786756,0.2652899077340667
tezo1238,otom1299,0.2848447256045736,0.2434109582568644
thad1238,sino1245,-0.8159447539951262,0.1990735827483543
thai1261,taik1256,-1.5684505307916694,0.6179440880965963
thak1245,sino1245,-1.4864354714641472,0.2828257037920818
than1259,sino1245,-1.393999075365333,0.2505607908717775
thao1240,aust1307,-0.4684310511907468,0.2657426573076566
thar1283,atla1278,-1.2725253261103244,0.2939802977019701
aheu1239,aust1305,-2.325647704818726,0.358834535015867
thay1249,pama1250,-2.168399108157608,0.4219565621407981
thul1246,sino1245,-1.2220311957625276,0.225518376039965
tibe1274,atla1278,-0.4887899619157867,0.185028802019477
tibe1272,sino1245,-1.12253422488332,0.2502952787589776
ticu1245,ticu1244,-0.4135088911481055,0.8605471891628234
tido1248,nort2923,-0.2503461047383175,0.4747995433015659
tief1242,atla1278,1.2911735491758087,0.2648591547254169
tief1244,atla1278,1.2972225954584715,0.2654531000625533
tien1242,atla1278,-1.4000545311683883,0.3163483652049783
tiga1245,aust1307,-0.012407868761904,0.2189106865698518
tigo1236,atla1278,-0.0144332518488288,0.1817884885961751
tika1246,atla1278,-0.2605503980716532,0.1935293626649099
tiko1237,aust1307,0.930068160397688,0.2750870767017472
tilu1238,sino1245,-1.4010046033502543,0.2202819341004915
tima1241,katl1246,-1.3133270204991652,0.9060260619925582
timn1235,atla1278,0.9229730979714804,0.3373571663835371
timu1262,aust1307,-0.1286529699415337,0.2244771432531447
tina1248,aust1307,0.3163711869321211,0.216707269453046
tira1254,heib1242,-1.511835888529922,0.7424150134711298
maee1241,aust1307,0.5370859559290695,0.1749268060805393
tiri1258,aust1307,0.7837835937376569,0.2794217649133292
tiru1241,aust1307,0.4581679600952772,0.2243010641485443
tita1241,aust1307,-0.6019396709789648,0.2381422399869524
tivv1240,atla1278,-0.1777929471682564,0.1821099793761136
tiwi1244,tiwi1244,-1.9284349479940728,0.9938455848334596
toab1237,aust1307,1.0949015915315707,0.2337293208894424
toar1246,nucl1580,-1.868868717885794,0.7956758589219768
toba1268,leng1261,-1.113284352882601,0.9722549507329652
tobe1252,nort2923,-0.1157505890457188,0.4619580318769039
toda1252,drav1251,-2.856503171938308,0.6222337434053637
toho1245,utoa1244,0.2473466508817323,0.3930929405344217
tojo1241,maya1287,1.026236282332227,0.3845696478812028
toke1240,aust1307,2.1172055087393886,0.8829700800180178
toll1241,jica1245,-0.1194717942334351,0.8866958413581001
tolo1255,aust1307,0.8798521791699951,0.1920493155624516
toma1245,mand1469,2.0824922152972007,0.5625840064029954
tomb1244,aust1307,-0.0431201329484585,0.2253672168460401
tomm1242,dogo1299,1.907708238033612,0.7977630710130525
tond1249,song1307,1.9499073557962996,0.7592009390531655
tong1325,aust1307,2.0538446055480417,0.9103235144371472
tong1318,atla1278,-2.0375323673267163,0.4020779494221242
toor1238,atla1278,-1.652753748284047,0.2784483355395757
tora1259,aust1307,0.5793638223051933,0.2154923182015231
tote1238,atla1278,-1.9228554147444232,0.3997000280432372
toto1302,sino1245,-1.0408632251264542,0.2300416587358378
touo1238,touo1238,0.4133723959739257,0.8184438714958924
trin1274,araw1281,-0.49905381595911,0.3767802010901464
trio1238,cari1283,-1.6859420585664255,0.665367303977134
trum1247,trum1247,-1.4603398730471568,0.9923396622965256
colo1256,barb1265,-1.4567210047738506,0.7594498410559027
tsam1247,afro1255,-0.0408172281188132,0.2631709938006197
tsat1238,aust1307,-1.4245465186747943,0.4256301163068965
dido1241,nakh1245,-2.312705425293374,0.4966935519349569
tsha1245,sino1245,-0.7493054461744656,0.2183027505283439
tsix1234,khoe1240,-0.6670953930770877,0.7591614572302348
tsog1243,atla1278,-0.6031175760364456,0.3240935048323177
tson1249,atla1278,-2.0606195842771937,0.5119755743048082
tsou1248,aust1307,-0.3209299955705225,0.2562563520725831
tswa1255,atla1278,-1.7778753442298816,0.5079452498979129
tswa1253,atla1278,-1.8564963105038044,0.4874883726685874
tuba1278,utoa1244,-0.362007446395671,0.4016193909852323
tuca1252,tuca1253,-0.8355830811898528,0.4199091613969909
tuge1241,nilo1247,-0.9647720544587036,0.4491744177751022
tugu1245,aust1307,0.3503132833761186,0.242397158742917
tuka1248,aust1307,-0.2183865039036248,0.2525820788693274
tuki1240,atla1278,-0.6819036824866127,0.2027205081780914
tula1252,atla1278,-0.2216659760067194,0.2081162316169451
tulu1258,drav1251,-2.8004339264105225,0.6428762030030217
tuml1238,aust1307,-0.4053034493006011,0.2232100457646089
tumu1242,atla1278,1.327383665817803,0.2646470142081156
nene1249,ural1272,-2.144259157352645,0.9572369216397312
tune1261,atla1278,-0.6175234760922752,0.1881198932635226
tung1290,aust1307,-0.1084179627844073,0.2279618589601981
tunn1238,afro1255,0.0754479438121986,0.407780401957408
turk1308,nilo1247,-0.7986329541506043,0.4633573957096497
turk1303,turk1311,-1.1343403727002863,0.7585572849833444
nucl1301,turk1311,-1.3938910376514988,0.7790720589310669
turk1304,turk1311,-1.7413109033570575,0.8757877888364498
tusc1257,iroq1247,-0.152012002735995,0.6284006707596037
tutu1241,aust1307,0.6073677862906943,0.1756211544143555
tuva1244,aust1307,0.7163456250813005,0.5928598957744886
tuvi1240,turk1311,-3.0115315138686887,1.1597036939012784
tuwa1243,aust1307,0.3290318887424353,0.196118452848609
tuwu1238,atla1278,1.0452625036472905,0.2561958655593819
uuuu1243,aust1305,-2.117521610774639,0.347960330473759
ubir1237,aust1307,-0.2816741689177282,0.2096503880949987
udii1243,nakh1245,-2.187462388118933,0.5254298369955732
udih1248,tung1282,-1.614376720724787,0.8314107587909607
uduk1239,koma1264,-1.0714742941799749,0.770328896839827
ughe1237,aust1307,0.7188804303088778,0.2294303101709385
ugon1239,sino1245,-1.959339403448897,0.4241269254020858
ukaa1243,atla1278,0.2779687861371094,0.2215145346303009
ukra1253,indo1319,-0.4778208507394743,0.5295343013797342
ulch1241,tung1282,-1.7046455466926944,0.8425057847034181
ulit1238,aust1307,-0.4631419182408864,0.4239925042058909
ulwa1239,misu1242,0.8949984796330555,0.745762642999781
yaul1241,kera1258,-1.3933530486622527,0.7449343368048613
umaa1242,aust1307,-0.6506686103701267,0.2619333598060978
uman1240,daga1274,-1.3530722935370083,0.7429952252031322
umbu1257,atla1278,-1.6960165370538391,0.505526508063431
umbu1258,nucl1709,-0.8607262393897035,0.2138782265641885
umes1235,ural1272,-1.2999794935806948,0.6126787869058192
unaa1239,nucl1709,-0.9092954934156954,0.2487107043765464
unea1237,aust1307,-0.5157441561691676,0.196796835117647
unua1237,aust1307,0.6747497032370242,0.1722241740066969
uppe1427,aust1307,-0.3196224556394622,0.2223264558044406
uppe1275,toto1251,0.0943847749065085,0.5297661761645212
urak1238,aust1307,-1.435983859245138,0.4346572026845763
urar1246,urar1246,-1.1558080091835845,0.8962425110464296
urav1235,aust1307,0.7217888772577503,0.2251043015167133
urim1252,nucl1708,-1.1645219623762084,0.4802537725808613
urip1239,aust1307,0.7623460905051986,0.1723108086700269
urni1239,giim1238,-2.3344671757966085,1.014036980063613
usan1239,nucl1709,-1.1735173793107516,0.2100039916139482
utes1238,utoa1244,-0.0593992786528505,0.4641090461026449
kagf1238,atla1278,0.3661353155337876,0.2894701576733505
pile1238,aust1307,0.7779394969758451,0.2739113462280893
veps1250,ural1272,-2.042325623095252,0.6452632073987146
vera1241,aust1307,0.8946505457829759,0.2179323905105286
viem1243,atla1278,1.0959549593185127,0.2701349660470025
viet1252,aust1305,-2.068644616090854,0.3818072456955232
voti1245,ural1272,-2.032268203984302,0.5748597200662633
vunj1238,atla1278,-1.6000228911966576,0.2788626231989495
vure1239,aust1307,0.8353832195940634,0.2108397819358742
vwan1235,atla1278,-1.742114772797598,0.3070616247526705
wadj1254,wadj1254,-2.122525616863551,1.000263475059335
waga1260,pama1250,-1.6024235689388442,0.4006105660810184
wage1238,wage1238,-2.120141642515065,0.99768935000698
waig1244,aust1307,-0.4404379361917552,0.2728956013323285
waim1251,aust1307,-0.4586238282481407,0.2094009842379867
waim1252,aust1307,0.5838785652815253,0.2475059657773193
waim1253,cari1283,-2.1030330421653485,0.6464000293541996
waiw1244,cari1283,-2.0278359992136896,0.6288014899461967
waja1259,atla1278,-0.2349296255634891,0.2095793513699524
waja1257,pama1250,-1.8717017154359956,0.6270223892851965
waka1274,pama1250,-0.8784981187927794,0.485082746798434
wala1266,aust1307,1.210775701242721,0.2301890865516149
walm1241,pama1250,-1.8524303779356857,0.4373069819123381
wamb1258,mirn1241,-1.7994986520994596,0.8151690887586911
wamb1259,nucl1709,-1.0335481570197005,0.243732660360143
wamb1257,sino1245,-1.2630270267228243,0.2228077678919344
wann1242,mand1469,2.11172530008132,0.5400506506482965
wand1278,afro1255,0.6076506588358306,0.2017812260388627
wand1267,aust1307,-0.081226622915477,0.2542808808202847
wanm1242,pama1250,-1.6602121819937752,0.4726047125182253
saka1289,aust1307,0.5389557030964944,0.1914606694847838
waor1240,waor1240,-1.0875780515585445,0.888347878312131
wapi1253,araw1281,-1.0207631277443765,0.4788045963871985
wara1303,wara1303,-1.0666260461750183,1.028418604786118
wara1300,aust1307,0.4790441766686688,0.2586083999270627
ward1246,yang1287,-1.8731467219818485,0.9859107361916636
ware1255,araw1281,-0.9673258410286352,0.3638964136616143
ware1253,aust1307,-0.3682147616614046,0.2621638102382611
wari1268,chap1271,-1.1358982351044018,0.9094369642840678
warj1242,aust1305,-0.7509817935217814,0.3484855745123045
warl1255,pama1250,-1.9619655455166185,0.4053758983762421
warl1254,pama1250,-1.6176207041185602,0.410549240057064
warl1256,pama1250,-1.5397624597153707,0.4209112571528788
waro1242,aust1307,-0.3976028553082931,0.257354173181878
warr1255,pama1250,-1.9480090365286935,0.4539143837383408
waru1265,pama1250,-2.004162364251594,0.4065351889824518
wash1253,wash1253,-0.6957093805961629,0.9131733212358806
wask1241,nucl1709,-1.243319265743746,0.228349804293916
waur1244,araw1281,-1.2059886162522315,0.467086901322447
wawa1246,atla1278,-0.1889979712952987,0.1908901952100588
waya1269,cari1283,-1.8408664515856128,0.6975958827207038
wayu1241,sino1245,-1.660550450918323,0.2277726767418437
wayu1243,araw1281,-0.4850410881144964,0.4921123195440882
weda1241,aust1307,0.0403371693450731,0.2105433448291949
wels1247,indo1319,1.9864271238959823,0.6473515676504074
nort2864,aust1307,-0.3066160561604834,0.2551581893926333
weri1253,kuni1270,-1.730863027362576,0.6760330118242639
west2564,aust1307,-0.5846434376389145,0.2461456618090682
west2560,aust1307,-0.0853694295436382,0.2254905868143528
west2548,aust1307,-0.1403693191369222,0.2632773746516124
west2615,atha1245,-0.8416445819278691,0.647189050780649
west2441,pama1250,-1.393601858269385,0.4218865230936295
west2397,aust1305,-2.4245420964498035,0.3653501532787659
west2555,aust1307,0.4340801683034565,0.2197729925087248
west2618,eski1264,-1.7507479720092864,1.285172083457084
west2650,aust1307,-1.8238813055942256,0.4245164836433641
west2594,nucl1709,-1.1896429612891324,0.2897019036836106
west2778,utoa1244,0.6275241591946992,0.3754972255286453
west2369,indo1319,0.9153414976888136,0.5507938614103709
west2519,aust1307,0.9347609044043388,0.5035346091361714
west2354,indo1319,1.454038356110092,0.5452123728120548
west2644,otom1299,-0.1978208586884262,0.2423633525866728
west2624,utoa1244,0.2916197691766171,0.3315495351770425
west2466,atla1278,1.3662367517211595,0.2695222736849323
west2632,kere1287,-0.4130345897191203,0.921964403486847
west2396,aust1305,-1.9752281530050848,0.3490864650071947
west2418,sino1245,-1.5176498362201132,0.28183237962878
west2392,ural1272,-1.7782423598270585,0.6359171396806427
west2763,afro1255,1.0206804757313088,0.4565588191541776
west2386,indo1319,-0.7873152602104003,0.4393222825202927
west2557,aust1307,0.3492724840704497,0.2385475619555856
west2415,sino1245,-1.4764153652669714,0.2455373441884423
sanj1284,otom1299,-0.0233542017978167,0.2292314834483857
west2430,hmon1336,-2.1844077316192405,0.7691174008819872
west2599,nucl1709,-0.94544087244303,0.2185760097647406
west2600,nort2923,-0.181270110238221,0.4637104744585532
saka1291,aust1307,0.3697239176158604,0.5616909069284814
west2538,aust1307,-0.0075773188925722,0.2891951376901787
west2516,aust1307,1.005230567290001,0.2536153564453536
whit1269,aust1307,0.3605441126344573,0.2390804642516846
wikm1247,pama1250,-1.9958608800609012,0.4353878779279605
wira1262,pama1250,-1.2313512002855125,0.5458651017428755
wiru1244,wiru1244,-1.1944613180025183,0.8038212490989498
babi1235,atha1245,-1.4432436595421485,0.7508102592265611
woii1237,aust1307,-0.4595069110202499,0.2556444705186389
wola1253,afro1255,0.3985452319315692,0.2888192513641163
wola1242,gong1255,0.6554895866218435,0.3455466155656128
wole1240,aust1307,-0.3073546263016189,0.4109128927907566
woli1241,aust1307,-0.12985016777596,0.2486645493567016
nucl1347,atla1278,1.011959425037851,0.4063816466792098
wood1236,algi1248,-1.9741845990450733,0.8675546941734251
wotu1240,aust1307,-0.6201606631650582,0.2579103882102078
woun1238,choc1280,-0.1364433516057637,0.6107257682126741
wuch1236,sino1245,-1.8563787368648488,0.5757674800337633
wudi1238,sino1245,-1.8557655848073595,0.2779091375137907
wuna1249,worr1236,-2.0511759563419614,0.9293622354655524
wusa1235,sino1245,-1.8119848387921584,0.2761792184355749
wutu1241,sino1245,-1.0604092052912184,0.3943166054696738
wuvu1239,aust1307,-0.6889350398608851,0.2604737585353112
xamt1239,afro1255,0.3134393849117471,0.3326684685899126
xara1244,aust1307,0.7833504153015491,0.2749258411573585
xava1240,nucl1710,-1.0917621840720335,0.5346662232635067
xhos1239,atla1278,-1.487732012507352,0.6439249299733367
xish1235,sino1245,-1.85340104371851,0.2591096859621196
xokl1240,nucl1710,-0.5435075489674652,0.679227323883248
yaak1241,afro1255,-0.2487924617102621,0.2932670209770189
yabe1254,aust1307,-0.5540778494319163,0.191616223044174
yaey1239,japo1237,-2.6116717673152663,0.8767690887102035
yaga1260,nucl1709,-1.0463923674246318,0.2058461665401183
yagu1244,peba1241,-1.3415582234214327,0.9023063134332736
yaka1272,atla1278,-0.7728640492774743,0.2440082181747227
yaka1277,aust1307,0.3339327159159035,0.2468199398676684
yaka1269,atla1278,-1.6206178433115364,0.3716727197687346
yakk1236,sino1245,-1.4198751466175072,0.2233347071714755
yako1252,atla1278,-0.9541833346396502,0.2550268965606257
yala1266,aust1307,-0.3781032810510869,0.2530088798206842
yale1246,yale1246,-1.4158186223246143,0.821629257638518
yama1264,yama1264,-1.574513191847892,1.4773737213694818
yami1254,aust1307,-0.0437357976235324,0.2564006453663112
yami1256,pano1259,-1.9961913656295889,0.5103862729424842
yamp1242,sino1245,-1.3036679949170449,0.2247585997710168
yand1253,pama1250,-1.5941853357619928,0.4578844680608327
yane1238,araw1281,-1.0433525703531588,0.3870578650133742
yank1247,pama1250,-1.352370440286419,0.4561237259090753
yano1262,yano1268,-0.8738303423513023,0.6663623090762967
yano1261,yano1268,-0.3510353104203116,0.6489762597948321
yany1243,pama1250,-1.8880094516057329,0.4091026781166698
yaoo1241,atla1278,-1.7865133232838275,0.3858748291615188
yaou1238,mand1469,1.6583332601080645,0.5528857375783331
yape1248,aust1307,-0.1253796768575621,0.3981535882504663
yaqu1251,utoa1244,0.2996761470075151,0.3761428848041031
yare1248,yare1250,-0.633902609131624,0.7964891330690422
yasa1242,atla1278,-0.8304601750925151,0.2505483863727753
yatz1235,otom1299,-0.1718619842044164,0.2439245399827103
yaum1237,nucl1709,-1.41160115143834,0.2253705472185818
nucl1454,yawa1259,-1.2027730049350351,0.8600701458246045
yawa1261,araw1281,-1.4794926041841348,0.4685516230497604
yawa1260,pano1259,-2.0328366909297206,0.5076458064774272
yawu1244,nyul1248,-2.259016985180312,0.9656341560016084
yecu1235,toto1251,-0.061055718133409,0.5396121976671817
maqu1238,cari1283,-1.9368290816990568,0.6122884469198338
yele1255,yele1255,-0.6202742807217274,0.8660551112478789
yems1235,gong1255,0.7643772686909232,0.3631903585898381
yapu1240,nucl1708,-1.061988883723998,0.495742014607138
yess1239,sepi1257,-0.7421684589777107,0.409809570288151
yeyi1239,atla1278,-1.845243145278651,0.4072818537035272
yidi1250,pama1250,-1.88819673039886,0.4386156397867724
yima1243,lowe1423,-1.1822883027963091,0.8068281155412782
yinc1238,aust1305,-1.9257723342531925,0.3560790965214799
yind1247,pama1250,-1.4879705480601766,0.5047076001484112
yine1238,araw1281,-1.0113356593715337,0.3654339901012022
yoga1237,aust1307,0.5570455599921786,0.203332351314093
yona1241,japo1237,-2.368497672877807,0.8602127778921622
yong1276,taik1256,-1.7621641164182975,0.512948884607805
yong1280,nucl1709,-1.0530595058231476,0.260382405779616
yora1241,pano1259,-1.9343420942406544,0.5226386457025904
youl1235,sino1245,-2.0028439690637496,0.2823653444398752
youn1235,hmon1336,-2.2832114175894995,0.733435389457499
yuca1254,maya1287,1.1253890575599617,0.4986370973189147
yuch1247,yuch1247,-0.4755651019288585,1.002880412376895
yucu1253,araw1281,-0.8431384142306051,0.3552803845991095
yuec1235,sino1245,-1.46196938070253,0.4482152382206719
yukp1241,cari1283,-1.3314289170378832,0.6933674510638612
yulp1239,pama1250,-1.6658781566543686,0.4494650294571611
yulu1243,cent2225,-0.4558396061997549,0.3730831147399644
yuqu1240,tupi1275,-0.9517229138208,0.5080142942832024
yura1255,yura1255,-0.7496788782486795,0.8854833221960652
gami1243,pama1250,-0.8342745487968946,0.4772776528185627
zaba1237,aust1307,1.1522064496569746,0.2375172378420171
zaca1242,otom1299,-0.2493317161294235,0.2464996568909789
zaca1241,utoa1244,0.3245872166668018,0.3060827824870733
zaiw1241,sino1245,-1.3684901032963008,0.2445953784858976
zakh1243,sino1245,-0.8461710882451449,0.2359203426949809
zamb1245,atla1278,-1.1311213101605242,0.2365993655574905
zand1248,atla1278,-1.5201566577496908,0.2948442995029094
zani1235,otom1299,0.2200303226240947,0.2321546480843705
zapa1253,zapa1251,-0.0705155285804464,0.746582328090484
zarm1239,song1307,1.4776410670738669,0.7830532856168466
zays1235,gong1255,0.7776968651602718,0.3340218677684077
zeme1240,sino1245,-0.8051750032537639,0.1841917466102494
zenz1235,otom1299,-0.0607291338770856,0.2368759295901075
zhab1238,sino1245,-0.8839098329963094,0.2814403230041606
zigu1244,atla1278,-1.927384470455404,0.3021500944753348
nort2795,atla1278,-1.9719153686348272,0.4386323275031576
zinz1238,atla1278,-1.5946394446053955,0.2943660830009076
zoog1238,otom1299,-0.1464387795231081,0.2435549954848377
zulg1242,afro1255,0.5027449841095988,0.1954668263619408
zulu1248,atla1278,-1.580398586871895,0.5956193166940786
zuni1245,zuni1245,0.5463172850859241,0.918517248162023
