Glottocode,Family_ID,GPGLMM_Latent_Mean,GPGLMM_Latent_Variance
abad1241,aust1307,-4.5225629614324365,1.0459460144276995
abau1245,sepi1257,-4.610591814460449,1.3926349655993349
abee1242,atla1278,-1.3196106981544855,1.2242153425538935
abkh1244,abkh1242,-0.1828721157183523,1.853104271370773
abua1245,nucl1708,-3.278689565236133,2.809831874871433
abui1241,timo1261,2.061441280368104,1.653379440220906
abun1252,abun1252,-4.149853384481207,5.831874027863826
achi1257,aust1307,-3.540936526056003,2.083554421860155
acha1250,araw1281,-2.704448251812916,1.874897511458963
ache1246,tupi1275,-2.4050899005912885,1.6546943339658498
ache1245,narr1279,-1.0366816980105298,1.4348155344630538
achi1256,maya1287,-0.6830279702794473,0.6619815425231668
achu1248,jiva1245,-3.071944439368247,3.5069506005277056
acol1236,nilo1247,-1.8176309988672457,1.210539029553174
adan1251,timo1261,2.0531491110433624,1.659397654176467
adny1235,pama1250,-3.586393334937556,2.753515462928024
adon1237,aust1307,-3.2777917416420825,1.1686133078362158
adze1240,aust1307,-6.38568839614011,0.7958582761028383
aeky1238,kamu1264,-4.731060664844681,5.4025476810423285
afar1241,afro1255,-3.040397155184781,1.7037241106323986
aghe1239,atla1278,-4.740730175337458,0.6479626632598894
aghu1255,nucl1709,-0.8382541342635925,0.6525738693047716
agob1244,paho1240,-0.3999929528701791,1.6262599659056098
agua1253,jiva1245,-3.2711062805610127,3.7071201721808222
agus1235,aust1307,-1.4056735363805173,0.8849265511199533
agut1237,aust1307,-5.228085522991455,1.549796212952444
ahin1234,aust1307,-2.510179280327405,0.9827225607484876
aika1237,aika1237,-1.7386500198643664,3.5153691897172106
aime1238,bosa1245,-2.546069648052481,3.385226750408877
musa1266,nucl1709,-0.6792660879561403,0.3045576524184348
aito1238,taik1256,-4.965574849224575,5.469439476141958
ayiw1239,aust1307,-4.23937889925598,1.815272232102962
ajab1235,atla1278,-4.820801088239408,1.025839853692462
ajas1235,kres1240,-3.426309008818718,4.860632960615148
ajie1238,aust1307,-6.334093280798189,1.623013604794802
akan1250,atla1278,-1.3168395690300492,0.973832281148451
west2635,maya1287,-0.5613161454106976,0.4863487309983467
akei1237,aust1307,-3.929854746438605,1.0522383123554269
akha1245,sino1245,-5.615829162280342,1.774843851020563
akoo1248,atla1278,-1.5458946878042388,0.6090963623765271
akun1241,tupi1275,0.6668158493525134,0.9086069840678456
alab1254,afro1255,-3.1324668742915307,1.2079555129144008
alab1237,musk1252,2.074887575591519,2.8445257812661007
alac1244,otom1299,-3.848813455455435,1.9276388023932285
alag1248,afro1255,-0.5772716098200017,0.8087733667803887
alam1246,sepi1257,-1.6631620515469747,1.3316235374035124
aleu1260,eski1264,-3.0113541980948373,4.518879754424522
alor1247,aust1307,-3.113073444932621,1.1209576532268342
aluk1238,drav1251,-4.222124516657096,3.0400308965632457
amah1246,pano1259,-3.660840314666702,3.090045940273788
amam1246,kuni1270,-0.4483157200623686,0.9725309658088735
amap1240,left1242,-2.4943584092799744,4.187287285752258
amar1272,aust1307,-4.597899895703714,1.0489855244118464
amar1274,hara1260,0.3859973470108193,2.5816528586088827
amas1236,nyim1244,-5.100727644253312,6.379771470243526
ambu1247,nduu1242,-3.055360445848427,2.995700187981355
amdo1237,sino1245,-5.972508414692596,2.199449397412087
amha1245,afro1255,-3.063238053875842,1.4686033843865705
amii1238,west2434,-1.733867376868623,2.389927995502739
hoaa1235,kxaa1236,-3.765274376706567,5.916426485007439
amri1238,sino1245,-5.255037864516791,1.1166247657804318
gily1242,nivk1234,-2.685792525728554,5.258270823255804
anei1239,aust1307,-5.691318561331746,1.2944420217100348
anem1249,anem1249,-2.8440653318418674,4.72961085127806
anfi1235,gong1255,-6.34265430708226,3.112367353092804
anga1290,anga1289,-0.943447255150398,1.3926761040772746
anga1288,sino1245,-4.600739720617316,0.7530994533989759
ango1257,chib1249,-0.2860428773463153,1.2387510726218025
anin1240,gunw1250,2.25905366579,2.558502984384625
wara1294,more1255,-1.3338467858901424,1.1294291537194407
anua1242,nilo1247,-1.6820594193113294,1.3040421127452744
anuf1239,atla1278,-4.80522810161232,1.283648924576232
anuu1241,sino1245,-4.818271591355835,1.162277317894823
anut1237,aust1307,-6.783570949386234,1.8607918889901445
aona1235,sino1245,-4.639263497167209,0.8790712391483639
aoua1234,taik1256,-5.742315335052629,5.662845333664221
apat1240,sino1245,-5.015420186791328,1.0312398228954658
apin1244,nucl1710,0.8422484953606197,1.3614711513871551
apma1240,aust1307,-3.698903079569362,0.9543708557822584
apma1241,kera1258,0.1029256241248579,2.086700344944976
apur1254,araw1281,-3.041380776877089,1.8808575534308165
arak1252,aust1307,-6.6788013363356455,1.0182947404942675
aram1253,more1255,-1.3001257519454832,1.1740195768145345
arao1248,pano1259,-5.81719253404428,3.1002562191093865
arap1274,algi1248,-2.658136653555113,2.211345807789641
araw1273,tupi1275,-0.356246043528071,1.40104985366548
arbo1245,afro1255,-2.696513675379316,1.112659789701631
arch1244,nakh1245,0.242555083754044,0.4671227984207959
aree1239,aust1307,-5.144939263287435,1.2675343528765453
area1240,aust1307,-6.996651075651877,1.8800388452835928
argo1244,afro1255,-3.10515037314463,1.4825762219457852
arhu1242,chib1249,-0.0161117592497559,0.9319572496428324
arig1246,atla1278,-4.764668618993297,0.9752106561175644
arik1265,nucl1710,0.8094372828593634,1.124347938769099
arom1237,indo1319,-3.834009439672825,2.4050880937976133
arop1243,aust1307,-3.954248509444778,0.8988592695095274
arop1242,aust1307,-4.384141291115473,1.0293332360857814
aros1241,aust1307,-6.982189346560098,1.8878031129458464
arta1239,aust1307,-5.442945928980677,1.0040003478922523
asha1243,araw1281,-3.831316022849164,2.008297321374614
ashe1272,araw1281,-3.954627988673285,2.031839509946445
asoa1238,cent2225,-2.8449872147854838,1.477884242642892
assi1247,siou1252,-0.8396066562312956,1.6564474819757995
asur1254,aust1305,-3.3055844225080198,1.8843985556774017
asut1235,atla1278,2.092662058580574,0.7049955350892576
atam1240,aust1307,-1.3102789651308688,0.7977919185519191
atay1247,aust1307,-6.831413390555891,1.9021188984217083
athp1241,sino1245,-3.751577731030004,1.2202846950694737
atii1237,aust1307,-4.580524821184842,1.22715313634553
aton1241,sino1245,-5.396376008135781,1.1949260902872574
auuu1241,nucl1708,-3.311171042120184,2.8115740331150727
aulu1238,aust1307,-3.701411584423581,0.8643613452375494
auye1238,nucl1709,0.0413311424238687,0.7221848252410172
avac1239,tupi1275,0.5167488398267568,1.4263885357482202
avat1244,atla1278,-2.051329181362856,0.8212374745627171
katb1237,aust1307,-3.760630488071407,0.87405606324812
avok1242,cent2225,-2.885348591541301,1.4623301151080588
awac1239,barb1265,-2.743428875321693,3.823121977744506
awad1244,aust1307,-3.832337662506574,0.816364039561293
awad1243,indo1319,-5.022284265426324,2.572966204408889
awap1236,nucl1709,-0.295993354188238,0.3780504232538302
awar1249,ramu1234,-4.649958973351603,5.639417725996591
awar1248,nucl1709,-0.1199730490197175,0.3616349789482438
awet1244,tupi1275,0.8738579113830238,1.0893357194018085
awji1241,afro1255,-3.2231087508667957,2.294836048167737
awtu1239,sepi1257,-1.90298329552222,1.255840416139094
axam1237,aust1307,-3.658320863227426,0.8635312888358166
axiy1235,sino1245,-5.828294629684962,1.999549974873272
ayac1239,quec1387,-3.496604375217185,3.564377778071983
azha1235,sino1245,-5.810639860331472,2.057109280458187
baba1264,atla1278,-4.598605105426303,0.6378383805671435
baba1266,atla1278,-4.622117335309195,0.6362308856658565
baba1268,aust1307,-7.500008444806623,1.6718012958050077
bada1257,drav1251,-4.213378286904714,3.0503703252295047
bafi1243,atla1278,-1.3360178288357134,0.5491007417164671
bafu1246,atla1278,-4.6707763722316376,0.6423821650166435
baga1273,atla1278,-3.4102339770127315,0.7989904862383685
baga1272,atla1278,-0.6322903202436505,0.7364630760411233
bagi1246,cent2225,-4.495575460841041,2.192884261698344
bagv1239,nakh1245,0.5137142022071286,0.4053639575585315
baha1259,afro1255,-1.3311674784544696,1.7113172244589316
bahi1252,sino1245,-3.902118598402373,1.2645934678029036
bahn1262,aust1305,-4.864258792867187,2.184488447491523
baim1244,sino1245,-6.017750661432562,2.1047913363691766
baka1272,atla1278,-1.145094406826388,0.8287594430662697
baka1274,cent2225,-3.013555361096531,1.486257657950908
baki1244,aust1307,-3.4801492606508906,0.8877822850220003
bala1316,aust1307,-6.495895734114528,1.652948575181707
bala1311,aust1307,-5.022627529919183,1.3379890561522425
bala1315,aust1307,-3.1455756712543765,1.3349683049136445
bali1278,aust1307,-3.6321188645665297,1.917120181433546
liki1240,atla1278,0.9359510883322968,0.4638691999751918
bamb1270,aust1307,-2.607461474443067,1.3210927666854726
bamb1269,mand1469,-3.5975938991299325,2.3059424328020466
bamu1253,atla1278,-4.352242282290317,0.6221432154539901
bamw1238,atla1278,0.7818806455912539,0.4625243640983374
band1344,atla1278,-3.40135060034659,1.1075202644509456
band1340,atla1278,-1.4857803135342231,0.7443030744164592
bang1363,bang1363,-6.81483596511698,7.076466866088413
bang1369,sino1245,-5.342883367574798,1.2130656265040338
guar1293,araw1281,-3.418014792064165,1.582425654629903
bani1255,araw1281,-3.3143644785656425,1.6063303309474612
bann1247,aust1307,-7.848232942690798,1.567301564245433
bant1281,sino1245,-6.553567852402848,1.224755097134329
bant1288,aust1307,-4.794912124559238,1.3108576505949792
bara1357,sino1245,-6.710987358481811,1.5299875655193844
nucl1630,koia1260,-6.29374181640657,3.3990732429628023
bara1369,aust1307,-4.421494246878293,2.791222123801436
bara1361,atla1278,-0.5831800773762716,0.6806342915897918
bara1370,aust1307,-6.160272519686744,1.888508027813124
bard1255,nyul1248,-2.4348930417177166,2.993412210732531
bare1276,araw1281,-3.3926074062659284,1.5985756674789071
barg1252,nucl1709,-0.3247021502681801,0.37098577875153
bari1286,aust1307,-4.579111371144136,1.051610274462618
baro1253,aust1307,-7.747753098954648,1.5619911339046748
basa1282,atla1278,-4.717318017392143,0.896889776969358
bash1264,turk1311,-3.9964255992490383,4.155389013615279
basq1248,basq1248,0.723978745459867,2.851767680897317
bata1293,aust1307,-3.651381087514528,1.9948505492244093
bata1289,aust1307,-3.70921031206336,1.945398691071896
bats1242,nakh1245,0.4237987654724908,0.5618719569057546
baur1253,araw1281,-2.7633444526080666,1.4735397377924926
bauz1241,geel1240,-4.533865131226558,5.789458818076053
bayb1234,aust1307,-1.4141677557317407,0.9711865173400298
bebe1248,atla1278,-1.4780325187045893,0.758586396795625
beel1236,afro1255,-4.638090480771061,1.2749982676831726
beem1239,atla1278,0.5622913972952635,0.8257879146230342
beja1238,afro1255,-2.7315683719435957,1.7155799826750542
bekw1241,atla1278,-2.0021090346547803,0.7122010764156235
bekw1242,atla1278,-3.5824779059402667,0.8759376595583728
bela1256,nilo1247,-2.749703987078958,1.6385754294855204
bela1254,indo1319,-3.894497491534023,2.7233547058937946
nyal1254,aust1307,-3.809347153662354,1.6999909057395026
belh1239,sino1245,-3.769463160047807,1.2146288004534362
beli1257,cent2225,-3.154039666232456,1.684417538503375
bell1243,sali1255,-3.598798328764701,3.2628976568402264
bemb1257,atla1278,2.471709582879982,1.2224226650556158
bena1262,atla1278,2.310231416179936,0.8528023427789311
benc1235,gong1255,-3.6514659782881016,2.8322870140149856
bent1238,dogo1299,-4.363869053101204,5.426036044864057
zagh1240,saha1256,-3.4200336527050683,5.202061801633609
bert1248,bert1248,-2.734114204440455,4.744266155388428
bezh1248,nakh1245,0.520591326971628,0.4264055743664965
bhoj1244,indo1319,-4.976567355969265,2.472231192516606
biaf1240,atla1278,-1.0718876336860796,0.7395275090704319
biak1248,aust1307,-3.47601052669888,1.202012919102768
bian1252,kuni1270,-0.0907107532300659,1.031799007256124
biao1254,hmon1336,-5.423589359846057,6.059933531311122
biao1256,hmon1336,-5.294138584332967,6.079314775080665
biat1246,aust1307,-6.393224514423449,2.1331390604102847
bier1244,aust1307,-3.5011856751422905,0.8844058770543279
bign1238,aust1307,-3.7848369031463394,0.9082170220333756
biha1246,aust1307,-6.913833870114623,2.3878509579307945
bila1255,atla1278,1.190017951127988,0.7100896361872788
bilb1241,aust1307,-3.934284095361801,0.7981546754639988
bili1260,afro1255,-2.7105080122458056,1.562335884158066
bilu1245,bilu1245,-2.9386453841773057,5.17516600360318
bimi1240,nucl1709,-0.2096585944820437,0.4843324808546194
bina1277,nucl1709,-1.3374432269623266,0.6977539164463229
bine1240,east2503,1.5699013508948418,1.762306383541902
bini1246,atla1278,-4.659596573555323,1.0056348213577395
gunw1252,gunw1250,2.6822310291271227,2.3331438231662744
birr1240,cent2225,-3.673466014927519,1.826155713821752
bisu1244,sino1245,-5.517939543822166,1.7247043047915689
bitt1240,aust1305,-5.169583776603515,2.140504972520514
biwa1243,yuat1252,-4.833722244042358,5.671388761953731
blab1237,aust1307,-7.065878761980153,1.7715215035025
blan1242,aust1305,-5.00702502316899,2.113295968950341
bang1354,atla1278,0.9459865232159884,0.7364995974828084
bodo1267,aust1305,-3.1022005164916213,1.8637228953409943
bodo1269,sino1245,-5.10378654480984,1.057734640578838
boka1249,sino1245,-5.397403720688854,1.3118423394799592
bola1250,aust1307,-4.910467098919496,1.2362500979775444
bolg1251,atla1278,-3.8487326377370983,1.473775469834928
chim1302,quec1387,-3.4574890349200342,3.3673290119308703
bolo1262,atla1278,1.1029088574843255,0.5160872270941876
boly1239,aust1305,-5.283876608786766,2.4803301772384243
bomb1262,atla1278,0.694478444617685,0.4914681147670752
bomk1234,atla1278,-3.2741901663450763,0.9707934967166948
bona1250,mong1349,-6.060670792581504,5.530110260852938
bond1247,atla1278,1.9333997327577304,0.7351380279028739
bond1245,aust1305,-3.1300120778640923,1.7477352113137083
bong1289,aust1307,-5.789826196575062,1.7445873417224442
bong1285,cent2225,-3.415633766653915,1.8405413860443032
bora1263,bora1262,-2.224902451709455,4.157155028334492
bora1271,afro1255,-2.08193133542174,1.025355237047061
bord1248,chib1249,-1.4392252985845038,1.2312051141354263
bori1243,sino1245,-5.152195926488825,1.1221462578835286
boro1277,gong1255,-3.783774121448161,3.2453216844945523
boro1282,boro1281,0.7503741322440964,2.7489935171586675
boto1242,aust1307,-5.326103124991573,1.2498136888324325
boun1243,atla1278,-4.472264134229958,1.1746532425308818
boun1245,nucl1709,-0.9019868194206702,0.3875558054226076
bouy1240,taik1256,-5.683602542147797,5.605587912887919
brah1256,drav1251,-4.055426112944301,4.505525486791346
lave1249,aust1305,-4.959802255731814,2.084446693293476
bret1244,indo1319,-2.889718770839722,2.2209751331062177
brib1243,chib1249,-1.3415254087646318,1.5026191625434429
bube1242,atla1278,-3.960860995725201,0.8427364240577244
bubi1250,atla1278,-0.7914776272023583,0.8469055692986123
budu1248,nakh1245,-0.9095662028313496,0.6642866991176986
budu1265,afro1255,-4.471724857694502,1.711322172642162
budz1238,atla1278,0.2811341486554002,0.6486965108091569
buga1247,aust1305,-5.309336401620574,2.418119463216989
buga1250,aust1307,-3.95379772506963,0.833241581898351
bugh1239,aust1307,-7.024114807039908,1.7830375912710696
bugi1244,aust1307,-3.008305393837116,1.2739292256000656
bugl1243,chib1249,-1.4880359028035222,1.4547477547166163
buhu1237,aust1307,-7.845138537788807,1.409765242747981
bujh1238,sino1245,-3.949299356539612,1.5562438973515853
buka1257,aust1307,-6.364173069456477,2.1304682113931417
buki1249,nucl1708,-3.240521337027193,2.826747022997168
bull1247,atla1278,-0.615358843100154,0.8311770119644626
bulo1242,aust1305,-4.828699068473696,2.0990960941028387
bulu1251,atla1278,-4.019447751309264,0.7944749465267318
bumt1240,sino1245,-5.724930731199544,1.3005884579034008
buna1278,timo1261,2.095203084664541,1.854236519352007
buna1276,aust1307,-5.129255248705288,1.4544840948679116
gahr1239,sino1245,-3.750096935038263,2.2065390523717907
bund1253,indo1319,-4.853726580531738,2.7789263989521107
bunu1267,aust1307,-4.023003419328095,1.7488756940729555
buol1237,aust1307,-2.9920320352926506,1.4112917404862113
bura1292,afro1255,-7.4030695521994385,1.2909679879156837
bura1267,mani1293,1.9795574376156704,2.7907007016390875
bure1242,afro1255,-7.362898928602895,1.30758872417859
burj1242,afro1255,-2.723078039606672,1.243291621434035
nucl1310,sino1245,-4.909330035632254,1.2980679942871518
burm1264,burm1264,0.3589629173238102,2.47826826801555
buru1303,aust1307,-3.443040265029872,1.3612372891389963
buru1320,afro1255,-0.743457462806435,0.8605145635624396
buru1296,buru1296,-3.1939342140352847,5.906433018932434
busa1253,mand1469,-4.303780879723106,2.525326471619276
bush1247,atla1278,1.8842992742977511,1.1937991376098385
buwa1243,afro1255,-4.715058416258127,1.3454665555944023
bwai1242,aust1307,-5.172771553502364,1.2929244463046778
bwat1240,aust1307,-3.6389789504846206,1.6513385698871297
byan1241,sino1245,-3.922849668635117,1.947860676894117
caac1237,aust1307,-6.447018365863858,1.618080601570126
cahu1264,utoa1244,0.6615852224601482,1.1429767785360516
cakf1236,afro1255,-7.5076845645666435,1.274936097272132
cald1236,quec1387,-3.358687748099222,3.268385499722699
caml1239,sino1245,-3.856757583769173,1.2367269861617365
camp1261,indo1319,-3.760227505509116,2.421458553864277
cams1241,cams1241,0.3878186683948352,2.5648737568096287
cane1242,nucl1710,0.8903478529901321,1.4710604125070033
caom1238,taik1256,-5.625773963941366,5.726245314754767
carn1240,aust1305,-3.551229855005875,2.2667126768255743
caro1242,aust1307,-3.9061967114945424,2.455978118038896
cash1251,pano1259,-3.9206299116023615,3.396508440058573
casi1235,aust1307,-5.389224343519543,1.060114777626751
stan1289,indo1319,-3.005468145679989,2.2482362249866013
cavi1250,pano1259,-5.708092994371564,3.0529131452155776
cayu1262,cayu1262,-2.0861513062675945,3.91728687660306
cebu1242,aust1307,-4.117540770621364,0.8744179130345566
cemu1238,aust1307,-3.623545048867233,1.583704200798536
cent2127,eski1264,-3.0096309192662134,4.514908902910157
cent2142,ayma1253,-2.4769343566465736,3.476290514474405
cent2004,sino1245,-5.645051283764849,1.520799006015828
cent2292,aust1307,-2.942539391000424,0.9906609900398832
cent2084,aust1307,-5.819141197020825,1.1503314860615277
cent2314,aust1305,-4.759639319095943,2.0491002280282453
qaua1234,taik1256,-5.720743726494465,5.635475294211915
guer1241,utoa1244,1.3586283934920802,0.8884293092163755
cent2050,saha1256,-4.434582506000503,4.88978013926813
cent1989,aust1305,-4.881605459783869,2.0521380226111017
mala1479,aust1307,-6.410018633688837,2.1652298207965748
cent2322,ural1272,-4.335414662233637,4.035093014006544
cent1992,aust1305,-4.848224357383807,2.1138746656482965
cent1990,aust1305,-3.1595180260481865,2.2106625727274354
cent2126,japo1237,-4.871808159926396,5.956120138814236
cent2091,aust1307,-5.637005872382352,1.7336640865661934
cent2140,miwo1274,-2.229338327467402,3.081760292356906
cent2090,aust1307,-5.3116934649103325,1.5882761213470866
cent2131,utoa1244,1.9917465103134813,0.9976591503282792
cent2150,chib1249,-2.87250575434269,1.2547336955352604
mbal1255,atla1278,-0.1683429551611039,1.0522455280274663
chac1251,pano1259,-3.0085718543502944,3.031573232782685
chad1249,afro1255,-4.353951075533901,1.9051989799770617
chak1270,sino1245,-4.906180686449286,1.220318867605207
chak1271,atla1278,-4.7254044245496,1.1645209536106584
chal1275,afro1255,-2.5281939508903624,1.612201741175047
cham1315,zamu1243,-1.9277512140909203,3.8533008054344418
cham1309,nakh1245,0.6185365380921599,0.427684093618252
cham1312,aust1307,-3.827535240323152,2.3711024841975865
chan1313,sino1245,-4.778831456328792,0.946419323627314
char1269,gong1255,-3.720783783654252,2.7464548011252905
chas1234,sino1245,-5.518192437466036,1.4094321534577148
chec1245,nakh1245,0.7407184144410892,0.6852847601720837
chek1238,aust1307,-7.0572787811714175,1.7795112476840176
chen1255,drav1251,-4.420150808213286,3.4511326189902105
chep1245,sino1245,-6.722751877610465,1.5046232736571137
cher1273,iroq1247,2.5301253960625463,2.9947969292463377
chey1247,algi1248,-2.575855144065489,2.195603772568949
chic1270,musk1252,2.3092925932638177,2.5334818381028263
chig1238,atla1278,1.8093653989166207,0.79754697377812
chil1280,atha1245,2.347708925369049,2.33832955327874
chim1309,chib1249,-0.4545256621784281,0.9707711564251048
chim1312,atla1278,0.7993181937629048,1.2818490833138352
chhi1245,sino1245,-3.7199118336446464,1.2196301437724228
chip1261,atha1245,2.3382946095122623,2.850636377969483
chip1241,algi1248,-2.03218741786174,2.1327415543331654
chir1283,sino1245,-1.8469865900371756,0.6924757686342975
choc1275,sino1245,-5.572835276856367,1.255149122029659
choc1276,musk1252,2.209715156248981,2.508773820575483
chon1284,aust1305,-4.781316893706678,2.044019101455068
chot1239,sino1245,-4.357159869167952,0.6185499507065675
chra1242,aust1305,-4.766930491692415,2.145324508207173
chuj1250,maya1287,-0.5494251885957058,0.5113672901747304
chuk1273,chuk1271,-2.7147216746438527,5.464153900969814
chuu1238,aust1307,-7.039310707403786,2.4902833552038555
chuv1255,turk1311,-3.912129204334613,3.888459575993773
chuw1238,atla1278,0.4279192560003575,1.094146847085499
cici1237,atla1278,-1.947947645423612,1.1485928367969125
chin1286,chin1490,0.7973526256909187,2.7888291446641054
cent2087,aust1307,-4.788037939523166,1.3159242082537368
coat1243,otom1299,-4.092875063936001,1.9153532493616696
coca1259,tupi1275,-0.7542067616637362,1.3167884053152583
coeu1236,sali1255,-2.823439954273636,2.725316992661691
cofa1242,cofa1242,-2.366955118732298,4.356167124690263
colu1241,sali1255,-3.0454766812396725,2.7014952277044832
coma1245,utoa1244,-0.9744208667564792,1.4498062403025909
como1259,sali1255,-3.497242196987001,3.027604572411124
cong1236,atla1278,2.2563224779618496,1.206982908645406
copa1237,otom1299,-3.905575357390816,1.857043283874401
cors1241,indo1319,-3.6300285595235047,2.2728033906238734
cosa1234,sino1245,-5.662870314215074,1.8209843295071249
cota1241,aust1307,-1.9005707119289204,0.9722947247256196
crim1257,turk1311,-3.3312789927959825,3.61591074927864
crow1244,siou1252,-0.1425998337720164,1.577901879455685
cube1242,tuca1253,-2.954495797548571,2.8827558523959897
culi1244,araw1282,-0.9278687262609864,2.073537787381478
curr1243,araw1281,-3.4975685935867253,1.6180010790166008
cusc1236,quec1387,-3.2176009678963577,3.4887764677611584
cypr1248,afro1255,-0.9971277376642504,1.35864227478924
czec1258,indo1319,-3.786116945950524,2.4829783955330846
daai1236,sino1245,-4.900123013778869,1.3116904157312064
daak1235,aust1307,-2.9516401346313543,1.3451829434999203
daas1238,afro1255,-5.238602433379792,1.172828703141663
dadi1250,tebe1251,-4.744618680223687,5.6285949910497495
dagb1246,atla1278,-4.840534303332748,1.18649553174596
dagi1241,narr1279,-1.1705143028810598,1.490118952099734
daur1238,mong1349,-2.993394947873916,5.044596431197075
daha1245,afro1255,-1.559739205125932,1.1048036653196522
daka1243,aust1307,-6.374171483263909,0.8856453752679787
damp1237,aust1307,-5.760940387276423,1.4785801643503795
dana1252,aust1305,-4.657338699078426,2.120639572580469
dand1238,drav1251,-4.626988692429945,3.5613012794304097
dani1285,indo1319,-6.2379559595818055,2.653981746952004
dara1250,indo1319,-5.019665121081251,2.507336798204271
dard1243,daju1249,-3.670001989682101,5.919244069929726
darm1243,sino1245,-3.922408326617991,1.9520132056308304
dawr1236,gong1255,-3.820475369491637,2.722210812016323
daza1242,saha1256,-4.100401683318967,5.123720525765512
defa1248,ijoi1239,-6.566046489392947,6.246688831078361
dege1246,atla1278,-1.605710780032279,0.7703637204929157
dehu1237,aust1307,-6.026115062378775,1.461112356080049
dera1245,sena1264,-2.6892575039923585,4.410121547137579
dera1248,afro1255,-4.558948706968962,1.2356266403455771
desa1247,tuca1253,-3.085636183422084,2.8124566415517656
dhao1237,aust1307,-6.051330489110657,1.4865618208885722
dhim1246,sino1245,-3.4896446644084937,1.2665362885783322
dhuw1249,pama1250,-4.2243482150427205,1.5722450122861868
dibo1245,atla1278,0.3326426893579817,0.6218452636763319
digo1243,atla1278,1.8906580484531543,0.8041316018099991
dima1251,sino1245,-4.639350253180142,0.8041381169719486
dizi1235,dizo1235,-5.339172724390984,4.589990192221556
djam1256,pama1250,-4.2297925467534885,1.66146242977128
djee1236,mani1293,2.0132474625674206,2.7914716179497354
djeo1235,nucl1710,0.6799160844079717,1.198073079767326
dobe1238,aust1307,-3.3419041870513158,1.3441012152425795
dobu1241,aust1307,-5.163162597429718,1.378418305984189
domm1246,nucl1709,-0.7734369845626414,0.3278422009897426
doma1260,indo1319,-4.4701427509441976,2.8431249319043674
dong1285,mong1349,-6.058904736357541,5.529265647037459
doro1266,manu1261,-3.0174232435433344,4.8713359417268745
drun1238,sino1245,-2.9308088579319413,1.3938915175650486
chug1252,sino1245,-5.348667263706462,1.1882776949807692
dumb1241,aust1307,-6.218373794114162,1.698225626388936
dumi1241,sino1245,-3.8529968845614926,1.2450869832126052
duna1248,duna1248,-4.475565817859438,5.576684972489312
dupa1235,aust1307,-2.9513688728106464,1.106936377043457
duru1236,drav1251,-4.639188969301968,3.553978779645803
dusn1237,aust1307,-3.5458662009471533,1.0797333420446265
dutc1256,indo1319,-3.01077282079632,2.177573326002041
dyul1238,mand1469,-3.950867467708357,2.003407447371379
dzao1238,hmon1336,-5.3603925645737664,6.062481112284979
dzon1239,sino1245,-5.937858322345514,1.3349067415749838
east2443,aust1307,-3.874262680116847,1.0253181583292044
tang1336,sino1245,-4.543890985573486,0.6532021927269334
nucl1235,indo1319,-6.199741072370134,2.400914033389996
east2379,pama1250,-5.70113838648815,2.27555536275837
east2555,tupi1275,0.8002497427148687,1.3436583962444697
east2332,aust1305,-5.08326985124988,2.154771897237948
east2563,aust1307,-6.851577012609269,2.416103664284337
east2690,afro1255,-1.6810916417606574,1.4194906320791585
east2556,otom1299,-3.5315982457413098,2.162512265287763
east1236,aust1305,-4.980365758642644,2.1659702796776594
east2342,sino1245,-5.315615630230293,1.742863509822394
east2782,atla1278,1.0092653352310093,0.8345680208883239
east2328,ural1272,-4.258386917196392,3.6044969894444616
east2333,aust1305,-4.777761435692373,2.1901244744360246
east2773,sino1245,-3.934595549143137,1.326298161755453
panj1256,indo1319,-4.702230056260037,2.78983859647313
east2485,aust1307,-6.105886122083614,1.843798866130621
fina1242,aust1307,-5.631636271824952,0.9823960064996724
east2694,aust1307,-1.4412244161009298,0.897195942589395
east2447,aust1307,-6.9981790531685935,2.921353590891975
east2516,nucl1709,-0.7116983346760117,0.4346733327735812
east2440,aust1307,-3.3273317938798206,1.2714562399411662
huaa1248,tuuu1241,-4.117178484541937,6.353438539448834
wall1257,aust1307,-7.004687941351309,2.904523646683645
egyp1253,afro1255,-2.071541018188253,1.6443053337002205
eipo1242,nucl1709,-1.1632596157106432,0.5465033624031124
ekar1243,nucl1709,-0.0057629387525635,0.7092227871673984
elem1253,atla1278,-1.474718026650666,0.6736291416284432
elip1238,atla1278,-1.2347220455295085,0.5457099060460617
emae1237,aust1307,-6.0169637767171045,0.9443335517047436
emai1241,atla1278,-4.735482721263076,0.9818343657124756
embe1262,choc1280,-2.771754891841244,3.282249100027662
stan1293,indo1319,-3.026544167328866,2.26161181058953
enuu1235,sino1245,-5.715882925367431,1.808736649687111
epen1239,choc1280,-2.9629211397135395,3.321238884200513
ersu1241,sino1245,-5.987104587016082,1.7925396884827336
erzy1239,ural1272,-4.106444873927085,3.618853748862717
esan1238,atla1278,-4.632194036498313,0.9216668875801828
esee1247,koia1260,-3.639832474302069,3.4021402250419976
esee1248,pano1259,-5.822422112531665,3.132659059070537
esim1238,atla1278,-2.0267845588521536,0.64822738221193
esto1258,ural1272,-4.4527436980364925,3.503581912975921
eton1253,atla1278,-1.2883173208297365,0.5962319358334343
even1260,tung1282,-3.632686670170069,4.6033047145050014
even1259,tung1282,-3.342164068111229,4.4773952244491255
ewee1241,atla1278,-1.9693394815517171,0.9007819598304838
fala1243,sino1245,-4.626274713747142,0.8919458568784489
fare1241,atla1278,-4.838280985582919,1.3008235289004384
faro1244,indo1319,-3.6222127133227415,2.941270765200602
fasu1242,fasu1242,-4.594838187085316,5.645472713475145
fiji1243,aust1307,-6.549039457106074,2.4639335782500744
fili1244,aust1307,-4.504924039779976,1.2164317122532893
filo1235,toto1251,-2.6007865005097277,2.236702490103617
finn1318,ural1272,-4.430861116526327,3.59440066895419
foii1241,east2499,-4.665632607182246,5.6400601474233785
fonn1241,atla1278,-4.8282960744051096,1.029419369022622
fore1270,nucl1709,-0.2231892691745418,0.3727227415491585
fore1265,ural1272,-3.839800415056016,3.916168504180917
fran1266,mixe1284,-2.437461547594696,3.034307271377356
stan1290,indo1319,-1.8764867328113477,1.9108548576961963
fuln1247,fuln1247,-4.6761945364049335,7.2471994590047295
furr1244,fura1235,-3.2625604258217544,5.591700359002351
furu1242,cent2225,-3.17043089742511,1.782523614007049
futu1245,aust1307,-2.94460785964725,1.2397755369950725
fuyu1242,fuyu1242,-2.800328799545598,4.568499323274036
gaaa1244,atla1278,-1.6605400073689918,0.9839707541736358
gaam1241,east2386,-2.680481662702692,4.717336144358752
gaan1243,afro1255,-4.694153084020286,1.2822774349111974
gada1258,aust1307,-5.737294581545627,1.0115861997815818
gade1242,atla1278,-1.8910165278100937,0.8548334250135188
gaga1249,turk1311,-3.6174435894800414,3.791485555954628
gala1264,afro1255,-7.3928785825739585,1.28861798951327
gale1259,nort2923,0.7497251517684242,0.9981341541558706
gali1262,cari1283,0.728204636730708,1.2616911087407523
gali1258,indo1319,-3.376192283684347,2.57030256240386
galo1242,sino1245,-5.252692905076584,1.1933843725712858
gamo1243,gong1255,-3.7767827156607816,2.70356272422425
gand1255,atla1278,1.1593805198337677,0.697191520111117
gang1267,tang1340,-3.907721177000503,4.976519632050833
gang1266,sino1245,-1.634754444173467,0.6002190440595898
gant1244,nucl1709,-0.8288910286917839,0.3244605194784675
gapa1238,aust1307,-5.138682576086851,1.255431844958851
boht1238,afro1255,-2.1982115133638738,1.5420052023403148
gari1256,araw1281,-2.6756917426987106,1.9635750914300223
garo1247,sino1245,-5.453876763757124,1.2186668283868558
gara1269,garr1260,-1.430522371581552,3.3192340495934065
gata1239,aust1305,-3.115640546249157,1.821509574245015
gayo1244,aust1307,-6.319682681255494,2.067828517304425
geba1237,sino1245,-5.16941249957203,1.7134685205112603
gebe1237,aust1307,-3.1938453078723192,1.2882704636576374
geda1237,aust1307,-3.9131329791083926,0.801968926531007
gela1263,aust1307,-6.989219274164266,1.801768230241365
nucl1302,kart1248,-2.432078418399985,3.468512803683806
geru1240,afro1255,-7.350695156241677,1.3665034394277311
ghad1239,afro1255,-3.4735041690225263,2.467313545723973
ghan1242,aust1307,-7.564548065882361,1.6310819690419995
ghar1239,aust1307,-6.977003527947016,1.7827867529203818
gheg1238,indo1319,-3.844094516973764,2.397853414751266
ghom1257,afro1255,-3.164255769326646,2.373221092657749
giiw1236,afro1255,-4.603888193969531,1.2928403705036722
gilb1244,aust1307,-6.999091356601482,2.762120287339867
gira1247,nucl1709,-0.5899865725657183,0.3080882562428275
giry1241,atla1278,1.6990325520224658,0.8615314548080573
gizr1240,east2503,1.5602701835600654,1.7686736065554367
glav1244,afro1255,-4.666776056719455,1.3997260295431264
ghod1238,nakh1245,0.5709584101131924,0.4650864233400673
gofa1235,gong1255,-3.793017833334382,2.6946988860049936
gogo1265,suki1244,-4.277698361995355,5.61178937231752
gola1255,atla1278,-0.5486800330503652,1.0354062952283316
goli1247,nucl1709,-0.736948708060222,0.3475189242741248
goon1238,buna1274,0.9571554434668216,2.905003975605
pare1266,aust1305,-3.12468871944621,1.7496414768076676
gras1249,koia1260,-3.42077330398916,3.370980869238723
guah1255,guah1252,0.795853303262406,2.757098828123256
guam1248,barb1265,-2.5262121481866475,3.775494958457646
guat1253,guat1253,-1.9107502737136317,3.843983534826302
gube1234,atla1278,-1.4489309908931305,0.8703758627877658
gude1246,afro1255,-7.488964124359447,1.3044803402971086
guer1243,otom1299,-3.958224546587788,1.9063372993176824
guhu1244,nucl1709,-3.7177793660281946,0.6477092959063251
guiq1238,sino1245,-6.045558894342532,1.7511913534247077
gulf1241,afro1255,-2.36182579314079,1.654431118359832
guma1254,aust1307,-5.154559009959194,1.3481645216816371
guny1241,pama1250,-3.678048374317221,2.7755351842684477
gura1251,indo1319,-3.6238915519184847,2.439263540253828
guro1248,mand1469,-3.3645942441096794,1.7928772985803398
guru1261,sino1245,-6.643040909906004,1.2834362328306952
guru1271,afro1255,-7.429182143969409,1.2735320798234122
gusi1247,atla1278,1.1560148156470862,0.6486925596919146
kwam1249,koma1264,-2.9038587914015355,3.959926321797092
gwen1239,atla1278,2.080643454252112,0.7006717991514115
gyel1242,atla1278,-1.243386195049525,0.8468933951188209
haaa1252,atla1278,1.970132119534992,0.9616435415372456
hadi1240,afro1255,-3.129455855562747,1.1931947073229736
hadz1240,hadz1240,-1.4090170097316976,3.147807135055306
haka1240,sino1245,-1.8461772040115132,0.8185601946358112
hakk1236,sino1245,-5.458803139251405,2.8109781153148408
hala1252,aust1305,-4.958963141854805,2.106491329933704
halh1238,mong1349,-5.783810166599173,5.254626265509282
hali1244,aust1307,-5.064137371447488,1.6078097642108418
halk1245,sali1255,-3.37442720171442,2.762728182912364
hame1242,sout2845,-2.539957696804424,4.444952421656192
hang1263,nduu1242,-3.013066922342464,2.973414037893184
hani1248,sino1245,-5.748569788585824,1.9375300260903887
hano1246,aust1307,-6.557410167525141,1.015048210707798
haro1237,aust1307,-6.888051296316907,2.391348997035564
haru1245,piaw1238,-2.799524838776456,3.612098032532133
hass1238,afro1255,-4.236095053623631,2.186005058279756
hata1243,hata1242,-2.354387075459889,3.200993950569922
remo1247,aust1307,-5.163617525925546,1.2364366399689022
nige1253,atla1278,-1.6951257220939038,0.9811437913811664
hava1248,coch1271,-0.7997963143566298,1.9210152098218805
hawa1245,aust1307,-6.995459328104213,2.97021565445403
hehe1240,atla1278,2.3344816885900803,0.84160772825933
heil1246,waka1280,-2.594393826511684,3.882439824076801
here1253,atla1278,1.3156347115633076,1.2656706617711038
hida1246,siou1252,-0.6918751843992148,1.6452403367014057
high1276,mixe1284,-2.563411515269735,2.874448605407917
high1278,utoa1244,1.4876105802902462,0.7556152740654571
high1243,toto1251,-2.618722059192696,2.2247024762076766
hili1240,aust1307,-4.367539824665903,1.1422288769982014
karb1241,sino1245,-4.705829702624815,0.8663514371737246
hind1269,indo1319,-7.511666005732749,2.870417422974437
hinu1240,nakh1245,-2.186598515547906,0.4461783554000567
hixk1239,cari1283,0.095121602301647,1.058183490893985
hlai1239,taik1256,-5.327612666426228,5.802643871382858
hler1235,sino1245,-5.681713064036817,1.73863439685426
hooo1248,aust1305,-3.0166866605746523,1.854822703134058
hoav1238,aust1307,-4.594930145681475,1.6648878562185958
ainu1240,ainu1252,0.5058469551981153,2.764564945551908
holo1240,atla1278,1.9884559538035944,1.0644242760074718
hone1235,atla1278,-1.7538232863862488,0.8092538861765455
honi1244,sino1245,-5.711905564050989,1.809246331254048
hopi1249,utoa1244,0.523869160106488,1.0812321896677997
hote1245,aust1307,-3.896205900158325,0.8258175226083324
hozo1236,maoo1243,-5.138862694168326,6.183004634031367
hrus1242,hrus1242,-4.790015508811306,6.71850357568659
huuu1240,aust1305,-5.119913644031191,2.12376963962514
hual1241,quec1387,-3.7759384772596474,3.473158694039705
huam1247,jiva1245,-3.1980330530763244,3.53023309971943
huar1255,utoa1244,2.101636127509224,0.9282698174435744
huas1242,maya1287,-0.7740677647572496,1.442668392418085
huba1236,afro1255,-4.689446056746068,1.3036132467040682
huic1243,utoa1244,1.6753781910827057,1.1279172014734673
hula1239,aust1307,-7.496741007702933,1.202414273848734
hula1244,afro1255,-2.4226065692958185,1.6513913306999015
humb1243,song1307,-6.866675581002477,6.975545187338926
hung1275,aust1305,-5.154095075801109,2.202904147985187
hung1274,ural1272,-4.374508109934249,3.914323512748037
hunz1247,nakh1245,0.4903032243457468,0.4321474892463826
hupd1244,nada1235,-4.608854610620764,6.107424109062297
wyan1247,iroq1247,2.348206461176158,2.1516467705651428
hyam1245,atla1278,-4.372496634258305,0.9049316543963908
iaai1238,aust1307,-3.373004870970667,1.4462138392892945
iama1237,aust1307,-5.153747181367503,1.329200053276006
iatm1242,nduu1242,-3.0088217879967942,2.9903766734885107
ibal1244,aust1307,-2.6749270805616048,1.0036067167196592
iban1264,aust1307,-6.174788871196888,2.0300017290506123
iban1267,aust1307,-3.003845189588435,1.059435072619328
ibat1238,aust1307,-6.078800563986265,1.359167567528505
ibib1240,atla1278,-1.542781481082522,0.6700138801015516
icel1247,indo1319,-3.7269460351858767,3.18121660447481
idaa1241,aust1307,-5.666507802634229,1.6457721769986478
idii1243,paho1240,-0.30352855719708,1.6168855507944482
idom1241,atla1278,-4.75652522728356,0.8292408091069294
idum1241,sino1245,-2.8352535080709,1.4188891683558236
idun1242,aust1307,-5.175887638201879,1.274399174835505
nucl1417,atla1278,-1.516162897957985,0.6947387172191766
igna1246,araw1281,-2.7016536693585973,1.5003116714878066
ikkk1242,kuli1252,-2.4143759714996533,4.342574427526366
iliu1237,aust1307,-3.122700262245309,1.2020465307575643
ilok1237,aust1307,-2.5678984836273258,1.0275511076079384
ilon1239,aust1307,-2.6754308616828157,0.9918045777242276
imba1240,quec1387,-3.314712267431059,3.315057585763583
imon1245,bord1247,-2.6886401164408107,4.4194270552406
ingr1248,ural1272,-4.451209951894196,3.4589388486566834
ingu1240,nakh1245,0.7091476397177576,0.6827130895309867
iqui1243,zapa1251,-2.549886570738998,4.420179881427361
iran1262,aust1307,-5.731212331664247,1.6745336550245336
iraq1241,afro1255,-0.8119389826596528,0.8404543792370172
irar1238,aust1307,-3.559245096783605,1.1201073576261216
iray1237,aust1307,-5.12386283275591,1.3897314120214688
iris1253,indo1319,-3.4035305312266724,2.5895115699813047
irul1243,drav1251,-4.169661484932698,3.3818028117554797
kris1246,skoo1245,-2.6879363592231904,4.469378916946499
isco1239,pano1259,-6.62919545633701,3.324789351911264
isin1239,aust1307,-5.303114553510412,0.977954189815816
isir1237,kwer1242,-2.6334933612182563,3.5565203714935816
isna1241,aust1307,-3.1609141105738607,1.168407243556211
isth1240,utoa1244,0.972806061843499,0.7999827765937102
isth1242,utoa1244,0.8986597563929286,0.7685234118783528
isth1241,utoa1244,0.9263118651599468,0.7820003070894428
ital1282,indo1319,-3.782406557562295,2.3204369573138983
ivat1242,aust1307,-6.389918792654083,1.6249606286147884
iton1250,iton1250,-2.011405221171454,3.81312399925614
itza1241,maya1287,-1.238335518398333,0.8712811077163352
iumi1238,hmon1336,-5.357410741586151,6.010305000764697
iwal1237,aust1307,-3.99854397536681,0.842527042686255
iyoo1238,nucl1709,-0.4356755925025504,0.3378356527147765
jahh1242,aust1305,-1.3830264953287237,1.1466955086708062
jalk1242,mand1469,-3.8793369339552872,2.0011018298844983
jamb1236,aust1307,-6.52911930985232,2.3906185939237643
djam1255,mirn1241,1.2477306647212023,2.0439842222871114
jams1239,dogo1299,-4.435631997272063,5.380972037530153
nucl1643,japo1237,-5.009549869311207,6.419785177164036
japh1234,sino1245,-3.337737908232336,1.782406619474644
jaqa1244,ayma1253,-3.333731792762779,4.124530760278737
jara1266,aust1307,-7.036560337168159,2.372054636406986
java1254,aust1307,-6.542311764518023,2.3865040371103623
jede1239,aust1305,-1.9027793031069544,1.0697775025587664
jehh1245,aust1305,-4.944488110715334,2.140993735525658
jeha1242,aust1305,-1.906066079530801,1.10757856137651
jenn1240,drav1251,-4.231759242711859,3.043794840135326
jeru1240,sino1245,-3.909363939113156,1.281461483700582
jiba1237,atla1278,-1.8567887213506904,0.7457638817027288
jina1244,afro1255,-7.342858917113315,1.5072223871875252
jita1239,atla1278,1.5668483828898934,0.707427922875385
jjuu1238,atla1278,-1.487816829323292,0.9014381530514246
juan1238,aust1305,-3.0327005315480475,1.821941969694212
juku1254,atla1278,-4.835069360803877,0.6932946070940922
jurm1239,cent2225,-3.103745710635297,1.645968456947192
kaba1281,cent2225,-4.194960065229405,2.079852328394728
kaba1278,abkh1242,-0.4902107162900975,1.839590233541248
kaby1243,afro1255,-3.082143233977365,2.3890620836112184
kach1284,gong1255,-3.830852088267492,2.782967227603097
kada1242,drav1251,-6.9549368194567815,3.0835599864665646
cent2100,aust1307,-5.911165113305895,1.7253945417408856
kado1242,sino1245,-2.7919973924555683,1.642382870162681
kafa1242,gong1255,-6.488476143451907,2.835637330027452
kaga1256,aust1307,-5.141675121577847,1.524677837314151
kagu1239,atla1278,2.281140926510888,0.7857467998507595
kaik1246,sino1245,-3.990216754471441,1.7326370895634522
kair1263,aust1307,-4.201009616282907,1.04728299238751
kaki1249,kaki1249,-2.3360671172081484,4.0596590939612565
cacu1241,kaku1242,-2.3112962848974026,4.257928238649416
kala1399,eski1264,-2.963969242897151,4.561271315266442
kala1377,pama1250,-2.88697643959752,1.8451465921583925
kara1499,west2604,-4.181453692193834,5.863697680097472
kala1384,atla1278,1.7498515995963402,1.166066983358408
kali1308,sali1255,-3.06135168074015,2.999866507312525
kalu1248,bosa1245,-2.5604220264904844,3.375359197549355
kamm1249,atla1278,-2.0610019520386262,0.7072231535008306
kama1367,nucl1708,-3.208586877390543,2.894773461484641
kamb1316,afro1255,-3.102860487075068,1.1855090164872415
kamb1297,atla1278,1.5973092986635518,0.7789991093831112
kamb1299,aust1307,-3.5282511250416717,1.5205597366583676
kamo1255,nucl1709,-0.1718844700757245,0.7540741446789072
kamu1260,kamu1264,-4.491702015860899,5.448302828121033
kana1288,daga1274,-3.3423232194253143,4.596576796683403
kani1286,nucl1709,-0.2303500705706231,0.338759559121403
kank1243,aust1307,-2.8348971495436444,1.0074155153262536
nucl1305,drav1251,-4.31385403258419,3.213778201266435
bidy1244,atla1278,-0.7478156059411918,0.7974818778378774
kaon1241,atla1278,2.485358523689213,1.28864490651166
kaqc1270,maya1287,-0.2962191417853987,0.6412297589776941
kara1500,nucl1710,0.4641878405790112,1.2106401057679257
kara1487,aust1307,-5.426941161719716,0.9773556498239362
kara1486,aust1307,-7.608042315115879,1.5744200594955453
kare1338,atla1278,-4.347401299512976,1.015070394213228
kare1335,ural1272,-4.392230208548947,3.610287142477168
kari1311,tupi1275,-0.0532454112863516,1.1462473240485842
kark1258,pauw1244,-2.665925323483728,4.375664563625215
karn1252,aust1307,-4.29417587692625,0.921286101027464
karo1304,karo1304,0.7934848742424156,2.811357711984756
kash1277,indo1319,-4.5506309995725545,2.80911691682879
kask1239,atha1245,2.367102703365373,2.590516868688283
newa1246,sino1245,-6.705948971903359,1.4451914956798042
kats1235,sino1245,-5.793099072826324,1.8497501558952043
kaur1271,kaur1274,0.147839982204212,2.4140030007039632
kava1241,aust1307,-4.082512635668079,1.9266258503225984
kaya1315,sino1245,-5.165875246043965,1.7366378168414016
kaya1319,tang1340,-3.864653996004946,4.93352472792725
keap1239,aust1307,-4.795273978166463,1.2294168736819246
keda1252,aust1307,-3.1933209691513764,1.1351340214589118
kera1248,atla1278,-1.4307810220974728,0.7759678669721843
keig1242,kadu1256,-2.7115345453743727,4.757821298366597
kele1255,atla1278,0.2648407081663233,0.7158643998247332
kele1258,aust1307,-4.337470597539468,1.3967032020083208
kele1259,aust1307,-5.517405443558859,0.9726011951410474
keme1240,atla1278,-4.71935796296842,0.6632004969003606
keng1240,cent2225,-4.060157455832334,2.357273719082391
kens1248,aust1305,-4.657265245137395,1.2305077988191533
kenu1236,nubi1251,-2.642207405002406,5.12276994159576
keoo1238,aust1307,-6.187003828606351,1.3604127575606295
kera1255,afro1255,-7.398467545519643,1.4170654667960658
keri1250,aust1307,-6.499269397896189,2.3437063282508444
kesa1244,nucl1709,-0.503256334690422,0.3082560692290021
kett1243,yeni1252,0.5225320631083199,2.7767726382504225
kgal1244,atla1278,1.3442318071960444,1.2782314468320353
khak1248,turk1311,-4.094851762592371,4.286603722125461
khal1275,sino1245,-3.730911321434462,1.2366117715496507
kham1282,sino1245,-5.873692730626888,1.966924773117353
khan1278,atla1278,-1.405645843433073,0.6660234397694911
khan1274,aust1305,-5.223853383462788,2.2510214518362712
khar1288,sino1245,-1.8314772083063755,0.6529720622275068
khas1269,aust1305,-4.345978146902932,1.9775140783866971
khez1235,sino1245,-4.611266443068797,0.7454666199435431
khin1240,nakh1245,-0.8947316655896369,0.6161002253037617
khmu1256,aust1305,-5.143793466009393,2.122011349062504
guan1266,sino1245,-3.3305897150276587,1.7270781566075115
khum1248,sino1245,-1.8101487099520284,0.804959806802855
khva1239,nakh1245,0.5398624260034115,0.4096573914342087
kich1262,maya1287,-0.3250348434120611,0.6079343532455823
kiku1240,atla1278,1.2555593100981004,0.7250452340516702
kile1243,tung1282,-3.5976105215447154,3.810740151914363
kili1267,aust1307,-5.152657579079184,1.3729798272693854
kimm1246,atla1278,-4.3714537894628736,1.1959220425038382
kima1244,aust1307,-5.8529334114963625,1.7301837693239754
kimm1245,hmon1336,-5.535924106022209,6.019249056162336
kina1250,aust1307,-4.526259000832006,1.2369128514633765
kinn1249,sino1245,-3.8047684703125455,2.1564114568424246
kiow1266,kiow1265,1.1579322751231975,3.091555252391084
kips1239,nilo1247,-1.202758356760533,0.9759220439501703
kelo1247,timo1261,2.066964817732357,1.6452288889698448
miju1243,sino1245,-5.567155266714826,1.3466943666705615
kobo1249,nucl1709,-0.9102188602725164,0.3640912293236633
koda1255,drav1251,-4.248915751564392,3.117002872791806
koho1244,aust1305,-4.756981373758864,2.179850960597056
koir1240,sino1245,-1.776146075457368,0.6465311785610375
koit1244,koia1260,-3.301590563303269,3.362559709405393
koka1244,pama1250,-6.252189408676387,2.822462610181436
koko1269,aust1307,-7.082018431340925,1.7533692486610182
kola1285,aust1307,-3.4545337801088936,1.2591484710351493
kolb1240,atla1278,-1.9276291672858912,0.8320132859241873
kolc1235,atla1278,-4.066159230874662,0.8336858129964488
kolp1236,kolp1236,-3.2080592963246506,5.250226421817262
kolu1245,aust1307,-5.155306579184948,1.3116402361299206
komb1274,nucl1709,-1.0551836882609356,0.5694477041294093
komc1235,atla1278,-4.703501849403214,0.6400662251171321
komi1270,sino1245,-1.80807286732866,0.6540695757212429
komi1269,ural1272,-4.3693459120519,3.886928914955414
komi1268,ural1272,-4.376936694868082,3.9787062588536486
komo1260,atla1278,1.1531517809620309,0.8440028991883217
kona1242,east2433,-2.231709739903038,3.828934496090735
konk1267,indo1319,-4.439748748850663,2.9794573867162573
kony1248,sino1245,-4.904391817081588,0.9993287106694736
konz1239,atla1278,1.6756296186946074,0.7069421491000325
koon1245,atla1278,-3.976821019492808,0.8882961670701413
koor1239,gong1255,-3.748797901858109,2.811739708782996
kora1294,nucl1709,-1.6695831291108547,0.9520592648346132
kore1280,kore1284,-4.996952554702889,7.497180540577981
kork1243,aust1305,-3.22715635956406,2.447652629576265
koro1298,atla1278,-4.596837016631245,1.6172927437218565
koro1313,sout2948,-3.4678083259618315,3.918296390432797
koro1312,nucl1709,-1.1476010640934258,0.5381847235156485
korr1238,drav1251,-4.268938357846722,3.228603006054273
kosa1249,nucl1709,-1.1736884140726431,0.5832005115912207
kosr1238,aust1307,-7.128862903366187,2.7189296705969115
kota1263,drav1251,-4.228281853049134,3.042904331745312
koti1238,atla1278,0.8243900644322442,1.087599244789894
guan1269,tuca1253,-3.059230957373421,2.833895626848517
kova1243,nucl1709,-0.8380036411975866,0.6142355594883622
kove1237,aust1307,-4.820924948784043,1.1788758501377696
koyr1242,song1307,-6.692378053675696,7.181488726429536
koyr1240,song1307,-6.716543029974724,7.073269972680951
koys1242,afro1255,-2.675308387788692,1.630761194074049
kren1239,nucl1710,-0.4310934347937807,1.6084328399856327
gbay1288,kres1240,-3.444339013716836,4.865535987201755
ngeq1245,aust1305,-5.007074621713209,2.1041149100194065
kryt1240,nakh1245,-0.9093340744878016,0.6284109985370439
puoc1238,aust1305,-5.212860452448404,2.232472603850577
kuan1248,aust1307,-7.826102408264638,1.4526712519634415
kuan1247,atla1278,-0.0932781661743735,1.034478736051672
bayo1255,atla1278,-1.520937176650171,0.7587660453655305
kuik1246,cari1283,1.3024893478460169,1.6019107819638396
kuku1280,pama1250,-5.669080988302519,1.8915536337826893
kuku1273,pama1250,-3.5612996027809363,2.319274405962481
kulo1237,aust1307,-6.807192106194015,1.7946940248018717
fait1240,nucl1709,-0.5342062176985518,0.295910179761087
kulu1253,sino1245,-3.6644462042077537,1.2271647486841957
kuma1280,nucl1709,-0.7535481641773749,0.3179018094733408
kumb1268,pama1250,-6.491105576797857,3.24899388396938
kumz1235,indo1319,-3.312433038854344,2.8629588889734165
kuna1268,kuna1268,0.2346883132968611,2.5518523201142718
kunb1251,gunw1250,2.594049911733882,2.351071200308298
kuni1267,kuni1270,-0.3915892686694358,1.00952037484205
kunj1245,pama1250,-6.0267446073230815,2.248867425510631
kuot1243,kuot1243,-3.0544150249573327,5.245344000701387
kurr1243,pama1250,-6.229681023190368,2.9488408140837743
kurt1248,sino1245,-2.896724724809929,1.26520496721154
kusa1251,aust1307,-4.632482648776322,1.6607226219122353
kusu1250,kusu1250,-3.646545168928328,6.127271063097751
kute1249,kute1249,-4.108126829837924,6.267223871651752
kute1248,atla1278,-2.078742693092164,0.6775383585809234
kuyy1240,aust1305,-4.961213829219249,2.071102065249418
kwai1243,aust1307,-7.003275077006569,1.8718987532779607
kwam1252,aust1307,-2.8086576778141024,1.089523528755798
kwar1239,aust1307,-7.009018608359059,1.864589509531534
kwaz1243,kwaz1243,-1.85257947783774,3.6700973236560106
kweg1241,surm1244,-3.1926909812422384,3.225807293034072
nucl1595,kwer1242,-2.611701821020676,3.523637286005801
kwin1241,worr1236,-0.2260033337775238,1.6854589166485123
kwom1262,sepi1257,-1.501857462094767,1.195035311392635
nucl1593,kwom1263,-2.655696257862334,4.373997465123663
kxoe1243,khoe1240,-3.5354679204776938,5.120500362092804
kyer1238,sino1245,-6.708745612556277,1.4813554274463971
cori1240,atla1278,-4.368215915290071,0.9028448721610368
laal1242,laal1242,-6.414030598638235,6.697202781866781
labe1239,aust1307,-7.832400662123154,1.50221121831453
labu1248,aust1307,-3.77811936644832,0.8019014043141164
labu1249,aust1307,-5.766796377008886,1.6894615344603077
lach1248,taik1256,-5.634674539181613,5.596578792313662
lagw1237,afro1255,-4.5677989204003815,1.5318216918022485
zaye1235,sino1245,-5.135248106775699,1.6126061042119204
lahu1253,sino1245,-5.547888154825352,1.6918506382279768
lahu1252,sino1245,-5.612740136736307,1.777819311005084
laiy1246,aust1307,-3.3415575459016718,1.283775194216818
lakk1252,nakh1245,-0.0819625947380306,0.4766148312844809
lala1268,aust1307,-4.41236899673158,1.0462027098700206
lala1264,atla1278,2.38366366692856,1.243783565667453
lama1277,aust1307,-3.323458419796862,1.1869127068556171
lama1288,afro1255,-4.685124183043923,1.3815231003951771
lamb1269,indo1319,-4.476365064352516,2.8771085739379085
lamb1273,aust1307,-3.5699665877273907,1.5889010102384669
lamb1272,atla1278,2.1462397829200306,0.9021144741340664
lame1260,aust1307,-3.5210300210122467,0.8846269857780502
hela1238,sino1245,-6.701998582001334,1.4197653838743651
lamk1238,sino1245,-1.5388010192603478,0.6284533334024838
lamo1244,aust1307,-4.766615315234874,1.1265566226772543
land1256,atla1278,-0.9013214853738734,0.7395009112655844
lang1320,atla1278,2.2795574316006366,0.6778672347137906
lang1324,nilo1247,-1.636663492781013,1.1177323548850635
laoo1244,taik1256,-5.449273407811601,5.6796148639057
lara1258,lara1258,1.4342464745484866,3.166660128401139
lard1243,tang1340,-3.735132083120265,4.927722335315787
lash1243,sino1245,-5.486560820193077,1.3877649611723593
teke1275,atla1278,-0.1979606726586955,0.7290240259979548
latv1249,indo1319,-3.9606959977212375,2.7597307495843904
lauu1247,aust1307,-7.021271043559066,1.880725027042684
lave1248,aust1305,-5.007055855710817,2.077851854754533
lavu1241,lavu1241,0.2429442880988346,2.5930477183361003
lazz1240,kart1248,-2.3189630504132195,3.52000338747324
lega1250,atla1278,1.3774976754933728,0.9178534563583548
lega1249,atla1278,1.599082000941214,0.9819645907710112
lele1276,afro1255,-7.326775036329671,1.476491832336059
lele1267,aust1307,-3.046722888301378,0.9634365766153844
lele1270,aust1307,-4.332827202575686,1.413507688038715
lemb1266,nucl1709,-0.8443883950257187,0.4425157912567723
leme1238,aust1307,-6.805062952697304,1.3755258292784358
bela1260,aust1307,-3.3826734087661263,1.7906721800957293
lena1238,aust1307,-2.7670515187055744,1.0595672347444438
lend1245,cent2225,-1.8431344189007084,1.26181134408053
leng1259,aust1307,-6.981578517058075,1.8253240295949595
lepc1244,sino1245,-6.170475509336036,1.2911215993770142
lese1243,cent2225,-1.6337334192800217,1.243677458102944
leti1246,aust1307,-3.07170187679606,1.2609791806496338
lewo1242,aust1307,-3.4222998914282714,0.911492194112272
lewo1244,aust1307,-3.327740536433208,1.201820944334023
lezg1247,nakh1245,-3.447067894520454,0.6041961332998325
lian1251,sino1245,-4.502743838417775,0.714885571272335
libi1244,atla1278,0.7721760261026227,0.4510035486585497
liby1240,afro1255,-3.802482046048116,2.376984076156262
lihi1237,aust1307,-7.695841613748853,1.6408294560666778
liji1238,atla1278,-1.864446060411967,0.8011759149140518
lika1243,atla1278,0.4237150017442208,0.6962719409555334
lill1248,sali1255,-3.372682711149796,2.8580377678561844
nucl1327,limi1242,1.576151699504165,3.309502708838939
limo1248,aust1307,-3.088283065476056,1.0420023327754002
lipo1242,sino1245,-5.746725882624463,1.716695471238454
lisu1250,sino1245,-5.618496756573452,1.415936073491071
lith1251,indo1319,-3.94287059219861,2.708507774226668
lito1235,atla1278,0.6374211614524232,0.5232114894179132
livv1243,ural1272,-4.442125695961284,3.469237646268315
loba1239,atla1278,0.7813596030362664,0.4978832581486108
logo1259,cent2225,-5.241817936969382,1.3957526988717186
balo1261,atla1278,1.033531454171769,0.5173532825248408
loka1252,atla1278,-1.8376018039991715,0.7022973680622915
araw1276,araw1281,-2.9000544962717894,2.067559812816386
lolo1259,sino1245,-5.751788268795145,1.715234207367775
loma1260,mand1469,0.2667070548822949,1.242488337453875
lomb1257,indo1319,-3.4393058877861886,2.158339779166296
chiq1248,chiq1253,-1.821962969754359,3.689120740939988
acha1249,sino1245,-5.204680641479424,1.3231497531043956
long1395,aust1307,-6.982162037747743,1.8458401791599632
loni1238,aust1307,-4.287478048133788,1.419958574943366
lonw1238,aust1307,-3.687922275743392,0.8844852311472122
lote1237,aust1307,-5.086462002089648,1.3036054952066234
loth1237,sino1245,-4.633593509985905,0.8122141766708282
lotu1250,aust1307,-5.955913136051528,1.750016162923119
louu1245,aust1307,-7.0740825045750775,1.373150724676332
vano1237,aust1307,-4.196837775986166,1.6468944425824432
lowl1260,tequ1244,-2.0089400697761093,3.896275173245919
lowl1265,utoa1244,1.8864621211104,0.9230230034817328
lozi1239,atla1278,2.2365878002342425,1.1365903139840956
luan1263,aust1307,-3.0591376941750488,1.274200175811206
onto1237,aust1307,-7.235971175297558,2.022066830974346
lubu1243,aust1307,-2.958299529158068,1.0217091082829262
luch1239,atla1278,2.064529318739588,1.225950995018617
ludi1246,ural1272,-4.376230890123514,3.593794345125147
lugb1240,cent2225,-5.028362623012364,1.435701756111346
lugu1238,atla1278,2.190759865044736,0.813454138648761
lule1254,ural1272,-4.373926064650583,3.732086017917257
lumb1249,atla1278,0.142756739326705,1.0179905428928944
lumu1239,narr1279,-0.986540877159849,1.4525214488994769
lund1266,atla1278,2.3442370650350783,1.3238866661379518
lund1271,aust1307,-6.080233835117386,1.7857066553815333
luok1236,nilo1247,-0.97765825703707,1.0186527483119685
luse1252,atla1278,1.2084845890931182,0.6209881225237872
lusi1240,aust1307,-4.707249718867718,1.1127420350762265
luva1239,atla1278,2.102008387832959,1.2355809041432373
maan1238,aust1307,-5.992505401867597,1.917733827895176
maas1239,atla1278,-1.9515359699948265,1.1361178980729
maba1270,atla1278,0.6004585761021204,0.5516290021128984
maba1277,maba1274,-1.183209591916499,2.1777209780649205
mace1250,indo1319,-3.821652848045223,2.3992112550866604
mach1267,araw1281,-3.6514884759696864,1.9629913438337248
maco1239,sali1297,-1.979321546340198,3.9087528691116953
macu1260,tuca1253,-2.9663664999109383,2.8972777165366086
mada1285,aust1307,-4.962183189054553,1.5562144002197371
jama1261,araw1282,-0.1224122507512461,1.960002298913776
madn1237,east2374,-1.149557035818167,2.9019809397039085
nucl1460,aust1307,-6.395780391571724,2.0971721091703834
mafe1237,aust1307,-3.936758921949121,1.0090943493196631
maga1260,indo1319,-4.864282266399483,2.492845620389039
maga1263,aust1307,-5.3392723964288455,1.213845206586603
magd1235,otom1299,-6.673424035473979,1.835928025322711
magu1243,aust1307,-4.519819932493541,0.9060423733711476
maia1254,nucl1709,-0.3467047584256446,0.3869133818182746
maia1253,nucl1709,-0.2879371665625423,0.3725758073107874
mail1248,mail1249,-3.165939848146897,5.169524608471446
nucl1594,mair1253,-2.0360244315101546,3.842356455107259
mais1250,aust1307,-5.05041501526301,1.092959742676693
mait1250,indo1319,-4.876796388767194,2.4134716044584685
maja1242,surm1244,-3.2476264222316718,3.219083931732211
maka1311,aust1307,-3.2194660700919697,1.3129149211350564
makc1235,taik1256,-5.666892174032943,5.638288571979817
makh1264,atla1278,1.026141159625567,0.9491859535840276
makh1266,atla1278,0.9261922274287188,0.938726043732137
mako1251,atla1278,1.7572868411974758,1.0232610809993892
mala1463,drav1251,-6.763449487647325,3.523069558164988
mala1534,aust1307,-3.135988005052467,1.0839493154717346
mala1464,drav1251,-6.831536060449109,3.3719064306315927
mala1522,chib1249,0.0053367682244065,0.97046840827044
male1284,gong1255,-6.454637485454684,2.747619048423519
male1289,aust1307,-4.4945739264073,1.012645700867557
malg1251,afro1255,-7.383768722722518,1.4912284969360643
mali1284,bain1263,-3.221486224233902,5.247053782941402
mali1285,otom1299,-3.8530336507523857,1.9419826016393344
malt1254,afro1255,-3.0440339003158967,2.398065476053585
malu1245,aust1307,-3.858169119622056,0.922385108133561
mamm1241,maya1287,-0.5147462029889094,0.5822243194743617
sauk1252,nucl1709,-0.080051625569145,0.3832011640254924
mama1275,aust1307,-4.115404513406465,0.9863446978930704
mamb1306,aust1307,-5.761834473885864,1.2317099162368803
mamb1294,atla1278,-4.63524333980796,0.9655145516676747
mamb1296,atla1278,2.344476754565405,1.0977605666234993
mamv1243,cent2225,-2.3970744997636544,1.2957667028720872
mana1295,aust1307,-3.9302387823998552,0.8963304018331115
mana1298,nduu1242,-2.9390230670690194,2.9665960082277127
mana1288,sino1245,-6.719495247562054,1.6515273623019269
payn1244,nucl1709,-0.7486564723932472,0.3363633768799028
mand1440,aust1307,-7.637002755638871,1.6371080710349082
mand1415,sino1245,-5.6415219243471055,3.255978603202317
mand1436,mand1469,-3.7009443204916734,2.1400131832467792
mang1378,aust1305,-5.18610290495038,2.1538958679692133
rapa1245,aust1307,-7.004584393585138,2.9668113363463355
mang1401,aust1307,-6.9617534758670665,2.9683069392644805
penr1237,aust1307,-7.023935404345165,2.934672076180587
mang1381,mang1423,2.043675806050371,2.899575218851236
mang1394,cent2225,-2.8721618034684115,1.4219534231264266
mang1404,aust1307,-3.807280202073044,0.8157193790515542
mang1405,aust1307,-3.431745920970946,1.3987619089223235
mang1403,aust1307,-7.777351821549715,1.2858029344206443
tong1308,aust1305,-1.812748487894932,1.387136034843433
manm1238,aust1305,-5.125281055107919,2.1257860088840728
mans1262,aust1307,-4.385370576287766,1.068018607439594
mans1260,hata1242,-2.342602494659197,3.2132924796824334
manu1258,aust1307,-3.444644542650777,1.285149583379951
maon1241,taik1256,-5.6406875514850965,5.637540064271777
maor1246,aust1307,-6.846980033087287,2.884820026776108
mapo1242,aust1307,-3.7826099857410886,0.8064923471187289
mapu1245,arau1255,-2.4582431450284328,5.040952252512805
mara1382,sino1245,-4.724062195603176,1.005625978963896
mara1399,aust1307,-3.798925528408797,0.8983088899784235
mara1379,sino1245,-4.556722562448904,0.6860534584641593
mara1404,aust1307,-4.308954124765716,0.874090018441283
mara1386,west2434,-4.467302522783656,2.416255442527385
mara1396,tama1329,-3.5781844988933944,5.141094601011971
mara1378,indo1319,-4.556119412440664,2.8686733402689715
marg1253,pama1250,-6.386246922923104,2.7823570499543457
marg1265,afro1255,-4.645874665377651,1.3590039303877344
mari1414,drav1251,-7.415209536771463,3.7216502379006418
mari1440,coch1271,-0.1341936952582307,1.8391349183251648
mari1428,aust1307,-3.976925000783455,0.7883709169420863
mari1416,sino1245,-4.238937693718324,0.6147538893736257
mari1424,west2434,-1.680426075443533,2.376051569086326
moro1289,moro1289,0.6132807824805853,2.5846238778088084
maro1244,aust1307,-4.549642765432221,1.672237135848925
mara1385,mang1423,2.0093603689934394,2.925939649106132
mars1254,aust1307,-7.049371610297946,2.840097268413812
mart1255,pama1250,-6.211456205608427,2.999397654714741
maru1249,sino1245,-5.588356529715207,1.558614167685768
maru1252,pano1259,-3.735232737271918,3.191646310933152
masa1322,afro1255,-7.3976983647759,1.4627089998614071
masb1238,aust1307,-4.478721513854751,1.2056621011128428
mask1242,aust1307,-3.628187758272343,0.866197195112818
matb1237,aust1307,-3.420041032287221,1.2527280768932494
kemb1249,aust1307,-6.353280288054247,2.1387704171573363
mati1250,aust1307,-1.4086516428768885,0.7722236095524222
mato1252,aust1307,-3.7095985870391583,0.7960373070486515
mats1244,pano1259,-3.689167691767704,3.200084773770021
matu1261,aust1307,-3.804048148622646,0.8071514041406012
matu1259,atla1278,2.085935587065997,0.9528192602811458
mauw1238,nucl1709,-0.2594998070448766,0.3860762541244398
maun1240,iwai1246,1.6077247405335742,3.379243743067976
maxa1247,nucl1710,-2.978096422054278,1.899984349569904
maya1285,misu1242,0.4113620333866516,1.3164299063495992
maib1239,mayb1237,-2.010138897498793,3.825561015461625
mayo1264,utoa1244,-0.4975916221724974,0.9972540039463632
mayo1261,atla1278,-2.6867709504982744,0.7518721204233243
maza1304,afro1255,-4.73684561780378,1.309343316104326
mbaa1245,atla1278,-0.0112398117451548,0.7200582092408778
mban1263,atla1278,-2.8249568052644007,0.7788103003318332
mbar1260,afro1255,-4.549504215852114,1.5197824726463385
mbay1241,cent2225,-4.471382575329253,2.0094705600523106
mber1257,atla1278,-0.7296486645418072,0.7181129618874831
mboc1235,atla1278,-1.6270305961996498,0.5966823770619403
mbol1247,atla1278,0.8128383014806388,0.7980710154653137
mbug1242,atla1278,2.097396748601385,0.7091694515029552
mbul1263,aust1307,-4.34911491369384,0.9450768862748244
mbya1239,tupi1275,0.6231764036748544,1.4359445059113387
meen1242,surm1244,-3.2991221204007326,3.172649701878192
mehe1243,sepi1257,-1.7528485932752431,1.1911635916732664
saki1248,tupi1275,0.3568425091981027,0.8738784037535652
meke1243,aust1307,-4.213386856593937,0.952434006227728
melo1242,gong1255,-6.512310948458299,2.7211715286747937
melp1238,nucl1709,-0.9464700378056954,0.3648744210414136
mend1268,sepi1257,-1.7481078248144164,1.208539667399716
mend1266,mand1469,-2.707265960651853,1.5612718020347929
meng1267,aust1307,-5.0886122770405535,1.3361955659110674
meny1245,anga1289,-0.8199086300312657,1.363620695895853
mera1242,aust1307,-5.081107987209943,1.3594933184665514
mere1242,aust1307,-6.722572046758066,1.0842181440183722
meri1244,east2503,1.4333675014264493,1.8781774864991456
meru1245,atla1278,0.9543496593872064,0.7483311674049693
mesc1238,atha1245,3.4342719783858504,2.673066097057168
meta1238,atla1278,-4.597509054095839,0.646264374744641
meya1236,east1459,-2.0432986331388,3.852954034990265
mezo1235,otom1299,-3.7484918358853534,1.9051868339077045
mezq1235,otom1299,-3.533591728348004,2.1819750200564503
mian1256,nucl1709,-0.4366139326443226,0.5047523657137027
mich1245,utoa1244,0.6196366587172437,1.1778094976697275
midd1357,pama1250,-6.452924270773879,3.226773547753581
midd1327,aust1307,-3.7185491065394456,0.8122068305834853
miga1249,afro1255,-6.806679798359366,1.7982754758790014
mika1239,musk1252,1.9722255467851493,2.7190923071877826
mikm1235,algi1248,-2.706952043679565,3.0530510518698044
mila1245,sino1245,-5.358190972220943,1.2936318915830602
mina1276,afro1255,-7.483035276526078,1.3289446112965155
mina1268,aust1307,-6.477618012105733,2.258015758165069
mini1256,huit1251,-2.53713297206836,3.5535990424171047
mini1251,aust1307,-7.818949982204611,1.443384370840242
minn1241,sino1245,-5.35211114888802,2.771594735988561
miri1266,jarr1235,1.1591961425397157,2.995162551745331
misi1243,aust1307,-4.993114723034641,1.6709994348686674
misk1235,misu1242,0.0182206422798798,1.4129641096931935
mixt1426,otom1299,-6.85039565116595,1.977192758478977
miya1266,afro1255,-7.303518260720271,1.4291672647340032
miya1259,japo1237,-4.854288521857992,5.839959511586611
lush1249,sino1245,-1.941879484586108,0.8955193812387279
mlab1235,aust1305,-5.022777330337649,2.133622191669112
moba1244,atla1278,-4.841948048060029,1.3427804008689206
moch1257,maya1287,-0.6218116519129646,0.5510326078144159
moco1246,guai1249,-0.0667103852393009,1.9136503230317403
mode1248,indo1319,-3.641004957413398,2.571973606560679
hebr1245,afro1255,-1.0945480246314936,1.2557983557071326
moha1258,iroq1247,2.204424502366046,2.3065684391019463
moii1235,west1493,-1.927536853255177,3.7728597898419816
moke1242,aust1307,-6.4983416721649645,2.49414926885844
moki1238,aust1307,-7.135652841356217,2.6867214206542
mokl1243,aust1307,-6.392565416163978,2.365083330525593
mokp1239,atla1278,-1.1535498464976803,0.6766252916069693
moks1248,ural1272,-4.075173830678727,3.645417864795695
molo1266,afro1255,-4.696972267003838,1.3816573374043315
nucl1452,momb1255,-2.0475906575473264,3.897021823346825
fass1245,baib1250,-2.6614241423554352,4.41471686244437
mong1338,atla1278,1.50001990855639,0.920941723319448
mono1273,aust1307,-4.965376004853326,1.5884678811221065
mono1270,atla1278,-3.0469759968245578,0.871025721860347
mono1275,utoa1244,-1.8862065513949855,1.245484281808153
nucl1458,monu1249,-2.298312902586635,3.981566353634735
mopa1243,maya1287,-1.2029012615986658,0.9158110289422172
more1259,utoa1244,1.550163603657242,0.7676854967319215
mori1269,aust1307,-3.04780952457796,1.1938989288285071
mori1268,aust1307,-3.0618900924107497,1.191062257924839
morm1235,aust1307,-3.4849803707125107,1.0113344267432147
moro1287,aust1307,-3.208844791541906,1.2077016363788775
mort1237,aust1307,-4.409612666202031,2.4545289888923723
mose1249,mose1249,-2.1699366677797496,4.112310837428334
temb1272,atla1278,0.703009741514836,0.5346138622130487
motu1246,aust1307,-4.706573094084105,1.1415318204255185
mouk1239,aust1307,-4.717749537243334,1.1065240436148631
moun1252,koia1260,-3.4020321237299163,3.310872738581557
movi1243,movi1243,-2.0641040730090467,3.89453658981002
tang1347,aust1307,-6.687999115601006,1.0275478834933134
moyo1238,sino1245,-1.6743814108019368,0.615829662597486
mpad1242,afro1255,-7.268661068706461,1.6438116095976678
mpii1239,sino1245,-5.439226740733239,2.07067456396606
mpot1240,atla1278,2.249791841853014,1.0001591763126836
mpur1239,mpur1239,-2.02335979218171,3.850833659666175
mual1241,aust1307,-6.309871125123277,2.1363750541154776
mudu1242,aust1307,-4.733913117465806,1.241320485623823
mudu1239,drav1251,-4.197183433093412,3.077452297290627
mull1237,nort1547,-1.1421058456021398,2.8946747397748265
nucl1240,atla1278,-1.9638868979370117,0.7242632868492658
muna1247,aust1307,-3.347968771306778,1.1983578769882255
munc1235,sino1245,-2.2293788901056977,1.3718507472547063
mund1328,atla1278,-4.794623449289861,0.653523010145463
mund1325,atla1278,-1.850916087122973,0.9982701720561432
mund1320,aust1305,-3.1719803067674484,1.840473555634356
mund1326,atla1278,-2.715669368084301,0.9875118823409954
mund1330,tupi1275,0.7404941142991901,1.25906193060682
abar1238,atla1278,-4.792179326749714,0.6527160771993357
murl1244,surm1244,-3.0999612909218808,3.198872287057128
murr1258,sout2772,-1.2765041736913645,3.0338666256029594
muru1274,huit1251,-2.525852631219499,3.5647395228786145
muru1266,pama1250,-3.7146323664330794,2.852981431850207
musg1254,afro1255,-4.610203637446976,1.4667567253617104
muso1238,aust1307,-3.697429310022028,0.7871492373910289
muss1246,aust1307,-4.595022924959359,1.69039736140099
muth1236,drav1251,-4.1444524589372165,3.1953819649306627
muyu1244,aust1307,-5.085517086937706,1.5730808405026693
mwag1236,afro1255,-4.65522779335609,1.3006460308476058
mwan1250,mand1469,-3.459465457428489,1.799995709988
mwan1247,atla1278,1.3715002722480554,1.0529172087378882
mwer1248,atla1278,2.027751703891422,0.9800654779155789
motl1237,aust1307,-6.792910703938656,1.394014488685439
naas1242,sout2948,-3.5010562979364064,3.9028177803949946
naba1256,nucl1709,-0.1554476767816646,0.4121045913586751
sout2857,aust1307,-3.635090148895295,0.8815161049635716
naka1262,aust1307,-7.745260642055501,1.3012248961969073
nalc1240,nucl1709,-3.861603652707513,0.5716854435067713
nali1244,aust1307,-4.8876214519918255,1.5640937897228682
litz1237,aust1307,-3.8067681456866014,0.883503596190411
nama1266,more1255,-1.4142946064711714,1.1276623751550758
namb1293,more1255,-1.3625394051156543,1.1448907084108786
nami1256,sepi1257,-1.809450148249918,1.251611842485234
namu1246,sino1245,-5.946877599031114,1.771690919688388
nana1257,tung1282,-3.612439696173648,3.622458795841631
nand1266,nilo1247,-1.5699371249505036,0.9347822121150412
nang1262,aust1307,-4.23942683926262,1.7612221504453365
nara1262,nara1262,-2.524888215145153,4.653042610026412
naro1251,aust1307,-6.205942114904159,1.9006288495075925
yong1270,sino1245,-5.853265507999866,1.6677913858532412
naru1238,pama1250,-3.6751112857980415,2.968539863561583
nati1244,aust1307,-6.447684122293975,0.8815662920877081
natu1246,aust1307,-4.239354062548698,1.7701545525999265
naue1237,aust1307,-5.785451158766748,1.2716811240166503
naur1243,aust1307,-7.083754327505687,2.6241818072088705
nava1243,atha1245,2.5085299472046163,2.2829949942746577
nawu1242,atla1278,-4.777908155582978,1.0431993116865232
naxi1245,sino1245,-5.769563579178966,1.557930720532842
ncan1245,atla1278,-4.715529953483685,0.6427412803273782
ndam1239,atla1278,2.375114330833025,0.8614945019820937
nden1248,atla1278,2.064131700068897,0.9200416936568568
ndob1238,atla1278,1.0880224758711945,0.4778736896404894
ndog1248,atla1278,-3.368853481634524,1.2631839934926925
ndun1249,atla1278,0.1915746788516132,0.5718084659558444
negi1245,tung1282,-3.6853077794768367,3.633326325433239
neha1247,aust1307,-5.016392567996329,1.6404776441997957
kuma1276,aust1307,-3.741811456114637,1.6611072901171564
nenn1238,more1255,-1.4062357415788935,1.1565642977788766
nend1239,nucl1709,-0.7782264132017966,0.3272874655492908
neng1238,aust1307,-5.986393109789009,1.5561173077254775
nucl1706,afro1255,-2.491137951711238,1.7199772635155854
nepa1254,indo1319,-4.991913248040878,2.488659282842256
nese1235,aust1307,-3.862877659925567,0.9229602107713042
vinm1237,aust1307,-3.801582167299551,0.8796076850205745
ling1265,aust1307,-3.779872795467269,0.8732174589908608
nezp1238,saha1239,-0.0483161823244429,1.9174263499588375
ngaa1240,pama1250,-3.229795529569934,2.5327636394813897
ngab1239,chib1249,-4.173904132218178,1.5338046675537216
ngal1292,gunw1250,2.758154916705034,2.387233555941068
ngam1268,cent2225,-4.545639008028671,2.003571284242314
ngan1291,ural1272,-4.0126060330426405,4.009669549490571
ngan1295,gunw1250,2.5526342154422634,2.3106964366767944
ngar1235,pama1250,-1.7034223646892883,1.4725509713757656
ngar1283,mirn1241,1.4608128269038727,1.952232660585386
ngas1240,afro1255,-4.716225412736611,1.279795740299856
ngba1284,atla1278,-2.9793377833762964,0.8506814254947113
ngba1285,atla1278,-2.3411166381905515,0.5955860863151319
ngge1241,nucl1709,-1.0375318608665371,0.649451866289783
ngit1239,cent2225,-1.2883335852691364,1.2048948081618738
wang1291,pama1250,-6.494022715386903,2.975772764378803
ngom1268,atla1278,0.7234187602825295,0.5518953878750725
ngul1236,aust1307,-5.373458791018651,1.8779751058363363
nhan1238,pama1250,-3.6682479341741727,3.126037850511401
nhen1239,tupi1275,-0.4417388914161804,1.2671482750874592
nias1242,aust1307,-3.7542959350641674,2.1226780883283034
niha1238,niha1238,-5.899286978793768,7.350227517401473
nila1242,atla1278,2.1832863397111213,0.7816855425085727
nucl1633,nimb1257,-2.622726899662784,4.416235483920927
labo1244,aust1307,-3.714955891246011,0.8828746276856609
nisg1240,tsim1258,-2.3188209409983216,4.600722550372324
niua1240,aust1307,-7.022611332234289,2.913309006211094
niue1239,aust1307,-7.027386633546707,2.922951049881629
niva1238,mata1289,-1.9384222546588663,3.931226368591316
njan1240,atla1278,-4.650530864797985,0.7015079190666906
nkon1248,atla1278,-2.0486819050699467,0.8134657324396262
noct1238,sino1245,-5.068272032896108,1.1001204254699264
noku1237,aust1307,-6.766983696874164,1.2015612194894896
noma1260,atla1278,-4.0781702631437255,0.5774627895056241
noma1263,araw1281,-3.89845154557903,2.0177699513591545
noon1242,atla1278,-1.6018863346706116,1.1341525098942995
noon1243,atla1278,-1.9326359834778148,0.6338414271481412
nopa1235,otom1299,-4.086169317047339,1.9118935417699543
nort2839,aust1307,-6.431957888813312,0.9089158728246812
nort2697,turk1311,-3.669662220368303,3.312099110386818
darg1241,nakh1245,-0.0229854276063723,0.5400070305349489
nort2930,kiwa1251,0.934751425704326,1.9990179789891835
nort2836,aust1307,-5.762248199478737,0.9672789666104205
nort2724,sino1245,-5.701770422818474,1.508051748195836
nort2972,choc1280,-2.980469262697575,3.3241890969367063
nort2702,drav1251,-4.5817293605956895,3.5401770029309487
gumu1244,gumu1250,-2.985162232240644,4.207565317643973
nort2938,haid1248,-2.396852297503657,4.658422159770301
sing1264,sino1245,-5.150434352578965,1.1394450278975476
nort2877,aust1307,-5.66836917012086,1.0152341286894249
nort2684,aust1305,-4.90401762730657,2.077430275058865
lush1252,sali1255,-3.3423295569727727,2.787290303140151
nort2774,atla1278,-0.2555437485231082,0.6246503846892075
nort2954,utoa1244,-0.9578365671033264,1.2126544985934895
nort2957,utoa1244,1.5462742104803828,0.7249030207296361
nort2723,sino1245,-5.9245527707294965,1.7177174350664783
nort2747,hmon1336,-5.546665076403322,6.086135267620427
nort2722,sino1245,-3.309669519072417,1.8612418537157411
nort2994,aust1307,-6.860402947964692,2.399309664527401
nort2885,aust1307,-4.009631766204995,0.9303150591858708
nort2959,utoa1244,2.0916566431397667,1.047019189811042
tosk1239,indo1319,-3.8829639680457104,2.396840612410097
nort2732,sino1245,-5.839315804256562,2.644399048701672
nort2690,turk1311,-4.268751594762984,4.281384176495399
yoku1256,yoku1255,-4.356036342141588,6.2082553043544655
nort2745,yuka1259,-2.721125900700227,5.470342903467174
nort3047,afro1255,-4.696649141874189,1.3684568206950187
nort2980,quec1387,-3.7302556003998766,3.504258272198805
nort3139,afro1255,-1.588059170567161,1.2405265686949942
nort2845,aust1307,-6.959457070501971,2.9669035960205496
nort2671,ural1272,-4.38505127005728,3.75689048653447
nort2942,atha1245,2.499047016116302,2.6402560817718053
nort2847,aust1307,-2.6736925779650007,1.0514248098219383
nort2961,algi1248,-1.0361125475502362,1.7632056812869958
nort2775,atla1278,-4.125762328226358,1.047288011777587
nort2951,maid1262,-1.7136735348171366,3.6012943031566005
yaki1237,saha1239,-0.545829511949061,1.9622456112389572
nsen1242,atla1278,2.02228305282536,1.2510571613088342
nuer1246,nilo1247,-2.0624524739998376,1.3846061272085315
nugu1242,atla1278,-1.2229893662781557,0.535473274252511
nukn1238,nucl1709,-0.197453107056265,0.400042309881675
nuku1260,aust1307,-7.243683083652536,2.444156806638585
nung1282,sino1245,-2.924631436579896,1.3801780261562158
nupe1254,atla1278,-4.767058309770883,1.0810712146529626
nusu1239,sino1245,-5.595906646305796,1.4125341511017853
nuuc1236,waka1280,-2.5368906322150773,3.8831873068342873
nyah1249,aust1305,-5.009589569988505,2.0740459904331
nyah1250,aust1305,-4.9352194260778015,2.148057851017484
nyak1260,atla1278,2.2572027691316574,0.8785702847549413
nyal1250,atla1278,1.197617279860097,0.728270390502674
nyam1285,afro1255,-7.540963610662144,1.1853573806760842
nyan1307,atla1278,1.8118958926546649,0.7374878028178813
nyat1246,atla1278,2.2548062946797724,0.7762591408309145
nyaw1247,pama1250,-6.344649372087002,2.6404767992529763
nyig1240,nyul1248,-2.2877385405643724,2.948693334932937
nyis1236,sino1245,-2.349588486846289,1.036335560423744
nyor1246,atla1278,1.4534990126092828,0.6960236673212057
nzak1246,atla1278,-1.6118098400940828,1.0095340809081603
nzak1247,atla1278,-0.7278925964163621,0.8133548216805071
obok1239,lake1255,-4.662505624019224,5.794999262298065
obom1235,aust1307,-1.59594156940803,0.820395557408796
occi1239,indo1319,-3.2181108008939123,2.1569322423130477
ocot1244,otom1299,-4.04837359551647,1.8390927967476465
oriy1255,indo1319,-4.649285888010088,2.5728209403270705
ofay1240,nucl1710,0.2425380663386125,1.3951752756744913
kalm1243,mong1349,-4.911054700519682,5.3001639696921865
okan1243,sali1255,-3.19234341232963,2.7355125199516914
okin1246,japo1237,-4.9253134548835,6.009660516203401
okoe1238,atla1278,-2.0292267643662254,0.924029433826421
oksa1245,nucl1709,-0.2124521270349206,0.4842417045908167
oloo1241,nucl1708,-3.396783171162558,2.8321322697409848
olut1240,mixe1284,-2.550292123878544,2.8642007648204317
omah1247,siou1252,0.8027205073716317,1.9162159387951412
omie1241,koia1260,-3.620830247840784,3.356191449181793
onge1236,jara1244,-4.020057631964476,6.731489465440854
bira1253,bira1253,-2.6339321927994543,4.5581812082977375
onon1246,iroq1247,2.3223552544713115,2.125556554247696
orma1241,afro1255,-1.5771434671910842,1.035440346518695
oroc1248,tung1282,-3.6110761983653865,3.5496915857999958
oroh1237,aust1307,-6.988740253018093,1.892730260332117
orok1265,tung1282,-3.414712024636554,3.783813279209122
orok1269,nucl1709,-1.4603346183145185,0.7633120402938269
orok1267,nucl1580,-2.289594700725879,3.92834284321623
orow1242,aust1307,-6.340936284559604,1.6715793941880683
orya1242,toro1256,-2.63652606757425,4.417926679080118
osam1235,atla1278,-0.9355349492930056,0.761709828386099
otor1240,heib1242,-2.798152373026512,3.8207735963057257
otta1242,algi1248,-1.7242400740773265,1.996386473145629
owaa1237,aust1307,-6.9772552236739696,1.896622319429171
paaa1242,afro1255,-7.298776599824934,1.4693607969596505
paam1238,aust1307,-3.56415913804768,0.8974409962765595
paas1238,atla1278,-4.780643621601591,1.1578055023836704
paco1243,aust1305,-4.973125789887699,2.161160594228175
pagi1243,atla1278,0.0337601649050558,0.6016672841787303
pagu1249,nort2923,0.3954038034118845,0.7090058656669198
pahn1237,hmon1336,-5.531397075277684,6.023244971077454
pait1244,sino1245,-1.207124196638474,0.6146166233753636
paiw1248,aust1307,-3.908682778895456,1.6881452777931054
pala1344,aust1307,-1.6242634069776378,1.5920861182857635
pali1279,araw1281,-3.689010531944545,2.518954181208569
balu1257,aust1307,-4.317448769445647,1.3394978529361978
pamb1243,atla1278,-0.7532647731167961,0.7020172725744551
pamo1252,aust1307,-3.1249336900618023,1.2303165223705772
pamp1243,aust1307,-5.37216957355204,1.242549113585489
pana1307,nucl1710,1.0575022719843203,1.219466915958197
enap1235,cari1283,1.256951548838598,1.5988868723884089
pang1290,aust1307,-5.464591065462252,1.124501714715759
pang1291,aust1307,-5.215229455487702,1.4602191342472626
pang1287,atla1278,2.296357518238146,0.8909903364929983
pano1254,pano1259,-6.463345796116848,3.1935590075761944
pany1241,pama1250,-6.20423303242195,2.875368110276689
papa1238,toto1251,-2.673510990639405,2.2859758617614805
papa1265,aust1307,-5.00902663442541,1.5839609715735783
papa1268,aust1307,-6.021882521620515,1.7540404234128495
para1302,sino1245,-4.795477791137192,0.9413838531718888
pare1272,araw1281,-2.5180594108758148,1.7862882563556264
pate1247,aust1307,-6.520929364792257,0.8123749297036138
patp1243,aust1307,-7.77825474914148,1.558182101251078
patt1248,sino1245,-3.699285962298023,2.306894919599106
paul1238,aust1307,-3.472943929285618,1.3019541496062503
paun1241,araw1281,-2.683250918001103,1.5016919064208132
pawa1255,pawa1255,-2.268113973428548,3.936271736935028
pawn1254,cadd1255,1.2388750353689255,3.1939075095654825
pech1241,chib1249,-1.0399099591223286,1.6039302918658906
peer1241,atla1278,-2.062071294933269,0.7349928772468335
pela1242,sino1245,-5.238671868641895,1.3503600834898046
pele1245,pele1245,-3.1616161679630745,5.179102713751581
pemo1248,cari1283,1.1218721245360257,1.320216443742181
pend1242,aust1307,-5.7700799934575935,1.4373156921330503
peng1244,drav1251,-4.6204851863878655,3.590240332133352
peri1253,mong1349,-5.794691952964854,5.575737835607929
phak1238,taik1256,-5.14736791425476,5.564435863174679
phom1236,sino1245,-4.7840665225847,0.9330642722440476
phon1246,aust1305,-5.180152721078723,2.212740402139187
pich1237,araw1281,-3.9610082701333367,2.0056549515262887
pila1245,guai1249,-0.5753515388352484,1.8896651468044583
pima1248,utoa1244,-0.5583039316049376,0.9214351221772396
pina1252,piaw1238,-2.7970300874938694,3.618494722656349
ping1243,aust1307,-7.13697535409173,2.695126170534925
pint1250,pama1250,-5.607201501920804,2.316441594543008
pipi1250,utoa1244,1.6107436706388492,1.3959931949381907
pite1240,ural1272,-4.364528651031346,3.7174768603576034
plai1258,algi1248,-2.793604806349117,2.4107842936605657
plat1254,aust1307,-4.243071664478689,2.71398002914313
pnar1238,aust1305,-4.233745069624037,1.9516856240895937
pohn1238,aust1307,-7.13828606006338,2.657443492645797
poko1263,nilo1247,-1.6839598868334311,1.0139650106694944
poli1260,indo1319,-3.8683968059859937,2.624541928681949
popt1235,maya1287,-0.535326251363816,0.4824160531856574
port1285,aust1307,-3.641297073469519,0.8628956033368169
port1283,indo1319,-3.544896221217855,2.67522559506469
phai1238,aust1305,-5.0394714249659724,2.1264135969783915
pras1239,indo1319,-4.327915570971142,2.9630504143001435
psik1239,afro1255,-7.456918945365698,1.343819679480748
puka1242,aust1307,-4.270021480194729,2.823811404588442
pula1262,atla1278,-1.249356125641881,0.9696442898838892
pulu1242,aust1307,-6.939197889866526,2.4173645652044
puma1239,sino1245,-3.838252733368896,1.231035846378871
pume1238,pume1238,-1.7076216160622564,3.608995471123893
pura1257,pura1257,-4.548141465318892,5.631686877853923
pure1242,tara1323,-1.910884155950041,3.8316961604169375
puri1258,sino1245,-3.618630797578296,2.419445555157739
puyu1239,aust1307,-3.9235199799503686,1.6961974545459553
qanj1241,maya1287,-0.6807063894249643,0.5303204149256695
qaqe1238,bain1263,-5.94801509650748,5.302348794609708
qawa1238,kawe1237,-4.881904188648875,7.496636314996364
qima1242,afro1255,-2.893958047217751,1.4278587219125782
quer1236,otom1299,-3.587879740140487,2.245722885453729
quio1240,otom1299,-3.96187986827792,1.8691175586965525
rabh1238,sino1245,-5.30393539334409,1.1444190292645064
rade1240,aust1307,-6.936440862373102,2.3848738963491254
raji1240,sino1245,-3.979409122670524,1.856864822354325
ramo1244,aust1307,-5.056606557741119,1.501292531413139
rapa1244,aust1307,-7.034969437230709,2.9710914337932497
rapo1238,nort2933,-3.365008768962507,4.738776113560136
rata1244,aust1307,-2.949960008406568,1.3651173009486266
raut1239,sino1245,-3.9476435786894086,1.8917897398156152
rawa1267,nucl1709,-0.4639315498848393,0.3265735704257686
reja1241,aust1307,-6.16965006538318,1.9370851975812613
remb1250,aust1307,-3.4401794250202853,1.3449329421503613
reng1252,aust1305,-4.907408881495541,2.1398434995465605
renn1242,aust1307,-7.030349191601147,1.9068759009396068
rere1240,aust1307,-6.483553612103416,0.8666586010700721
resi1247,araw1281,-2.7799852607991613,1.7632823265272712
reye1240,pano1259,-2.887833661822036,3.050768129083326
rian1263,kolo1268,-2.195436022815273,4.056218984888647
rikb1245,nucl1710,1.2219700772982658,1.347859681451177
rita1239,pama1250,-1.2089429147567692,1.3639536101940797
beka1241,aust1307,-3.67975693064942,2.129857476420349
roma1326,indo1319,-3.4799533751869776,2.1872577050774358
romb1245,aust1307,-4.7516539590366325,1.2643371594297663
ronn1241,afro1255,-4.685496767302229,1.2885365207668045
rong1266,sino1245,-4.515894804405384,0.6727712258729142
rong1264,sino1245,-3.875225764775675,2.0546251532709414
roto1249,nort2933,-3.3451664340704923,4.74154621013502
rotu1241,aust1307,-3.988913301695972,2.3848835111995426
rovi1238,aust1307,-7.382738418060594,1.660993815463062
ruch1235,aust1305,-4.75590038898942,2.121910308539721
ruka1240,aust1307,-3.9562956889403447,1.7049113135331293
ruma1248,aust1305,-4.613215771654176,2.1436076326735662
rumu1243,tura1263,-4.590258376757276,5.642166121576182
rung1258,maba1274,-0.6351262552324499,2.0433092122068333
rung1259,aust1307,-5.877221671540552,1.7511389031498688
russ1264,mong1349,-3.0166392388420693,4.997969250573898
russ1263,indo1319,-3.856534097344999,3.107562849930714
saaa1241,aust1307,-6.490393663565092,0.9482171121152164
saaa1240,aust1307,-6.990725421969976,1.892150757617628
saam1283,atla1278,0.4881811112295739,0.6755859397955373
saar1237,aust1307,-6.74177689338916,1.751183454684682
saba1267,aust1307,-6.065126750153981,1.757856946389829
saba1268,namb1299,-0.1403272792778125,1.6950162362133403
safw1238,atla1278,1.9355257154402412,0.8527233576139004
saga1262,atla1278,1.9539236751325093,0.7464420279085697
sais1237,aust1307,-6.850193923331794,1.9166331342006
yaku1245,turk1311,-3.9990101196900687,4.420510429500963
tsis1238,atla1278,-2.0302273184610247,1.0988874360645289
salt1242,nucl1709,-0.6438155323655921,0.3400540145185449
samb1311,atla1278,-2.106877783734288,0.6871012767560281
samb1305,atla1278,-2.042939848004273,0.6857136853244326
samo1303,east2433,-5.021916828120131,3.970016796051297
samo1305,aust1307,-7.075921299096026,2.8828828142412712
sana1295,afro1255,-2.5385922774580663,2.071176399722608
sanb1241,otom1299,-4.0957505957878055,1.9376480557821605
sanb1242,chib1249,-1.522723101322736,1.263364643149079
sand1278,huav1256,-1.973596087676172,3.827534654857973
sang1331,atla1278,2.4741038586825894,1.2767702726214942
sang1321,sino1245,-4.6155422953655565,0.806926435241623
sang1330,atla1278,2.1311060031658764,0.8367192668311718
sani1269,sino1245,-5.8223722346543525,2.0073531691906297
sanm1301,otom1299,-6.4082688146319216,1.9903000913566655
sanm1289,quec1387,-3.7437501869090415,3.516338918821015
sanm1295,otom1299,-3.9549155461764807,1.830468014146996
sant1410,aust1305,-2.990617734982304,1.886068966850992
sant1451,otom1299,-4.096328590351297,2.018700818094356
sant1436,otom1299,-3.986004283220675,1.8753743526347408
sapo1253,aust1307,-5.076182037711735,1.5790662957873414
sapu1248,aust1305,-5.013242175048576,2.089096553304421
sara1327,aust1307,-4.639725930579943,1.1276106140730064
sars1236,atha1245,2.535103395053648,2.4915932065510624
sasa1249,aust1307,-3.622781261712524,1.8226125699661804
sata1237,aust1307,-4.06125626287195,2.317405241931775
saur1249,drav1251,-4.435537889416997,3.879097915498263
savo1255,savo1255,-4.90892044442057,6.650960838927785
seda1262,aust1305,-4.917419406298909,2.15127303363704
taro1264,aust1307,-4.057111798479535,1.8121714600386465
seim1238,aust1307,-6.987849927819535,1.4706821721316905
seke1241,aust1307,-3.768518045340117,0.9506709009033836
sela1259,aust1307,-2.846050815866992,1.4074396824897315
sela1260,aust1307,-3.3183684094394525,1.2683153658208894
sele1249,atla1278,-2.119078282401137,0.8040847115621208
sele1250,nucl1709,-0.4370436719253434,0.4475717839235873
selk1253,ural1272,-3.976183579695104,3.973510662249369
sema1266,aust1305,-1.700717827210818,1.10443869279658
sema1265,aust1305,-1.644343696928431,1.1734969113841416
seme1247,aust1305,-4.274793916325998,1.4589575044329592
sene1264,iroq1247,2.3654978594672835,2.108460498038264
seng1281,aust1307,-7.644467988833043,1.190613307748329
nucl1632,sent1261,-2.657115896864089,4.451624441551928
sout1528,indo1319,-3.8949937055321766,2.4181278522765126
seri1257,seri1257,-1.8279845932660388,3.80332210388477
seve1240,algi1248,-1.8584092517968696,1.969474295637455
sgaw1245,sino1245,-5.23196611971612,1.984351838075157
shab1252,shab1252,-2.627252403005215,4.561370242384656
sham1280,atla1278,2.0089358201197065,0.712962148145218
shan1283,pano1259,-6.583135760042598,3.2283164399416853
shaw1249,algi1248,-1.6532213576041208,2.0589761686502337
shee1238,hmon1336,-5.163718010913549,6.097876404177302
shek1245,dizo1235,-2.6311943678225465,4.472742074381383
biao1253,taik1256,-5.356725104631784,5.829113458823718
shil1265,nilo1247,-2.038416021241648,1.4709017342404929
ship1254,pano1259,-6.6273650641026505,3.341304461397076
shix1238,sino1245,-5.854175751502273,1.629492130665766
shol1240,drav1251,-4.245320748009756,3.069768460042922
shon1251,atla1278,2.0365624002348923,1.2457190184648752
shor1247,turk1311,-3.898444102288794,4.238380901076939
shos1248,utoa1244,-1.8211544702162064,1.4049099191755774
shua1257,jiva1245,-3.1762896935628917,3.5227076457114794
shwe1236,aust1305,-4.687926014451358,2.163184006458555
siam1242,siam1242,-6.847980067188038,6.70016512286832
siar1238,aust1307,-7.842091849417221,1.5162587908352352
siaw1243,amto1249,-2.572426518156565,4.268993871167734
sich1238,sino1245,-5.92794727008696,1.7984001981108548
sici1248,indo1319,-3.962065843925149,2.524845344438793
sici1249,atla1278,-4.428019595568987,1.3130143694507108
sida1246,afro1255,-3.083617010091583,1.2189989042197054
siee1239,aust1307,-2.834183117375252,1.0295237287295738
sier1250,otom1299,-3.9828788443072094,1.855142179666898
sier1248,utoa1244,1.2797065008528965,0.8248722793648913
sika1261,aust1307,-7.029360513805839,2.003522078644049
siks1238,algi1248,-2.5617343375277994,2.275045650215443
siku1242,aust1307,-3.606577236118076,2.1377778488623638
simb1256,aust1307,-7.544527945925159,1.6439901683070293
sina1266,aust1307,-4.802429041028228,1.1559248226981556
sini1242,mand1469,-4.127168102607534,2.736586638371241
sioo1240,aust1307,-3.960175378756938,0.8345148219772867
siri1274,tuca1253,-2.9801618557177423,2.815432941036077
siri1273,tupi1275,0.7573490264148908,0.9731822231326124
siro1249,nucl1709,-0.5050668793044872,0.3443977548373915
sile1255,nucl1709,-0.5687784647666108,0.320581733182391
sisi1250,aust1307,-4.810375953466892,1.6568552224867474
situ1238,sino1245,-3.343164763020789,1.7551986132920083
siwa1245,sout2948,-3.506084683708224,3.907971628052265
siwi1239,afro1255,-2.8922091385732345,2.1108240759939134
siwu1238,atla1278,-2.127649564274257,0.8084317096092448
skol1241,ural1272,-4.397651654048497,3.7733892338576807
slov1268,indo1319,-3.86005912742272,2.374351368210206
sooo1254,aust1305,-5.077850762329037,2.1278308228386877
sobe1238,aust1307,-4.050056061349421,1.1468699045642603
soch1239,otom1299,-6.675787059248249,1.9008498177773017
soga1242,atla1278,0.5992748474319383,0.669254287864403
soma1255,afro1255,-2.6796286410151264,1.8075217276152025
soni1259,mand1469,-3.5404378963827807,2.2417855774237303
sons1242,aust1307,-4.802612725190284,1.677171513127651
sora1254,aust1305,-3.08548417896477,1.7591591495405687
koon1244,atla1278,0.5712529272768192,0.8765444799328383
sout2859,aust1307,-3.628423522934757,0.9018849637528544
sout2976,utoa1244,1.879248899611204,1.1580977193528683
sout2856,aust1307,-2.9250463366614903,0.9730755490594944
sout2954,japo1237,-4.969704161322332,6.073229301358193
sout2996,ayma1253,-2.6595741961309582,3.5925856618959786
sout2730,sino1245,-5.682519122600695,1.598426032541564
raro1241,aust1307,-7.016422808452123,2.948334098091813
sout2741,taik1256,-5.624293898350977,5.699093048292008
sout2715,sino1245,-6.690401645220774,1.5277093585521389
sout2826,krua1234,-5.881106686936022,6.9539339694962266
sout3236,gumu1250,-2.978766804362412,4.156063020300119
sout2956,haid1248,-5.141645253660184,4.7867989727250935
kach1280,sino1245,-5.15429745931933,1.2494815461719977
sout2949,kiwa1251,1.2737067989071351,2.0842381909999936
sout2994,namb1299,-0.4232474129294492,1.7447245017424624
sout2649,indo1319,-4.10132586586055,3.0285370188818064
sout2729,sino1245,-5.866592250109969,1.6368648528796133
sout2728,sino1245,-3.30814914168079,1.8317663831047175
sout2918,aust1307,-5.521165379423221,1.5973322965393422
sout2985,miwo1274,-2.1928121309419897,3.086379621445822
sout2807,atla1278,0.5982439964743524,1.224945202427306
khan1277,sino1245,-4.582058152478435,0.7494215098572141
sout2679,ural1272,-4.408122740139432,3.491168683655422
sout2782,atla1278,-4.631705730133942,0.9516476477333348
sout2895,aust1307,-3.4719450109432755,1.289079218838296
sout2674,ural1272,-4.309730649629572,3.9028932922901616
sout2959,atha1245,2.4749853701305757,2.6666098190817253
para1301,aust1305,-4.951183626456575,2.162991479225431
sout3261,nakh1245,-0.3547857180639184,0.5287219803800918
sout2869,aust1307,-2.7977600131678297,1.077477175845278
stan1318,afro1255,-2.275654998326921,1.7441967349554757
indo1316,aust1307,-6.543650188140031,2.368482893069787
stan1306,aust1307,-6.419749019665595,1.962091761371044
horp1239,sino1245,-3.3189031197156744,1.7112474529869903
suab1238,sout3418,0.5837605691440242,2.5955287069888566
suba1238,atla1278,1.2595888453885893,0.6447712146375251
sude1239,aust1307,-4.899780647042032,1.7813949228510353
suen1241,nucl1709,-1.0708600819078538,0.6182854773957001
suku1259,atla1278,1.6610860927234912,1.0176095550113953
suku1261,atla1278,2.0167220062903315,0.8404837199729487
suku1272,afro1255,-7.440662904450455,1.366876413882503
sulk1246,sulk1246,-3.1703787670078247,5.233187655507674
sumi1235,sino1245,-4.499314943182833,0.814470492878228
sund1252,aust1307,-6.574949270246215,2.488177577051074
mari1426,aust1307,-3.8993407256993526,1.1230078924952729
sunw1242,sino1245,-3.904206426653829,1.291788606262159
supy1237,atla1278,-4.334088001596305,1.4038560766060826
surg1248,ural1272,-4.223118196269006,4.036414769415081
surs1246,aust1307,-7.802009695223434,1.5595568935842916
swah1253,atla1278,2.258445383858452,0.8838707710912797
swed1254,indo1319,-6.60251382021637,2.9972972062848235
taba1263,nort2923,0.48172926031559,0.7538817382462248
tabo1241,tabo1241,-2.0821483635223483,3.806972545096304
taga1272,aust1307,-4.393701402628033,0.8975463920195583
taga1273,aust1307,-5.959460478322779,1.7385946675693562
taga1270,aust1307,-5.073593743879149,1.282779248869808
tago1246,rash1249,0.9477622825731044,1.8363127773210124
tagw1240,atla1278,-4.204882346749968,1.2781652506572652
taha1241,afro1255,-3.899437230673183,2.453533157301063
tahi1242,aust1307,-6.947725980963976,2.959449698254428
taia1239,taia1239,-2.400313838314013,4.113264439502026
tain1253,anga1289,-0.9918558185195292,1.4211240207744424
taji1246,aust1307,-5.763590689864058,1.4078586881733273
taki1248,aust1307,-3.846468175912162,0.8465521125807651
taku1257,aust1307,-7.566283537561237,1.86777295034528
binu1244,aust1307,-4.143909150035912,0.8345635688265176
tali1259,aust1307,-6.979852914612433,1.817780719599444
tama1331,tama1329,-3.533353682527638,5.163411409590509
malo1243,aust1307,-3.909102082185061,0.973404866913496
tama1365,afro1255,-4.719391949126704,1.9603017062545227
tamb1254,aust1307,-5.948987067268626,1.7283471468476996
tami1290,aust1307,-4.224057771046681,0.8926369109337191
tami1289,drav1251,-4.082198674022417,3.3300066734822726
tane1237,aust1307,-4.188711351430983,1.6401958338180238
tang1377,sino1245,-5.479830096795575,1.358118140866833
tang1348,aust1307,-7.793548459364835,1.640093232265868
tang1373,sino1245,-5.947780324326307,2.4497027386906627
tara1313,sino1245,-4.340385888281694,0.612268740896436
tari1256,araw1281,-3.374467186885518,1.6690476327438457
tari1263,afro1255,-3.11003035415318,2.350483043617116
tata1258,otom1299,-4.055780956492727,1.8917156082195472
tata1257,aust1307,-6.019786163347857,1.760588858434236
tata1255,turk1311,-3.952314231025179,3.905352617257956
taul1251,taul1250,-3.206264209222877,5.306703595957869
taus1253,taus1253,0.2669011507330925,2.515154112054466
taus1251,aust1307,-5.60299692351912,1.6276873093336537
tauy1241,nucl1709,-0.4669876338204206,0.3004820009511828
tawa1275,aust1307,-5.096715221419895,1.4313935652006489
tawa1286,afro1255,-4.641195628863516,2.020717917197665
diga1241,sino1245,-2.7608760824582266,1.3260001899379716
taya1257,afro1255,-4.3084961209777735,2.219129643535771
tbol1240,aust1307,-4.685377304284211,1.018885524274351
tean1237,aust1307,-4.191587845344612,1.641744646983316
teda1241,saha1256,-3.981012026949568,5.282555197687896
tedi1235,sino1245,-1.2679644793569609,0.6666944469244473
tega1236,rash1249,0.9523374816388764,1.8330621147923667
tehu1242,chon1288,-4.882059782864554,7.46151885129813
teiw1235,timo1261,2.033606148286559,1.6834314633790637
tekt1235,maya1287,-0.5680109292428286,0.5266724951901569
tele1256,nucl1709,-0.2740673074029938,0.4834655688979916
tema1239,utoa1244,1.4869062756875282,0.8308889223725071
temi1246,aust1305,-1.8369820234530725,1.059841425664346
temo1245,otom1299,-3.5394597097723,2.119175977905161
temp1235,aust1307,-5.879200427457269,1.742639847823794
teng1272,aust1307,-3.638952446562895,2.0838508650528738
tene1248,dogo1299,-4.403490094095536,5.371650920734336
tenn1246,surm1244,-3.1856097625841,3.3720997127445047
teop1238,aust1307,-7.816764467678475,1.5869041074093635
tera1251,afro1255,-4.60921166705964,1.3443212929269528
tere1278,sout2948,-3.504140199837666,3.9189004879938167
tere1279,araw1281,-2.8922534853678226,1.9782189359728493
teri1250,chib1249,-4.142848301229243,1.5633127289693256
term1237,aust1307,-3.257217937713464,1.4350108805697994
tern1247,nort2923,-0.0558788157931506,0.751376850625542
tete1251,utoa1244,1.539253802942992,0.7596725616251332
tetu1245,aust1307,-3.012439606484752,1.219370735249225
thad1238,sino1245,-1.2165483961777463,0.6052054780484237
thai1261,taik1256,-5.127317714350452,5.896960977738585
thak1245,sino1245,-6.726355746411056,1.6885836833354286
than1259,sino1245,-3.8915015296993936,1.5082833447928996
thao1240,aust1307,-4.047904507212923,1.8012928457425073
thar1283,atla1278,1.1226302551624503,0.7632809466453763
aheu1239,aust1305,-5.066881705687575,2.151696008179451
thay1249,pama1250,-3.0028473073132504,1.929799165419996
thul1246,sino1245,-3.707474098113864,1.256542430576184
tibe1272,sino1245,-5.900491798281768,1.4313932751716347
tido1248,nort2923,-0.3381515860274879,0.8455401663542164
tief1242,atla1278,-4.534489322301393,1.203575265582035
tief1244,atla1278,-4.555689599935857,1.2008182764519637
tien1242,atla1278,1.016596495727617,0.8237628836532993
tiga1245,aust1307,-7.605503133676546,1.581755540825318
tigo1236,atla1278,-4.804125095974727,0.6885862075417535
tika1246,atla1278,-1.7514403121225357,0.6619046270458231
tiko1237,aust1307,-4.092870206886683,1.6649676543836156
tilu1238,sino1245,-6.644214862195792,1.2589936326578366
timn1235,atla1278,-0.3696344554646744,0.8399666471361211
timu1262,aust1307,-3.2477089470466765,1.7226498616254808
tina1248,aust1307,-5.481609075210487,1.2181513081348363
tira1254,heib1242,-2.7871188629395687,3.820338906803919
maee1241,aust1307,-3.849587353622925,0.9111090708096192
tiri1258,aust1307,-6.303156846274201,1.6830410336496635
tiru1241,aust1307,-4.590977798840757,0.953770591090514
tita1241,aust1307,-4.227049841204202,1.3720691545449943
tiwi1244,tiwi1244,1.4043737869384647,3.1697862181935363
toab1237,aust1307,-7.027433089668986,1.8649312767719757
toar1246,nucl1580,-5.221077702209646,4.09329356463194
toba1268,leng1261,0.6417134932206863,2.679775330405911
tobe1252,nort2923,0.3412898281511007,0.7443184185475955
toda1252,drav1251,-6.975264461558028,3.0580374639044026
toho1245,utoa1244,0.7919602975975479,1.0633670007157976
tojo1241,maya1287,-0.8155711386327509,0.6036482176081686
toke1240,aust1307,-4.265915153258045,2.821544119029574
toll1241,jica1245,0.7203999087063493,2.7086840619706285
tolo1255,aust1307,-3.986242106315548,1.1250151811372913
toma1245,mand1469,0.2225966502767398,1.2495466362557526
tomb1244,aust1307,-5.762917380610651,1.7052650727186842
tomm1242,dogo1299,-4.349559501518703,5.427086046300305
tond1249,song1307,-6.8537416101458914,6.947837675839861
tong1325,aust1307,-7.018582854948849,2.939699444443181
tong1318,atla1278,2.233843136779244,1.1990369860861223
toor1238,atla1278,1.7002478655821591,0.6811806035958536
tora1259,aust1307,-7.778655006304471,1.5845351298683168
tote1238,atla1278,2.2198471141199683,1.1547675147076577
toto1302,sino1245,-6.0739752338606365,1.294054248384544
touo1238,touo1238,-5.306361011277017,6.629347843547609
trin1274,araw1281,-2.658647753009998,1.5066464981889744
trio1238,cari1283,-0.319711994496521,1.0692650378959616
trum1247,trum1247,-1.697328190227236,3.5159195363049687
colo1256,barb1265,-5.63522021132676,4.207092690472093
tsam1247,afro1255,-2.8069650404007795,1.1061201055109162
tsat1238,aust1307,-7.096867677864228,2.4607984349260352
dido1241,nakh1245,0.5792715627688136,0.4411387728392411
tsha1245,sino1245,-5.405488872324916,1.2132890340780396
tsix1234,khoe1240,-3.481152265245665,5.037025816522335
tsog1243,atla1278,-3.3655603400398637,1.0410954682822933
tson1249,atla1278,-2.570628146565914,1.278659485497018
tsou1248,aust1307,-4.014240162742339,1.73572922494985
tswa1255,atla1278,0.0660230374845549,1.19951975980074
tswa1253,atla1278,1.4581389681100203,1.199161015892393
tuba1278,utoa1244,0.3172572868776471,1.0754508176333193
tuge1241,nilo1247,-1.443774488749269,0.9580346826501492
tugu1245,aust1307,-3.138359625508404,1.2342029462052473
tuka1248,aust1307,-3.2959021245403584,1.2376221360568929
tuki1240,atla1278,-1.187031710955517,0.575934060547235
tula1252,atla1278,-4.319189050889534,0.8330782780325476
tulu1258,drav1251,-4.267322872140899,3.212134390208254
tuml1238,aust1307,-4.33611625554445,1.027818624797887
tumu1242,atla1278,-2.0540215043007244,1.1631431351381147
nene1249,ural1272,-4.206327203917412,4.059590676668838
tune1261,atla1278,-4.157844635037568,0.5971961540542292
tung1290,aust1307,-7.476673435314671,1.5763363072880194
tunn1238,afro1255,-2.192597487331388,1.387283260689733
turk1308,nilo1247,-1.494586345796308,1.206725836166573
turk1303,turk1311,-3.919509776779968,3.7559989846100006
nucl1301,turk1311,-2.9916424225226983,3.4433608851164914
turk1304,turk1311,-4.051160742572485,4.130775536399183
tusc1257,iroq1247,2.3509187996307306,2.264197397837889
tutu1241,aust1307,-3.916714764832295,0.9771039407869502
tuva1244,aust1307,-6.8198279897889735,2.6532571671913017
tuvi1240,turk1311,-3.961932407421585,4.2467330859742285
tuwa1243,aust1307,-2.7359620076329594,0.9617731655964636
tuwu1238,atla1278,-2.1108619311693992,0.8161891622109394
uuuu1243,aust1305,-5.198436581258149,2.200494752393631
ubir1237,aust1307,-5.12002133333502,1.191233467559341
udii1243,nakh1245,-0.7852251845081095,0.6596662534725715
udih1248,tung1282,-3.4849304394074814,3.650902312392225
uduk1239,koma1264,-2.8683605769962752,3.952223998451106
ughe1237,aust1307,-7.3730821839144705,1.6660313682246706
ugon1239,sino1245,-5.241644424040312,2.423393517657673
ukaa1243,atla1278,-4.755684431125895,0.9559591871326568
ukra1253,indo1319,-3.671597413617144,2.8059151817877077
ulch1241,tung1282,-3.644772400620463,3.5614187849262304
ulit1238,aust1307,-3.1608387804501774,1.99868652033934
ulwa1239,misu1242,0.464327679073969,1.4585818977411424
yaul1241,kera1258,-2.589649101485878,2.1516526509945715
umaa1242,aust1307,-2.96650892544858,1.2683123265232323
uman1240,daga1274,-3.379611289955283,4.560566692915687
umbu1257,atla1278,0.8995953584805214,1.3276524671825332
umbu1258,nucl1709,-0.8332767261104796,0.4007390418765002
umes1235,ural1272,-4.392707821883706,3.688267306244114
unaa1239,nucl1709,-1.1549724992141934,0.5325742520718499
unea1237,aust1307,-7.419367218109678,1.1816722684710923
unua1237,aust1307,-3.7460175856010407,0.8682356159491533
uppe1427,aust1307,-5.891041095091699,1.7084935056536017
uppe1275,toto1251,-2.577909475214521,2.2508631669365124
urak1238,aust1307,-6.5342708358114985,2.258332821949754
urar1246,urar1246,-2.633274561805432,4.650708402686465
urav1235,aust1307,-2.8545994240761705,1.025749639483224
urim1252,nucl1708,-6.046536638013932,2.8099312665408034
urip1239,aust1307,-3.8405906813507182,0.902599198105495
urni1239,giim1238,1.6853742072467153,3.4310096561752887
usan1239,nucl1709,-0.3542726524426931,0.3355310990639104
utes1238,utoa1244,0.1983618908456841,1.275246637261617
pile1238,aust1307,-6.988677296187875,1.8332742754745688
veps1250,ural1272,-4.3713307311842335,3.624140075868064
vera1241,aust1307,-6.794757686855846,1.3463012740500735
viem1243,atla1278,-1.9339088683408083,1.1227852599869692
viet1252,aust1305,-5.199588294098013,2.3396488159001123
voti1245,ural1272,-4.437743026153441,3.44624963274226
vunj1238,atla1278,2.0480376352210987,0.7140444790525766
vure1239,aust1307,-6.792445749619062,1.3437740592731977
vwan1235,atla1278,2.213357846621162,0.8239312029244132
wadj1254,wadj1254,1.384403422707325,3.1097362034280884
waga1260,pama1250,-2.705386379495462,1.9148843195129848
wage1238,wage1238,1.5449218826940738,3.271286193502389
waig1244,aust1307,-3.2351525002044763,1.2658954466574492
waim1251,aust1307,-4.294060203845524,1.0179453340477025
waim1252,aust1307,-5.80540309371961,1.2380392544432866
waim1253,cari1283,0.5742774349403463,1.163359936792423
waiw1244,cari1283,0.5278375085475786,1.025380682839721
waja1259,atla1278,-4.361954317843547,0.8516073787922611
wala1266,aust1307,-7.00580757025611,1.8569989901838009
wamb1258,mirn1241,-1.5130499593941846,1.9868222444522288
wamb1259,nucl1709,-0.9897350575617928,0.530158206760424
wamb1257,sino1245,-3.8939536169006623,1.2560263324905518
wann1242,mand1469,-3.537513720805647,1.8130973748671837
wand1278,afro1255,-4.638801760494094,1.4264276556042077
wand1267,aust1307,-3.527286670189804,1.094120339966434
wanm1242,pama1250,-3.282003747502158,2.535934513257237
saka1289,aust1307,-3.982043953515751,1.104514559575998
waor1240,waor1240,-2.46854927398945,4.476422496397243
wapi1253,araw1281,-2.944819226749101,2.038287494759194
wara1303,wara1303,0.786022285147431,2.830358482634801
wara1300,aust1307,-1.2028947874010032,1.0388624354423284
ward1246,yang1287,1.5507346805346374,3.3288606999456114
ware1255,araw1281,-3.1924772835251023,1.654828650507266
ware1253,aust1307,-3.774968282341213,1.1542658658441862
wari1268,chap1271,-4.360507482524934,5.970092354123832
warj1242,aust1305,-4.523709520733462,2.0131767364256925
warl1254,pama1250,-2.381044481947358,1.86789904838526
warl1256,pama1250,-5.811107789821395,2.292300982779029
waro1242,aust1307,-3.606240631252727,1.059495740785927
waru1265,pama1250,-2.4987091402349786,1.8422060696088332
wash1253,wash1253,0.7726215795857367,2.7247855867208592
wask1241,nucl1709,-0.4477564377623846,0.4516752519948248
waur1244,araw1281,-2.3724930383953917,1.7021415493966303
wawa1246,atla1278,-4.689892351495535,0.7339438111178254
waya1269,cari1283,-0.4219721994162155,1.1845316478287184
wayu1241,sino1245,-3.92729531096704,1.299633832374241
wayu1243,araw1281,-2.054946056712845,1.9867513959691097
weda1241,aust1307,-5.115431947438148,1.345250306588067
wels1247,indo1319,-3.1745389695132453,2.3045466788059032
weri1253,kuni1270,-0.405965662460511,0.9720796912575488
west2564,aust1307,-6.163410143401476,1.8686369947020327
west2560,aust1307,-5.965854626732867,1.7501014741044385
west2548,aust1307,-3.166438940705874,1.3312117772308234
west2615,atha1245,2.792274629827032,2.306017622131576
west2441,pama1250,-5.734232159292137,2.3590819091289426
west2397,aust1305,-5.055113057223163,2.1131018336046985
west2555,aust1307,-4.252992311800876,0.8142444934452149
west2618,eski1264,-2.7604335433499245,4.3361717259123775
west2650,aust1307,-6.984647245880639,2.4687339425404327
west2594,nucl1709,-0.8316031582321544,0.6915254080163526
west2778,utoa1244,1.8212724347146845,1.1633957912697213
west2369,indo1319,-3.648164254245059,2.7839890726146965
west2519,aust1307,-6.51535430804133,2.4099204278329207
west2354,indo1319,-3.188126698212586,2.2792599831391627
west2644,otom1299,-4.070954073007315,1.8825894503020384
west2624,utoa1244,1.5128996551257343,0.8863749667028449
west2466,atla1278,-4.487154713313501,1.2260213496892076
west2632,kere1287,0.869040347050579,2.820041857952515
west2396,aust1305,-4.885016598433699,2.118277479003444
west2418,sino1245,-4.004578146593299,1.671573967036271
west2392,ural1272,-4.286655152183627,3.598039179515017
west2763,afro1255,-1.705182857943325,1.254076506098713
west2386,indo1319,-4.680892220978425,2.8008566302902107
west2557,aust1307,-1.8884894371596808,1.0719792514991855
west2415,sino1245,-6.724118857835945,1.499044256750783
sanj1284,otom1299,-4.034611669937974,1.8419455742023665
west2430,hmon1336,-5.552343168022989,6.174064356330431
west2599,nucl1709,-0.574922535239869,0.4555370460123527
west2600,nort2923,-0.2037317373639187,0.7484586427782389
saka1291,aust1307,-6.973251248936512,2.614099049743185
west2516,aust1307,-6.130197869997875,1.4252277615987126
whit1269,aust1307,-2.7805593204018764,1.066940219864506
wikm1247,pama1250,-2.9214100642715106,1.891698328666953
wiru1244,wiru1244,-2.463735674041965,4.140520149235279
babi1235,atha1245,2.2744211209175536,2.313960767287893
woii1237,aust1307,-3.4794335437548094,1.115527932426593
wola1253,afro1255,-3.1461430280901306,1.2727699448185297
wola1242,gong1255,-3.816886557135424,2.75028035241541
wole1240,aust1307,-6.527234761946855,2.250992140940584
woli1241,aust1307,-3.3575449457795967,1.2024863091492772
nucl1347,atla1278,-1.6318463022182026,1.171287670223924
wood1236,algi1248,-2.753447866476585,2.5886681681473007
wotu1240,aust1307,-3.024485402833943,1.191137845820318
woun1238,choc1280,-2.9959267150798405,3.437765880164166
wuch1236,sino1245,-5.492827091613754,3.07784461413022
wudi1238,sino1245,-5.822776874859378,1.847393115224241
wuna1249,worr1236,-0.0596253643760662,1.7013137124640068
wusa1235,sino1245,-5.831483563527534,1.838271455036136
wutu1241,sino1245,-5.970385699366993,2.3122576557375183
wuvu1239,aust1307,-4.292010630811992,1.3200350960849665
xamt1239,afro1255,-2.99493312115097,1.4452305098078906
xara1244,aust1307,-6.270751333927912,1.6539321308135335
xhos1239,atla1278,-0.1021124804348194,1.3056718441401118
xish1235,sino1245,-5.678816907077604,1.6553134127597726
xokl1240,nucl1710,0.9509680573381484,1.624195781407901
yaak1241,afro1255,-1.7308793753790828,0.9408973032784907
yabe1254,aust1307,-4.241998416152057,0.9010548518203124
yaey1239,japo1237,-4.856467926201594,5.760721281648838
yaga1260,nucl1709,-0.3110529317720851,0.3327139340491776
yagu1244,peba1241,-2.4392751822880823,4.431571488496029
yaka1272,atla1278,-3.092344653480226,0.8741605254949558
yaka1277,aust1307,-4.893808401090251,1.2486978192443958
yaka1269,atla1278,1.4751886084349168,0.9563196005877606
yakk1236,sino1245,-6.384235995069949,1.2694582286781424
yako1252,atla1278,-3.2271637862112623,0.7394870739488848
yale1246,yale1246,-2.60762245367503,4.311539737469541
yama1264,yama1264,-2.5756935997551142,5.251617738728058
yami1254,aust1307,-6.558617508021404,1.6990667774802093
yami1256,pano1259,-3.641561153094956,3.0792690310661737
yamp1242,sino1245,-3.813765587645969,1.257461466263723
yane1238,araw1281,-3.9843710375034345,2.0755433554763165
yano1261,yano1268,-2.270082898725747,4.301781491010903
yany1243,pama1250,-1.1265004191642352,1.351643463493816
yaoo1241,atla1278,1.7816725702547431,1.1155991172559805
yaou1238,mand1469,-3.476695042165437,1.8919291832367435
yape1248,aust1307,-2.8693454394300346,1.89832610517776
yaqu1251,utoa1244,1.5611433591097006,1.0902214599412918
yare1248,yare1250,-3.090993512420579,4.953930995128423
yatz1235,otom1299,-4.041153040776696,1.88139650759571
yaum1237,nucl1709,-0.1127578409424683,0.3830862961091936
nucl1454,yawa1259,0.575874414864789,2.570271939595118
yawu1244,nyul1248,-2.5169990154554203,2.996350522370028
yecu1235,toto1251,-2.720154082164847,2.356584143406652
yele1255,yele1255,-3.016539081527505,5.3614632747212045
yems1235,gong1255,-3.897966380819355,2.8676421046156406
yapu1240,nucl1708,-3.3293745913082406,2.797176120655826
yess1239,sepi1257,-4.305361292448287,1.2275027091027502
yeyi1239,atla1278,1.9597292505522148,1.1622788675616595
yidi1250,pama1250,-6.329670152395972,2.4886708036704004
yima1243,lowe1423,-2.472403636007136,4.164655603286599
yinc1238,aust1305,-4.757443411316204,2.1241492848458474
yind1247,pama1250,-6.24085307345365,2.9753909035357946
yine1238,araw1281,-3.8350628493733865,1.9467670945144
yoga1237,aust1307,-2.777878755197557,1.001136270145322
yona1241,japo1237,-4.911248384168738,5.749238249093775
yong1276,taik1256,-5.570938797350859,5.666680734346077
yong1280,nucl1709,-0.5943220385629888,0.6072814313271824
yora1241,pano1259,-3.522424132066463,3.1154206711468806
youl1235,sino1245,-5.636116367274084,1.739493714608571
youn1235,hmon1336,-5.48159541042409,6.0593229339958805
yuca1254,maya1287,-1.389480974157407,1.2672150080849285
yuch1247,yuch1247,1.255662351416984,3.240547741197826
yuec1235,sino1245,-5.488397129046307,2.7358210300776094
yulp1239,pama1250,-3.106712013127575,2.32031971290046
yulu1243,cent2225,-3.604261907480748,2.1056937405893663
yuqu1240,tupi1275,0.9049084033034318,1.0505817469291363
yura1255,yura1255,0.8174560806464526,2.719712394873389
gami1243,pama1250,-6.496956279364966,3.1001862024309945
zaba1237,aust1307,-7.195631222797871,1.7562293105148932
zaca1242,otom1299,-4.079991673670816,1.92233146509602
zaca1241,utoa1244,1.5672981765997889,0.7208121810119898
zaiw1241,sino1245,-5.301086447786044,1.4093191023509029
zamb1245,atla1278,1.038507820066238,0.4861686140969166
zand1248,atla1278,-0.8651136518504137,0.8101662603426556
zani1235,otom1299,-4.031278645809841,1.831638186200767
zapa1253,zapa1251,-5.188270880815025,4.806370132037255
zarm1239,song1307,-7.059778305037868,6.88003509926374
zays1235,gong1255,-3.724610085941673,2.7444071412743423
zeme1240,sino1245,-4.5149816853798255,0.7212476939955881
zenz1235,otom1299,-4.038660638904156,1.8505446968735608
zhab1238,sino1245,-6.000958728313401,1.733401145157856
zigu1244,atla1278,1.754938101797105,0.7684383943966449
nort2795,atla1278,1.8349044384520208,1.15023040188653
zinz1238,atla1278,1.9471015915987504,0.8459594501930496
zoog1238,otom1299,-4.031696319741586,1.8731396409916368
zulg1242,afro1255,-4.676424505206366,1.3725515305617773
zuni1245,zuni1245,0.7537012804143055,2.7254929590792
