Glottocode,Family_ID,GPGLMM_Latent_Mean,GPGLMM_Latent_Variance
abad1241,aust1307,-3.808529985194844,1.57333315629685
abau1245,sepi1257,-5.563974137121344,5.053218522291873
abee1242,atla1278,-4.453694841225897,2.631545250920679
aben1249,aust1307,4.320153858951323,1.8239046000904315
abkh1244,abkh1242,-4.021227582911197,5.61867155593387
abua1245,nucl1708,-5.612134608515044,5.139010461494831
abui1241,timo1261,-3.962875362699838,4.22933223312644
abun1252,abun1252,-4.689757716622735,5.682201829790818
achi1257,aust1307,-1.5737280725640983,1.811595442750213
acha1250,araw1281,-2.7915791311412184,2.455134927856996
ache1246,tupi1275,-2.363869032291692,2.4566764863889805
ache1245,narr1279,-5.360877514932369,2.597573076012589
achi1256,maya1287,-1.5534468352663633,1.917339346231813
achu1248,jiva1245,-4.182277765466905,4.55677634917752
acol1236,nilo1247,0.4543599623444498,1.6452930118905833
adan1251,timo1261,-3.997711265190866,4.212840558238597
adon1237,aust1307,-2.174108560180966,1.1503676143084167
adze1240,aust1307,-3.765827113804973,1.329780867861542
aeky1238,kamu1264,-5.306764761339783,5.554773957868388
afad1236,afro1255,-2.61852593038439,1.1611853407173802
afar1241,afro1255,-1.7629367212879834,1.8652306604927904
aghe1239,atla1278,-4.427568059599365,1.479517067539707
aghu1255,nucl1709,-5.657468160598218,4.272164561811488
agob1244,paho1240,-4.840344689070877,5.401811929405199
agua1253,jiva1245,-4.021396355335978,4.737371082551207
agus1235,aust1307,5.125972693714175,1.6250590645428329
agut1237,aust1307,5.2160437680850045,2.199137036470802
ahin1234,aust1307,4.304106408688447,1.4954271700038282
aika1237,aika1237,-3.651633151798306,4.979736390311906
aime1238,bosa1245,-5.236404137843107,5.566488080251328
musa1266,nucl1709,-5.977212375492988,3.55019463039056
aito1238,taik1256,-4.938866611599668,4.947721040359591
ayiw1239,aust1307,-3.4447459115762933,1.7403559122313546
ajab1235,atla1278,-3.673052254620587,1.9554179372273488
ajas1235,kres1240,-4.599821887792965,5.703558535497139
ajie1238,aust1307,2.891679516862812,1.3328692386524503
ajyi1238,araw1281,-3.027590531726695,1.6682997163914075
west2635,maya1287,3.671927161170982,2.053544029016903
akei1237,aust1307,-3.868095439632061,1.3852000495224883
akha1245,sino1245,-6.526790056526119,3.5001983431941293
akoo1248,atla1278,-3.885892372735867,1.5348525280798722
akun1241,tupi1275,-2.5279210420712728,1.98676899680755
alab1254,afro1255,-2.736977526818074,1.507787089987593
alab1237,musk1252,-2.966988986679829,4.271417329919941
alac1244,otom1299,4.594276876146278,1.7215230503137358
alag1248,afro1255,-2.151647312431954,1.4754608194059935
alam1246,sepi1257,-5.399317128504922,4.947376245604833
aleu1260,eski1264,-3.110561056018465,4.8882723441256
alor1247,aust1307,-2.4655921886597927,1.294277442850159
aluk1238,drav1251,-5.170295826858451,4.366931418795576
amah1246,pano1259,-2.9904783481843564,1.8186613293544556
amam1246,kuni1270,-4.936344681022664,4.613175981871283
amap1240,left1242,-5.33910179307514,5.59743209299657
amar1272,aust1307,-4.499997031040574,1.475040617129256
amas1236,nyim1244,-4.094121860820792,5.262045016222573
ambu1247,nduu1242,-5.579939343529231,5.315124961863754
amdo1237,sino1245,-5.785436059316561,4.351450852494969
amha1245,afro1255,-2.0923979224880407,1.6052825709000604
amii1238,west2434,-2.4810636927225733,2.575673997639953
amis1246,aust1307,4.143922052741841,1.322210543246061
hoaa1235,kxaa1236,-3.3894071987669507,5.473845404133182
amri1238,sino1245,-6.09735372616826,3.203296554144707
gily1242,nivk1234,-4.096969810344434,6.312228156013241
ando1256,ando1256,-3.036513815116032,4.394218027533276
anei1239,aust1307,3.1336811910789018,1.391263006358301
anem1249,anem1249,-5.871336581842035,5.250781149123117
anfi1235,gong1255,-3.704859148670796,3.5562732776809947
anga1290,anga1289,-4.923542395299448,4.758093798661324
anga1288,sino1245,-6.152382461315379,3.102837954355349
ango1257,chib1249,-5.184013734082326,3.801372686589743
wara1294,more1255,-4.900125031036523,5.169227574866742
anta1255,aust1307,-0.4179012835572373,1.9962887071228312
anuf1239,atla1278,-3.292526384173439,1.908724039885752
anuu1241,sino1245,-6.046930575489539,3.744454633614819
anut1237,aust1307,0.1731265693001369,1.5598658594744652
aona1235,sino1245,-6.131252222836691,3.19971325446029
aoua1234,taik1256,-4.999154040380701,5.0213341052156775
apat1240,sino1245,-6.101855209797892,3.2932833290273065
apin1244,nucl1710,-4.249245111384544,4.751197389319093
apma1240,aust1307,-4.157719999712359,1.2685773102225353
apma1241,kera1258,-5.522024633467839,5.3893259302821965
apur1254,araw1281,-2.942046403328765,2.3303832100394724
arak1252,aust1307,-3.959049560595937,1.3144963667092435
aram1253,more1255,-4.962331169606425,5.180194399124643
arao1248,pano1259,-1.8297070645739344,1.578550582364298
arap1274,algi1248,5.603165643126049,3.1379631674940995
arbo1245,afro1255,-2.583690188825435,1.4398717977368598
arch1244,nakh1245,-3.129741700919447,1.58944695247299
aree1239,aust1307,0.2901902632654809,1.159259581117574
area1240,aust1307,-2.100363432134192,1.0333511699984363
argo1244,afro1255,-2.2692534673590945,1.7264318179020552
arhu1242,chib1249,-5.506155404737008,3.001382885734793
arig1246,atla1278,-3.234981589905979,1.616741068010164
arik1265,nucl1710,-4.136751605880372,3.618260328655984
arom1237,indo1319,-2.3521491190948813,2.0246662611505863
arop1243,aust1307,-4.158350673044309,1.5183787159771551
arop1242,aust1307,-4.18935105414407,2.137818903869669
arta1239,aust1307,4.292253601866254,1.5705046827317126
asha1243,araw1281,2.1034970911633835,1.458110917435297
ashe1272,araw1281,2.2297478917637985,1.4842688388878056
asoa1238,cent2225,-5.599252931755983,4.274980320415914
assi1247,siou1252,-2.925571492814117,4.104348762545461
asur1254,aust1305,-3.846244254560272,2.8434692284173817
asut1235,atla1278,-5.0626064942599385,2.22971733156564
atam1240,aust1307,5.008188532124801,1.5405210507492928
atay1247,aust1307,4.364977256043055,1.1368180752415329
athp1241,sino1245,-6.272666734639,3.525826095218104
aton1241,sino1245,-6.107501520594122,3.321158795992849
auuu1241,nucl1708,-5.590638454649557,5.151903448055646
aulu1238,aust1307,-4.003978398625414,1.1283300977379511
auye1238,nucl1709,-5.6594639984196,4.367071947434174
avac1239,tupi1275,-2.2514294914282225,2.8361223978466468
avat1244,atla1278,-3.851293396911313,1.865937924805647
katb1237,aust1307,-3.994913091029219,1.1319914573061514
avok1242,cent2225,-5.494215689759619,4.007343722974312
awac1239,barb1265,-4.532212153737706,4.999135262979051
awad1244,aust1307,-4.0479837550265785,1.4734622977773153
awad1243,indo1319,-4.553149077927744,3.2308385859264668
awar1249,ramu1234,-5.5643793595445405,5.488894919124064
awar1248,nucl1709,-5.675060640542239,3.423075757201497
awet1244,tupi1275,-1.1375965275062825,1.784506463066906
awji1241,afro1255,3.445219790029867,2.982626343652944
awtu1239,sepi1257,-5.620032925937338,5.001924605818745
axam1237,aust1307,-3.95385254732137,1.1307025136512203
axiy1235,sino1245,-6.434532179552974,3.777829015398335
ayac1239,quec1387,-3.5067407351227438,4.24340597726927
azha1235,sino1245,-6.480055882151447,3.77046509870827
baba1264,atla1278,-4.544475178583971,1.5189626910271308
baba1266,atla1278,-4.456650349254348,1.5010305021163628
baba1268,aust1307,-2.92222199604078,1.2000831555923377
bada1257,drav1251,-5.164026431524452,4.383889509912256
bafa1247,atla1278,-3.727123280610959,1.574348108847773
bafi1243,atla1278,-4.382091644645854,1.7003068499251146
bafu1246,atla1278,-4.450670653774243,1.4825354056598812
baga1273,atla1278,-4.394864668154852,2.3344360925589687
baga1272,atla1278,-4.348140463017596,2.18282452561657
bagi1246,cent2225,-5.582109141465067,3.338242669228899
bagv1239,nakh1245,-3.3470349962227672,1.593091857116054
bahi1252,sino1245,-6.285749297897271,3.558227279563953
bahn1262,aust1305,-3.895217846970811,2.1200668974039774
baim1244,sino1245,-5.821964481921894,4.310272819432034
baka1272,atla1278,-4.71883139821491,2.46985421444384
baka1274,cent2225,-5.500418517331475,4.043444649467724
baki1244,aust1307,-3.884156879566532,1.1767457779174595
bala1316,aust1307,4.205745955966011,1.3231332348480986
bala1311,aust1307,5.333268668202399,1.9598893827106412
bala1315,aust1307,-0.7961614325646829,1.327493500282202
bali1278,aust1307,-0.0319695165662343,1.2626047378525538
liki1240,atla1278,-5.5323214212941405,2.4750346415207343
bamb1270,aust1307,-0.6196173975179327,1.190521066064215
bamb1269,mand1469,-5.280396108553077,3.7986522501689866
bamb1262,maoo1243,-3.207011516176429,3.81864266489098
bamb1266,atla1278,-4.47265592199745,1.4858502990449391
bamu1253,atla1278,-4.477146945041488,1.6157474080036502
bamw1238,atla1278,-5.511341030713519,2.406770877268176
bana1288,aust1307,4.077425894838235,1.4709902793911738
band1344,atla1278,-5.869453053720813,2.409429595872213
band1340,atla1278,-4.539286585961245,2.171511534326685
bang1363,bang1363,-0.1677589142932585,2.3884271455533828
bang1369,sino1245,-6.079205253778893,3.436365550597057
guar1293,araw1281,-1.4922873484301342,1.2528446461439362
bani1255,araw1281,3.2996513675178942,1.525130851210287
bant1281,sino1245,-6.306619343121614,3.528281508762163
bant1288,aust1307,4.875389773220864,2.2311569699524183
bara1357,sino1245,-6.238888363475731,3.7443852134372095
nucl1630,koia1260,-5.375657402019377,4.783814879331056
bare1279,afro1255,-2.486010307348968,1.8284197171234051
bara1369,aust1307,2.989464863905741,3.124708440562511
bara1361,atla1278,-5.423821393668302,2.807279487029753
bara1370,aust1307,-1.843134754703912,1.194118065868779
bard1255,nyul1248,-1.8465672534572743,2.4940690340700087
bare1276,araw1281,-1.5576765825815713,1.280125981102187
barg1252,nucl1709,-6.051168488718844,3.622174188831688
bari1286,aust1307,-4.504908152933263,1.4808786655856083
baro1253,aust1307,-4.442677535150439,1.458828754833875
basa1282,atla1278,-3.859403681407987,1.6512097460132384
bash1264,turk1311,-4.577272694234889,5.362692482774834
basq1248,basq1248,-3.7097995998833135,5.992223669849278
bata1293,aust1307,-0.7687327755724618,1.548358264097085
bata1289,aust1307,3.5578998961013792,1.8066172376392624
bats1242,nakh1245,-3.5701521091777457,1.8902418792632831
baur1253,araw1281,2.7625700052372446,1.7850935592545287
bauz1241,geel1240,-5.211102522495656,5.805576651421038
bawm1236,sino1245,-6.064243234039324,3.548725224309649
bebe1248,atla1278,-4.757373268779288,2.074349457405946
beel1236,afro1255,-2.4590600420440816,0.9957041565427414
beem1239,atla1278,-4.5688058513255925,3.016815834488112
beja1238,afro1255,-1.2573445513010046,1.783669004914065
bekw1241,atla1278,-4.157435580142172,1.5631699126766962
bekw1242,atla1278,-4.889552296149073,2.5585811701147003
bela1256,nilo1247,-3.9948467721272767,3.213628269647794
bela1254,indo1319,-3.770470870473075,3.333838288243509
nyal1254,aust1307,-0.4982823572580641,1.360026821310118
belh1239,sino1245,-6.18259740877367,3.523590335990159
beli1257,cent2225,-5.324523369651715,4.059015924150152
bell1243,sali1255,3.498983310858382,3.772102823016626
belu1239,atla1278,-5.320788708745432,2.7223465146193355
bemb1257,atla1278,-4.59035123914508,2.967572629893389
bena1262,atla1278,-5.142810242942693,2.5572359503319912
benc1235,gong1255,-4.511092457007811,3.543029585270454
bent1238,dogo1299,-3.052565094336426,3.121225540128755
zagh1240,saha1256,-0.9170716822718914,2.791444889430209
bert1248,bert1248,-0.4298159611388938,2.3696324496093952
bezh1248,nakh1245,-3.4697011160360907,1.605423327558091
bhoj1244,indo1319,-4.62865926600885,3.0746340033799324
biaf1240,atla1278,0.638397295395539,1.660622602235458
biak1248,aust1307,-3.749310817366904,2.249884306014361
bian1252,kuni1270,-4.90865551410837,4.462808472112115
biao1254,hmon1336,-4.607717875724497,4.930535359973728
biao1256,hmon1336,-4.307356144021803,4.919498074724421
biat1246,aust1307,-2.776301144117644,1.8745438583550804
bier1244,aust1307,-3.9055684971123767,1.17175031688803
bign1238,aust1307,-3.974744955471712,1.1838074339979323
biha1246,aust1307,-3.6746981084667314,2.178317175418039
bila1255,atla1278,-5.18150439696426,2.7382577752550903
bilb1241,aust1307,-4.154702967528759,1.5819598749258803
bili1260,afro1255,-0.4439630227521536,1.4799228103994384
bilu1245,bilu1245,-3.944373994102366,4.6928753412560855
bimi1240,nucl1709,-5.926065992611375,3.959786171482381
bina1277,nucl1709,-5.760076358487637,3.801337345136016
bine1240,east2503,-4.884099666865675,5.228775556628328
bini1246,atla1278,-2.42096776970408,1.6261955982590646
gunw1252,gunw1250,-0.7952382392012036,1.5541321859012829
birr1240,cent2225,-5.774600048355026,4.114001177251066
bisu1244,sino1245,-6.46094994911917,3.5381147327936397
bitt1240,aust1305,-4.002474035629041,2.130498478556365
biwa1243,yuat1252,-5.607494000713826,5.503183191920259
blab1237,aust1307,-0.992859048179425,0.9467125574296986
blan1242,aust1305,-3.722267136639743,1.9525820254227335
bang1354,atla1278,-5.038407476118481,2.803917166811176
bodo1272,atla1278,-5.443069747283176,2.849082713330837
bodo1267,aust1305,-3.858083755223919,2.77435205113631
bodo1269,sino1245,-6.101990256351108,3.1477072438851508
boka1249,sino1245,-6.064405643839153,3.572210069329781
bola1250,aust1307,-0.1870568251165256,1.2092094696980986
bolg1251,atla1278,-5.331358735240287,2.4164453825415286
boli1256,aust1307,4.250378124284957,1.7840952816639817
chim1302,quec1387,-4.551653948037054,4.669679554280184
bolo1262,atla1278,-5.357802934365704,2.5988952319622154
boly1239,aust1305,-3.753565274252878,2.742686573115444
bomb1262,atla1278,-5.618600553693838,2.388848497056665
bomk1234,atla1278,-4.40412733754758,2.695871030391011
bona1250,mong1349,-4.547832021862739,5.6069400844255295
bond1247,atla1278,-5.206154645364507,2.3682562555375237
bond1245,aust1305,-3.844481806186823,2.62069108120242
bong1289,aust1307,0.3985475779354388,1.0877508109459244
bong1284,atla1278,-5.089012754884639,2.684950351414656
bong1285,cent2225,-5.317948944037643,4.149446961071095
bora1263,bora1262,-0.2605861086810166,2.339213901491556
bora1271,afro1255,-2.390843406166332,1.7050990514380624
bord1248,chib1249,-5.659690836415395,3.802321362451451
bori1243,sino1245,-6.10776874443442,3.3870766020978333
boro1277,gong1255,-3.544386197693788,3.669450320772112
boro1282,boro1281,-3.1251745786878837,4.971783958273463
boto1242,aust1307,4.3472904636618,1.8751413841093656
boun1243,atla1278,-3.894178081247192,2.063510097322612
boun1245,nucl1709,-5.918340339887129,3.691845766971694
bouy1240,taik1256,-5.136264179486648,4.849641930094935
brah1256,drav1251,-4.578840602056898,5.57135357472362
lave1249,aust1305,-4.129192430027183,2.025022347449351
bret1244,indo1319,2.172972736871538,2.5510660023842178
brib1243,chib1249,-4.418684207426667,3.929971451436291
bube1242,atla1278,-2.739901170909909,1.7481664782049222
budu1248,nakh1245,-2.957290412135902,1.832294449996371
budu1265,afro1255,-2.2548453989016486,1.3873710138042237
budz1238,atla1278,-5.56645582100311,2.702452380816899
buga1247,aust1305,-3.839780223284043,2.618563174453873
buga1250,aust1307,-3.677409549960194,1.2468755979827222
bugh1239,aust1307,3.677679730396408,0.9497988819881265
bugi1244,aust1307,0.5565134224714945,1.04508377747635
bugl1243,chib1249,-4.5400289765529465,4.088273683288962
bugu1246,sino1245,-6.076419229269106,3.2884461852480946
buhu1237,aust1307,-4.038992805914502,1.5615439297956506
bujh1238,sino1245,-6.241393990432583,3.7567692340451257
buki1249,nucl1708,-5.605669757970569,5.144272380908936
buku1249,atla1278,-4.4118079063110445,2.012518759679468
bull1247,atla1278,-4.374867113058565,2.617887377489506
bulo1242,aust1305,-3.8507517419997006,2.2068443295907167
bulu1251,atla1278,-4.347501677305681,2.0800983910978577
bumt1240,sino1245,-6.105380876630321,3.5045882096974843
buna1276,aust1307,-3.873422053215135,1.501821965918925
gahr1239,sino1245,-5.900490844372794,4.488027091454299
bund1253,indo1319,-4.478798963609041,3.3219884386999707
buol1237,aust1307,4.412106704313671,1.6472656632168716
bura1292,afro1255,-2.2454464434003025,1.0280396614164662
bure1242,afro1255,-2.3974124386413145,1.028852802572711
burj1242,afro1255,-2.740834797183825,1.7688320748673512
nucl1310,sino1245,-6.047076152829124,3.837499799142946
burm1264,burm1264,-5.230295976139768,5.826792687008206
buru1303,aust1307,-2.223441683837715,1.72249907757514
buru1320,afro1255,-2.2907586615355218,1.65596073785467
buru1296,buru1296,-4.201511941139325,6.268551362212351
busa1253,mand1469,-4.780283832822305,3.7047283894329537
bush1247,atla1278,-4.814823231315481,3.1274778405148407
buwa1243,afro1255,-2.152452531817086,0.7781668324703856
bwai1242,aust1307,-4.328978554241903,1.273716729850472
bwat1240,aust1307,3.323729449460137,1.4003951174484577
byan1241,sino1245,-6.049590233021084,4.2944037541335325
caac1237,aust1307,-0.6713722796747281,1.20377351815349
cabe1245,chib1249,-4.39347100669804,3.923220679905025
cahu1264,utoa1244,-2.1599106352282047,2.1436520354258715
cakf1236,afro1255,-1.888317999119049,1.0693982962596191
cald1236,quec1387,-4.672974208314673,4.524883795068825
caml1239,sino1245,-6.271384533500308,3.547607763474729
camp1261,indo1319,-3.7564561681636506,3.2125318593290157
cams1241,cams1241,-0.8103938812009361,2.6580015671705093
cane1242,nucl1710,-4.323678764143786,4.865004357749434
caom1238,taik1256,-4.815128061818371,4.963034153509266
capa1241,pano1259,-2.4507226950726904,1.7103602101826336
carn1240,aust1305,-0.8678130880091555,1.9486832697638272
caro1242,aust1307,-2.801099260736549,2.575161271162127
cash1251,pano1259,-2.591840155289041,1.99792321127428
casi1235,aust1307,4.332677774192456,1.6831561278595952
stan1289,indo1319,-3.715072692878517,3.29853030484721
cavi1250,pano1259,-0.8064808899529758,1.452802805118
cayu1262,cayu1262,2.632797167949997,3.9640495389796815
cebu1242,aust1307,5.286096575762269,1.5153429817761117
cemu1238,aust1307,3.491491477902889,1.334156408629278
cent2127,eski1264,-3.1101705825865342,4.887323966809955
cent2142,ayma1253,0.1795927816182914,1.7248499134948112
cent2004,sino1245,-6.06057397843253,3.5755951692313843
cent2292,aust1307,-0.8129716927816735,1.2427416623731755
cent2084,aust1307,4.11913252865898,1.6995658924712913
cent2314,aust1305,-3.740515559211959,2.466924954017146
qaua1234,taik1256,-5.038392843338526,4.926997530978486
cent2050,saha1256,-5.2019283358166994,3.71417877134723
cent1989,aust1305,-3.8488339845182096,2.3597224863867456
mala1479,aust1307,-2.2292311389417563,1.854521802458468
cent2322,ural1272,-4.739452781458082,5.204459354148412
cent1992,aust1305,-3.925737068266706,2.09607710191497
cent1990,aust1305,3.5063165293653933,2.4338251264573376
cent2126,japo1237,-3.978662251073905,4.398212614458017
cent2091,aust1307,0.6738183598554417,1.3941505960448373
cent2140,miwo1274,-0.3367599783471364,1.6623203912048687
cent2131,utoa1244,-2.630091726495808,1.876764339709358
cent2150,chib1249,-5.222078564763895,3.7725592679372206
mbal1255,atla1278,-3.5979331459460293,2.8287347705541315
chac1251,pano1259,-1.7051138243570554,1.5396239770077962
chad1249,afro1255,-0.8508339664831186,1.550225089713443
chak1270,sino1245,-6.02619336246069,3.7899861997666
chak1271,atla1278,-3.1561262534599805,1.730044636904779
cham1315,zamu1243,2.3103837679907606,4.03375484233773
cham1309,nakh1245,-3.467718150170694,1.6511490760607923
cham1318,araw1281,1.9207121308003476,1.7933687235173448
cham1312,aust1307,2.1167537996459904,2.3432583352487013
chan1313,sino1245,-6.146630059241143,3.265592175292605
chac1249,barb1265,-4.448100640772347,5.092561715924044
char1269,gong1255,-4.726158040203118,3.5043864338473414
chas1234,sino1245,-6.167826105474869,3.5199096434605632
chec1245,nakh1245,-3.5221101452890693,2.171180781277073
chek1238,aust1307,-1.2515325992444324,0.9275063330119212
chen1255,drav1251,-5.605538347985192,4.5992671670603
chep1245,sino1245,-6.284136361513484,3.698297703864745
cher1273,iroq1247,-2.336560432753651,3.2712931004075845
chey1247,algi1248,0.9212275008430156,2.1593215711573306
chic1270,musk1252,-3.251686522306578,3.953842125384458
chig1238,atla1278,-4.989637562702031,2.75242659668009
chil1280,atha1245,-2.7932556105548807,3.6113894587516153
chim1309,chib1249,-0.928892379321658,2.498273861651428
chim1312,atla1278,-5.203265105118589,2.879611273447015
chhi1245,sino1245,-6.187360674854855,3.522529442966213
chip1261,atha1245,-3.519027886234648,4.619846664449982
chip1241,algi1248,5.502947242445204,3.896446557240383
chir1283,sino1245,-6.171854059853597,3.1442596488782044
choc1275,sino1245,-6.100779389683178,3.4392677243994703
choc1276,musk1252,-3.269200145644345,3.887320730365227
chon1284,aust1305,-3.7595524739756456,2.447949107653372
chot1239,sino1245,-6.115850522411762,3.194402712377067
chra1242,aust1305,-3.5682618641761663,2.369333251975422
chuj1250,maya1287,3.7017193988879327,2.0612360066721878
chuk1273,chuk1271,-3.976500057871816,6.423577467030377
chuu1238,aust1307,-3.0845912588926656,2.410217516848705
chuv1255,turk1311,-4.710535465543135,5.144468543560735
chuw1238,atla1278,-4.521828008655552,3.209093482200833
cici1237,atla1278,-3.7474363074178982,2.061723279299004
chin1286,chin1490,0.6756571050074354,2.600060887124328
cent2087,aust1307,4.651296001377656,2.2599833587023923
sout2912,aust1307,4.596607483490327,2.3714580544531403
coat1243,otom1299,4.715439652461656,1.8895624651100027
coca1259,tupi1275,-2.1856141705482184,2.0617942834096272
coeu1236,sali1255,3.734250901305217,3.100219343720136
cofa1242,cofa1242,-4.369869722505783,5.37114926796988
cogu1240,chib1249,-5.535915332113295,3.0514674483969104
inga1252,quec1387,-4.872018827837434,4.348282012111584
colu1241,sali1255,3.622140814027877,2.869868600442743
coma1245,utoa1244,-2.3125796188465406,2.5884082373396406
como1259,sali1255,3.906779575635217,3.4952444850473494
cong1236,atla1278,-4.585228203036357,3.026775066927016
copa1237,otom1299,0.0938194985783904,1.347566174771015
cors1241,indo1319,-3.784117133426849,3.0987317427151204
cosa1234,sino1245,-6.561450510850765,3.499427779361054
cota1241,aust1307,0.2233676916012501,1.280166014661999
cree1270,musk1252,-3.294874885615365,3.980723484981072
crim1257,turk1311,-4.150897667482092,4.967045008179067
crow1244,siou1252,-2.5782434609518576,3.733638787256496
cuaa1241,aust1305,-3.9667052192045777,2.186957222255708
cube1242,tuca1253,-3.599888846107858,2.954791337547189
culi1244,araw1282,-4.122953537674195,4.958705649664595
curr1243,araw1281,3.8891331852702185,1.499182897726298
cusc1236,quec1387,-3.762743386927371,4.332159553393907
cypr1248,afro1255,0.5014039827606838,1.6560683328797978
czec1258,indo1319,-3.7375622175773815,3.1896242493202127
daai1236,sino1245,-6.039857814696987,3.854992884118615
daas1238,afro1255,-2.301784961211765,1.4654774638624346
dadi1250,tebe1251,-5.221671257810585,5.337524572236255
dagb1246,atla1278,-3.294929711085319,1.7952479830809531
dagi1241,narr1279,-5.332195279762728,2.7743282906755464
daur1238,mong1349,-4.256836924548814,5.879585314403799
daha1245,afro1255,-2.593399176340333,2.127551207375456
daka1243,aust1307,-4.071471468025886,1.1635854614542058
damp1237,aust1307,-0.6079631392149287,1.14156346728603
dana1252,aust1305,-3.6302819844579526,2.401648633686724
dand1238,drav1251,-5.533181710879738,4.723488967569114
dani1285,indo1319,-3.7804944805872656,3.374381597316093
dara1250,indo1319,-4.556750995873889,3.129069897671199
dard1243,daju1249,-4.546574082105561,5.52160283030776
darm1243,sino1245,-6.042621199307727,4.303425847404284
daww1239,nada1235,-1.0262566970654947,1.791563252126167
dawr1236,gong1255,-4.9265012070140575,3.5099447979223672
daza1242,saha1256,-4.79514862770677,4.389435015650975
defa1248,ijoi1239,-2.8663679330107734,3.579191357133974
dege1246,atla1278,-3.2003886101775585,1.6528599074482937
dehu1237,aust1307,3.5511712183103725,1.3575450140984415
dera1245,sena1264,-5.435288521016103,5.7049362294285695
dera1248,afro1255,-2.425559705038677,1.0932945635483513
desa1247,tuca1253,-3.1603941752345044,2.635937209965837
dhao1237,aust1307,-2.218947923308938,1.5031136707125308
dhar1247,pama1250,0.4157875929558243,1.5068301165785494
dhim1246,sino1245,-6.232740210657378,3.531439421392154
dibo1245,atla1278,-5.171551132005986,2.60293954073311
dier1241,pama1250,-2.3311814321570665,2.3417432737385777
digo1243,atla1278,-5.211382146492907,2.47139473606886
dima1251,sino1245,-6.089925852028356,3.052764434452832
diri1252,atla1278,-1.620314128788746,1.9860046180067383
dizi1235,dizo1235,-4.220270785162065,4.574674280877657
djam1256,pama1250,-1.8571744821281797,1.6879614866473958
djee1236,mani1293,-2.440094644718469,3.706246563592311
djeo1235,nucl1710,-3.766195219852273,3.544743338406384
djin1253,pama1250,-1.660960902058041,1.5199108353614772
dobe1238,aust1307,-3.307319091008529,2.268420637690154
dobu1241,aust1307,-4.064327797677112,1.3677307013101458
domm1246,nucl1709,-5.854661213414422,3.5755840845658264
doma1260,indo1319,-4.059304795613237,3.426844625155149
dong1285,mong1349,-4.535042205794376,5.602003594547192
doro1266,manu1261,-5.300496480165297,5.286259181026216
drun1238,sino1245,-6.09613353847394,3.697260991282265
dual1243,atla1278,-3.617808868728296,1.6524766899520218
chug1252,sino1245,-6.07788491620004,3.3478859274971957
dumb1241,aust1307,3.3930903413849536,1.5431492605374544
dumi1241,sino1245,-6.2659981079444425,3.558001198415085
dupa1235,aust1307,4.189205133063767,1.7221858158508114
dusn1237,aust1307,-3.757128019160678,2.082263489575726
dutc1256,indo1319,-3.665172708474974,3.1308545286976424
dyir1250,pama1250,-2.3873251383079293,1.8569442782171093
dyul1238,mand1469,-5.184877113725888,3.0367937347523526
dzao1238,hmon1336,-4.472182112464939,4.909610246083056
dzon1239,sino1245,-6.019602895144358,3.556679779868107
east2443,aust1307,-4.204992761902976,1.3604981181873264
tang1336,sino1245,-6.145479044356605,3.1471318993968573
nucl1235,indo1319,-3.7528967202783496,2.787554001400797
east2379,pama1250,-2.094779768619444,1.869119650979493
sout2896,aust1307,-2.3423090721696957,1.2072308082432386
east2332,aust1305,-4.149155347691315,2.2938693774071286
east2563,aust1307,-3.420165455081244,2.345584966001165
east2690,afro1255,0.2378037087204245,1.5275051885941986
east2556,otom1299,3.252636203401148,1.959103979533657
east1236,aust1305,-4.0630872458563045,2.154813882065932
east2342,sino1245,-6.374932570093655,3.6879272205799456
east2328,ural1272,-4.840380896310805,4.873288721699116
east2333,aust1305,-3.686363412635724,2.1114008032012777
east2773,sino1245,-6.297281372206459,3.598706526834502
panj1256,indo1319,-4.233606247268495,3.3803258612597578
east2485,aust1307,-0.8889753868602024,0.988955520151788
fina1242,aust1307,4.070858906777458,1.2818223162728763
east2694,aust1307,5.407638940650241,1.5058940526851856
east2447,aust1307,0.8935664778854209,1.7936325998228124
east2516,nucl1709,-5.869590661262494,3.7405630611241296
east2440,aust1307,-2.004871122052152,1.6360368147324564
huaa1248,tuuu1241,-3.293437935517173,5.387729121956399
wall1257,aust1307,1.9819720388507989,2.00904734081125
egaa1242,atla1278,-4.520676289129701,2.6766652528020565
egyp1253,afro1255,0.6548258623867711,1.701021099448993
eipo1242,nucl1709,-5.868601068370463,4.178176719559169
ekar1243,nucl1709,-5.606548225776575,4.394856623234435
elem1253,atla1278,-3.297704245904508,1.5227151090390691
elip1238,atla1278,-4.348424614543875,1.7504885255745322
elna1235,utoa1244,2.6969007619423824,2.015269300120808
emae1237,aust1307,-3.6904015426577743,1.2421839318422734
emai1241,atla1278,-3.0144517346677477,1.584703698595007
embe1260,choc1280,-4.387049073509616,5.06692161594688
embe1262,choc1280,-4.3737674682572125,5.043559030930745
stan1293,indo1319,-2.98721969556279,2.840624837790954
enuu1235,sino1245,-6.462985399882574,3.52259373245332
epen1239,choc1280,-4.454861528384128,5.082212718757483
ersu1241,sino1245,-6.043483119297738,3.9634132046415536
erzy1239,ural1272,-4.817749572194343,4.93663335757559
esan1238,atla1278,-2.9396708870818413,1.574334943947601
esee1247,koia1260,-5.479459152771256,4.772179800329584
esee1248,pano1259,-2.0247381619238287,1.6341447735116397
esim1238,atla1278,-4.479678778298563,1.4946958995459203
esto1258,ural1272,-4.925386911108682,4.727030565663645
eton1253,atla1278,-4.362052741957646,1.8395072503593937
even1260,tung1282,-4.285622188530995,5.806254896878001
even1259,tung1282,-4.32104580389921,5.810187319708586
ewee1241,atla1278,-3.82650903892812,1.995218632386523
fala1243,sino1245,-6.039862765413842,3.25896785187183
fare1241,atla1278,-2.967032358053057,1.782586846867663
faro1244,indo1319,-3.258056424649568,3.389111039783727
fasu1242,fasu1242,-5.115543602735826,5.479624246179494
fiji1243,aust1307,0.8431627935520701,1.5692183624075486
fili1244,aust1307,4.920444529879728,2.215378331669129
filo1235,toto1251,4.609433786374646,2.61030318692248
finn1318,ural1272,-4.841650748767202,4.873371684782489
fipa1238,atla1278,-4.840771158564342,2.822663382790438
foii1241,east2499,-5.393274846972864,5.4854720406218025
fonn1241,atla1278,-3.6660368731112136,1.9516887807379104
fore1265,ural1272,-4.793828243068639,5.213591848406562
fran1266,mixe1284,1.6923653865691095,2.2214756370497346
stan1290,indo1319,-3.5036487459028014,3.0841480203458067
fuln1247,fuln1247,-3.5256613013895093,6.036875159206239
furr1244,fura1235,-4.547821919952171,6.012949796273956
furu1242,cent2225,-1.4370181734765404,2.784819742014969
futu1245,aust1307,-1.599295503366352,1.2999025696222652
fuyu1242,fuyu1242,-4.895803459178881,5.123824307573139
gaaa1244,atla1278,-3.947373418971059,2.2903488449125278
gaaa1245,atla1278,-4.832082645380279,1.7196705217181396
gaan1243,afro1255,2.7574817119429333,0.9938384134264684
gada1258,aust1307,4.152276057890132,1.4463328370209272
gade1242,atla1278,-4.196416681012636,1.6652717893089868
gaga1249,turk1311,-4.120650715315809,4.974014015128939
gala1264,afro1255,-2.432469963175877,0.9865142030767728
gale1259,nort2923,-3.683645139094431,3.786715886599176
gali1262,cari1283,-4.047527260735103,2.622327903259353
gali1258,indo1319,-3.485940517077459,3.2485843725750074
galo1242,sino1245,-6.095564942903679,3.4603727244095435
gamo1243,gong1255,-5.068124237619688,3.527902951593349
gand1255,atla1278,-4.911717435137796,2.4472271065936866
gang1267,tang1340,-1.0412801717627356,1.5807605038128465
gang1266,sino1245,-6.113599978177715,3.1702004455328154
gant1244,nucl1709,-5.996657601545694,3.6086301839996846
gapa1238,aust1307,-4.405266673746096,1.2998915935210782
boht1238,afro1255,-2.1982147217206096,2.099361556557062
gari1256,araw1281,3.365792797776607,2.7506225728670817
garo1247,sino1245,-6.115814708499825,3.36280167581159
gara1269,garr1260,3.628436662739495,5.005414720460873
gata1239,aust1305,-3.864612000953057,2.729046360587465
gayo1244,aust1307,3.3026599927273894,1.951037152858719
geba1237,sino1245,-6.206600359653688,3.833064339921224
gebe1237,aust1307,-2.7820626717484265,1.8682213188149344
geda1237,aust1307,-4.159745786602228,1.5941552969089263
gela1263,aust1307,-1.211445556552904,0.8881308375299497
nucl1302,kart1248,-4.119912073256314,5.14116515528241
geru1240,afro1255,-2.360349843919102,1.0552222012097987
gese1240,aust1307,-3.356270664989184,1.972027296891218
ghad1239,afro1255,3.3573705720875755,3.1979181654027755
ghan1242,aust1307,2.2615508345814543,1.206054032743351
ghar1239,aust1307,3.351851584983052,1.0738904288565347
gheg1238,indo1319,-2.598732418168775,2.132600651702499
ghom1257,afro1255,-1.9029132856693969,2.476042980301441
gida1247,afro1255,-2.0794027076792942,0.97220121630831
giiw1236,afro1255,-2.524275055666517,1.0124453435897642
gilb1244,aust1307,-2.7552753177706566,2.859827890894951
gira1247,nucl1709,-5.978786399447706,3.532808155355132
giry1241,atla1278,-5.226895918032523,2.466600874063248
gizr1240,east2503,-4.883497038469876,5.237035521645996
glav1244,afro1255,2.387683069746498,0.829430031929677
ghod1238,nakh1245,-3.305290395888262,1.691807805301222
goem1240,afro1255,-1.9779489923573843,1.1367995243024378
gofa1235,gong1255,-4.9923881108247645,3.497460767053692
gogo1265,suki1244,-5.00326039790665,5.548057940048473
gola1255,atla1278,-4.582324479568397,2.93660191087765
goon1238,buna1274,-2.314938175472008,4.005072801807756
goro1270,afro1255,-2.069185870680723,1.4495549823846297
pare1266,aust1305,-3.829235257447831,2.6245270832956225
gras1249,koia1260,-5.220977086401897,4.789549148119002
guah1255,guah1252,-3.3433588783467982,4.680994151915486
guam1248,barb1265,-4.465018164820664,5.100983857059127
guat1253,guat1253,2.29814402363818,4.083502041261627
gube1234,atla1278,-4.526175895602778,2.4384555512801054
gude1246,afro1255,-1.6256892398619152,0.8333095719060282
guer1243,otom1299,4.801253013242201,1.6826795761160058
guhu1244,nucl1709,-5.492390623606282,3.664659806818481
guiq1238,sino1245,-5.979208328266929,4.023149806542629
gulf1241,afro1255,0.2744006013089284,1.560183242068029
guma1254,aust1307,-4.123142807110727,1.327028916707949
guny1241,pama1250,-1.5240994141137816,1.888581665659772
gura1251,indo1319,-3.632629507978341,2.637558097294667
guri1248,guri1248,-5.455555813615277,5.635650605321633
guro1248,mand1469,-5.881722850754883,2.9234626258247385
guru1261,sino1245,-6.262728612279204,3.566845636207839
guru1271,afro1255,-2.334729115513615,0.9992185090847716
gusi1247,atla1278,-4.430638991233342,2.055824475323016
gugu1255,pama1250,-2.314166330612088,1.845106145103004
kwam1249,koma1264,-1.1051080361605408,1.8407339611197149
gwen1239,atla1278,-4.992549643892458,2.200028979690698
gyel1242,atla1278,-3.763071744536569,2.1021487101887537
haaa1252,atla1278,-4.791782994221995,2.8053482943644337
hadi1240,afro1255,-2.649592289275972,1.483519523145171
hadz1240,hadz1240,-0.7824465875317692,2.5207074478032485
haka1240,sino1245,-6.12183773030583,3.4503461324222435
hakk1236,sino1245,-4.858838164925515,4.179757823260424
hala1252,aust1305,-4.118926295712593,2.012598377364524
halh1238,mong1349,-4.315221266953602,5.628932560813114
hali1244,aust1307,-3.9576473826094127,1.6926098231419555
halk1245,sali1255,3.735407867464492,3.1770427604077423
hame1242,sout2845,-4.434066718271222,4.854074716932013
hang1263,nduu1242,-5.567377049581056,5.306703805371562
hani1248,sino1245,-6.51892322335134,3.642006559977473
hano1246,aust1307,-4.197165126639815,1.354190699429962
haro1237,aust1307,-3.5409849100953474,2.272860770475101
haru1245,piaw1238,-5.396573361089988,5.3022746523834
hass1238,afro1255,3.269956536172956,3.0848199965975924
hata1243,hata1242,-4.955055004511673,5.5431361595707
remo1247,aust1307,4.759519966111079,1.9927756213189305
haus1257,afro1255,-2.070002392565192,1.3542501707917562
nige1253,atla1278,-5.100852607880393,1.7651583293244777
hava1248,coch1271,-2.551317446796352,3.603679038801688
hawa1245,aust1307,2.847552140610148,3.050717835804477
sabu1255,aust1307,2.8221465225932234,1.50489462643226
hdii1240,afro1255,2.644921218335311,0.7937619830911569
hehe1240,atla1278,-5.167218254100957,2.396793893237856
heil1246,waka1280,4.869297670671539,3.565961547341048
here1253,atla1278,-3.1877860683597827,2.53962934745231
hida1246,siou1252,-2.8113570591992225,4.214421586344334
high1276,mixe1284,1.4663301252436858,1.8316163770332696
high1278,utoa1244,-2.190132200658072,1.430044112880263
karb1241,sino1245,-6.087223607658479,3.0731000634708696
hind1269,indo1319,-4.488199888804265,3.375930631522685
hinu1240,nakh1245,-3.509629432349416,1.6942793940457186
hixk1239,cari1283,-0.9885733858658384,2.076344568671834
hlai1239,taik1256,-5.046929810413888,5.099605086338611
hooo1248,aust1305,-3.720906958259933,2.710424765119088
hoav1238,aust1307,2.8811090250398634,1.1509621056676451
ainu1240,ainu1252,-4.045636306104375,6.416142958245681
holo1240,atla1278,-4.793396644743811,2.980214833629089
hone1235,atla1278,-5.110434321111821,1.5557247402187553
honi1244,sino1245,-6.503620490740225,3.5424197178765957
hopi1249,utoa1244,-2.1772710343011616,2.056512249773318
hote1245,aust1307,-3.3891926209486454,1.1652787776416051
hozo1236,maoo1243,-3.239828145676264,3.806950196194204
hrus1242,hrus1242,-4.611201817122459,5.927486201594581
huuu1240,aust1305,-3.857623611327383,2.0215987853926976
hual1241,quec1387,-4.113984204087552,4.170590254978455
huam1247,jiva1245,-4.175018053522426,4.630045234454627
huar1255,utoa1244,-2.634225845533674,1.815591452561771
huas1242,maya1287,-2.1706728423210504,2.7193638036747974
huba1236,afro1255,-1.9387297024308068,0.8500335900813578
huic1243,utoa1244,-2.2993739549411902,1.9665268736247297
hula1239,aust1307,-3.935247381786314,1.6887683999646672
hula1244,afro1255,-1.2896544319398084,1.879322692281548
huli1244,nucl1709,-5.891050115317376,3.872008183044408
humb1243,song1307,-3.224782254707764,3.4211692824742954
hung1275,aust1305,-4.146018065694933,2.386928070952509
hung1274,ural1272,-4.375488095000725,4.827377870889484
hunz1247,nakh1245,-3.431488669498526,1.596966660150688
hupd1244,nada1235,-1.6975466248705662,2.1745651867910976
wyan1247,iroq1247,2.426972027315597,2.0106918988363045
hyam1245,atla1278,-4.395465143740047,1.6563662110550927
iaai1238,aust1307,3.299074643867276,1.387701968623853
iama1237,aust1307,-4.207586312462786,1.3082733916168046
iatm1242,nduu1242,-5.560357619404616,5.280979911140094
ibal1244,aust1307,4.207269696745692,1.5010914315523571
iban1264,aust1307,-2.6959330267759443,1.7587420466135413
iban1267,aust1307,4.181647508888412,1.6118781990567896
ibat1238,aust1307,4.039858730209616,1.9363215969633456
ibib1240,atla1278,-3.405051167746114,1.52002423437753
icel1247,indo1319,-3.57891921642068,3.654133508165164
idaa1241,aust1307,1.140757381567672,1.2467943121356857
idii1243,paho1240,-4.893351875899776,5.40058261100307
idom1241,atla1278,-3.823868117970019,1.6066393062906208
idum1241,sino1245,-6.056969949684516,3.770205216475636
idun1242,aust1307,-4.3391406759856,1.2818120494929277
nucl1417,atla1278,-3.331731226625146,1.5526307712281708
igna1246,araw1281,3.214749248750751,1.5597078303262313
ikkk1242,kuli1252,1.8436575212320665,2.6794595351157025
ilaa1246,atla1278,-3.862662481772814,2.601032794172614
ilia1236,aust1307,4.705927997011161,1.4574386506164174
iliu1237,aust1307,-2.712029583886927,1.4367773290722523
ilok1237,aust1307,4.322049320491047,1.6108236360778978
ilon1239,aust1307,4.297337988354778,1.5502608239936606
imba1240,quec1387,-4.735421147040327,4.565737234973531
imon1245,bord1247,-5.242436417827854,5.667983061215778
ingr1248,ural1272,-4.8862750638507455,4.720824986468792
ingu1240,nakh1245,-3.584867130796154,2.180910757037952
alba1269,aust1307,4.746819294104659,2.256599277320018
iqui1243,zapa1251,-3.3816333600536077,4.370041539812927
iran1262,aust1307,0.943722284583687,1.2373082830257172
iraq1241,afro1255,-1.8807588132377773,1.4438879154901372
irar1238,aust1307,-3.677457400965516,2.0782016552973417
iris1253,indo1319,-1.060276579073816,2.1224602767834213
irul1243,drav1251,-5.1611985874274176,4.770382407505634
kris1246,skoo1245,-5.504549341861552,5.764325525164088
isco1239,pano1259,-2.660024098439874,1.7368386195079657
isin1239,aust1307,4.30511791090059,1.495601200695245
isir1237,kwer1242,-5.255644656962693,5.73584988652893
isna1241,aust1307,4.0471460562954205,1.690929620160814
isth1240,utoa1244,-2.205821595400616,1.6054152128491914
isth1241,utoa1244,-2.175059400711272,1.6348330139258982
ital1282,indo1319,-3.615129684599912,2.9965301503916484
ivat1242,aust1307,3.964245804492293,2.0135458795900094
iton1250,iton1250,2.407555077061308,3.829567602548543
itza1241,maya1287,3.461414714144884,2.4812009389938243
iumi1238,hmon1336,-5.376503145462895,5.008988406439471
iwal1237,aust1307,-3.150673330093677,1.2029902260383167
iwam1256,sepi1257,-5.577261575721943,5.003677763558516
iyoo1238,nucl1709,-5.811904161452526,3.4707227905541327
jahh1242,aust1305,2.142226402576992,1.4773962514130758
jalk1242,mand1469,-5.2849848525549055,3.0785669634124275
jamb1236,aust1307,1.1286827305153064,1.875601311054381
djam1255,mirn1241,1.3369076980606818,2.0869380426188195
jams1239,dogo1299,-3.0837619290933507,3.1559914326848544
nucl1643,japo1237,-4.422187608692361,5.420359483757565
japh1234,sino1245,-5.897844161579096,4.136881166618875
jaqa1244,ayma1253,-0.1571126928289263,2.0006090474187888
jara1266,aust1307,-3.8180915664554895,2.215579790537914
jede1239,aust1305,-2.742980161584881,1.6273575564963636
jehh1245,aust1305,-4.06864490643641,2.0690703880135253
jeha1242,aust1305,-2.797555875095077,1.6916450237261262
jenn1240,drav1251,-5.186023666821767,4.379340682148872
jeru1240,sino1245,-6.29233809370186,3.562243676522103
jiba1237,atla1278,-4.9902990565857,1.6250312658241317
jina1244,afro1255,-2.559696026175689,1.0646373578204713
djin1251,mirn1241,1.190971630561236,2.0496802138219783
jjuu1238,atla1278,-4.420267851471287,1.6935228513630165
juan1238,aust1305,-3.762890498122244,2.763110295492988
juku1254,atla1278,-4.641954827071029,1.5564786017274042
jurm1239,cent2225,-5.342314071159457,4.040456808682686
kaba1281,cent2225,-5.104154368010448,3.789734444094489
kaba1278,abkh1242,-4.192294021374683,5.415603307947338
kach1284,gong1255,-5.167457641719071,3.654028901637634
kada1242,drav1251,-5.135339956607028,4.400478113798191
cent2100,aust1307,5.931987328162249,1.062138290802963
kado1242,sino1245,-6.398112799566451,3.4244807989658783
kafa1242,gong1255,-4.579501732333365,3.542821445988147
kaga1256,aust1307,5.119158313949391,2.2000462557069707
kagu1239,atla1278,-5.189931320016141,2.2525627255922664
kaik1246,sino1245,-6.208457266016693,3.994408548399864
kain1272,nucl1710,-4.081399898552607,4.670635180429132
kair1263,aust1307,-4.272039775622385,2.066322504841584
kaki1249,kaki1249,-4.950444809329284,5.163646921789738
cacu1241,kaku1242,-2.652679223668385,3.915352017440477
kala1399,eski1264,-3.091777107455911,4.883778577802828
kala1388,aust1307,4.845773422449016,1.4775531857590751
kala1377,pama1250,-2.823390004430977,2.209938125939426
kara1499,west2604,-4.853551061096757,5.703290600989632
kala1384,atla1278,-4.184680196103868,2.8583498289970457
kali1308,sali1255,3.0211661622234773,3.301352490027221
kamm1249,atla1278,-4.912001425416546,1.6402326193296588
kama1370,nucl1709,-5.7262342544530505,3.470714413292324
kama1367,nucl1708,-5.623730993539432,5.139891105637512
kamb1316,afro1255,-2.646333805615672,1.460359206513136
kamb1297,atla1278,-4.896697107232789,2.2563156713672923
kamb1299,aust1307,-1.5318791781697447,1.258654194426958
kamo1255,nucl1709,-5.464585235985214,4.421975341381641
kamu1260,kamu1264,-5.100411468135207,5.468554054419017
kana1286,aust1307,3.741662582152919,1.2360436383737543
kani1286,nucl1709,-5.730623186930396,3.4956909904898543
kank1243,aust1307,4.1097708456598205,1.421153793074918
nucl1305,drav1251,-5.41948181841584,4.5067894773275246
bidy1244,atla1278,-4.440676682501965,2.175894995904841
kaqc1270,maya1287,3.4486633580135324,2.1659360321614534
kara1482,cent2225,-5.627527335744347,4.357508419912251
kara1476,pama1250,-2.1295291199723363,1.7904431557102711
kara1500,nucl1710,-3.8599159935313465,4.092642835976619
kara1487,aust1307,4.204535525838992,1.429363242594459
kara1486,aust1307,-4.20752279597587,1.6304060240362013
kare1338,atla1278,-4.783997216994634,2.1735522874146582
kare1335,ural1272,-4.824017834144791,4.886317601557977
kari1306,atla1278,-5.483183528177816,2.841056107418293
kari1311,tupi1275,-2.412447421574777,2.332840008117495
kark1258,pauw1244,-5.425823763287651,5.677995561932399
karn1252,aust1307,-4.223958268389396,1.4460523377759458
karo1304,karo1304,0.6508282711642628,2.61921599384537
kash1277,indo1319,-4.09230530017561,3.408882521032874
kask1239,atha1245,-3.55408440598816,4.354754664972786
newa1246,sino1245,-6.2790924386896165,3.6590334278612096
kats1235,sino1245,-6.273178635882026,3.6826045121116806
kana1291,katu1274,-0.4386300560437259,2.4810980286994564
kaur1271,kaur1274,-5.352639733871978,5.7850635449588825
kava1241,aust1307,4.223124220966611,1.3368273349469284
kaya1315,sino1245,-6.252031647128991,3.794340072001682
kaya1319,tang1340,-0.6215536161578092,1.51571218000785
keap1239,aust1307,-3.963122576207701,1.7027688784070223
kera1248,atla1278,-4.52130051469074,2.249122927931918
keig1242,kadu1256,1.8271135594861252,2.6294462569950845
kele1255,atla1278,-5.294988968066816,2.919996934335052
kele1258,aust1307,-4.272982062178324,2.083038487223785
kele1259,aust1307,4.182801179143956,1.3898851253215252
keme1240,atla1278,-4.640696863073615,1.5310748109084091
keng1240,cent2225,-5.515459014832567,3.935719492943661
kens1248,aust1305,-2.836679941385916,1.7982797954972265
kenu1236,nubi1251,-3.4237982479014963,5.524991907360993
keoo1238,aust1307,-1.6313015421317616,1.081487866009983
kera1255,afro1255,-2.159429727624545,1.118906275050758
kesa1244,nucl1709,-5.8704460318101646,3.492699989778892
kett1243,yeni1252,-4.036162043777919,6.430497631458277
kgal1244,atla1278,-4.137404837491203,2.932599593999094
khak1248,turk1311,-4.637430224118854,5.367954970115587
khal1275,sino1245,-6.246481463438797,3.5526401311761724
kham1282,sino1245,-5.889357330666185,4.211837864546935
khan1278,atla1278,-3.321252823035477,1.504522579646265
khan1274,aust1305,-4.011920576476741,2.3477801536834395
khar1288,sino1245,-6.117235152770373,3.1082795372115744
khas1269,aust1305,-3.4093105030772093,2.073364840637561
khez1235,sino1245,-6.125539279736889,3.1406947624028003
khin1240,nakh1245,-2.991138421607218,1.738537074036646
khmu1256,aust1305,-4.029337637653796,2.1932003550346426
guan1266,sino1245,-5.930989978218584,4.081632550873886
khum1248,sino1245,-6.060459185271612,3.451548887080106
khva1239,nakh1245,-3.466805709452444,1.6162285990573828
kich1262,maya1287,3.466443891440257,2.0922261075421904
kiku1240,atla1278,-4.612254972986143,2.0262750530900897
kile1243,tung1282,-4.389511935609288,5.368308884705237
kili1267,aust1307,0.892566284198832,1.2386037370152252
kimm1246,atla1278,-4.754660480464601,1.7612681831703965
kima1246,kolo1268,-4.638293269099501,5.365762478871214
kima1244,aust1307,5.709053354604807,1.1356438302816976
kimm1245,hmon1336,-5.328413413865807,5.030932037476843
kina1250,aust1307,5.170075687655796,2.1560641941295096
kinn1249,sino1245,-5.855815447185432,4.45059726644817
kiow1266,kiow1265,-2.2220013193430126,4.085754553900447
kips1239,nilo1247,1.6759732628561883,1.6671315673215543
kelo1247,timo1261,-3.970799371375996,4.214351288829909
miju1243,sino1245,-6.0700464745618525,3.6765220961983074
kobo1249,nucl1709,-6.01739415218329,3.659302261366832
koda1255,drav1251,-5.248607586136989,4.476667812615547
koho1244,aust1305,-3.665552960461722,2.199663205872767
koir1240,sino1245,-6.133667977148059,3.1223706066675643
koit1244,koia1260,-5.072766378087719,4.818343749300345
koka1244,pama1250,-2.5037549358264832,2.4606644033123244
koko1269,aust1307,3.617841905109589,1.0598487206840437
kola1285,aust1307,-3.491057116768882,2.238324317975344
kolb1240,atla1278,-4.825645056216773,1.8546249147204232
kolc1235,atla1278,-4.543838968884345,2.1747479303783344
kolp1236,kolp1236,-5.98701013461578,5.336385262639183
kolu1245,aust1307,-4.256958770642509,1.2947071813106188
komb1274,nucl1709,-5.771872194577941,4.23279143290094
komc1235,atla1278,-4.533447275409366,1.4878896354274236
komi1270,sino1245,-6.000891057325143,3.180501681615956
komi1269,ural1272,-4.729268659036804,5.081068638228624
komi1268,ural1272,-4.774616944282601,5.152307831690024
komo1260,atla1278,-5.090270408459482,2.949384313713733
kona1242,east2433,-5.355792073182935,5.47737963345517
konk1267,indo1319,-4.677191169249205,3.1793157761511592
kons1243,afro1255,-2.7505260588443963,1.5036408599113935
kony1248,sino1245,-6.0662612150414414,3.3001134416365945
konz1239,atla1278,-5.1365563129027,2.681468255729775
koon1245,atla1278,-4.752985305588725,2.3227702018887517
koor1239,gong1255,-5.171714005327178,3.70276384624962
kora1294,nucl1709,-6.142610261476375,3.8518901894042736
kore1280,kore1284,-3.909812177328262,6.324387690909684
kork1243,aust1305,-3.808396206005944,3.2828164473995223
koro1298,atla1278,-3.248883103833618,2.022406143808534
koro1313,sout2948,-5.024422583968299,4.792223831921548
koro1312,nucl1709,-5.769758172591047,4.202686733265128
korr1238,drav1251,-5.283268294168873,4.589442251138298
kosa1249,nucl1709,-5.852120703330703,4.229807853414556
kosr1238,aust1307,-2.687566808532932,2.4959008786502235
kota1263,drav1251,-5.186449698136751,4.36982712994596
koti1238,atla1278,-4.4449199959329535,3.151524233718705
guan1269,tuca1253,-3.3285800502894958,2.7283276839915445
kova1243,nucl1709,-6.078272605284296,3.704177908140569
kove1237,aust1307,-4.794968102121831,1.3902480897094105
koya1251,drav1251,-5.511031101691684,4.720764775740658
koyr1242,song1307,-3.3849803222143477,3.88734613216002
koyr1240,song1307,-3.262554667243861,3.639813303247985
koys1242,afro1255,-1.8836250993471624,1.8398086570101368
kren1239,nucl1710,-4.202836702320053,4.91538172211647
gbay1288,kres1240,-4.648275853646644,5.731851348523893
ngeq1245,aust1305,-4.150184384690014,2.0745277707477348
kron1241,kadu1256,1.8118028743577657,2.542458080280209
kryt1240,nakh1245,-2.9665492122833714,1.7691808335210428
puoc1238,aust1305,-4.048450435799279,2.3438051378640674
kuan1248,aust1307,-4.682431580633124,1.4432171253271449
kuan1247,atla1278,-3.471957111588756,2.760482481790163
kuii1252,drav1251,-5.465567595606693,4.619617002311953
kuik1246,cari1283,-4.207172590080234,2.9011629450124223
kuku1280,pama1250,-1.6576235796265326,1.411893062535805
kuku1273,pama1250,-2.4162838495467973,1.8039386116840408
kulo1237,aust1307,4.324680442058078,1.0645344193120874
fait1240,nucl1709,-5.938965776316142,3.522582444680496
kulu1253,sino1245,-6.253141280785794,3.5364603932429777
kuma1280,nucl1709,-5.8360134423817,3.554507913716362
kumb1268,pama1250,-2.3097079395815125,2.190166903007896
kumz1235,indo1319,-3.320597530426906,3.4541790541949577
kuna1268,kuna1268,-3.192447801631029,4.6357870619072905
kunb1251,gunw1250,-1.1688575884347752,1.6303860919216078
kuni1267,kuni1270,-5.011721303705701,4.65426455644978
kuot1243,kuot1243,0.6518099697941149,2.48273563120092
kurr1243,pama1250,0.053012453673892,1.1561714171481672
kurt1248,sino1245,-6.1644501910966,3.468510452371655
kusa1251,aust1307,2.746402600002354,1.1472637850796286
kusu1250,kusu1250,-4.70228965965864,6.281159980448963
kute1249,kute1249,3.0257621361429923,4.721846212571371
kute1248,atla1278,-4.745616405915622,1.53768507057403
kuvi1243,drav1251,-5.4396330497403085,4.630836609955298
kuyy1240,aust1305,-4.1210872510632734,2.2504126894886287
kwai1243,aust1307,-1.985091982236954,0.9266704192396836
kwam1252,aust1307,-2.1523699030318864,1.0515323999672166
kwar1239,aust1307,-1.8624756201255228,0.9149365571634204
kwaz1243,kwaz1243,-3.680178447856936,5.010885513917153
kweg1241,surm1244,-3.349472418393147,2.6233705379514145
nucl1595,kwer1242,-5.256564143070151,5.711663749714102
kwin1241,worr1236,-1.0433151968980958,2.1281032825878867
kwom1262,sepi1257,-5.617813758205169,4.946036609996862
nucl1593,kwom1263,-5.47045683537227,5.6515499079735
kxoe1243,khoe1240,-0.2339088138526115,2.03951514833866
kyer1238,sino1245,-6.23238123728246,3.7126657851736313
cori1240,atla1278,-4.430389006180519,1.6345282491464417
laal1242,laal1242,-4.321650735998601,5.303627595385494
labu1248,aust1307,-3.497697986733265,1.1766878361474244
labu1249,aust1307,5.949136328828464,1.23830422644925
lach1248,taik1256,-5.367302479056895,4.856687919486637
lafo1243,tege1244,-4.0222415930630575,4.9404889493394935
lagw1237,afro1255,-2.6609207535327424,1.114646120999181
zaye1235,sino1245,-6.230233987222894,3.721843865752952
lahu1253,sino1245,-6.450477996187539,3.4704212730101887
lahu1252,sino1245,-6.536086973471401,3.5012614766437133
laiy1246,aust1307,-0.2477060617996276,0.9326466323494884
lakk1252,nakh1245,-3.0100337509145394,1.548119272143559
lala1268,aust1307,-3.7599229821039097,1.5853217078463713
lala1264,atla1278,-4.547616513147892,2.9823877755310537
lama1277,aust1307,-2.0738133453945604,1.1264810423101013
lama1288,afro1255,2.5716518853111507,0.804234559789359
lamb1269,indo1319,-0.5246560274921892,1.9937627505267488
lamb1273,aust1307,-1.4054891741597255,1.3301875165008097
lamb1272,atla1278,-4.935109069995308,2.730612083694464
lame1260,aust1307,-3.9315791258707655,1.1726815186393935
hela1238,sino1245,-6.25583688222056,3.6579195228013406
lamk1238,sino1245,-6.115203279759308,3.2297582432608465
lamo1244,aust1307,-4.657724836041789,1.4285711418051417
land1256,atla1278,-4.3475650444677285,2.172182946773044
lang1320,atla1278,-4.899526080853873,1.763274474349588
lang1324,nilo1247,-3.792832191093497,2.024789350819195
laoo1244,taik1256,-5.5336247933423,5.036381857793015
lara1258,lara1258,-2.093684183294888,3.33965666269558
lard1243,tang1340,-1.134046441917456,1.592357047865944
lash1243,sino1245,-6.057355568286852,3.508836393449192
teke1275,atla1278,-4.742088071209479,2.832211701451925
latv1249,indo1319,-3.9011195146427697,3.366718913849604
lave1248,aust1305,-4.18465142008485,2.074892442011711
lavu1241,lavu1241,-2.8639403878961387,4.06121324855912
lazz1240,kart1248,-3.957803178309708,5.405198889429679
lega1250,atla1278,-4.8930783998014205,2.9415289302152807
lega1249,atla1278,-4.88813106861057,3.0098731478080136
lele1276,afro1255,-1.515739902940258,1.3511847702740063
lele1267,aust1307,-3.3812742777278872,1.2443323258486991
lele1270,aust1307,-4.272300842116592,2.076556968801888
lemb1266,nucl1709,-6.035479257025594,3.751358168513165
leme1238,aust1307,-4.146489067955018,1.6827070728681992
bela1260,aust1307,0.0170411717404963,0.921500170134708
lena1238,aust1307,-2.2533327552085005,1.0620305088932351
lend1245,cent2225,-5.4820442626838926,4.042875762175093
leng1259,aust1307,3.151850954069268,1.0353569915585474
lepc1244,sino1245,-6.204351528398014,3.5509913482309656
leti1246,aust1307,-2.857987861896458,1.5432752857644827
lewo1242,aust1307,-3.851474179219808,1.2121992003376132
lewo1244,aust1307,-2.119422196501048,1.138012402527207
lezg1247,nakh1245,-2.8662680942798078,1.6503345457146246
lian1251,sino1245,-6.086417446634115,3.0714946523286013
libi1244,atla1278,-5.54350292266652,2.4402182338351617
liby1240,afro1255,3.425968758798386,3.038108723331014
lihi1237,aust1307,-4.312657568038112,1.5701619560214295
liji1238,atla1278,-4.323952790951545,1.553169216867202
lika1243,atla1278,-5.351355562188008,2.786255916770324
lill1248,sali1255,3.474953413836775,3.2306467345252656
limb1266,sino1245,-6.230479066030359,3.551778680479563
nucl1327,limi1242,0.4523427130748717,2.2929464583127643
limo1248,aust1307,4.129242551983093,1.5073570891456036
lipo1242,sino1245,-6.263505390739132,3.6279553951790735
lish1245,afro1255,-1.9221627807987296,1.8533543250531217
lisu1250,sino1245,-6.137773802807989,3.5928204549700204
lith1251,indo1319,-3.8796865883156846,3.3129693750961904
lito1235,atla1278,-5.663450042165842,2.3340202524262192
livv1243,ural1272,-4.872234005459742,4.740607332449846
loba1239,atla1278,-5.46380968753608,2.449227929689925
logo1259,cent2225,-5.52810704568467,4.03568972600524
balo1261,atla1278,-5.3279654536634045,2.589877975826173
loka1252,atla1278,-3.6852312438847066,1.559013107009923
araw1276,araw1281,-1.1845085889782978,2.016573714824053
lolo1259,sino1245,-6.259282869464842,3.647977200043718
loma1260,mand1469,-5.81884218461294,3.701288692087196
lomb1257,indo1319,-3.840411410199821,3.0340494015498303
chiq1248,chiq1253,-3.1497304550705008,4.801013722660958
acha1249,sino1245,-6.068586389888639,3.352137432613709
long1395,aust1307,2.9889058419973447,1.122616590138955
loni1238,aust1307,-4.302100816329583,2.078500605593315
lote1237,aust1307,-4.75453160831815,1.5042998020670204
loth1237,sino1245,-6.041916140363664,3.140124244580932
louu1245,aust1307,-4.3652890592045575,2.021811623925049
vano1237,aust1307,-3.805491719731001,1.7394687725077915
lowl1260,tequ1244,3.830603676767898,5.080521668710681
lowl1265,utoa1244,-2.654316105453873,1.7738091607237108
lozi1239,atla1278,-3.3880968358588675,2.2052539580384973
luan1263,aust1307,-2.9172703476557764,1.5975864337076242
onto1237,aust1307,-0.9312099994390012,1.479681689429718
lubu1243,aust1307,4.06841808268282,1.4113041245001572
luch1239,atla1278,-3.2411359208308643,2.2910449323132536
ludi1246,ural1272,-4.826955184444323,4.876824305046376
lugb1240,cent2225,-5.526160686134456,3.948729140086918
lugu1238,atla1278,-5.179744285271206,2.3261128159512303
lule1254,ural1272,-4.812428787375701,4.921032794841562
lumb1249,atla1278,-4.3176423962210935,3.0410622157392133
lumu1239,narr1279,-0.5881949038838636,2.3937655034041425
lund1266,atla1278,-4.037815026708547,2.8665003248100174
luok1236,nilo1247,-3.3624716967714043,2.018065756777329
luse1252,atla1278,-5.2624854510563,2.691867516503456
lusi1240,aust1307,-4.648348732329266,1.447880964188001
luva1239,atla1278,-3.40615675413172,2.3923887520304685
luya1241,atla1278,-2.9584950619265573,2.158455869560722
maan1238,aust1307,-1.6749366419649812,1.8075450821520624
maas1239,atla1278,-3.3913989236619138,1.8434102637085448
maba1270,atla1278,-5.661841255316311,2.515182386417907
maba1277,maba1274,-4.5834894370084704,5.715358068777208
maca1259,guah1252,-3.777071582638962,4.900678937947682
mace1250,indo1319,-2.570580413036315,2.08614487057903
mach1267,araw1281,1.868789990837018,1.534665224006
maco1239,sali1297,-2.9554017118817604,4.516725870216476
macu1260,tuca1253,-3.3434610509609004,2.7946026110114586
macu1259,cari1283,-4.812278194979331,2.917933643727734
mada1285,aust1307,-4.366640216397499,1.474248464310394
madi1260,cent2225,-5.582352908659493,3.7520542827439103
jama1261,araw1282,-3.747916499057804,5.005001996656435
madn1237,east2374,-2.0672972453943004,3.292762767153341
nucl1460,aust1307,-0.5997258299917791,1.2980839717542292
mafe1237,aust1307,-4.087008432016388,1.3086202416920305
maga1260,indo1319,-4.66396624041699,3.085469885742836
maga1263,aust1307,4.3878084680322615,1.8433302661024824
magd1235,otom1299,4.8418159754419765,1.4831723281545095
magu1243,aust1307,4.493072822750401,1.4343347328792555
maia1254,nucl1709,-6.090585321495205,3.720671544824332
maia1253,nucl1709,-6.105241798917849,3.702168519915237
mail1248,mail1249,-5.486901292874261,5.308882025919819
nucl1594,mair1253,-4.914542161175001,5.680700158495579
mais1250,aust1307,-4.193897524027492,1.519249553798046
mait1250,indo1319,-4.62931523371411,3.0492528090199835
maja1242,surm1244,2.2801251844327526,2.4123350177918725
maka1304,atla1278,-4.613727104816098,2.161283113871324
maka1311,aust1307,0.429568119218128,1.000431602067554
makc1235,taik1256,-5.024421319676078,4.870088971530759
makh1264,atla1278,-4.714415766536687,3.018129013920348
makh1266,atla1278,-4.79677063545606,2.91041038998726
mako1251,atla1278,-5.107570184784185,2.4313802160927818
maku1277,aust1307,-2.9231724427818824,1.4992917306582134
makw1236,atla1278,-5.10035570888755,2.431410677490801
mala1463,drav1251,-4.872356609025877,4.826597386331177
mala1534,aust1307,4.093937028379675,1.573002199004207
mala1464,drav1251,-4.956110132453484,4.692661127564291
mala1522,chib1249,-5.426133750985919,3.123831639444508
male1284,gong1255,-5.03558116590459,3.527364792441002
male1297,chib1249,-4.241438907530281,3.975566308026247
male1289,aust1307,-4.414978117219532,1.4752321424675603
malg1251,afro1255,-2.505102863711295,1.0566499652316017
mali1284,bain1263,-5.73114079251762,5.202212526320961
mali1285,otom1299,4.5893765469822005,1.741351086552564
malt1254,afro1255,-1.9407435457653632,2.565076482642665
malu1245,aust1307,-3.991978269979476,1.1979610725342855
mamm1241,maya1287,3.59524386574625,2.174562100236801
sauk1252,nucl1709,-5.586159529715798,3.405642884128388
mama1275,aust1307,0.5202947473130908,1.4288726876510234
mamb1306,aust1307,-2.7626173013120194,1.4624492391350827
mamb1294,atla1278,-4.78410667291186,1.5257617346521712
mamb1296,atla1278,-4.83521334028697,2.8553507841890102
mamv1243,cent2225,-5.537722429932069,4.146746777717098
mana1295,aust1307,-4.279036118962037,1.878037567443428
mana1298,nduu1242,-5.554307742775433,5.296207291140616
mana1288,sino1245,-6.200409268868387,3.8777525043421983
payn1244,nucl1709,-6.0438063095680565,3.6399644592056832
mand1423,atla1278,-5.080419700792612,2.674745633472272
mand1440,aust1307,-4.15932428504811,1.609949081386727
mand1415,sino1245,-5.412001276667887,4.91206104937425
mand1436,mand1469,-1.058482129555422,2.40660805001824
mang1378,aust1305,-3.9913103111069246,2.15464554193081
rapa1245,aust1307,2.8295960607492034,3.0101704861193106
mang1401,aust1307,2.8442316063262982,3.0240341828532653
penr1237,aust1307,2.895066303190469,3.003409612109923
mang1381,mang1423,-2.4896283768387653,3.2600542858351567
mang1394,cent2225,-5.599536248443645,4.240544197791219
mang1404,aust1307,1.1885188644309088,1.0898716298360718
mang1405,aust1307,-0.7502715672418305,1.0444646762880172
mang1403,aust1307,-4.79113563129444,1.4640893056920072
moni1237,otom1299,2.9359693215662697,3.1923991906188114
tong1308,aust1305,-2.888277859204296,2.0259205588459395
manm1238,aust1305,-3.8498054586646338,2.01839639729209
mann1248,mand1469,-5.8610023951536165,3.658980091749379
mans1262,aust1307,0.3231308297534192,1.353409050022318
mans1260,hata1242,-4.910351320285405,5.570455470192256
manu1258,aust1307,-3.186814066320494,1.7315349576382886
maon1241,taik1256,-4.987189335791298,4.870491906468531
maor1246,aust1307,2.804469415210482,3.0160025356192985
mapo1242,aust1307,-3.2583718789396787,1.1488099853389837
mapu1245,arau1255,-3.17301313106075,5.640589591811773
mara1382,sino1245,-6.054793273780852,3.6178498387725897
mara1399,aust1307,-4.015409383597354,1.1622479386381164
mara1379,sino1245,-6.140080830551593,3.1215953580816764
mara1404,aust1307,5.16908656358852,1.487110355563157
mara1386,west2434,-2.5208602013505814,2.536265750263185
mara1396,tama1329,-4.637360838394581,5.713449228269335
mara1378,indo1319,-5.063208488212593,2.651665351178183
marg1265,afro1255,-2.1749936698626837,0.9007132865845211
mari1414,drav1251,-5.560369694425039,4.861837543939843
mari1440,coch1271,-2.1779545683373964,3.323371354750744
mari1428,aust1307,-4.130346848867637,1.5990321098856477
nucl1622,anim1240,-4.704485524827447,5.740973254901004
mari1416,sino1245,-6.105962423085844,3.1916487501376327
mari1424,west2434,-2.432622653880628,2.555516960245493
moro1289,moro1289,-4.762244728504632,5.708794094153115
maro1244,aust1307,3.00151726720836,1.1863962942826776
mara1385,mang1423,-2.540796837622752,3.398229282965884
mars1254,aust1307,-2.6750016676800987,2.8071122365418155
mart1255,pama1250,-0.4675452302535547,1.2816117824584818
maru1249,sino1245,-6.2286388820653045,3.482236132708768
maru1252,pano1259,-2.067256648311828,1.6095732211179428
masa1322,afro1255,-2.220769799404711,1.1627347038173923
masb1238,aust1307,4.918544236624262,2.222563180910017
mask1242,aust1307,-3.9597122799855735,1.139495698794521
matb1237,aust1307,-3.045365017048718,1.8427731432308287
kemb1249,aust1307,-2.7558275417826774,1.8649034278991827
mati1250,aust1307,5.0122400572994685,1.505801305754332
mato1252,aust1307,-3.9368185176259214,1.367617010255695
mats1244,pano1259,-1.328688120439112,1.5928034395203898
matu1261,aust1307,-4.20910803317145,1.64147828862996
matu1259,atla1278,-5.364410544314064,2.294245184655629
maun1240,iwai1246,0.0284672539682682,2.2578292172692507
maxa1247,nucl1710,-4.223419792320743,4.901799054192106
maya1285,misu1242,-3.12436050933997,3.922789085300893
maib1239,mayb1237,-4.790107404944747,5.655709994442836
mayo1264,utoa1244,-2.606759917339655,2.016475070659519
mayo1261,atla1278,-5.2914482716660505,2.7658143472786065
maza1304,afro1255,-1.943663129120555,0.8351650319437249
mbaa1245,atla1278,-5.13974585383911,2.8959323680351137
mban1263,atla1278,-5.8109838473111335,2.078466265810043
mbar1260,afro1255,-2.5231432712195105,1.1922116122490056
mbay1241,cent2225,-4.808647282337225,3.615649522732805
mber1257,atla1278,-4.7214681812527575,2.727190646855833
mboc1235,atla1278,-4.061022738150466,1.5356043728995683
mbol1247,atla1278,-5.203032413686458,2.974227652697447
mbug1242,atla1278,-4.6191230572497695,1.8053805372543932
mbul1263,aust1307,-4.278741459339989,1.4616855386126346
meen1242,surm1244,-3.083157926829084,2.491300175131665
mehe1243,sepi1257,-5.633097068125324,4.968299242152751
saki1248,tupi1275,-2.380643901714139,1.901067482710209
meke1243,aust1307,-3.6525725212620728,1.4621232678435012
mele1250,aust1307,-3.2034379819167205,1.2400199225017996
melo1242,gong1255,-4.935257118114173,3.496498768317553
melp1238,nucl1709,-5.94903911521061,3.652882223593332
mend1268,sepi1257,-5.635311921883783,4.973617756696006
mend1266,mand1469,-5.779662215157121,3.823886736894158
meng1267,aust1307,-4.734578938125793,1.5423550022669783
meny1245,anga1289,-4.945382663516535,4.84291012088993
mera1242,aust1307,-4.730678253263472,1.5262779448661463
mere1242,aust1307,-3.977336892739889,1.4101464794396286
meri1244,east2503,-4.827868854438682,5.289591528771148
meru1245,atla1278,-4.98762822112935,2.092744818094415
meta1238,atla1278,-4.313480286586697,1.5065509503698262
meya1236,east1459,-4.902912341156335,5.538634572163366
mezo1235,otom1299,4.462757061318448,1.598586210246105
mezq1235,otom1299,-2.3682257666702107,1.7487172566565734
mian1256,nucl1709,-5.979227440547893,4.005885505963873
mich1245,utoa1244,-0.9076641260312392,1.804809843687785
midd1357,pama1250,-2.288655399607588,2.157249929367457
midd1327,aust1307,-3.5965161550829605,1.236191766293512
mido1240,nubi1251,-4.330690074894566,5.550061263099419
miga1249,afro1255,-2.646233819639318,2.097302512235144
mika1239,musk1252,-3.28723617080147,4.285274387396753
mikm1235,algi1248,1.3666944666804215,2.4962056413564757
mila1245,sino1245,-6.072497847314054,3.5879925843740814
mina1276,afro1255,-2.0598995381955194,0.79797544709837
mina1268,aust1307,-2.396645329337618,2.090691380144502
mini1256,huit1251,-3.0448838746282094,4.009729933476899
mini1251,aust1307,-4.668103401148703,1.4551182822873336
minn1241,sino1245,-4.6005462065701375,3.861253661559502
miri1266,jarr1235,0.5050641620379719,2.413750985474681
misi1243,aust1307,-2.9584611966826384,1.7121805217521322
misk1235,misu1242,-3.0904817645743234,4.03268937520151
mixt1426,otom1299,4.585146006781596,1.971905431163247
miya1266,afro1255,-2.346242507409487,1.1538785846985595
miya1259,japo1237,-3.5758561255457937,3.992563718355596
lush1249,sino1245,-6.054001452844849,3.526472970028337
mlab1235,aust1305,-3.979568741508367,2.351325918510144
mmen1238,atla1278,-4.382983081786684,1.48249212746157
moba1244,atla1278,-3.1622335281150504,1.8875201249761984
moch1257,maya1287,3.67372323280967,2.1532467261151345
moco1246,guai1249,-1.61436047723179,2.7763440735234357
mode1248,indo1319,-2.7863644607330333,2.656011740385225
hebr1245,afro1255,-0.4643908290129253,1.4841731022060909
moha1258,iroq1247,-0.6950819301730675,1.793945349681442
moii1235,west1493,-4.537003548260909,5.560019530210636
moke1242,aust1307,-2.845048224754197,2.5204462933986065
moki1238,aust1307,-2.6363159586067355,2.2212045367309017
mokl1243,aust1307,-2.6218453233968697,2.2479969719279893
mokp1239,atla1278,-3.4733928203647606,1.6000109116938912
moks1248,ural1272,-4.813054924746042,4.987289777357458
nucl1452,momb1255,-4.4800095035377625,5.750955459722165
fass1245,baib1250,-5.470058698005584,5.68877653119441
monn1252,aust1305,-3.4538149088732304,2.723134812790776
mong1338,atla1278,-5.171979246804712,2.950679343120086
mono1273,aust1307,-3.378207489593365,1.470421203333947
mono1270,atla1278,-1.2764648944753758,1.779621198015347
mono1275,utoa1244,-1.6090499115606858,1.7002797390816538
mont1268,algi1248,1.4305515157204316,2.4949348357405814
nucl1458,monu1249,-5.543579640129862,5.460719605345487
monz1249,atla1278,-5.583454670050696,2.321877010822707
mopa1243,maya1287,3.35684511936716,2.5034473406413342
more1259,utoa1244,2.56943259912952,1.594849641287861
mori1269,aust1307,4.648915914166309,1.1244106442028097
mori1268,aust1307,0.0450398632338404,1.0064932362467065
morm1235,aust1307,-3.841906680505218,2.158016505296655
moro1285,heib1242,-4.269101347162972,4.383368838619611
moro1287,aust1307,0.4264124805616087,0.978940997242156
mort1237,aust1307,-2.3488246459358457,2.1105168975830013
mose1249,mose1249,-2.73692706039545,4.233102786399041
temb1272,atla1278,-5.566929209673136,2.4824733545395485
motu1246,aust1307,-3.9020839524540554,1.6537038875746075
mouk1239,aust1307,-4.6325650255371125,1.4383343915484843
moun1252,koia1260,-5.268110574321528,4.75295646187059
movi1243,movi1243,2.701043108105305,4.004992739412826
tang1347,aust1307,-3.972407251507673,1.3246586855545657
moyo1238,sino1245,-6.120855003981646,3.1909663108736366
mpad1242,afro1255,-2.4593734482901555,1.258965653995622
mpii1239,sino1245,-6.479971441842149,3.9272327169444594
mpot1240,atla1278,-5.044947325286978,2.762200973213142
mpur1239,mpur1239,-4.786145465734698,5.717889631740063
mual1241,aust1307,-2.695411213612508,1.9197313005274288
mudu1242,aust1307,-4.69516933759165,1.566078149790827
mudu1239,drav1251,-5.133952801510693,4.413639498468352
mull1237,nort1547,-2.1454807780656022,3.349071778786044
nucl1240,atla1278,-4.94112156360616,1.6684647107385704
muna1247,aust1307,-0.1337061655063953,0.8830788117620632
munc1235,sino1245,-6.046590326202988,3.9059383492235353
mund1328,atla1278,-4.48651620481728,1.4889479929729248
mund1325,atla1278,-4.889638755538372,1.527803092138159
mund1320,aust1305,-3.7660033566745135,2.7649367751737106
mund1326,atla1278,-5.21675315924611,2.583380636482481
mund1330,tupi1275,-2.483258955071313,2.679015291948364
abar1238,atla1278,-4.473127220100451,1.4852680547305417
murl1244,surm1244,2.1772716597603283,2.325908149881873
murr1258,sout2772,-1.8343616068821604,3.162840885966201
muru1274,huit1251,-3.519809792707733,4.192172144418171
muru1266,pama1250,-0.7250759154236053,1.6854608205643222
musg1254,afro1255,-2.5461923452128348,1.0620389816718472
muso1238,aust1307,-3.6317209853563326,1.2195369852936704
muss1246,aust1307,-4.0460807095654,2.162383389638957
muyu1244,aust1307,-3.377137229604701,1.6460113678851809
mwag1236,afro1255,-1.9330156901404072,1.0624322899077605
mwan1250,mand1469,-5.893019450743099,2.4793106401361564
mwan1247,atla1278,-4.815780516268519,2.8496136273899517
mwer1248,atla1278,-0.7137221080239509,1.8205578157154851
motl1237,aust1307,-4.2038118664868325,1.7102204896300215
naas1242,sout2948,-4.965530938492234,4.788307569302098
naba1256,nucl1709,-5.538686312489901,3.4142528762548263
nade1244,nada1235,-0.6057027321873392,1.8880424787258647
sout2857,aust1307,-3.883762361301527,1.1597822365348591
naka1262,aust1307,-4.815865361988355,1.478730485320714
nalc1240,nucl1709,-5.937986968123674,4.19350521835687
nali1244,aust1307,-4.2033893315782445,1.5548786844240825
nama1268,aust1307,-3.75630848362331,1.2805126556205622
litz1237,aust1307,-4.027179945206462,1.1449200615040498
nama1264,khoe1240,-2.31187077343536,3.451017808864488
namb1293,more1255,-4.8494986705439445,5.134622177389421
nami1256,sepi1257,-5.472039509069345,4.98897902785549
namu1246,sino1245,-6.08681679655019,3.8980938696237786
nana1257,tung1282,-4.415694734466321,5.23076383448777
nand1266,nilo1247,1.7356951494847177,1.4121360005231098
nang1262,aust1307,-3.3144437132481768,1.5526848015997352
nant1250,araw1281,-2.9815122772056086,1.5755527436835104
nara1262,nara1262,-3.0392038093744,4.508727485622185
yong1270,sino1245,-6.096539492352463,3.7764722894552447
naru1238,pama1250,-2.331249876993964,2.7116342446666657
nati1244,aust1307,-3.9117713262215448,1.1473466913913768
natu1246,aust1307,1.5435895543000842,1.5412711020366716
naue1237,aust1307,-2.883569376656679,1.4683778257615216
naur1243,aust1307,-2.6837385228307373,2.6932890680214765
nava1243,atha1245,-3.065827052115869,3.389558693362682
nawu1242,atla1278,-3.605640975285616,1.883490531138252
ncan1245,atla1278,-4.6161622143902346,1.5192082677977918
ndam1239,atla1278,-5.165525979715748,2.434747989935259
nden1248,atla1278,-5.284863433893225,2.4275599915569632
ndog1248,atla1278,-5.263978839386324,2.7764566693297112
ndom1245,kolo1268,-4.541837092258279,5.382878755956229
ndun1249,atla1278,-5.45669719473433,2.5445763357358606
nege1240,aust1307,-2.1028996288963286,1.619973734120455
negi1245,tung1282,-4.4304905002139865,5.219563063324881
neha1247,aust1307,-4.118743829598378,1.723739067185626
kuma1276,aust1307,4.192571047331784,1.3288157711429092
nenn1238,more1255,-5.00860411101414,5.126186643727983
nend1239,nucl1709,-6.034701761822372,3.622223022063793
neng1238,aust1307,-0.849795490918019,1.3261482584044408
nucl1706,afro1255,0.2151213893240791,1.569043622140775
nepa1254,indo1319,-4.557411971032541,3.116776312062422
nese1235,aust1307,-4.004940658202036,1.197299430483441
vinm1237,aust1307,-3.9912905538981582,1.1460091389247795
ling1265,aust1307,-4.029919068786546,1.1313779829147332
nezp1238,saha1239,0.501656179334725,2.510525993832026
ngaa1240,pama1250,-2.358221953602646,2.454262324005338
ngab1239,chib1249,-4.474314356051749,3.9981057122881616
ngal1292,gunw1250,-1.1822262228391265,1.8399007431583303
ngam1268,cent2225,-4.761988337451651,3.516769536946504
ngan1291,ural1272,-4.673219661809193,5.215592179497975
ngan1295,gunw1250,3.579822792917922,2.0348327402763067
ngar1235,pama1250,-0.0723806398637418,1.3497708602256928
ngar1284,worr1236,-0.1057114533625136,1.957260602604716
ngas1240,afro1255,-1.6672712801995258,0.9961854088700236
ngba1284,atla1278,-5.533387204887051,2.3178426084853534
ngba1285,atla1278,-5.646841402579399,2.298865786680252
ngge1241,nucl1709,-5.813520652756482,4.303875544729068
ngit1239,cent2225,-5.406424198512861,4.167268900431649
ngom1268,atla1278,-5.472834296545698,2.5635175463791846
ngul1236,aust1307,-2.623231861364034,2.2290064805603693
nhan1238,pama1250,0.0962298190648809,1.6148617753403158
nhen1239,tupi1275,-0.6052644849001894,1.5772250078793366
nias1242,aust1307,3.542573876000289,2.1289338202096757
niha1238,niha1238,-4.900956673946453,6.384639952961377
nila1242,atla1278,-4.544662874501973,2.036455472639248
nucl1633,nimb1257,-5.343270677469716,5.841372394788447
nina1238,yano1268,-3.438622016404725,3.9400665301190063
labo1244,aust1307,-3.9136269031212616,1.1523517646356505
nisg1240,tsim1258,3.0127978684079246,5.118406645572572
niua1240,aust1307,2.098429956111429,2.086676309294642
niue1239,aust1307,2.8041818409459887,2.766866708772905
niva1238,mata1289,2.175597308906265,4.019843848915704
njan1240,atla1278,-4.714893307111458,1.7303880278249082
nkon1248,atla1278,-3.84443245382525,1.8258022140540733
nkor1239,ijoi1239,-2.861844905108835,3.5805724845356472
noct1238,sino1245,-6.122410979641522,3.388120416237001
noku1237,aust1307,-3.8838651231563945,1.5787113478162205
noma1260,atla1278,-4.291388990275536,1.6909510147483555
noma1263,araw1281,2.2073747633148653,1.4428530063536735
noon1242,atla1278,-4.438579581874604,2.752578245901307
noon1243,atla1278,-4.601712372720829,1.5216601443376625
nopa1235,otom1299,4.76171079111912,1.891225448282125
nort2839,aust1307,-4.086611037283072,1.2012246763812795
nort2697,turk1311,-4.397939232014504,4.166631422888855
darg1241,nakh1245,-2.741172819473644,1.639585629825465
nort2930,kiwa1251,-5.112216293219159,5.198276237000831
nort2836,aust1307,-3.4054279860493364,1.2430680332482371
nort2724,sino1245,-6.146185206084628,3.6349807678481927
nort2972,choc1280,-4.387953923372742,5.0994978018148505
nort2702,drav1251,-5.519655584125648,4.707348213665635
gumu1244,gumu1250,-3.476470200595512,4.244081876411276
nort2938,haid1248,-2.6968055536503304,3.901929775373118
sing1264,sino1245,-6.156417357942733,3.421385398648801
nort2877,aust1307,4.03738237560348,1.370308936318331
nort2684,aust1305,-4.112017227949408,2.353476437125812
lush1252,sali1255,3.844807365765489,3.262439003148014
nort2774,atla1278,-5.678889354832505,2.4456451122949883
nort2954,utoa1244,-1.833431096559691,1.9096935876746617
nort2957,utoa1244,-2.3746975100432115,1.3990261614030342
nort2723,sino1245,-6.021248038437081,3.85975448599894
nort2747,hmon1336,-4.849458522390476,5.115486853694044
nort2722,sino1245,-5.895985398735601,4.194112189069905
nort2994,aust1307,-3.464788413468308,2.255474021525913
nort2885,aust1307,0.7091202487897497,1.3570425019011356
nort2959,utoa1244,2.3327343828911404,1.915345274807355
tosk1239,indo1319,-1.6558832432160937,1.9476285881540285
nort2732,sino1245,-5.760490247540261,4.447434081715903
nort2690,turk1311,-4.801361969533783,5.427527133669364
yoku1256,yoku1255,0.3631589101834191,2.41135962520047
nort2745,yuka1259,-3.979303803896064,6.424625728042447
nort3047,afro1255,-2.329108202739315,0.8438280160341041
nort3139,afro1255,0.2545983967720193,1.5584968634369236
nort2845,aust1307,2.8233351245972416,3.02406611201784
nort2671,ural1272,-4.80037085656583,4.99348998779887
nort2942,atha1245,-3.6095604367927856,4.411707563372939
nort2847,aust1307,-2.3144428040517573,1.044460895221917
nort2699,drav1251,-5.580733082890808,4.922287389612417
nort2961,algi1248,1.1966023352328077,2.442182982466462
nort2775,atla1278,-4.894314848398876,2.3181953933401847
nort2951,maid1262,-1.908543070765322,3.487741177616842
nots1237,aust1307,-4.21057113134602,1.5004141325745175
nsen1242,atla1278,-4.525960581912849,3.0495506880492678
nuer1246,nilo1247,-3.250027410111917,2.5554554173917783
nugu1242,atla1278,-4.380684431443691,1.7226557687366206
nukn1238,nucl1709,-5.747726793316272,3.4783172828743334
nuku1260,aust1307,-1.184432902286114,1.8369574288479773
nung1282,sino1245,-6.129710122417633,3.625815441355657
nupe1254,atla1278,-3.728216870758185,1.9224416393952604
nusu1239,sino1245,-6.154428578772455,3.575953854705574
nuuc1236,waka1280,0.5701651316652456,2.58513753372379
nyah1249,aust1305,-4.178833387173684,2.0513368247228296
nyah1250,aust1305,-3.910709470128028,2.517430805086668
nyak1260,atla1278,-4.99054989782003,2.6867481055702784
nyam1285,afro1255,-2.308991257004544,1.1764833026011257
nyan1307,atla1278,-4.991288964905743,2.6632019597199106
nyat1246,atla1278,-4.723530166132951,2.025644248723655
nyaw1247,pama1250,-2.35316165116398,2.129665461196283
nyig1240,nyul1248,-2.4846419608859662,2.740335425805003
nyis1236,sino1245,-6.107281874253822,3.3058538198924765
nyor1246,atla1278,-5.075689240654507,2.514618947703936
nyun1247,pama1250,-1.940243203512928,2.456571070732508
nzad1234,atla1278,-4.82241451060488,3.090886235576562
nzak1246,atla1278,-4.71083976741789,2.1001997099716787
nzak1247,atla1278,-5.7293222234695005,2.636294844169524
obok1239,lake1255,-5.211918785422122,5.823188186043884
obom1235,aust1307,4.731030267191631,1.4656236662334337
occi1239,indo1319,-3.806901217897373,3.1468757745465874
ocot1244,otom1299,4.769474939200052,1.633493886961995
oriy1255,indo1319,-4.6965461396342025,3.1032500848573124
ofay1240,nucl1710,-4.0107436117528765,4.39787597452449
kalm1243,mong1349,-4.264066825530541,5.480389439973977
okan1243,sali1255,-1.4505945924054338,2.498164573614221
okin1246,japo1237,-4.089085290477053,4.540455161480519
okoe1238,atla1278,-3.385975293799338,1.5951092234483344
oksa1245,nucl1709,-5.952850542434833,3.940559123138016
okuu1243,atla1278,-4.567472932913203,1.5148929808673843
oloo1241,nucl1708,-5.617691540855251,5.177240829929604
olut1240,mixe1284,1.217275020258495,1.7894782181121365
omie1241,koia1260,-5.349427364768024,4.759349245316197
onge1236,jara1244,-2.9717027804775675,4.923891908036621
bira1253,bira1253,-4.571971797796292,4.911145286506335
onon1246,iroq1247,-1.3389911667053047,1.68673506245735
orma1241,afro1255,-2.5255174588487352,2.0086852138405487
oroc1248,tung1282,-4.433641886023806,5.187273268799878
orok1265,tung1282,-4.396776185713019,5.411266707391907
orok1269,nucl1709,-5.855541109550432,3.852828425976021
orok1266,atla1278,-3.7209451033530394,1.534983768205711
orok1267,nucl1580,-4.995778483268182,5.104379630560644
orow1242,aust1307,3.152630878142711,1.387396428434359
orya1242,toro1256,-5.25164247132551,5.816444439881052
osam1235,atla1278,-4.679518514560621,2.6828322667227447
otor1240,heib1242,-4.175342685178852,4.442864582911717
otta1242,algi1248,1.0939057936025516,2.313201607566901
owaa1237,aust1307,-2.537993648832675,1.6681741224921307
paaa1242,afro1255,-2.2494386040717766,1.217242163928379
paam1238,aust1307,-3.9808610863321623,1.1958524253499867
paas1238,atla1278,-2.700240597658393,1.634216448540748
paco1243,aust1305,-4.11719808275257,2.204848600474646
pagi1243,atla1278,-5.746131932354432,2.534388062853891
pagu1249,nort2923,-3.7156392298677874,3.4049887578046016
pahn1237,hmon1336,-5.304041050653659,5.042177425669605
pait1244,sino1245,-6.006291827513289,3.1978993920650733
paiw1248,aust1307,3.9124765869792495,1.633050702713235
pala1344,aust1307,2.660066033629032,2.375364972169411
pali1279,araw1281,-2.845104035046716,2.8654129322885344
balu1257,aust1307,-4.377599129175487,2.0049803339891685
pamb1243,atla1278,-5.441925670147198,2.8159117342345104
pamo1252,aust1307,4.506793344600115,1.3086212523369554
pamp1243,aust1307,4.396060086440031,1.9019043324372635
pana1307,nucl1710,-3.6620107269704327,3.841489786363767
enap1235,cari1283,0.5803353987061421,2.089115201842737
pang1290,aust1307,4.263945835508938,1.678970814501266
pang1291,aust1307,5.530328633874435,1.932254019087232
pang1287,atla1278,-5.100158170339192,2.628454080304925
pano1254,pano1259,-2.6464754217256448,1.7742722362960102
pany1241,pama1250,-0.8153964877967406,1.4107541945649045
papa1238,toto1251,4.630111362993047,2.6219031764620784
papa1265,aust1307,-3.724905348675061,1.596235711748017
para1311,tupi1275,-2.365514778893957,2.42142845918705
para1302,sino1245,-6.149066721049226,3.2740774587918957
pare1272,araw1281,-2.401140117267948,2.3025236909920634
pate1247,aust1307,-3.5126939840448244,1.1562407291850842
patp1243,aust1307,-4.570135434396098,1.412089540321534
patt1248,sino1245,-5.797691432732449,4.508285940108403
paul1238,aust1307,-3.041268237853404,1.6790914017817498
paun1241,araw1281,-2.245953467067284,1.7956792433169966
pawa1255,pawa1255,-5.104201518741559,5.228068950206556
pawn1254,cadd1255,0.3097655887850883,2.543230430814804
pech1241,chib1249,-3.9668176370982335,4.016255063699255
peer1241,atla1278,-4.833021608680053,1.8147742725051508
pela1242,sino1245,-6.218010504470368,3.341714941923726
pele1245,pele1245,-5.920120358602942,5.297150561173565
pemo1248,cari1283,-4.725789255495362,3.030523107080203
pend1242,aust1307,-0.6228298299908617,1.0458197816207564
peng1244,drav1251,-5.464547675613826,4.636835423479251
peri1253,mong1349,-4.300662119306149,5.742771287767773
phak1238,taik1256,-4.945882628066093,5.266132741336538
phom1236,sino1245,-6.255307926231646,3.2460058886586536
phon1246,aust1305,-4.087799817084015,2.35834359775793
pila1245,guai1249,1.2442438022453444,2.5048318673537797
pima1248,utoa1244,-2.577875561818629,1.8929321775523744
pina1252,piaw1238,-5.488726511751676,5.324763789720722
ping1243,aust1307,-2.6790869243715774,2.244764922580778
pint1250,pama1250,-2.2627227097474885,2.0871926468268764
pipi1250,utoa1244,2.641894710578521,2.491858127175176
pite1240,ural1272,-4.819493421760593,4.902220787851963
plat1254,aust1307,3.248547359444964,3.0182977538672
pnar1238,aust1305,1.4897126760173096,1.9396219353944677
pohn1238,aust1307,-2.5175910728149136,2.2366541259415733
poko1263,nilo1247,1.6346963488366983,1.5089875944646396
poli1260,indo1319,-3.7578382572699054,3.281096365781007
popt1235,maya1287,3.6174984929444056,2.0312032749814826
port1285,aust1307,-3.9601245302835815,1.1314842905960942
port1283,indo1319,-3.6305509945630825,3.3306571287958238
phai1238,aust1305,-3.9911852456327073,2.2987119845868094
pras1239,indo1319,-3.971620322141883,3.525298551747235
psik1239,afro1255,-1.7742078543823432,0.7695438970965203
puka1242,aust1307,2.8963661497924944,2.8804855804703235
pula1263,atla1278,-4.415203632867917,2.583234020401375
pula1262,atla1278,-4.437586838833255,2.495675598719945
pulu1242,aust1307,-3.699645572126129,2.3596627959900154
puma1239,sino1245,-6.285445617811794,3.532716266388394
pume1238,pume1238,-3.0732863099497694,4.805748943316294
pura1257,pura1257,-5.154507385955887,5.292050545955533
pure1242,tara1323,-2.3798545158143214,4.031859002906069
puri1258,sino1245,-5.817708200708992,4.536259448175155
puyu1239,aust1307,3.972001411961765,1.4927955682150769
qanj1241,maya1287,3.5477581492268877,2.027632191760702
qaqe1238,bain1263,-5.889009263542425,5.191340696578308
qawa1238,kawe1237,-3.083067118407684,5.494197325231584
qima1242,afro1255,-1.7687655178442128,1.6397938595008688
quer1236,otom1299,2.218493784643061,1.830107058171704
quey1238,sino1245,-5.99331983726672,3.974961061016006
quio1240,otom1299,0.0054051972324149,1.331420443498784
rabh1238,sino1245,-6.099461114129949,3.2370291674705856
rade1240,aust1307,-3.6155177961306046,2.1744415674554567
raji1240,sino1245,-6.136481241354554,4.157046428726448
rama1270,chib1249,-4.294161653633397,3.9021792747496127
ramo1244,aust1307,-4.67288358110005,1.3966630664784372
rata1244,aust1307,-0.2882248325571428,1.3960000787758189
raut1239,sino1245,-6.110674923930838,4.214758113954947
reja1241,aust1307,2.058076467371236,1.4330356474216988
remb1250,aust1307,-1.3243141489016756,1.03264932067788
rend1243,afro1255,-2.3533880905029294,1.6776452176347316
reng1252,aust1305,-4.031511903125832,2.035442721317992
rere1240,aust1307,-4.023461990727331,1.122640430931992
reye1240,pano1259,3.7988241658857818,2.051471892123457
rian1263,kolo1268,-4.794864337892281,5.379601750152149
rikb1245,nucl1710,-4.244706854954552,4.134029235737148
rita1239,pama1250,3.352905432284504,1.7856813756542564
beka1241,aust1307,-2.7315695633034336,2.012244268177284
roma1326,indo1319,-3.814968672579452,3.0496961842406654
romb1245,aust1307,4.877998179391065,2.21745034341482
ronn1241,afro1255,-1.903580327729697,1.0451567606809666
rong1266,sino1245,-6.099569267818019,3.0901726683336914
rong1264,sino1245,-5.982146915327217,4.393819552770948
roto1249,nort2933,-5.050581953951758,5.315642828469839
rotu1241,aust1307,-3.29862789623913,2.668923235472276
rovi1238,aust1307,2.7598294111253114,1.1452927054353372
ruch1235,aust1305,-3.680033176839305,2.155608892877635
ruka1240,aust1307,3.920684506785245,1.4594740695829227
ruma1248,aust1305,-3.6013547902554683,2.2872261581126674
rung1258,maba1274,-4.668876423920432,5.730150641714332
rung1259,aust1307,0.8639045015454694,1.0335646856153096
russ1264,mong1349,-4.30343378060528,5.656511445262884
russ1263,indo1319,-3.8272589737959,3.67391570305394
rutu1240,nakh1245,-2.8911723713796587,1.5887585374372852
saaa1241,aust1307,-4.136792323542787,1.2573414263634
saaa1240,aust1307,-2.231398480506693,1.1939823130816123
saam1283,atla1278,-4.538520745861005,2.158059966439275
saar1237,aust1307,3.824786580235161,1.3009994643090677
saba1267,aust1307,0.6588416908361538,0.9101263686491629
saba1268,namb1299,-3.720370972572963,4.590282524191016
sais1237,aust1307,-0.7555577992300706,1.1147540055271978
yaku1245,turk1311,-4.580895341580288,5.481835018429686
saki1247,aust1307,-0.1692681881669604,0.9607768841023194
tsis1238,atla1278,-3.687353599714454,2.0159078059583866
samb1311,atla1278,-4.816038448263996,1.7229204663281088
samb1305,atla1278,-4.957672533892589,1.7169159986631095
samo1303,east2433,-5.090317976512905,5.465823724771628
samo1305,aust1307,2.626810446692793,2.4723053158592894
sana1295,afro1255,-0.2312518168120529,1.846183239662726
sanb1241,otom1299,4.699673056040055,1.938722811775232
sanb1242,chib1249,-5.589420567781415,3.912594841260944
sand1278,huav1256,3.5482806365562585,4.867886882991902
sang1331,atla1278,-4.582241238433847,3.002831113367547
sang1321,sino1245,-6.133608879269026,3.1864078101165294
sang1330,atla1278,-5.055072437759431,2.592482753272652
sani1269,sino1245,-6.413170331832282,3.7661109496837937
sanm1301,otom1299,4.145837606784342,1.7190561796655317
sanm1289,quec1387,-4.241590746593503,4.411391221618802
sanm1295,otom1299,4.884966223565277,1.5060103047720146
sant1410,aust1305,-3.67305350261992,2.6918257156462904
sant1451,otom1299,4.526211594946782,2.067533363715208
sant1436,otom1299,4.8554985645667,1.652461146861164
sanu1240,yano1268,-3.1803637758632224,3.8009561823861184
sapo1253,aust1307,-3.917798647132117,1.6562786047472784
sapu1248,aust1305,-4.167069821802011,2.03738990681844
sara1321,cent2225,-5.556954238500833,3.9169400484939176
sara1327,aust1307,4.778272286297657,1.6685681811306967
sars1236,atha1245,-3.6090515463249946,3.89234112603726
sasa1249,aust1307,-0.7417727240774425,1.3356296002586436
sata1237,aust1307,0.3395273717466093,1.7282235043513632
saur1249,drav1251,-5.312855079974134,4.912872485225488
savo1255,savo1255,-2.8375299499689683,3.9431219411862752
seda1262,aust1305,-4.0129686579839525,2.0619763442055348
taro1264,aust1307,-0.1785812689989718,0.9243406529304607
seim1238,aust1307,-4.15666548895109,2.393818627506284
seke1241,aust1307,-4.150079677876973,1.2690605519360183
sekp1241,atla1278,-3.822291085853204,1.8215548166955264
sela1259,aust1307,-2.7614230207089907,2.012266210042849
sela1260,aust1307,0.2027083853008577,0.9048456158649733
sele1249,atla1278,-3.838544706893301,1.8127713076914065
sele1250,nucl1709,-5.78031235252478,3.522362520776487
selk1253,ural1272,-4.750525435639723,5.247826782225246
sema1266,aust1305,-2.574896370542482,1.5764409403553667
sema1265,aust1305,-1.9088979249133136,1.5612711520150668
seme1247,aust1305,-1.8025538252456133,1.583268593980102
sene1264,iroq1247,-1.0064207424251346,1.681100701267905
seng1281,aust1307,-4.706785481101614,1.4368318993771867
nucl1632,sent1261,-5.385745056107529,5.823578270327506
sout1528,indo1319,-2.9739899861492947,2.5875277094441778
seri1257,seri1257,-2.277328944535757,4.109628556141612
sgaw1245,sino1245,-6.201159408463157,4.02695056342438
shab1252,shab1252,-3.71965031463246,4.690781081777556
sham1280,atla1278,-5.179903838533972,2.318970311417818
shan1283,pano1259,-2.677137744698925,1.688552997578304
shaw1249,algi1248,5.39845496780166,3.60112620690758
shee1238,hmon1336,-4.047937282674332,4.9961537346270255
shek1245,dizo1235,-3.956966227202969,4.562703201444847
sher1257,sino1245,-6.09664847346601,3.254243315735316
biao1253,taik1256,-4.347533759159873,5.10892687824756
shil1265,nilo1247,-3.1817368997791413,2.6019661055168357
ship1254,pano1259,-2.600241985267582,1.7648984582181964
shix1238,sino1245,-6.102555077682975,3.805078584141676
shol1240,drav1251,-5.232102491722774,4.40866068176771
shon1251,atla1278,-4.341462243266637,2.959225279183716
shor1247,turk1311,-4.599329415594402,5.425913814402705
shos1248,utoa1244,-2.063460451637189,2.252506730086626
shua1257,jiva1245,-4.196019165465413,4.665692923823104
shwe1236,aust1305,-3.6025403557933435,2.2262423077034086
siam1242,siam1242,-3.224902878374009,4.737606090575067
siar1238,aust1307,-4.587937400844538,1.5100167762870305
siaw1243,amto1249,-5.453547858746227,5.638824120632927
sich1238,sino1245,-6.090149357451049,3.892871177296959
sici1248,indo1319,-3.502299949042893,2.894783308776137
sici1249,atla1278,-3.967315140899312,2.03861648758315
sida1246,afro1255,-2.8090154413112725,1.5891293783277405
siee1239,aust1307,-2.6229189709310923,1.166245296584015
sier1250,otom1299,4.7592402569078445,1.4616411131489144
sier1248,utoa1244,3.4671716938638784,1.7118071165294406
sika1261,aust1307,-2.4138390983209304,1.6300871627879907
siks1238,algi1248,-0.1764764099795304,1.9485300104588836
simb1256,aust1307,2.3872997269102365,1.2409789712263937
sina1266,aust1307,-3.980986312148112,1.640176428440566
sini1242,mand1469,-4.427686093959526,3.632042201041756
sioo1240,aust1307,-3.9980812269207786,1.3718924684458322
sion1247,tuca1253,-5.0007173736616295,4.021842158945766
siri1274,tuca1253,-3.4719180756342527,2.7411922676425693
siri1273,tupi1275,-1.786883699795421,1.7047567380383537
sile1255,nucl1709,-6.037255088440272,3.605689086880524
sisi1250,aust1307,1.4953446629600105,1.2075428728591664
situ1238,sino1245,-5.920314414853284,4.111665467176323
siwa1245,sout2948,-4.946171040358509,4.797548722651019
siwi1239,afro1255,-1.3791881388158176,2.1544195702387734
siwu1238,atla1278,-3.8406530728058823,1.8211923276325253
siyi1240,sino1245,-6.085438123211951,3.250136646786109
skol1241,ural1272,-4.791217637111901,5.021349378232822
slov1268,indo1319,-3.5511008508152293,2.994048125721928
sooo1254,aust1305,-4.178065560406846,2.2762685776018747
sobe1238,aust1307,-3.958060957008208,2.334603180293268
soch1239,otom1299,4.633216766659805,1.5151560661842538
soga1242,atla1278,-4.651074254267384,2.279691485392295
soma1255,afro1255,-2.36716732907101,2.524435490629761
soni1259,mand1469,-5.5814582208665815,3.736459948767992
sons1242,aust1307,-2.263454742445729,2.2500663714708797
sooo1256,kuli1252,2.022792658963783,2.721006462984006
sora1254,aust1305,-3.804802645467571,2.6610925466890745
mani1235,east1459,-4.973001253000437,5.516877244612658
koon1244,atla1278,-4.494704865825495,3.1156258002314985
sout2859,aust1307,-3.842186892117662,1.1954169125488605
sout2976,utoa1244,2.51415483174594,2.0531254869375344
sout2856,aust1307,-3.3248715927249988,1.259919368802488
sout2954,japo1237,-4.209979823675126,4.702190739735581
sout2996,ayma1253,-0.6653676393461567,1.8166064297093647
sout2730,sino1245,-6.253348147506236,3.562186241078
raro1241,aust1307,2.895580305003752,3.00423808928441
sout2741,taik1256,-4.8610107014527255,4.919062061873534
sout2715,sino1245,-6.250389749277844,3.725977034200132
sout2826,krua1234,-3.824822172951992,5.891704246783262
sout3236,gumu1250,-3.382534956911011,4.112081417770342
sout2956,haid1248,-2.647326794204353,3.890984504187075
kach1280,sino1245,-6.154401631650286,3.4277628633311243
sout2949,kiwa1251,-4.949468430553459,5.424629646558564
sout2994,namb1299,-3.5443660046574617,4.718926920571949
sout2649,indo1319,-3.9162847506765104,3.5988748144859635
sout2729,sino1245,-6.125652480719167,3.7683532716549135
sout2728,sino1245,-5.906138789131637,4.167317445892004
sout2918,aust1307,5.674319326409716,1.6812068015022683
sout2985,miwo1274,-0.6021727699312782,1.6853930796071586
sout2807,atla1278,-4.433170793331134,3.3479381196759146
khan1277,sino1245,-6.006330562915835,3.13401303902769
sout2797,atla1278,-3.99113100393726,1.878384523153355
sout2679,ural1272,-4.889990459671751,4.720863709284177
sout2782,atla1278,-4.661545635664631,1.5599804590056363
sout2895,aust1307,-3.047978765351949,1.694524005374232
sout2674,ural1272,-4.792830905055405,5.079926741321335
sout2959,atha1245,-3.6093500098892193,4.448171976132112
para1301,aust1305,1.2932996909281986,1.7516853596058617
sout3261,nakh1245,-2.509609133132389,1.5626059167270825
sout2869,aust1307,-2.1909955594225727,1.037219318604933
stan1318,afro1255,4.197110822671357,2.7589636595472253
indo1316,aust1307,-0.2128596656517949,1.605552782257238
stan1306,aust1307,-2.2957939825140574,1.6608457320247538
horp1239,sino1245,-5.95597729413241,4.042841594972408
suab1238,sout3418,-4.777438427873034,5.632321607720005
suba1238,atla1278,-4.494036187127514,2.177268355151522
sude1239,aust1307,-2.3093667107609117,1.736591364898687
suku1272,afro1255,2.7100295686661973,0.7926791604706
sulk1246,sulk1246,-5.97026879778586,5.331444841120366
sumi1235,sino1245,-6.015158892929262,3.164831013143157
mari1426,aust1307,-4.233887699451995,1.4943903414930588
sunw1242,sino1245,-6.30713587906784,3.577707355481767
supy1237,atla1278,-3.9853040418086154,2.239248828016702
surg1248,ural1272,-4.731617431464897,5.217503859611194
surs1246,aust1307,0.0677399016489568,1.2527511112143
suru1262,tupi1275,-2.5507316680239054,2.1683296735585493
susu1250,mand1469,-5.635443727121911,3.447214698417137
swah1253,atla1278,-5.256132980485416,2.326569533759062
swed1254,indo1319,-3.853579599134439,3.553571369199293
taba1263,nort2923,-3.5672775231353424,3.4476247344206694
tabo1241,tabo1241,-4.788617794638029,5.472556604765007
tafi1243,atla1278,-3.855972065879912,1.885185408978716
taga1272,aust1307,4.828972738621449,1.464225261758708
taga1273,aust1307,0.5638409112826746,1.009642665597422
taga1270,aust1307,4.674261799027688,2.0965116900547143
tagb1258,aust1307,5.254292840499699,1.908689741007632
tagi1241,sino1245,-6.093890588875256,3.4474298156726078
tago1246,rash1249,-3.9877663317804135,4.735108861777244
tagw1240,atla1278,-4.422591507613189,2.147518580532558
taha1241,afro1255,3.6631241850230927,3.14793473135634
tahi1242,aust1307,2.8889805132805577,3.018254221091235
taia1239,taia1239,-5.5524651312882165,5.519490298568558
taji1246,aust1307,-0.3856323107894939,0.994536186272896
taki1248,aust1307,-4.2357370170663415,1.6804340740813934
taku1257,aust1307,-2.8080745700446945,1.8065319501084467
binu1244,aust1307,5.142156980445908,1.5214094830589104
tali1259,aust1307,-1.7200950692070127,1.0807641728138415
tama1331,tama1329,-4.638746346258582,5.728826838637017
malo1243,aust1307,-4.030222563602076,1.263187810004796
tama1365,afro1255,4.308593666194803,2.068695561212401
tamb1254,aust1307,1.108245862519651,0.9404610357361332
tami1290,aust1307,-3.8575982553304273,1.330819136335304
tami1289,drav1251,-4.990906231011823,4.722016905623775
tane1237,aust1307,-3.869974292431959,1.7510402770520308
tang1377,sino1245,-6.0705376636232335,3.6546201256109576
tang1373,sino1245,-5.691571485801815,4.4316434621594265
tani1257,tuca1253,-3.4165286741770577,2.931623742435169
lowe1412,aust1307,4.128592584027073,1.432704675561956
tara1313,sino1245,-6.129452171305522,3.1829683923254226
tari1256,araw1281,-0.8721701592098285,1.351599663624777
tari1263,afro1255,3.055696816767627,2.7043703432412247
tata1258,otom1299,4.819137817135652,1.8019715823154328
tata1257,aust1307,5.436752178453903,1.0151839895898362
tata1255,turk1311,-4.672172494052031,5.146761134847427
taul1251,taul1250,-5.956597985856659,5.242480783340328
taus1253,taus1253,1.749584336435946,3.256393436640515
taus1251,aust1307,5.8102683215964746,1.4619540879386097
tauy1241,nucl1709,-5.885566083118024,3.510163161305621
tawa1275,aust1307,-3.979719995855639,1.508985480970047
tawa1286,afro1255,-0.0511735293430755,1.6477930138772896
diga1241,sino1245,-6.068316160489576,3.672253865665072
taya1257,afro1255,3.866579910076111,2.713648592537
tbol1240,aust1307,4.885952953600496,1.473022680231396
tean1237,aust1307,-3.834340410463319,1.7528484623770542
teda1241,saha1256,-4.518787174214209,4.69830284715462
tedi1235,sino1245,-6.076439259061296,3.2887789342924822
tega1236,rash1249,-3.953194730208041,4.726029096304506
tehu1242,chon1288,0.0652755443691202,2.5746303475414454
tekt1235,maya1287,3.659833552441588,2.130339415704753
tele1256,nucl1709,-5.95305239307884,3.981279316847131
telu1262,drav1251,-5.719734349669897,4.522193642844778
temi1246,aust1305,-2.680318709406412,1.6029314876513965
temo1245,otom1299,-2.014438899677807,1.7076107852882343
temp1235,aust1307,5.779356280021904,1.1004326544718015
teng1272,aust1307,0.0092518504746985,1.2586358488096518
tene1248,dogo1299,-3.0486003292498767,3.142739000867508
tenn1246,surm1244,1.715550299039831,2.4328065006420285
teop1238,aust1307,-3.840777239731694,1.6401090254541757
tera1251,afro1255,-2.466804197864237,1.173983559632088
tere1278,sout2948,-4.861192119691838,4.754028547205087
tere1279,araw1281,2.7490610719589945,2.5609745310782737
teri1250,chib1249,-4.4282536208186976,3.966431464605939
term1237,aust1307,-2.3635907937535734,1.538794847645426
tern1247,nort2923,-3.657540638172757,3.402943944322387
tete1251,utoa1244,-2.176009859029752,1.5600671807946158
tetu1245,aust1307,-2.7776824628023524,1.4380188119664643
teun1241,aust1307,-3.015643150894323,1.819094278807624
tezo1238,otom1299,4.679470074846293,1.5249937502252386
thad1238,sino1245,-6.065299224739855,3.1890049784861487
thai1261,taik1256,-5.139891881463676,5.296206339091611
thak1245,sino1245,-6.187826027121695,3.926366386384256
than1259,sino1245,-6.070744893124368,3.7781871266877305
thao1240,aust1307,-0.3791517856862287,0.985775664751066
thar1283,atla1278,-5.025802546719941,2.196247036545625
aheu1239,aust1305,-4.14163619199612,2.3451125291719404
thay1249,pama1250,-1.0531860391363503,1.403839302542191
thul1246,sino1245,-6.232423543073886,3.569446283035412
tibe1274,atla1278,-4.535064365888078,1.7100162457726071
tibe1272,sino1245,-6.102473818854456,3.665920696183063
ticu1245,ticu1244,-2.891953455209147,4.469505939079598
tido1248,nort2923,-4.0424406868949845,3.491672588852275
tief1242,atla1278,-3.858093203802134,1.8600557059162208
tief1244,atla1278,-3.813097477497162,1.8527918089028408
tien1242,atla1278,-4.796900927444097,2.952707087921924
tiga1245,aust1307,-4.164949269713524,1.703115410062023
tigo1236,atla1278,-4.71594663586968,1.5892485352271652
tika1246,atla1278,-4.655649850344686,1.7659042870631207
tiko1237,aust1307,-4.405048742976186,1.8240338742224536
tilu1238,sino1245,-6.289182195387639,3.5498614361238428
timn1235,atla1278,-4.493757424839878,2.6878107417404635
timu1262,aust1307,5.496336122406772,1.0019547248147047
tina1248,aust1307,4.28487691232503,1.8143254007340497
tira1254,heib1242,-4.116658917238395,4.460018155370077
maee1241,aust1307,-4.021730946759192,1.1830766331901694
tiri1258,aust1307,3.162936760337847,1.348774039737311
tiru1241,aust1307,4.896802406567634,1.4402171526052907
tita1241,aust1307,-4.28130171532697,2.077236598445631
tivv1240,atla1278,-4.3526758378752,1.5435954869847688
tiwi1244,tiwi1244,0.0419022000022328,2.273890154309544
toab1237,aust1307,-1.7022518074423505,0.9749324208991216
toar1246,nucl1580,-4.952435043439809,4.976361929413739
toba1268,leng1261,2.2359964386878994,3.957612609558646
tobe1252,nort2923,-3.937112440315143,3.46771605873621
toda1252,drav1251,-5.176028640311462,4.378323097080101
toho1245,utoa1244,-1.059830029749071,1.7044508254867168
tojo1241,maya1287,3.592507951143205,2.174138821026582
toke1240,aust1307,2.644586857653876,2.6669228251676165
toll1241,jica1245,-2.598416557660011,4.370630412133097
toma1245,mand1469,-5.813043625516973,3.626893326203708
tomm1242,dogo1299,-2.991782590440069,3.1043977206585085
tond1249,song1307,-3.1619492980379,3.3179897567968872
tong1325,aust1307,2.581622916536692,2.6901563369277213
tong1318,atla1278,-3.976871864042149,2.6263676105580096
toor1238,atla1278,-5.097980455750619,2.5983797969729263
tora1259,aust1307,-3.631712275740294,1.560854377714621
tote1238,atla1278,-3.182497924393716,2.162114521525095
toto1302,sino1245,-6.147698195497776,3.5222289708313905
touo1238,touo1238,-3.273726709175607,4.374167534654831
trin1274,araw1281,-1.6179030294613437,1.5307692758614009
trio1238,cari1283,-0.9950788614646036,1.7867532504139572
trum1247,trum1247,-2.716878624836978,4.261069242813358
colo1256,barb1265,-4.377791269313663,5.142573314962716
tsam1247,afro1255,-2.6550489148456893,1.431585884412021
tsat1238,aust1307,-3.4825850031955645,2.844012727550166
dido1241,nakh1245,-3.401370778376465,1.670075160458972
tsha1245,sino1245,-6.019621523954983,3.370018960253179
tsix1234,khoe1240,-1.5675632817934737,2.398068306384043
tsog1243,atla1278,-4.174566073866051,2.855621241705059
tson1249,atla1278,-4.428570610539436,3.259044231843209
tsou1248,aust1307,3.897610430237741,1.301056392289892
tswa1255,atla1278,-4.43495902509004,3.268683837538388
tswa1253,atla1278,-4.200359406147634,2.884042389044529
tuba1278,utoa1244,-2.113383414096884,1.9939304641586693
tuca1252,tuca1253,-3.228813064676032,2.6059648948724394
tuge1241,nilo1247,1.6750382261299746,1.4569956089211082
tugu1245,aust1307,-2.8450203404876566,1.4875949853659094
tuka1248,aust1307,-0.262761963734353,1.0773108735971118
tuki1240,atla1278,-4.420659333021178,1.8009307882852903
tula1252,atla1278,-5.0723525592199055,1.6020120875532091
tulu1258,drav1251,-5.2766458444025135,4.57491363696532
tumu1242,atla1278,-2.4139204107816203,1.6368674840701587
nene1249,ural1272,-4.725517012854266,5.223847035955211
tune1261,atla1278,-4.246472320389696,1.6462534525182777
tung1290,aust1307,-4.232111224447749,1.8724066157813777
tunn1238,afro1255,-2.529571487388217,2.459761075897582
turk1308,nilo1247,1.1983377070442862,1.6611982783514971
turk1303,turk1311,-3.6353663993911214,4.468586140451016
nucl1301,turk1311,-3.5454621912818745,4.604322957710651
turk1304,turk1311,-4.399563578002577,5.253183081806341
tusc1257,iroq1247,-1.8553886056033475,2.1416791260890413
tutu1241,aust1307,-4.0816271865249405,1.2659849045674587
tuva1244,aust1307,2.083224705591677,2.508248879400144
tuvi1240,turk1311,-4.60689293759539,5.418350197970646
tuwa1243,aust1307,4.202871039132336,1.404626079767545
tuwu1238,atla1278,-3.831832526504421,1.827334592767448
uuuu1243,aust1305,-3.872846375409993,2.1983551153173035
ubir1237,aust1307,-4.327631613085008,1.4227611812075924
udii1243,nakh1245,-3.020347413484535,1.7976272495636731
udih1248,tung1282,-4.410178525561668,5.269664505314445
uduk1239,koma1264,-1.009671863805341,1.8409208490228852
ughe1237,aust1307,2.8224471709342094,1.194925455783423
ugon1239,sino1245,-6.205313219160289,4.157418081845957
ukaa1243,atla1278,-3.391358183417113,1.6050669264432873
ukra1253,indo1319,-3.669867561483553,3.4645244017426142
ulch1241,tung1282,-4.441210521093441,5.161442622139743
ulit1238,aust1307,-2.811989161437595,2.3699631363017817
ulwa1239,misu1242,-3.226490970889086,4.14898163712763
yaul1241,kera1258,-5.5391087490686495,5.396276372621868
umaa1242,aust1307,4.361503045707289,1.338605012008843
uman1240,daga1274,-5.622976990321961,5.162427366089148
umbu1257,atla1278,-3.843224752889333,3.192332991895297
umbu1258,nucl1709,-5.91307392182017,3.7118373259558073
umes1235,ural1272,-4.859235010189989,4.896785025558975
unaa1239,nucl1709,-5.887984550941187,4.17192838965508
unea1237,aust1307,-4.665241295158515,1.5532057561497217
unua1237,aust1307,-4.0242085236708895,1.1240131035170222
uppe1427,aust1307,5.86005837985123,1.1635231535808224
uppe1275,toto1251,4.484925279438642,2.689126909410306
urak1238,aust1307,-2.7124634923332662,2.1682511183472557
urar1246,urar1246,-0.4656729801728714,2.377770054266194
urav1235,aust1307,-2.71457106180538,1.1942637576169783
urim1252,nucl1708,-5.657564896158773,5.11958595368054
urip1239,aust1307,-4.031474541025241,1.1720672864662145
urni1239,giim1238,-2.315987347213229,3.5875615721956877
usan1239,nucl1709,-5.998141833997489,3.621957184439208
utes1238,utoa1244,-2.3298235497984043,2.512655546790028
kagf1238,atla1278,-3.5427723654414347,2.112562892583808
pile1238,aust1307,-3.406605097257496,1.7520547272696163
veps1250,ural1272,-4.818759558971367,4.923077593638181
vera1241,aust1307,-4.152814950904822,1.6573871236902369
viem1243,atla1278,-3.6055397673624663,1.8414672028350747
viet1252,aust1305,-3.968277423456484,2.5690789078902894
voti1245,ural1272,-4.905863134746313,4.696203833222382
vunj1238,atla1278,-4.957416720453219,2.194146187011219
vure1239,aust1307,-4.1560301580633325,1.662320971650308
vwan1235,atla1278,-5.087094674550712,2.6049987311082337
wadj1254,wadj1254,0.0654578388216133,2.217957707112616
waga1260,pama1250,-0.3594916002266135,1.473953574602385
wage1238,wage1238,-2.101140034221068,3.376019308520587
waig1244,aust1307,-3.117225712085294,2.0219078755779023
waim1251,aust1307,-3.713929427497727,1.5531171235398349
waim1252,aust1307,-2.863033852317031,1.4231073955160216
waim1253,cari1283,-5.333179482451016,2.869378756600872
waiw1244,cari1283,-5.481978634014939,2.455356812449569
waja1259,atla1278,-5.0484430295608425,1.5986670285298912
waja1257,pama1250,-1.2135659685175622,1.806352743574676
waka1274,pama1250,-2.2050641425195097,2.296901596347615
wala1266,aust1307,-1.845694820207048,0.8775062061487855
wamb1258,mirn1241,1.2017192010452216,2.1251376410994736
wamb1257,sino1245,-6.344063765007558,3.544130238953212
wann1242,mand1469,-1.071085949498403,2.4117127973779398
wand1278,afro1255,2.0537533072684333,0.8755825299094173
wand1267,aust1307,-3.716200989049387,2.060749712318548
saka1289,aust1307,-4.0420686592933786,1.4395664064397815
waor1240,waor1240,-4.100180594744398,5.274356015570349
wapi1253,araw1281,-2.547835882199199,2.390752544816924
wara1303,wara1303,-2.8717073520271703,4.896881858989224
wara1300,aust1307,4.942478924236321,2.197590874024499
ward1246,yang1287,-2.061925807237797,3.471550346218483
ware1255,araw1281,-1.7880110631671835,1.5128801429195686
ware1253,aust1307,-3.897890028551693,2.2866715163054003
wari1268,chap1271,2.0670883405867024,3.6435089934093257
warj1242,aust1305,-3.459516503982638,2.183803327173658
warl1254,pama1250,-1.5287422134459725,1.8099218697426915
warl1256,pama1250,-1.443493444532344,1.7654514922076618
waro1242,aust1307,-3.873441233407147,2.193691562694988
waru1265,pama1250,-1.502994966516555,1.6854461232023483
wash1253,wash1253,-1.982138668688819,3.4519591485273957
wask1241,nucl1709,-6.102203386038521,3.720774695235698
wawa1246,atla1278,-4.757905225505948,1.788244492325198
waya1269,cari1283,-1.0497584244090108,1.8842639091679736
wayu1241,sino1245,-6.292232894241363,3.5763072964240337
wayu1243,araw1281,2.077548395496376,2.505226910685959
weda1241,aust1307,-4.208600367671058,1.4104317448131145
wels1247,indo1319,2.574240832352116,2.534058280623287
nort2864,aust1307,-3.0499449866420743,1.6715062487230297
weri1253,kuni1270,-4.887683428074554,4.570998608999862
west2564,aust1307,-1.4725873277294532,1.0753093194250978
west2560,aust1307,0.9840402057714156,0.950024024329058
west2548,aust1307,-3.0133644607082344,1.7442712752780114
west2615,atha1245,-2.882474150557345,3.2952247543944733
west2441,pama1250,-2.3779953648348844,1.9682662547324288
west2397,aust1305,-4.170960268335128,2.2774787109821766
west2555,aust1307,5.1206615683461285,1.4834131985671952
west2618,eski1264,-3.069256855372957,4.845690848035436
west2650,aust1307,-3.6976549084870975,2.640952229774733
west2594,nucl1709,-5.746140053827254,4.355869060281831
west2369,indo1319,-2.9550947946881894,3.1005172644267063
west2519,aust1307,1.167700808985204,1.5772015084737898
west2354,indo1319,-3.708310228513776,3.165632795922299
west2644,otom1299,4.873455269517447,1.812784805317584
west2624,utoa1244,2.067630361558834,1.6329358444907127
west2466,atla1278,-4.001371425555853,1.9050499297092784
west2632,kere1287,0.2855680062379022,2.45951100829058
west2396,aust1305,-3.810330836932797,2.271116596737309
west2418,sino1245,-6.219648597004664,3.900545570665708
west2392,ural1272,-4.8399944460269175,4.886579418230852
west2763,afro1255,4.87431946054598,1.884482209859235
west2386,indo1319,-4.236246366645982,3.3836375136307684
west2557,aust1307,5.390733413323924,1.8396778601180133
west2415,sino1245,-6.296695138903804,3.693946471815416
sanj1284,otom1299,4.742481067610092,1.5841682692121228
west2430,hmon1336,-4.642711807969501,5.246214706621629
west2599,nucl1709,-5.848519338395189,3.773472292697437
west2600,nort2923,-3.836578767113868,3.393482426787007
saka1291,aust1307,3.133011675973715,3.003494798441368
west2516,aust1307,3.2573308486632446,1.403678308820405
whit1269,aust1307,-2.2286817800758456,1.033995375740263
wikm1247,pama1250,-1.7151236132416143,1.4257503537213854
wiru1244,wiru1244,-5.265908491332855,5.3789088424958775
babi1235,atha1245,-3.137242030659553,3.8140331212972463
woii1237,aust1307,-3.789101670095608,2.151861996731907
wola1253,afro1255,-2.555696033634685,1.607181855859289
wola1242,gong1255,-5.149066865627722,3.619136468396487
wole1240,aust1307,-3.687699781986713,2.561986059242285
woli1241,aust1307,0.0135134670432544,0.8878275068361088
nucl1347,atla1278,-4.483710885181669,2.7295021134206623
wotu1240,aust1307,-0.1900915773949694,0.987611065972537
woun1238,choc1280,-4.352212277276158,5.238495289739684
wuch1236,sino1245,-4.93866200168739,4.512340768717902
wudi1238,sino1245,-6.255750472201159,3.746006235743344
wusa1235,sino1245,-6.265410700896597,3.7621336453529937
wutu1241,sino1245,-5.778099007608613,4.358519753191174
wuvu1239,aust1307,-4.165446144285282,2.3380509093695414
xamt1239,afro1255,-1.8773518221070813,1.5691621193202536
xara1244,aust1307,-1.6661094546855242,1.296514090261704
xava1240,nucl1710,-3.599645263190866,3.88388883449136
xhos1239,atla1278,-4.433771475508836,3.4542878676936883
xish1235,sino1245,-6.270204434286544,3.5436905892574257
xokl1240,nucl1710,-4.130163800558897,4.801922148270823
yaak1241,afro1255,-2.148736528847992,1.6214800994786192
yabe1254,aust1307,-3.906170976580989,1.3381926232844696
yaey1239,japo1237,-3.244094855112325,3.638767257421218
yaga1260,nucl1709,-5.757204379674948,3.5176985624986568
yagu1244,peba1241,2.510764639899074,3.9652987195795975
yaka1272,atla1278,-5.313591896689758,2.4321473839257823
yaka1277,aust1307,5.332523732038153,1.9209478508152689
yaka1269,atla1278,-4.529914453815728,3.141217690818072
yakk1236,sino1245,-6.263348488937202,3.5568233650961485
yako1252,atla1278,-5.678220226458445,2.4860621042477185
yale1246,yale1246,-5.463383833194783,5.629208435733283
yama1264,yama1264,-3.2142926762080823,5.671015650059907
yami1254,aust1307,4.009854639190067,1.7298011434443907
yami1256,pano1259,-2.924379884300801,1.8424443936036423
yamp1242,sino1245,-6.283958307957489,3.573074951316501
yane1238,araw1281,2.228538465197508,1.6126470726958768
yank1247,pama1250,-2.5209993039242384,2.2298961277512674
yano1262,yano1268,-3.4630495743614564,3.87736219086217
yano1261,yano1268,-3.028199234423208,3.652125360328291
yaoo1241,atla1278,-4.866181765152919,2.944913223474897
yaou1238,mand1469,-5.811642660931799,3.022835621352046
yape1248,aust1307,2.271990125754704,2.1686977906058367
yaqu1251,utoa1244,-2.097151334668677,1.899799326756641
yare1248,yare1250,-5.443215165252948,5.274260258642887
yasa1242,atla1278,-3.935458795759352,2.2275149723342142
yatz1235,otom1299,4.611772098280804,1.6261906007013334
yaum1237,nucl1709,-5.604272934311451,3.455962495772884
nucl1454,yawa1259,-5.057239961222837,5.75321539016416
yawa1261,araw1281,-1.562775858299069,1.781057890247272
yawa1260,pano1259,-2.8401010612625863,1.792689098105793
yawu1244,nyul1248,1.710897623801007,2.372502746087102
yecu1235,toto1251,0.2048698110853393,2.213093102102756
maqu1238,cari1283,-4.613073090925007,2.795003163661157
yele1255,yele1255,-0.6947960048090018,2.569560138394989
yems1235,gong1255,-4.891690300599008,3.620841944670895
yapu1240,nucl1708,-5.541461688388766,5.134330916371409
yess1239,sepi1257,-5.629139729556355,4.946695533490631
yeyi1239,atla1278,-3.204047057883115,2.1179821260884437
yidi1250,pama1250,-2.4831348236571453,1.8449105590756787
yima1243,lowe1423,-5.500786473057069,5.4979329850753285
yinc1238,aust1305,-3.704084250098815,2.32730103751794
yind1247,pama1250,0.0635445707918598,1.1352973652035931
yine1238,araw1281,1.206521408488178,1.3548171936019084
yoga1237,aust1307,4.250749932190905,1.547267258920055
yona1241,japo1237,-3.0550139690951124,3.492025529630764
yong1276,taik1256,-5.056902400273007,4.968696436926396
yong1280,nucl1709,-5.770659697620079,4.132418661465206
yora1241,pano1259,-2.807130446703849,1.911528331652568
youl1235,sino1245,-6.485081401554167,3.4149885348479394
youn1235,hmon1336,-4.697737400000624,4.959659195795752
yuca1254,maya1287,3.1780539710327367,3.076841740263089
yuch1247,yuch1247,-2.6858330032945585,4.790229879591688
yucu1253,araw1281,-1.7950739298191851,1.6723332274929312
yuec1235,sino1245,-5.54115853454619,4.274674973522968
yukp1241,cari1283,-5.80049695249247,3.5556594887184376
yulp1239,pama1250,-2.1345916743611903,1.8009367573113764
yulu1243,cent2225,-5.730636586773868,4.209213980255276
yuqu1240,tupi1275,-1.3126053022014377,1.662185354836854
yura1255,yura1255,-0.1727332218034396,2.3085101748632884
gami1243,pama1250,-1.8853709567766408,2.0481523224193934
zaba1237,aust1307,3.318782284395439,1.2069722998618817
zaca1242,otom1299,4.773859483908035,1.8978939226956868
zaca1241,utoa1244,-2.3165981915499327,1.393189243891511
zaiw1241,sino1245,-6.199635971361603,3.343877998928927
zakh1243,sino1245,-6.0772516700234736,3.630201435999341
zamb1245,atla1278,-5.369765327313682,2.5411174387859923
zand1248,atla1278,-5.429897991655822,2.8217992092234727
zani1235,otom1299,4.853935125638797,1.6379357587173349
zapa1253,zapa1251,-4.068372425331182,4.740680982292512
zarm1239,song1307,-3.0517020419397585,3.839104740589133
zays1235,gong1255,-5.11021544917047,3.564842690526498
zeme1240,sino1245,-6.128688090106227,3.076293608006135
zenz1235,otom1299,4.850846018257176,1.6935799369340954
zhab1238,sino1245,-5.8837981922903335,4.01059613442897
zigu1244,atla1278,-5.192607628508852,2.3827318144880767
nort2795,atla1278,-4.149437463851977,2.787825063656107
zoog1238,otom1299,4.642367519773124,1.5981561317494828
zulg1242,afro1255,-2.361451237773518,0.8104649803818011
zulu1248,atla1278,-4.436746004337079,3.405149573118287
zuni1245,zuni1245,-2.1076715061866764,3.728345166129205
