Glottocode,Family_ID,GPGLMM_Latent_Mean,GPGLMM_Latent_Variance
abad1241,aust1307,-1.6742064942258057,0.7453441573874677
abau1245,sepi1257,-3.5158481685444283,2.8384054035487125
abee1242,atla1278,0.607047165282304,1.367736730191293
abkh1244,abkh1242,-4.726789324204598,6.863292196026801
abua1245,nucl1708,-0.4856561809110316,0.7422499976028263
abui1241,timo1261,-2.1965025220949714,2.17438511836599
abun1252,abun1252,0.7321860253070565,2.375889091274724
achi1257,aust1307,2.3488084233964583,1.7528928460216535
acha1250,araw1281,-5.0303962522437065,4.485636844699033
ache1245,narr1279,2.45476815128026,2.5155994004592905
achi1256,maya1287,-0.855357382187723,0.8967778987576835
achu1248,jiva1245,-5.7988924533385,7.176586021967431
acol1236,nilo1247,1.8068950237531904,1.467407106404929
adan1251,timo1261,-2.1978263957384536,2.1751019775218303
adon1237,aust1307,1.0527329603743931,0.6756159290245698
adze1240,aust1307,0.238059916549056,0.4911216878410123
aeky1238,kamu1264,-3.4519571554564807,3.574141239758558
afar1241,afro1255,-3.469904075516234,2.5874780231318697
aghe1239,atla1278,1.1514572909245446,0.54563772086364
aghu1255,nucl1709,-4.285836344017026,1.990243899074436
agob1244,paho1240,-3.5927020661158475,4.212776915235047
agua1253,jiva1245,-5.778144264304187,7.314588178658109
agus1235,aust1307,-1.162665925868787,0.915004465728158
agut1237,aust1307,-1.889854646093355,1.1743216172583004
aime1238,bosa1245,-3.1174149361894266,4.106657642470021
musa1266,nucl1709,-4.22013874758114,1.113562219216428
aito1238,taik1256,0.2600435123400553,1.5095708031147268
ayiw1239,aust1307,2.119696918841833,1.1003201931867803
ajab1235,atla1278,1.5507881764034783,0.9408765966440598
ajas1235,kres1240,2.1311325047752225,2.796253256960748
ajie1238,aust1307,1.820094227319398,0.7004685988425461
ajyi1238,araw1281,-3.815814713477048,3.8447661992662656
west2635,maya1287,-0.0564634195836784,0.5677987558003519
akha1245,sino1245,-2.660408208579246,0.9288428971872272
akoo1248,atla1278,-0.226654120053702,0.5571069990778152
akun1241,tupi1275,-5.165935954847858,5.834927691688526
alab1254,afro1255,-3.021896122710253,1.2784560358661796
alab1237,musk1252,-3.503591177227806,5.593343857081843
alac1244,otom1299,1.0684579110167824,0.7166148880920904
alag1248,afro1255,0.3902615320402436,0.8181166014909813
alam1246,sepi1257,-3.5655716330009977,2.823936791040696
aleu1260,eski1264,-4.735603150983754,8.524968124355375
alor1247,aust1307,1.243396095213102,0.7216005448140308
aluk1238,drav1251,-5.571131734807016,5.880587266194433
alya1239,pama1250,-3.377541192269716,3.0906795095814115
amah1246,pano1259,-5.794902244187008,5.759374330989117
amam1246,kuni1270,-3.311146846205625,3.187616535441008
amap1240,left1242,-3.04940711193417,3.905673524086215
amar1272,aust1307,1.4495767404499702,0.5263470907132461
amar1274,hara1260,-5.398160211232449,6.86884555913763
amas1236,nyim1244,-1.13977450804113,2.7372180526410537
ambu1247,nduu1242,-3.257847742536472,2.928206596635434
amdo1237,sino1245,-4.744054388116193,3.015760564600648
amha1245,afro1255,-3.109081913192192,1.907489746461625
amii1238,west2434,-0.8614768455474549,1.7394588942269706
amis1246,aust1307,-0.923238525345528,0.6863722873677389
hoaa1235,kxaa1236,0.4967143603659005,2.4568572503161183
amri1238,sino1245,-5.434731179507392,1.563999456888327
gily1242,nivk1234,-4.812869062986531,8.500563653684495
ando1256,ando1256,-4.73950322429873,6.820110253709956
anei1239,aust1307,2.568828832153467,1.152270942293745
anem1249,anem1249,1.198988025689797,2.5096241173473883
anfi1235,gong1255,-2.6611599650644355,2.335097699419663
anga1290,anga1289,-2.764143470696838,3.088657020452932
anga1288,sino1245,-4.597346129015575,1.2884669249676666
ango1257,chib1249,-6.308035098814821,5.926041852235644
anin1240,gunw1250,-4.220137228083649,4.679355411399617
wara1294,more1255,-3.6582986617785913,3.708773281524208
anta1255,aust1307,-1.0659694808469116,2.243454079935818
anua1242,nilo1247,1.7506367857281957,1.636792458144564
anuu1241,sino1245,-3.929039304479569,1.7107633881670663
anut1237,aust1307,1.8683478906398523,1.612765812909858
aona1235,sino1245,-4.43781530342228,1.3392943493120395
aoua1234,taik1256,1.3043441967545863,1.33830937785868
apin1244,nucl1710,-5.5037602004965445,7.436382560903769
apma1240,aust1307,2.8538613838046967,0.5426098412593294
apma1241,kera1258,-2.2370265579688966,3.0051594518369704
apur1254,araw1281,-4.135883087644665,3.688492429124541
arak1252,aust1307,2.318123438790104,0.5586814416653496
aram1253,more1255,-3.653940670937175,3.702879508962584
arao1248,pano1259,-5.242757485536276,5.41348472656395
arap1274,algi1248,-4.8961561222346175,6.360528221160459
araw1273,tupi1275,-5.519572518881213,7.426730551706515
arbo1245,afro1255,-0.9789429999072552,0.8923422203079632
arch1244,nakh1245,-5.494467238931654,4.951743553519171
aree1239,aust1307,-1.5778454966362476,0.6328216033023679
area1240,aust1307,1.2951360859626613,0.6944101996247838
argo1244,afro1255,-3.1452176263581864,1.9534211526956489
arhu1242,chib1249,-6.052793706266523,5.913991804548371
arig1246,atla1278,2.0198654388951045,0.8951823219116211
arom1237,indo1319,-3.249767219015951,3.3521477679969545
arop1243,aust1307,0.5571463343851715,0.5618133361535804
arop1242,aust1307,-0.0513480539657358,0.7611632304948266
aros1241,aust1307,0.7595372554043989,0.7984916827711608
arta1239,aust1307,-1.171657427449031,0.5774740933368729
asha1243,araw1281,-4.893290072897504,3.902570696840281
ashe1272,araw1281,-3.8094932587463,3.8804572996376976
assi1247,siou1252,-4.80922726199091,6.624324474207827
asur1254,aust1305,-3.784129178672333,2.703176947158992
asut1235,atla1278,1.287422300616118,0.8092271433954235
athp1241,sino1245,-6.365769609418583,2.7017276770318466
atii1237,aust1307,-1.819281699879813,1.0721953765028829
aton1241,sino1245,-5.747221631329623,1.7851341582308873
auuu1241,nucl1708,0.7506829920689269,0.8044310884329491
aulu1238,aust1307,2.5858233267240083,0.441693229100462
auye1238,nucl1709,-3.379046560565052,1.6015036048383884
avac1239,tupi1275,-5.558434242747199,7.5828268035908835
avat1244,atla1278,1.349593149823673,0.6826706332612531
katb1237,aust1307,1.3682365247811763,0.4279529646866464
avok1242,cent2225,-0.2577461420396565,0.7731065339160725
awac1239,barb1265,-5.656428946101333,7.504047636507397
awad1244,aust1307,-0.1578305501042578,0.5131370183537634
awad1243,indo1319,-5.61448637033558,4.4087814033554045
awap1236,nucl1709,-3.757927255010813,1.1689304824840967
awar1249,ramu1234,-3.092631250238368,3.842089268156898
awar1248,nucl1709,-3.3385991091051173,1.029304021016312
awet1244,tupi1275,-5.551482658318948,6.800611710599961
awji1241,afro1255,0.0135288504560069,1.8247254946241025
axam1237,aust1307,2.614008746026313,0.4615365741734294
axiy1235,sino1245,-2.9409003788212207,1.2675401732639404
ayac1239,quec1387,-5.72285932541593,6.905857238302465
azha1235,sino1245,-2.8129302388791286,1.2488290679087122
baba1264,atla1278,2.2375792158158454,0.5671433365766791
baba1266,atla1278,2.1103854840159237,0.5589072057884845
bada1257,drav1251,-5.605791149573715,5.904883661378472
bafa1247,atla1278,-0.3939869225636725,0.5995071830833272
bafi1243,atla1278,1.9682183547784708,0.7254840164622127
bafu1246,atla1278,2.168308693133363,0.551558560554481
baga1273,atla1278,0.6807538008832346,0.8695361834685844
baga1272,atla1278,-0.2626911841232084,0.8566957024668067
bagi1246,cent2225,1.7737393997720723,1.09406157984761
bagv1239,nakh1245,-5.462792957468108,4.872418960749303
baha1259,afro1255,-3.754449789156741,3.974660307615357
bahi1252,sino1245,-6.47428475816539,2.912607806074024
bahn1262,aust1305,1.419902013455756,0.9723090715905176
baik1238,aust1307,1.2495918496375893,0.816336409281254
baim1244,sino1245,-4.248054730788073,2.623498938342186
baka1272,atla1278,2.2529890839035422,1.288909570271704
baka1274,cent2225,1.1810436849429775,0.8600414137029624
baki1244,aust1307,2.8264360768720627,0.5167499861937852
bala1316,aust1307,0.5468291896238249,0.7443563443662562
bala1311,aust1307,1.2642149234005702,0.9912970276021033
bala1315,aust1307,2.766272121807617,1.4519298977682027
bali1278,aust1307,-0.5993296353692017,1.1763643366815728
liki1240,atla1278,2.847903559724168,0.9639273012054216
bamb1270,aust1307,0.5070787065323117,1.0301246286097054
bamb1262,maoo1243,-1.8553467765629008,2.411129985318152
bamu1253,atla1278,2.076215463652833,0.6705945540671348
bamw1238,atla1278,2.812357202912752,0.9369095918538566
band1344,atla1278,2.317723455691585,1.2346969078017835
band1340,atla1278,1.539863042309226,0.9354591940858868
bang1363,bang1363,-1.8708539338823016,3.303073921629342
bang1369,sino1245,-4.915402346823039,1.817252972950364
guar1293,araw1281,-5.043816075612213,4.12063992875749
bani1255,araw1281,-5.076192630440998,4.10080049493219
bann1247,aust1307,-0.1129400696272258,0.6691616017398339
bant1281,sino1245,-6.399119376668459,2.777838769996705
bara1357,sino1245,-6.556502165104391,3.3341478077980016
nucl1630,koia1260,-4.410741009512967,3.691601828665175
bare1279,afro1255,0.6369896361823244,0.9947114682586946
bara1369,aust1307,0.2020297190484949,1.844073462640667
bara1380,tuca1253,-5.984507093496184,6.1637348607047295
bard1255,nyul1248,-4.073660902673707,5.417003580077394
bare1276,araw1281,-5.011480690031744,4.139260102255087
barg1252,nucl1709,-4.307020353748527,1.128469710078441
bari1286,aust1307,1.457478360898496,0.5305795521670511
baro1253,aust1307,0.9327905043167456,0.510265449440487
basa1282,atla1278,2.202732597218952,0.909933935658481
basq1248,basq1248,-2.48399187283363,4.8771795625957015
bata1293,aust1307,2.600442276009848,1.689009268392601
bata1289,aust1307,2.66588430324461,1.6508599881128845
bata1285,atla1278,1.876943852862194,1.1698508758843411
bats1242,nakh1245,-5.39540646565357,4.911824132003984
baur1253,araw1281,-3.0638792365489405,3.074317629207165
bauz1241,geel1240,-2.408743293921308,3.554600136886034
bawm1236,sino1245,-4.300408258006868,1.6230044587274808
bayb1234,aust1307,-1.6447717224859644,1.022392400086673
bebe1248,atla1278,2.352199617157659,0.9988615214119144
beem1239,atla1278,0.4250944314854505,1.27845816896947
beja1238,afro1255,-2.6036185057759638,2.3699605911059587
bekw1241,atla1278,2.1023412667012336,0.7555622670750601
bela1256,nilo1247,2.661509748368343,1.9881729993696131
bela1254,indo1319,-4.935391164510881,4.869175159982878
nyal1254,aust1307,0.2643476096106418,0.9796992520468047
beli1257,cent2225,1.9800297163057496,1.1963749907652907
bell1243,sali1255,-0.4393002080293895,1.9466624158230448
belu1239,atla1278,1.4405526580365544,0.9372317606923009
bemb1257,atla1278,0.2287513234993623,1.1862683459522732
benc1235,gong1255,-3.6198652178986745,2.3004401281522275
beng1282,atla1278,1.9583730175376937,1.2304270833704614
bent1238,dogo1299,-2.284050865511342,2.1764035999796967
zagh1240,saha1256,-1.705749075722495,2.647140505719652
bert1248,bert1248,1.3098531185310964,2.7380801719529497
bezh1248,nakh1245,-5.490737240827983,4.846684284167709
bhoj1244,indo1319,-5.512752043874796,3.9593742136828496
biak1248,aust1307,1.1934111956973412,0.9814641416101288
biao1254,hmon1336,-2.0864216413498298,1.571411611629946
biao1256,hmon1336,-3.1836810486685247,1.9775582300273535
biat1246,aust1307,2.727281145103589,1.5825050416956046
bier1244,aust1307,1.6840449264208797,0.5029210236448449
bign1238,aust1307,2.352818483881565,0.4662239928475546
biha1246,aust1307,2.447870616334746,1.1881974381165694
bilb1241,aust1307,-0.7609154405788816,0.5073526437184679
bili1260,afro1255,-2.9503436309354303,2.183778115483136
bilu1245,bilu1245,-2.0305549432441743,3.209280608992552
bimi1240,nucl1709,-4.244435170432855,1.5581441233922817
bina1277,nucl1709,-4.532090410479365,1.5195004876234697
bine1240,east2503,-3.683211535995357,3.958773121303784
bini1246,atla1278,1.1533095278457657,0.9495437115528792
gunw1252,gunw1250,-3.793105177267421,3.984774541426451
birr1240,cent2225,0.7563049918563092,1.18959628890938
bisu1244,sino1245,-2.125573649355567,0.9861540893093536
bitt1240,aust1305,1.5793072302298654,0.8222054615863996
biwa1243,yuat1252,-3.051370789611872,3.8335389273517695
blab1237,aust1307,1.7292331464957096,0.6473000788525187
blan1242,aust1305,1.8229800300139445,0.9743530139941045
bang1354,atla1278,2.7119714018929573,1.4054674330373054
bobo1255,aust1307,2.5856527623657346,1.3389396021472582
bodo1272,atla1278,2.259753813487257,1.1702803450037749
bodo1267,aust1305,-3.679852654007537,2.8477272604000587
bola1250,aust1307,1.9782426039875527,0.6280229935178809
bolg1251,atla1278,0.96229542151789,1.1296608889594673
chim1302,quec1387,-5.779039984248794,7.092899470027643
bolo1262,atla1278,2.9024324075645263,1.0825417390330596
boly1239,aust1305,1.4519235836701094,1.2022437238098806
bomb1262,atla1278,2.8519569048360136,0.9532955629461116
bomk1234,atla1278,0.4105271004662514,0.9722268421025362
bona1250,mong1349,-3.85533321947976,5.415903843519107
bond1247,atla1278,0.8747075911687814,0.8078614112547076
bond1245,aust1305,-3.627544604159733,2.6380251982418628
bong1289,aust1307,0.3693624456001227,0.8073819292598277
bong1284,atla1278,2.7395440138952045,1.3392626839061794
bong1285,cent2225,2.283824290270352,1.411830799197045
bora1263,bora1262,-5.834707498611395,7.050412904096355
bord1248,chib1249,-6.004962947371168,5.638000223998153
bori1243,sino1245,-4.5533660929657485,1.56843158738854
boro1277,gong1255,-2.4470092845465814,2.435503659381668
boro1282,boro1281,-5.395053408146798,7.723197335321573
boto1242,aust1307,-1.5348953235541165,0.8813768114202052
boun1243,atla1278,0.1557986679241052,0.9377751891810284
boun1245,nucl1709,-4.137137533928678,1.3046286735246326
bouy1240,taik1256,2.644814778867758,1.3441741783993155
brah1256,drav1251,-5.688203347497399,7.587339275372759
lave1249,aust1305,1.8764577729945184,0.8788014281391892
bret1244,indo1319,0.3510858572393269,1.6649669003756635
brib1243,chib1249,-4.625361211418902,4.396566470181115
bube1242,atla1278,0.7897688569263996,0.852251095327988
bubi1250,atla1278,2.283256988276204,1.472616715830377
budu1248,nakh1245,-5.514694077268955,5.242890457906285
budu1265,afro1255,0.8766786537967768,0.8757495698224051
budz1238,atla1278,1.6995166835863404,1.0107497507438143
buga1247,aust1305,1.4672523394229255,1.0801929641542216
buga1250,aust1307,0.7825896915337669,0.46502320983614
bugh1239,aust1307,0.8519784105983854,0.6267020643328287
bugi1244,aust1307,-0.0329663780713729,0.9297285429862788
bugl1243,chib1249,-4.862166802808838,4.878825591105555
buhu1237,aust1307,-1.1141958873906956,0.7885245652324446
bujh1238,sino1245,-6.615245737261697,3.366512722564634
buka1257,aust1307,2.678300651317156,1.53388527086428
buki1249,nucl1708,-0.6259706564223935,0.7826489336943379
buku1249,atla1278,2.122009007143168,1.0993496870596218
bull1247,atla1278,1.3768015427883735,1.0118160583820064
bulo1242,aust1305,2.332427297573613,1.223520013830413
bulu1251,atla1278,1.9150142133092756,0.9634865361197136
bumt1240,sino1245,-5.587572086294035,2.162107512554688
buna1276,aust1307,-1.0689769477370077,0.7094550088780647
gahr1239,sino1245,-6.645889460261799,4.852301781124642
bund1253,indo1319,-5.727609541857418,4.705868194223842
bura1292,afro1255,1.6594384325054057,0.6426592205527246
bure1242,afro1255,0.5712201191854671,0.6620582618777195
burj1242,afro1255,-2.418714623389853,1.4327522443371468
nucl1310,sino1245,-3.1139940627216864,1.5819837749743026
buru1303,aust1307,1.564022147256506,1.3030922126512667
buru1320,afro1255,0.4927200867362824,0.8868446838234405
buru1296,buru1296,-5.312974203810717,8.384791398616024
busa1253,mand1469,1.2401356310321967,1.6265442750715486
bush1247,atla1278,1.710960725366384,1.631165364457802
buwa1243,afro1255,0.213990558584677,0.4244790242806697
bwai1242,aust1307,-1.5068754618642486,0.5984978992241992
bwat1240,aust1307,0.4844964456177685,0.7152876339637704
byan1241,sino1245,-6.677051165034928,4.316971293396657
caac1237,aust1307,0.7702537389742732,0.7170383036674828
cabe1245,chib1249,-3.4020239438079827,4.321176744797255
cahu1264,utoa1244,-6.023670330731029,5.776179239408211
cakf1236,afro1255,0.9978512322592136,0.6307819983450589
cald1236,quec1387,-5.79387014763035,7.001159853919338
caml1239,sino1245,-6.413466473473492,2.855107021023813
camp1261,indo1319,-3.393536152583504,3.307975683653372
cane1242,nucl1710,-5.460347785914913,7.651826645823867
caom1238,taik1256,2.800928631226421,1.4664088046661696
capa1241,pano1259,-5.961269388256809,6.068542641026629
carn1240,aust1305,-0.8248986271889951,1.6107715803560207
caro1242,aust1307,-0.2266740577503831,1.663358724033699
cash1251,pano1259,-5.971413078898758,6.114117185489512
casi1235,aust1307,-1.0092600379445384,0.6603664400006029
stan1289,indo1319,-2.7207204681408443,2.888425128581014
cavi1250,pano1259,-5.21788911189414,5.330881500575298
cayu1262,cayu1262,-3.8098723155579153,5.669119960682613
cemu1238,aust1307,1.4962370039295312,0.7145455578497799
cent2127,eski1264,-4.627549414905272,8.430141911676113
cent2142,ayma1253,-4.308576206014092,6.65399071566272
cent2004,sino1245,-1.917093859084409,1.0467410166909854
cent2292,aust1307,-0.7769029112061041,0.5209151122679465
cent2084,aust1307,-0.868600493197317,0.6731521239922618
cent2314,aust1305,2.808845300608735,1.6175651914616225
qaua1234,taik1256,1.1673860477750138,1.212432126719726
guer1241,utoa1244,-3.1253379058972595,2.873391652472943
cent2050,saha1256,0.2891637597526042,1.5878210511556183
cent1989,aust1305,2.622869035630779,1.4760203816630888
cent2058,aust1307,1.3948712023683028,0.6623623099842515
mala1479,aust1307,1.3777003734189543,1.5300123453847867
cent2322,ural1272,-5.422129370896976,7.522837831028253
cent1992,aust1305,2.075238301148355,1.0678989595212798
cent1990,aust1305,-0.6608006714960277,1.552433575903562
cent2126,japo1237,-4.847930113325503,6.130281514577064
cent2140,miwo1274,-4.833506517268699,7.209078729244986
cent2090,aust1307,-1.87949385457662,1.2344984535840895
cent2131,utoa1244,-5.55956108435913,4.852195648945632
cent2150,chib1249,-6.289146283927271,5.929841782734641
chac1251,pano1259,-5.057299885392709,5.272918660593075
chad1249,afro1255,0.5566342508922899,1.204646995349535
chak1270,sino1245,-4.157882557168435,1.8260518687965133
chak1271,atla1278,-0.5732794060615953,0.7673642494271675
chal1275,afro1255,-3.233622863666221,2.747958412566276
cham1309,nakh1245,-5.457256829983028,4.889980609010557
cham1312,aust1307,0.0869763114717296,1.5041339356140655
chan1313,sino1245,-4.1967721753885785,1.3331659232937465
char1269,gong1255,-3.8663652041766072,2.2545589229630423
chas1234,sino1245,-2.5635691335227757,1.0767194557810882
chec1245,nakh1245,-5.427492230522467,5.179638770003856
chek1238,aust1307,0.6124496077248205,0.6300284807365593
chen1255,drav1251,-5.741218414764573,5.75487852967907
chep1245,sino1245,-6.600571741381585,3.2469257626251355
cher1273,iroq1247,-4.090021542511529,7.133719558307717
chey1247,algi1248,-4.81359977980528,6.363909231098718
chig1238,atla1278,1.1959169623967467,1.0353427421920411
chil1280,atha1245,-4.082879663089507,4.895022866318451
chim1309,chib1249,-4.8933519541573895,5.838267911943908
chhi1245,sino1245,-6.385179843293546,2.7335301501142446
chip1261,atha1245,-4.905126216276827,7.287184279536429
chip1241,algi1248,-4.454700728857,6.467305654807365
choc1276,musk1252,-3.832241887651663,5.770064672344735
chon1284,aust1305,2.8010677448419337,1.6053306407156107
chot1239,sino1245,-4.196538069089692,1.3200505225942418
chra1242,aust1305,2.264315859153802,1.4549184388680292
chuj1250,maya1287,0.0864260162588452,0.5899194334701026
chuk1273,chuk1271,-4.703709276411482,8.989307268315317
chuu1238,aust1307,-0.6284382940422919,1.422932573680303
chuv1255,turk1311,-5.364491350679836,7.403103348638594
chuw1238,atla1278,-0.6377667055267908,1.4014310610911522
cici1237,atla1278,2.34678533654947,1.3120920792716682
chin1286,chin1490,-4.776755326325264,7.057611961227769
cent2087,aust1307,-1.0792595107100729,1.0089716791397336
sout2912,aust1307,-2.051457932729339,1.182204982186969
coat1243,otom1299,2.083330506887485,0.7638408277267423
coca1259,tupi1275,-5.96355415723226,6.545178429251184
coeu1236,sali1255,-4.085263359578972,3.7882276206239167
cogu1240,chib1249,-6.029656561047592,5.929922569060013
inga1252,quec1387,-5.803496604259433,6.931756809965018
colu1241,sali1255,-4.012447439789012,3.3469530043611666
coma1245,utoa1244,-4.6972678241258485,4.859655895940573
como1259,sali1255,-1.9246244992005368,2.121131442683673
cong1236,atla1278,0.7275879202845719,1.2338772458379683
copa1237,otom1299,1.526762512411132,0.6030751869702584
cors1241,indo1319,-3.749444748790212,3.182070208432963
cosa1234,sino1245,-2.852545851996517,0.9866667108268316
cota1241,aust1307,-1.551203107769025,0.7515981349495569
cree1270,musk1252,-3.867283791492977,5.878660911652712
crim1257,turk1311,-4.748157036482387,6.580804073080304
cros1244,atla1278,1.6439515299958547,0.7368042586487125
crow1244,siou1252,-4.835500203523544,6.416194079785466
cube1242,tuca1253,-5.991775972415796,6.244743138576261
culi1244,araw1282,-5.473309158491728,6.698194017665463
curr1243,araw1281,-5.034181205107393,4.047715139406845
cusc1236,quec1387,-5.596967007709219,6.702964660860694
cypr1248,afro1255,-1.8843429830335352,2.0329495708812715
czec1258,indo1319,-4.588357472362611,4.062783568444649
daai1236,sino1245,-3.2072791959344915,1.6217464553601424
daas1238,afro1255,-1.4779716065750046,0.9732971866495052
dadi1250,tebe1251,-2.968267641117696,3.876912506429302
dagb1246,atla1278,0.3720718839599914,0.8232812493096251
dagi1241,narr1279,2.44839232126944,2.5885222349204184
daur1238,mong1349,-4.832419992509967,7.833441426475051
daha1245,afro1255,-0.5753957649324026,1.1925791158812782
daka1243,aust1307,1.6526650133644694,0.4664508486906396
damp1237,aust1307,2.472388047095912,1.3712044598266289
dana1252,aust1305,3.341352092870739,1.2686872686965085
dand1238,drav1251,-5.853171740047797,5.413714843417627
dani1285,indo1319,-4.154193145211244,4.03686262324343
dara1250,indo1319,-5.532141283477548,4.196365961897409
darm1243,sino1245,-6.666177955417387,4.3226626254603335
daww1239,nada1235,-4.652397871666719,6.652782456820804
dawr1236,gong1255,-4.140511321965128,2.2853717775654623
daza1242,saha1256,-1.1145837161682977,1.843510378623689
dege1246,atla1278,1.931252028781345,0.9324476544801944
dera1245,sena1264,-2.99276631749173,3.8934781208461953
dera1248,afro1255,0.6274476443976775,0.6593751172617246
desa1247,tuca1253,-5.977746532562792,6.147229004380187
dhao1237,aust1307,2.094201175746009,1.1095676428225725
dhar1247,pama1250,-5.032184896623486,4.663874397822849
dhim1246,sino1245,-6.196252194558733,2.501905392660695
dhuw1249,pama1250,-3.687615701842513,2.669862695650385
dibo1245,atla1278,2.7281116604924,1.208061907207593
dier1241,pama1250,-4.959159999441655,4.242832515366567
digo1243,atla1278,0.4874131527006975,0.9126706536565834
dima1251,sino1245,-4.860563787399335,1.2939177257332606
djee1236,mani1293,-3.638407867065762,5.055299367268886
djeo1235,nucl1710,-4.758487628190122,5.341479955757615
djin1253,pama1250,-3.618816981039647,2.608068938381144
dobu1241,aust1307,-1.2626750066788168,0.6355330603873774
domm1246,nucl1709,-3.768211027884108,1.1860560826808388
doma1260,indo1319,-5.391284505719813,5.593709432610709
dong1285,mong1349,-3.781704902398574,5.387388336820599
doro1266,manu1261,-4.1972712428317465,4.435858849732107
drun1238,sino1245,-3.339356686785493,1.4484976020564488
chug1252,sino1245,-5.124310019248778,1.7578795505682443
dumb1241,aust1307,1.52703465294484,0.9745175153839174
dumi1241,sino1245,-6.421665136258924,2.87777892743373
dupa1235,aust1307,-1.0885533997839016,0.7000775262410635
duru1236,drav1251,-5.821122823126453,5.2523534244856815
dusn1237,aust1307,2.085636253963866,0.8866746716642293
dutc1256,indo1319,-3.541986130178465,3.1059499176629384
dyir1250,pama1250,-4.382003314410402,2.9933015878930345
dzao1238,hmon1336,-2.6555361772429174,1.7746677807440143
dzon1239,sino1245,-5.918846474959058,2.4021258303124364
east2443,aust1307,2.6287146752753863,0.5885439192630937
tang1336,sino1245,-4.284498457539397,1.2748410797125516
nucl1235,indo1319,-5.005991053667151,3.962260414879921
east2379,pama1250,-3.5709056500782763,3.445744510132709
sout2896,aust1307,0.9865861723954232,0.6675921445978119
east2555,tupi1275,-5.637612732588497,6.926057961923587
east2332,aust1305,2.5484108028925183,1.2239505271154538
east2563,aust1307,2.5011657697580647,1.4663446087644196
east2690,afro1255,-1.567418792991072,1.7830545818618937
east2556,otom1299,0.2169066884161692,1.1272740143699025
east2342,sino1245,-0.9848314848605488,0.9331103491051936
east2782,atla1278,1.9729072084282944,1.5218189620361464
east2328,ural1272,-5.565549197707019,6.80929041117596
east2773,sino1245,-6.521393578282104,3.017999779489677
panj1256,indo1319,-5.571153542009877,5.306943844182772
east2485,aust1307,1.653103867427145,0.9004635653378532
fina1242,aust1307,-1.8851447520981028,0.5116840749070928
east2447,aust1307,-0.5346031968534044,1.5833619981104334
east2516,nucl1709,-4.067310035612255,1.3707421838262783
east2440,aust1307,1.7909053216955575,1.1812675142172928
huaa1248,tuuu1241,0.7204509112926116,2.673017867108477
wall1257,aust1307,0.0781230861842505,1.375364397067553
egyp1253,afro1255,-1.1178995013257311,1.8576220398073868
eipo1242,nucl1709,-4.092383834186503,1.6794246644134834
ekar1243,nucl1709,-3.365034871139396,1.6771952631268956
elem1253,atla1278,1.80318159093596,0.7921978032776185
elip1238,atla1278,1.9280530954906057,0.7454737193827619
emae1237,aust1307,2.702511924352817,0.6233667909664966
emai1241,atla1278,2.189794477029808,0.9018828324741684
embe1260,choc1280,-5.531615702934485,7.117778008979762
embe1262,choc1280,-5.703426452462067,7.084077688957574
stan1293,indo1319,-2.022824262618709,2.196235184538299
enuu1235,sino1245,-3.2386208109496835,1.0435089448210828
epen1239,choc1280,-5.659332869984366,7.133895540811109
ersu1241,sino1245,-3.5224400048423075,1.714247059929784
erzy1239,ural1272,-5.539706091104477,6.714059500526499
esan1238,atla1278,2.177367175236917,0.9174683706801136
esee1248,pano1259,-5.152019143098829,5.375894309101239
esim1238,atla1278,2.2959346136350973,0.5947077723603282
esto1258,ural1272,-5.36942607289406,6.335841932626699
eton1253,atla1278,1.9666222707226335,0.7948443442443534
even1260,tung1282,-4.921676782225315,8.338018477265559
even1259,tung1282,-4.963947199793847,8.328357277733737
ewee1241,atla1278,1.500180322001083,0.8819107275704887
fare1241,atla1278,-0.119446569785377,0.8719288903467675
faro1244,indo1319,-3.0606871757503704,3.946061494381489
fasu1242,fasu1242,-0.4512496041787353,2.265061609042127
fiji1243,aust1307,2.7801885515847493,2.434272554928709
fili1244,aust1307,-0.4409073676065778,0.8681813440056789
finn1318,ural1272,-5.36338531037794,6.56620001948578
fipa1238,atla1278,1.134581862557121,1.0886087792177823
fonn1241,atla1278,2.690729158956429,0.947262055444039
fore1265,ural1272,-5.28595134562028,7.67989172781115
fran1266,mixe1284,-2.57584417554991,3.6031836160685726
stan1290,indo1319,-1.7449781789042813,2.256383133192537
fuln1247,fuln1247,-5.089040617876982,9.01606915481552
furr1244,fura1235,-1.673871650831011,3.27866755874752
furu1242,cent2225,2.1405150774132187,1.366411486754025
futu1245,aust1307,1.515330394067787,1.1012293481910511
fuyu1242,fuyu1242,-3.711001451971224,4.217300369662394
gaam1241,east2386,0.788593424464044,2.4805502324364754
gaan1243,afro1255,1.7406366960396582,0.6237536304853961
gade1242,atla1278,2.256149733692853,0.8957374423076576
gaga1249,turk1311,-4.767060860673848,6.639398019957005
gale1259,nort2923,-0.2359433368772601,1.1488593073138862
gali1262,cari1283,-5.658802572899569,7.339476366026325
gali1258,indo1319,-2.139265080494986,2.568955608659089
galo1242,sino1245,-4.443339135048012,1.6092145975498973
gamo1243,gong1255,-4.142358125594069,2.283004154583057
gand1255,atla1278,1.6983480883207625,1.0139559156437663
gant1244,nucl1709,-4.195078746803037,1.1796598873549264
gapa1238,aust1307,-1.59725256850551,0.662525938910921
boht1238,afro1255,-3.749536628915975,3.19568791189464
gari1256,araw1281,-0.274324068358756,2.160513530955619
gata1239,aust1305,-3.659626013030604,2.7781488959910465
gayo1244,aust1307,2.481984201546826,1.7242473174145818
gbay1278,atla1278,1.879925600883233,1.0520450401974557
geba1237,sino1245,-0.3681642560832454,0.9179990109614398
gebe1237,aust1307,0.9836695094353818,1.0850221008672385
geda1237,aust1307,-0.7766290706591263,0.5071048349261691
gela1263,aust1307,2.23242476843726,0.6509523635448247
nucl1302,kart1248,-4.951166478110133,6.499888487550076
gese1240,aust1307,1.347451409949847,1.1207888675094182
ghad1239,afro1255,0.7002502371209047,2.0391462195863514
ghan1242,aust1307,0.7269991481851523,0.7824976338256011
ghar1239,aust1307,2.0807163177203813,0.7122613468482353
gheg1238,indo1319,-4.515075150166586,3.579399446368196
ghom1257,afro1255,1.1986874080153245,1.9592578678332924
gida1247,afro1255,1.880520348852519,0.6388859304348493
gilb1244,aust1307,1.0376437761341712,2.233012309986716
gira1247,nucl1709,-4.267627027440345,1.0808842040934064
gizr1240,east2503,-3.737534616290842,3.983860508526991
glav1244,afro1255,0.7878221046281979,0.4279469606003765
gobu1238,atla1278,2.5398827157865416,1.127754727913624
ghod1238,nakh1245,-5.47089440035478,4.955008318494537
goem1240,afro1255,1.3493509109467272,0.7030308100785732
gofa1235,gong1255,-4.126100294535775,2.257655136776731
gogo1265,suki1244,-3.4279877381721797,4.395118503372364
gola1255,atla1278,0.8327307392220753,1.2004105452809828
goon1238,buna1274,-4.06141542178772,6.028869545508207
pare1266,aust1305,-3.598310875167234,2.6439948586123503
gras1249,koia1260,-4.418509312982247,3.688623626432447
guah1255,guah1252,-5.796117683886496,7.566224508094029
guat1253,guat1253,-4.2785616925428105,7.213644515435576
gube1234,atla1278,0.6443220755269135,1.0754986285449633
guer1243,otom1299,1.4326049311509532,0.6699478654442679
guhu1244,nucl1709,-4.214030271283756,1.3838428034350532
guiq1238,sino1245,-3.914140670213396,1.921311259746611
gulf1241,afro1255,-3.5180826527536206,3.259483532065725
guma1254,aust1307,-1.2093802729412366,0.6650852600656698
guny1241,pama1250,-4.857235410240899,4.361511480851716
gura1251,indo1319,-3.600847933956857,3.649840402442469
guru1261,sino1245,-6.488218564341679,2.9451793548261813
guru1271,afro1255,1.0693209763636595,0.6200684178403364
gusi1247,atla1278,1.6213575513662457,0.9615684008383544
gugu1255,pama1250,-3.0687224458387137,2.4833008665166174
kwam1249,koma1264,1.694607420820189,2.191981659632061
gyel1242,atla1278,1.7107236518431446,0.9784726263535966
haaa1252,atla1278,0.0472760040222506,1.0675513307884046
hadi1240,afro1255,-2.898762592935143,1.2290089754063072
hadz1240,hadz1240,-1.862317403634481,3.136254166488837
haka1240,sino1245,-4.499447297586703,1.583676659671184
hakk1236,sino1245,-5.20014644327929,2.714816956654573
hala1252,aust1305,1.5141649313110257,0.8416729550434479
halh1238,mong1349,-4.693207928719031,7.238217088300254
hali1244,aust1307,0.3263806355056147,0.6647409281456387
halk1245,sali1255,-2.520231170789732,2.229188294960281
hame1242,sout2845,-1.583012544891785,2.8639025935998816
hang1263,nduu1242,-3.238581245857278,2.923523601081235
hani1248,sino1245,-2.928148670135232,1.1895261537992283
hano1246,aust1307,2.747711445168611,0.60335236631229
haro1237,aust1307,2.08230171679992,1.2407588779957806
haru1245,piaw1238,-3.242780009683852,3.485202937326937
hass1238,afro1255,-0.9267789801231824,1.8657903830678717
hata1243,hata1242,0.9140631547816422,2.002879454415341
haus1257,afro1255,-0.1695541663291022,0.8104491924001298
nige1253,atla1278,2.192679364629901,1.0118342079276132
hava1248,coch1271,-3.6972009394010903,6.487131010032415
hawa1245,aust1307,-1.5007087382827329,3.1463984061275427
sabu1255,aust1307,1.8051143026753973,1.118699622178232
hdii1240,afro1255,0.9017732323157536,0.4069019299288499
hehe1240,atla1278,1.387299929655109,0.9286800720835088
here1253,atla1278,1.56019509140752,1.8863851950883197
hida1246,siou1252,-4.585020522158233,6.41049201383542
hind1269,indo1319,-5.70524939654865,4.947593920305879
hinu1240,nakh1245,-5.443722557661597,4.887146301147375
hixk1239,cari1283,-5.592673680519013,6.971325656236628
hlai1239,taik1256,0.8142741452788265,1.5136741289968914
hler1235,sino1245,-2.804386785052044,1.0600260935384842
hooo1248,aust1305,-3.437730166842976,2.302779251789037
hoav1238,aust1307,2.139988998683356,0.7110105923185408
ainu1240,ainu1252,-4.691780065713717,8.545261639691077
holo1240,atla1278,-0.1479669396461371,1.1157049451162455
hone1235,atla1278,2.5733613216962627,0.8512495738315522
honi1244,sino1245,-3.198024993808258,1.068941489208937
hopi1249,utoa1244,-5.883572596001377,5.188719192604972
hote1245,aust1307,0.391234432523678,0.4158895120972179
hozo1236,maoo1243,-1.950348219781632,2.412662657667392
huuu1240,aust1305,1.082899402844638,0.767482156716456
hual1241,quec1387,-5.850945918830224,6.625668298772948
huam1247,jiva1245,-5.75930478945754,7.270708258720472
huar1255,utoa1244,-5.651818043261222,4.929262268354562
huas1242,maya1287,-3.259873886507198,2.821467456460036
huba1236,afro1255,1.6374641970545492,0.5651994368344102
huic1243,utoa1244,-5.2709473831552325,4.221380873217975
hula1239,aust1307,-1.9804200646872083,0.8591138546143195
hula1244,afro1255,-2.887112751884138,2.786899602818111
huli1244,nucl1709,-4.153545704049436,1.4992851689981157
humb1243,song1307,2.049166128199324,1.8269042417833905
hung1275,aust1305,2.5568097569544976,1.3021137715656987
hung1274,ural1272,-5.09782259434443,6.399794721200141
hunz1247,nakh1245,-5.457691178545497,4.851436475269806
hupd1244,nada1235,-5.925934674647283,6.611715065914367
hyam1245,atla1278,2.072414394224434,0.8364998407183926
iaai1238,aust1307,0.9300766447943608,0.8161447040411733
iatm1242,nduu1242,-3.413086947368079,2.979865779668556
ibal1244,aust1307,-1.2444740107573944,0.570009128049751
iban1264,aust1307,2.431022949299466,1.5029799733272269
iban1267,aust1307,-0.9947714690952204,0.610528146427562
ibat1238,aust1307,-1.0960387832350742,0.9429869955165078
ibib1240,atla1278,1.5437191730827493,0.7464403358259464
icel1247,indo1319,-2.752754277039668,4.43475249562744
idaa1241,aust1307,1.4114536018986028,0.9424931045407304
idii1243,paho1240,-3.592772971936685,4.179358474746769
idum1241,sino1245,-4.409809555395637,1.98512408586609
idun1242,aust1307,-1.4731558120624442,0.6216719593078892
nucl1417,atla1278,1.801500392660902,0.820597460934616
ikkk1242,kuli1252,0.9174111043624292,2.1326833089108224
ilaa1246,atla1278,-0.6561674450501607,1.1384228631426954
iliu1237,aust1307,1.5355677755070358,0.8704557519727363
ilok1237,aust1307,-1.41568251785288,0.6294150004734149
imba1240,quec1387,-5.7721696203779285,7.033037060157028
imon1245,bord1247,-2.919592904181312,3.818309854987469
ingr1248,ural1272,-5.488897453395954,6.377712722599705
ingu1240,nakh1245,-5.3914538728484604,5.120355830645676
iqui1243,zapa1251,-5.827633716745637,7.090128234422563
iran1262,aust1307,1.7204057234571364,1.0602697436426638
iraq1241,afro1255,0.1703949114562446,0.8369318724233548
irar1238,aust1307,1.1592285929926789,0.9080763462951342
iris1253,indo1319,0.4506444428134006,1.880597295586421
irul1243,drav1251,-5.502742605774467,5.901393565147602
kris1246,skoo1245,-1.9760148400619428,3.1549314087315468
isco1239,pano1259,-5.954634405269986,6.01094574180006
isin1239,aust1307,-1.332453066323395,0.5370562820601616
isir1237,kwer1242,-2.517736363281614,3.032966594513204
isna1241,aust1307,-0.9926427918569964,0.7223036751600773
isth1240,utoa1244,-3.6956308489448415,2.710074054765542
isth1242,utoa1244,-2.598651380340388,2.722261547690737
ital1282,indo1319,-3.059625880046429,3.1944038638532195
iton1250,iton1250,-4.77111925472646,6.005767212666823
itza1241,maya1287,-0.2092440302223708,1.0129497299657864
iumi1238,hmon1336,-0.9456800050961948,1.487781554835598
iwal1237,aust1307,0.3244733918727407,0.4592804314078993
iyoo1238,nucl1709,-2.593722000896782,1.0464145569718042
jahh1242,aust1305,1.7931354877816226,1.0964652258256145
jalk1242,mand1469,-1.483505283154873,1.1260032417483163
jamb1236,aust1307,2.0825639689251627,2.0075770945167086
djam1255,mirn1241,-3.188916191156613,4.080179396938205
jams1239,dogo1299,-2.19574401909946,2.1475614796517544
nucl1643,japo1237,-4.777845135811724,7.595929851367325
japh1234,sino1245,-4.185538906752813,2.2467612003511004
jaqa1244,ayma1253,-5.7480040471591245,7.122873768053982
jara1266,aust1307,1.964454530161083,1.1261424012370291
java1254,aust1307,-0.645671903068858,1.2243848252650302
jede1239,aust1305,1.6343232944268182,0.9779012637291836
jeha1242,aust1305,1.5672635739958922,0.9926206927870602
jeru1240,sino1245,-6.48453682264436,2.9141951602255096
jina1244,afro1255,0.7841878338846904,0.573940231496298
djin1251,mirn1241,-4.295246596657654,4.911229318199415
jjuu1238,atla1278,1.9826108876696305,0.8671992534660689
juan1238,aust1305,-3.542852488052452,2.503562703805062
juku1254,atla1278,2.525979886295479,0.6941561741709208
jurm1239,cent2225,1.83626695040628,1.1267161015613976
kaba1281,cent2225,2.6673016293262077,1.55114645102387
kaba1278,abkh1242,-4.960204102627516,6.775302329133048
kach1284,gong1255,-4.360636238883593,2.4676388776492546
kado1242,sino1245,-2.450937644323751,0.9417898909260654
kafa1242,gong1255,-3.7933099456305497,2.3014312440928046
kaga1256,aust1307,-1.911495362282828,1.1715470770889418
kagu1239,atla1278,1.5724233663748626,0.9079468610678844
kaik1246,sino1245,-6.656627454063565,3.759276550145544
kair1263,aust1307,-0.2952068089263671,0.7499530784886197
kaki1249,kaki1249,-3.319140419734861,4.051101162704733
cacu1241,kaku1242,-4.745082017023278,6.769402855045007
kala1399,eski1264,-3.5814815015099017,7.615571134475765
kala1377,pama1250,-4.146548429537617,2.5589932759218934
kali1308,sali1255,-4.066299929264275,4.301462166491035
kamm1249,atla1278,2.822898222598589,0.7982031317253302
kama1367,nucl1708,-0.7834580376427462,0.9929789910577932
kamb1316,afro1255,-1.8115383027384888,1.1984722624895632
kamb1297,atla1278,1.7464675279801298,1.1256164845969732
kamb1299,aust1307,0.9812162287501556,1.1207594657596474
kamo1255,nucl1709,-3.295006083791704,1.760167945083424
kamu1260,kamu1264,-2.427579885468204,3.387823234149506
kana1286,aust1307,-0.7256715802012894,0.6022014898648447
kani1286,nucl1709,-3.8098265382874033,1.1496083401282604
kank1243,aust1307,-0.8290857449729918,0.5589731988144475
nucl1305,drav1251,-5.689061822162064,5.969373666077524
bidy1244,atla1278,1.4151534985755705,1.114764150680278
kapi1249,aust1307,0.6409322141064893,1.3882486460850654
kaqc1270,maya1287,-2.1804603171468555,0.9329264952779344
kara1482,cent2225,1.783334833462849,1.614025786553995
kara1476,pama1250,-3.165025841191547,3.0327316988915367
kara1500,nucl1710,-4.416594242385654,6.803294273949318
kara1487,aust1307,-1.161278716280593,0.5006141831372233
kara1486,aust1307,1.6060264257551964,0.6337274136900977
kare1338,atla1278,3.203178976928382,1.2615487515519792
kare1335,ural1272,-5.462626633755438,6.686996818889
kari1306,atla1278,1.922853557948064,1.0269271751801323
kari1311,tupi1275,-4.625828495578952,5.574683055539302
kark1258,pauw1244,-2.9783196492798187,3.872085341243454
karn1252,aust1307,0.8996929616871663,0.5126110017284908
karo1304,karo1304,-4.62053744571372,7.402600484487497
kash1277,indo1319,-5.45749506642767,5.5019815394668905
newa1246,sino1245,-6.587069490758769,3.1604222958000125
kats1235,sino1245,-2.951361557210608,1.1586374381676254
kana1291,katu1274,-4.239573776779206,6.520752167885854
kava1241,aust1307,-0.1514499787049419,0.9342937172742865
kaya1315,sino1245,-0.3127994723818439,0.8722491258474854
kaya1319,tang1340,-4.187273263414088,5.75408581342732
keap1239,aust1307,-1.960676949223199,0.8910957409038023
keda1252,aust1307,1.1900455886736978,0.687110810517563
kera1248,atla1278,1.6532772977711705,0.967863431735882
keig1242,kadu1256,1.8856816381508104,3.3029765162320324
kele1255,atla1278,0.5950394484330479,0.9876797393477724
kele1258,aust1307,0.8127788525922925,0.6598682573529384
keng1240,cent2225,1.5069513659803562,1.3457589622768946
kens1248,aust1305,1.2635527116245149,1.049427717242006
kenu1236,nubi1251,-2.951727646799952,4.663310959505258
keoo1238,aust1307,1.2803210547912425,0.8991218936480525
kera1255,afro1255,1.786620520037495,0.7273084771894158
keri1250,aust1307,2.400102566395706,1.9757017004792663
kesa1244,nucl1709,-4.052575428142584,1.0826178479402504
kett1243,yeni1252,-4.828504476314087,8.787184606227258
kgal1244,atla1278,1.7925633640549226,1.725349881814612
khak1248,turk1311,-4.797196216650525,7.670380914250696
khal1275,sino1245,-6.319632463267947,2.757146292646216
kham1282,sino1245,-5.49009837471389,3.342400034954565
khan1278,atla1278,1.7149959200790006,0.7776022881656619
khan1274,aust1305,1.7718413692494863,1.031522870888434
khar1287,aust1305,-3.7157774936477233,2.586414271641812
khas1269,aust1305,-1.362146792831636,1.1088438736588753
khez1235,sino1245,-4.408935749810546,1.281678321302543
khin1240,nakh1245,-5.500599640587715,5.162826853519356
khmu1256,aust1305,2.058756267859784,0.970238411843308
guan1266,sino1245,-4.118628187047234,2.1236953934551472
khum1248,sino1245,-4.413205019665126,1.5653490970366732
khva1239,nakh1245,-5.473774911545462,4.855409642669152
kich1262,maya1287,-1.0129239158966366,0.8552650924937968
kiku1240,atla1278,2.056607460680336,1.1281855230632996
kile1243,tung1282,-4.929873366597714,7.332074001575442
kima1244,aust1307,-0.9653127056292607,0.6122470243057077
kimm1245,hmon1336,-1.1840956472205209,1.277974750112859
kinn1249,sino1245,-6.641755136371641,4.747247379607296
kiow1266,kiow1265,-3.145092639855627,5.586267622612205
kips1239,nilo1247,2.12095102547409,1.3992847941021314
kelo1247,timo1261,-2.228035292901165,2.169573534536312
miju1243,sino1245,-3.7916068367630102,1.5810375530137009
kobo1249,nucl1709,-4.195116221764003,1.2287759616833274
koda1255,drav1251,-5.634455861248398,5.9625077750210655
koho1244,aust1305,2.074983529570379,1.2337771248634493
koir1240,sino1245,-4.395863901470065,1.271555633567056
koit1244,koia1260,-4.338161849866625,3.700927610378847
koka1244,pama1250,-4.976672085578058,4.626457439165053
koko1269,aust1307,0.687399613787643,0.6587369262446412
kola1285,aust1307,0.7733563989066035,1.264030188840545
kolb1240,atla1278,2.050091630850253,0.9672422279592094
kolc1235,atla1278,1.8208873933067524,0.9813504899389204
kolp1236,kolp1236,0.9812379635675476,2.4079331897302234
kolu1245,aust1307,-1.4205903031036162,0.6117019101712202
komb1274,nucl1709,-4.226404500550716,1.8700100208297796
komc1235,atla1278,2.255514906005617,0.5411925131600661
komi1270,sino1245,-3.002003638932825,1.2822681292274307
komi1269,ural1272,-5.484486430038738,7.2491382041570915
komi1268,ural1272,-5.438900104537084,7.404404635577022
kona1242,east2433,-3.1559036398101763,4.125049260207407
konk1267,indo1319,-5.594777730310836,5.287078431865414
kony1248,sino1245,-4.169305925801326,1.3556483246873017
koon1245,atla1278,2.1174138479821067,1.1268790817764938
koor1239,gong1255,-4.217903830126203,2.4993452526167843
kora1294,nucl1709,-4.931926997962733,1.5709075346479828
kore1280,kore1284,-4.49780499514424,8.080609501602334
kore1283,tuca1253,-5.906500502527316,6.7181402849183325
kork1243,aust1305,-3.86139058368034,3.850629485353843
koro1298,atla1278,0.7251332840397655,1.0444267235216067
koro1312,nucl1709,-4.219703145208111,1.804803282720254
korr1238,drav1251,-5.664394877377169,6.078208417570229
kosa1249,nucl1709,-4.049769064493906,1.7018652706017663
kosr1238,aust1307,2.3050187892735687,2.0888602073793336
kota1263,drav1251,-5.58530354251929,5.86153063713224
koti1238,atla1278,-0.117878083082795,1.259698707189722
guan1269,tuca1253,-5.986647009777665,6.191595104073662
kova1243,nucl1709,-2.5508027294282014,1.1818027026377056
kove1237,aust1307,1.177354130074009,0.5672940464109839
koya1251,drav1251,-5.811087356964968,5.479949610803381
koyr1242,song1307,2.1689239753267406,2.332683401523509
koyr1240,song1307,1.5074599731383973,1.9648569081014209
koys1242,afro1255,-3.3558338822549967,2.767956587772402
kren1239,nucl1710,-5.489062541034178,7.991295666371938
gbay1288,kres1240,2.098204926633141,2.7801139918043205
kryt1240,nakh1245,-5.511067055104905,5.197595116388309
puoc1238,aust1305,2.093320931373132,1.101013406216424
kuan1248,aust1307,0.2558327959440696,0.478246512543901
kuii1252,drav1251,-5.740182420151408,5.172419275172438
kuik1246,cari1283,-5.499640639096301,7.162805051542488
kuku1280,pama1250,-2.0182864407489127,1.853002173630676
kuku1273,pama1250,-4.288753954580868,2.693150808128337
kulo1237,aust1307,-1.8075027866447535,0.6607667053827022
fait1240,nucl1709,-4.124075013330808,1.097754043226704
kulu1253,sino1245,-6.306920288668154,2.7066490085405013
kuma1280,nucl1709,-2.7591473865766147,1.15148418867237
kumb1268,pama1250,-4.737103805348346,4.949429627045686
kumz1235,indo1319,-4.163759481690227,5.247232741505824
kuna1268,kuna1268,-2.97206778784956,4.62116510518266
kunb1251,gunw1250,-3.8170487795262096,4.050908840850757
kuni1267,kuni1270,-3.54835193450083,3.222323757134683
kunj1245,pama1250,-4.109749108715588,2.610691690286531
kuot1243,kuot1243,-1.7358494161865874,2.8823625211697657
kurr1243,pama1250,-4.928782429939464,4.055754951926365
kurt1248,sino1245,-5.5361586901922015,2.0840013495772034
kusa1251,aust1307,2.126398607510376,0.7177195288045191
kusu1250,kusu1250,-5.491169733614586,7.240743050275526
kute1248,atla1278,2.521777716252138,0.6743977903474896
kuyy1240,aust1305,2.728626441816448,1.2725363700966312
kwai1243,aust1307,2.470742311950919,0.6938919846922609
kwam1252,aust1307,2.5632554099981477,0.8774148403194069
kwar1239,aust1307,2.407779547169901,0.6879055003640868
kwaz1243,kwaz1243,-4.853034759446879,6.569411118389697
kweg1241,surm1244,-0.1220384092066746,1.1830142233404803
nucl1595,kwer1242,-2.6502877113380343,3.041444482544988
kwin1241,worr1236,-3.1100664927487798,4.506721338235896
kwom1262,sepi1257,-3.479316454723324,2.687224626751063
nucl1593,kwom1263,-2.8788922487269137,3.751810160403752
kxoe1243,khoe1240,-2.8531377223069305,3.8025745059100062
kyer1238,sino1245,-6.51124013522711,3.255581973814269
cori1240,atla1278,2.0410631119108267,0.8204982643403191
laal1242,laal1242,1.725615674022463,3.097877227999933
labe1239,aust1307,0.3937895098623789,0.5158018914232905
labu1248,aust1307,0.5841222180181136,0.3971078244218144
labu1249,aust1307,-0.2517504257681286,0.7053655555978775
lach1248,taik1256,2.575694198504749,1.4078415147716683
lagw1237,afro1255,0.8779719234993575,0.6079041219645909
zaye1235,sino1245,-0.4862955110665066,0.905019354643878
lahu1253,sino1245,-2.399225511447972,0.9364294999433992
lahu1252,sino1245,-2.6970531258265016,0.9329409297055804
lakk1252,nakh1245,-5.492877492132853,4.969546326874041
lala1268,aust1307,-1.6209686437579491,0.7429263060268649
lama1277,aust1307,1.0516575700359825,0.7005912142382051
lama1288,afro1255,0.824456903726869,0.4114250068447997
lamb1272,atla1278,0.926408772222663,0.9157698391077886
lame1260,aust1307,1.7044864493855814,0.4993391611092601
hela1238,sino1245,-6.532773575365203,3.150870426192494
lamk1238,sino1245,-4.098380687948817,1.348811587335673
lamo1244,aust1307,1.2023389568458196,0.547418062117945
land1256,atla1278,0.5037029661190786,0.8683995906955033
lang1324,nilo1247,2.124195251062397,1.4982188395384632
laoo1244,taik1256,3.698227979365551,1.978203024691858
lara1258,lara1258,-2.1497705853815656,3.5594805341144795
lard1243,tang1340,-4.060727810734334,5.670837890831872
lash1243,sino1245,-2.6633191075892744,1.0960341978507593
teke1275,atla1278,2.375158781840001,1.455615590925154
latv1249,indo1319,-5.0103950412137,4.9555392431847975
lauu1247,aust1307,2.4470012412039277,0.75291162793898
lave1248,aust1305,2.30450470143263,0.9794962206613018
lavu1241,lavu1241,-2.048395354582823,3.221017297049989
lazz1240,kart1248,-4.687091692130314,6.605470107154521
lega1250,atla1278,-0.1740434448686771,1.1163153157054229
lele1276,afro1255,0.8636987096591167,0.9032831802088735
lele1267,aust1307,2.2094266790118544,0.6900548203906922
lele1270,aust1307,0.9243856705822288,0.6638537322043376
lemb1266,nucl1709,-4.184301702575208,1.3159633256642174
leme1238,aust1307,2.747288900424935,0.9001946870135455
bela1260,aust1307,1.1092246594166566,0.8290597287255075
lena1238,aust1307,2.4913686975147886,0.8461607604430448
lend1245,cent2225,-0.6483494918159396,0.800806646306853
leng1259,aust1307,1.1054861139889225,0.6557749698301691
lepc1244,sino1245,-6.141753520968695,2.5398131482905706
lese1243,cent2225,-0.1183150325169242,0.8621801675701573
leti1246,aust1307,2.5112975833132705,0.9714150219767356
lewo1242,aust1307,1.6911570506263294,0.5518162806805957
lewo1244,aust1307,0.9855776935598,0.7098645389008329
lezg1247,nakh1245,-5.514143062346461,5.116679278965983
lian1251,sino1245,-4.71211407356483,1.281906437869914
libi1244,atla1278,2.8677169303686485,0.9431337246323608
liby1240,afro1255,-0.9409134325638931,1.8618092644785784
lihi1237,aust1307,-0.3917964217418985,0.6056405289001923
liji1238,atla1278,2.2866040509918912,0.8258169965402686
lika1243,atla1278,1.463753155658145,0.9243924475975956
lill1248,sali1255,-2.34122027637257,2.34542858766626
nucl1327,limi1242,-2.381626881574741,3.825152022154356
lipo1242,sino1245,-2.552107147613987,1.0378595123915169
lish1245,afro1255,-4.417801579217842,2.740286457833972
lisu1250,sino1245,-2.765287594722297,1.1807571846030471
lith1251,indo1319,-4.994810864227334,4.854935785921058
lito1235,atla1278,2.754521973596428,0.952050319441076
livv1243,ural1272,-5.430010379445418,6.411619494453704
loba1239,atla1278,2.8179208090382444,0.9982924530813762
logo1259,cent2225,-0.642620961630155,0.7660397645179646
balo1261,atla1278,2.8929280877780936,1.0871162992624264
loka1252,atla1278,1.458340253045158,0.7299422407114466
araw1276,araw1281,-4.722216403568259,5.414862232924857
lolo1259,sino1245,-2.555255851015243,1.056485483986279
lomb1257,indo1319,-4.047649705900032,3.22656301895735
chiq1248,chiq1253,-5.284111241747823,7.0102010970082365
acha1249,sino1245,-2.536991127391623,1.0631873484883556
long1395,aust1307,2.202680458451799,0.7022625539537746
loni1238,aust1307,1.0076565448159824,0.6726079668334695
lote1237,aust1307,1.0149718673903676,0.6507818561891447
loth1237,sino1245,-4.544319474340959,1.31229865490225
lotu1250,aust1307,0.3804198755192702,0.6085236712116266
louu1245,aust1307,0.9979419114871249,0.6648074804626631
vano1237,aust1307,2.3679894656985514,1.0794412701342535
lowl1260,tequ1244,-2.352182481833684,3.8474456779831527
lowl1265,utoa1244,-5.605273743772606,4.88467606010675
lozi1239,atla1278,-0.4581964057531373,1.206947824247985
luan1263,aust1307,1.2990090443874829,0.9903798969512572
onto1237,aust1307,1.183228663722331,1.2887200741174194
lubu1243,aust1307,-0.679842221021794,0.5557424527180004
luch1239,atla1278,-0.1870884878516463,1.2327282381894946
ludi1246,ural1272,-5.438187723315213,6.6583261248157655
lugb1240,cent2225,-0.6899759571126358,0.7947229323346647
lugu1238,atla1278,1.4454562500052033,0.932855305581187
lule1254,ural1272,-5.1668046910417065,6.73321403379255
lumb1249,atla1278,2.045773614412166,1.753966212163462
lumu1239,narr1279,2.497819607800412,2.5267434694057727
lund1266,atla1278,-0.2287887628734508,1.3510945902056086
lund1271,aust1307,1.7165157043330923,0.8765024953352647
luok1236,nilo1247,1.5944873149934198,1.408813759303717
luse1252,atla1278,2.823784791227647,1.2207297281862832
lusi1240,aust1307,1.4442850392296007,0.5265828577521798
luya1241,atla1278,0.1057061299155579,1.1801612058555069
maan1238,aust1307,1.4954727907371437,1.588393594525746
maas1239,atla1278,-0.0649681748153359,0.7120895598302361
maba1270,atla1278,2.2325211608990045,0.9569188024316057
maba1277,maba1274,-1.523482168470466,2.6034217887653988
mace1250,indo1319,-4.483366255447126,3.510612703129768
mach1267,araw1281,-4.807901623385693,3.832991393464295
maco1239,sali1297,-5.801589928316511,7.484422270911939
macu1260,tuca1253,-4.815138853592246,6.118229645384088
macu1259,cari1283,-5.749353911734905,6.9852994547588025
mada1285,aust1307,0.7808338747143075,0.5184943709066836
madi1260,cent2225,-0.2935778130104234,0.94065278069092
jama1261,araw1282,-4.992160738886793,6.519531411131137
madn1237,east2374,-2.0969248138491725,3.4646066603254173
nucl1460,aust1307,0.5261311172606664,1.1453969926865426
mafe1237,aust1307,2.4521299391710487,0.5381971380538193
maga1260,indo1319,-5.507170162424661,3.803223568693849
maia1254,nucl1709,-4.274401618997472,1.230792154741989
mail1248,mail1249,-3.863870496829019,4.417236711136132
nucl1594,mair1253,-1.9561964938926484,3.220728026620601
mais1250,aust1307,-1.58657631449293,0.7956086464720933
mait1250,indo1319,-5.401754997720561,3.767945151431488
maja1242,surm1244,-0.0350476336356724,1.174745658582376
maka1304,atla1278,2.1156688372843178,0.9991612952536162
maka1311,aust1307,-0.3475515659823944,0.9230177767495906
makc1235,taik1256,1.8353937696172664,1.269868509705292
makh1264,atla1278,-0.190807478890429,1.0693444506412175
makh1266,atla1278,0.2147448454176679,1.0216761947233088
mako1251,atla1278,0.7373226701220243,0.95565560165333
makw1236,atla1278,0.6969785934358601,1.0042153996470802
mala1463,drav1251,-5.422078510596441,6.309269799202263
mala1534,aust1307,-0.9585510951233284,0.6192879245778329
mala1464,drav1251,-5.479272977144007,6.184214581488373
mala1522,chib1249,-6.039481675724911,5.951039911620371
male1284,gong1255,-3.974726730210608,2.261793910592691
male1297,chib1249,-4.2291636887876045,4.33373027126203
male1289,aust1307,1.3483315247656025,0.5340773590082364
malg1251,afro1255,0.6976286536767047,0.5936459941172014
mali1284,bain1263,0.1548011773644972,2.126970269831297
mali1285,otom1299,1.1229457113370245,0.7358413936697517
malt1254,afro1255,-2.119973664308219,2.854677191224444
malu1245,aust1307,2.3170427861102896,0.4701345709357074
mamm1241,maya1287,-0.8060767997037139,0.7730274960704122
sauk1252,nucl1709,-3.034435144159761,1.0048036710195696
mama1275,aust1307,-1.018788554190512,0.9658785094331676
mamb1306,aust1307,1.150280094171566,0.8043983485643587
mamb1294,atla1278,3.182819179832,0.8619364878584559
mamb1296,atla1278,1.1065297768004854,1.0691908458623178
mamv1243,cent2225,-0.4980034025304238,0.8111232997510154
mana1295,aust1307,-0.6482941935309663,0.6793996897755168
mana1298,nduu1242,-3.340341555840745,2.9569865723752446
mana1288,sino1245,-6.619123499153197,3.562520309154163
payn1244,nucl1709,-4.272214043624399,1.185721001147126
mand1440,aust1307,0.6979691365669121,0.6062886212832499
mand1415,sino1245,-5.227456726525982,5.17258576385388
mand1436,mand1469,-0.4063404395847483,1.3245443959326142
mang1378,aust1305,1.5868851605662533,0.8455664275151786
rapa1245,aust1307,-1.6873149841693484,3.0654537711042416
mang1401,aust1307,-2.620575569011385,3.903694967843154
mang1381,mang1423,-3.882162738441981,4.892956202638913
mang1394,cent2225,-0.0716831463281,0.9880122996465736
mang1404,aust1307,0.2601422433979588,0.4018950173245468
mang1405,aust1307,0.3730407341176951,0.9531333894716614
mang1403,aust1307,0.9488541342787178,0.6302245092007546
tong1308,aust1305,1.6881946307577025,1.2688771502421066
manm1238,aust1305,1.1814455282970844,0.7758259629471365
mann1248,mand1469,-0.5824139772728225,1.1963056808046808
mans1260,hata1242,2.123972036143164,2.08558449338822
manu1258,aust1307,1.2260432088872577,1.0049124568092758
maon1241,taik1256,2.8856975170894765,1.3693319664047277
maor1246,aust1307,-1.7115370135135728,3.234186389015317
mapo1242,aust1307,0.3518589572276918,0.3871318376717347
mapu1245,arau1255,-5.448869060256677,9.323164984026176
mara1382,sino1245,-4.134235655300397,1.6437555981557883
mara1399,aust1307,2.391077171984388,0.4426800504830872
mara1379,sino1245,-4.413570802258415,1.2721874731691294
mara1386,west2434,-0.9940896915429636,1.7385322247021904
mara1378,indo1319,-5.628526846636865,4.964704431513393
marg1265,afro1255,1.296605043877551,0.5521203840560371
mari1414,drav1251,-5.929160093156616,5.687788086592739
mari1440,coch1271,-4.758716574084522,6.581301210415078
mari1428,aust1307,-0.7631081213120101,0.5383068352110651
nucl1622,anim1240,-3.2396245907041186,4.675869580927613
maro1244,aust1307,2.103218359518457,0.7480124704091367
mara1385,mang1423,-4.000645254893304,5.097129374944395
mars1254,aust1307,1.925571892115376,2.720263712936746
mart1255,pama1250,-3.7480181149767433,4.041579749965142
maru1249,sino1245,-2.1891469816191904,1.007778291489327
maru1252,pano1259,-5.869653888446267,5.927947101756434
masa1322,afro1255,1.615592911229001,0.7427021138092194
masb1238,aust1307,-1.6443647146535336,0.8894086104414516
mask1242,aust1307,2.6934766462422663,0.4678787779343079
matb1237,aust1307,1.396076376310246,1.0211788316420094
kemb1249,aust1307,2.5825355127780165,1.5630027350698708
mati1250,aust1307,-1.0835109746177038,0.7261148076156587
mato1252,aust1307,0.561609398232477,0.473191745115967
mats1244,pano1259,-5.914831824583622,6.006194470768423
matu1261,aust1307,-0.7805357247003268,0.5384458884649952
matu1259,atla1278,0.9818849618248322,1.0314344424062636
maun1240,iwai1246,-3.5311200324576992,4.929319997599902
maxa1247,nucl1710,-5.469631017285289,7.947878726005156
maya1285,misu1242,-3.5029172168754146,4.576618826939703
maib1239,mayb1237,-1.4321865143694446,2.761196203440072
mayo1264,utoa1244,-5.653911729347987,5.060386882626766
mayo1261,atla1278,1.41708344090587,0.9030936708125328
maza1304,afro1255,1.6993021228697405,0.5384971427049319
mbaa1245,atla1278,-0.4482131952200765,0.990938098888984
mban1263,atla1278,2.5997376384338136,1.0566008026331453
mbar1260,afro1255,1.1346238208968522,0.6913576871071019
mbay1241,cent2225,2.906623639535012,1.3979416438072114
mboc1235,atla1278,0.022815800020866,0.5640680130626627
mbol1247,atla1278,0.9558811477007012,1.1251032036433095
mbug1242,atla1278,1.1560491546414935,0.8410104243894665
mbul1263,aust1307,1.1068313480367662,0.5258784344861969
mbya1239,tupi1275,-5.6541399775519725,7.974373162159965
meen1242,surm1244,-0.3984169003725353,1.1163041340647464
meke1243,aust1307,-1.101330449035598,0.6669129044614763
mele1250,aust1307,1.135627090982073,0.6907280790227919
melo1242,gong1255,-4.024237472279191,2.243603610759921
melp1238,nucl1709,-4.097605183186236,1.253281286206407
mend1268,sepi1257,-3.34804899040949,2.689313405290905
mend1266,mand1469,0.0784968893569235,1.1373075026546535
meng1267,aust1307,1.119239156919587,0.6408677348766112
meny1245,anga1289,-2.953836212015408,3.145062032636714
mere1242,aust1307,1.2893598770265378,0.6059631228225957
meri1244,east2503,-3.769836640510565,4.085620508451311
meta1238,atla1278,1.9130582560088063,0.58555629211798
meya1236,east1459,1.2420912244411024,1.8698263094794552
mezo1235,otom1299,1.47428524416393,0.7264418722432548
mezq1235,otom1299,-0.5216016967856545,1.0593628411121043
mian1256,nucl1709,-4.187817942342926,1.5346947441242893
midd1327,aust1307,0.2009637316706305,0.4604956364372548
mido1240,nubi1251,-2.032022939207337,3.530373513923286
mids1243,atla1278,2.1677404707992727,1.1029283838387125
mikm1235,algi1248,-4.828826778461081,8.055796475962698
mila1245,sino1245,-4.370320744924886,1.7060263774073103
mina1276,afro1255,1.5771331235117891,0.4858014639806463
mina1268,aust1307,2.533303208407289,1.937221021698644
mini1256,huit1251,-4.7311026896684485,6.778451249990491
mini1251,aust1307,0.2650008121759706,0.4938604669253497
minn1241,sino1245,-4.481579590062167,2.5742316941368664
misi1243,aust1307,0.2863719507537441,0.928655690322719
misk1235,misu1242,-3.3989485933367405,4.6025175223797525
mixt1426,otom1299,2.056474467655592,0.8661924395893195
miya1266,afro1255,-0.0401261419543175,0.6861127936267479
miya1259,japo1237,-4.876505421440143,5.528387510599951
lush1249,sino1245,-4.513875725061593,1.6498334529855452
mlab1235,aust1305,1.5761250021720272,1.1421718060902268
moba1244,atla1278,0.6210624084015786,0.9703109564169612
moch1257,maya1287,-0.4717035174777133,0.6527718096667741
moco1246,guai1249,-5.466673273928694,8.521170005382121
mode1248,indo1319,-3.017071653988051,3.469526510329893
hebr1245,afro1255,-0.6152965184981847,1.4973055844142724
moii1235,west1493,-1.5249242837400487,2.869957660340539
moke1242,aust1307,2.5291457008626894,1.9348741794770152
moki1238,aust1307,1.4623390825332017,1.5141674396363791
mokl1243,aust1307,1.1634370613206046,1.5155753619874217
mokp1239,atla1278,0.6385218384754943,0.6517210098990418
moks1248,ural1272,-5.487418233895315,6.7636071800985045
molo1266,afro1255,1.2696705899704597,0.4604248032526801
fass1245,baib1250,-2.782289409547412,3.694562564163075
mong1338,atla1278,2.2477308408752634,1.4760201671379072
mono1273,aust1307,0.0393362326612765,0.7860140596877017
mono1270,atla1278,2.621199704485412,1.0827150721600862
mono1275,utoa1244,-6.069038166344249,5.71369312898979
nucl1458,monu1249,-3.1061473418904413,3.843706784384661
monz1249,atla1278,2.614706166302784,1.023230222543113
mopa1243,maya1287,-0.7023810098573176,1.0950167893789668
mori1268,aust1307,1.972927017088271,1.0640057708266983
morm1235,aust1307,0.2236425731007854,0.882900963665799
moro1285,heib1242,2.480773608227929,2.5469283063479367
mort1237,aust1307,1.255938696619661,1.4223922364967017
mose1249,mose1249,-5.253621228144741,6.675056484172398
temb1272,atla1278,2.468623353946443,0.9750425160217836
motu1246,aust1307,-1.9238184796947904,0.8254998819329771
mouk1239,aust1307,1.3733288703011954,0.5228541511008338
moun1252,koia1260,-4.183180680603258,3.657286087038583
movi1243,movi1243,-3.9125704687900495,5.785670702277176
tang1347,aust1307,2.343519339287111,0.5617270651092046
mpad1242,afro1255,0.9112444296465724,0.7613518413275777
mpii1239,sino1245,-1.3629879415119173,1.272938233298344
mpot1240,atla1278,1.4210162549589098,1.1207988283267325
mpur1239,mpur1239,0.8086266089418066,2.3938171704009603
mual1241,aust1307,2.550642627024523,1.602103867419039
mudu1242,aust1307,1.3854715669912432,0.6977080470746149
mudu1239,drav1251,-5.55618012099349,5.939536810106136
mull1237,nort1547,-2.993327682380497,4.177459443570475
nucl1240,atla1278,1.8372792229519976,0.8083942231306676
muna1247,aust1307,1.9472806180168216,0.976397001626678
munc1235,sino1245,-2.6430876599761564,1.5659106838915982
mund1328,atla1278,2.377940651143028,0.5688312870794618
mund1325,atla1278,3.0740533975578783,0.8596592691312601
mund1320,aust1305,-3.565129478288244,2.4399697840209957
mund1326,atla1278,1.281391642807958,0.9624686032817404
mund1330,tupi1275,-5.296536961289761,6.647155831202567
abar1238,atla1278,2.373262082896904,0.5652862025836622
murl1244,surm1244,0.8860442288578385,1.2300563479578113
murr1258,sout2772,0.2108389135327808,2.342737496320208
muru1274,huit1251,-5.884124147087201,6.873671593891981
muru1266,pama1250,-4.899512354404168,4.524943267432521
musg1254,afro1255,0.9521012128599882,0.5962010478039783
muso1238,aust1307,0.6731407604112505,0.4128122225839981
muss1246,aust1307,1.0857799943825652,1.028515254370454
muyu1244,aust1307,0.320180177509707,0.9157659739638486
mwag1236,afro1255,0.6072552128687327,0.6025776884424445
mwan1250,mand1469,-0.4435924100693214,1.0078956049830945
mwan1247,atla1278,-0.0913626067201849,1.0949219086156994
mwer1248,atla1278,0.5978802435840764,0.9545253003778952
motl1237,aust1307,2.823411763904664,0.946182546605394
naba1256,nucl1709,-2.8935284411993654,1.020625147764111
nade1244,nada1235,-5.657597729876202,6.821979003152052
sout2857,aust1307,1.3719670131807966,0.4820571435502661
naka1262,aust1307,2.172782697240854,0.6452359729111503
nali1244,aust1307,1.360076191681392,0.5915391226335256
nama1268,aust1307,1.6562852300272146,0.6363876861688276
litz1237,aust1307,1.3153464117299594,0.4268997084816526
namb1293,more1255,-3.742338521762089,3.661089677158995
nami1256,sepi1257,-3.367565242206356,2.7328732634113537
namu1246,sino1245,-3.3152850005468166,1.5514316581318577
nana1257,tung1282,-4.96743102588268,7.190660950078289
nand1266,nilo1247,2.377331608426471,1.361612380713085
nang1262,aust1307,1.5999164556172074,1.0899177576748738
nant1250,araw1281,-4.796058590530915,3.8257799460643502
nara1262,nara1262,-2.9559532353599005,4.698127878675692
naro1251,aust1307,1.927963401202184,1.06308685724896
naue1237,aust1307,1.5483515495455684,0.8933601083250586
naur1243,aust1307,0.6722622462447703,1.872309765326623
nava1243,atha1245,-4.977712269867316,6.109481760615137
nawu1242,atla1278,0.4551077052692331,0.8126252838765904
ncan1245,atla1278,2.249053018356916,0.5774278207698327
ndam1239,atla1278,1.040575161885931,0.9200508565478672
ndob1238,atla1278,2.8882016981404077,1.0116643855268723
ndog1248,atla1278,2.6789037431772758,1.4482702694300418
ndun1249,atla1278,0.713814600962599,0.8859440236568936
negi1245,tung1282,-4.999488603123819,7.378559496114972
neha1247,aust1307,0.0657971749163444,0.700514017711054
kuma1276,aust1307,-0.4273318489627566,0.740950847825447
nenn1238,more1255,-3.7283632816341967,3.637147137538851
nend1239,nucl1709,-4.262229293347087,1.175603818516178
neng1238,aust1307,2.126418351479716,1.2061803248431353
nucl1706,afro1255,-3.69278530024481,3.402262401531553
nepa1254,indo1319,-5.446093847610277,4.102216580183931
nese1235,aust1307,2.3146278373375404,0.4669226403297539
vinm1237,aust1307,2.4840523381256583,0.4354990304123376
ling1265,aust1307,2.5090853839300475,0.4273407315544144
nezp1238,saha1239,-4.829595937528183,6.908153005587195
ngaa1240,pama1250,-4.749921035389439,4.344208681962852
ngab1239,chib1249,-4.7413996327923655,4.621605453193526
ngal1292,gunw1250,-4.0634458313477495,4.18484526340007
ngam1268,cent2225,2.9286244277848485,1.341158010366298
ngan1291,ural1272,-5.262439264136912,7.749851653104464
ngan1295,gunw1250,-4.037520638320923,4.161302721578738
ngar1235,pama1250,-3.0743826353268044,2.430428280047485
ngar1284,worr1236,-3.67780882027876,4.831570468630747
ngar1283,mirn1241,-4.442387311474774,5.039973814766467
ngas1240,afro1255,1.0555608004889354,0.5875120812335979
ngba1284,atla1278,2.437899644090868,1.1480924084574813
ngba1285,atla1278,2.725354271301238,0.9739975657448952
ngge1241,nucl1709,-3.8833915463126103,1.7057624751148932
ngit1239,cent2225,-0.4551989383104295,0.8509379965592316
ngom1268,atla1278,2.5424169071707343,1.0442737943095075
nhan1238,pama1250,-5.035299389374544,5.083472169921257
nhen1239,tupi1275,-5.974698595422891,6.435733306371945
nias1242,aust1307,2.4246859899118727,1.933382264174277
niha1238,niha1238,-5.619145357690485,7.681487402527046
nila1242,atla1278,0.9289913865241406,0.8864914880603578
nucl1633,nimb1257,-2.8438236575588296,3.905067691187704
nina1238,yano1268,-5.712573404900404,7.389138244630012
labo1244,aust1307,2.502510275716718,0.4720776330591647
nisg1240,tsim1258,0.4788753830160859,2.681817076886212
niua1240,aust1307,0.4110213690263986,1.3945747348465185
niue1239,aust1307,0.5166904056915609,1.839980825494962
niva1238,mata1289,-5.454232837105468,8.076852774173945
njan1240,atla1278,2.646575969357393,0.7590438443519378
nkon1248,atla1278,1.0827682085082655,0.6331554670654178
noct1238,sino1245,-4.087366438684929,1.3848007510602365
noku1237,aust1307,2.391603873438932,0.7967419081250426
noma1263,araw1281,-4.929901629691211,3.899748046872976
noon1242,atla1278,1.5035298744547043,1.36915796299005
noon1243,atla1278,2.267577364042589,0.5713782745359879
nopa1235,otom1299,2.0525495718442244,0.7224424190785133
nort2839,aust1307,2.8848926091649245,0.5001583818664646
nort2697,turk1311,-5.400583338095882,5.889126728215942
darg1241,nakh1245,-5.514588441602237,5.085760843959881
nort2930,kiwa1251,-3.2627289778414674,3.7939312572703967
nort2972,choc1280,-5.500796507187856,7.113601773310961
nort2702,drav1251,-5.814945768941542,5.4239733595645205
gumu1244,gumu1250,0.8480860808370361,1.861730307646674
nort2938,haid1248,-3.1333591734595343,4.809202448133341
sing1264,sino1245,-4.003811525300177,1.383850544031981
nort2684,aust1305,2.8780695389266957,1.4293149975553252
lush1252,sali1255,-2.5913108054052403,2.371825147168318
nort2774,atla1278,2.188140536571053,0.9278149187484636
nort2954,utoa1244,-6.060847505010095,5.641667376880406
nort2957,utoa1244,-3.624408099200543,2.7062436047599814
nort2723,sino1245,-3.3988073159587344,1.5385424819624198
nort2747,hmon1336,-0.3769867266261926,1.297771035246587
nort2722,sino1245,-4.139340838217629,2.336999229864281
nort2994,aust1307,2.329765269658502,1.306766626580501
nort2885,aust1307,-0.1053032313125816,0.8428029479771872
nort2959,utoa1244,-5.562589502449784,4.868663181437543
tosk1239,indo1319,-4.393198010802808,3.43803764609157
nort2732,sino1245,-2.677629197336728,2.2125310492978016
nort2690,turk1311,-5.490791670210706,7.888933029166049
yoku1256,yoku1255,-4.800925909968338,7.650371646189522
nort2745,yuka1259,-4.728274070194441,8.978644745929781
nort3047,afro1255,1.3614176655087895,0.463655576651135
nort2980,quec1387,-5.828152064816072,6.722149281831975
nort3139,afro1255,-0.952950175224954,1.5052266048389296
nort2845,aust1307,-2.4556343736901582,3.8729286277119286
nort2671,ural1272,-5.252741153862068,6.833722722596288
nort2942,atha1245,-3.953616316268643,6.310999581601675
nort2847,aust1307,2.475819827198726,0.8435576374835971
nort2961,algi1248,-4.701806402446062,6.911253731917563
nort2775,atla1278,2.8657746093509484,1.3470755314681782
yaki1237,saha1239,-4.711374557920983,6.647630924178253
nots1237,aust1307,-0.2839799724193392,0.5328180406643952
nsen1242,atla1278,0.5453946910216247,1.2691498509750367
nukn1238,nucl1709,-2.9200734703225963,1.0189856785334437
nuku1260,aust1307,-0.0103068675244601,1.314274393899531
nung1282,sino1245,-2.9965806176204204,1.2645447155677552
nupe1254,atla1278,2.437230513537646,1.122074093655172
nuuc1236,waka1280,-2.50944806347618,4.675893473556769
nyah1249,aust1305,2.187529485087678,0.9310633457204672
nyah1250,aust1305,2.901167464330353,1.571140095244994
nyak1260,atla1278,1.3889671285512415,0.8870724115009594
nyam1285,afro1255,1.539360552528393,0.7297354060513435
nyan1301,pama1250,-4.589826467058919,3.497418186098087
nyan1307,atla1278,1.4333062998148414,0.9910843709540752
nyat1246,atla1278,1.3326499959385665,0.8757259888129436
nyig1240,nyul1248,-4.197634289656355,5.450240601274691
nyis1236,sino1245,-4.740226652439378,1.5641799895310786
nyor1246,atla1278,1.4757596355919196,0.9695680475838132
nzad1234,atla1278,2.038402098272641,1.6123538803345792
nzak1246,atla1278,3.294295661929364,1.210178893080828
nzak1247,atla1278,1.049777644076718,0.9610793712824924
obok1239,lake1255,-1.7605503525968813,3.052335629095338
occi1239,indo1319,-3.6169634729031968,3.0979697117472407
ocot1244,otom1299,1.9821597053430715,0.6548875447506983
oriy1255,indo1319,-5.4171957729487,3.787209247461754
ofay1240,nucl1710,-5.646011363278912,7.44615177727403
kalm1243,mong1349,-5.342270812470994,7.009433406116544
okan1243,sali1255,-3.903365448927086,3.106935098541194
okin1246,japo1237,-4.809304601396167,6.336885547591264
okoe1238,atla1278,0.9863939929269484,0.848160238724752
oksa1245,nucl1709,-4.2160055546060455,1.5289556373086397
okuu1243,atla1278,2.3133815058588603,0.5626864162231247
oloo1241,nucl1708,0.8416172740985708,0.8060946964586186
olut1240,mixe1284,-2.8616476840374463,3.5717568508603845
omah1247,siou1252,-2.7870859526412493,5.290930391431034
omie1241,koia1260,-4.0614665474346525,3.713884386538341
onge1236,jara1244,-3.5390919865439314,5.423421511156403
bira1253,bira1253,-2.694647100556764,3.761009841750382
orma1241,afro1255,0.0119081966670062,1.0804703879252653
oroc1248,tung1282,-5.002968078392116,7.226254354259215
oroh1237,aust1307,2.1875359447566662,0.772941889070287
orok1265,tung1282,-4.953634593535254,7.548468142988904
orok1269,nucl1709,-4.923600321307108,1.544893592828748
orok1266,atla1278,0.9954849325518484,0.606887721973246
orok1267,nucl1580,-2.3836195581123274,3.2610598045834207
orow1242,aust1307,1.8556394451668317,0.7374591252990648
orya1242,toro1256,-2.809359004217292,3.885776453872461
otor1240,heib1242,2.4318024178266064,2.5244290597046923
otta1242,algi1248,-4.595805601107749,6.796581935422845
owaa1237,aust1307,1.1620234582011184,1.035014482101964
paaa1242,afro1255,-0.1757094832831369,0.7087641134393241
darl1243,pama1250,-4.999825216216641,4.972597897312483
paam1238,aust1307,2.8863568722435184,0.5172281808982717
paas1238,atla1278,-0.6273441664225148,0.7647554988353811
paco1243,aust1305,1.999456357468799,1.1032309549370432
paez1247,paez1247,-5.716723937017123,7.523945836730776
pagi1243,atla1278,2.0329029771135607,0.9311160453840356
pagu1249,nort2923,0.6527207868058857,0.8002166590504416
pahn1237,hmon1336,-1.160514759256012,1.291931798001043
pait1244,sino1245,-4.488552310472088,1.3707053567098717
pala1344,aust1307,0.0271259827850411,1.4788481256140056
pali1279,araw1281,-4.586663813953111,5.850147627682744
balu1257,aust1307,2.0634966317462764,0.7115435047768113
pamb1243,atla1278,-0.0026303711706781,0.8833550326341548
pamo1252,aust1307,2.3397936041406853,1.1232920092255938
pamp1243,aust1307,-2.6671151313461285,0.928108309731032
pana1307,nucl1710,-5.544511851255164,6.661383937996957
enap1235,cari1283,-5.8573955305647925,7.1058224715573015
pang1290,aust1307,-1.4516564751291685,0.707155775169273
pang1291,aust1307,1.3461046683967508,1.0477981723517544
pang1287,atla1278,1.439107862167405,0.9604186417166788
pano1254,pano1259,-5.760530604564476,5.811384509680154
pany1241,pama1250,-4.894893998059333,4.036229336657934
papa1238,toto1251,-2.827038962966512,3.5249712514592204
papa1265,aust1307,-0.0881307321613453,0.6477976987332266
para1311,tupi1275,-5.679317549277187,7.726780403533803
para1302,sino1245,-4.086951802723982,1.3289162981472362
pare1272,araw1281,-4.50053818212686,4.499118955541436
pate1247,aust1307,0.2208986683227856,0.4060604590508596
patp1243,aust1307,-0.1669045142494942,0.5024802802528097
patt1248,sino1245,-6.618969928132908,4.989235379764746
paul1238,aust1307,0.9732311767563208,1.0403648906011078
paun1241,araw1281,-3.1378907128718976,3.2191340094444225
pawa1255,pawa1255,-2.9727893207506337,3.846146390317669
pawn1254,cadd1255,-0.2663632098559301,2.674734363849096
pech1241,chib1249,-3.284156157095094,4.06357719738852
peer1241,atla1278,1.8671681087111445,0.8414350794851053
pela1242,sino1245,-2.502906827696374,1.0409154457091585
pemo1248,cari1283,-5.783554078719802,6.99571466713634
pend1242,aust1307,2.3508148164502947,1.2294022990476634
peng1244,drav1251,-5.740475921556907,5.176329156078266
phak1238,taik1256,1.2921687877571104,1.741165927842056
phom1236,sino1245,-4.288532477275058,1.3403534655106988
piap1246,araw1281,-5.063333144425782,4.375704974298052
pila1245,guai1249,-5.474286749121067,8.185403362972009
pima1248,utoa1244,-4.498595629828112,4.9095441612143365
pina1252,piaw1238,-3.211725480148805,3.4961961704900624
ping1243,aust1307,1.4767392091632798,1.588613169248191
pipi1250,utoa1244,-3.9262312875656034,3.747348942322692
pite1240,ural1272,-5.156969486315186,6.686313937476459
plai1258,algi1248,-4.903479279311887,6.58731520944969
plat1254,aust1307,-1.052365041630174,1.7982489512088016
pnar1238,aust1305,-1.244503010564689,1.1195418121728622
pohn1238,aust1307,1.2221447162074854,1.5555496194278469
poko1263,nilo1247,2.398000870397202,1.431696789629182
poli1260,indo1319,-4.767943033129474,4.46508285937782
popt1235,maya1287,0.023905424235517,0.5750899720176914
port1285,aust1307,2.666325396976208,0.4643317774662048
port1283,indo1319,-2.240275875872692,2.7499294553917766
phai1238,aust1305,2.649570661642013,1.1274354687778256
pras1239,indo1319,-5.41131341115148,5.688688232959524
psik1239,afro1255,1.161517915282623,0.444970625286583
puin1248,puin1248,-5.835835972260516,7.345004910208028
puka1242,aust1307,0.002620297819444,1.9153363701503832
pula1263,atla1278,0.0192101963071271,1.1487317176938934
pulu1242,aust1307,-0.5754463998202102,1.3454572285389936
puma1239,sino1245,-6.438733551084219,2.803820816246799
pume1238,pume1238,-5.778650813273848,7.777621289289721
pura1257,pura1257,-3.231513593388563,4.058281874306219
pure1242,tara1323,-3.7289831871047454,5.685738854537937
puri1258,sino1245,-6.566239588050944,5.1246033136823685
puyu1239,aust1307,-2.243770536286458,0.7866320121762165
qawa1238,kawe1237,-5.376042074682406,9.421379486177813
qima1242,afro1255,-1.1756918319936631,1.465938966232846
quer1236,otom1299,-0.7259992105540221,1.1731730268916696
quio1240,otom1299,1.5473778055389786,0.6744143292623761
rabh1238,sino1245,-5.577695807341453,1.6358278846820298
rade1240,aust1307,2.196922614430908,1.1497117785906212
raji1240,sino1245,-5.567189477838973,3.9954735652627
rama1270,chib1249,-4.251660074364304,4.277969686891385
rapo1238,nort2933,-2.625174062440694,3.050700784326612
rata1244,aust1307,1.487692005094022,1.3999354221697864
reja1241,aust1307,2.2628622304764816,1.2988297195025726
reng1252,aust1305,1.5215115530017682,0.8570842006009904
renn1242,aust1307,0.794002726788781,1.1458303008129267
rere1240,aust1307,2.507853729683534,0.4333688256777037
resi1247,araw1281,-5.080486020011258,4.044559348561982
reye1240,pano1259,-5.420269357141156,5.628152841976411
rian1263,kolo1268,-3.0371685804230597,4.608989129676543
rikb1245,nucl1710,-5.2925560944216326,6.294169942374964
beka1241,aust1307,2.7657465917225688,1.745438225693496
roma1326,indo1319,-4.105445184355326,3.3066315109088498
romb1245,aust1307,-2.0073829537642536,1.0047039738141024
ronn1241,afro1255,-0.4282353477074592,0.5933068865748901
rong1266,sino1245,-4.588109440318761,1.277904935594222
rong1264,sino1245,-6.672575305191771,4.531286054012167
roto1249,nort2933,-2.773806707124117,3.05974532472764
rotu1241,aust1307,1.9738552304969577,2.3305247884825238
rovi1238,aust1307,0.9822887873352544,0.6987315527838067
ruch1235,aust1305,2.5846659735876862,1.2400695153503136
ruka1240,aust1307,-2.26605606818434,0.7554140932943394
ruma1248,aust1305,1.778018407337349,1.2333462157537127
rung1258,maba1274,-1.72954488435564,2.603776142889677
rung1259,aust1307,0.0766187548322028,0.6490275784612578
russ1264,mong1349,-4.794396205656099,7.378173643613126
russ1263,indo1319,-5.127808217438763,5.937823379164788
rutu1240,nakh1245,-5.500706529453517,4.996421586959795
saaa1241,aust1307,1.740142490473585,0.5336678792954981
saaa1240,aust1307,2.299265737103961,0.7595395287946953
saar1237,aust1307,-0.8211559791775529,0.6358889674450747
saba1268,namb1299,-5.098873648009221,6.596846978170156
saga1262,atla1278,1.2641171501170314,0.8759080977070433
sais1237,aust1307,-1.566812071154498,0.9036549883000672
yaku1245,turk1311,-5.041635638239025,8.180102420539658
saki1247,aust1307,-1.6054784576608032,0.7456529391817757
tsis1238,atla1278,2.5118125239980413,1.2023364547891615
samb1311,atla1278,1.640274655928259,0.7538857624169033
samb1305,atla1278,1.5481217528452935,0.7511154185724642
samo1305,aust1307,0.1430997844847601,1.5019576084989623
wara1292,atla1278,-1.2400041391403644,0.7322234887937835
sana1295,afro1255,-3.560966409647289,3.781113170800704
sanb1242,chib1249,-5.839507557375787,5.570097447771819
sand1278,huav1256,-1.6506897357911434,3.1843697967610023
sang1331,atla1278,-0.3261782835696456,1.231218154486326
sang1321,sino1245,-4.279358400312855,1.2954365164305557
sang1330,atla1278,1.5252570817126063,0.906122975177853
sanm1301,otom1299,1.2581140368294743,0.8529599279794517
sanm1289,quec1387,-5.856010027806329,6.8761817043660205
sanm1295,otom1299,0.6147288577817038,0.567053209620962
sant1410,aust1305,-3.327474435457184,2.229087119245291
sant1451,otom1299,2.028494616732919,0.9541242189429688
sant1436,otom1299,1.4558352128176866,0.6252795189233318
sanu1240,yano1268,-5.784304755885209,7.29977726528668
sapo1253,aust1307,1.3953039231565023,0.6411371399460606
sapu1248,aust1305,2.0548441282100844,0.924569540173831
sara1321,cent2225,2.105581910564358,1.4733994275682765
sara1327,aust1307,0.0953040320814726,0.936031742493924
sars1236,atha1245,-5.032355870702792,6.153321005410071
sasa1249,aust1307,-0.6848121284559787,1.2294633443398713
sata1237,aust1307,0.1769586420383939,1.3668578054790643
saur1249,drav1251,-5.437511259833997,5.192664761914703
savo1255,savo1255,-1.9297136776005823,3.079653103992809
saya1246,afro1255,-0.1217316912128163,0.5845394185817518
seda1262,aust1305,1.5052433226543895,0.8926590919297333
taro1264,aust1307,-0.4358526629792192,0.6678039394250668
seim1238,aust1307,0.3306047723960326,1.039654197505131
seke1241,aust1307,1.711515028225948,0.5343515406331534
sela1259,aust1307,1.0746013953347786,1.3752445262099702
sela1260,aust1307,-0.0570824933830329,0.9027343331377508
sele1249,atla1278,1.266566972733263,0.6232140882877975
sele1250,nucl1709,-2.755009116631538,1.0625224604491628
selk1253,ural1272,-5.336732028211522,7.633891109540038
sema1266,aust1305,1.2882013745974588,1.0244263437867804
sema1265,aust1305,1.8550426733248413,1.1798588589894994
seme1247,aust1305,1.9733429615223628,1.3108773039146495
seng1281,aust1307,0.6645136497350288,0.6220496357800123
nucl1632,sent1261,-2.8802970803982757,3.913455377523946
sout1528,indo1319,-4.570030774061931,3.7429405915317098
seri1257,seri1257,-4.607191490726765,7.553588244237011
seve1240,algi1248,-4.742964191402476,6.990888789627418
shab1252,shab1252,-2.2852556885489714,3.507873925328176
sham1280,atla1278,0.8417863090620976,0.7656828546406373
shan1283,pano1259,-5.905861019145856,5.881999720392942
shaw1249,algi1248,-4.479074642953247,6.666083622919963
shee1238,hmon1336,-3.689674241659774,2.431688288769656
biao1253,taik1256,-0.8237537953277645,1.6944301305707672
shil1265,nilo1247,2.935995266514244,2.056306785041245
ship1254,pano1259,-5.966876641817444,6.08751952999965
shix1238,sino1245,-3.216866638417172,1.4784536692047503
shol1240,drav1251,-5.599033943671853,5.846006870912356
shon1251,atla1278,-0.4344320500142169,1.1847875144103153
shor1247,turk1311,-5.082218419323566,8.034563871780849
shos1248,utoa1244,-6.02557310175103,5.639746030117922
shua1257,jiva1245,-5.759018405108528,7.292883647830218
shwe1236,aust1305,1.8566159351960785,1.17619743283195
siam1242,siam1242,-2.78015283497203,3.766959710517945
siar1238,aust1307,0.2711842219272222,0.5593640211306479
siaw1243,amto1249,-2.963469687775649,3.85036805611546
sich1238,sino1245,-3.226663464108951,1.530119929414779
sici1248,indo1319,-3.737376925082959,3.26199319280879
sici1249,atla1278,-1.311657670783532,0.7423668490596125
sida1246,afro1255,-3.0004659365949764,1.3346732388208409
siee1239,aust1307,2.147134992711908,0.8605982831796819
sier1250,otom1299,1.6878926998764534,0.6573033132398507
sika1261,aust1307,1.2132793555428147,1.145294982927851
siks1238,algi1248,-5.032595363658894,6.311724391630575
siku1242,aust1307,2.1417402671976,1.8991748457092363
sina1266,aust1307,-1.941373959010416,0.8111809531464189
sioo1240,aust1307,0.874080659572634,0.4911164406358903
sion1247,tuca1253,-5.893596015048223,6.765296405848633
siri1274,tuca1253,-5.985436311241756,6.14116015614878
siri1273,tupi1275,-5.380186705494857,5.768112703441571
sile1255,nucl1709,-4.318026556107895,1.1453739124217144
situ1238,sino1245,-4.067084982461262,2.142684650156889
siwi1239,afro1255,-1.194712441174726,1.9777448947515024
siwu1238,atla1278,1.2555713524431598,0.6245311235608337
skol1241,ural1272,-5.354756274281929,6.947182964451328
slov1268,indo1319,-4.485259399013316,3.687097394933411
sooo1254,aust1305,2.737903137426147,1.232508519638257
sobe1238,aust1307,0.2949934978674235,0.949648998894988
soch1239,otom1299,1.530299431252856,0.7326581840575557
soga1242,atla1278,1.8779994475433317,1.060437100321181
soli1239,atla1278,0.1869787670978127,1.1172105671152617
soni1259,mand1469,-1.3238153877170364,1.6673034633920096
sons1242,aust1307,0.235269498515442,1.432454952974659
sooo1256,kuli1252,2.146671544083434,2.3222959315288945
mani1235,east1459,1.1248536155767956,1.8533414514925093
koon1244,atla1278,1.8766928828614076,1.547841945589088
sout2859,aust1307,2.900178686962925,0.5135164191728201
sout2976,utoa1244,-4.153905305075121,4.2316680735503125
sout2856,aust1307,2.3485311078403885,0.7143524677728745
sout2954,japo1237,-4.775513233728093,6.532154613926183
sout2996,ayma1253,-5.52263998557639,6.966781926602186
sout2730,sino1245,-1.8830714465484952,0.9921183048645066
raro1241,aust1307,-1.637987632955992,2.788801916325516
sout2741,taik1256,1.7245053186024215,1.370982198445919
sout2826,krua1234,-2.0229548356050437,3.8243914185735033
sout3236,gumu1250,0.981553513605628,1.824706994267153
sout2956,haid1248,-3.147188763679816,4.813770697305788
kach1280,sino1245,-2.99825825541744,1.2163747069435793
sout2949,kiwa1251,-3.644798784019825,4.106651454899208
sout2994,namb1299,-5.24927341469317,6.805419275013522
sout2649,indo1319,-5.426389219089883,5.717090246404354
sout2729,sino1245,-2.9880072378278912,1.379514392434686
sout2728,sino1245,-3.955316665551514,2.212530672558397
sout2985,miwo1274,-4.821240531343719,7.215038222939787
sout2807,atla1278,-1.036471177597123,1.7724411682469832
sout2797,atla1278,-1.0817535930163542,0.5956349023530905
sout2679,ural1272,-5.405740352387609,6.330522933626938
sout2782,atla1278,3.209732200456136,0.8834487799208901
sout2674,ural1272,-5.009699819953036,6.826656634007934
sout2959,atha1245,-4.479993368590841,6.50144918774804
para1301,aust1305,1.8920603315770623,1.0896099249416302
sout3261,nakh1245,-5.514107873105042,5.057099793926241
sout2869,aust1307,2.536797548512414,0.8608886800195759
stan1318,afro1255,-3.014867151795759,3.13524211514315
indo1316,aust1307,-0.6486972250201419,1.2152350793863764
stan1306,aust1307,2.2611198781631128,1.375523662845179
horp1239,sino1245,-4.028937610194993,2.030644943706269
suab1238,sout3418,-1.5922317254843783,2.9160295421842406
suba1238,atla1278,1.5106130655409054,0.9721672087919496
sude1239,aust1307,0.3671786502252194,1.1200898244326147
suku1272,afro1255,-0.101668804454813,0.40986894100703
sulk1246,sulk1246,0.2894421678497485,2.1597934566766157
sumi1235,sino1245,-4.38703350348675,1.300474743055931
sund1252,aust1307,-1.393160276719283,1.7074164130230916
mari1426,aust1307,1.4569016477074823,0.672608899699398
sunw1242,sino1245,-6.489569825494929,2.9705873048847438
supy1237,atla1278,-1.2878336621791044,0.9926480828008852
surg1248,ural1272,-5.392206790588126,7.610783109251817
surs1246,aust1307,0.1555161709127643,0.5197215248572995
swah1253,atla1278,1.3073287675649787,0.966572976283933
swed1254,indo1319,-4.763435986754529,4.998083468133613
taba1263,nort2923,0.3468418653327969,0.8538633964043019
tabo1241,tabo1241,-3.462700608449896,4.3868698130106925
tafi1243,atla1278,1.3620771803017586,0.7078280686668901
taga1272,aust1307,-0.8282537538703063,0.7531685049912316
taga1273,aust1307,1.5631822842332743,0.8582139133863098
taga1270,aust1307,-2.438203718924207,1.083180101876783
tagi1241,sino1245,-4.605651098221763,1.6781725982063058
tagw1240,atla1278,-0.7051111527879117,0.9405868016115608
taha1241,afro1255,0.6971872425345094,1.8374907301142525
tahi1242,aust1307,-2.424516273598969,3.471774923607173
taia1239,taia1239,-0.4510235178983386,2.2031649422018944
taji1246,aust1307,2.3521810352111965,1.1949257333196446
taki1248,aust1307,-0.6234724078505058,0.5834893559787808
taku1257,aust1307,0.8042496175867742,1.0987746332399198
binu1244,aust1307,-1.1146644958936451,0.7416110063283838
tali1259,aust1307,2.105468774328175,0.7222603110475401
tama1331,tama1329,-2.151672189115261,3.838694899832036
malo1243,aust1307,1.0941999751438196,0.4929489649146497
tama1365,afro1255,0.4949790882442393,1.0697025271830896
tami1289,drav1251,-5.45489295438558,6.041969663486221
tane1237,aust1307,2.462285958209814,1.0901530542424318
tang1377,sino1245,-4.518293765852889,1.8700000450249716
tang1348,aust1307,0.2195547913414701,0.6622342964694816
tang1373,sino1245,-3.565047586312657,3.130044093140516
tani1257,tuca1253,-5.958620593316234,6.15655021800982
tara1313,sino1245,-4.259106914524612,1.3179909133441452
tari1256,araw1281,-5.074253301745927,3.981365726912612
tari1263,afro1255,1.195693413356696,1.948775608317579
tata1258,otom1299,1.8966805616411493,0.6697608464976437
tata1257,aust1307,1.071070341670162,0.7501002460463457
tata1255,turk1311,-5.369545884518041,7.471578649247897
taul1251,taul1250,0.0093758436504485,2.109173224002511
tauy1241,nucl1709,-4.046698749012963,1.0993000103597073
tawa1275,aust1307,-1.2009583772460406,0.719469139526522
tawa1286,afro1255,1.0470656316673113,1.5135105444746717
diga1241,sino1245,-3.889747828799864,1.59298263812215
taya1257,afro1255,-0.2866496870038189,1.5521691043378265
tbol1240,aust1307,-0.382044203796823,0.7670257926407942
tean1237,aust1307,2.412927142457584,1.078506669890448
teda1241,saha1256,-1.4720170979629148,2.0757491699387582
tedi1235,sino1245,-4.36797510611185,1.436504985257912
tega1236,rash1249,1.7884692151672397,3.243957352570277
tehu1242,chon1288,-5.383503827202561,9.377908308991165
tekt1235,maya1287,-0.4328872086039896,0.6315324363583201
tele1256,nucl1709,-4.220256565782999,1.558462425664457
telu1262,drav1251,-5.7876759266548525,5.7903370717774525
temi1246,aust1305,1.5318498938847007,0.9609238468130296
temp1235,aust1307,0.1827705558155448,0.5949126802697986
teng1272,aust1307,0.2445104691204962,1.1352514356773398
tene1248,dogo1299,-2.667663455470242,2.2465005415267054
tenn1246,surm1244,1.17480156753805,1.4953650939065124
teop1238,aust1307,1.3337399694643732,0.6337893819807991
tera1251,afro1255,1.286051001409426,0.7369908921084782
teri1250,chib1249,-4.618963225644561,4.491021735850655
term1237,aust1307,1.0896467572434911,1.05749986433786
tern1247,nort2923,0.9609332916287956,0.889413076351147
tete1251,utoa1244,-3.2613935916991164,2.819378160416528
tetu1245,aust1307,1.2060686424032587,0.7947813768508496
tezo1238,otom1299,1.4549619673711651,0.6460628961147368
thad1238,sino1245,-4.445244511088593,1.3601583237004995
thai1261,taik1256,3.753197069009608,2.386982828159314
thak1245,sino1245,-6.639331210256918,3.643982326384279
than1259,sino1245,-6.463586859827949,3.3104879997025085
thao1240,aust1307,-1.7706675547271271,0.6818072388194256
aheu1239,aust1305,2.776272371145814,1.311199330784536
thay1249,pama1250,-2.378788390018883,1.9737161888851311
thul1246,sino1245,-6.298961138162394,2.7716256775857904
tibe1272,sino1245,-5.746882055931133,2.512019660411015
ticu1245,ticu1244,-5.653041412432627,7.039471889441652
tido1248,nort2923,1.0975112391418964,1.025666897367083
tief1242,atla1278,-0.8817433035590749,0.5782406821170731
tief1244,atla1278,-0.8849505086579734,0.5826203880915628
tien1242,atla1278,2.3660050629257494,1.499543205825569
tiga1245,aust1307,0.6777074468061368,0.6610715438543142
tigo1236,atla1278,2.557971568154655,0.685382705394721
tika1246,atla1278,2.513470973017162,0.7975554336976227
tiko1237,aust1307,2.918261989632004,1.3765670513995651
tilu1238,sino1245,-6.529382083434866,2.88204398118251
timn1235,atla1278,0.4375148843569114,0.9364738323337852
tina1248,aust1307,-1.483005203609471,0.8276348076414344
tira1254,heib1242,2.420158068999136,2.5410157751391216
maee1241,aust1307,2.2739303492022644,0.4509204017815946
tiri1258,aust1307,0.7086792884548698,0.7378364749550776
tiru1241,aust1307,-0.533563772095619,0.7282966400322675
tita1241,aust1307,0.5535025639386593,0.6842121669707417
tivv1240,atla1278,2.2714459960814164,0.7249518095246703
tiwi1244,tiwi1244,-3.03608059282435,4.407675426284169
toab1237,aust1307,2.362996823265182,0.7453778495637344
toar1246,nucl1580,-3.6603965489015247,3.2967309776808493
toba1268,leng1261,-5.448211417782323,8.020339470795633
tobe1252,nort2923,0.7096949681566294,0.8542421476473141
toda1252,drav1251,-5.579032963537197,5.86550094284236
toho1245,utoa1244,-5.900667141045675,5.278520635716261
tojo1241,maya1287,0.1309227661797565,0.7213724799110874
toke1240,aust1307,-0.4453072020566386,1.7979315194659264
tolo1255,aust1307,2.424672226083742,0.6809492662643031
toma1245,mand1469,-0.0860503365135807,1.1008959144546573
tomb1244,aust1307,0.5838575393128247,0.6533586559176907
tomm1242,dogo1299,-2.4220838270658955,2.2105970741147623
tond1249,song1307,1.664595157331159,1.7142240896089618
tong1325,aust1307,1.5635886595236022,2.3111643343984607
tong1318,atla1278,-0.6564229107868536,1.1057338059222983
toto1302,sino1245,-6.071033492406856,2.3981723516203965
touo1238,touo1238,-1.9093239875337888,3.111844340775012
trin1274,araw1281,-3.2762029545139786,3.365263134447192
trio1238,cari1283,-5.592618036963102,7.251724820595705
trum1247,trum1247,-5.356888560805418,7.659087309329438
colo1256,barb1265,-5.6431644160764005,7.597343017236451
tsam1247,afro1255,-1.179744557525443,0.8997576081824246
tsat1238,aust1307,0.1100027854291063,1.3486691530088477
dido1241,nakh1245,-5.441640457630584,4.862755898934282
tsha1245,sino1245,-5.277104967709283,1.832825728742531
tsix1234,khoe1240,-2.7003518284792354,3.779450420686717
tsog1243,atla1278,2.2149885527240274,1.5566673002812692
tson1249,atla1278,-1.3324058289486629,1.6304656261249963
tsou1248,aust1307,-0.8748187958025984,0.6312867639758011
tswa1255,atla1278,-1.3860648811192,1.6428480321482637
tswa1253,atla1278,1.535654286217942,1.486777747556113
tuca1252,tuca1253,-5.979519380109327,6.14292060102513
tuge1241,nilo1247,2.362204595185273,1.405647289996276
tugu1245,aust1307,1.5911512433201225,0.913603002506786
tuka1248,aust1307,2.378105297178312,1.1545604355527352
tuki1240,atla1278,2.0993668669472605,0.7810135039544637
tula1252,atla1278,2.8976772914779234,0.8643934843245908
tulu1258,drav1251,-5.6606616147495785,6.064499346796293
nene1249,ural1272,-5.297147125086774,7.640514857267426
tung1290,aust1307,1.058226964856451,0.796700371000167
tunn1238,afro1255,-2.704105422921759,2.598068996382348
turk1308,nilo1247,0.4726050537678814,1.292783722458939
turk1303,turk1311,-5.404927141967683,6.484639032514886
nucl1301,turk1311,-4.160354002412724,5.880066532653598
turk1304,turk1311,-5.53546912080246,7.549369963574001
tusc1257,iroq1247,-4.399519930668926,7.738007065647995
tutu1241,aust1307,2.392843212659808,0.5060304389867376
tuva1244,aust1307,1.6439327732959883,2.52298547729846
tuwa1243,aust1307,-1.095165892666886,0.4909223363557977
tuwu1238,atla1278,1.178385965549177,0.6447154645586544
uuuu1243,aust1305,0.8199638789499142,0.8775103226419034
udii1243,nakh1245,-5.490477658746888,5.116542934636523
udih1248,tung1282,-4.896692623358075,7.22499952234536
uduk1239,koma1264,1.611718163796808,2.1915781597612707
ughe1237,aust1307,2.068669807021821,0.7493612703641102
ugon1239,sino1245,-1.6710185692525812,1.7601453622149688
ukra1253,indo1319,-4.853269039326113,4.995116639316936
ulit1238,aust1307,-0.0786145774541373,1.405490334157335
ulwa1239,misu1242,-3.8161908025173386,4.888155382393824
yaul1241,kera1258,-3.4590568148306726,3.0416968903621475
umaa1242,aust1307,0.7491400002990707,1.0078315434283844
uman1240,daga1274,-3.948315512766159,4.334058977401574
umbu1257,atla1278,1.519389806090599,2.3225470709511686
umbu1258,nucl1709,-4.069675132805438,1.329306172605282
umes1235,ural1272,-5.245593041188745,6.599134332700822
unaa1239,nucl1709,-4.171568844943852,1.715314661113469
unea1237,aust1307,2.6063380937748937,0.6661694512326122
unua1237,aust1307,2.5284389279670663,0.4302125934231888
uppe1427,aust1307,1.046377401058476,0.6897630037043285
uppe1275,toto1251,-2.861816733599272,3.4650608736232518
urak1238,aust1307,2.3289173783830144,1.524549852434946
urar1246,urar1246,-5.795653126222513,7.317328487403456
urav1235,aust1307,2.237990846022477,0.8635464047535955
urim1252,nucl1708,0.5615544825887611,0.7259274783005285
urip1239,aust1307,2.3801285602996725,0.4425084153074685
usan1239,nucl1709,-4.368959742776481,1.155857815672757
utes1238,utoa1244,-5.86445657006367,5.587432644418385
pile1238,aust1307,0.9485009287582278,1.093696166612757
veps1250,ural1272,-5.422411842724203,6.69295868555652
vera1241,aust1307,2.7517529970896115,0.8588629243331081
viem1243,atla1278,-0.0563844477390418,0.6613467384732061
viet1252,aust1305,0.9835758609372682,1.2097720323185452
voti1245,ural1272,-5.424332672740043,6.3345512564324125
vunj1238,atla1278,1.537993645901194,0.888229235830277
vure1239,aust1307,1.6076615559790186,0.8477966195504862
vwan1235,atla1278,0.4163766640330619,0.8193938115623123
wadj1254,wadj1254,-2.9896021256573984,4.208819722224349
wage1238,wage1238,-3.4136174203349867,4.639028075848851
waig1244,aust1307,1.4155074776713628,1.0862149078839725
waim1251,aust1307,-1.4537923021646018,0.7275068600489831
waim1252,aust1307,1.5309913354330211,0.8310958792353702
waim1253,cari1283,-5.594277067382715,6.877559417818189
waiw1244,cari1283,-5.666648041219743,6.922806773894257
waja1257,pama1250,-3.904897100780941,4.821423957275431
waka1274,pama1250,-4.672339489131447,4.649411278156726
wala1266,aust1307,2.4411485964459505,0.6754043874447255
walm1241,pama1250,-4.083869286268302,3.312200760767178
wamb1258,mirn1241,-4.471952204270044,5.177981219244741
wamb1257,sino1245,-6.474642084895404,2.872229039383837
wann1242,mand1469,-0.498646556344152,1.0079045549426624
wand1278,afro1255,0.8644319601445734,0.4680586937040374
wand1267,aust1307,1.01422109768406,0.8255195745931019
wanm1242,pama1250,-4.713063309507096,3.847849489410523
saka1289,aust1307,2.5050579426435657,0.6425937112696882
waor1240,waor1240,-5.780943971765748,7.438056570561492
wapi1253,araw1281,-4.8082490030278215,4.9881260407793
wara1303,wara1303,-5.564739184216252,8.26652414770513
wara1300,aust1307,-1.3054213418147451,1.0780068478562388
ward1246,yang1287,-3.721260701701081,5.148506124623466
ware1255,araw1281,-5.058801938526014,4.220964432427627
ware1253,aust1307,0.6187070578941283,0.9299372559672392
wari1268,chap1271,-0.5512003290963925,2.670926141618742
warj1242,aust1305,-1.4825907955024586,1.189998051053987
warl1254,pama1250,-4.1359031283338,3.3107588628709097
warl1256,pama1250,-3.500240940540402,3.305412374624944
warr1255,pama1250,-4.446398236381471,3.33057027304749
waru1265,pama1250,-4.401853643580883,3.204535537589765
wash1253,wash1253,-4.814592844057358,7.458409169566654
wask1241,nucl1709,-4.117826106341731,1.233387544106563
wawa1246,atla1278,1.630112697859034,0.7968316513552391
waya1269,cari1283,-5.580443715908507,7.403146446857214
wayu1241,sino1245,-6.517506888923943,2.9576553391867204
wayu1243,araw1281,-3.5740846115956084,4.859791289559374
wels1247,indo1319,0.4687847138623082,1.594245366778697
weri1253,kuni1270,-3.153777843164595,3.173105417519253
west2564,aust1307,1.9295371937020045,0.987849407393325
west2560,aust1307,0.608701192863176,0.626353980925126
west2548,aust1307,0.8376779199447721,1.083726768978993
west2615,atha1245,-5.0161679669581964,6.141293640921577
west2397,aust1305,2.7981415201236244,1.2561879280148531
west2555,aust1307,-1.0844920416915298,0.698943798774307
west2618,eski1264,-4.682395432997019,8.203209701230207
west2650,aust1307,3.3197396418680105,1.8891629209515328
west2594,nucl1709,-3.780730857919288,1.7435845845474738
west2778,utoa1244,-4.198669119640334,4.368843219523887
west2369,indo1319,-4.13909554295004,4.829009524764372
west2519,aust1307,1.7455848738140969,2.242242590026292
west2354,indo1319,-3.667111848235393,3.3414038446577283
west2644,otom1299,2.003605778976332,0.6611757104313387
west2466,atla1278,-1.1312757392724704,0.6106821959075504
west2632,kere1287,-3.3252091874181144,6.163142842046309
west2396,aust1305,2.78449498088148,1.184421734403729
west2418,sino1245,-6.6775227088851326,3.5938787319539958
west2392,ural1272,-5.557002980088956,6.784944617388507
west2763,afro1255,-1.7691467129404534,1.570420552099332
west2557,aust1307,0.56916305782494,0.9143139227323864
west2415,sino1245,-6.591290741160056,3.264695798049014
west2430,hmon1336,-0.6235916976691689,1.5009717721452809
west2599,nucl1709,-4.068556507553021,1.3991777549752076
west2600,nort2923,1.0727552085748542,0.8885290898915468
saka1291,aust1307,-0.7580143682879603,1.6370035590864536
west2516,aust1307,2.0516875983570726,0.8554322861810348
whit1269,aust1307,1.3936112623470889,0.8380694807255971
wikm1247,pama1250,-2.1268533414748703,1.8594116005681285
wiru1244,wiru1244,-2.9886039290298423,3.8892885717706696
babi1235,atha1245,-3.0102225540977336,4.508904797918354
woii1237,aust1307,1.0418897469036883,0.8608223725458259
wola1253,afro1255,-2.9229494325404803,1.4216963358482726
wola1242,gong1255,-4.307367503946901,2.4127553880575308
wole1240,aust1307,1.1523821118441964,1.6161710005198149
woli1241,aust1307,0.8621929611962589,0.9625054086978082
nucl1347,atla1278,0.083833438393718,1.1883658444926155
wood1236,algi1248,-4.791721321793235,7.151698535268423
wotu1240,aust1307,1.771312449170292,1.0062303865251057
woun1238,choc1280,-5.392145581062207,7.165062210153253
wuch1236,sino1245,-5.124482165782005,3.8408077869138593
wudi1238,sino1245,-2.873385829108289,1.2024102617766754
wusa1235,sino1245,-2.8749728239733945,1.222691747706568
wutu1241,sino1245,-4.78191534633943,3.028603862373324
wuvu1239,aust1307,0.3522903509981132,0.955083776459878
xamt1239,afro1255,-2.925777980997083,1.793673416158429
xara1244,aust1307,0.7624461157443516,0.7398722159171793
xava1240,nucl1710,-5.590638111663699,6.755559082221811
xhos1239,atla1278,-1.2844637920909827,2.0635679941301195
xish1235,sino1245,-2.3797247933301358,1.0046583465232557
xokl1240,nucl1710,-5.602673091643651,8.053672387215155
yaak1241,afro1255,0.7920758602690849,1.1390528320288578
yabe1254,aust1307,0.824231316850466,0.5571156059999236
yaey1239,japo1237,-4.844705137810368,5.015548613989865
yaga1260,nucl1709,-3.869097547478259,1.1624352504423197
yagu1244,peba1241,-5.77794882620283,7.080302053280879
yaka1272,atla1278,2.019562893915033,1.2036563364182893
yaka1277,aust1307,1.08002605863763,0.917295438854298
yakk1236,sino1245,-6.238138665390142,2.6930963473224176
yako1252,atla1278,2.2088375841967114,0.9554783250832202
yale1246,yale1246,-2.0278548546500006,3.1474902835121856
yama1264,yama1264,-5.355547844815381,9.465199759539624
yami1254,aust1307,-1.233098149339269,0.965984454590128
yami1256,pano1259,-5.731638704819337,5.734150917056175
yamp1242,sino1245,-6.37058170657255,2.873173117190212
yand1253,pama1250,-3.822409839817498,4.218150709432852
yane1238,araw1281,-4.97348070724342,3.97767831570284
yank1247,pama1250,-4.8633993919836005,4.132573583785982
yano1262,yano1268,-5.697962413200332,7.292764085158799
yano1261,yano1268,-5.755546713427413,7.076034380716633
yany1243,pama1250,-3.902689198423496,2.717299663582049
yaoo1241,atla1278,0.9631339515906632,1.303541766583303
yape1248,aust1307,0.393688307574469,1.414255761624155
yaqu1251,utoa1244,-5.806327883019302,5.180372756934123
yare1248,yare1250,-4.054260300322756,4.420178854380882
yasa1242,atla1278,1.9327459894008945,1.053361630578193
yatz1235,otom1299,1.8496958011373383,0.7321992372602892
yaum1237,nucl1709,-1.8606493716301185,0.9917330236800108
nucl1454,yawa1259,-1.2813240253083062,2.6615456313882424
yawa1261,araw1281,-4.585836006898417,4.971406868384852
yawu1244,nyul1248,-4.410501200028748,5.485064579071112
yecu1235,toto1251,-3.764885975680628,3.616709093459594
maqu1238,cari1283,-5.871150443947011,6.842692374033904
yele1255,yele1255,-2.2975645347022517,3.703542942045876
yems1235,gong1255,-4.254822786682757,2.4696809465284444
yapu1240,nucl1708,-0.3758037368701474,0.7292091359888726
yess1239,sepi1257,-3.4063738716842424,2.697644605195768
yidi1250,pama1250,-4.389550181812692,2.9916753775732694
yima1243,lowe1423,-3.092724984789576,3.898086301822145
yinc1238,aust1305,3.3206033201795906,1.1805941397341826
yind1247,pama1250,-4.91120381564363,4.040407282286423
yine1238,araw1281,-4.8774753277789,3.7835197737811344
yoga1237,aust1307,-1.1404759121040595,0.5728828137261566
yona1241,japo1237,-4.750323912563249,4.745555972141879
yong1276,taik1256,2.5862942284134487,1.664354834906549
yong1280,nucl1709,-4.3802721750882405,1.829701075318212
yora1241,pano1259,-5.760546143255009,5.78722923474229
youl1235,sino1245,-2.9854012163279324,0.9229901168191734
youn1235,hmon1336,-1.593341209668699,1.4302259799776742
yuca1254,maya1287,-0.986517269464315,1.573529850052033
yuch1247,yuch1247,-3.849958855482604,6.9640611948362325
yucu1253,araw1281,-5.076466740319628,4.010041621511523
yuec1235,sino1245,-4.713126727463126,2.2795675478060105
yulp1239,pama1250,-3.1958991909604286,3.046154978501097
yulu1243,cent2225,2.123564337333697,1.5105473982872848
yura1255,yura1255,-5.306917295010673,6.827990925442707
gami1243,pama1250,-3.723627991584392,4.619196471537815
zaba1237,aust1307,2.0224260488182004,0.8024427168404014
zaca1242,otom1299,1.999432816705827,0.7292211411555005
zaca1241,utoa1244,-3.547613816216232,2.7127791413421853
zaiw1241,sino1245,-2.4151973750919096,1.0448847081203674
zakh1243,sino1245,-3.753018534331448,1.5069981522196765
zamb1245,atla1278,2.893869587587112,1.0352525557163172
zand1248,atla1278,0.22019592370569,0.9182112790584328
zani1235,otom1299,1.9185566590856755,0.5981249514912506
zapa1253,zapa1251,-5.809050589578876,7.310130541511059
zarm1239,song1307,2.336017900397904,2.564914441672637
zays1235,gong1255,-4.091111789347966,2.3237687293031337
zeme1240,sino1245,-4.670582910999414,1.281774212593822
zenz1235,otom1299,1.9046320438003388,0.6098216089196153
zhab1238,sino1245,-3.98945067311691,2.006044206549655
nort2795,atla1278,0.3388994387927724,1.3203534417039222
zinz1238,atla1278,1.0724215304010398,1.085668249122712
zoog1238,otom1299,1.8355377910321249,0.7053055063157441
zulg1242,afro1255,1.2382692068299723,0.4280702569129069
zuni1245,zuni1245,-4.509304735869293,6.974447324961473
