Glottocode,Family_ID,GPGLMM_Latent_Mean,GPGLMM_Latent_Variance
abad1241,aust1307,-0.4789453998740119,0.475492887108671
abau1245,sepi1257,-0.5490974302055656,0.907538252253393
abee1242,atla1278,-3.5821529905841403,1.5681338456548106
abkh1244,abkh1242,2.5386542219678496,3.066898976321184
abua1245,nucl1708,-1.907205389832436,1.8336854561517617
abui1241,timo1261,-2.344346956455392,2.1718968371886422
abun1252,abun1252,-2.1473721166234325,2.9297718701512543
achi1257,aust1307,-4.828057957145823,1.8595209527869647
acha1250,araw1281,2.497640252257271,1.2883856295024705
ache1245,narr1279,-3.437357745969517,3.111294226271179
achi1256,maya1287,-4.108433736435945,1.98951265334399
achu1248,jiva1245,-0.0785688171556081,1.3383227331228609
acol1236,nilo1247,-3.734766895089612,2.5797862763520607
adan1251,timo1261,-2.240094266975538,2.16667107742456
adon1237,aust1307,-2.5798451789961523,1.0786755611599697
adze1240,aust1307,-1.7956417107702922,0.53338055748356
aeky1238,kamu1264,-1.3969587731963868,2.104392642780286
afar1241,afro1255,-0.9698107719294222,1.013870377740619
aghe1239,atla1278,-6.0512165560713616,1.6226414884869138
aghu1255,nucl1709,-0.8556698949862643,0.6452782151143763
agob1244,paho1240,-1.080541039797365,1.6745705658458148
agus1235,aust1307,-3.619667583501634,1.3178212905278874
agut1237,aust1307,-4.097274047651552,1.264348754216031
aime1238,bosa1245,-0.9955998030753992,2.10735072652066
musa1266,nucl1709,-2.716954086798707,0.4457226024271863
aito1238,taik1256,-2.961751174133472,1.9116101101603655
ayiw1239,aust1307,-4.371203033478294,1.4137953364597535
ajab1235,atla1278,-5.894529287249105,1.5141362729770416
ajas1235,kres1240,-3.734018932219274,3.733678108254266
ajie1238,aust1307,-4.255007512830172,1.4417736905718188
west2635,maya1287,-4.125085146879645,1.957719611778491
akha1245,sino1245,-0.8577086290622464,0.5659861437636602
akoo1248,atla1278,-5.628003619695859,1.6176530564635172
akun1241,tupi1275,0.1172449364930035,1.0128286001747266
alab1254,afro1255,0.0960761802766171,0.6675174959610262
alab1237,musk1252,0.7735045276900943,1.6784207009535788
alac1244,otom1299,-3.943619364244493,1.6975935106504485
alag1248,afro1255,-3.487052596855894,1.6038687370617728
alam1246,sepi1257,-0.3306241319655091,0.915231507913183
aleu1260,eski1264,0.4298365340127054,1.973847100869095
alor1247,aust1307,-2.68314738205367,1.0279890745042506
aluk1238,drav1251,1.9429906439020976,0.8705589056401601
amah1246,pano1259,0.8414705947248067,0.7485267384561949
amam1246,kuni1270,-1.7325277146746827,1.5493717189011766
amap1240,left1242,-1.45653822216274,2.3008299345813232
amar1272,aust1307,-2.6139057487385338,0.6920850845872542
amar1274,hara1260,1.304058251034753,2.398055833646016
amas1236,nyim1244,-1.6967568636168673,2.7469469020076374
ambu1247,nduu1242,1.4379918645115235,1.3116911396520026
amdo1237,sino1245,-0.3786707814797649,0.8557959518735654
amha1245,afro1255,0.7859229465172417,0.8185072822601462
amii1238,west2434,-3.199651607289392,3.1443079530122366
amis1246,aust1307,-4.125130911458236,1.199982296871327
hoaa1235,kxaa1236,-1.4804428553786293,2.863767421589113
amri1238,sino1245,0.5423470127190759,0.5139163226591164
gily1242,nivk1234,2.226110480956342,3.4433337874797822
anei1239,aust1307,-4.218818210067885,1.4108590040020204
anem1249,anem1249,-3.547301191398424,3.424466170859825
anfi1235,gong1255,-0.0367668291872844,0.8668204698955106
anga1290,anga1289,-0.0368854557452187,1.36687470810135
anga1288,sino1245,-1.0034729383399412,0.4268720182819852
ango1257,chib1249,0.0179798926473159,0.8982576660262511
anin1240,gunw1250,-1.6121362856865025,1.5465705261211662
wara1294,more1255,-0.1877888956602941,0.96700772553148
anta1255,aust1307,-4.050049126952459,2.392489039307262
anua1242,nilo1247,-3.605239513984024,2.522652230450225
anuu1241,sino1245,0.0703354751244855,0.5551315058820991
anut1237,aust1307,-4.433988045103844,1.5049933917242049
aona1235,sino1245,-1.1344803473728513,0.4253465336805142
aoua1234,taik1256,-4.036060918609863,1.958985074591432
apat1240,sino1245,-0.4894936390588285,0.4518955730288558
apin1244,nucl1710,-0.3321963976710694,1.1399846285076096
apma1240,aust1307,-4.4310819448968575,0.9738291132874606
apma1241,kera1258,-3.551215847599816,2.268813119182245
apur1254,araw1281,1.910919135375253,1.1565639919867232
arak1252,aust1307,-4.411962732227005,1.0205068882751425
aram1253,more1255,-0.2103493121478652,0.9851643504939736
arao1248,pano1259,0.9241258362371878,0.774390979565692
arap1274,algi1248,0.8639676107930043,1.2560112495643283
araw1273,tupi1275,0.3128580366858309,1.3102440160835362
arbo1245,afro1255,-2.712267707662918,0.8627591096536671
arch1244,nakh1245,4.062134498048104,1.7863772058100595
aree1239,aust1307,-0.7082074512681757,0.4762823663655169
area1240,aust1307,-4.007456147119523,1.0206633958094908
argo1244,afro1255,0.7545699373594342,0.831990479669865
arhu1242,chib1249,-0.9450516908565044,0.7953959743873877
arig1246,atla1278,-5.830521066740726,1.6184039848327991
arop1243,aust1307,-4.523412271452106,0.6392905445934423
arop1242,aust1307,-4.172478108914838,0.7725041693914987
aros1241,aust1307,-4.00167872856442,1.1105128921921397
arta1239,aust1307,-3.2480565333436,1.0101048505181796
asha1243,araw1281,2.1042258779097964,0.8460719983941809
ashe1272,araw1281,-0.0252246107557874,0.8111651290225481
assi1247,siou1252,-0.1814790019980948,1.388971718817298
asur1254,aust1305,1.714134774247576,0.8962184744857309
asut1235,atla1278,-5.289387946730842,1.9339300536662136
athp1241,sino1245,1.580333619687477,0.4989316910552013
atii1237,aust1307,-3.498393726165828,1.1884084139365507
aton1241,sino1245,1.007070184227552,0.5427566456200497
auuu1241,nucl1708,-3.959015233673812,1.928428851507913
aulu1238,aust1307,-4.389133333603146,0.94988840714013
auye1238,nucl1709,-0.7711830633660127,0.7690161797132573
avac1239,tupi1275,1.1502366331510865,1.427980980779977
avat1244,atla1278,-3.848708593461281,1.4174497158751684
katb1237,aust1307,-4.36402317824996,0.9618200272315232
avok1242,cent2225,-3.2552190778907217,1.1107834090626714
awac1239,barb1265,1.7044281399437822,2.084975800697924
awad1244,aust1307,-2.1108995486550413,0.5794338934100116
awad1243,indo1319,2.692959598948878,1.1129712717607685
awap1236,nucl1709,-0.4471010532621695,0.4800577234968068
awar1249,ramu1234,-1.565254325757834,2.387530258959645
awar1248,nucl1709,-3.0688263064530994,0.5317940460267296
awet1244,tupi1275,1.0842873578330143,1.0623384196396142
awji1241,afro1255,-3.492163906244623,2.062419601440233
axam1237,aust1307,-4.328219076468219,0.958099724744442
axiy1235,sino1245,-1.219541767326071,0.6414305274600549
ayac1239,quec1387,0.4473306794363751,1.0610855039447251
azha1235,sino1245,-0.9380170049356638,0.6620061794325123
baba1264,atla1278,-6.122460513959144,1.632628680399324
baba1266,atla1278,-5.980372281231531,1.6273934090924822
bada1257,drav1251,1.91034408162457,0.900729621005639
bafa1247,atla1278,-3.835396154822494,1.6438687924512516
bafi1243,atla1278,-6.01367363637762,1.713165733467025
bafu1246,atla1278,-6.04876466217981,1.6251876919422417
baga1273,atla1278,-5.38040502109587,1.853017119032592
baga1272,atla1278,-3.2572719107534702,1.8374447929386968
bagi1246,cent2225,-4.143026230928825,1.988027666760428
bagv1239,nakh1245,4.09712969439444,1.7735083179169535
baha1259,afro1255,-1.8197091691049636,1.493741064715083
baim1244,sino1245,-0.6916126213734248,0.7573791828360603
baka1272,atla1278,-5.907070711478704,1.9591640620372512
baka1274,cent2225,-3.252455414023768,1.170707266113217
baki1244,aust1307,-4.281526047972325,0.9648399420861358
bala1316,aust1307,-4.202411428374287,1.4460550036537103
bala1311,aust1307,-4.020297927934281,1.3493946428031671
bala1315,aust1307,-4.783618671819513,1.4465016642395474
bali1278,aust1307,-4.828521775211812,1.849181792093923
liki1240,atla1278,-5.94785911426444,1.9717950356690293
bamb1270,aust1307,-4.8372947283506935,1.589581407583216
bamb1269,mand1469,-1.3615313053916431,1.120942735986702
bamb1262,maoo1243,-0.3394063645525932,1.3854412308691986
bamu1253,atla1278,-6.085231267496496,1.665366935222548
bamw1238,atla1278,-6.053506333305431,1.952860645887898
band1344,atla1278,-6.145139088816392,1.9411906333055449
band1340,atla1278,-5.379372006165913,1.9193379725830928
bang1363,bang1363,-1.745572906408332,2.778637161660005
bang1369,sino1245,-0.1130231938242749,0.511297529924887
guar1293,araw1281,2.8221060617485625,1.0559680821455215
bani1255,araw1281,0.8268344924158768,0.9795385020713168
bann1247,aust1307,-3.0233143662409216,0.8196481130522217
bant1281,sino1245,1.5945353763056582,0.465125830762692
bara1357,sino1245,1.7377520281284724,0.58686617716738
nucl1630,koia1260,-2.747240206172737,1.0745962771930948
bare1279,afro1255,-4.215662667942641,1.5389682253907626
bara1369,aust1307,-3.788376021326876,2.384347614467288
bard1255,nyul1248,-3.9830885167888095,3.1307461825939744
bare1276,araw1281,2.801050251423357,1.0687588487918536
barg1252,nucl1709,-1.336456085843996,0.5079812784186979
bari1286,aust1307,-4.660697865481884,0.7076407597061971
baro1253,aust1307,-4.57088359208481,0.9555612978967076
basa1282,atla1278,-6.054938592112407,1.6279812004340686
basq1248,basq1248,-1.0744365396651383,2.533289100705409
bata1293,aust1307,-4.873642042007409,1.874639370165445
bata1289,aust1307,-4.916670953427509,1.819657287853906
bata1285,atla1278,-5.632019644197735,1.9264748802451803
bats1242,nakh1245,4.072450021321068,1.8380413145508865
baur1253,araw1281,-0.5290532751810211,0.8615934432153649
bauz1241,geel1240,-3.0694934269970413,3.2809405488871004
bawm1236,sino1245,-0.2963620435816656,0.4987647565294786
bayb1234,aust1307,-3.3462449943632744,1.2505112644725394
bebe1248,atla1278,-6.038208811836312,1.786481695009012
beja1238,afro1255,-2.4387340796108106,1.3103290929802371
bekw1241,atla1278,-5.85350922154505,1.6105506098670448
bela1254,indo1319,-0.3515646065376039,1.1338148354840945
nyal1254,aust1307,-4.2022666265642,1.476216826547434
beli1257,cent2225,-3.3532170724621544,1.3891773928302449
bell1243,sali1255,-3.2514958921497623,2.5080286328953103
belu1239,atla1278,-5.3778255897741785,1.7467541242413107
bemb1257,atla1278,-5.405159211733288,2.158157049242889
beng1282,atla1278,-5.623279085992476,1.95496066008708
bent1238,dogo1299,-2.1087071601649416,2.262563759845304
zagh1240,saha1256,-3.2962431318604493,3.6273993453711313
bert1248,bert1248,-2.743899538147136,3.202324576362986
bezh1248,nakh1245,4.099199866110801,1.7625937553379831
bhoj1244,indo1319,2.519608413119028,1.0106155883798555
biak1248,aust1307,-4.473264029963312,1.0305794809853372
biao1254,hmon1336,-1.7939929176338911,1.1802379734935693
biao1256,hmon1336,-1.6863778890566208,1.2205005552351462
biat1246,aust1307,-5.032508641545601,1.8304699795588144
bier1244,aust1307,-4.28741711351599,0.9633045089976386
bign1238,aust1307,-4.3829810091071,0.9795451096004112
biha1246,aust1307,-3.6270915678100337,1.5030676626099906
bila1255,atla1278,-5.276346030917596,1.7628541615608109
bilb1241,aust1307,-1.983907252010093,0.5731418188988693
bili1260,afro1255,-1.550795370924988,1.0555876064050187
bilu1245,bilu1245,1.0903355600769713,2.2626567201723904
bimi1240,nucl1709,-1.041638810556501,0.5195801686918893
bina1277,nucl1709,-0.4490460322460856,0.6025590994312777
bine1240,east2503,1.7066458305009973,1.7096728325895354
bini1246,atla1278,-5.829895722172427,1.645444951437148
gunw1252,gunw1250,-1.6625526656011416,1.329161623231391
birr1240,cent2225,-3.45530567779911,1.68715252039327
bisu1244,sino1245,-0.5443658003144396,0.5900483195690525
biwa1243,yuat1252,-1.3576804429414808,2.256341450201158
blab1237,aust1307,-3.6865099523328326,0.8984458319358746
blan1242,aust1305,-3.92815898077801,1.0896830388680885
bang1354,atla1278,-5.804463340287094,2.0911198846372683
bodo1272,atla1278,-5.803891232810293,1.923482838278328
bodo1267,aust1305,1.5004174727435498,0.9134774583301732
boka1249,sino1245,-0.6787405993473197,0.5536200692203384
bola1250,aust1307,-4.59976651667182,0.7617242868684952
bolg1251,atla1278,-6.107549329242994,1.9045947034304431
chim1302,quec1387,0.5269704691935212,0.9536919307324316
bolo1262,atla1278,-5.990999603693242,2.000057309643305
boly1239,aust1305,-3.984237786520661,1.229088538335466
bomb1262,atla1278,-6.028374799977538,1.9562873815694035
bomk1234,atla1278,-5.610128763198831,1.754666336795057
bona1250,mong1349,2.3424775422752795,1.990475728720793
bond1247,atla1278,-5.3116601382267605,2.004755921617372
bond1245,aust1305,1.2127851844444018,0.8016774398466184
bong1289,aust1307,-4.5555945591294265,1.443877855415331
bong1284,atla1278,-5.822069278220916,2.0489243143597493
bora1263,bora1262,-0.2389669113611749,2.004916456398857
bord1248,chib1249,-0.7907481291315113,0.9371040920971474
bori1243,sino1245,-0.863027474913511,0.4815460348708607
boro1277,gong1255,-0.0156927727959849,0.9613966745612011
boro1282,boro1281,1.1779514658452144,2.437455313152295
boto1242,aust1307,-3.7957735563590607,1.0800081653361104
boun1243,atla1278,-3.627653625145007,1.351966505218562
boun1245,nucl1709,-0.1528340133808785,0.4331116149394489
bouy1240,taik1256,-4.062897751868115,1.978292458656468
brah1256,drav1251,2.962135109728411,2.2201174442456697
lave1249,aust1305,-4.200764637986578,1.4271718163383396
bret1244,indo1319,-2.5102984361609515,1.5082848777643898
brib1243,chib1249,-0.9383917664492142,0.8755343399990929
bube1242,atla1278,-5.748196099705063,1.7265635918967543
bubi1250,atla1278,-5.818223461146429,2.1166682796910816
budu1248,nakh1245,3.967303039491145,1.8717349324770347
budu1265,afro1255,-4.31505897806526,1.4831517170025093
budz1238,atla1278,-5.920801454244591,1.9603618614315736
buga1247,aust1305,-4.017659493471192,1.1818593042054166
buga1250,aust1307,-2.152974234334973,0.5345559886786777
bugh1239,aust1307,-1.7325106929765912,0.8594391925263025
bugi1244,aust1307,-4.8397066201631365,1.5228364649266029
bugl1243,chib1249,-0.578232823469393,0.9660270592161586
buhu1237,aust1307,-1.0712465201153505,0.5777571844322305
bujh1238,sino1245,1.8907837080417944,0.6129253477872281
buka1257,aust1307,-4.945668584072937,1.8316365311578815
buki1249,nucl1708,-3.7722115486426895,1.894874861099756
bull1247,atla1278,-5.583423632819489,1.8587952157771843
bulo1242,aust1305,-4.037825590789309,1.5384718748230943
bulu1251,atla1278,-5.858732696699143,1.8304158946743925
bumt1240,sino1245,0.5597940488425968,0.5160005199323345
buna1276,aust1307,-1.3016663635113432,0.6173338580674734
gahr1239,sino1245,2.5101704311215127,1.2326560194515546
bund1253,indo1319,2.6767519899469585,1.3393827900064317
bura1292,afro1255,-4.4751464654664215,1.32016214429368
bure1242,afro1255,-4.40975608325631,1.398089034064668
burj1242,afro1255,-0.037636642185083,0.8631551577087011
nucl1310,sino1245,0.0622165037750841,0.5877274226953437
buru1303,aust1307,-3.0108849164697986,1.2545171559966528
buru1320,afro1255,-3.3595027735711,1.6436261668754495
buru1296,buru1296,2.830782994700766,3.700054544740365
busa1253,mand1469,-1.9055368286025256,1.6203736416585288
bush1247,atla1278,-5.5966415937645415,2.188726044132899
buwa1243,afro1255,-4.468605571215528,1.3049415466738663
bwai1242,aust1307,-1.2528194100125258,0.5038895373936567
bwat1240,aust1307,-4.252369793868491,1.467306969381295
byan1241,sino1245,2.5312495060793068,1.0072811476428996
caac1237,aust1307,-4.344453111491664,1.427840485788641
cabe1245,chib1249,-2.95731012322043,0.9099371292175826
cahu1264,utoa1244,1.72295546037787,1.340259891426416
cakf1236,afro1255,-4.281192363182868,1.453502487640705
cald1236,quec1387,0.4206763069402666,0.8738377598806908
caml1239,sino1245,1.848484318844592,0.4728397233484198
cane1242,nucl1710,-0.3485320686301058,1.2114222773112528
caom1238,taik1256,-4.011805192504552,2.078578527620082
capa1241,pano1259,0.7830034274284282,0.7096479651042262
carn1240,aust1305,-2.978885684836674,1.6779278482272533
caro1242,aust1307,-4.215122710526308,2.0993936453191813
cash1251,pano1259,0.2958891735732819,0.8055131354597984
casi1235,aust1307,-3.4097243127875485,1.029062214329694
stan1289,indo1319,-2.305779572280489,1.5161243946703165
cavi1250,pano1259,0.6730760280794205,0.814958514436257
cayu1262,cayu1262,-2.0861088169208,2.775964214031087
cemu1238,aust1307,-4.2476059688598,1.425247541269786
cent2127,eski1264,-0.7690620323263208,2.048545064487196
cent2142,ayma1253,-3.1285418887396474,2.148948867273497
cent2004,sino1245,-1.4448475047172096,0.5605316999893422
cent2292,aust1307,-3.5335967829516157,1.0339962775107194
cent2084,aust1307,-3.515842440536919,1.1035739037350265
cent2314,aust1305,-3.779416133372965,1.443772378592587
qaua1234,taik1256,-2.036957684911349,1.89223770530644
guer1241,utoa1244,-0.566225557542656,0.9531759586235822
cent2050,saha1256,-4.291377287727565,3.4995505951922805
cent1989,aust1305,-4.061657052202737,1.5145954600030382
cent2058,aust1307,-2.3938131591083907,0.9930607703452424
mala1479,aust1307,-3.587627197607,1.8024519418749327
cent2322,ural1272,3.16275450452419,2.4196539356307447
cent1992,aust1305,-3.823277926871748,1.498554308824322
cent1990,aust1305,-3.1444698648018714,1.7355156316569411
cent2140,miwo1274,-2.3217034539333774,2.543292373791308
cent2090,aust1307,-4.19926158377712,1.2864978100655344
cent2131,utoa1244,1.9616265847043983,0.9464929826910452
cent2150,chib1249,0.0372766016928015,0.8813640259029851
chac1251,pano1259,0.3115940794536375,0.7933677836982218
chad1249,afro1255,-4.027587387970315,1.6142588997230618
chak1270,sino1245,0.2724658378598956,0.5961317027541435
chak1271,atla1278,-3.651832008681092,1.320644331836081
chal1275,afro1255,-0.9976071686500034,0.9455713575904944
cham1309,nakh1245,4.095151346727364,1.7963814807409753
cham1312,aust1307,-4.275936801164791,2.035348788946127
chan1313,sino1245,-1.2623783401676052,0.4598516866959583
char1269,gong1255,1.0229642325692532,0.7131804203135035
chas1234,sino1245,-1.4795570085291434,0.5386602967995833
chec1245,nakh1245,3.952361465223132,1.9557151660672905
chek1238,aust1307,-3.729545974550456,0.8963699081837966
chen1255,drav1251,2.9236291543042707,1.2728019298721858
chep1245,sino1245,1.7315849154821934,0.5698759032673992
cher1273,iroq1247,0.698897130237072,1.921867561986092
chey1247,algi1248,0.004580171251245,1.1547788522653626
chig1238,atla1278,-5.272376771231954,1.8425265142431528
chil1280,atha1245,2.267125883338984,2.045496318983568
chim1309,chib1249,-1.2454779242602534,0.8760784474913477
chhi1245,sino1245,1.6597225682910677,0.4918643405249749
chip1261,atha1245,2.26696013454307,2.396973830314613
chip1241,algi1248,0.0062204798197733,1.3088013279174922
choc1275,sino1245,0.711863567037347,0.5083449997804577
choc1276,musk1252,0.4050302802299044,1.4286711839834716
chon1284,aust1305,-3.7689226957114617,1.4416560771268871
chot1239,sino1245,-1.262832796080029,0.4432528457780877
chra1242,aust1305,-3.752758856864725,1.6256317810852572
chuj1250,maya1287,-3.915655931062664,1.9493592283009296
chuk1273,chuk1271,0.6618772067342862,2.435719391016042
chuu1238,aust1307,-2.5611996889386432,1.7183147167289343
chuv1255,turk1311,2.159199545231524,1.9126621800732455
chuw1238,atla1278,-5.323474521194683,2.45632466303072
cici1237,atla1278,-6.118936954470426,1.709379233503875
chin1286,chin1490,1.0116486803844114,2.3627417240687656
sout2912,aust1307,-2.7117721769413365,1.2267703490968858
coat1243,otom1299,-4.3117513515579935,1.716284825341389
coca1259,tupi1275,1.5078549167250608,1.2223825759570204
coeu1236,sali1255,-1.8136923811233563,1.9017487913150597
cogu1240,chib1249,0.7573501653268545,0.8521153503204744
inga1252,quec1387,0.3719547460497565,1.0325330543594209
colu1241,sali1255,-3.806306244711938,2.0163985110007063
coma1245,utoa1244,2.4026441410512738,1.533431504960047
como1259,sali1255,-3.4336799445702244,2.357531163273671
cong1236,atla1278,-5.42615643117545,2.1259849146909087
copa1237,otom1299,-4.064508427001245,1.6297802493533773
cors1241,indo1319,-1.5287934270360743,1.2427353845389415
cosa1234,sino1245,-0.6340626514970022,0.5855702699421839
cota1241,aust1307,-3.3598313450380326,1.2850673136984625
cree1270,musk1252,0.7318759609763711,1.536967985550274
crim1257,turk1311,2.083484141513264,2.0385861257975866
crow1244,siou1252,0.4529460199221395,1.3589429220177704
cube1242,tuca1253,1.7164126687464398,1.272582264955954
culi1244,araw1282,0.4812428679931658,1.6361528445101623
curr1243,araw1281,2.8718157054652926,1.1087186504940405
cusc1236,quec1387,0.1211235759559637,1.0772728208825422
cypr1248,afro1255,-2.0283808476961216,1.4503642429600283
czec1258,indo1319,0.0508077300462629,1.072755354607474
daai1236,sino1245,-0.1768638736247636,0.5989987690733694
daas1238,afro1255,-2.8211199558038578,0.9723369756025796
dadi1250,tebe1251,1.199509829284768,2.1720616545615163
dagb1246,atla1278,-3.567412677797686,1.373010109858721
dagi1241,narr1279,-3.470430876572566,3.139233211644803
daur1238,mong1349,3.2552583807842645,2.9675842877839917
daha1245,afro1255,-3.122055213238849,1.5904885756149376
daka1243,aust1307,-4.360288668905804,0.9541164715623348
damp1237,aust1307,-4.699041145784269,1.5487681573526064
dana1252,aust1305,-4.121302720494504,1.1633459442798406
dand1238,drav1251,3.423944026340279,1.3465103452404987
dani1285,indo1319,0.9824550471542984,1.2401668794502134
dara1250,indo1319,2.267466244364911,0.9750273447963728
darm1243,sino1245,2.542691753897253,1.010115239853512
dawr1236,gong1255,1.247723784395406,0.6676082758456605
daza1242,saha1256,-3.894048577025309,3.61088728367859
defa1248,ijoi1239,0.159520914067313,2.165016513325618
dege1246,atla1278,-5.64478649650251,1.6514696062776464
dera1245,sena1264,-2.6923849814837704,2.9516635415089847
dera1248,afro1255,-2.43282241678461,1.2940057054148255
desa1247,tuca1253,1.6981363417265891,1.2034496507140569
dhao1237,aust1307,-4.688331839100652,1.326014503675018
dhim1246,sino1245,0.7423561452848721,0.5229080712545846
dhuw1249,pama1250,-2.311323707091677,1.4915867004675043
dibo1245,atla1278,-5.861588420321862,2.013475501770856
digo1243,atla1278,-5.342112116883849,2.0273688800676872
dima1251,sino1245,-0.1309450618600491,0.4515676730667515
djee1236,mani1293,-0.0638814742750666,2.0230631928212848
djeo1235,nucl1710,0.301605505631805,1.1023932673833547
dobu1241,aust1307,-1.2805111179985769,0.5558612297924483
domm1246,nucl1709,-2.228164663937551,0.4644357086484083
doma1260,indo1319,2.5038667335263005,1.520609721948337
dong1285,mong1349,2.6353322239075614,2.0422774416196474
doro1266,manu1261,1.3840126398907084,2.271815623137839
drun1238,sino1245,-0.4842481269386161,0.5670894283731052
chug1252,sino1245,0.1647403632864295,0.4967239276282855
dumb1241,aust1307,-4.255027728234667,1.5083671377579817
dumi1241,sino1245,1.7892472340212535,0.4712449470322228
dupa1235,aust1307,-3.238724141798013,1.0847435964901369
duru1236,drav1251,3.4439898489444545,1.334808885169397
dusn1237,aust1307,-4.566073289462127,0.9261754416593008
dutc1256,indo1319,-0.9135760513074668,1.1047283153051677
dyul1238,mand1469,-1.345847740515966,0.8932930251747164
dzao1238,hmon1336,-1.755781793450814,1.1835958436182556
dzon1239,sino1245,0.3634669621169175,0.5426470330859958
east2443,aust1307,-4.458447452638167,0.9932661160638112
tang1336,sino1245,-1.2769324332291312,0.4466886467525492
nucl1235,indo1319,2.1430091175009918,1.2337602564786057
sout2896,aust1307,-2.2422046167410654,1.0431636514221934
east2555,tupi1275,1.1759268410532706,1.4137021204540998
east2332,aust1305,-4.090603625234041,1.3718078290000095
east2690,afro1255,-2.1433057502269905,1.4739428431095345
east2556,otom1299,-4.0745472958555125,1.9741727375426392
east2342,sino1245,-1.1124167842039832,0.688259961061152
east2782,atla1278,-5.4756686714386085,2.288319909875358
east2328,ural1272,3.399823656026248,1.726006505416323
east2773,sino1245,1.9853132934512847,0.5144243213262412
panj1256,indo1319,2.836061105473662,1.4437816462551751
east2485,aust1307,-4.775863022797778,1.6060062513261997
fina1242,aust1307,-3.529788452199682,1.0291873411831274
east2447,aust1307,-4.279502058542365,2.0187828242173564
east2516,nucl1709,0.057087343263154,0.4587177893178484
east2440,aust1307,-3.037621950406782,1.2174700106642715
wall1257,aust1307,-2.525403549375369,1.8793323355946647
egyp1253,afro1255,-3.447412526374385,1.7617938587332596
eipo1242,nucl1709,-0.5958887635722514,0.5506145419338209
ekar1243,nucl1709,-1.0473879634922252,0.7862176307425388
elem1253,atla1278,-5.694033940163283,1.613081425107179
elna1235,utoa1244,-0.2485276883932368,0.8331021193078199
emae1237,aust1307,-4.187778253981291,1.0154413547398216
emai1241,atla1278,-5.954148244719192,1.6229952367050426
embe1260,choc1280,2.642910824261471,1.986634057237525
embe1262,choc1280,2.32527759742966,1.9853167554583784
stan1293,indo1319,-0.3803110921050577,1.2082816098194034
enuu1235,sino1245,-1.0545158550656355,0.5715890132579959
epen1239,choc1280,2.23696496254532,2.004686975461027
ersu1241,sino1245,-0.1802362900495229,0.5831131145558164
erzy1239,ural1272,3.6677822163097975,1.9421619901445355
esan1238,atla1278,-5.87530041385191,1.629563906932673
esee1248,pano1259,0.6744268956271635,0.8066519971410626
esim1238,atla1278,-6.149707645070384,1.6081413485297815
esto1258,ural1272,3.649273199221597,1.7779892131266264
eton1253,atla1278,-5.950863423276278,1.7634403668747254
even1260,tung1282,1.6453539836661897,2.3936503049310205
even1259,tung1282,1.876143500535896,2.5034968584660904
ewee1241,atla1278,-3.611583472748912,1.473779388867258
fare1241,atla1278,-3.4490150505198507,1.3701506159280807
faro1244,indo1319,-2.1060013837317357,1.8269679121900344
fasu1242,fasu1242,-0.8167403271815304,2.028295065770495
fiji1243,aust1307,-4.262861868172333,2.023101834664589
fili1244,aust1307,-3.19960386435132,1.1778291867749449
finn1318,ural1272,3.438195261816922,1.8860586188678568
foii1241,east2499,-0.754147364470528,1.994414213242216
fonn1241,atla1278,-5.896324086621654,1.5120428865633144
fore1265,ural1272,3.330793559527015,2.525534876380462
fran1266,mixe1284,1.8834341843245408,1.710534026982856
stan1290,indo1319,-1.990596481132401,1.3184907345032686
fuln1247,fuln1247,1.1821951503385268,2.6699177615217877
furr1244,fura1235,-1.8142906869954876,2.900610863889928
furu1242,cent2225,-3.662343235017505,1.9521352592509131
futu1245,aust1307,-4.219168241015392,1.3869430671719254
fuyu1242,fuyu1242,1.1598516817565083,2.1593804427166763
gaaa1244,atla1278,-3.7116055807166255,1.5461025034776608
gaan1243,afro1255,-4.480372091763256,1.3140631324251393
gaga1249,turk1311,1.6172939908671575,1.929649949269032
gale1259,nort2923,-2.692838885500105,2.069184094636422
gali1262,cari1283,1.175802785093264,1.1798637660557558
gali1258,indo1319,-2.4948701480344155,1.7113177729132003
galo1242,sino1245,-2.92844406017917,0.5295646271713634
gamo1243,gong1255,0.9914034553047312,0.6889478201174741
gand1255,atla1278,-5.1865873635316735,1.720170616071207
gang1266,sino1245,-1.0760705928136884,0.4346658660816684
gant1244,nucl1709,-0.7308972298106479,0.4317137249855758
gapa1238,aust1307,-2.7364169738818345,0.5260349640827897
boht1238,afro1255,0.2519212053691313,1.0453778014365662
gari1256,araw1281,-0.8300454511178683,1.2559296082894784
garo1247,sino1245,0.9298002149716114,0.5833390403646632
gara1269,garr1260,-2.733704047500795,3.544505208155649
gata1239,aust1305,1.4084773208465269,0.8737733888028485
gayo1244,aust1307,-4.962203979319344,1.8091799360653047
gbay1278,atla1278,-6.026902781014137,1.9493201432908416
geba1237,sino1245,-1.058393911904281,0.696058397099458
gebe1237,aust1307,-3.1010560452426947,1.1706412896524414
geda1237,aust1307,-4.073396639629123,0.5944851773978215
gela1263,aust1307,-3.812458914881604,0.917643719834868
nucl1302,kart1248,2.791480129951097,2.8528401864006945
ghad1239,afro1255,-3.557159256696595,2.1623704312584087
ghan1242,aust1307,-3.0493708521500853,0.8297974957483554
ghar1239,aust1307,-3.767527184349612,0.9272904516414942
gheg1238,indo1319,-2.059310679733158,1.241734934355132
ghom1257,afro1255,-3.655904788236554,2.205555342598495
gilb1244,aust1307,-2.2902412858392704,1.8848053481488345
gira1247,nucl1709,-0.8832972028645748,0.4406570343222951
gizr1240,east2503,1.8051121973054336,1.7263629558371276
glav1244,afro1255,-4.470456887348208,1.3136758897368583
gobu1238,atla1278,-6.018462672021704,1.928940482700467
ghod1238,nakh1245,4.08014271632094,1.81483038742362
goem1240,afro1255,-4.238197692883026,1.4407340036355558
gofa1235,gong1255,1.2245239837349882,0.6531476975326767
gogo1265,suki1244,1.1961256340359712,2.2063647038509764
gola1255,atla1278,-5.786580424989374,1.775238803693088
goon1238,buna1274,-3.5577176334006677,4.121232096656923
pare1266,aust1305,1.4278036140416728,0.8098036438812422
gras1249,koia1260,-0.4720580335212484,0.9328170975236184
guah1255,guah1252,1.4228995973842284,2.505911537473365
guat1253,guat1253,-2.0885563803673826,3.040386274732381
gube1234,atla1278,-3.4197218462227923,1.985575951497
guer1243,otom1299,-4.042005483360878,1.675663234676139
guhu1244,nucl1709,-0.4450094184409685,0.5699426409627444
guiq1238,sino1245,0.0204845854962325,0.5706399388592711
gulf1241,afro1255,-1.9904635931191992,1.2696768608074098
guma1254,aust1307,-1.421476164601707,0.567422176894647
guny1241,pama1250,-1.9576751341069956,1.90849145437722
gura1251,indo1319,-0.772700596529929,1.0759232537863292
guro1248,mand1469,-1.564067288122977,0.8816558801351322
guru1261,sino1245,1.8362262161994256,0.4948969873040552
guru1271,afro1255,-4.412703330737321,1.4028198631664788
gusi1247,atla1278,-5.307090531178265,1.7583105692899812
kwam1249,koma1264,-3.123761403039851,2.97888431405372
gyel1242,atla1278,-5.831347201171693,1.8504167863432135
haaa1252,atla1278,-5.364643956148719,1.964957689573784
hadi1240,afro1255,-0.0971982492175562,0.6834309706582156
hadz1240,hadz1240,-3.2670843926647493,3.8868495379000567
haka1240,sino1245,-0.3689556610914506,0.4939399134449465
hakk1236,sino1245,-0.8196016677615958,1.0470195733377228
halh1238,mong1349,1.4407445203631115,1.9083325415800731
hali1244,aust1307,-3.494298659793138,0.8781542013324897
halk1245,sali1255,-3.569522914534468,2.163315335911592
hame1242,sout2845,-2.5266752273399904,3.068176164196932
hang1263,nduu1242,1.461689291309708,1.3028649131773875
hani1248,sino1245,-1.0945446392567542,0.6442374332388585
hano1246,aust1307,-4.442305230187518,0.9911765473253134
haro1237,aust1307,-3.804115955611736,1.5470543033450062
haru1245,piaw1238,-1.7474028715535554,1.6577186216392912
hass1238,afro1255,-3.314301719224808,2.0920281643363365
hata1243,hata1242,-3.689975894823877,3.586885310715247
haus1257,afro1255,-4.307209674339962,1.5050087266347552
nige1253,atla1278,-6.36816545694908,1.7211304799006468
hava1248,coch1271,-2.7411666325113417,2.4621512610966665
hawa1245,aust1307,-4.119699740916705,2.4357975583388063
sabu1255,aust1307,-4.673656958864061,1.3833972543943984
hdii1240,afro1255,-4.308073533201712,1.2803842496816031
hehe1240,atla1278,-5.444071287410541,2.0080044742074383
here1253,atla1278,-5.073964460247888,2.311178306775981
hida1246,siou1252,-0.1641279174479353,1.3987157843564066
high1276,mixe1284,1.9003634215635792,1.5387498576782024
hili1240,aust1307,-3.579313557258675,1.2137750393201374
hind1269,indo1319,2.6191775894114304,1.4019976695792549
hinu1240,nakh1245,4.102147734732225,1.7947531420594354
hixk1239,cari1283,0.547623651942754,0.9969839534036486
hlai1239,taik1256,-4.092160321725842,2.346669399418069
hler1235,sino1245,-1.3564325243629902,0.5577992651641637
hooo1248,aust1305,1.0756069539753783,0.8579176982156547
hoav1238,aust1307,-3.258011248759704,0.8428588825871097
ainu1240,ainu1252,2.0435580065119785,3.373655447090424
holo1240,atla1278,-5.339759094085401,2.065978735789588
hone1235,atla1278,-6.4746900698894665,1.647718462089219
honi1244,sino1245,-1.1153725303208004,0.569988575530223
hopi1249,utoa1244,0.2747061691867314,1.060872296582872
hote1245,aust1307,-1.8316387749027525,0.4928880177496113
hozo1236,maoo1243,-0.2547043834943973,1.381278684305105
hrus1242,hrus1242,-0.6496766797459386,2.078475483520255
huuu1240,aust1305,-3.811792852915597,1.023359225349103
hual1241,quec1387,0.4901934114717337,0.9650829442985964
huam1247,jiva1245,0.2633472117600897,1.392993123728644
huar1255,utoa1244,1.8627035658555935,0.8968320608916507
huas1242,maya1287,-1.7386628418597476,2.099920377537883
huba1236,afro1255,-4.48295657332034,1.3095918636988193
huic1243,utoa1244,1.721329585283819,0.9179026012632114
hula1239,aust1307,-0.0707818721588056,0.4876956138081043
hula1244,afro1255,-1.7431643838449244,1.220935447684842
huli1244,nucl1709,-0.6811252280538476,0.5111980245974612
humb1243,song1307,-2.4339453896398475,1.9833921982425524
hung1274,ural1272,2.586278603436063,1.979292694163364
hunz1247,nakh1245,4.093937416582134,1.7592843266976708
hupd1244,nada1235,1.839480769708349,2.696009360107319
hyam1245,atla1278,-5.970144816294981,1.6583902764041296
iaai1238,aust1307,-4.210977269330463,1.3607907082435835
iatm1242,nduu1242,1.5849036471375828,1.3279629177096195
ibal1244,aust1307,-3.519553882739821,1.02062528819652
iban1264,aust1307,-4.980953242908663,1.7519089052190564
iban1267,aust1307,-3.5200584385828453,1.0583249099267826
ibat1238,aust1307,-3.5797319225873885,1.1850770467304548
ibib1240,atla1278,-5.756914012299356,1.6011827277280206
icel1247,indo1319,-2.017247245127322,1.9629188873676655
idaa1241,aust1307,-4.5470705929665645,1.425557771279994
idii1243,paho1240,-1.2089548498543763,1.6724167408525847
idom1241,atla1278,-6.004169516371743,1.6169057928818749
idum1241,sino1245,-0.4314484866529851,0.6296674429239397
idun1242,aust1307,-1.1703815351606008,0.5112635299499315
nucl1417,atla1278,-5.637249378723083,1.6192070510339691
ikkk1242,kuli1252,-3.097161927884149,3.1080723653476667
ilaa1246,atla1278,-5.330177287278959,2.183987482838612
iliu1237,aust1307,-2.7929289247274363,1.0709939928571526
ilok1237,aust1307,-3.4750428121871426,1.00665360953953
imba1240,quec1387,0.6395545092013776,0.9556004629173538
imon1245,bord1247,-2.918514729402306,3.070562000784519
ingr1248,ural1272,3.3928275998860524,1.7089965420995623
ingu1240,nakh1245,3.9638491917774497,1.9448337091526515
iqui1243,zapa1251,0.5701333431488369,1.5277917715945133
iran1262,aust1307,-4.65024618273209,1.4714325461455608
iraq1241,afro1255,-3.42957000388531,1.5853143605600737
irar1238,aust1307,-2.654203832405444,0.9408428647714472
iris1253,indo1319,-2.383322264049132,1.6708395219020415
irul1243,drav1251,2.266594881350626,1.22816004418564
kris1246,skoo1245,-3.009616940217396,3.1349628098443487
isco1239,pano1259,0.3181213352219204,0.7034157646312771
isin1239,aust1307,-3.5127959186619844,1.0035247208631093
isir1237,kwer1242,-1.7874898892315068,2.0708590813473915
isna1241,aust1307,-3.689767198742953,1.11787244371778
isth1240,utoa1244,-1.1635592774975774,0.9301068092533216
isth1242,utoa1244,-1.1665622514625893,0.9328323879456422
ital1282,indo1319,-0.8529364848371537,1.119010838047859
iton1250,iton1250,-0.8714683577791206,2.140120667477853
itza1241,maya1287,-3.9198592690712015,2.114806450174561
iwal1237,aust1307,-1.8022781663027083,0.4984742196221257
iyoo1238,nucl1709,-3.0002324925342974,0.5159794627197618
jahh1242,aust1305,-3.84106988177502,1.7283333502727247
jalk1242,mand1469,-1.076555098777946,0.8922826610705767
jamb1236,aust1307,-4.842514645447312,2.0243011304761405
djam1255,mirn1241,-3.2835805850882576,2.9417941872816407
jams1239,dogo1299,-1.9952185555136817,2.2343203294411382
nucl1643,japo1237,2.7827153688008326,2.895255807672603
japh1234,sino1245,-0.5648779795219427,0.5835736244737424
jaqa1244,ayma1253,-1.0701550751154565,1.8877799445669288
jara1266,aust1307,-3.940121040484676,1.496172491414229
java1254,aust1307,-4.888881230934951,2.021658928301424
jede1239,aust1305,-3.810695025109903,1.6406735692500645
jeha1242,aust1305,-3.826194946152145,1.632213534253025
jeru1240,sino1245,1.939596164102706,0.5055868506924179
jina1244,afro1255,-4.410807457612247,1.3725903402963562
djin1251,mirn1241,-3.231725823042388,2.895907585939152
jjuu1238,atla1278,-6.080041887334968,1.6731706767771355
juan1238,aust1305,1.5637755557813482,0.8879712942786311
juku1254,atla1278,-6.263001115241667,1.6186427347721457
jurm1239,cent2225,-3.3279012797775853,1.3375494227254316
kaba1281,cent2225,-3.906908878016917,1.995929464871088
kaba1278,abkh1242,2.8294131116528587,3.035795348590402
kado1242,sino1245,-0.474598762995388,0.5633751813489374
kafa1242,gong1255,0.9511336163990314,0.7572857486539295
kaga1256,aust1307,-2.0757157902935885,1.2118200956337928
kagu1239,atla1278,-5.315882830201572,1.982030199796972
kaik1246,sino1245,2.1040040609694115,0.766551375254477
kair1263,aust1307,-4.227211191968289,0.7852932270883688
kaki1249,kaki1249,1.2442899887922994,2.2011485254067686
kala1399,eski1264,-2.55704249682206,3.029533658175492
kala1377,pama1250,-2.578761275983912,1.5473414430082777
kali1308,sali1255,-3.868222604217866,2.2779572970090527
kamm1249,atla1278,-6.297606690872031,1.6268663464143422
kama1367,nucl1708,-1.9575850397573495,1.8524964768243335
kamb1316,afro1255,-2.0263178432734543,0.662088281313765
kamb1297,atla1278,-5.1522957928776165,1.8812116483861483
kamb1299,aust1307,-4.762762495092558,1.5097981031675145
kamo1255,nucl1709,-3.085166759310006,0.8708040429883708
kamu1260,kamu1264,-2.802888235826034,2.272909732092164
kana1286,aust1307,-4.101995020881089,1.189644623350607
kani1286,nucl1709,-0.4346850001807799,0.4527855353761891
kank1243,aust1307,-3.66021302559882,1.0247119155786466
nucl1305,drav1251,2.519574806246955,1.096502102381442
bidy1244,atla1278,-5.47635592224908,1.956268621944144
kaqc1270,maya1287,-2.126654876827767,1.9250336555261456
kara1482,cent2225,-3.583492415926432,1.876668478970219
kara1500,nucl1710,-0.9214485720514752,1.0678103959712084
kara1487,aust1307,-3.560553929393389,1.0125538377281007
kara1486,aust1307,-4.74892388574291,1.0303509460880198
kare1338,atla1278,-6.27011833911551,1.8006045057241562
kare1335,ural1272,3.2213583291708527,1.859109812132876
kari1311,tupi1275,0.2925016054935231,1.084724859997185
kark1258,pauw1244,-0.5088700039162344,1.9448817570840344
karn1252,aust1307,-4.580360017991964,0.6454744400348478
karo1304,karo1304,1.1308956934077323,2.486344629130373
kash1277,indo1319,2.6244776209278813,1.4476191507244671
kask1239,atha1245,2.622032607629075,2.3733183443705186
newa1246,sino1245,1.8981341830021528,0.5538379161085016
kats1235,sino1245,-1.325992665089763,0.5911790283786846
kana1291,katu1274,0.243464030439696,2.0484205626245418
kaya1315,sino1245,-1.1237387090595554,0.6877591840690434
kaya1319,tang1340,-2.8813137225798813,3.10975610082176
keap1239,aust1307,-0.0823126293854999,0.5013988906077573
kera1248,atla1278,-5.377731621819393,1.946554563519162
keig1242,kadu1256,-3.43652340963414,3.725631802198064
kele1255,atla1278,-5.698039562347928,1.9737150399073904
kele1258,aust1307,-4.798657362603798,1.075606802593784
keng1240,cent2225,-3.8745936866836086,2.016545149349981
kens1248,aust1305,-3.8795363216358094,1.625424226761793
kenu1236,nubi1251,1.115590333240374,2.1384694219679967
keoo1238,aust1307,-4.799383029918762,1.346823694478501
kera1255,afro1255,-4.434303931751854,1.393075761680742
keri1250,aust1307,-4.858354142282049,2.007454984187716
kesa1244,nucl1709,-0.4664255194316348,0.4448013151504986
kett1243,yeni1252,1.9577684274538,3.3182457826845493
kgal1244,atla1278,-5.184436031762093,2.3254208004372154
khak1248,turk1311,4.222566646286368,2.69005829688866
khal1275,sino1245,1.3765526392930156,0.4719852797905872
kham1282,sino1245,-0.1969037314438608,0.938640259276462
khan1278,atla1278,-5.687455240665527,1.6041886777080236
khar1287,aust1305,0.0679576149090914,0.8219940057857693
khas1269,aust1305,-2.8724873553272983,0.9900866180159822
khez1235,sino1245,-1.2080112166961738,0.4254282704975134
khin1240,nakh1245,3.8640420188594353,1.8239535871325696
khmu1256,aust1305,-3.7908912064400586,1.0882813875572177
guan1266,sino1245,0.1282159017069108,0.5380535035956466
khum1248,sino1245,-0.1829408242083179,0.4916447024964911
khva1239,nakh1245,4.101888723017194,1.768597611269252
kich1262,maya1287,-4.159214056862691,1.971653171415808
kiku1240,atla1278,-5.123727188241945,1.7873474283765178
kile1243,tung1282,4.06569602534947,2.391660124065324
kima1244,aust1307,-4.69405152194814,1.4315411913758274
kimm1245,hmon1336,-1.4923874517752551,1.2528747849872426
kinn1249,sino1245,2.562652276084303,1.194712714594698
kiow1266,kiow1265,0.4052062782413723,2.176877922943545
kips1239,nilo1247,-3.5039321548282203,2.597843071856957
kelo1247,timo1261,-2.338094178082398,2.1723881295796725
miju1243,sino1245,-0.7395829672333329,0.561311180158282
kobo1249,nucl1709,-2.735064558752391,0.4674787211214708
koho1244,aust1305,-3.934670638474543,1.610286116216197
koir1240,sino1245,-1.2740507202694324,0.4161394306404649
koit1244,koia1260,-0.648978539783747,1.0008370453822462
koko1269,aust1307,-3.6382916255319504,0.8926119667714287
kola1285,aust1307,-2.097953127408664,1.0135183703664472
kolb1240,atla1278,-6.3686672181416375,1.6851642308715702
kolc1235,atla1278,-5.900036585009369,1.8419539074854905
kolp1236,kolp1236,-3.315862445320428,3.416494384312415
kolu1245,aust1307,-1.314473755453064,0.525863652087045
komb1274,nucl1709,-0.8016104066700672,0.5856236511845276
komc1235,atla1278,-6.010801879656608,1.6236653727500316
komi1270,sino1245,-3.3341799771722425,0.4924568567695422
komi1269,ural1272,3.0504916804048245,2.132936958129328
komi1268,ural1272,3.0654372966619983,2.2533067227298966
kona1242,east2433,-1.2322854374409156,2.2001702320294747
konk1267,indo1319,2.0682607473718613,1.4771904504592293
kons1243,afro1255,-2.286129439135105,0.795785551208696
koon1245,atla1278,-5.870587998207419,1.8930687110900013
kora1294,nucl1709,-0.2825037875900336,0.6536917216254494
kore1280,kore1284,1.8339975877254655,3.1674674867531927
kork1243,aust1305,0.8221651259642782,1.2009797294344304
koro1298,atla1278,-3.428876430843249,1.4054663061078836
koro1312,nucl1709,-0.5673132206386895,0.5583733828048469
korr1238,drav1251,2.262650924901047,1.09726476825809
kosa1249,nucl1709,-0.8993880312174531,0.5847389827043994
kosr1238,aust1307,-4.3089144650051,1.9977372011600265
kota1263,drav1251,1.8337873703074528,0.8788398196995928
koti1238,atla1278,-5.293048591057019,2.4760930882261034
guan1269,tuca1253,1.5022374907603988,1.221111109768878
kove1237,aust1307,-2.5976803411775,0.7225353194489781
koya1251,drav1251,3.2753106971597847,1.3338270418749625
koyr1242,song1307,-2.483669221243232,2.1864854962464317
koyr1240,song1307,-2.3939970098774417,2.128432793803766
koys1242,afro1255,-1.0135891265499053,0.9204405859026652
kren1239,nucl1710,0.0758961677421337,1.2240023160857767
gbay1288,kres1240,-3.761393848538999,3.747596450234878
kryt1240,nakh1245,3.9831345951892345,1.842604761934344
puoc1238,aust1305,-4.024347698922393,1.1900493998514898
kuan1248,aust1307,-4.515268951110226,0.8612374595400523
kuii1252,drav1251,3.410873232670067,1.3651469149726454
kuik1246,cari1283,0.365386787011034,1.2262104698687477
kuku1280,pama1250,-2.9743739428083216,1.543676328429024
kuku1273,pama1250,-3.0608132516740287,1.7391611466954655
kulo1237,aust1307,-2.196080947683055,1.1335727132149858
fait1240,nucl1709,-2.6397322622778896,0.4505692440482471
kulu1253,sino1245,1.204221309239466,0.4696674722611202
kuma1280,nucl1709,-1.9739741598147271,0.4522007886360351
kumb1268,pama1250,-2.067751941189852,2.108118543323437
kumz1235,indo1319,-1.3105468658779278,1.5217802032755925
kuna1268,kuna1268,-2.077364826071733,2.947200262621785
kunb1251,gunw1250,-1.5525256903387192,1.3370387014448912
kuni1267,kuni1270,-1.4221901337278713,1.5477453211420291
kunj1245,pama1250,-3.2463635388436654,1.7085836931489498
kuot1243,kuot1243,-3.459043178414265,3.61700275671382
kurr1243,pama1250,-4.491192720426058,2.2032187048121603
kurt1248,sino1245,0.7015292421498209,0.5093477055696516
kusa1251,aust1307,-3.206839885895332,0.8413476501640371
kusu1250,kusu1250,2.9441785878214977,3.3935526486477645
kute1248,atla1278,-6.080589108862329,1.6081823224138017
kuvi1243,drav1251,3.2604006960885275,1.3630562042777197
kuyy1240,aust1305,-4.031234872774442,1.4018059046906055
kwai1243,aust1307,-3.9420952538946863,0.9997998439333592
kwam1252,aust1307,-4.203835266248399,1.3126535453387271
kwar1239,aust1307,-3.9214358679698607,0.9808597843561984
kwaz1243,kwaz1243,-1.0588824985700094,2.284631234289373
kweg1241,surm1244,-2.9456989499996604,2.429241220053215
nucl1595,kwer1242,-1.8010173445217497,2.058881594981882
kwin1241,worr1236,-3.551090933436524,3.662634614764056
kwom1262,sepi1257,-0.664900132741926,0.8460442936805626
nucl1593,kwom1263,-1.3122502256026751,2.236276223251652
kxoe1243,khoe1240,0.2376741645888948,1.5052206985141865
kyer1238,sino1245,1.5331027979092855,0.5462741906395099
cori1240,atla1278,-5.977755791482105,1.6575672353122073
laal1242,laal1242,-3.8893565460519928,4.077682275152963
labe1239,aust1307,-4.333197346018883,0.8807973300456391
labu1248,aust1307,-1.9876320226318855,0.5142085542327175
labu1249,aust1307,-2.598218198186212,1.3975849473566146
lach1248,taik1256,-3.93571672070685,1.976760150381108
lagw1237,afro1255,-4.426003226249289,1.380752001631591
zaye1235,sino1245,-1.119839157973039,0.6619588887837633
lahu1253,sino1245,-0.9060371615483128,0.5395856631285341
lahu1252,sino1245,-0.9616608455216112,0.5407334904159136
lakk1252,nakh1245,4.008299039288787,1.7727314541590244
lala1268,aust1307,-0.7901137903612054,0.5099108326045938
lama1277,aust1307,-2.6062722237147504,1.116955676944574
lama1288,afro1255,-4.304797117806762,1.2834133715721956
lamb1269,indo1319,2.155349214691287,1.3884178315918012
lamb1272,atla1278,-5.356904915394734,2.070719923543093
lame1260,aust1307,-2.265566131017456,0.9392661267373574
hela1238,sino1245,1.678531017497137,0.5199407003323797
lamk1238,sino1245,-1.2187820667185774,0.4640878483426949
lamo1244,aust1307,-2.5535221718536043,0.6826136929171485
land1256,atla1278,-5.155869289667315,1.8344293908198832
laoo1244,taik1256,-4.037288924872688,2.210094488891511
lara1258,lara1258,-0.5686604984636232,2.0846693460163204
lard1243,tang1340,-2.6617190086293347,3.0656388145153617
lash1243,sino1245,-1.4735658081222889,0.5431275085040159
teke1275,atla1278,-5.560749272661353,2.1409728216412263
latv1249,indo1319,1.5629931052789,1.271228242025499
lauu1247,aust1307,-3.924934741050259,1.0008107932668135
lave1248,aust1305,-4.120062716887136,1.4009105551643577
lavu1241,lavu1241,-1.148917195318314,2.311011891509329
lazz1240,kart1248,2.4646689919318385,2.9142544867421667
lega1250,atla1278,-5.419469566686969,2.011099263120704
lele1276,afro1255,-4.364771887815767,1.4675230627282767
lele1267,aust1307,-3.855327058607388,1.0671490699903057
lele1270,aust1307,-4.638171680787913,1.085218048354359
lemb1266,nucl1709,-0.8028730754020571,0.4793755472967582
leme1238,aust1307,-4.471736332533447,1.1676748732342643
bela1260,aust1307,-4.838309329865912,1.578364448524865
lena1238,aust1307,-4.1953203418191904,1.289162912759866
lend1245,cent2225,-0.5030269684230824,0.8772975922801836
leng1259,aust1307,-3.869039756571035,0.9657408959149318
lepc1244,sino1245,0.581102792572735,0.5139758886331238
lese1243,cent2225,-2.932365532937686,1.0904274944114745
leti1246,aust1307,-4.7849082151383895,1.1174279784981591
lewo1242,aust1307,-2.247065108802768,0.9470413683898372
lewo1244,aust1307,-4.640760718159103,1.1502276516597325
lezg1247,nakh1245,3.9519309614064255,1.758687945226348
lian1251,sino1245,-0.8858868589847138,0.4234499580156345
libi1244,atla1278,-6.061265344440821,1.957820817867951
liby1240,afro1255,-3.6896861879009615,2.0148190022179144
lihi1237,aust1307,-4.535576252514742,1.0070902537542734
liji1238,atla1278,-6.037828983504871,1.6252888224502031
lika1243,atla1278,-5.496807203296043,1.816002663483236
lill1248,sali1255,-3.556757582490155,2.224851621231593
nucl1327,limi1242,-2.637091964625352,3.201497836000711
lipo1242,sino1245,-1.3726261709845495,0.5602517633223707
lish1245,afro1255,-0.9233824506600312,0.8726382387557541
lisu1250,sino1245,-1.2946571455201603,0.540611405539086
lith1251,indo1319,1.5428282481146816,1.1948132756655498
lito1235,atla1278,-6.023524410536183,1.94821483292053
livv1243,ural1272,3.3425435164652755,1.7287162285970012
loba1239,atla1278,-6.022333635965848,1.963899586233242
logo1259,cent2225,-1.173555154615871,0.9568920944971842
balo1261,atla1278,-5.926336320519749,2.004201375383234
loka1252,atla1278,-5.707803783249494,1.6073180561210334
araw1276,araw1281,2.673601640035646,1.5018021075085617
lolo1259,sino1245,-1.4048019572218555,0.55011706874964
lomb1257,indo1319,-0.844654428707974,1.0859896856255915
chiq1248,chiq1253,-2.0692086493968453,2.9376593110126112
acha1249,sino1245,-1.3341184703959683,0.6053549851380566
long1395,aust1307,-3.898955976478764,1.0030825332662152
loni1238,aust1307,-4.80965628894079,1.0904267874071598
lote1237,aust1307,-2.377059361812493,0.7527816185467131
loth1237,sino1245,-1.061484576600196,0.4312404758392114
lotu1250,aust1307,-4.76494618138687,1.4743833620327482
louu1245,aust1307,-4.799451623135463,1.0489171517936429
vano1237,aust1307,-4.42139578230172,1.3372430963948068
lowl1260,tequ1244,-2.8159562483956044,3.416611879768873
lowl1265,utoa1244,1.9168794522743775,0.904369856317616
lozi1239,atla1278,-5.375507479484939,2.1133914224967727
luan1263,aust1307,-2.7205000706989613,1.1202822732591438
onto1237,aust1307,-3.7644606974369816,1.1924546118564727
luch1239,atla1278,-5.082041268726904,2.1764936459034114
ludi1246,ural1272,2.836135891048359,1.6322013916060252
lugb1240,cent2225,-2.96582205754375,1.0001964623143111
lugu1238,atla1278,-5.386277910828721,2.034629274121135
lule1254,ural1272,3.3892371318442294,2.0277046550412074
lumb1249,atla1278,-5.630776625558168,2.259708753778561
lumu1239,narr1279,-3.5948547938545654,3.1444342190292787
lund1266,atla1278,-5.32034540192615,2.207955496996538
lund1271,aust1307,-4.810651901220444,1.569877310807378
luok1236,nilo1247,-3.6770356193410754,2.6635649779439463
luse1252,atla1278,-5.81765846944583,2.0349040636592397
lusi1240,aust1307,-4.670778166719453,0.7082697084785332
luva1239,atla1278,-5.106959668984983,2.1911601825680824
luya1241,atla1278,-5.133424366537323,2.134806756503343
maan1238,aust1307,-4.854721313895523,1.7887494674466766
maas1239,atla1278,-5.474553155923962,1.2580578678653316
maba1270,atla1278,-5.946778875046517,1.950834368830308
maba1277,maba1274,-3.6847045235054905,3.8156682269887376
mace1250,indo1319,-2.06989153865261,1.2586457562351017
mach1267,araw1281,1.8739084276900453,0.8843033676168535
maco1239,sali1297,-0.4333861612886616,2.0749836942777664
macu1260,tuca1253,-0.0603785270976331,1.181948551068488
mada1285,aust1307,-4.6951253471032,0.9602543341403632
madi1260,cent2225,-1.1122740770805573,1.0505004941890626
jama1261,araw1282,-0.0876242356422105,1.640047765552448
madn1237,east2374,-3.0621453789929847,3.4488342681097346
nucl1460,aust1307,-4.82306172781724,1.916554022821188
maga1260,indo1319,2.6571352591061577,1.0850089124983286
maia1254,nucl1709,-1.343243939982522,0.5131729397050142
mail1248,mail1249,1.205608452088269,2.2303328162388008
nucl1594,mair1253,-1.6919881330458817,2.5988175894736782
mais1250,aust1307,-1.0242616895797525,0.4893765294275214
mait1250,indo1319,2.2914048757883965,0.9580314524970132
maja1242,surm1244,-3.1933333021610943,2.4619413524778397
maka1304,atla1278,-5.946025337207525,1.8250994289658689
maka1311,aust1307,-4.830514193820843,1.506657998765741
makh1264,atla1278,-5.375462023165843,2.397443504503593
makh1266,atla1278,-5.3706446481729655,2.375123205193533
mako1251,atla1278,-5.212543547269172,2.282297779729457
makw1236,atla1278,-5.196928293494654,2.2879806852984794
mala1463,drav1251,1.143988726029557,1.101010941408771
mala1534,aust1307,-3.583228642583812,1.080621172993145
mala1464,drav1251,1.4911552413665117,1.035104274540509
mala1522,chib1249,1.0957936607611656,0.8241651523441238
male1284,gong1255,0.7884796228072029,0.7132833795421512
male1297,chib1249,-0.617803166532418,0.9181880319914164
male1289,aust1307,-2.588621189916532,0.6809483280569273
malg1251,afro1255,-4.435937850635886,1.3580272608551534
mali1284,bain1263,-1.6826196896525392,2.5812977115032654
mali1285,otom1299,-3.933592268567236,1.706808214357021
malt1254,afro1255,-2.132682161612581,1.808004332587385
malu1245,aust1307,-4.404710400409168,0.978015959914603
mamm1241,maya1287,-4.156688814341428,1.986293390689795
sauk1252,nucl1709,-1.2251399921148196,0.5297083736413466
mama1275,aust1307,-3.66036233624308,1.3159661591326204
mamb1306,aust1307,-2.729670873731935,1.0853810544399094
mamb1294,atla1278,-6.215602536606676,1.6749466077017408
mamb1296,atla1278,-5.425315574884678,2.0981878297954
mamv1243,cent2225,-1.1419944812840033,0.99295543220601
mana1295,aust1307,-4.323587644421775,0.7025890943621134
mana1298,nduu1242,1.5876534622189238,1.291964651618419
mana1288,sino1245,1.702329113574252,0.6704991366592141
payn1244,nucl1709,-0.7465489411409075,0.4481200803356939
mand1440,aust1307,-4.64362324835939,1.0402383487585647
mand1415,sino1245,-0.1332683314426264,1.4002063902408055
mand1436,mand1469,-1.2803091832164757,1.4540357443447889
mang1378,aust1305,-3.857389742614008,1.060563013278089
rapa1245,aust1307,-4.171498316938606,2.366410296945636
mang1401,aust1307,-4.133706021362464,2.3968221236913814
mang1381,mang1423,-2.8214361976151388,2.868492398335267
mang1394,cent2225,-3.319370642677121,1.38375425684678
mang1404,aust1307,-1.7589314942927,0.5053018849368565
mang1405,aust1307,-4.672744088431369,1.4332619829930522
mang1403,aust1307,-2.4365771333229422,0.7359313550434852
tong1308,aust1305,-3.793061378538412,1.6160562393383635
mann1248,mand1469,-1.6455165680126989,1.0812090882177152
maon1241,taik1256,-4.069405936557209,2.0558578478177214
maor1246,aust1307,-4.124027008352478,2.370580207020798
mapo1242,aust1307,-3.901016266951984,0.5236051729360875
mapu1245,arau1255,1.3030264715308353,2.780039020300872
mara1382,sino1245,-0.3600206085792941,0.4913709520224882
mara1399,aust1307,-4.388410494810109,0.9711174457163372
mara1379,sino1245,-1.317190938367026,0.4102119747883206
mara1386,west2434,-3.1337874313412803,3.1444715681375524
mara1378,indo1319,2.399985785297988,1.3637656674365255
marg1265,afro1255,-4.407316209506904,1.300453847789588
mari1414,drav1251,3.318928399515842,1.444931875510946
mari1440,coch1271,-0.8930304284921999,2.0864970113614403
mari1428,aust1307,-1.8436576792071693,0.5646224715505559
nucl1622,anim1240,-1.0530555585933494,2.2252464501258227
mara1385,mang1423,-2.535633792726033,2.852357250865851
mars1254,aust1307,-4.279298140143326,2.183108309860373
mart1255,pama1250,-4.136858867550239,2.2778695923096195
maru1249,sino1245,-1.256454011311937,0.5648098248027891
maru1252,pano1259,0.646778288394366,0.723733161398596
masa1322,afro1255,-4.409274936873082,1.407596992030708
masb1238,aust1307,-3.2581196890783715,1.1902103378395037
mask1242,aust1307,-4.318866029444049,0.9553368199627236
matb1237,aust1307,-3.141897049791206,1.12256660103417
kemb1249,aust1307,-4.960835099599182,1.841644969898104
mati1250,aust1307,-3.655323756447064,1.2912639984780396
mato1252,aust1307,-2.270190770188595,0.5596313473476
mats1244,pano1259,0.5997952545283919,0.8012283361542059
matu1261,aust1307,-4.227654056997593,0.6149383362724512
maun1240,iwai1246,-2.3275901106598864,3.0443840212757287
maxa1247,nucl1710,0.4451856976614188,1.217982718434821
maya1285,misu1242,-0.6438121716523051,1.2440919410610505
maib1239,mayb1237,-2.0664967905413665,2.8427808770950103
mayo1264,utoa1244,1.3196090599298833,0.9576196285409084
mayo1261,atla1278,-5.678760987297774,1.8040473650742093
maza1304,afro1255,-4.479002058043106,1.3185295527560212
mbaa1245,atla1278,-3.670671838348437,1.9113176545368329
mban1263,atla1278,-6.059035612623864,1.9384091259461576
mbar1260,afro1255,-4.457421280474639,1.39864165650686
mbay1241,cent2225,-3.955820998189056,1.9752443624567853
mboc1235,atla1278,-3.624973832528291,1.6138772073708374
mbol1247,atla1278,-5.65719170496749,2.01528356371546
mbug1242,atla1278,-5.324963600279439,1.836771585191567
mbul1263,aust1307,-4.577398850131609,0.676175843530098
mbya1239,tupi1275,0.957282376437141,1.486478174444339
meen1242,surm1244,-2.8967139194087848,2.393141617798549
mehe1243,sepi1257,-2.81317336179189,0.923442135981424
meke1243,aust1307,-0.8803341499861983,0.4853454407712156
melp1238,nucl1709,-0.4590687515824456,0.4345720903224883
mend1268,sepi1257,-2.834923154248614,0.9460991129223766
mend1266,mand1469,-1.6106482535255275,1.1654414601650762
meng1267,aust1307,-4.462570046831717,0.7882317039619604
meny1245,anga1289,-0.1041003474858001,1.3677651174707588
mere1242,aust1307,-4.4995035284951,1.0387955781626437
meri1244,east2503,1.961187967401676,1.823799364636025
meta1238,atla1278,-5.916973581479264,1.617365548464483
meya1236,east1459,-2.26526982109072,2.3943460960882854
mezo1235,otom1299,-4.114293840103878,1.672909542456468
mezq1235,otom1299,-3.8623869980756216,1.9795397222792608
mian1256,nucl1709,-1.1138280357446804,0.5135870182096847
midd1327,aust1307,-3.673367835618805,0.5348652719303422
mido1240,nubi1251,0.8795323477997661,1.9690791593988437
mids1243,atla1278,-6.085739737562845,1.9440362339332664
mikm1235,algi1248,0.9936292315806758,1.843552296594888
mila1245,sino1245,-0.8848844596556118,0.5419752823903936
mina1276,afro1255,-4.482949004101421,1.3118654835935022
mina1268,aust1307,-4.866325863080439,1.9732613078034031
mini1256,huit1251,0.5366413142081559,1.8199944726230373
mini1251,aust1307,-2.502563907992355,0.8415332886825411
minn1241,sino1245,-2.408159264026501,1.2218292394822765
misi1243,aust1307,-3.2895073799271906,0.9009565876839972
misk1235,misu1242,-0.1506273573277386,1.3440663575039364
miya1266,afro1255,-4.344752071758437,1.4541960548519652
miya1259,japo1237,2.493494433175164,2.1360088020615096
lush1249,sino1245,-0.3328108486881653,0.4901577020601175
mlab1235,aust1305,-1.9316345003966675,1.123842014606616
moba1244,atla1278,-5.637154220264716,1.450470667426888
moch1257,maya1287,-4.109067751626011,1.991638475575596
moco1246,guai1249,-2.333311971822814,2.920363098541828
mode1248,indo1319,-2.108650500599916,1.4957645855739914
hebr1245,afro1255,-2.2380922643525576,1.3854229837123286
moii1235,west1493,-2.189562996853196,2.9734023134730325
moke1242,aust1307,-3.426560623331972,1.478944992103731
moki1238,aust1307,-4.409562506457421,1.9513067450691637
mokl1243,aust1307,-1.4689071520364885,1.4166963178864842
mokp1239,atla1278,-5.879186669710715,1.663197367786868
moks1248,ural1272,3.5151495395002845,1.9768325972900576
fass1245,baib1250,-3.0282799840300485,3.134967407151488
mong1338,atla1278,-5.775692237882726,2.093471745964127
mono1273,aust1307,-0.7517031956242202,0.7655473095801426
mono1270,atla1278,-6.126985871081944,1.9289900375774591
mono1275,utoa1244,1.821266140575888,1.247506542995187
nucl1458,monu1249,-3.0335124341927826,3.1022756065162334
monz1249,atla1278,-6.124557413818378,1.938306049992383
mopa1243,maya1287,-3.912911491751956,2.1141097706026803
mori1268,aust1307,-4.84776823893557,1.4847202595111222
morm1235,aust1307,-3.742965644015224,0.8882954069170852
moro1285,heib1242,-3.697297903417287,3.239399421571088
mort1237,aust1307,-4.553908983533,1.7804813237631674
mose1249,mose1249,-0.5798086164437318,2.0802063131487154
temb1272,atla1278,-5.92940671191818,1.9603483198397536
motu1246,aust1307,-0.1829717712638865,0.4848736024016054
mouk1239,aust1307,-2.5988664845747724,0.683705834243292
moun1252,koia1260,-0.7008590148471809,0.9786573665806362
movi1243,movi1243,-2.0851148678443563,2.7881135089543827
tang1347,aust1307,-4.416922654109955,1.02294853480352
mpad1242,afro1255,-4.460910573713346,1.4321120754748558
mpii1239,sino1245,-2.981510058136486,0.9210175848020556
mpot1240,atla1278,-5.415094194873363,2.1673058390545155
mpur1239,mpur1239,-2.0924672256715464,2.8644971458619106
mual1241,aust1307,-5.004087315709603,1.832759030604041
mudu1242,aust1307,-4.76337609338208,0.8245498788097052
mull1237,nort1547,-2.928687573655353,3.3647226363243448
nucl1240,atla1278,-6.349055954843649,1.636537614184129
muna1247,aust1307,-4.884960009797202,1.284736861383708
munc1235,sino1245,-0.0737761376043391,0.6539154458144916
mund1328,atla1278,-6.237825227459171,1.6067955024972074
mund1325,atla1278,-6.210049269576121,1.6910546823628465
mund1320,aust1305,1.5679318097418369,0.8774655961363722
mund1326,atla1278,-5.633668418297844,1.724625928807476
mund1330,tupi1275,0.9442767057120488,1.188184374046835
abar1238,atla1278,-6.23296127149408,1.6059313203014822
murl1244,surm1244,-3.3808296871499515,2.536225302422871
murr1258,sout2772,-3.031680433053559,3.5388194586984243
muru1274,huit1251,2.47856589409138,1.920008397470399
muru1266,pama1250,-4.154853090781658,2.093815870557756
musg1254,afro1255,-4.426124421301352,1.3707140893768797
muso1238,aust1307,-4.1397829914268,0.5255380780394354
muss1246,aust1307,-4.71040149616007,1.2105733405788577
mwag1236,afro1255,-4.277902371525073,1.458406371211729
mwan1250,mand1469,-1.0079849421912108,0.7995949320536608
mwan1247,atla1278,-5.295234822635149,2.383275825469184
mwer1248,atla1278,-5.338917302533674,2.2212248712921987
motl1237,aust1307,-4.476894668647401,1.1806023538027732
naba1256,nucl1709,-1.2282813632099503,0.5424215974075315
sout2857,aust1307,-4.323446510301062,0.9733296738548818
naka1262,aust1307,-4.499781882234036,0.7831759819420538
nali1244,aust1307,-4.784861821772533,1.0039528421572168
nama1268,aust1307,-4.218301147691119,1.0069563339263192
litz1237,aust1307,-4.382139183412704,0.9649754174389278
nama1264,khoe1240,0.7541614421012347,1.8633283716705424
namb1293,more1255,0.2157070234114026,0.958159415293399
nami1256,sepi1257,-0.7014404552526352,0.8736879200884315
namu1246,sino1245,-0.7194294458016053,0.5506152111514471
nana1257,tung1282,2.082136219782451,2.070803288117636
nand1266,nilo1247,-3.5599882275700523,2.4962897710323357
nang1262,aust1307,-4.418645287264954,1.3700394787423322
nant1250,araw1281,1.847336516086667,0.8893663516551555
nara1262,nara1262,-0.6942505367218262,2.186329550619635
naro1251,aust1307,-4.879790822517082,1.6474060828679162
yong1270,sino1245,-0.8126686980260498,0.5456015981969768
naru1238,pama1250,-2.2019909047683,2.1923904544566577
naue1237,aust1307,-4.605735064709786,1.1234614014514532
naur1243,aust1307,-4.249818797364906,1.885466152723973
nava1243,atha1245,2.9416195120098774,2.096266261472017
nawu1242,atla1278,-3.9034497253610816,1.392704585571923
ndam1239,atla1278,-5.315949070771047,2.0398346214625085
ndob1238,atla1278,-5.926832597440837,1.9810603565361
ndog1248,atla1278,-5.967107339264569,1.9012173582491905
ndun1249,atla1278,-3.8856570283966194,1.9293864644043344
negi1245,tung1282,2.297422358881927,2.010886089876788
neha1247,aust1307,-3.835588424010549,0.9426545711679646
kuma1276,aust1307,-4.234138783365598,1.4578543766384249
nenn1238,more1255,0.2720629526006102,0.9569863397255548
nend1239,nucl1709,-2.84037391866096,0.4555149280485198
neng1238,aust1307,-4.220334019643416,1.4735618164920394
nucl1706,afro1255,-1.7143068329213338,1.2585701131139873
nepa1254,indo1319,2.0678837545962785,0.9215280974696752
nese1235,aust1307,-4.4101044865670005,0.9800036020764678
ling1265,aust1307,-4.465946650398264,0.955096896805384
nezp1238,saha1239,-1.5007112791607795,2.0864633259136016
ngaa1240,pama1250,-2.127641978876068,1.9686306246131415
ngab1239,chib1249,-2.8403419410077206,0.9328296375821514
ngal1292,gunw1250,-1.8157821071847788,1.4008301479900984
ngam1268,cent2225,-4.039715565524856,1.9645915499223907
ngan1291,ural1272,3.2515664795071846,2.5796813515626345
ngan1295,gunw1250,-1.1460344195385213,1.2805598487510936
ngar1235,pama1250,-4.169370481852668,1.7065150877881683
ngar1284,worr1236,-3.5014148756610037,3.7296116696745134
ngar1283,mirn1241,-3.2457484783067185,2.8817566841428786
ngas1240,afro1255,-4.374239509443976,1.426380094388203
ngba1284,atla1278,-6.169649429337118,1.929454684542813
ngba1285,atla1278,-6.002747812280634,1.9494318557880737
ngge1241,nucl1709,-1.0543250854519433,0.642390691731598
ngit1239,cent2225,-0.4552112218707222,0.9445953598770308
ngom1268,atla1278,-5.998175368614064,1.9743116838782049
nhen1239,tupi1275,1.8800992401805408,1.289979460565779
nias1242,aust1307,-4.79573331983142,1.9634337141784348
niha1238,niha1238,2.6250588061182416,3.4594552982267186
nila1242,atla1278,-5.415485283909106,1.868387204534013
nucl1633,nimb1257,0.4843552368407592,1.980340174223972
labo1244,aust1307,-4.337840310724864,0.971141620784258
nisg1240,tsim1258,-1.9794350200913,3.146772899829568
niua1240,aust1307,-2.441751296345929,1.8715769166698228
niue1239,aust1307,-4.371489946011593,2.175126932640465
njan1240,atla1278,-6.138721476731426,1.672806932098788
nkon1248,atla1278,-3.949749677168585,1.3919767946323462
noct1238,sino1245,-1.0427935911890298,0.5000580959799139
noku1237,aust1307,-4.4490400703667845,1.095226386590797
noma1263,araw1281,0.2250641186913,0.8179926478341342
noon1242,atla1278,-5.375564638112203,2.1091134844727666
noon1243,atla1278,-6.101101540034914,1.6355305084142744
nopa1235,otom1299,-4.182516114535655,1.704869139435801
nort2839,aust1307,-4.374989369503836,0.9605647087017806
nort2697,turk1311,3.2017804689248663,1.9293229109792347
darg1241,nakh1245,4.001267223123007,1.8325523345173584
nort2930,kiwa1251,1.6428210522445237,1.9279066731106165
nort2972,choc1280,2.547025509820521,1.981490113226464
nort2702,drav1251,3.350093586990742,1.3407631797255517
gumu1244,gumu1250,-1.4715936344887828,1.9317132191469089
nort2938,haid1248,0.4057955178362573,1.9366685447321317
sing1264,sino1245,-0.9141713464276976,0.5042155252664955
nort2684,aust1305,-3.955285436131751,1.3972917627356551
lush1252,sali1255,-3.561625564225918,2.179442101270265
nort2774,atla1278,-5.966204821573024,1.946059363132344
nort2954,utoa1244,1.979542686674907,1.311511402111905
nort2723,sino1245,-0.2396149012467132,0.5439504798233665
nort2747,hmon1336,-1.7759105965224171,1.293193214639226
nort2722,sino1245,-0.5306103650398075,0.620223714755376
nort2885,aust1307,-3.650095214602117,1.2490135805038305
nort2959,utoa1244,1.8000955527234537,0.9340427639795496
tosk1239,indo1319,-2.1617445728526588,1.289273022533921
nort2732,sino1245,-0.2879194130847331,1.01856853150983
nort2690,turk1311,4.754171248575076,2.810894456641688
yoku1256,yoku1255,-0.828309818056818,2.279025397863906
nort2745,yuka1259,1.8794637205749063,3.3038566324769008
nort3047,afro1255,-4.470819881668557,1.3195680727736274
nort2980,quec1387,0.6200911497835856,0.9688770404459826
nort3139,afro1255,-1.9972294591870825,1.2783194223841
nort2845,aust1307,-4.155636307987257,2.3854751139818964
nort2671,ural1272,1.473217205285903,1.755383312892861
nort2942,atha1245,2.5229530316667432,2.3788855970283294
nort2847,aust1307,-4.192727718093368,1.282877959428764
nort2699,drav1251,3.128663310211944,1.456975908657956
nort2961,algi1248,0.0227183611057729,1.267031701859726
nort2775,atla1278,-6.194427169340111,1.843728533396232
yaki1237,saha1239,-1.3243085644471362,2.076371200979404
nots1237,aust1307,-2.679915118637892,0.9683555512372743
nsen1242,atla1278,-5.382992650824748,2.3023678130901946
nukn1238,nucl1709,-3.416410440350206,0.5917647682745004
nuku1260,aust1307,-4.482960101664245,1.7515583067541298
nung1282,sino1245,-1.1583244126796384,0.5519981819816886
nupe1254,atla1278,-6.06676840778015,1.6287233152757423
nusu1239,sino1245,-1.335866282578321,0.5458491076013603
nuuc1236,waka1280,-2.224193772427017,3.3112655615691464
nyah1249,aust1305,-4.109887819918537,1.4086837369750054
nyah1250,aust1305,-3.7950875659084,1.3207338231099284
nyak1260,atla1278,-5.429357732461794,2.0788944975944963
nyam1285,afro1255,-4.381644344279822,1.3964187897061668
nyan1307,atla1278,-5.20714114925289,1.789221326099884
nyat1246,atla1278,-5.430564735596295,1.884180828957771
nyis1236,sino1245,-0.5782857101871919,0.4674724451983616
nyor1246,atla1278,-5.106178836379377,1.7023658319235873
nzad1234,atla1278,-5.523663245433626,2.1953010763840424
nzak1246,atla1278,-6.299692614525664,1.7929164867476288
nzak1247,atla1278,-5.990163913931557,1.9504138171494143
obok1239,lake1255,-2.8854521726216507,3.1774529878789943
occi1239,indo1319,-1.552699631236195,1.21041642847179
ocot1244,otom1299,-4.206290712592267,1.6506287046651034
oriy1255,indo1319,2.865594503291642,1.248446937728546
ofay1240,nucl1710,0.7610043585988926,1.315739429720164
kalm1243,mong1349,2.239837395565419,2.4458347078512364
okan1243,sali1255,-1.7630784402831148,1.8830799655492143
okin1246,japo1237,2.6951616397086733,2.339925039796526
okoe1238,atla1278,-3.918011197413699,1.6099269570841166
oksa1245,nucl1709,-1.098661171474729,0.5107348896726318
oloo1241,nucl1708,-3.99354363965661,1.9432970375005447
olut1240,mixe1284,-0.1136840288531058,1.493851439381184
omah1247,siou1252,-0.8128373708977725,1.6413312698932812
omie1241,koia1260,-0.7848554579351456,0.9843464549620436
onge1236,jara1244,1.3635217742853982,2.6808493530591617
bira1253,bira1253,-2.3654695207952807,2.956396443713332
orma1241,afro1255,-3.246696998001271,1.529339630142032
oroc1248,tung1282,2.138148935500497,1.9519557324483232
oroh1237,aust1307,-4.012709485588059,1.0858884549078196
orok1265,tung1282,2.063317574385228,2.143247257315015
orok1269,nucl1709,-2.163590715350036,0.6429376948201542
orok1266,atla1278,-5.923637532782784,1.622514946721906
orok1267,nucl1580,0.3386445634273505,1.6575392415636756
orow1242,aust1307,-4.2571275301321165,1.4707964715464152
orya1242,toro1256,-1.3579938643500726,2.311900449115373
osam1235,atla1278,-5.835365911102782,2.056866243398204
otor1240,heib1242,-3.610727495150594,3.2492132955582047
otta1242,algi1248,0.9228610197116504,1.406141546265797
owaa1237,aust1307,-4.09215617093572,1.219356888342281
paaa1242,afro1255,-4.316618273676323,1.4788899280685175
paas1238,atla1278,-3.616994519526945,1.307201359952737
paco1243,aust1305,-4.102275935958106,1.4285124765839958
pagi1243,atla1278,-5.838332536259312,1.9436450540922132
pagu1249,nort2923,-2.8519843766230477,1.921552588096496
pahn1237,hmon1336,-1.692659367207353,1.2721799043074151
paiw1248,aust1307,-4.168348549667956,1.218703186869294
pala1344,aust1307,-4.312719204597331,1.742205823276314
pali1279,araw1281,2.391323580025003,1.756729373009689
balu1257,aust1307,-4.926120690720831,1.016785584547697
pamo1252,aust1307,-4.839131250827547,1.5034732299027889
pamp1243,aust1307,-1.6875026729372462,1.0278241544317137
pana1307,nucl1710,0.8096993988363612,1.047204819205196
enap1235,cari1283,0.4575903439705067,1.22446798860046
pang1290,aust1307,-3.804429119551169,1.0486776976933472
pang1291,aust1307,-4.278407702417574,1.3693431590850451
pang1287,atla1278,-5.430297165255665,2.1017580462926766
pano1254,pano1259,0.5312646101845062,0.7338502392372606
pany1241,pama1250,-2.510360302704265,2.072524882668067
papa1238,toto1251,-3.3653034108205904,2.325475452034149
papa1265,aust1307,-2.828651786311968,0.8256171526050142
para1302,sino1245,-1.3001932777635732,0.48239495942427
pare1272,araw1281,1.86215713705058,1.2489055304273498
pate1247,aust1307,-1.7775443240654984,0.5072785838737692
patp1243,aust1307,-4.474788304444352,0.938996692381191
patt1248,sino1245,2.5640504991499946,1.2966779370755075
paul1238,aust1307,-5.024074373191955,1.2244890681460383
paun1241,araw1281,-0.2466365909295227,0.8539195531658113
pawa1255,pawa1255,1.0976538953078026,2.1276458811501247
pawn1254,cadd1255,-0.5262087972594343,2.2177192761672204
pech1241,chib1249,-0.2096504123521046,1.1475657368497405
peer1241,atla1278,-6.337291245659173,1.65980526495931
pela1242,sino1245,-1.11270448185003,0.5907712113844505
pemo1248,cari1283,1.0244935418267744,1.1571738947815993
pend1242,aust1307,-4.459087489368591,1.5488521107829092
peng1244,drav1251,3.4249489708127525,1.378408071918915
phak1238,taik1256,-3.9974193575542354,1.9930766358254093
phom1236,sino1245,-0.9112316183858642,0.4471476168748252
pila1245,guai1249,-2.293452639462072,2.8088860264794238
pima1248,utoa1244,0.1002791583866113,0.8492716786462227
pina1252,piaw1238,0.4260815453871106,1.593451555014715
ping1243,aust1307,-4.376077229506485,1.9581591712375648
pipi1250,utoa1244,-1.289575691190045,1.3121868831098675
pite1240,ural1272,3.4174226393933798,2.0367481025587986
plai1258,algi1248,0.492437433563016,1.2469109240645269
plat1254,aust1307,-4.1527790312883015,2.368299732883957
pnar1238,aust1305,-3.1078813838804824,0.9915322309389748
pohn1238,aust1307,-4.407181946510588,1.9415911737265128
poko1263,nilo1247,-3.516032918934844,2.4981392578195187
poli1260,indo1319,0.1406968293202951,1.1191224285492547
popt1235,maya1287,-4.12064044872281,1.9545386359423031
port1285,aust1307,-4.32547710322188,0.956295071839322
port1283,indo1319,-2.433587465972016,1.7735127448771797
pott1240,drav1251,3.3991221524782382,1.3115076705840556
phai1238,aust1305,-3.980012622179855,1.143154946646173
pras1239,indo1319,2.419322500095374,1.5824660303387832
psik1239,afro1255,-4.500029141608673,1.2996345670885416
puka1242,aust1307,-2.381654876989756,1.9918977080962132
pula1263,atla1278,-5.291040408197994,1.8667995907268908
pulu1242,aust1307,-4.609402862167164,1.7615841426765335
puma1239,sino1245,1.8558184386885967,0.4783860351611659
pume1238,pume1238,1.4168735184514123,2.528571861012315
pura1257,pura1257,1.2956275150196317,2.228506080985133
pure1242,tara1323,-0.161561614328785,2.098887122662892
puri1258,sino1245,2.4122465695101427,1.3775349824804
puyu1239,aust1307,-4.161628859570204,1.2040629462506258
qawa1238,kawe1237,-0.9572282875224832,2.540629832187921
qima1242,afro1255,-2.236174525065763,0.9824334917499736
quer1236,otom1299,-3.751901448026093,2.0157609177895863
quio1240,otom1299,-4.19519226625797,1.6605332166466065
rabh1238,sino1245,0.8517850535678146,0.5052642076672225
rade1240,aust1307,-3.775231861787176,1.5224851953650775
raji1240,sino1245,0.5650815918828478,0.8367781583383449
rama1270,chib1249,-0.7420848656441253,0.8890298047274392
rapo1238,nort2933,0.3710151950021608,1.5536972555541553
rata1244,aust1307,-4.754117065572668,1.401481179437476
reng1252,aust1305,-4.086600180417618,1.4798373649998648
renn1242,aust1307,-3.8946715781564256,1.1905183858831403
rere1240,aust1307,-4.386517713108884,0.9517357595926672
resi1247,araw1281,2.8430097055357075,1.1741042262558423
reye1240,pano1259,-1.0376846321802446,0.90883331459204
rian1263,kolo1268,0.827014432672357,2.15396399434754
rikb1245,nucl1710,0.6296200953408891,1.146895286970497
beka1241,aust1307,-5.045328967677154,1.84623990126421
ronn1241,afro1255,-4.2979828269658,1.447337244634702
rong1266,sino1245,-0.9932290168158496,0.43089983365702
rong1264,sino1245,2.5569048603691256,1.1095825729796074
roto1249,nort2933,-1.127986110723839,1.5828573199085143
rotu1241,aust1307,-4.355873255055048,1.981419270487871
rovi1238,aust1307,-3.1940126629145578,0.8376878701057526
ruch1235,aust1305,-4.074949989760029,1.1915129773170987
ruka1240,aust1307,-4.187257463040088,1.214075954003344
ruma1248,aust1305,-4.06893247781421,1.1804547408728734
rung1258,maba1274,-3.9707773931481647,3.877883175536041
rung1259,aust1307,-4.703746339551554,1.4450583633136187
russ1264,mong1349,1.5218189179381088,1.9479456244476987
russ1263,indo1319,0.4316601442492287,1.3923731345016206
rutu1240,nakh1245,3.924400956539217,1.7691406268207244
saaa1241,aust1307,-4.40454889538333,0.9741818236545194
saaa1240,aust1307,-4.0090395829566665,1.0745059982573375
saar1237,aust1307,-4.23935671694935,1.1959115155461388
saba1268,namb1299,-1.4968615738054802,1.8721772418208704
saga1262,atla1278,-5.253102671981923,1.953452885222254
sais1237,aust1307,-2.162705395045453,1.1842652465380263
yaku1245,turk1311,2.228916945731245,2.5421507704587105
saki1247,aust1307,-4.14762180775326,1.224634062174376
tsis1238,atla1278,-6.106427596063542,1.6466042981642204
samb1311,atla1278,-4.13046304327499,1.6237350115888691
samb1305,atla1278,-4.284345933576899,1.6264628507447831
samo1305,aust1307,-4.448153189551455,2.0384276611374275
wara1292,atla1278,-3.208152770863597,1.2012009245336426
sana1295,afro1255,-0.8813832807214999,1.371089464946052
sanb1241,otom1299,-4.2050960658996335,1.738907288005065
sanb1242,chib1249,0.9859297144410326,0.9663907944905228
sand1278,huav1256,-2.81159173976099,3.386462321714044
sang1331,atla1278,-3.446336878290041,2.117453465111006
sang1321,sino1245,-1.268061617248005,0.4422870118937689
sani1269,sino1245,-0.8749317119114277,0.6363513446995013
sanm1301,otom1299,-4.130086438287661,1.74036937964918
sanm1289,quec1387,-1.7385382179801658,1.2028051682230734
sanm1295,otom1299,-2.0018060185118043,1.5509346135553317
sant1410,aust1305,0.8044179736942758,0.8555398673983978
sant1451,otom1299,-4.240205906237292,1.7952868230324794
sant1436,otom1299,-4.0826707298463365,1.6553465638896876
sanu1240,yano1268,0.9982083194057514,1.7676171760289376
sapo1253,aust1307,-3.4039443297990286,0.8352773958472097
sapu1248,aust1305,-4.076864082356219,1.4122484403132036
sara1321,cent2225,-3.757130804132634,1.9395960983315448
sara1327,aust1307,-3.8792631262746,1.34133966084105
sars1236,atha1245,1.9325065763387423,1.9532020914255892
sasa1249,aust1307,-4.82765797916315,1.7893278151385736
sata1237,aust1307,-2.5687377290467426,1.6968595026740283
saur1249,drav1251,2.8813986007415533,1.5486420637648246
savo1255,savo1255,0.6536183660745466,2.1132282060131904
seda1262,aust1305,-4.076743052428706,1.4842781571548018
taro1264,aust1307,-4.197592458735527,1.2024358019269703
seim1238,aust1307,-4.546122758422571,1.1200066196981933
seke1241,aust1307,-4.405789332134031,0.9760857472080096
sekp1241,atla1278,-3.767002840010048,1.4015542465272768
sela1259,aust1307,-2.2839188241945974,1.1603988922015631
sela1260,aust1307,-4.809613935000471,1.4463092982308243
sele1249,atla1278,-3.7641666159883367,1.3931386484611723
sele1250,nucl1709,-3.491344906452722,0.6251349740710381
selk1253,ural1272,3.477023302784243,2.544512394329911
sema1266,aust1305,-3.8394819210517657,1.6935650397711202
sema1265,aust1305,-3.847468998828053,1.7294445346636298
seme1247,aust1305,-3.806083399284436,1.8055444901426052
seng1281,aust1307,-2.443816795024257,0.6954681486772829
nucl1632,sent1261,0.5338099480361826,1.9915199916486448
sout1528,indo1319,-1.9276121401641388,1.2227462489713297
seri1257,seri1257,-1.0084859329083151,2.387272255465425
seve1240,algi1248,0.5265033471638689,1.304302861173876
sgaw1245,sino1245,-0.9999104299184528,0.8088466671261765
shab1252,shab1252,0.7029032044064337,2.0960323488741914
sham1280,atla1278,-5.31331134863848,1.9788774977796288
shan1283,pano1259,0.3451727364321373,0.6783753024493668
shaw1249,algi1248,1.2301291586218273,1.4940190463620473
shee1238,hmon1336,-1.5457837298225556,1.3672233742757296
biao1253,taik1256,-1.8216042941913029,1.916433408255248
shil1265,nilo1247,-4.037849933032443,2.74070959830777
ship1254,pano1259,0.6790298222661931,0.7030049387322705
shix1238,sino1245,-0.6875453898089425,0.5627935185876867
shol1240,drav1251,1.9830489538047036,0.9248495865344576
shon1251,atla1278,-5.475983251793606,2.299029896664418
shor1247,turk1311,2.2162012308947387,2.511706967658139
shos1248,utoa1244,1.9459952173785915,1.3899879473698986
shua1257,jiva1245,-2.0328607051428484,1.3790882121289014
shwe1236,aust1305,-4.192451447258424,1.1656731513535066
siam1242,siam1242,0.3775626242370554,2.078067308398168
siar1238,aust1307,-4.236678424999237,0.8854258162848359
siaw1243,amto1249,0.4515813814050573,1.9258114289354271
sich1238,sino1245,-0.8035988639652771,0.5771600685516072
sici1249,atla1278,-2.7598915803691693,1.1877297455874078
sida1246,afro1255,-2.004394762163937,0.7665948065190564
siee1239,aust1307,-4.1633501344091375,1.232879701758523
sier1250,otom1299,-4.193662500359174,1.6606154298084528
sika1261,aust1307,-4.108180563313686,1.250941547723273
siks1238,algi1248,-0.1248433096022844,1.1884608454891694
siku1242,aust1307,-4.723904411637378,1.9424442883068116
sina1266,aust1307,-0.2432593366074991,0.4939864613380544
sini1242,mand1469,-0.8837017385757534,1.2519230290885552
sioo1240,aust1307,-2.380912673650061,0.5941142398192119
siri1274,tuca1253,1.8514357152668863,1.2105603133648986
siri1273,tupi1275,1.0353221317953656,1.073346398458388
sile1255,nucl1709,-1.0795161839463443,0.4552880619622401
situ1238,sino1245,-0.4559991831373269,0.5731029486065973
siwi1239,afro1255,-3.466070332473115,1.9834650847253037
siwu1238,atla1278,-3.836482191803689,1.4011687440373288
skol1241,ural1272,3.224511766158513,2.055597185331332
slov1268,indo1319,-1.6309420776030894,1.150042248252208
sooo1254,aust1305,-4.172659045372958,1.349365073355803
sobe1238,aust1307,-4.235380908760418,0.9101178712175352
soch1239,otom1299,-4.18907386068952,1.6782603587472655
soga1242,atla1278,-5.225309194891862,1.7313770007195537
soma1255,afro1255,-2.293418055894388,1.5477076988919274
soni1259,mand1469,-0.5172866853924823,1.180646367259942
sons1242,aust1307,-4.331829462129857,1.5844307011227956
sooo1256,kuli1252,-3.0698853992448165,3.143313657990132
sora1254,aust1305,1.3531454115333768,0.8234258984166392
mani1235,east1459,-2.102364456903613,2.3726844216216696
koon1244,atla1278,-5.447318606544157,2.31626240449215
sout2859,aust1307,-4.351072777149978,0.964173291540722
sout1549,drav1251,3.1436441242280964,1.430189632638383
sout2976,utoa1244,-0.4214099049796891,0.8532189023864012
sout2856,aust1307,-4.053603084040475,1.0857212573537138
sout2954,japo1237,2.739739445316795,2.3723751526896573
sout2996,ayma1253,-1.2794993773854628,1.9656526724953367
sout2730,sino1245,-1.4582237171241823,0.5581040862409887
raro1241,aust1307,-4.278378934792098,2.2990868530182693
sout2741,taik1256,-4.041764683810887,2.065267196564476
sout2826,krua1234,-1.9107663761862104,3.066590739614908
sout3236,gumu1250,-1.623990312296265,1.91008772526585
sout2956,haid1248,2.200893092031184,2.1044714546455663
kach1280,sino1245,-1.4112979710039175,0.6058399213798618
sout2949,kiwa1251,1.5735982310851229,1.9772562661991693
sout2994,namb1299,-1.2937785039619916,1.8943493416457708
sout2649,indo1319,0.3450774165770536,1.3478905035427502
sout2729,sino1245,-0.7050949182139545,0.5399052584348665
sout2728,sino1245,-0.6290408325408814,0.6286051399598138
sout2985,miwo1274,-2.3200252389038534,2.5539838622231037
sout2807,atla1278,-5.211201276035403,2.590062534403822
sout2797,atla1278,-3.042969162489377,1.160330396011501
sout2679,ural1272,3.6329748452203807,1.755413685821826
sout2782,atla1278,-6.431797353891255,1.6733152626720509
sout2674,ural1272,3.225216123365905,2.2279272361671354
sout2959,atha1245,2.351033610847912,2.294055131455328
para1301,aust1305,-4.004994687692713,1.145543430742034
sout3261,nakh1245,3.9858765786175354,1.8005831444996288
sout2869,aust1307,-4.201278937154219,1.304622366433259
stan1318,afro1255,-1.880829250911611,1.393236425576541
indo1316,aust1307,-4.76986620662364,2.0284495922964028
stan1306,aust1307,-3.6209237184485774,1.7028507359698333
horp1239,sino1245,0.2458228406513409,0.533195549549208
suab1238,sout3418,-2.1449651993358483,2.9103221419079515
suba1238,atla1278,-5.318206369604911,1.7682511807554937
sude1239,aust1307,-3.1689739317471624,1.0267412890973686
suku1259,atla1278,-5.467488958555144,2.2805938165544246
suku1272,afro1255,-4.6161636015291005,1.2987227019179004
sulk1246,sulk1246,-1.6950852064827695,2.58400478542464
sumi1235,sino1245,-1.253882608307871,0.4165943725264354
sund1252,aust1307,-4.769227230933293,2.088683160043593
mari1426,aust1307,-2.4455616923208927,1.0050259637725958
sunw1242,sino1245,1.8741198345679848,0.4986434003472206
supy1237,atla1278,-2.862162328473613,1.2887329326602908
surg1248,ural1272,3.244327051415296,2.50778197357135
surs1246,aust1307,-4.3408766616572905,0.9251066803481144
swah1253,atla1278,-5.388881558948599,2.0982817214038847
taba1263,nort2923,-2.8136390443044488,1.9469925831001147
tabo1241,tabo1241,1.3994727568659324,2.303445721969934
tafi1243,atla1278,-3.8464080033307537,1.4238041438832552
taga1273,aust1307,-4.688900325564875,1.5260279393752008
taga1270,aust1307,-3.442940459403972,1.1245563779419283
tagi1241,sino1245,-0.7745804809637074,0.4960330090465135
tagw1240,atla1278,-3.48225614609872,1.3085492723149557
taha1241,afro1255,-3.769628479847385,2.080673673582118
tahi1242,aust1307,-2.2865430328790137,2.048580943677576
taia1239,taia1239,-3.0946134565934598,3.1460102611143848
taji1246,aust1307,-4.467580768132555,1.5440482019428847
taki1248,aust1307,-2.360331524258968,0.623507341380118
taku1257,aust1307,-1.5088304411094748,0.9783504760224888
tali1259,aust1307,-3.8279814048796825,0.973903012761558
tama1331,tama1329,0.399887089438782,2.1783285796216223
malo1243,aust1307,-4.363159825516801,0.9933735022668052
tama1365,afro1255,-3.681169893149425,1.3950689929326812
tami1289,drav1251,1.791352610260164,1.0956883854127248
tane1237,aust1307,-4.428800619691833,1.3366069847924704
tang1377,sino1245,-0.6741074267933547,0.559099987095407
tang1348,aust1307,-4.115248443077242,0.967221988225063
tang1373,sino1245,-1.631915132163711,0.9963357463250456
tara1313,sino1245,-1.1263074731863094,0.4559240194836453
tari1256,araw1281,2.915346231910768,1.1128613489428485
tari1263,afro1255,-3.4997871591970835,2.1870911065671765
tata1258,otom1299,-4.144536669886762,1.6821147962604366
tata1257,aust1307,-4.72943974483093,1.5256514761769058
tata1255,turk1311,2.0703419016458096,1.9306660791590409
taul1251,taul1250,-3.206058220643903,3.406334727658403
tauy1241,nucl1709,-2.3527011175692154,0.4566757964922976
tawa1275,aust1307,-1.1737700525284132,0.591994471845628
tawa1286,afro1255,-3.842237627533792,1.703688837173179
diga1241,sino1245,-0.8577165625012109,0.5637394340812243
taya1257,afro1255,-3.944795603995368,1.858765385655104
tbol1240,aust1307,-3.622077854224467,1.307404095441094
tean1237,aust1307,-4.427966913093785,1.3366449839538923
teda1241,saha1256,-3.795146327041964,3.738091395436409
tedi1235,sino1245,-0.7676281328897936,0.4894927156974864
tega1236,rash1249,-3.3756125625849256,3.6891463054975056
tehu1242,chon1288,1.1311289286980069,2.630023351058957
tekt1235,maya1287,-4.126428291736071,1.9758041065722616
tele1256,nucl1709,-1.1252347930065598,0.5046165932533855
telu1262,drav1251,2.9909209211950847,1.2832203514220897
temi1246,aust1305,-3.7994700815490834,1.6470485042207654
temp1235,aust1307,-4.685309927715467,1.460627785261953
teng1272,aust1307,-4.778776419859751,1.9328611465398888
tene1248,dogo1299,-4.018888325281185,2.3001648296788764
tenn1246,surm1244,-3.639948557702115,2.7261840762599667
teop1238,aust1307,-3.243405015306924,0.8371377681481524
tera1251,afro1255,-4.474210582378268,1.3603988695895923
teri1250,chib1249,-0.9263457164167724,0.9016987770914726
term1237,aust1307,-2.7300124655402573,1.2653886039991675
tern1247,nort2923,-2.866153529727354,1.9513671803093156
tete1251,utoa1244,-0.9546016312659696,0.9048547467605444
tetu1245,aust1307,-4.778336871923727,1.1057541330559957
tezo1238,otom1299,-4.047703694785842,1.6314354931716517
thad1238,sino1245,-0.7215082619062985,0.4591057413944011
thai1261,taik1256,-3.618947937412664,2.362075957280453
thak1245,sino1245,2.087510434303991,0.6974673066884609
than1259,sino1245,1.5990010583757632,0.6250667577896101
thao1240,aust1307,-4.226300999406973,1.181109586770293
aheu1239,aust1305,-4.134088207454074,1.318275140587704
thay1249,pama1250,-3.1515774865350457,1.571182981703109
thul1246,sino1245,1.441002563860068,0.4964661695783725
tibe1272,sino1245,0.209209016242692,0.5906939627969203
ticu1245,ticu1244,1.6609571863001664,2.640516248371157
tido1248,nort2923,-2.998277497638253,1.9904711897746536
tief1242,atla1278,-3.32142528458726,1.1564887030160609
tief1244,atla1278,-3.3124085182080103,1.1630491275213597
tien1242,atla1278,-5.58973499142472,2.18306473122622
tiga1245,aust1307,-4.7687409354679655,1.048719987918001
tigo1236,atla1278,-6.195153983294141,1.629679660726196
tika1246,atla1278,-5.980668548933186,1.6850879771713254
tiko1237,aust1307,-4.46818364454413,1.3800968989750233
timn1235,atla1278,-3.572235552049768,1.7871027434357152
tina1248,aust1307,-3.466197085694611,1.0645383098018293
tira1254,heib1242,-3.635698825437873,3.228495199197774
maee1241,aust1307,-4.406525142632644,0.9703873780451708
tiri1258,aust1307,-4.356215711811043,1.4735748901299432
tiru1241,aust1307,-3.571278557924507,1.283210162480839
tita1241,aust1307,-4.770070673183292,1.0619098413074504
tivv1240,atla1278,-6.140555645358035,1.6040071870552204
tiwi1244,tiwi1244,-2.6990850919182914,3.2448078746799625
toab1237,aust1307,-3.866732309947375,0.9630742946483036
toar1246,nucl1580,2.0025329979580118,1.7664291023807808
toba1268,leng1261,-1.9795342875636373,3.0370060471220475
tobe1252,nort2923,-2.879051610888292,1.9328219180786956
toda1252,drav1251,1.6262568497247791,0.8747990652367461
toho1245,utoa1244,-0.4389522939569672,0.975955049629623
tojo1241,maya1287,-3.8816684280767344,1.975876328083845
toke1240,aust1307,-4.328852531361651,2.120089023530374
toma1245,mand1469,-1.6150985763530528,1.0163958749281976
tomb1244,aust1307,-4.62616039481289,1.4238372265669357
tomm1242,dogo1299,-4.130320976212424,2.357945166925597
tond1249,song1307,-2.482518755741862,2.0119613890555703
tong1325,aust1307,-4.338315275761301,2.199210305681797
tong1318,atla1278,-5.385704434425064,2.207921897168876
toor1238,atla1278,-5.113813518976293,1.718884836714042
toto1302,sino1245,0.513305546511118,0.5302517283731172
touo1238,touo1238,1.0258544679351873,2.238859327290226
trin1274,araw1281,-0.0677878533824443,0.8693613726358258
trio1238,cari1283,1.035284419450874,1.093845708052588
trum1247,trum1247,1.2622640523410908,2.394053977312752
colo1256,barb1265,1.6635380751556514,2.08529593566628
tsam1247,afro1255,-2.378863953668706,0.8064745043995272
tsat1238,aust1307,-1.6106878279159598,1.3447292709338692
dido1241,nakh1245,4.102462025109448,1.7906131878466218
tsha1245,sino1245,0.5438147882879223,0.5046277952019649
tsix1234,khoe1240,-0.1941121304925812,1.47193244194154
tsog1243,atla1278,-5.765141748666034,2.144724707595251
tson1249,atla1278,-5.268939068623391,2.512837841999539
tsou1248,aust1307,-4.225503206093203,1.194760128000877
tswa1255,atla1278,-5.271350149678882,2.51468652713626
tswa1253,atla1278,-5.361511065865253,2.2443941134203964
tuge1241,nilo1247,-3.5402401778727377,2.516432724170802
tugu1245,aust1307,-2.799094006931573,1.0858170076678766
tuka1248,aust1307,-4.885983261251486,1.269891269676621
tuki1240,atla1278,-6.033993649871502,1.7403712859470142
tula1252,atla1278,-6.408394313194683,1.639910661964234
tulu1258,drav1251,2.242567926893027,1.082929273051472
tuml1238,aust1307,-2.150213008338987,0.7476392686493503
tumu1242,atla1278,-3.588697919257545,1.3114391568782828
nene1249,ural1272,3.301074325677457,2.529714235523434
tung1290,aust1307,-4.814419423810428,1.0816726303386863
tunn1238,afro1255,-2.7055014537585094,1.6033104172346544
turk1308,nilo1247,-3.271043762143265,2.434537412429701
turk1303,turk1311,1.9421908301794044,1.982695766276417
nucl1301,turk1311,3.620959704108907,2.269682042922953
turk1304,turk1311,4.440448746404473,2.678333163321313
tusc1257,iroq1247,-0.3067564411015906,1.9030754072454803
tutu1241,aust1307,-4.446890695125358,0.992530977675421
tuva1244,aust1307,-4.2967538597742445,2.1286603267759125
tuwa1243,aust1307,-3.4451128646913918,1.0046045996087605
tuwu1238,atla1278,-3.77889774884065,1.4008271891641852
uuuu1243,aust1305,-4.009809574533252,1.0353197275065815
ubir1237,aust1307,-0.5807592767839205,0.4773117539282152
udii1243,nakh1245,1.868836551082639,1.737527531464103
udih1248,tung1282,4.179550048912097,2.2592052037333064
uduk1239,koma1264,-3.10512438214048,2.977546421268717
ughe1237,aust1307,-3.178393591874774,0.8427657914053714
ugon1239,sino1245,-0.308212195370805,1.050110654138262
ukra1253,indo1319,-1.1911219760163347,1.3559206768423548
ulit1238,aust1307,-4.281930044512057,1.9120704506064092
ulwa1239,misu1242,-0.7846875024841354,1.335297524303393
yaul1241,kera1258,-1.416276251597119,2.1681332211008875
uman1240,daga1274,-0.6908653422456608,2.010275433599936
umbu1257,atla1278,-5.137466795502789,2.498517149967588
umbu1258,nucl1709,-0.2606103734390682,0.4345852435760182
umes1235,ural1272,3.449501390244357,2.0070165913710776
unaa1239,nucl1709,-0.5481765687426652,0.5443400907475047
unea1237,aust1307,-4.752052286273159,0.7921019832609622
unua1237,aust1307,-4.402942094653227,0.9512799198235582
uppe1275,toto1251,-3.3613588000696053,2.336912640778272
urar1246,urar1246,1.422752808734487,2.448810178903234
urav1235,aust1307,-4.152471019533765,1.2169724757870857
urim1252,nucl1708,-3.933939452016656,1.8964173203397188
urip1239,aust1307,-4.395702070649909,0.9706133445552734
usan1239,nucl1709,-1.3303622638513002,0.4705167144203894
utes1238,utoa1244,2.257006733427544,1.4350311161039313
pile1238,aust1307,-4.364913523464458,1.4177020971011585
veps1250,ural1272,0.4503680183770449,1.442844111566847
vera1241,aust1307,-4.488109892529105,1.148620748726498
viem1243,atla1278,-5.460735297744488,1.235497472191934
viet1252,aust1305,-1.9949498695393515,1.2417965327449323
voti1245,ural1272,3.4631170887430893,1.730578551862919
vunj1238,atla1278,-5.287669574891929,1.9027276316167636
vure1239,aust1307,-4.47418661406812,1.1490366994499563
vwan1235,atla1278,-3.4438584327832493,2.0157868751456816
wadj1254,wadj1254,-1.2396579890847557,2.36760136137881
waga1260,pama1250,-3.9050379883729858,1.8440220702162504
wage1238,wage1238,-2.754830780798078,3.287344665484284
waig1244,aust1307,-3.125963473734813,1.111779143124962
waim1251,aust1307,-0.7307959241224137,0.4948096178123382
waim1252,aust1307,-4.802340927104666,1.0884801248375495
waim1253,cari1283,0.7811176694034252,1.0802215245859568
waiw1244,cari1283,0.932312660611885,0.9701866786478712
wala1266,aust1307,-3.91011955872064,0.9729489351643492
wamb1258,mirn1241,-3.0821722585789093,2.919726935201072
wamb1257,sino1245,1.9551582264540128,0.501405589772852
wann1242,mand1469,-0.9791517702773926,0.8029988205796554
wand1278,afro1255,-4.463418447083157,1.3245403592335938
wand1267,aust1307,-2.688115009211795,0.917466012780654
wanm1242,pama1250,-2.470186195996887,1.960887583568034
saka1289,aust1307,-4.494511016376153,1.045220688323259
waor1240,waor1240,1.2666992536022588,2.362048149360608
wapi1253,araw1281,2.698667598937824,1.4395180312728808
wara1303,wara1303,-0.4545616798457684,2.1967008637425334
wara1300,aust1307,-3.1626390846433545,1.258954350476757
ward1246,yang1287,-2.797218432645002,3.39497448431593
ware1255,araw1281,2.6951857217620123,1.0902752697550475
ware1253,aust1307,-2.0576409602981265,0.9042384147764676
wari1268,chap1271,-2.390037360856427,3.0384266609908126
warj1242,aust1305,-2.6648759867878806,0.9874590028523178
warl1254,pama1250,-4.367049187369668,1.9445042393958236
warl1256,pama1250,-3.9750446007706,1.980206412825514
waru1265,pama1250,-3.9617889971477727,1.8922288341460107
wash1253,wash1253,1.1996027566082137,2.4267146702430136
wask1241,nucl1709,-1.4747905810961044,0.569370770753487
wawa1246,atla1278,-6.175841067806939,1.6764758368281862
waya1269,cari1283,1.1197102525677058,1.1583676416233413
wayu1241,sino1245,1.909953561498824,0.5069780341430841
wayu1243,araw1281,0.8743952962988333,1.2440520946487448
wels1247,indo1319,-2.541008972815576,1.455635199574802
weri1253,kuni1270,-1.741355907330686,1.5687205945314782
west2560,aust1307,-4.71080817463856,1.479271015397912
west2548,aust1307,-2.7488706357536343,1.149657007402168
west2615,atha1245,2.702651008224921,2.062556750679312
west2397,aust1305,-4.079017458623232,1.3510937014662303
west2555,aust1307,-3.6728860705775914,1.2774068841489692
west2618,eski1264,-2.379563084084608,2.810503151497042
west2650,aust1307,-3.74402550430469,1.5239086206688004
west2594,nucl1709,-1.0884844743501882,0.693252151481146
west2778,utoa1244,-0.5341932688496214,0.8438889165770824
west2369,indo1319,-1.2530334083066466,1.3990691833143982
west2519,aust1307,-4.267454834363607,1.9858339967120464
west2354,indo1319,-1.2326029389803872,1.13902160071152
west2644,otom1299,-4.166916071112057,1.676799217657181
west2466,atla1278,-3.2924184969851664,1.1555840771579762
west2632,kere1287,-1.8150655099145847,2.8618592399710394
west2396,aust1305,-3.992645397698175,1.1235928788986334
west2418,sino1245,2.311832092868813,0.7106379032488084
west2392,ural1272,1.4561932165610458,1.5806356018098375
west2763,afro1255,-1.9151157693631893,1.2660150283379954
west2557,aust1307,-3.874561093750054,1.283103412762415
west2415,sino1245,1.9100967278511232,0.5484303771687893
west2430,hmon1336,-1.4654417842751146,1.2996031024664676
west2599,nucl1709,-0.0335089475128298,0.4688046758664059
west2600,nort2923,-2.9180060369391425,1.9458686691977567
saka1291,aust1307,-4.125742420129621,2.3443424270282662
west2516,aust1307,-4.130620514727895,1.3453304161090367
whit1269,aust1307,-4.199877231275905,1.2986126333499772
wikm1247,pama1250,-2.948655547901126,1.5438128915149232
wiru1244,wiru1244,-0.6943990213388874,1.9783055850795128
babi1235,atha1245,2.535134227584178,2.0830936078515263
woii1237,aust1307,-2.38116771575454,0.9354111586992088
wola1253,afro1255,-1.9221447275762116,0.7725297150395649
wola1242,gong1255,1.2437278254671749,0.7616051503066412
woli1241,aust1307,-2.852941071476448,1.2721956381457185
nucl1347,atla1278,-5.350376099235045,2.035467101491708
wood1236,algi1248,0.7764879802281248,1.4642934430216092
wotu1240,aust1307,-4.888962050244674,1.4864131095801882
woun1238,choc1280,2.51958612520814,2.110195801477189
wuch1236,sino1245,0.4990743047816588,1.257395881774758
wudi1238,sino1245,-1.328892727421577,0.6044620702508121
wusa1235,sino1245,-1.3785441255673565,0.5937450336493129
wutu1241,sino1245,-0.3433911987967706,0.8325845875325832
wuvu1239,aust1307,-4.369434403660931,1.0039504631826253
xamt1239,afro1255,0.7262036042070504,0.8181306776128032
xara1244,aust1307,-4.2569544754490485,1.466116516142053
xava1240,nucl1710,0.409025721056269,1.0381120088404696
xhos1239,atla1278,-5.104867530259283,2.684637440139876
xish1235,sino1245,-1.1009992951848968,0.5601074386829632
xokl1240,nucl1710,0.0185501136887209,1.3586574731421628
yaak1241,afro1255,-2.9261500015604485,1.3052577406995916
yabe1254,aust1307,-2.223770737451117,0.5754544222709637
yaey1239,japo1237,2.425655406995884,2.030695450720088
yaga1260,nucl1709,-2.0988762026721126,0.4751239659239008
yagu1244,peba1241,1.6250400541292174,2.561143803482551
yaka1272,atla1278,-6.0203982188241945,1.944153078534398
yaka1277,aust1307,-4.021406253458025,1.3224632700035457
yakk1236,sino1245,1.123985830442796,0.5010621258005221
yale1246,yale1246,-2.9482074519083312,3.0506868477305757
yama1264,yama1264,-0.9628090048343588,2.55843767043406
yami1254,aust1307,-4.02400020820154,1.2502487868808636
yami1256,pano1259,0.7871263878015096,0.7356752293492317
yamp1242,sino1245,1.6631416909544297,0.4920057884779298
yane1238,araw1281,2.2697101243166315,0.9291943689325128
yano1261,yano1268,-1.008728315281237,1.7605695542403446
yany1243,pama1250,-1.4102882499950828,1.3910480238348368
yaoo1241,atla1278,-5.377143141543714,2.294185764636935
yaou1238,mand1469,-1.586825457773306,0.9475428677338328
yape1248,aust1307,-4.253196479787984,1.8856012414747736
yaqu1251,utoa1244,1.5928285776762103,0.9988662874872692
yare1248,yare1250,-0.6068626980126217,1.9768484637455173
yasa1242,atla1278,-5.787059820850065,1.884484604328143
yatz1235,otom1299,-4.208196602618836,1.6891166295809787
yaum1237,nucl1709,-3.350969576757981,0.5727401059040949
nucl1454,yawa1259,-2.993360019588988,3.3004244809571466
yawa1261,araw1281,2.082471815811252,1.1437469470311212
yawu1244,nyul1248,-1.801681821646311,2.917114929509255
yecu1235,toto1251,-1.37223075490366,2.201792745926787
yele1255,yele1255,1.0137207060919744,2.306383919724873
yems1235,gong1255,1.2252224955188882,0.8024765162943153
yapu1240,nucl1708,-3.986324691785261,1.8602090239320117
yess1239,sepi1257,-0.3472388003263812,0.8330848929987784
yidi1250,pama1250,-3.2370038139670863,1.8274249559719715
yima1243,lowe1423,-2.7480110060009637,2.956170159370382
yind1247,pama1250,-4.479658484663042,2.24732964448888
yine1238,araw1281,2.204724148830881,0.885211615572703
yoga1237,aust1307,-3.0582328460709056,1.0159384414459272
yona1241,japo1237,2.2656560869983067,2.0475141706246243
yong1276,taik1256,-4.057936899403032,2.128377990178529
yong1280,nucl1709,-0.9217581978034382,0.6036871229272096
yora1241,pano1259,0.7458853190637568,0.7985941392202172
youl1235,sino1245,-0.7043694430856338,0.5453441940290125
youn1235,hmon1336,-1.8079287909790065,1.1970209599968582
yuca1254,maya1287,-3.700090869884941,2.357406484310657
yuch1247,yuch1247,1.3755439679955646,2.6592202337477984
yuec1235,sino1245,-0.2896124927011696,0.993653840610782
yukp1241,cari1283,1.3285515567705146,1.4240127924965886
yulp1239,pama1250,-4.664301392222017,2.040596557992285
yulu1243,cent2225,-3.71454191848804,1.803630574100384
yura1255,yura1255,0.0988405231717637,2.018095564237645
gami1243,pama1250,-4.119281458645595,2.1886374726316875
zaba1237,aust1307,-3.5010200505244944,0.902268950366838
zaca1242,otom1299,-4.166338319176399,1.714108824361002
zaca1241,utoa1244,-1.121304620874935,0.9396150535262436
zaiw1241,sino1245,-1.2905034218435958,0.6112244130763287
zakh1243,sino1245,-0.4462127469380785,0.5400361426649942
zamb1245,atla1278,-5.972969618034956,1.9885628116128045
zani1235,otom1299,-4.166795997255972,1.6323372710982025
zapa1253,zapa1251,0.0682770494956013,1.521973693795425
zarm1239,song1307,-2.614966811372764,2.4127820608334725
zays1235,gong1255,1.0507771658979037,0.7415396720604637
zeme1240,sino1245,-0.6768675203665344,0.4276019656320891
zenz1235,otom1299,-4.151027709792045,1.646780094931095
zhab1238,sino1245,0.0412766123659418,0.5952585680172024
nort2795,atla1278,-5.406716327444782,2.2682522727175924
zinz1238,atla1278,-5.305548828260047,1.8745354466038997
zoog1238,otom1299,-4.2053489388976,1.6826963679952671
zulg1242,afro1255,-4.403247884496775,1.2975172062473463
zuni1245,zuni1245,1.3702851860105358,2.532923405300028
