Glottocode,Family_ID,GPGLMM_Latent_Mean,GPGLMM_Latent_Variance
abad1241,aust1307,-4.392535721322789,1.92831802421054
abee1242,atla1278,-4.640900379394774,3.360027577695448
abkh1244,abkh1242,-4.232743045482813,16.957414877609423
abua1245,nucl1708,-7.479388438421283,21.23602227871467
abun1252,abun1252,-6.044394812747537,21.27688819000573
achi1257,aust1307,-1.229592282596352,1.7628647693093455
acha1250,araw1281,-1.674922174193438,2.18256662306284
ache1246,tupi1275,-4.105547271655775,9.231351435335185
ache1245,narr1279,-5.58403630570206,17.606000567065195
achi1256,maya1287,1.6876244892255197,1.2297033667443458
achu1248,jiva1245,-3.4326815160407653,8.146250466945474
achu1247,pala1350,1.37305283371362,4.874650575304628
acol1236,nilo1247,-0.8251374832879375,1.319050672680916
adan1251,timo1261,-6.246414080244186,21.05766336288264
adon1237,aust1307,-3.450703223290869,1.747157598416095
adze1240,aust1307,-4.807790051676459,1.9203590404556792
aeky1238,kamu1264,-7.439844808476351,22.421867816548044
afad1236,afro1255,-1.721417720692631,0.9460899542691124
afar1241,afro1255,-3.0428842574553445,3.166470698255381
aghe1239,atla1278,-5.613109837132896,2.1285331950433743
aghu1255,nucl1709,-7.743729837539923,16.245556952325046
agob1244,paho1240,-6.437587949346572,21.392339724606927
agua1253,jiva1245,-3.973497245315974,8.589033309614592
agus1235,aust1307,2.086439639558511,1.170916714474913
agut1237,aust1307,2.854976495154672,1.7515255652372872
aika1237,aika1237,-2.8947660641652004,10.3725930887761
aime1238,bosa1245,-7.4598906065211,22.294604152498863
musa1266,nucl1709,-7.97455907904307,15.339217556375443
ayiw1239,aust1307,-2.472043647104546,1.3134526330823917
ajab1235,atla1278,-4.394667221572261,2.542532416960313
ajas1235,kres1240,-5.229397767676455,18.3014613866756
ajie1238,aust1307,0.3212474799537892,0.6482696431893089
west2635,maya1287,2.5399997584624088,1.0630847975679814
akei1237,aust1307,-3.52180291630316,1.0598026201120092
akha1245,sino1245,-8.802946888277088,8.993229019028846
akoo1248,atla1278,-4.73910098798264,2.3751892842247884
akun1241,tupi1275,-4.812740736001492,7.40411865923015
alab1254,afro1255,-3.1842416008067143,1.877397101993779
alab1237,musk1252,-3.9503843522374575,8.67723666855828
alac1244,otom1299,1.7225320338037289,0.9271391189579248
alag1248,afro1255,-3.22684392576833,2.8672642406060334
aleu1260,eski1264,-3.5935533474772674,14.923083736609373
alor1247,aust1307,-3.539054573567171,1.86693254038876
aluk1238,drav1251,-6.072109904228688,12.662442592798826
alya1239,pama1250,-0.8054500454917601,1.4370757170247117
amah1246,pano1259,-3.0165545631843864,2.074937876859821
amam1246,kuni1270,-7.2639387167377905,20.51185126318548
amap1240,left1242,-6.6884318376370455,22.01482591010857
amar1272,aust1307,-4.435929316059696,1.62028204974132
amas1236,nyim1244,-5.247542219478619,19.92836898599528
amdo1237,sino1245,-7.551192888221669,11.980838545768393
amii1238,west2434,-6.909062142167877,22.49020563538224
amis1246,aust1307,0.8341419103649099,0.7612551789957962
hoaa1235,kxaa1236,-5.177195007473173,23.921424999126145
amri1238,sino1245,-7.208655131104997,7.937611916459673
gily1242,nivk1234,-5.552738806719836,30.027606189832824
anei1239,aust1307,-1.970898921050514,1.1904870045536882
anfi1235,gong1255,-5.446461178042998,11.833498121150583
anga1290,anga1289,-7.38239348748018,21.451362643683797
anga1288,sino1245,-6.489237586948562,7.83007984724415
ango1257,chib1249,-5.813400717629523,7.197518209402318
wara1294,more1255,-6.489481828653732,20.87218598452569
anta1255,aust1307,-1.9745680851757608,3.9294737167963234
anuf1239,atla1278,-4.373062447663985,2.50367611027734
anuu1241,sino1245,-7.371585801656424,8.873617761025017
anut1237,aust1307,-3.212864352809458,2.115438859371181
aoua1234,taik1256,-6.012982043367719,19.6017076511496
apat1240,sino1245,-7.473407022010026,8.17125624053746
apin1244,nucl1710,-6.250812215859667,11.966664786881466
apma1240,aust1307,-3.2128280022379685,0.9518031711812256
apma1241,kera1258,-7.571668848616245,21.526911993544918
arak1252,aust1307,-3.645667078073688,0.9996805163877696
arao1248,pano1259,-2.4822805842944025,1.9530328163686332
arap1274,algi1248,-2.359166497448946,3.608570141263528
araw1273,tupi1275,-6.779697962897921,10.589587695651034
arbo1245,afro1255,-3.215010336906234,1.777004077337736
arch1244,nakh1245,-5.828363456783906,10.410911011335983
aree1239,aust1307,-3.3043808150684484,1.2483315492735727
area1240,aust1307,-1.2847198628959449,0.6483468617096122
argo1244,afro1255,-3.1948240649716517,2.590941416775948
arhu1242,chib1249,-4.809065076688498,6.499518824306847
arig1246,atla1278,-3.3508394578645126,2.103284944513007
arom1237,indo1319,-4.033104749029713,4.723396153831985
arop1243,aust1307,-4.762470141051756,1.8658614958212207
arop1242,aust1307,-4.704342704942345,2.8849158001411013
aros1241,aust1307,-1.2945133705217993,0.8557456395293599
arta1239,aust1307,2.83845231295323,0.8720124201554569
ashe1272,araw1281,0.8569415600883139,1.6972737704643492
asoa1238,cent2225,-6.733310431329125,12.69481550850574
assi1247,siou1252,-5.377400493389585,12.5566248829153
asur1254,aust1305,-3.374626311344062,2.8726694364387555
asut1235,atla1278,-6.478773985713529,3.904839620914856
atam1240,aust1307,2.203523906737122,0.9773360305878072
atay1247,aust1307,0.4642908884368277,0.8303888002315887
athp1241,sino1245,-7.35516898060196,8.828673382882684
aton1241,sino1245,-7.292289151741848,8.07572220928057
auuu1241,nucl1708,-7.461421004691488,21.29199666084324
aulu1238,aust1307,-3.809008489397179,0.8406810913864717
auye1238,nucl1709,-6.628340479831191,16.07920170165231
avac1239,tupi1275,-6.184879274182062,10.92846571724435
avat1244,atla1278,-4.531041555970644,2.5330207399064903
katb1237,aust1307,-3.7623474901132656,0.8530139399716177
awac1239,barb1265,-3.474500545540771,7.826905372737798
awad1244,aust1307,-4.842115396602592,1.963347334354012
awad1243,indo1319,-6.805540723073937,9.124099865612152
awar1249,ramu1234,-7.551412025227659,21.966759047056144
awar1248,nucl1709,-7.891632135322505,15.187235152862783
awet1244,tupi1275,-5.56022001141246,8.350052431051509
awji1241,afro1255,0.3681986513848354,1.9662433362902192
awtu1239,sepi1257,-6.692448581054224,21.00950743572875
axam1237,aust1307,-3.75572285788986,0.850428646150931
axiy1235,sino1245,-8.641530499724954,9.511167738929087
ayac1239,quec1387,-3.3678959364548784,6.70929055313546
azha1235,sino1245,-8.775296805399064,9.477249606844964
baba1264,atla1278,-5.719904261806331,2.2179139377418977
baba1266,atla1278,-5.649893553464251,2.207170428256319
baba1268,aust1307,-0.4778353158259305,0.7609847523380182
bada1257,drav1251,-6.080410115235416,12.710878331826422
bafa1247,atla1278,-4.714831990866706,2.4910219878840394
bafi1243,atla1278,-5.86063039624568,2.6122804606380328
bafu1246,atla1278,-5.618656188225993,2.1653708310189046
baga1273,atla1278,-2.9373883794547115,1.893160429763455
baga1272,atla1278,-2.710456254258137,1.7893442364509724
bagi1246,cent2225,-5.524432826974513,11.391751087670857
bagv1239,nakh1245,-5.746643538016979,10.316085858999458
bahi1252,sino1245,-7.482618643627491,9.145228814781234
bahn1262,aust1305,-4.013402657024864,2.634474587809933
baim1244,sino1245,-8.377173291960322,11.82377069805915
baka1272,atla1278,-5.613065897723383,3.9153955997889223
baka1274,cent2225,-5.659299094894601,11.853675991434812
baki1244,aust1307,-3.753963740489751,0.8902463449450693
bala1316,aust1307,1.4766273042649891,0.9706328889921848
bala1311,aust1307,1.7705296994719486,1.2121041275093205
bala1315,aust1307,-1.7236878749338542,1.4069741352382152
bali1278,aust1307,-3.1838465428223994,2.9124615531857643
liki1240,atla1278,-6.857182594787794,4.56455517763176
bamb1270,aust1307,-2.056302425572036,1.364149155054065
bamb1269,mand1469,-4.571213537533419,7.6753927385026515
bamb1262,maoo1243,-5.064898293897823,17.010687224707667
bamu1253,atla1278,-5.035162044015472,2.3838577675120547
bamw1238,atla1278,-6.990475256811935,4.498983742440956
band1344,atla1278,-6.287213610586912,4.250389175759651
bang1363,bang1363,-3.026672289582708,11.138066623095312
bang1369,sino1245,-7.53600839292236,8.433274714378058
bant1281,sino1245,-7.38328366495487,8.942630124084218
bant1288,aust1307,3.3327489706238027,1.5485506572616146
bara1357,sino1245,-7.633096295508068,9.817934456948391
nucl1630,koia1260,-6.860481869304552,19.16350775175617
bare1279,afro1255,-2.516342057367332,2.0638027112867405
bara1369,aust1307,0.2186347431757096,2.457543845479421
bara1361,atla1278,-6.307775080180813,4.318023549802433
bara1370,aust1307,-1.5576638045422992,1.1231954652997445
bare1276,araw1281,-2.337718257233828,1.9433598037138893
barg1252,nucl1709,-7.979551845705981,15.355252804770885
bari1286,aust1307,-4.444308419362635,1.6268643075809734
baro1253,aust1307,-3.792596018924249,1.406855628441832
basa1282,atla1278,-4.651538902670255,2.077165316896512
bash1264,turk1311,-6.798926850703575,18.971000833795884
basq1248,basq1248,-2.8488102649972795,10.854954223318046
bata1289,aust1307,-0.9173158284597333,1.6869294424262191
bats1242,nakh1245,-5.625667374316093,10.420930449589306
baur1253,araw1281,0.7504625966565102,1.5952112844733648
bawm1236,sino1245,-7.259241304150153,8.526092306498967
bayb1234,aust1307,2.6819435551815984,1.4258826626228966
bebe1248,atla1278,-6.225067240745629,2.990693797302157
beja1238,afro1255,-2.0772790084424453,2.808346451467457
bekw1241,atla1278,-5.195821463280726,2.06332857871638
bekw1242,atla1278,-5.748776273649053,4.164682648618452
bela1256,nilo1247,-1.0805098745459811,2.073966889091878
bela1254,indo1319,-5.084261773552642,7.454255458726692
belh1239,sino1245,-7.345463435137058,8.865220061182285
beli1257,cent2225,-6.552070036948949,11.866440743062526
bell1243,sali1255,2.8240690669088866,3.5252366503818138
belu1239,atla1278,-6.817185185426403,4.29861331947933
bemb1257,atla1278,-6.773094980780963,6.018346182325203
bena1262,atla1278,-6.818957389032223,5.019353519973976
benc1235,gong1255,-5.639209256037173,11.483262606107274
bent1238,dogo1299,-3.762982978522413,7.772433992315143
zagh1240,saha1256,-5.115699601461186,14.309733576160284
bert1248,bert1248,-5.737503105801096,20.35343032323369
bezh1248,nakh1245,-5.719930088443604,10.27884660324574
bhoj1244,indo1319,-6.7195422880392055,8.442796926100982
biaf1240,atla1278,-2.0673387832195638,1.6803063021322655
bian1252,kuni1270,-7.362611690053177,20.49828738582191
biao1254,hmon1336,-5.6393125049529775,16.03226591279021
biao1256,hmon1336,-5.9979856666918,15.72558810397905
bier1244,aust1307,-3.001243766225915,0.8802675639849298
bign1238,aust1307,-3.708988003652181,0.8937129573256328
biha1246,aust1307,-3.920586112584802,2.972373157947104
bila1255,atla1278,-6.808552636925224,4.345023452579412
bilb1241,aust1307,-4.88774921004907,2.116143582768075
bili1260,afro1255,-3.2284029280834243,2.9024996000919714
bimi1240,nucl1709,-7.889781924026233,15.872030797910895
bina1277,nucl1709,-7.289325577202565,15.282591850540769
bini1246,atla1278,-3.5575810601727405,2.253130769317636
gunw1252,gunw1250,-6.30100895201357,21.03598389991204
birr1240,cent2225,-6.881172134780874,12.606606070672044
bisu1244,sino1245,-7.900065107420437,9.00831794712984
bitt1240,aust1305,-4.379635237665871,2.6928630406950305
biwa1243,yuat1252,-7.557889847642742,22.087411222543167
blab1237,aust1307,-0.2932963355130678,0.5918811122929526
bang1354,atla1278,-6.775417302950965,5.100401131537495
bodo1272,atla1278,-7.209320262444779,4.128117438057856
bodo1267,aust1305,-3.216416121337632,2.9055892024156407
bodo1269,sino1245,-6.3827849743580725,7.872201649503893
boka1249,sino1245,-7.687950880396125,8.75114093620192
bola1250,aust1307,-4.014761497646544,1.510804943431424
bolg1251,atla1278,-6.664989426294493,3.68530659055223
boli1256,aust1307,2.3633198402612394,1.1575026273506523
chim1302,quec1387,-4.446634367759575,7.231283598059534
bolo1262,atla1278,-6.913561641782245,4.726259420137751
boly1239,aust1305,-4.186968257442395,3.894293859114256
bomb1262,atla1278,-6.98259743283357,4.422463011423574
bomk1234,atla1278,-3.558681033138793,2.4334209952238552
bona1250,mong1349,-6.752237646535688,20.29085781530094
bond1247,atla1278,-6.577033366527957,4.24897335911551
bond1245,aust1305,-3.22711986533997,2.5400804496497216
bong1289,aust1307,0.7585059895279898,1.1204690060191638
bong1284,atla1278,-6.741956214472088,4.728255156015933
bong1285,cent2225,-6.0300724151671545,11.917898865291988
bora1263,bora1262,-3.749275977390084,14.370992003637056
bora1271,afro1255,-2.542155550955137,2.0630179064764604
bord1248,chib1249,-5.326129288681612,6.759425047666966
bori1243,sino1245,-6.817938288816761,8.373575547774536
boro1277,gong1255,-5.741440767704464,12.305923308373975
boro1282,boro1281,-2.931471183693136,10.6778619822241
boto1242,aust1307,2.769260052643721,1.275017242007749
boun1243,atla1278,-3.749909381308313,2.5411382978880823
boun1245,nucl1709,-7.936539708199545,15.5204223662885
brah1256,drav1251,-6.614351029575508,17.418324694941163
lave1249,aust1305,-4.345741245840793,2.4003198853089884
bret1244,indo1319,-0.126269737087092,1.7711460619232895
brib1243,chib1249,-4.344483448108965,5.846758997033774
budu1248,nakh1245,-5.916266191974982,10.838715052402932
budu1265,afro1255,-2.447327948672724,1.2806158048777974
budz1238,atla1278,-7.141415375332507,4.71238316459872
buga1247,aust1305,-4.256973092042655,3.574703802866651
buga1250,aust1307,-4.635280138627429,1.7157204258207486
bugh1239,aust1307,-0.2189798459850482,0.5704512705438844
bugi1244,aust1307,-2.397415680132334,1.4339685059109684
bugl1243,chib1249,-4.677339998509753,6.306570750731808
buhu1237,aust1307,-3.1928694874614143,1.458035245195077
bujh1238,sino1245,-7.621415942949087,9.863410324708497
buku1249,atla1278,-5.2442390783412325,3.1149024547778907
bull1247,atla1278,-3.339607770066769,2.3228057577533434
bulo1242,aust1305,-4.20967862159392,2.7019270811425287
bumt1240,sino1245,-7.5742604587061795,8.507538328277334
buna1276,aust1307,-2.757883275809502,1.2867544138045162
gahr1239,sino1245,-7.935364639138445,12.99450876979894
bund1253,indo1319,-7.020489428732802,9.212766694745582
buol1237,aust1307,-1.2647763160424637,1.18955025671184
bura1292,afro1255,-2.0984704266368883,0.807748547029945
bure1242,afro1255,-2.436935902263537,0.9408050450946206
burj1242,afro1255,-2.6126911248483853,2.0082627770870687
nucl1310,sino1245,-7.510768862645005,9.08620921424665
burm1264,burm1264,-7.057958997027434,22.26951378037859
buru1320,afro1255,-3.341797808434313,3.052651593412932
buru1296,buru1296,-5.966139513989027,26.67901452258708
busa1253,mand1469,-5.534859434756346,8.228764854562272
bush1247,atla1278,-6.881378733409397,6.00286053032832
buwa1243,afro1255,-2.128588386906914,0.6108145417222346
bwai1242,aust1307,-3.169853199882213,1.179370178074734
bwat1240,aust1307,1.3855460574234626,0.7491962834979944
byan1241,sino1245,-7.8829470548515825,11.611002912803158
caac1237,aust1307,1.498829347151108,0.8645757845597046
cabe1245,chib1249,-4.258559439750094,5.819708118631255
cahu1264,utoa1244,-4.190228994606215,4.019482971018093
cakf1236,afro1255,-2.0639678093318548,1.0349913408860516
cald1236,quec1387,-4.522492397709435,7.016999640597902
camp1261,indo1319,-3.502881643254614,4.213719426058887
cams1241,cams1241,-2.85356980141684,10.14078802306264
cane1242,nucl1710,-6.178136174532156,12.613080549831809
caom1238,taik1256,-6.462985982475245,19.358862152825125
capa1241,pano1259,-2.812903096988002,2.1688346724417613
carn1240,aust1305,0.245414346865616,1.703429798143688
caro1242,aust1307,-1.326185729173087,2.2562633473252163
cash1251,pano1259,-2.2308658730773634,2.1288816610931605
casi1235,aust1307,2.936716200245572,0.9932070400233072
stan1289,indo1319,-2.695761010712036,3.441815983759099
cavi1250,pano1259,-2.237081989777404,1.9343681927295364
cayu1262,cayu1262,1.8841798794264608,6.143913290003198
cemu1238,aust1307,0.6504552135236574,0.7197714580239136
cent2127,eski1264,-3.1878867927138645,12.611019589808649
cent2142,ayma1253,-3.0540527012399727,6.54676199616425
cent2004,sino1245,-7.513564242319799,9.085190118718742
cent2292,aust1307,2.04797407086254,0.7092474319179871
cent2084,aust1307,2.4332706596841214,0.9255976809844242
cent2314,aust1305,-4.1168598079237935,2.815062491401335
cent2050,saha1256,-4.066654143409258,11.902599614852932
cent1989,aust1305,-4.286683229424872,2.749117619381053
mala1479,aust1307,-3.5787114275264056,2.852118617662086
cent2322,ural1272,-7.102684614137257,20.727143889774823
cent1992,aust1305,-4.145246312537273,2.592371755907905
cent1990,aust1305,0.1809660389015683,1.6670386231818526
cent2126,japo1237,-4.503072788854041,10.390358614871404
cent2140,miwo1274,-3.81343504640366,11.45464431448704
cent2131,utoa1244,-2.4547138577637937,2.076522488093616
cent2150,chib1249,-5.71634341873315,7.164657434200237
mbal1255,atla1278,-6.399508773754578,9.009796172789793
chac1251,pano1259,-2.560170518739519,2.0250115205434014
chad1249,afro1255,-2.1086487359969563,1.7423666916044027
chak1270,sino1245,-6.567898229752606,8.931610123895439
chak1271,atla1278,-4.359259688266976,2.374306607749645
cham1315,zamu1243,-2.678839579185824,9.398885223976151
cham1309,nakh1245,-5.73837365695252,10.352156828376138
cham1312,aust1307,0.0499493242105155,1.7801114871032837
chan1313,sino1245,-6.784740338818704,8.129552486670264
char1269,gong1255,-5.775194348890777,11.369767918520196
chas1234,sino1245,-8.247204366635575,8.892572264152292
chec1245,nakh1245,-5.726165013030963,10.812108010843914
chek1238,aust1307,0.3615542474528124,0.5785243985187094
chen1255,drav1251,-6.443217769724733,12.588408302831922
chep1245,sino1245,-7.646921933404476,9.668395853386317
cher1273,iroq1247,-3.2032030853524778,7.866258027977622
chey1247,algi1248,-2.194299950576148,3.406942274880521
chic1270,musk1252,-3.750553566542413,7.4606882329858735
chil1280,atha1245,-4.258559731359286,8.605852912607233
chim1309,chib1249,-4.969912190544413,6.55625737162589
chim1312,atla1278,-6.92867995787638,5.305853838611668
chhi1245,sino1245,-7.36387275787053,8.875119626378023
chip1261,atha1245,-5.909715863399514,14.284424039729544
chip1241,algi1248,0.5764500592536259,2.392386281490104
chir1283,sino1245,-6.592436918366854,7.895771252436461
choc1276,musk1252,-3.7018807697611913,7.267509767793541
chon1284,aust1305,-4.151948341009943,2.801869144047572
chot1239,sino1245,-6.524898035549553,7.957553085662326
chra1242,aust1305,-4.026652569911828,2.989246589899992
chuj1250,maya1287,2.4342531660062874,1.075571167214861
chuk1273,chuk1271,-5.611140381656817,41.13356764166569
chuu1238,aust1307,-2.822085231278686,3.125175403456282
chuv1255,turk1311,-6.4114660840010345,17.298152537219707
chuw1238,atla1278,-6.287140120911447,6.364698223365437
cici1237,atla1278,-4.672987341654794,2.6298428482588463
chin1286,chin1490,-3.4115513931174384,13.3333294445476
cent2087,aust1307,3.312868573068354,1.566967500536066
sout2912,aust1307,3.216399466826419,1.7344849190160687
coat1243,otom1299,2.9796819717320595,1.0639983782104991
coca1259,tupi1275,-4.365588143714167,7.919334176739767
cofa1242,cofa1242,-2.90303437699472,10.35986689595373
cogu1240,chib1249,-4.766370006871575,6.561260398796392
inga1252,quec1387,-4.531046144420516,6.970564479516739
colu1241,sali1255,0.7176471110189735,1.7840344734629952
coma1245,utoa1244,-2.346696938306758,3.493763105219585
como1259,sali1255,2.5720066927652288,2.703761896436632
cong1236,atla1278,-6.831471395057047,5.7715519772401365
copa1237,otom1299,2.2630216938900496,0.836650697915374
cors1241,indo1319,-4.476137947694491,3.963942770708343
cosa1234,sino1245,-8.858776930407746,8.995129772583681
cota1241,aust1307,2.196187448178216,0.9889163605461988
cree1270,musk1252,-3.672512282045101,7.398103470266022
crim1257,turk1311,-4.665852521256694,11.817244080962382
crow1244,siou1252,-4.992341133296239,11.644981259454113
cube1242,tuca1253,-2.3736264959389706,2.038379029329292
culi1244,araw1282,-3.587034906326764,10.84103527776513
cusc1236,quec1387,-3.4774593695208167,6.742541586298444
czec1258,indo1319,-5.259205560741794,5.2952002052485625
daai1236,sino1245,-7.484483325953978,9.112922312398524
daas1238,afro1255,-2.824312153206586,1.8465372119202077
dadi1250,tebe1251,-6.742571373361528,21.623492212242027
dagb1246,atla1278,-4.391482363604595,2.421886114091194
dagi1241,narr1279,-5.587294683419573,17.64137582629384
daur1238,mong1349,-5.740535641821797,23.68915624924307
daka1243,aust1307,-3.9059372710711378,0.866238754643831
damp1237,aust1307,-0.6268433236890414,1.045049922950085
dana1252,aust1305,-3.595897542991626,2.7328495883650703
dand1238,drav1251,-6.751921086281199,12.520933832953515
dani1285,indo1319,-3.991222005149129,5.046660237903083
dara1250,indo1319,-6.760383361638386,8.91742402762425
darm1243,sino1245,-7.886785466282999,11.621118111532011
dawr1236,gong1255,-5.905113775837744,11.377385833079927
daza1242,saha1256,-5.111103357164634,12.90133566576705
dege1246,atla1278,-4.535901740856509,2.5164693463860037
dehu1237,aust1307,0.7860637425226797,0.7836623783238252
dera1248,afro1255,-1.49982335239736,0.8594271911382521
desa1247,tuca1253,-2.544555445775456,1.972444578412052
dhao1237,aust1307,-3.6874562252304974,2.4176998393138263
dhar1247,pama1250,-0.1724387256975128,1.6399222364010626
dhim1246,sino1245,-7.137638971278099,8.612486610952672
dibo1245,atla1278,-6.813261568700465,4.587998113080118
dier1241,pama1250,-2.910036148073761,3.048332110146589
digo1243,atla1278,-6.561955703425527,4.337819432814541
dima1251,sino1245,-7.073662653945638,7.755903057895509
diri1252,atla1278,-6.538192023848696,8.106860728905602
djee1236,mani1293,-6.260924232066383,22.996366852619687
djeo1235,nucl1710,-3.433662945491124,8.314933469491564
djin1253,pama1250,-3.3640755060546508,3.868287836458265
dobe1238,aust1307,-4.453403139952503,3.117214905668007
dobu1241,aust1307,-2.8870649094078926,1.1824056202812017
domm1246,nucl1709,-7.941012806808943,15.37354849281624
doma1260,indo1319,-6.938008816486772,12.25640568862049
dong1285,mong1349,-5.979792496312399,20.261675216268287
doro1266,manu1261,-6.726367018120899,21.099119056167183
drun1238,sino1245,-7.389563274254506,9.26738928868994
dual1243,atla1278,-5.533036813156247,2.659831432416297
chug1252,sino1245,-7.436450090715697,8.248318403711494
dumb1241,aust1307,-0.1285451856990001,0.8559313919801639
dumi1241,sino1245,-8.254086041808645,9.096387452929008
dupa1235,aust1307,2.6756178700211906,0.9803294651230487
dusn1237,aust1307,-4.179274304772699,2.5160947952292645
dutc1256,indo1319,-3.1710662087625905,3.417104246701271
dyir1250,pama1250,-3.316043321724666,3.030880820313186
dyul1238,mand1469,-5.282466773871484,7.34471464869705
dzao1238,hmon1336,-5.453824484779432,15.82665736751703
dzon1239,sino1245,-7.729502095824037,8.621273257872389
east2443,aust1307,-3.926010333999361,1.0321726723740596
tang1336,sino1245,-6.560865456422853,7.893451937060362
nucl1235,indo1319,-5.274516676847695,6.815905640211199
east2379,pama1250,-2.2169067992198173,1.977567739614699
sout2896,aust1307,-3.5092364874190567,1.8123975965349644
east2555,tupi1275,-3.783628883822884,7.89461188569021
east2332,aust1305,-4.443024101633187,2.6113908517737627
east2690,afro1255,0.4295027561337345,1.5988004256019934
east2556,otom1299,1.478723295975978,1.269647959752831
east1236,aust1305,-3.463710988304848,2.544798684247453
east2342,sino1245,-8.370126757534791,9.132065192305532
east2328,ural1272,-6.582412287308866,15.875462814709522
east2773,sino1245,-7.510441346924443,9.306623557989951
panj1256,indo1319,-6.978141610466405,10.768157024021235
east2485,aust1307,-1.0949541540245988,0.9742719566213224
fina1242,aust1307,1.5438746733049653,0.6704222117601262
east2694,aust1307,1.972652730866208,1.111548074190722
east2516,nucl1709,-7.156138365161956,15.57412775092331
huaa1248,tuuu1241,-5.153731241842841,24.519000706259803
wall1257,aust1307,5.317845842422788,13.16592524785078
egaa1242,atla1278,-3.8307895399248113,3.3903625449872976
egyp1253,afro1255,1.005974807271263,1.9747815539541165
eipo1242,nucl1709,-6.971923204114916,16.065609192323265
ekar1243,nucl1709,-6.738730296334632,16.1300175746632
elem1253,atla1278,-3.924334924727489,2.42909376417218
elip1238,atla1278,-5.955397581601872,2.7084263867413654
elna1235,utoa1244,-0.1631678927063271,1.1487071768799098
emae1237,aust1307,-3.5925661464038585,0.9677206301800964
emai1241,atla1278,-3.975812455702776,2.1391620229983346
embe1260,choc1280,-3.889886626311944,7.7559425175481636
embe1262,choc1280,-4.245989624029722,8.063496013025755
stan1293,indo1319,-1.6058113008599135,2.228558049190525
enuu1235,sino1245,-8.798022476313834,9.046785981274311
epen1239,choc1280,-4.164381002291449,8.15878180303568
ersu1241,sino1245,-8.418338577771841,10.30613556567296
erzy1239,ural1272,-6.316880850476318,14.762660003000548
esan1238,atla1278,-4.024927745698941,2.201628525752753
esee1247,koia1260,-6.76484131059184,19.06378780390077
esee1248,pano1259,-2.7129173534833004,2.070010216144297
esim1238,atla1278,-5.546012063601463,2.101772049817029
esto1258,ural1272,-5.674271507702176,12.435786303562082
eton1253,atla1278,-5.195806183200316,2.827409295706147
even1260,tung1282,-6.261860906753098,29.370940264055207
even1259,tung1282,-6.454957497978354,28.44437278381245
ewee1241,atla1278,-4.4467870545793495,2.649536429925689
fala1243,sino1245,-6.223514872291082,8.04853847314638
fare1241,atla1278,-4.192324306021192,2.434424806745469
faro1244,indo1319,-2.775926511429954,5.295612408436909
fasu1242,fasu1242,-7.487384480758953,22.17695281749076
fiji1243,aust1307,-0.6295918304009023,1.6811778911846886
fili1244,aust1307,3.284346507070278,1.4823779773510497
finn1318,ural1272,-5.8564729053275055,13.510085212899412
fipa1238,atla1278,-6.837930296640138,5.181383947332719
foii1241,east2499,-6.729980548701262,21.81526534582906
fonn1241,atla1278,-4.39272759550904,2.532039291050367
fore1265,ural1272,-7.308453764160609,26.71503530194417
fran1266,mixe1284,1.2927833864251848,2.013130119754024
stan1290,indo1319,-2.3488034515349905,2.7110243271191763
fuln1247,fuln1247,-4.334964485697097,21.02144608846163
furr1244,fura1235,-5.421369440263277,20.86687867868029
furu1242,cent2225,-6.001928426303016,13.047245263430696
futu1245,aust1307,-2.3952678667807508,1.256668363664204
fuyu1242,fuyu1242,-7.019994360122303,21.28259667729364
gaaa1244,atla1278,-4.568795834946101,3.009685639426692
gaaa1245,atla1278,-5.860463398525065,2.275709255755615
gaam1241,east2386,-5.659131554401393,20.387264151256417
gaan1243,afro1255,-1.8409936221422656,0.7655118743583529
gada1258,aust1307,1.6878113451534986,0.7083180428253542
gade1242,atla1278,-4.930174650592813,2.0864430575275605
gaga1249,turk1311,-4.44084775093228,12.02226548978308
gale1259,nort2923,-4.874454067588879,13.294235320090737
gali1262,cari1283,-3.125692178449332,3.419365225464944
gali1258,indo1319,-2.118562105105162,2.998098499032352
galo1242,sino1245,-6.898200562730576,8.544268978505457
gamo1243,gong1255,-5.866229627352588,11.360949564986456
gand1255,atla1278,-6.230792058437373,3.69754487105692
gang1266,sino1245,-6.502957080177522,7.921644612939289
gant1244,nucl1709,-7.975656438952585,15.412813650531234
gapa1238,aust1307,-3.377165670267084,1.2839569339060404
garo1247,sino1245,-6.588647607842885,8.127182055391799
gata1239,aust1305,-3.266912565234781,2.792309290444848
gayo1244,aust1307,-1.3347788458939522,1.683418300394976
geba1237,sino1245,-8.061578327965705,9.286827262459084
gebe1237,aust1307,-2.815844380707905,2.10841778884182
geda1237,aust1307,-4.88662664621905,2.1227806907404982
gela1263,aust1307,-0.1923714366842794,0.5466265627184015
nucl1302,kart1248,-4.649638683102012,15.756025611610909
gese1240,aust1307,-3.95746007275994,2.33842230520645
ghad1239,afro1255,1.4386158947058036,2.577147881943901
ghan1242,aust1307,0.9721406759471232,0.7181169597811845
ghar1239,aust1307,0.1101564969815722,0.6152943798042827
gheg1238,indo1319,-4.970141157140578,4.88033837480468
ghom1257,afro1255,-0.0309805335442838,1.8315895833110147
gida1247,afro1255,-2.51008726510811,0.8769504361126934
gilb1244,aust1307,-2.635105601374089,4.325498405302383
gira1247,nucl1709,-7.972375130277625,15.310706304041304
giry1241,atla1278,-6.495779441572301,4.2408507761807215
glav1244,afro1255,-1.674172074456509,0.5979964918676615
ghod1238,nakh1245,-5.779962942628186,10.438145317898956
goem1240,afro1255,-2.2086931247860004,1.0870039453272256
gofa1235,gong1255,-5.877942273806434,11.33943979864246
gogo1265,suki1244,-6.557083837017816,21.971598848613013
gola1255,atla1278,-3.9829289548411175,3.1467032298418047
pare1266,aust1305,-3.2110179883505103,2.53089513376716
guah1255,guah1252,-2.875366058390304,10.32689446547772
guam1248,barb1265,-3.4818155691266304,8.064416086696824
guat1253,guat1253,1.4889686181940682,5.09174832450276
gube1234,atla1278,-2.648507778526465,2.150947106069537
gude1246,afro1255,-1.4537067275901443,0.6864190893354305
guer1243,otom1299,2.2501418063710865,0.9275040059866768
guhu1244,nucl1709,-7.545016714527785,15.274845090413038
guiq1238,sino1245,-7.607586269486001,10.652718354357887
gulf1241,afro1255,-2.328391028905525,2.662818743303518
guma1254,aust1307,-2.861310973320787,1.165697394670531
guny1241,pama1250,-2.429412305010852,2.804777586901864
gura1251,indo1319,-5.724116564523495,5.958487239198419
guri1248,guri1248,-6.559112582670686,21.93727277534764
guro1248,mand1469,-5.486564766566303,7.843593323869641
guru1261,sino1245,-7.46570416486616,9.19434167926127
guru1271,afro1255,-1.6562107153354826,0.8680212895663288
gusi1247,atla1278,-5.712731560365448,3.081670034011552
gugu1255,pama1250,-3.770872051779258,3.2353532652591497
kwam1249,koma1264,-5.677807931009992,18.78157362371768
gwen1239,atla1278,-6.418559917071329,3.788371088172781
gyel1242,atla1278,-5.778388824652998,3.392998344998176
haaa1252,atla1278,-6.714959628244538,4.625164597092564
hadi1240,afro1255,-3.1508848877505677,1.8629493845575384
hadz1240,hadz1240,-5.318433936009683,19.91062752017764
haka1240,sino1245,-7.187273371566421,8.367691656323728
hala1252,aust1305,-4.282534694386692,2.4229424826734487
halh1238,mong1349,-6.1199973073934935,23.414995479469056
hali1244,aust1307,-2.805129808187764,1.123553494021749
halk1245,sali1255,2.021153271174152,1.8753536091266625
hame1242,sout2845,-5.426217526458085,19.283404875430875
hang1263,nduu1242,-6.788954820792974,20.97031628178597
hani1248,sino1245,-8.087564261052625,9.17896472514397
hano1246,aust1307,-3.958891098307933,1.030186667622914
haru1245,piaw1238,-7.524567422497903,21.461266104675275
hass1238,afro1255,1.1931794546705223,2.595429185014879
remo1247,aust1307,3.146206371675627,1.3658918566492275
haus1257,afro1255,-1.4862260308315451,1.1284204274521272
nige1253,atla1278,-5.584010070893518,2.4987196100641285
hava1248,coch1271,-4.751647970546105,16.53426151696064
hawa1245,aust1307,3.2327194577415463,10.837299348834648
hdii1240,afro1255,-1.6320713281048445,0.5706092306601391
hehe1240,atla1278,-6.801831629461544,4.573678141997775
heil1246,waka1280,1.8508458235745109,6.274927552755344
here1253,atla1278,-6.431764809427461,8.640216189992941
hida1246,siou1252,-3.975154141788536,11.714177037903596
high1276,mixe1284,0.4795934792482792,1.612930660259252
hind1269,indo1319,-7.030234250218276,9.612162844805669
hixk1239,cari1283,-3.8630471541191462,3.508871096391701
hooo1248,aust1305,-2.904037569952386,2.5298159237463125
hoav1238,aust1307,0.8342970248041661,0.5862462076139963
ainu1240,ainu1252,-5.214737498416982,27.4386376325232
holo1240,atla1278,-6.809772011907024,5.321053800426739
hone1235,atla1278,-5.763948916295162,2.2143344582497235
honi1244,sino1245,-7.945605747485118,9.073072174188482
hopi1249,utoa1244,-3.792432385632501,3.7106592219745096
hote1245,aust1307,-4.673362781712201,1.7753006042372306
hozo1236,maoo1243,-5.01424477915298,16.950275112936637
hrus1242,hrus1242,-4.799125492561752,19.92190239545971
huuu1240,aust1305,-4.258408404087932,2.70536694557579
hual1241,quec1387,-3.734372677625927,6.415688107700106
huam1247,jiva1245,-4.076968449987918,8.272260769885008
huar1255,utoa1244,-3.507873580957388,2.1838014978582976
huas1242,maya1287,-0.1890884529231358,1.8841015258559963
huba1236,afro1255,-2.0992510757590903,0.6941740715630544
huic1243,utoa1244,-0.4594163914368852,1.1498442481841806
hula1239,aust1307,-4.03428448165554,1.8845252150237852
hula1244,afro1255,-0.9413159624161264,1.831949185282696
huli1244,nucl1709,-7.870635604275304,15.746960348711951
humb1243,song1307,-3.886465959912309,7.748483303954998
hung1275,aust1305,-4.479935202662057,2.754911085804423
hung1274,ural1272,-4.85286725756851,12.921950031119591
hunz1247,nakh1245,-5.7307015557698335,10.277832313884517
hupd1244,nada1235,-0.9597833003485108,2.6478134024990823
wyan1247,iroq1247,-4.675129658863087,7.545514832879647
hyam1245,atla1278,-5.200857583933352,2.141860265727047
iaai1238,aust1307,0.2454412512521724,0.695593846896827
iama1237,aust1307,-3.0083762005179526,1.1545630782476195
iatm1242,nduu1242,-6.802581652479731,20.90996409305106
ibal1244,aust1307,2.548579265059503,0.8485962250770314
iban1264,aust1307,-2.3912671820040217,1.763075864256507
iban1267,aust1307,2.590780865012168,0.8587215552474134
ibat1238,aust1307,2.1913802563630544,1.144649032601592
ibib1240,atla1278,-4.099398014144905,2.300446104175492
icel1247,indo1319,-3.229424221600939,8.185647739340922
idii1243,paho1240,-6.490664671850913,21.387070298530546
idum1241,sino1245,-7.124018142730796,9.280600315320982
idun1242,aust1307,-3.1847903576092325,1.1899999371598398
nucl1417,atla1278,-4.714884827788181,2.4782400569061167
ikkk1242,kuli1252,1.543339844983597,3.3684762626955376
ilaa1246,atla1278,-6.610578832200341,7.006228951966975
iliu1237,aust1307,-3.718414395598764,2.027710203678509
ilon1239,aust1307,2.8564160067809747,0.8516089164011902
imba1240,quec1387,-4.486418923185315,7.099082407619633
ingr1248,ural1272,-5.8873105190359,12.78929190523705
ingu1240,nakh1245,-5.640230123078272,10.729289250033588
alba1269,aust1307,3.315225778389975,1.545829345037987
iqui1243,zapa1251,-3.4381447546687687,9.3057623749918
iraq1241,afro1255,-3.156851197655266,2.8140671442382086
irar1238,aust1307,-4.140303306469426,2.495844720074686
iris1253,indo1319,-1.9653944222767377,2.7979273345063405
irul1243,drav1251,-5.973291491180095,12.70151387921736
isco1239,pano1259,-2.588088580790283,1.963079911100991
isin1239,aust1307,2.729294565719092,0.8255798038803022
isir1237,kwer1242,-6.993629717664977,21.87505627423039
isna1241,aust1307,2.1385155633813,0.930390063842168
isth1240,utoa1244,0.1772480129810554,1.0739742875280172
isth1241,utoa1244,0.1161846522211162,1.099456564361546
ital1282,indo1319,-4.052082525971409,4.145659503925785
ivat1242,aust1307,1.5772372262850145,1.1914091538834557
iton1250,iton1250,1.6140412108990247,5.3593049139563504
itza1241,maya1287,1.993007113663141,1.480514532060326
iumi1238,hmon1336,-7.311735019867644,16.62978088026844
iwal1237,aust1307,-4.6339198710055625,1.7683804131404202
iwam1256,sepi1257,-7.440641616688915,21.02363865040965
iyoo1238,nucl1709,-7.929739838769157,15.22198702198881
jahh1242,aust1305,-3.633142750012985,2.765895163718639
jalk1242,mand1469,-5.199003028575849,7.347735812338755
jamb1236,aust1307,-2.5524297793169346,2.9566539346726444
djam1255,mirn1241,-6.024298343230926,20.54944449352213
jams1239,dogo1299,-3.745430356618279,7.730622120005535
nucl1643,japo1237,-5.67096293426361,15.121367834924795
japh1234,sino1245,-8.36390750142637,11.2402621407263
jaqa1244,ayma1253,-3.073794209498117,7.054559722557002
jara1266,aust1307,-3.2664220144325333,2.945949859519644
jede1239,aust1305,-3.657292192650511,2.4907430606562717
jeha1242,aust1305,-2.8573780107550752,2.43492545968148
jiba1237,atla1278,-5.772258894142716,2.2053385019850253
jina1244,afro1255,-2.623623952540667,0.9174227717153656
djin1251,mirn1241,-5.099032569409227,20.6280997435786
jjuu1238,atla1278,-5.2418517282870205,2.188884183177493
juan1238,aust1305,-3.1444491083673447,2.5681117614898312
juku1254,atla1278,-5.646619201164256,2.091349650080531
jurm1239,cent2225,-6.498605853830485,11.850612355329003
kaba1281,cent2225,-5.623131059897354,12.167274905484732
kaba1278,abkh1242,-5.403018702376494,17.35873409014387
kach1284,gong1255,-5.897169620920382,11.536439446284618
kada1242,drav1251,-6.04821410604683,12.7331952948755
cent2100,aust1307,1.1251504212011216,0.8381325166123474
kado1242,sino1245,-8.68177178135789,8.927926118084784
kafa1242,gong1255,-5.728203795701219,11.467947370336304
kaga1256,aust1307,2.9243586906798265,1.717198480200551
kagu1239,atla1278,-6.662901054975189,4.250953016168438
kaik1246,sino1245,-7.773985154414229,10.536209020405847
kaki1249,kaki1249,-7.284551478461424,21.62882074324702
kala1399,eski1264,-5.264898517509015,25.64372922036576
kala1388,aust1307,2.114934765047289,0.9245827840706512
kara1499,west2604,-6.812588906960608,21.899270143524006
kala1384,atla1278,-6.35120288509288,7.821468857773127
kamm1249,atla1278,-5.796496371065517,2.1633150086803994
kama1370,nucl1709,-7.155274701102351,15.247400707157992
kamb1316,afro1255,-3.1644725284095645,1.8529005747277691
kamb1297,atla1278,-6.100428256705564,3.534774786227388
kamb1299,aust1307,-3.520405333697208,2.18168738677781
kana1286,aust1307,-0.2290634747679574,0.695079766650764
kani1286,nucl1709,-7.188916894059054,15.276901939260554
nucl1305,drav1251,-6.315203865539466,12.819218532961685
bidy1244,atla1278,-2.5024489756740493,1.9302996165727533
kaon1241,atla1278,-6.721573620512789,6.699377722268238
kaqc1270,maya1287,2.1855817913131754,1.3042821644273346
kara1482,cent2225,-6.526094151644742,12.797658566041603
kara1476,pama1250,-3.338869672043738,2.7683418943161517
kara1500,nucl1710,-5.201720105814665,10.201093648257398
kara1487,aust1307,2.559893631659175,0.7629356579881801
kara1486,aust1307,-3.986535793145333,1.6330147323755568
kare1338,atla1278,-5.712596779434609,3.0291608367352154
kare1335,ural1272,-6.094839484441092,14.30980242492926
kari1306,atla1278,-7.200047376304569,4.2439140205361525
kari1311,tupi1275,-4.67447336550779,8.00221677186596
kark1258,pauw1244,-6.58903214426531,22.00922617482341
karn1252,aust1307,-4.599313395306768,1.6965139656674353
karo1304,karo1304,-3.445956684196074,13.696802136131836
kash1277,indo1319,-6.940518317435263,11.770937979275118
kask1239,atha1245,-4.290054923799471,10.18690652052038
newa1246,sino1245,-7.605974759692726,9.530656109596748
kats1235,sino1245,-8.666925701270186,9.315571685062013
kana1291,katu1274,-3.497506871601101,13.463781215074803
kaur1271,kaur1274,-7.23736209673478,22.39351655107086
kava1241,aust1307,0.5965232107665437,0.9645983604742696
kaya1315,sino1245,-8.16204317523964,9.252649035441578
keap1239,aust1307,-3.950376884710424,1.8580073865243487
kera1248,atla1278,-2.574817166400493,1.9530272376409383
keig1242,kadu1256,0.9301517709378176,4.0412022121620055
kele1255,atla1278,-7.055859543571208,4.952904851443918
kele1258,aust1307,-4.651877116199945,2.3383188765139096
kele1259,aust1307,2.4895257094556134,0.7311980349258675
keme1240,atla1278,-5.699576876995987,2.1501598890131817
keng1240,cent2225,-6.213311261515093,12.241266478165327
kens1248,aust1305,-3.553138707370477,2.455423064849384
kenu1236,nubi1251,-3.9407096163862754,16.533548298588002
keoo1238,aust1307,-3.43785932411072,1.855950170555417
kera1255,afro1255,-2.929373224140013,1.136744471340947
kesa1244,nucl1709,-7.956491850345196,15.270049443642035
kett1243,yeni1252,-6.079802351343808,34.66329874818037
kgal1244,atla1278,-6.262075853433496,9.162301320964716
khak1248,turk1311,-7.006151506586656,21.998125701063785
khal1275,sino1245,-7.312940158800375,8.924224518089275
kham1282,sino1245,-8.02618975498643,10.40028735852907
khan1278,atla1278,-3.9918145285652975,2.42233080469812
khan1274,aust1305,-4.416145517094845,2.948117392440807
khar1288,sino1245,-6.492338767081193,7.8314624342696675
khas1269,aust1305,-2.372379569690992,1.9212713299667428
khez1235,sino1245,-7.352228943178527,7.891107319310066
khin1240,nakh1245,-5.922927111349193,10.71049571318636
khmu1256,aust1305,-4.374698504926199,2.648414340301599
guan1266,sino1245,-7.583479396262758,10.987432553167451
khum1248,sino1245,-7.206904685089979,8.362777864225237
khva1239,nakh1245,-5.725453976834872,10.293359957925476
kich1262,maya1287,2.1756958325936124,1.25851508505842
kiku1240,atla1278,-5.567231106349498,3.088179260668994
kile1243,tung1282,-5.729885269988129,19.96859096885217
kili1267,aust1307,-2.421474408346933,1.2311013733026217
kimm1246,atla1278,-6.45133022132657,2.658246820051687
kima1246,kolo1268,-7.155002222292341,22.10021824095796
kimm1245,hmon1336,-7.283810765356993,16.430490849722247
kina1250,aust1307,2.454301196713346,1.492645593184719
kinn1249,sino1245,-7.916456665124002,12.66798498582287
kiow1266,kiow1265,-3.2658306151303305,12.718098823009411
kips1239,nilo1247,0.1636677633978358,1.0910323331954714
miju1243,sino1245,-7.220852862289478,9.128259744639903
koda1255,drav1251,-6.20095896536659,12.824403208818609
koho1244,aust1305,-3.956456959713247,2.8627896212931603
koir1240,sino1245,-7.31171433517275,7.859524504945142
koit1244,koia1260,-7.0376268759427765,19.32814949940692
koka1244,pama1250,-3.1563515449877464,3.410208025734022
koko1269,aust1307,0.0457530785301605,0.6071083473025425
kola1285,aust1307,-4.438951069527285,2.965551294125192
kolb1240,atla1278,-6.026495415837628,2.464008819097131
kolc1235,atla1278,-5.478591419447488,3.295916448660108
kolu1245,aust1307,-3.070290219124145,1.1582790928786864
komb1274,nucl1709,-7.755853765018744,16.16785379565843
komc1235,atla1278,-5.65830890220758,2.1700810753707884
komi1270,sino1245,-7.378834143634588,7.9433110813789085
komi1269,ural1272,-6.88395984287504,18.45202583982895
komi1268,ural1272,-6.91625681574247,19.71882782593103
komo1260,atla1278,-6.932015602794055,4.90909539393985
kona1242,east2433,-7.472692489734193,22.07005397007751
konk1267,indo1319,-6.769063758920895,10.130942242255514
kons1243,afro1255,-3.5347974088082506,1.818538578080592
kony1248,sino1245,-6.824415571041307,8.20556052917162
konz1239,atla1278,-6.697813826581378,4.235122443346967
koor1239,gong1255,-6.6087479219472005,11.575494499630691
kore1280,kore1284,-4.803403212537898,23.043274449808138
kore1283,tuca1253,-1.3202865862571649,1.883764041976434
kork1243,aust1305,-3.47821781248923,4.961457822413777
koro1298,atla1278,-3.4229180111144526,2.404341149883109
koro1313,sout2948,-4.080098711149615,15.656956940894004
korr1238,drav1251,-6.285818411034684,13.037990127197062
kosa1249,nucl1709,-7.724977018247189,16.09439928544161
kosr1238,aust1307,-2.9600050780707448,3.866464950623964
kota1263,drav1251,-6.078101878336039,12.63014556501146
koti1238,atla1278,-6.316231402953628,6.034327990616973
guan1269,tuca1253,-2.493523134744932,2.0013055202976773
kova1243,nucl1709,-6.919198625181517,15.240603832563195
kove1237,aust1307,-4.159666731027337,1.5328341804748504
koya1251,drav1251,-6.620172492058412,12.489872605999524
koyr1242,song1307,-3.837666324946227,8.295203061570191
koyr1240,song1307,-3.756483727211105,8.074621931835253
kren1239,nucl1710,-5.440193746185246,13.366842515481297
gbay1288,kres1240,-5.246654256358516,18.37851671917213
kryt1240,nakh1245,-5.899916569279103,10.766296912567654
puoc1238,aust1305,-4.40505863036344,2.855156353913955
kuan1248,aust1307,-2.9382477897632406,1.3495564275601026
kuan1247,atla1278,-6.418999788226497,8.908311390017076
kuii1252,drav1251,-6.726247769073829,12.47189581458808
kuik1246,cari1283,-2.7895446123683203,3.931049064927976
kuku1280,pama1250,-3.8287253751194497,3.3849246479024657
kuku1273,pama1250,-3.572025488805439,3.0677078125485764
fait1240,nucl1709,-7.194115092439981,15.30898810646039
kulu1253,sino1245,-7.29855012313123,8.850317628414459
kuma1280,nucl1709,-7.959825088271426,15.355030301326138
kumb1268,pama1250,-2.6592525288354176,3.543862025249496
kumz1235,indo1319,-6.70882643857518,9.92874849584382
kuna1268,kuna1268,-5.6076740765022,20.78939227886768
kunb1251,gunw1250,-6.373885712505935,21.040507913276286
kuni1267,kuni1270,-7.219915514028354,20.530025235543636
kunj1245,pama1250,-3.339245618372617,2.961318843830213
kuot1243,kuot1243,0.506402310746318,3.56373432149077
kusa1251,aust1307,0.711663704057309,0.5915268090525672
kusu1250,kusu1250,-5.8932340145379865,23.585160789395104
kute1248,atla1278,-4.829670402225304,2.077097758694393
kuvi1243,drav1251,-6.673734708064016,12.47817237078928
kuyy1240,aust1305,-4.433226595083868,2.5334485005229226
kwai1243,aust1307,-1.2508611328185149,0.6043435272259359
kwam1252,aust1307,-2.335844219525409,0.9701495475288198
kwar1239,aust1307,-1.1972797638170205,0.58712418699902
kwaz1243,kwaz1243,-2.881918743612936,10.333624286321069
kweg1241,surm1244,-0.1702013017516428,1.368500569257776
nucl1595,kwer1242,-7.044138133547049,21.858400274613984
kwin1241,worr1236,-6.089158907745794,22.37455141198369
kwom1262,sepi1257,-6.76658387962053,20.92916562659944
nucl1593,kwom1263,-6.606239359949889,21.986272271974883
kxoe1243,khoe1240,-5.057045170335307,17.794105570756216
kyer1238,sino1245,-8.373806903138526,9.691148958214384
cori1240,atla1278,-5.233051937328764,2.1287737256569272
laal1242,laal1242,-5.5432619424703,20.11511076513345
labu1248,aust1307,-4.707555921899792,1.7620515545138176
labu1249,aust1307,1.2225084396340868,0.9566841845970372
lach1248,taik1256,-7.0885841050267935,18.936544079120598
lafo1243,tege1244,-4.875929847139592,18.686670360990632
lagw1237,afro1255,-2.5817202660307768,0.9504072702244032
zaye1235,sino1245,-8.06381233897472,9.10283511163864
lahu1252,sino1245,-8.026137268284774,8.9958907234695
laiy1246,aust1307,-2.886954467343428,1.5988065006191192
lakk1252,nakh1245,-5.879576251753322,10.428369638402742
lala1268,aust1307,-4.396358009570095,1.982639601352318
lala1264,atla1278,-6.70479881213023,6.298387636875063
lama1277,aust1307,-3.4439676796793783,1.7294431660472185
lama1288,afro1255,-0.8423015015542776,0.5681535454661741
lamb1269,indo1319,-6.71038880446009,9.624835744634566
lamb1273,aust1307,-2.6883961890729435,2.232085579145803
lamb1272,atla1278,-6.777859232697994,5.245957834231305
lame1260,aust1307,-3.0333683054185623,0.8737081736772154
hela1238,sino1245,-8.349089198020986,9.51722202672795
lamo1244,aust1307,-4.209430877736322,1.5395179900566802
land1256,atla1278,-2.695089809299244,1.7493167274046757
lang1320,atla1278,-6.571247150847009,3.605189023585893
lang1324,nilo1247,-0.7050122758850961,1.2458544816200003
lara1258,lara1258,-7.058436761346818,23.45367116531554
lash1243,sino1245,-7.440656908974747,8.85273159793445
teke1275,atla1278,-6.525822072092847,5.236220682353334
latv1249,indo1319,-5.245987984046829,8.029266340467146
lave1248,aust1305,-4.433693022653552,2.417303915683334
lavu1241,lavu1241,-3.131183864192645,11.38221826858222
lazz1240,kart1248,-4.254196177760171,15.58379407083592
lega1250,atla1278,-6.818612826309899,5.034643293521327
lega1249,atla1278,-6.876147619678136,5.2909526461804575
lele1276,afro1255,-3.159818551652373,1.6050405775692695
lele1267,aust1307,-3.2029390376054208,0.9942595369798825
lele1270,aust1307,-4.633469025814718,2.33029810392128
lemb1266,nucl1709,-7.968006090117049,15.581390388205364
leme1238,aust1307,-3.589321635665158,1.316243390047532
lena1238,aust1307,-2.352272014848769,0.9428544719999508
lend1245,cent2225,-5.469221788575931,11.864993771063894
leng1259,aust1307,-0.2236416539367747,0.5646213188113052
lepc1244,sino1245,-7.893181766437335,8.683329193385575
leti1246,aust1307,-4.021728603209773,2.2915401935078137
lewo1242,aust1307,-2.971586535404031,0.9177479891830842
lewo1244,aust1307,-3.425510619547389,1.7629204168759145
lezg1247,nakh1245,-5.894156380954039,10.64197451796555
libi1244,atla1278,-6.9689001974898,4.510747756522619
liby1240,afro1255,-1.13968222719261,2.2033064643977696
lihi1237,aust1307,-3.7625162362358937,1.506872441175517
liji1238,atla1278,-4.385774705955631,1.9843646187430293
lika1243,atla1278,-6.973154949203616,4.39395649628166
lill1248,sali1255,1.905800201763014,2.052979734344717
limb1266,sino1245,-7.251272561057412,8.82610346669324
nucl1327,limi1242,-7.013967419257543,23.46279669584001
limo1248,aust1307,2.312287037230748,0.746407031936684
lipo1242,sino1245,-8.59230384948352,9.229267712481914
lish1245,afro1255,-1.6935599827365857,2.5388724418623525
lisu1250,sino1245,-8.25282093673521,9.07949220148184
lith1251,indo1319,-5.166944508200087,7.563751460766554
lito1235,atla1278,-7.0097432782801175,4.416513933490904
livv1243,ural1272,-5.938467537603881,13.038810004648925
loba1239,atla1278,-6.931277442899262,4.455662577500092
logo1259,cent2225,-6.410749860933384,11.895784989192665
balo1261,atla1278,-6.8915046999297065,4.679415009637822
loka1252,atla1278,-4.896914444082995,2.1708208897377546
araw1276,araw1281,-2.2256723800076164,3.251701002874213
lolo1259,sino1245,-8.572937078812135,9.27153869692286
loma1260,mand1469,-5.07669760157709,7.727696109831768
lomb1257,indo1319,-3.8691047612070224,3.774281130343468
chiq1248,chiq1253,-2.5433580683118167,8.762199358953225
acha1249,sino1245,-8.101154624086966,8.5319025945483
long1395,aust1307,-0.4190225843168154,0.6165320277045794
loni1238,aust1307,-4.625888091941747,2.3150160515121456
lonw1238,aust1307,-3.917156882766743,0.8698043689568067
lote1237,aust1307,-3.648953185266977,1.4636038001757754
loth1237,sino1245,-7.343230180831522,7.897042005619696
louu1245,aust1307,-3.8244547680760026,2.242460313821013
vano1237,aust1307,-2.8710202235169517,1.3437468342214205
lowl1260,tequ1244,2.8154688210123227,10.012403711488602
lowl1265,utoa1244,-2.5750837744481747,2.0356160061458297
lozi1239,atla1278,-6.470846619942538,7.400342267065156
luan1263,aust1307,-4.056906558128671,2.345096753385832
onto1237,aust1307,-1.8319979510666415,1.5198967510637402
lubu1243,aust1307,1.2061608806562338,0.7057935488436726
luch1239,atla1278,-6.691694499524042,7.29317383210568
ludi1246,ural1272,-6.109240592662141,13.998719047428024
lugb1240,cent2225,-6.228420003151497,11.76153895095598
lugu1238,atla1278,-5.913207093930392,4.463085825078622
lule1254,ural1272,-5.449647641412726,14.124260740361947
lumb1249,atla1278,-6.099623960989639,5.879715770834196
lumu1239,narr1279,-5.58262430124376,17.616916885117746
lund1266,atla1278,-6.779133614482262,6.781463892887743
lund1271,aust1307,-0.6632634928314811,0.8984671253093239
luok1236,nilo1247,-0.4564956907042266,1.2708976382271828
luse1252,atla1278,-6.887162174075884,4.886053861600317
lusi1240,aust1307,-4.310599305313983,1.5704942535815718
luva1239,atla1278,-6.705715317203849,7.232787485081133
luya1241,atla1278,-6.681375637897656,7.331683485953491
maan1238,aust1307,-2.598085578333896,2.2168303644026253
maas1239,atla1278,-4.122237720576038,2.2767534907180504
maba1270,atla1278,-7.079498103658274,4.648993886214697
maba1277,maba1274,-5.358175572026592,19.555962480715863
mace1250,indo1319,-4.111562505164141,4.832053652257628
maco1239,sali1297,-3.504381008550224,13.307399554507782
macu1260,tuca1253,-3.1702616723880204,2.056340064001006
mada1285,aust1307,-3.781089419679725,1.427478499550773
madi1260,cent2225,-6.039727522271178,11.596011722319076
jama1261,araw1282,-3.692781732582033,11.064169057328485
madn1237,east2374,-6.770834946104621,23.454051638329677
mafe1237,aust1307,-3.788117996443254,0.9881429442862952
maga1260,indo1319,-6.690958880369493,8.087536092058954
magd1235,otom1299,3.2396183948428168,0.8241714414244399
magu1243,aust1307,1.1847898150462202,0.8715186797996779
maia1254,nucl1709,-7.965378950728159,15.477451442287643
maia1253,nucl1709,-7.965533288021333,15.454077104004456
mail1248,mail1249,-6.144732354698089,20.58985409932509
mais1250,aust1307,-3.1163032237419848,1.5220768378060825
mait1250,indo1319,-6.551759903595498,8.218338226066848
maja1242,surm1244,0.188495877592091,1.3394265201057038
maka1304,atla1278,-6.284529558153661,3.204466673052764
makc1235,taik1256,-6.6919360898118825,19.28837251737592
makh1264,atla1278,-6.510653383431869,5.9939588421417085
makh1266,atla1278,-6.583814528976186,5.8835547172948
mako1251,atla1278,-6.686462435678235,5.589038450221764
maku1277,aust1307,-4.000748766525627,2.240860528667838
makw1236,atla1278,-6.700445915442796,5.571316559707498
mala1463,drav1251,-5.797948766250567,13.469734668464042
mala1534,aust1307,2.285919066062483,0.814211968324571
mala1464,drav1251,-5.900942221213812,13.233223194654997
mala1522,chib1249,-4.72539373608139,6.530813716615072
male1284,gong1255,-5.759713029288465,11.361581460666926
male1297,chib1249,-3.910588625896604,5.845054862799188
male1289,aust1307,-4.488365075144048,1.6443493335745245
malg1251,afro1255,-2.012491907676514,0.8127198570308565
mali1285,otom1299,1.5928037744442776,0.9447898922785782
malt1254,afro1255,-1.4121412046196848,2.92437368430862
malu1245,aust1307,-3.7181463743633048,0.9038756423126132
mamm1241,maya1287,2.4205325507853623,1.248117565723362
sauk1252,nucl1709,-7.82340260527874,15.162827243049035
mama1275,aust1307,1.860626779967998,1.264006412517162
mamb1306,aust1307,-3.827340292732569,2.203855854585271
mamb1294,atla1278,-5.892456562761689,2.2472147626828303
mamb1296,atla1278,-6.846471180633582,5.400686480791606
mamv1243,cent2225,-6.52271817781709,12.143980181350416
mana1295,aust1307,-4.872207097058848,2.4108168290947987
mana1298,nduu1242,-6.778327666698765,20.960352380708144
mana1288,sino1245,-8.47773160820695,10.196757236171848
payn1244,nucl1709,-7.949573912883217,15.42996889551253
mand1423,atla1278,-6.727811184861606,5.32042873546979
mand1440,aust1307,-3.0904250231883643,1.5598803025808363
mand1415,sino1245,-7.214384955243634,15.250360784381527
mand1436,mand1469,-3.4920571017046385,7.248437716165014
mang1378,aust1305,-4.390010486557092,2.719371404750831
rapa1245,aust1307,4.496559172940916,13.266096656635057
mang1401,aust1307,4.307776048382259,12.617575715784156
penr1237,aust1307,5.277284448822689,11.693672083235612
mang1381,mang1423,-5.6918357459153714,22.516293634435584
mang1394,cent2225,-6.731965643212067,12.561639914485085
mang1404,aust1307,-4.698369189658791,1.8012073414592464
mang1405,aust1307,-3.391395278370294,1.891261590731375
mang1403,aust1307,-3.7445258211811856,1.4688046999162907
moni1237,otom1299,1.6742035316355617,2.8115475165491404
tong1308,aust1305,-3.393082171945318,2.493822505082236
manm1238,aust1305,-4.252607447703216,2.712097922897541
mann1248,mand1469,-5.273257791317983,7.974821368754377
mans1262,aust1307,1.0990079631504832,1.1061748084087242
mans1260,hata1242,-6.391554528711355,21.68027726550541
manu1258,aust1307,-3.658671305675923,2.088165808475054
maor1246,aust1307,1.5822705485973243,4.611457723692666
mapo1242,aust1307,-4.714480370470521,1.7852877870201098
mapu1245,arau1255,-2.8107799936139077,11.43754180574804
mara1382,sino1245,-6.529043979061866,8.641981084265268
mara1399,aust1307,-3.759783285390321,0.8737010382312889
mara1379,sino1245,-7.286216934694766,7.859156742930068
mara1386,west2434,-6.911379458478067,22.502705554304043
mara1396,tama1329,-5.224761053754085,18.52191062886881
mara1378,indo1319,-6.772560514953307,9.516875847336593
marg1265,afro1255,-1.91488436534601,0.7035070090044115
mari1414,drav1251,-6.847841702469967,12.871835035457678
mari1440,coch1271,-4.636529217376375,16.463198781953665
mari1428,aust1307,-4.892391451502261,2.155861115492968
nucl1622,anim1240,-6.43719956201997,22.318730858092493
mari1416,sino1245,-6.470698840489119,7.953825724085718
mari1424,west2434,-6.889668990715421,22.52802483144028
maro1244,aust1307,0.8690247689566304,0.6270687417623151
mars1254,aust1307,-3.4175839839560345,5.629145804571266
mart1255,pama1250,-1.0269120642946254,1.5261704517255763
maru1249,sino1245,-7.678574577026616,8.938732055863085
masa1322,afro1255,-2.2366453772873736,1.176980518103406
masb1238,aust1307,3.257076727152399,1.4891118645004298
mask1242,aust1307,-3.000554415489533,0.8457535100231439
matb1237,aust1307,-3.4859524199210394,2.131354901466139
kemb1249,aust1307,-2.930961325588145,2.250636011208371
mati1250,aust1307,2.265075745228521,0.921853297415396
mato1252,aust1307,-4.7753485762556105,1.8312575677931304
mats1244,pano1259,-3.753383248784591,2.582797966117809
matu1261,aust1307,-4.884445736923678,2.154911356736648
matu1259,atla1278,-6.73603863659125,5.111579713823062
maun1240,iwai1246,-6.355798835958915,23.026738602390964
maxa1247,nucl1710,-5.574025180188525,13.346254863362873
maya1285,misu1242,-2.9825912874588414,5.939893106612075
maib1239,mayb1237,-6.356167185215773,21.549899629422757
mayo1264,utoa1244,-2.43730040670877,2.3166582206177253
mayo1261,atla1278,-6.170927287328448,4.281243422854217
maza1304,afro1255,-2.316222485380409,0.7112847400546798
mbaa1245,atla1278,-6.2520823617046535,4.791023530162136
mban1263,atla1278,-6.245882437141901,4.255122887561981
mbar1260,afro1255,-2.9025100111449,1.1267811274716166
mbay1241,cent2225,-6.220857065217347,11.900724224521156
mboc1235,atla1278,-4.814054100910889,2.34029706124376
mbol1247,atla1278,-7.026327605645255,5.122352648178207
mbug1242,atla1278,-6.41271943633317,3.49448544845022
mbul1263,aust1307,-4.5795801998544805,1.6868901962683935
meen1242,surm1244,-0.2852512753915572,1.2106773942322064
mehe1243,sepi1257,-7.5153722939254894,20.95765001467909
saki1248,tupi1275,-4.405281799232434,7.2359689626612465
meke1243,aust1307,-4.535750483161845,1.9496435158121697
mele1250,aust1307,-3.169709121713544,1.001109046080458
melo1242,gong1255,-5.834953930946142,11.336598817345587
melp1238,nucl1709,-7.968277472525615,15.473459057113343
mend1266,mand1469,-4.908002323433534,7.81059587827572
mere1242,aust1307,-2.8586974760480026,1.0616341115445636
meta1238,atla1278,-4.814231722566575,2.183160714396081
mezo1235,otom1299,2.0745019644471263,0.9153504827160646
mezq1235,otom1299,0.6731705974567697,1.1189397493163398
mich1245,utoa1244,-1.0295483710697102,1.806992702217869
midd1327,aust1307,-4.755291502102779,1.8824428806376687
mika1239,musk1252,-3.654032214006176,8.100613594568031
mikm1235,algi1248,-1.5917074335150834,4.530742686166221
mila1245,sino1245,-6.973898328582649,8.837020418654816
mina1276,afro1255,-2.2125996318832346,0.6533569194783553
mina1268,aust1307,-1.9794946917949527,2.411971631716668
mini1256,huit1251,-3.5530022180978382,9.673778437112134
mini1251,aust1307,-3.728077704753531,1.3666325663695318
minn1241,sino1245,-5.864376847799329,9.722215822414668
miri1266,jarr1235,-6.495377128602204,23.8012982900146
misi1243,aust1307,-2.1330005442564834,1.4557586343459263
misk1235,misu1242,-2.9636178922063303,6.154118904448936
mixt1426,otom1299,2.9035658067616748,1.1608831207570065
miya1266,afro1255,-1.6485425150652868,0.9650615644394804
miya1259,japo1237,-4.3060254292342695,9.744128243016291
lush1249,sino1245,-7.213862468412845,8.475513799165554
mlab1235,aust1305,-4.244232485289693,2.704953830825019
moba1244,atla1278,-4.266797221448741,2.5125464961690227
moch1257,maya1287,2.495576037362852,1.1939663414723043
moco1246,guai1249,-2.8504639541384384,8.416465455548163
mode1248,indo1319,-3.6919606123235726,5.068644046009155
hebr1245,afro1255,-0.0468708185932271,1.4155229145230663
moha1258,iroq1247,-4.233415894794032,8.070108552645749
moii1235,west1493,-6.12620846004079,21.27352931428597
moke1242,aust1307,-2.974430290033972,3.233243568808021
moki1238,aust1307,-3.8345922166657935,3.8470547595995015
mokl1243,aust1307,-2.752188764273569,2.709939815431284
mokp1239,atla1278,-5.413251828909555,2.590164236408995
moks1248,ural1272,-6.194700979239821,14.53695734950712
nucl1452,momb1255,-7.131237774521024,22.818084900986648
fass1245,baib1250,-7.353609600708255,22.33114778915322
mong1338,atla1278,-6.943856662054696,5.369448139100925
mono1273,aust1307,-0.6673305851955269,0.8675108664659064
mono1270,atla1278,-6.258026393435658,4.232656873450054
mono1275,utoa1244,-3.278846370364222,3.679205064227944
nucl1458,monu1249,-7.554183540574336,21.933677184312003
monz1249,atla1278,-6.1781394801469744,4.262700623606378
mopa1243,maya1287,1.8823922360556709,1.5505414817123864
more1259,utoa1244,-0.9099721608088482,1.0384629707840816
morm1235,aust1307,-4.388765691884548,2.672575026243365
moro1285,heib1242,-5.557909783521755,17.632923293511453
moro1287,aust1307,-1.413118705444116,1.2573308255480953
mort1237,aust1307,-3.858443027470152,3.342736920975525
mose1249,mose1249,-2.224685734802597,7.396136507126471
temb1272,atla1278,-7.056183267756946,4.629108557789053
motu1246,aust1307,-4.14884567770079,1.902436686461499
mouk1239,aust1307,-4.28579869981126,1.5573787325564297
moun1252,koia1260,-7.036786266020257,19.229188067513363
movi1243,movi1243,1.89672141476486,6.181163419067261
tang1347,aust1307,-3.6483338237773,1.006998022009256
moyo1238,sino1245,-6.549389267099404,7.954816218161056
mpad1242,afro1255,-2.46779345212863,1.0940826799719474
mpii1239,sino1245,-8.63787784377281,9.460447361279677
mpot1240,atla1278,-6.723367223853165,5.505732940199508
mpur1239,mpur1239,-6.255451957029457,21.533221111304627
mual1241,aust1307,-2.9352364949620124,2.219000922521687
mudu1242,aust1307,-4.291986516804104,1.6588552857040355
mudu1239,drav1251,-6.058345094047034,12.767397880336432
mull1237,nort1547,-6.872394023465704,23.45048843358037
nucl1240,atla1278,-5.101301675170397,2.222057498769402
munc1235,sino1245,-6.8022650412334045,9.22770109853758
mund1328,atla1278,-5.659450446663728,2.1267775104765008
mund1325,atla1278,-5.990349498144655,2.2842665747868267
mund1320,aust1305,-3.1218186555705905,2.616580397026553
mund1326,atla1278,-5.915734726557748,3.883534616052828
mund1330,tupi1275,-5.999806198991471,9.05174931549179
abar1238,atla1278,-5.648089168399041,2.1234669508913697
murl1244,surm1244,0.5082030018567991,1.2774883020432242
muru1274,huit1251,-3.4136118164896776,9.64324423337962
muru1266,pama1250,-2.5464603724303374,2.8826626498926657
musg1254,afro1255,-2.6742231993844374,0.9509212382657496
muso1238,aust1307,-4.723379402119598,1.7662525287776276
muyu1244,aust1307,-2.044670171580533,1.3181804741755343
mwag1236,afro1255,-2.1036328325082483,0.9960297292111022
mwan1250,mand1469,-5.454367751280884,7.715141771885854
mwan1247,atla1278,-6.619397588931795,5.832555832551506
mwer1248,atla1278,-6.712556936143814,5.32557583073843
motl1237,aust1307,-3.624762796383133,1.3597462496415886
nade1244,nada1235,0.1683654506143375,2.4942460772459327
sout2857,aust1307,-3.645115901677669,0.8795126122095098
naka1262,aust1307,-3.749778183063686,1.4685552395318382
nalc1240,nucl1709,-6.959060323291588,16.076075228598626
nali1244,aust1307,-3.916416461141458,1.5568741229822365
nama1268,aust1307,-3.6721808589245706,1.001788661094125
litz1237,aust1307,-3.8007940268393696,0.8595250572798392
nama1264,khoe1240,-4.661538365622761,19.64369967376585
namb1293,more1255,-6.462287589570234,20.802714459286197
namu1246,sino1245,-7.655808815998844,10.054183269336448
nana1257,tung1282,-5.769604190039086,19.893740594898915
nand1266,nilo1247,0.4635630920887497,0.948027665558044
nang1262,aust1307,-2.2127453274353828,1.2387396290726826
nara1262,nara1262,-5.470794529794025,20.62666081952753
yong1270,sino1245,-8.40246330704974,9.667453695808234
naru1238,pama1250,-2.556948264541292,4.389522901266531
nati1244,aust1307,-3.672831680004963,0.8685126348751453
natu1246,aust1307,-2.071295045650004,1.2393749488573178
naue1237,aust1307,-3.9382155837668034,2.22749998048198
naur1243,aust1307,-3.1791129913083243,3.727357135822516
nava1243,atha1245,-5.692297771985892,11.254648825535526
nawu1242,atla1278,-4.474822055736517,2.4513215960896275
naxi1245,sino1245,-8.338129163309135,9.423544177415536
ndam1239,atla1278,-6.660216348129795,4.777929165185611
nden1248,atla1278,-6.724493916724285,4.891126085649546
ndog1248,atla1278,-6.327264469055567,3.917268324017172
ndom1245,kolo1268,-7.161289831629603,22.103071395662734
ndun1249,atla1278,-7.065407883652213,4.645736970461257
nege1240,aust1307,-3.454829527255077,2.581890080334148
negi1245,tung1282,-5.944746096078433,21.285182266904517
neha1247,aust1307,-2.434105882766409,1.3066351006615662
kuma1276,aust1307,0.7559341294360831,0.9341779951374036
nenn1238,more1255,-6.48447173363992,20.773833129754863
nend1239,nucl1709,-7.976882457939242,15.41752444356868
neng1238,aust1307,0.5463145916666403,0.9935156843222188
nucl1706,afro1255,-2.761942550658569,3.1579872695522795
nepa1254,indo1319,-6.679540136516922,8.837083026264168
nese1235,aust1307,-3.7328391630061306,0.9024793940798332
vinm1237,aust1307,-3.753574500100771,0.8591969760262259
ling1265,aust1307,-3.793831590061769,0.8509674775801699
nezp1238,saha1239,-4.041254125300485,12.992992024059149
ngaa1240,pama1250,-3.13216233271742,3.500160314882365
ngab1239,chib1249,-4.50110436560076,6.049783938138873
ngal1292,gunw1250,-5.88039611539798,21.209954652843464
ngam1268,cent2225,-6.142251681945071,11.772770265556929
ngan1291,ural1272,-7.336792989322284,27.62426678466113
ngar1235,pama1250,-3.0093614900079646,3.363682270212962
ngar1284,worr1236,-6.591974336332856,22.86818538523113
ngas1240,afro1255,-1.9528866889528107,0.916066098275394
ngba1284,atla1278,-6.116574190940817,4.096135437208716
ngba1285,atla1278,-6.916818776756465,4.341326199393762
ngit1239,cent2225,-5.520059325467743,12.120430345300946
ngom1268,atla1278,-7.031374683912798,4.717735161438313
nhan1238,pama1250,-1.3064785347071577,2.2538633185663883
nhen1239,tupi1275,-5.2905025241608925,7.917095478398153
niha1238,niha1238,-5.9940959212372285,23.78730217321396
nila1242,atla1278,-6.505354337127738,3.7733381701394393
nucl1633,nimb1257,-7.188290800254392,22.39792068463025
nina1238,yano1268,-3.8954931655682334,10.23383515304377
labo1244,aust1307,-3.671320327044236,0.8735653478419039
nisg1240,tsim1258,1.8092466355580137,6.2099900329332485
niua1240,aust1307,4.5975151547657465,12.8826528314479
niue1239,aust1307,4.712518153760225,12.18338166511954
niva1238,mata1289,1.88824815145431,6.324103657500899
njan1240,atla1278,-5.934896347266863,2.384130083624086
nkon1248,atla1278,-4.527501273522251,2.474742079172046
noct1238,sino1245,-7.693760040199519,8.394825079560732
noku1237,aust1307,-3.452928123400405,1.2229869682540055
noma1260,atla1278,-5.067470655748615,2.6189809420091024
noon1242,atla1278,-2.615339109528904,2.419841423245757
noon1243,atla1278,-5.724130391944682,2.192621936138366
nopa1235,otom1299,2.863320792118452,1.029811671507872
nort2839,aust1307,-3.9397718908251376,0.8974005394503166
nort2697,turk1311,-5.801724124634948,12.52802144112161
darg1241,nakh1245,-5.8956707645492905,10.61581422506535
nort2930,kiwa1251,-6.649537759960831,21.57695367393497
nort2836,aust1307,-3.2676309005004045,0.9998933046767888
nort2724,sino1245,-7.548734149393645,9.22183324124667
nort2972,choc1280,-3.8777653660937936,7.756392743308723
nort2702,drav1251,-6.691598443190744,12.480096993607331
gumu1244,gumu1250,-5.144186789928559,18.50449632006918
nort2938,haid1248,-3.202296383290806,8.84639347642306
sing1264,sino1245,-6.962439799806393,8.478238020123172
nort2877,aust1307,2.131074384223234,0.7390263168757514
nort2684,aust1305,-4.4084663560970085,2.6423059552591326
lush1252,sali1255,1.992394951785554,2.0037386397699777
nort2774,atla1278,-6.34469392623188,4.499612195305303
nort2954,utoa1244,-3.074582234717581,3.666346417436287
nort2957,utoa1244,-0.5095356887877505,0.9214330532122972
nort2723,sino1245,-8.401673635219389,9.96926062656641
nort2747,hmon1336,-6.831814727087755,16.784721073949868
nort2722,sino1245,-8.388272029933795,11.421627433077902
nort2994,aust1307,-3.6638522093605417,3.052659257370806
nort2885,aust1307,2.757054534517031,1.1620926887823089
tosk1239,indo1319,-4.878451330397507,4.690700201318293
nort2732,sino1245,-8.152077920064091,11.395879639695693
nort2690,turk1311,-7.066445434362386,18.647833923869428
yoku1256,yoku1255,-3.607086482821512,14.439886411788194
nort2745,yuka1259,-5.716206224374114,39.48224544347229
nort3047,afro1255,-2.283855136515017,0.6789227817668433
nort3139,afro1255,0.6847289849314375,1.4320478214539634
nort2845,aust1307,4.924387253556292,12.464035364968282
nort2671,ural1272,-5.623789938733276,14.6899949853684
nort2942,atha1245,-3.9830208530902462,10.60448358430338
nort2847,aust1307,-2.436040981049601,0.9528680253059464
nort2699,drav1251,-6.864345022312953,13.14572297062557
nort2961,algi1248,-0.9006537529948897,2.6702010382278303
nort2775,atla1278,-5.71301512226913,3.2634286738502
yaki1237,saha1239,-3.860214705443458,12.864391561480415
nots1237,aust1307,-3.064317619438292,1.47779370524772
nsen1242,atla1278,-6.559128435342664,6.595559205130172
nuer1246,nilo1247,-1.324952833248167,1.7151067143735474
nukn1238,nucl1709,-7.830788867796127,15.181162484104988
nuku1260,aust1307,-3.903601715746304,3.335501014924347
nung1282,sino1245,-8.204026214347884,9.124915332440708
nupe1254,atla1278,-4.497142095952427,2.3623298802639
nusu1239,sino1245,-8.17648697149381,9.030625283307842
nyah1249,aust1305,-4.412326291303222,2.400527453858686
nyah1250,aust1305,-4.199800765522923,2.8493609863441662
nyak1260,atla1278,-6.717205377934738,5.22461433174071
nyam1285,afro1255,-1.6984096047545587,1.0138657443060597
nyan1307,atla1278,-6.541947106870984,4.185740832193801
nyat1246,atla1278,-6.569636378446278,3.837196747091781
nyis1236,sino1245,-7.467979400376009,8.196877189148282
nyor1246,atla1278,-6.406566075721189,3.849510201547986
nyun1247,pama1250,-2.740169056819317,4.39585591454032
nzad1234,atla1278,-6.869527855476751,5.927770373138458
nzak1246,atla1278,-6.531380571427123,2.9966906225606635
nzak1247,atla1278,-6.37800201178865,4.428444238414869
obok1239,lake1255,-7.127958790604786,22.283467212161057
occi1239,indo1319,-3.460142960166555,3.597828756356336
ocot1244,otom1299,2.7887871105978315,0.903022703529942
oriy1255,indo1319,-6.72470972397762,7.874053111866516
ofay1240,nucl1710,-3.796441555678341,9.06261503880279
kalm1243,mong1349,-5.092083334871992,19.56002495484076
okan1243,sali1255,0.5245201352622719,1.613092705451507
okin1246,japo1237,-4.708661613975867,10.80117609593782
okoe1238,atla1278,-4.236346243144503,2.087013274516039
oksa1245,nucl1709,-7.12061403259546,15.844021048515645
okuu1243,atla1278,-5.776001311865928,2.199514079936634
oloo1241,nucl1708,-7.429156560198823,21.300548096790862
olut1240,mixe1284,0.3945017955874887,1.626161141541829
omah1247,siou1252,-3.4743439408871035,10.993179971752213
omie1241,koia1260,-6.084617544185008,19.09841433809227
bira1253,bira1253,-4.882982807834205,18.24450291201255
onon1246,iroq1247,-4.036092411810124,7.46156092232691
orma1241,afro1255,-3.0794436921961186,2.9064245297318934
oroc1248,tung1282,-5.853699465969907,20.372301689011408
orok1265,tung1282,-5.823608869899708,21.43282951004842
orok1269,nucl1709,-7.229716414453376,15.290372290640192
orok1266,atla1278,-4.579286241917256,2.3683992735998487
orok1267,nucl1580,-7.438808807461662,21.47502237895229
orow1242,aust1307,0.4583087693657965,0.6844099245125506
otor1240,heib1242,-5.578222594335783,17.63027691349069
otta1242,algi1248,1.063305688840804,2.383588488769689
owaa1237,aust1307,-0.9766737346766834,1.1054307090004158
paaa1242,afro1255,-1.6145551054260705,1.0045362853531683
paam1238,aust1307,-3.8577728679314855,0.899497187192722
paas1238,atla1278,-4.308819121627613,2.3607784177265927
paco1243,aust1305,-4.32860771308296,2.5727065116812184
pagi1243,atla1278,-7.141638923654533,4.564092158950672
pagu1249,nort2923,-5.227993417567345,13.085589333550573
pahn1237,hmon1336,-7.284753119850004,16.409661524461157
pait1244,sino1245,-7.156468811656577,7.976529874495171
pala1344,aust1307,0.6541341630469408,1.69002577254858
pali1279,araw1281,-2.530158427017081,4.270858000226383
balu1257,aust1307,-4.685021338208906,2.232643691914731
pamb1243,atla1278,-6.342443524593369,4.293851124965229
pamo1252,aust1307,-1.0243419637982232,1.0061130522215649
pana1307,nucl1710,-5.98254601368232,9.729750826124716
enap1235,cari1283,-0.5035337869566034,2.1075150357941084
pang1290,aust1307,2.6520296574879896,1.0413691640262217
pang1291,aust1307,2.6032889171767697,1.3051903281917705
pang1287,atla1278,-5.951474233139969,5.203497383276357
pano1254,pano1259,-3.5444745193687166,2.287346162930461
pany1241,pama1250,-1.3674878928624694,1.733072180044573
papa1238,toto1251,2.8566617857987366,5.177571392298077
papa1265,aust1307,-1.6395769063046912,0.9493242850064548
para1302,sino1245,-7.589024727991768,8.138804672384481
para1316,araw1281,1.079749044892584,1.7470983276617176
pare1272,araw1281,-1.635180346561735,2.160876228840636
pate1247,aust1307,-3.938497721002949,1.807386433540032
patp1243,aust1307,-2.9558522841164794,1.3661961201896844
patt1248,sino1245,-7.917588743146457,13.440270454077066
paul1238,aust1307,-3.556144421490484,2.0616889392715336
pawa1255,pawa1255,-6.724046470071399,21.48784418716177
pawn1254,cadd1255,1.4552031768280465,5.1153031497681525
pech1241,chib1249,-3.4640794609148924,6.385216208584424
peer1241,atla1278,-6.028148294517578,2.380239193422014
pela1242,sino1245,-8.20212894826899,8.554857363378943
pemo1248,cari1283,-3.153076195239316,2.9892924726817256
pend1242,aust1307,-1.4847754185531068,1.012462865811159
peng1244,drav1251,-6.731820113968803,12.501264727021464
peri1253,mong1349,-5.919305448931597,21.74035735433698
phom1236,sino1245,-6.750155702853558,8.096363819809625
phon1246,aust1305,-4.480403423627626,2.7924942315713395
pila1245,guai1249,-3.297565991481994,8.278496803095848
pima1248,utoa1244,-2.872492068255302,2.283533178271228
pina1252,piaw1238,-6.8164825256542185,21.497639022868128
ping1243,aust1307,-3.8102671189979818,3.8330090694354624
pipi1250,utoa1244,1.284530184907132,2.0623948609376868
pite1240,ural1272,-5.403732893357759,13.863014658550284
pnar1238,aust1305,-1.376059554440468,1.876822387195276
pohn1238,aust1307,-3.823071446073751,3.843720650286557
poko1263,nilo1247,1.1340118648267097,1.0701382792711058
poli1260,indo1319,-5.528446807562274,6.239649976626623
popt1235,maya1287,1.733225196883791,1.0343314053223764
port1285,aust1307,-3.774493618858073,0.8488434701487932
port1283,indo1319,-2.463934357083095,3.43021271662974
phai1238,aust1305,-4.309667175677356,2.6755242985247065
psik1239,afro1255,-1.1297577672620809,0.5860128665223954
puin1248,puin1248,1.3756041894094744,4.80603733669453
puka1242,aust1307,4.62854873405324,11.27285057907956
pula1263,atla1278,-2.6668296355922845,2.0803761722388145
pula1262,atla1278,-2.88188384327634,2.006800405070038
pulu1242,aust1307,-3.350095604387697,2.960876717961781
puma1239,sino1245,-7.4153076514397664,8.978609837943168
pura1257,pura1257,-6.628060030743816,21.491498065142224
pure1242,tara1323,-2.450681958659802,8.421372141437956
puri1258,sino1245,-7.931407975530767,14.007567098020289
qanj1241,maya1287,2.3215991507352585,1.0886367374778845
qawa1238,kawe1237,-3.409795461005941,16.17432559091192
qima1242,afro1255,-3.6452543870547256,2.628727447913448
quer1236,otom1299,0.5505275730415655,1.1946916619112216
quey1238,sino1245,-8.296535329971483,10.394768690296786
quio1240,otom1299,2.516915340086282,0.8992891255097959
rabh1238,sino1245,-7.228886523950582,7.972670312048152
rade1240,aust1307,-3.851815633299488,2.962667301789409
raji1240,sino1245,-7.867192782648047,10.9576406699166
rama1270,chib1249,-4.001166242439475,5.734745071845239
rapa1244,aust1307,3.500517653292261,11.826635578380674
rapo1238,nort2933,-0.4185043876916565,2.015423524410579
rata1244,aust1307,-1.4989362297770086,1.597286716825721
raut1239,sino1245,-7.881727902035845,11.179332322322791
remb1250,aust1307,-3.4032152409305194,1.8135641826978317
reng1252,aust1305,-4.099758069506233,2.4907843063130883
reye1240,pano1259,-1.689563056724606,2.068690624688984
rian1263,kolo1268,-7.223017627278541,22.04197958980289
rikb1245,nucl1710,-5.1762976907991,9.453068993094249
beka1241,aust1307,-2.932849359735684,2.3895583263927165
roma1326,indo1319,-3.943990757419953,3.884400639946037
romb1245,aust1307,3.3431638367657013,1.505864566705199
ronn1241,afro1255,-2.08568539298952,0.9947903700901292
rong1266,sino1245,-6.445165201789456,7.805644743465123
rong1264,sino1245,-7.90414904939604,12.096812631499487
roto1249,nort2933,-0.4307319070103008,2.0124202242065365
rotu1241,aust1307,-1.5479730450404467,2.160826988026457
rovi1238,aust1307,0.8133177057552885,0.5840645682587393
ruch1235,aust1305,-3.820565504255173,2.644153245349329
ruka1240,aust1307,0.8543714546745957,0.7901274975815227
ruma1248,aust1305,-3.5863387586652635,2.7819907746772685
rung1258,maba1274,-5.788310843159726,19.5117840661768
russ1264,mong1349,-6.171393710182697,24.308854878532287
russ1263,indo1319,-6.405267902610399,14.058138194644314
rutu1240,nakh1245,-5.840117278703897,10.461823439041863
saaa1241,aust1307,-3.20364175146564,0.9434238027331928
saaa1240,aust1307,-1.4068064533431857,0.7534229596507487
saam1283,atla1278,-5.60494235756636,3.2836031679304085
saar1237,aust1307,-0.083583532418368,0.7296654232901432
saba1268,namb1299,-3.6648362006424025,10.59638893718693
sais1237,aust1307,0.1990957527212287,0.8869242812577625
yaku1245,turk1311,-6.92377658143722,26.425191269928437
tsis1238,atla1278,-4.55051474867771,2.5293876210976123
samb1311,atla1278,-5.877546598637677,2.2699314251320857
samb1305,atla1278,-5.862395953388766,2.263763555352781
samo1303,east2433,-7.457168382946413,22.0757348504969
samo1305,aust1307,4.675991681118212,11.672687020885562
sana1295,afro1255,-3.678020930136677,4.697867468332618
sanb1242,chib1249,-5.060260360231162,6.731432141276841
sand1273,sand1273,-5.485787680108768,20.43302423738311
sand1278,huav1256,2.697316444518481,9.4468794915648
sang1331,atla1278,-6.770685152352254,6.260033288363815
sang1321,sino1245,-6.677050798073614,7.96974659478775
sang1330,atla1278,-6.743457985973979,4.884992055605949
sani1269,sino1245,-8.820206929388062,9.469702616893883
sanm1301,otom1299,1.7386115260289603,1.02531967103306
sanm1289,quec1387,-4.2952173714505655,6.931016103952103
sanm1295,otom1299,2.5170868242482234,0.8191056711035998
sant1410,aust1305,-2.720050354620537,2.60878074158515
sant1451,otom1299,2.913010076204574,1.258055661702528
sant1436,otom1299,2.427731128004128,0.8903990581844425
sanu1240,yano1268,-4.284125620901556,10.208122029524134
sapo1253,aust1307,-1.8150286598888736,1.016918960773154
sapu1248,aust1305,-4.383612666505847,2.4157376760794875
sara1321,cent2225,-6.517300863760807,12.38098686085705
sars1236,atha1245,-5.513621103009503,10.140508463320586
sasa1249,aust1307,-3.232666527844616,2.6971196775326263
sata1237,aust1307,-3.0556140775320104,2.78322502373922
saur1249,drav1251,-6.256178438038631,13.40014325960287
savo1255,savo1255,-2.8761483756875994,10.147141371538268
saya1246,afro1255,-1.5079645183217631,0.858795307208311
seda1262,aust1305,-4.105656686072504,2.520114392529024
seim1238,aust1307,-4.534274337589196,2.8527893002684976
seke1241,aust1307,-3.225410450871132,0.9467407279179127
sekp1241,atla1278,-4.509693972454867,2.470614797030109
sela1259,aust1307,-4.22307137380492,2.9820037827690413
sela1260,aust1307,-2.851372874217801,1.551539144316635
sele1249,atla1278,-4.522999347533864,2.4685144830303614
selk1253,ural1272,-7.333443075440396,23.367372321158086
sema1265,aust1305,-3.732946761287682,2.823746835131672
seme1247,aust1305,-3.699629228962325,3.042175354576358
sene1264,iroq1247,-3.7136435197976,7.126956608058379
seng1281,aust1307,-3.989936566314479,1.5143226808326062
nucl1632,sent1261,-7.211902812998856,22.39780073593934
sout1528,indo1319,-4.377660885090009,4.855230335226437
seri1257,seri1257,-4.069275825975875,16.857800819332425
sgaw1245,sino1245,-8.119261865892906,9.62684033698261
shab1252,shab1252,-4.714841832482065,17.949298678290788
sham1280,atla1278,-6.546110365514071,4.130911943330631
shan1283,pano1259,-2.671583999629124,1.9724603176331497
shaw1249,algi1248,1.2824880906944671,2.6825164039850904
shee1238,hmon1336,-4.790067459503559,15.507661634062444
shek1245,dizo1235,-5.461344004302642,19.530941099335934
sher1257,sino1245,-7.34579349292609,8.084801339881466
biao1253,taik1256,-4.949607542742045,18.55460396127356
shil1265,nilo1247,-1.4746272975774346,1.950563062445425
ship1254,pano1259,-2.695273758031247,2.087593406541416
shix1238,sino1245,-8.344371883740658,9.732345130763376
shol1240,drav1251,-6.103714429834858,12.5920620032022
shon1251,atla1278,-6.513954265860049,6.9918259803254585
shor1247,turk1311,-7.185730350090012,22.43464652453569
shos1248,utoa1244,-3.653642814500415,4.020389353368515
shua1257,jiva1245,-4.080751030783263,8.248162101342373
shwe1236,aust1305,-3.690210053089359,2.8099327953232347
siam1242,siam1242,-3.4894752665219557,13.53247786488177
siaw1243,amto1249,-6.652733411873681,22.01741079502493
sich1238,sino1245,-8.458277661490479,9.991884864325556
sici1248,indo1319,-3.84453882474016,4.269535455509157
sici1249,atla1278,-4.050687160096853,2.359597155584112
sida1246,afro1255,-3.12213139809225,1.915970237779263
siee1239,aust1307,-2.6952506790377573,1.0266315189280988
sier1250,otom1299,2.5752112673821577,0.884322273455922
sier1248,utoa1244,0.8888121195730716,1.0826158626519344
sika1261,aust1307,-2.08904988389678,1.3091035194685503
siks1238,algi1248,-2.169940607287346,3.954008298166244
simb1256,aust1307,0.3466906923183064,0.7336999906925854
sina1266,aust1307,-4.042434574488016,1.8009155180072725
sini1242,mand1469,-4.733120251367808,7.916374531838841
sioo1240,aust1307,-4.694457289545927,1.7516549654445583
sion1247,tuca1253,-0.870092569982718,1.885572272357308
siri1274,tuca1253,-3.241538281097774,1.964015684309686
sile1255,nucl1709,-7.975283216116943,15.38144278348794
situ1238,sino1245,-8.37411464861075,11.104568815845797
siwi1239,afro1255,-0.5085428888989636,1.9198799504336108
siwu1238,atla1278,-4.51725320976916,2.464584749691213
siyi1240,sino1245,-7.193859632079979,8.04773155563278
skol1241,ural1272,-6.105201128976381,15.539320921388708
slov1268,indo1319,-4.34618821493058,4.626742061885182
sooo1254,aust1305,-4.505621150531644,2.5797687813432333
sobe1238,aust1307,-4.303478519868745,2.9404449982826577
soch1239,otom1299,2.399139897144435,0.9434576564000424
soga1242,atla1278,-5.854884219624209,3.435739535220278
soma1255,afro1255,-3.78814093711701,4.357276889905634
soni1259,mand1469,-4.0130448045317095,7.383461208147509
sons1242,aust1307,-1.1622522009985348,1.797728485312902
sooo1256,kuli1252,1.7996833999716788,3.427063627709288
sora1254,aust1305,-3.175169912443257,2.536991582017748
mani1235,east1459,-6.544797254663057,21.72506393179316
koon1244,atla1278,-6.476749377959814,6.480900676856649
sout2859,aust1307,-3.914161291533162,0.902837585580656
sout2976,utoa1244,-0.8265767759138587,1.2841814981674275
sout2856,aust1307,-3.186976308166714,1.0090377431464643
sout2954,japo1237,-4.826706936852654,11.236847204476902
sout2996,ayma1253,-3.1007204959358456,6.692488944444747
sout2730,sino1245,-7.6902068579952445,9.092145850392768
raro1241,aust1307,4.783231492703434,12.241810579175464
sout2826,krua1234,-3.23301841276665,12.941929101329904
sout3236,gumu1250,-5.856001891543295,18.365652716453567
sout2956,haid1248,-3.1743627728655497,8.803634836804449
kach1280,sino1245,-8.028637841333273,8.54106564702289
sout2994,namb1299,-3.620116168376645,10.608889555615846
sout2649,indo1319,-6.662953883155227,11.480775958491392
sout2729,sino1245,-8.383624570482345,9.62520218776872
sout2728,sino1245,-7.609180296435145,11.19910030932705
sout2918,aust1307,1.2965443641883514,1.1499881586510128
sout2985,miwo1274,-3.753114590240167,11.466882520844308
sout2807,atla1278,-5.0315827078518005,9.710614616473563
khan1277,sino1245,-6.541572373598333,7.883107438011635
sout2797,atla1278,-4.192216494872556,2.258153303370364
sout2679,ural1272,-5.702855516184364,12.432663146814534
sout2782,atla1278,-5.83307987613151,2.2404191316840496
sout2895,aust1307,-3.6326869087303857,2.065021621399296
sout2674,ural1272,-4.9984694907565625,13.715256393155729
sout2959,atha1245,-4.695320154458237,11.10953034588752
para1301,aust1305,-4.009900150240011,2.7899449736156043
sout3261,nakh1245,-5.885581715035634,10.561604850659007
sout2869,aust1307,-2.3237244262485603,0.9522331747885175
stan1318,afro1255,-0.5322823977843907,1.9589263380912167
indo1316,aust1307,-2.9858459909826287,3.667905587737408
stan1306,aust1307,-3.298909024481468,2.5026072232616627
horp1239,sino1245,-8.362125611544844,10.79696394319484
suba1238,atla1278,-5.9467011563164345,3.2424106137121385
sude1239,aust1307,-1.7772239760155737,1.655796480899454
sumi1235,sino1245,-6.641174943126298,7.949788469856401
mari1426,aust1307,-3.915043701917496,1.1666691333820154
sunw1242,sino1245,-7.497173817915382,9.234892365947346
supy1237,atla1278,-3.9105718647966974,2.5029015505084544
surg1248,ural1272,-7.273914995795289,22.720007025777903
surs1246,aust1307,-2.827573265342492,1.3578219036887873
suru1262,tupi1275,-4.925718541758755,7.720981344453818
swah1253,atla1278,-6.712781436580197,4.847420088618293
swed1254,indo1319,-4.93553151435351,7.906410538569062
taba1263,nort2923,-5.069184892012571,13.100982782767034
tabo1241,tabo1241,-6.555298056666462,21.888037904401884
tafi1243,atla1278,-4.532337194087818,2.5540181236434734
taga1272,aust1307,1.39401894047821,0.8713651066135952
tagi1241,sino1245,-6.840032203690903,8.494433102501233
tago1246,rash1249,-5.452747489977909,18.663745862315352
tagw1240,atla1278,-4.389087190063666,2.6684784946290705
taha1241,afro1255,0.8184696287464437,2.0502956607177367
tahi1242,aust1307,4.591675995398575,11.667472763811546
taia1239,taia1239,-6.76710312120904,21.73232729495355
taji1246,aust1307,-1.512752488016366,0.9980928329805748
taku1257,aust1307,-2.3419517380614243,1.4817047395173404
tali1259,aust1307,-0.2509726707179878,0.6248906498564963
tama1331,tama1329,-5.181752120485077,18.57806569020086
malo1243,aust1307,-3.74185479535192,0.949080836572776
tama1365,afro1255,0.1134030876347598,1.764042275964357
tami1290,aust1307,-4.535362225860832,1.6799496359743102
tami1289,drav1251,-5.81940775847203,12.919765222949408
tane1237,aust1307,-2.949127834203681,1.3682163091642678
tang1377,sino1245,-7.799695775460981,8.97961273457959
tang1373,sino1245,-7.58608424074149,12.771476058896257
tani1257,tuca1253,-2.259142071286828,2.143318629636269
lowe1412,aust1307,2.315280046649236,0.6947069612705548
tara1313,sino1245,-7.283510552099633,7.944507477189973
tari1256,araw1281,-1.9714333441480545,1.9812901814988064
tari1263,afro1255,0.4902809753468915,1.8346049137140452
tata1258,otom1299,2.735620078104957,0.9673251647770228
tata1257,aust1307,0.4652700987869647,0.8186635622562903
tata1255,turk1311,-6.537758244428336,17.79717577855567
taul1251,taul1250,-6.384371699556117,20.61258345871957
taus1253,taus1253,1.4943007165698448,5.083684251537108
taus1251,aust1307,1.3818825889469206,1.09096614896265
tawa1286,afro1255,-1.140583515032942,1.8344695433458893
diga1241,sino1245,-7.978259409271848,9.10658457788776
taya1257,afro1255,0.6816417814909888,1.750499086524684
tbol1240,aust1307,1.276530394663392,0.979936890584156
tean1237,aust1307,-2.9154774642503885,1.3504249517860103
teda1241,saha1256,-4.503757933129913,13.053260846359391
tedi1235,sino1245,-7.180143227293844,8.10610931572721
tega1236,rash1249,-5.4816354824261335,18.63804119887841
tekt1235,maya1287,2.5016796791979723,1.158222143375852
telu1262,drav1251,-6.5312845421111465,12.658860254225672
temi1246,aust1305,-3.5537690712835257,2.490183326594533
temp1235,aust1307,1.8185614807244237,0.9035114137502376
tene1248,dogo1299,-3.8627693066532665,7.817959273132473
tenn1246,surm1244,0.6351517550089838,1.656506947283262
teop1238,aust1307,-2.547767340685846,1.0049957879685252
tera1251,afro1255,-2.191210696723596,0.9529476303580822
tere1279,araw1281,0.7893566057114474,2.215845726971679
teri1250,chib1249,-4.387761681588714,5.942826942804089
term1237,aust1307,-3.719318996512503,2.4209939472758606
tern1247,nort2923,-5.281881130193541,13.140036185281248
tete1251,utoa1244,-0.9595511434228056,1.0152579332231682
teun1241,aust1307,-4.069753239554394,2.468957903155953
tezo1238,otom1299,2.133764488125694,0.8445442568869481
thad1238,sino1245,-7.17945254724404,7.967541329398642
thak1245,sino1245,-7.74475226558641,10.33558133547956
than1259,sino1245,-7.587978062150134,9.770981916849706
thao1240,aust1307,0.3086225775761719,0.7314735839733828
aheu1239,aust1305,-4.500560710037661,2.6597650600856184
thul1246,sino1245,-7.318472330788831,8.9485840507582
tibe1274,atla1278,-5.118393192083607,2.513773071362479
tibe1272,sino1245,-7.740426015003413,8.860279984776312
tief1242,atla1278,-4.197282137687944,2.255848318240908
tief1244,atla1278,-4.17654335452446,2.2490295196744228
tien1242,atla1278,-6.668905778256919,5.633913186910618
tiga1245,aust1307,-4.029309173840687,1.7127586562790498
tigo1236,atla1278,-4.980398452743438,2.1662320972870504
tika1246,atla1278,-5.976285762784295,2.484155794969112
tiko1237,aust1307,-3.3381817815844155,1.7514006544262202
tilu1238,sino1245,-8.260148108086677,9.100138607198405
timn1235,atla1278,-3.5032813342490154,2.4078072928035823
timu1262,aust1307,0.469359795540953,0.7871237517243515
tina1248,aust1307,2.680952410364513,1.1999653720689167
tira1254,heib1242,-5.609223545522953,17.614226577713836
maee1241,aust1307,-3.75854884304708,0.8852731556125093
tiri1258,aust1307,1.034358660087343,0.7134544416201436
tita1241,aust1307,-4.601540737212966,2.3484157652159183
tivv1240,atla1278,-4.572935896872789,2.0461814811820176
toab1237,aust1307,-0.402811145326202,0.644175180902451
toar1246,nucl1580,-7.292864803286809,21.282304784002065
toba1268,leng1261,1.8814491390869352,6.227927800004167
tobe1252,nort2923,-5.343580007652783,13.136111910689436
toda1252,drav1251,-6.065096292586265,12.63475221599876
toho1245,utoa1244,-3.499257975687183,3.2897455065733823
tojo1241,maya1287,2.335278244271683,1.1967008575042255
toke1240,aust1307,5.308245923878115,12.325451272270255
toll1241,jica1245,-2.0596705035038827,6.8524032801222745
toma1245,mand1469,-5.096227663995858,7.6688199502707874
tomm1242,dogo1299,-3.7879753634673374,7.805192515641991
tond1249,song1307,-3.832447955173471,7.71400372875334
tong1325,aust1307,5.37554544950202,14.372905516775802
tong1318,atla1278,-6.579318725791593,7.197763824492313
toor1238,atla1278,-6.532333269988449,4.045354595070563
tora1259,aust1307,-2.1627454700984563,0.948351685762475
tote1238,atla1278,-6.618538543506162,7.344865131701241
toto1302,sino1245,-7.001026849836388,8.53316348227375
touo1238,touo1238,-2.50660262215648,8.50635022619943
trin1274,araw1281,0.4484336176565402,1.5922681520468274
trio1238,cari1283,-3.3906296676486867,3.667384598369367
trum1247,trum1247,-4.345894975429241,17.26756501023381
colo1256,barb1265,-3.4166542489367653,8.143334018964168
tsam1247,afro1255,-3.401703614530531,1.772570295409622
tsat1238,aust1307,-3.643296170107112,3.837978889461894
dido1241,nakh1245,-5.699056062302249,10.315796073438465
tsha1245,sino1245,-6.661614144388004,8.273015198033889
tsix1234,khoe1240,-4.964222030108438,17.704147753104962
tsog1243,atla1278,-6.039166083899096,5.160750917479163
tson1249,atla1278,-6.024684559495347,7.971694746743225
tswa1255,atla1278,-6.032913032060336,7.788353922490373
tswa1253,atla1278,-6.266811141152608,8.695438972544494
tuba1278,utoa1244,-3.502727731657938,3.766485333152573
tuca1252,tuca1253,-3.329843153576572,1.945409160059256
tuge1241,nilo1247,1.1724390873806263,1.0350855742488818
tugu1245,aust1307,-3.8283807792273183,2.1051314686272065
tuka1248,aust1307,-2.4037483568146154,1.5499019983742244
tuki1240,atla1278,-5.21959152034386,2.723836494040981
tula1252,atla1278,-5.708646394517933,2.237607296162608
tulu1258,drav1251,-6.274953778878203,13.01382710861668
nene1249,ural1272,-7.208728807919787,23.64343752248972
tune1261,atla1278,-5.781480473941306,2.537010866836553
tung1290,aust1307,-4.208253518737578,1.911111835946187
tunn1238,afro1255,-3.573621031221196,3.938819168819677
turk1308,nilo1247,-0.2989984069401128,1.3340865608026178
turk1303,turk1311,-5.727464166017171,13.089544329125502
nucl1301,turk1311,-3.5064179400197104,10.478606573183
turk1304,turk1311,-6.643132169652352,16.36046585268818
tusc1257,iroq1247,-3.5508910656202595,7.1476393684639845
tutu1241,aust1307,-3.797471930387534,0.953881098278174
tuva1244,aust1307,0.3589646005613063,2.296325426602096
tuvi1240,turk1311,-7.14171981625301,22.322747010531582
tuwa1243,aust1307,2.577782263024392,0.7317368738350609
tuwu1238,atla1278,-4.465420424216369,2.462041084011446
uuuu1243,aust1305,-4.298630673400352,2.911330719533936
ubir1237,aust1307,-3.5723732761600377,1.3984031676989304
udii1243,nakh1245,-5.837494669712115,10.635787469812383
udih1248,tung1282,-5.680188876396015,19.71996930319777
uduk1239,koma1264,-5.630019558036672,18.73985642657001
ughe1237,aust1307,0.8551325986285017,0.6370304634623523
ugon1239,sino1245,-8.246615635480273,9.82512570592047
ukaa1243,atla1278,-4.226880451905389,2.0968205256377246
ukra1253,indo1319,-4.88518016209083,7.592478870584728
ulch1241,tung1282,-5.911583863576164,21.071782373689015
ulit1238,aust1307,-0.9381171687032284,1.6561453433690474
ulwa1239,misu1242,-3.189254005069972,6.290074063221312
yaul1241,kera1258,-6.746854949537166,21.541319321828095
umaa1242,aust1307,-0.392615116848519,0.9840830983829818
umbu1257,atla1278,-6.405075363403565,8.315719423352007
umbu1258,nucl1709,-7.951465048814015,15.547805201352787
umes1235,ural1272,-5.459747487034923,13.35853227560085
unua1237,aust1307,-3.8108808252677857,0.842404514978881
uppe1275,toto1251,2.704137216954584,5.162958573378901
urak1238,aust1307,-3.0207360284334968,2.631639863339444
urar1246,urar1246,-3.371412168661912,12.63109534456295
urav1235,aust1307,-2.752416769288048,1.0408577017079068
urim1252,nucl1708,-7.564403762298586,21.243933830968857
urip1239,aust1307,-3.0089063928958475,0.8710173854664305
urni1239,giim1238,-6.020307790794005,22.798625447142516
utes1238,utoa1244,-4.739443396298925,4.502117734005694
kagf1238,atla1278,-4.630959531631907,2.723736964848456
pile1238,aust1307,-1.6337117421275589,1.3014783797845553
veps1250,ural1272,-6.107330342086106,13.963177253232232
vera1241,aust1307,-3.628854238464315,1.287270215597374
viem1243,atla1278,-4.198450435219376,2.267006306823774
viet1252,aust1305,-4.350923836303517,3.131455837926225
voti1245,ural1272,-5.830867795479751,12.629423322071403
vunj1238,atla1278,-6.373771123224861,3.729411263725965
vure1239,aust1307,-2.865062444004183,1.2797169779471744
vwan1235,atla1278,-6.746686131077377,5.017803242720021
wadj1254,wadj1254,-6.215938902125807,22.887275756467844
waga1260,pama1250,-0.0692674825084798,1.4883804964245826
wage1238,wage1238,-6.734678375553159,23.44411056084968
waig1244,aust1307,-3.10591854886028,2.2136526690254072
waim1251,aust1307,-4.469910563971987,2.006902284013151
waim1252,aust1307,-3.904716550017005,2.1395546833016112
waim1253,cari1283,-2.87051828771053,3.403270974088315
waiw1244,cari1283,-3.079887363987168,3.194071088528858
waja1259,atla1278,-5.672840412027334,2.2331057139160606
waja1257,pama1250,-2.370444457110992,2.5927589184849325
waka1274,pama1250,-2.0435791960352634,2.987303172687689
wala1266,aust1307,-1.1048991546261844,0.5690977869195848
wamb1257,sino1245,-7.467461718109774,9.08199469768941
wann1242,mand1469,-5.462715798068645,7.716679424815666
wand1278,afro1255,-1.109844027570833,0.6361373591442998
wand1267,aust1307,-3.282095441699879,2.4401231031845327
saka1289,aust1307,-3.697189278253744,1.0911421941343775
waor1240,waor1240,-2.9411204170261835,10.538815833697155
wara1303,wara1303,-4.043586788693435,16.69285062954478
wara1300,aust1307,2.0878679117529444,1.514964058076032
ward1246,yang1287,-5.616230593036661,22.43943884220974
ware1255,araw1281,-1.41311137671692,1.7911410059170407
ware1253,aust1307,-4.185527583993238,2.814479218045264
wari1268,chap1271,1.6981920138573057,5.631980864083175
warj1242,aust1305,-2.5009424055681237,2.016761719896365
waro1242,aust1307,-3.450926553200262,2.675289510635196
waru1265,pama1250,-1.4396329741456042,1.805570431890942
wash1253,wash1253,-3.5637019382409987,13.988417472697265
wawa1246,atla1278,-5.970424871955078,2.4116933435839485
waya1269,cari1283,-4.213475766399144,4.045527058884275
wayu1241,sino1245,-7.514320553661179,9.211615918569407
wayu1243,araw1281,1.1618703885797443,1.828720442168347
weda1241,aust1307,-3.2184558634464384,1.3171129355984306
wels1247,indo1319,-0.1832526303336172,1.7087679614500644
nort2864,aust1307,-3.4836882096640327,2.055824614443168
weri1253,kuni1270,-7.278034982334441,20.501305297352346
west2564,aust1307,-1.400738147504411,1.0169289325886552
west2560,aust1307,0.9346968886512812,0.8294967155721196
west2548,aust1307,-4.053792375141915,2.3834966135599984
west2615,atha1245,-5.571011752494277,11.285742481277808
west2441,pama1250,-2.6966931014252022,2.3432618736651705
west2397,aust1305,-4.509255538430589,2.5669953164600656
west2555,aust1307,2.237646978309875,0.9252448687546462
west2618,eski1264,-5.250881227556583,21.031877326773422
west2650,aust1307,-4.172078255834506,3.5365923502229606
west2594,nucl1709,-6.783048144803329,16.134085714168236
west2369,indo1319,-6.55742649006995,8.558680940598066
west2519,aust1307,-0.4716030214018802,1.5847012756250365
west2354,indo1319,-3.3974741083557283,3.749808220482464
west2644,otom1299,2.806220460423301,0.9607608866912898
west2624,utoa1244,-1.300993804137602,1.1615126197428651
west2466,atla1278,-4.193851963567614,2.2848852650177065
west2632,kere1287,-3.7767356805912,15.336210134965413
west2396,aust1305,-4.034283283626436,2.683144554296291
west2418,sino1245,-7.761800888533273,10.241225189298431
west2392,ural1272,-6.498091648906501,15.54491560842834
west2763,afro1255,0.611531509792794,1.3980363432884388
west2386,indo1319,-6.975988384068501,10.821043692465864
west2557,aust1307,2.8350967899742803,1.2873311330116337
west2415,sino1245,-7.62078842926975,9.705869506885122
sanj1284,otom1299,2.731362102120416,0.8998559893364444
west2600,nort2923,-5.48200135132275,13.18873431094741
saka1291,aust1307,-1.169182781584332,2.5141721077655603
west2516,aust1307,0.182840462594604,0.7254414214423832
whit1269,aust1307,-2.391363117080205,0.9503685249391652
wikm1247,pama1250,-3.8908963277393074,3.4016268345057057
wiru1244,wiru1244,-6.761696064801155,21.689478794785444
babi1235,atha1245,-3.163671064174883,7.847388044631216
woii1237,aust1307,-3.966193262929024,2.596306660030564
wola1253,afro1255,-3.185614405138512,2.033126050093145
wola1242,gong1255,-5.930032780136012,11.480058673523374
wole1240,aust1307,-2.5280734928917354,2.543787966674984
woli1241,aust1307,-1.98370122613185,1.378789835487396
nucl1347,atla1278,-2.5466746331452885,2.231232390237452
wotu1240,aust1307,-0.8980379775829559,1.0394886836854198
woun1238,choc1280,-3.659507252517429,8.0172417072246
wuch1236,sino1245,-6.296773385929162,11.381626086962283
wudi1238,sino1245,-8.635050236922709,9.469840107068704
wusa1235,sino1245,-8.610020142861034,9.50231860163028
wutu1241,sino1245,-7.580833389665695,12.40739259711107
wuvu1239,aust1307,-3.833500224444911,2.88256617324771
xamt1239,afro1255,-3.0269189390267357,2.5843339459939187
xara1244,aust1307,0.7997641880875936,0.6896962868755452
xava1240,nucl1710,-5.460882906823748,9.35501173895149
xhos1239,atla1278,-5.009637484552744,10.621874352073334
xish1235,sino1245,-8.565093373006443,9.080350343859491
xokl1240,nucl1710,-4.430754005385561,11.706976845632624
yaak1241,afro1255,-2.290136234250701,1.963848398040966
yaey1239,japo1237,-4.303587538744804,9.465786991291978
yagu1244,peba1241,1.227292352052329,4.504275907343029
yaka1272,atla1278,-6.840065081593229,4.054235093304285
yaka1277,aust1307,1.8887738114498875,1.1894271506945984
yaka1269,atla1278,-5.835175051786278,6.470736926547929
yakk1236,sino1245,-7.277087254903765,8.84769096155972
yako1252,atla1278,-6.357807073557241,4.454729568764492
yale1246,yale1246,-6.670043775691285,22.01211161484042
yama1264,yama1264,-3.173599184310787,15.011424812831294
yami1254,aust1307,0.0813751550804093,0.930827754683122
yami1256,pano1259,-3.16568876245146,2.10754992896382
yane1238,araw1281,0.847705620640252,1.69198606345077
yank1247,pama1250,-2.9011784570709445,2.756025315032588
yano1262,yano1268,-4.099149865619557,10.264864674070026
yano1261,yano1268,-4.762428763327303,10.367716022185462
yaoo1241,atla1278,-6.610906517185679,5.997982351554143
yaou1238,mand1469,-5.5684820416956615,7.983152314080016
yape1248,aust1307,0.5077133358676993,1.5835890581295755
yaqu1251,utoa1244,-3.254869975820231,2.8771731634216167
yare1248,yare1250,-5.805055319832515,20.234320701493715
yasa1242,atla1278,-5.079445183718811,3.593061569498701
yatz1235,otom1299,2.6244422458030217,0.9633429086789675
yaum1237,nucl1709,-7.844557529887063,15.175869425467212
nucl1454,yawa1259,-6.809898827905072,22.000382645718503
yawa1261,araw1281,-1.8498607611966444,2.603603274014233
yawa1260,pano1259,-3.3673133532354784,2.124794591080544
yawu1244,nyul1248,-5.490143231889036,22.48188996491916
yecu1235,toto1251,3.0625021986364414,5.317102141570842
maqu1238,cari1283,-2.620448263209467,2.520754350947726
yele1255,yele1255,-4.3159949802172335,17.03475324277821
yems1235,gong1255,-6.0416638744189015,11.606550611192604
yapu1240,nucl1708,-7.488827032983487,21.264143940171977
yidi1250,pama1250,-3.37126390873098,3.070387521348678
yinc1238,aust1305,-3.784766274789435,2.7026868489297016
yind1247,pama1250,-0.526551682440672,1.3785476923770543
yoga1237,aust1307,2.759156990814124,0.8325740632931371
yona1241,japo1237,-4.389293982468852,9.42708217194209
yong1280,nucl1709,-7.838768779629869,16.09051699086953
yora1241,pano1259,-2.787830978711286,2.256456437021185
youl1235,sino1245,-8.74609946364518,8.927691893716883
youn1235,hmon1336,-5.776762240749783,16.209769609903603
yuca1254,maya1287,1.7025615431648196,2.112075581754695
yuch1247,yuch1247,-2.40043534328931,8.491070300602786
yuec1235,sino1245,-6.715664544909277,10.396836328012128
yukp1241,cari1283,-1.265468563091166,2.593752316523336
yulp1239,pama1250,-2.546066819872317,2.708479901079357
yulu1243,cent2225,-6.759880364441278,12.644368741332826
yuqu1240,tupi1275,-3.94592825310202,7.203720227320787
yura1255,yura1255,-2.4374271262740685,8.256100688956906
gami1243,pama1250,-2.435345960457297,3.0383833827556685
zaba1237,aust1307,0.8715036357599808,0.7157019442830546
zaca1242,otom1299,2.8250282975965773,1.0409602943802696
zaca1241,utoa1244,-1.2311746830349608,0.9418152881975032
zaiw1241,sino1245,-8.283541553173508,8.629221191923634
zakh1243,sino1245,-7.206923221033724,9.01314437747773
zamb1245,atla1278,-6.911712712369905,4.619588696948895
zand1248,atla1278,-6.375912132074312,4.169639700015551
zani1235,otom1299,2.7415094311164188,0.8644274334871085
zapa1253,zapa1251,-3.2675171642795906,9.222033494645018
zarm1239,song1307,-4.772072275508879,8.998255917811264
zays1235,gong1255,-5.7850639007577485,11.413388777663044
zeme1240,sino1245,-7.171605372459663,7.790910714398521
zenz1235,otom1299,2.7304979146026582,0.8910730315568856
zhab1238,sino1245,-7.571979526331772,10.56574480979232
zigu1244,atla1278,-6.600647347210812,4.334908020444843
zinz1238,atla1278,-6.445832056852053,4.033914109337317
zoog1238,otom1299,2.624450984045437,0.935551085413195
zulg1242,afro1255,-1.3063846279296238,0.6076300110105564
zuni1245,zuni1245,-4.499982222935923,18.336455225723867
